$ Generated by Mecway 33
$-----------------------EXECUTIVE CONTROL SECTION-----------------------
SOL 101
CEND
$-------------------------CASE CONTROL SECTION--------------------------
DISPLACEMENT = ALL
SPCFORCES = ALL
MPCFORCES = ALL
STRESS(CORNER) = ALL
STRAIN(CORNER,FIBER) = ALL
FORCE(CORNER) = ALL
SPC = 1
TEMPERATURE = 4
BEGIN BULK
$---------------------------BULK DATA SECTION---------------------------
GRID*                  1               0 2.81907786236+0           5.0+0*
*        1.02606042998+0               0
GRID*                  2               0 2.59807621135+0           4.5+0*
*                  1.5+0               0
GRID*                  3               0-1.02606042998+0           4.5+0*
*        2.81907786236+0               0
GRID           4       0   3.0+0   3.0+0   0.0+0       0
GRID*                  5               0          -1.5+0           1.0+0*
*        2.59807621135+0               0
GRID*                  6               0-1.72072930905+0          4.25+0*
*        2.45745613287+0               0
GRID*                  7               0-2.12132034356+0          4.25+0*
*        2.12132034356+0               0
GRID*                  8               0-2.12132034356+0          3.75+0*
*        2.12132034356+0               0
GRID*                  9               0-1.92836282906+0           4.0+0*
*        2.29813332936+0               0
GRID*                 10               0-2.71892336111+0          6.25+0*
*        1.26785478522+0               0
GRID*                 11               0-5.20944533001-1           2.0+0*
*        2.95442325904+0               0
GRID*                 12               0-2.71892336111+0          6.75+0*
*        1.26785478522+0               0
GRID*                 13               0-5.20944533001-1           4.0+0*
*        2.95442325904+0               0
GRID*                 14               0-2.89777747887+0          6.75+0*
*        7.76457135308-1               0
GRID*                 15               0 5.20944533001-1           1.0+0*
*        2.95442325904+0               0
GRID*                 16               0 5.20944533001-1           3.0+0*
*        2.95442325904+0               0
GRID          17       0  -3.0+0   2.0+0   0.0+0       0
GRID*                 18               0-2.81907786236+0           1.0+0*
*        1.02606042998+0               0
GRID*                 19               0-2.81907786236+0           3.0+0*
*        1.02606042998+0               0
GRID*                 20               0-2.89777747887+0          6.25+0*
*        7.76457135308-1               0
GRID*                 21               0-2.29813332936+0           2.0+0*
*        1.92836282906+0               0
GRID*                 22               0-2.29813332936+0           4.0+0*
*        1.92836282906+0               0
GRID*                 23               0-2.81907786236+0           7.0+0*
*        1.02606042998+0               0
GRID*                 24               0-2.81907786236+0           6.5+0*
*        1.02606042998+0               0
GRID*                 25               0-2.98858409428+0          3.75+0*
*        2.61467228243-1               0
GRID*                 26               0-2.89777747887+0          3.75+0*
*        7.76457135308-1               0
GRID*                 27               0-2.29813332936+0           6.0+0*
*        1.92836282906+0               0
GRID*                 28               0-2.89777747887+0          4.25+0*
*        7.76457135308-1               0
GRID*                 29               0-2.98858409428+0          4.25+0*
*        2.61467228243-1               0
GRID*                 30               0-1.92836282906+0           4.5+0*
*        2.29813332936+0               0
GRID*                 31               0          -1.5+0           4.0+0*
*        2.59807621135+0               0
GRID*                 32               0 2.95442325904+0           2.5+0*
*        5.20944533001-1               0
GRID*                 33               0-2.81907786236+0           1.5+1*
*        1.02606042998+0               0
GRID*                 34               0 2.29813332936+0           1.7+1*
*        1.92836282906+0               0
GRID*                 35               0 2.95442325904+0           3.5+0*
*        5.20944533001-1               0
GRID*                 36               0 2.59807621135+0           3.5+0*
*                  1.5+0               0
GRID*                 37               0 2.59807621135+0           2.5+0*
*                  1.5+0               0
GRID*                 38               0 2.81907786236+0           3.0+0*
*        1.02606042998+0               0
GRID*                 39               0           1.5+0           2.0+0*
*        2.59807621135+0               0
GRID*                 40               0 5.20944533001-1           5.0+0*
*        2.95442325904+0               0
GRID*                 41               0-5.20944533001-1           6.0+0*
*        2.95442325904+0               0
GRID*                 42               0 2.59807621135+0           1.5+0*
*                  1.5+0               0
GRID*                 43               0 1.92836282906+0           2.5+0*
*        2.29813332936+0               0
GRID*                 44               0           1.5+0           4.0+0*
*        2.59807621135+0               0
GRID*                 45               0 5.20944533001-1           7.0+0*
*        2.95442325904+0               0
GRID*                 46               0           1.5+0           6.0+0*
*        2.59807621135+0               0
GRID*                 47               0 1.92836282906+0           1.5+0*
*        2.29813332936+0               0
GRID*                 48               0 2.29813332936+0           3.0+0*
*        1.92836282906+0               0
GRID*                 49               0 2.29813332936+0           1.0+0*
*        1.92836282906+0               0
GRID*                 50               0 2.29813332936+0           5.0+0*
*        1.92836282906+0               0
GRID*                 51               0-2.81907786236+0           5.0+0*
*        1.02606042998+0               0
GRID*                 52               0 2.29813332936+0           7.0+0*
*        1.92836282906+0               0
GRID*                 53               0 2.29813332936+0           2.0+0*
*        1.92836282906+0               0
GRID*                 54               0 2.81907786236+0           4.0+0*
*        1.02606042998+0               0
GRID*                 55               0-1.0146150039-15           4.5+0*
*                  3.0+0               0
GRID*                 56               0 2.81907786236+0           6.0+0*
*        1.02606042998+0               0
GRID*                 57               0          -1.5+0           3.0+0*
*        2.59807621135+0               0
GRID          58       0  -3.0+0   6.0+0   0.0+0       0
GRID*                 59               0          -1.5+0           5.0+0*
*        2.59807621135+0               0
GRID          60       0   3.0+0   5.0+0   0.0+0       0
GRID*                 61               0          -1.5+0           7.0+0*
*        2.59807621135+0               0
GRID*                 62               0-2.95442325904+0           4.0+0*
*        5.20944533001-1               0
GRID*                 63               0-1.0146150039-15           5.5+0*
*                  3.0+0               0
GRID*                 64               0-1.02606042998+0           5.5+0*
*        2.81907786236+0               0
GRID*                 65               0 2.89777747887+0          4.25+0*
*        7.76457135308-1               0
GRID          66       0  -3.0+0   4.0+0   0.0+0       0
GRID*                 67               0-5.20944533001-1           5.0+0*
*        2.95442325904+0               0
GRID*                 68               0 2.81907786236+0           2.0+0*
*        1.02606042998+0               0
GRID*                 69               0 2.89777747887+0          4.75+0*
*        7.76457135308-1               0
GRID*                 70               0 2.71892336111+0          4.25+0*
*        1.26785478522+0               0
GRID*                 71               0 2.81907786236+0           4.5+0*
*        1.02606042998+0               0
GRID*                 72               0 2.98858409428+0          4.75+0*
*        2.61467228243-1               0
GRID*                 73               0 2.98858409428+0          5.25+0*
*        2.61467228243-1               0
GRID*                 74               0 2.95442325904+0           5.0+0*
*        5.20944533001-1               0
GRID*                 75               0 1.26785478522+0          6.25+0*
*        2.71892336111+0               0
GRID*                 76               0 1.72072930905+0          6.25+0*
*        2.45745613287+0               0
GRID*                 77               0 1.26785478522+0          2.75+0*
*        2.71892336111+0               0
GRID*                 78               0 2.89777747887+0          3.25+0*
*        7.76457135308-1               0
GRID*                 79               0 2.89777747887+0          3.75+0*
*        7.76457135308-1               0
GRID*                 80               0 2.71892336111+0          3.25+0*
*        1.26785478522+0               0
GRID*                 81               0 2.81907786236+0           3.5+0*
*        1.02606042998+0               0
GRID*                 82               0 2.12132034356+0          1.75+0*
*        2.12132034356+0               0
GRID*                 83               0 2.12132034356+0          2.25+0*
*        2.12132034356+0               0
GRID*                 84               0 1.72072930905+0          1.75+0*
*        2.45745613287+0               0
GRID*                 85               0 1.92836282906+0           2.0+0*
*        2.29813332936+0               0
GRID*                 86               0-2.61467228243-1          2.75+0*
*        2.98858409428+0               0
GRID*                 87               0-5.20944533001-1           2.5+0*
*        2.95442325904+0               0
GRID*                 88               0          -1.5+0           4.5+0*
*        2.59807621135+0               0
GRID*                 89               0 2.45745613287+0          2.25+0*
*        1.72072930905+0               0
GRID*                 90               0 2.59807621135+0           5.5+0*
*                  1.5+0               0
GRID*                 91               0 2.45745613287+0          2.75+0*
*        1.72072930905+0               0
GRID*                 92               0 2.29813332936+0           2.5+0*
*        1.92836282906+0               0
GRID*                 93               0-2.71892336111+0          3.75+0*
*        1.26785478522+0               0
GRID*                 94               0-2.59807621135+0           4.0+0*
*                  1.5+0               0
GRID*                 95               0-2.98858409428+0          6.25+0*
*        2.61467228243-1               0
GRID*                 96               0-1.02606042998+0           6.5+0*
*        2.81907786236+0               0
GRID*                 97               0-1.92836282906+0           6.5+0*
*        2.29813332936+0               0
GRID*                 98               0-1.92836282906+0           5.5+0*
*        2.29813332936+0               0
GRID*                 99               0-2.98858409428+0          5.75+0*
*        2.61467228243-1               0
GRID*                100               0          -1.5+0           6.0+0*
*        2.59807621135+0               0
GRID*                101               0-2.29813332936+0           5.0+0*
*        1.92836282906+0               0
GRID*                102               0 1.02606042998+0           5.5+0*
*        2.81907786236+0               0
GRID*                103               0 1.02606042998+0           6.5+0*
*        2.81907786236+0               0
GRID*                104               0-1.0146150039-15           6.5+0*
*                  3.0+0               0
GRID*                105               0 5.20944533001-1           6.0+0*
*        2.95442325904+0               0
GRID*                106               0 1.02606042998+0           4.5+0*
*        2.81907786236+0               0
GRID*                107               0 5.20944533001-1           4.0+0*
*        2.95442325904+0               0
GRID*                108               0 1.92836282906+0           4.5+0*
*        2.29813332936+0               0
GRID*                109               0 1.92836282906+0           5.5+0*
*        2.29813332936+0               0
GRID*                110               0           1.5+0           5.0+0*
*        2.59807621135+0               0
GRID*                111               0-2.95442325904+0           6.0+0*
*        5.20944533001-1               0
GRID*                112               0           1.5+0           2.5+0*
*        2.59807621135+0               0
GRID*                113               0 2.12132034356+0          6.75+0*
*        2.12132034356+0               0
GRID*                114               0 2.59807621135+0           6.5+0*
*                  1.5+0               0
GRID*                115               0-2.89777747887+0          1.75+0*
*        7.76457135308-1               0
GRID*                116               0-2.98858409428+0          2.25+0*
*        2.61467228243-1               0
GRID*                117               0-2.98858409428+0          1.75+0*
*        2.61467228243-1               0
GRID*                118               0-1.26785478522+0          2.25+0*
*        2.71892336111+0               0
GRID*                119               0-1.72072930905+0          2.75+0*
*        2.45745613287+0               0
GRID*                120               0-1.72072930905+0          2.25+0*
*        2.45745613287+0               0
GRID*                121               0 1.92836282906+0           6.5+0*
*        2.29813332936+0               0
GRID*                122               0          -1.5+0           2.5+0*
*        2.59807621135+0               0
GRID*                123               0-7.76457135308-1          1.75+0*
*        2.89777747887+0               0
GRID*                124               0-7.76457135308-1          2.25+0*
*        2.89777747887+0               0
GRID*                125               0-1.26785478522+0          1.75+0*
*        2.71892336111+0               0
GRID*                126               0-1.02606042998+0           2.0+0*
*        2.81907786236+0               0
GRID*                127               0-1.26785478522+0          1.25+0*
*        2.71892336111+0               0
GRID*                128               0-1.72072930905+0          1.75+0*
*        2.45745613287+0               0
GRID*                129               0 2.29813332936+0           6.0+0*
*        1.92836282906+0               0
GRID*                130               0 2.29813332936+0           4.0+0*
*        1.92836282906+0               0
GRID*                131               0-1.72072930905+0          1.25+0*
*        2.45745613287+0               0
GRID*                132               0          -1.5+0           1.5+0*
*        2.59807621135+0               0
GRID*                133               0-2.95442325904+0           4.5+0*
*        5.20944533001-1               0
GRID*                134               0-2.95442325904+0           5.5+0*
*        5.20944533001-1               0
GRID*                135               0-2.95442325904+0           2.0+0*
*        5.20944533001-1               0
GRID*                136               0-1.0068488705-15           5.0+0*
*                  3.0+0               0
GRID*                137               0 2.12132034356+0          2.75+0*
*        2.12132034356+0               0
GRID*                138               0-2.12132034356+0          3.25+0*
*        2.12132034356+0               0
GRID*                139               0-2.45745613287+0          3.75+0*
*        1.72072930905+0               0
GRID*                140               0-2.45745613287+0          3.25+0*
*        1.72072930905+0               0
GRID*                141               0-2.95442325904+0           2.5+0*
*        5.20944533001-1               0
GRID*                142               0-2.95442325904+0           3.5+0*
*        5.20944533001-1               0
GRID*                143               0-2.29813332936+0           3.5+0*
*        1.92836282906+0               0
GRID*                144               0-1.72072930905+0          3.25+0*
*        2.45745613287+0               0
GRID*                145               0-2.12132034356+0          2.75+0*
*        2.12132034356+0               0
GRID*                146               0-1.92836282906+0           3.0+0*
*        2.29813332936+0               0
GRID*                147               0-2.12132034356+0          2.25+0*
*        2.12132034356+0               0
GRID*                148               0-2.45745613287+0          2.75+0*
*        1.72072930905+0               0
GRID*                149               0-2.45745613287+0          2.25+0*
*        1.72072930905+0               0
GRID*                150               0-2.29813332936+0           2.5+0*
*        1.92836282906+0               0
GRID*                151               0-2.12132034356+0          1.75+0*
*        2.12132034356+0               0
GRID*                152               0-1.92836282906+0           2.0+0*
*        2.29813332936+0               0
GRID*                153               0-1.02606042998+0           1.5+0*
*        2.81907786236+0               0
GRID*                154               0-1.02606042998+0           2.5+0*
*        2.81907786236+0               0
GRID*                155               0-1.92836282906+0           2.5+0*
*        2.29813332936+0               0
GRID*                156               0-1.92836282906+0           1.5+0*
*        2.29813332936+0               0
GRID*                157               0 2.12132034356+0          3.25+0*
*        2.12132034356+0               0
GRID*                158               0 1.72072930905+0          3.25+0*
*        2.45745613287+0               0
GRID*                159               0          -1.5+0           2.0+0*
*        2.59807621135+0               0
GRID*                160               0 1.92836282906+0           3.0+0*
*        2.29813332936+0               0
GRID*                161               0 1.72072930905+0          3.75+0*
*        2.45745613287+0               0
GRID*                162               0-2.71892336111+0          1.25+0*
*        1.26785478522+0               0
GRID*                163               0-2.71892336111+0          1.75+0*
*        1.26785478522+0               0
GRID*                164               0-2.89777747887+0          1.25+0*
*        7.76457135308-1               0
GRID*                165               0-2.81907786236+0           1.5+0*
*        1.02606042998+0               0
GRID*                166               0-2.45745613287+0          1.75+0*
*        1.72072930905+0               0
GRID*                167               0-2.59807621135+0           2.0+0*
*                  1.5+0               0
GRID*                168               0-2.71892336111+0          3.25+0*
*        1.26785478522+0               0
GRID*                169               0-2.59807621135+0           3.0+0*
*                  1.5+0               0
GRID*                170               0 1.26785478522+0          3.75+0*
*        2.71892336111+0               0
GRID*                171               0 2.98858409428+0          2.75+0*
*        2.61467228243-1               0
GRID*                172               0 2.98858409428+0          3.25+0*
*        2.61467228243-1               0
GRID*                173               0 2.95442325904+0           3.0+0*
*        5.20944533001-1               0
GRID*                174               0 2.45745613287+0          1.25+0*
*        1.72072930905+0               0
GRID*                175               0 2.45745613287+0          1.75+0*
*        1.72072930905+0               0
GRID*                176               0 2.12132034356+0          1.25+0*
*        2.12132034356+0               0
GRID*                177               0 2.29813332936+0           1.5+0*
*        1.92836282906+0               0
GRID*                178               0 1.26785478522+0          3.25+0*
*        2.71892336111+0               0
GRID*                179               0           1.5+0           3.5+0*
*        2.59807621135+0               0
GRID*                180               0 7.76457135308-1          3.25+0*
*        2.89777747887+0               0
GRID*                181               0 1.02606042998+0           3.0+0*
*        2.81907786236+0               0
GRID*                182               0 2.71892336111+0          1.75+0*
*        1.26785478522+0               0
GRID*                183               0-1.92836282906+0           3.5+0*
*        2.29813332936+0               0
GRID*                184               0 2.59807621135+0           2.0+0*
*                  1.5+0               0
GRID*                185               0-2.89777747887+0          3.25+0*
*        7.76457135308-1               0
GRID*                186               0-2.59807621135+0           3.5+0*
*                  1.5+0               0
GRID*                187               0-2.59807621135+0           2.5+0*
*                  1.5+0               0
GRID*                188               0-2.29813332936+0           3.0+0*
*        1.92836282906+0               0
GRID*                189               0-2.59807621135+0           1.5+0*
*                  1.5+0               0
GRID*                190               0-2.95442325904+0           1.5+0*
*        5.20944533001-1               0
GRID*                191               0 2.81907786236+0           1.4+1*
*        1.02606042998+0               0
GRID*                192               0-2.81907786236+0           3.5+0*
*        1.02606042998+0               0
GRID*                193               0-2.61467228243-1          4.75+0*
*        2.98858409428+0               0
GRID*                194               0-7.76457135308-1          4.75+0*
*        2.89777747887+0               0
GRID*                195               0-2.81907786236+0           2.0+0*
*        1.02606042998+0               0
GRID*                196               0-5.0730750195-16           2.5+0*
*                  3.0+0               0
GRID*                197               0-5.0730750195-16           3.5+0*
*                  3.0+0               0
GRID*                198               0-1.02606042998+0           3.5+0*
*        2.81907786236+0               0
GRID*                199               0-5.20944533001-1           3.0+0*
*        2.95442325904+0               0
GRID*                200               0-2.7968024181-16           3.0+0*
*                  3.0+0               0
GRID*                201               0-1.72072930905+0          4.75+0*
*        2.45745613287+0               0
GRID*                202               0-2.12132034356+0          5.25+0*
*        2.12132034356+0               0
GRID*                203               0 1.02606042998+0           1.5+0*
*        2.81907786236+0               0
GRID*                204               0 1.02606042998+0           2.5+0*
*        2.81907786236+0               0
GRID         205       0   0.0+0   1.5+0   3.0+0       0
GRID*                206               0 5.20944533001-1           2.0+0*
*        2.95442325904+0               0
GRID*                207               0 1.92836282906+0           3.5+0*
*        2.29813332936+0               0
GRID*                208               0 1.02606042998+0           3.5+0*
*        2.81907786236+0               0
GRID*                209               0           1.5+0           3.0+0*
*        2.59807621135+0               0
GRID*                210               0-2.12132034356+0          4.75+0*
*        2.12132034356+0               0
GRID*                211               0-1.92836282906+0           5.0+0*
*        2.29813332936+0               0
GRID*                212               0-2.71892336111+0          5.25+0*
*        1.26785478522+0               0
GRID*                213               0-2.59807621135+0           5.5+0*
*                  1.5+0               0
GRID*                214               0 2.95442325904+0           4.5+0*
*        5.20944533001-1               0
GRID*                215               0-2.71892336111+0          5.75+0*
*        1.26785478522+0               0
GRID*                216               0-2.59807621135+0           6.5+0*
*                  1.5+0               0
GRID*                217               0-2.95442325904+0           6.5+0*
*        5.20944533001-1               0
GRID*                218               0-2.81907786236+0           6.0+0*
*        1.02606042998+0               0
GRID*                219               0-2.59807621135+0           4.5+0*
*                  1.5+0               0
GRID*                220               0-2.81907786236+0           4.0+0*
*        1.02606042998+0               0
GRID*                221               0-2.89777747887+0          5.75+0*
*        7.76457135308-1               0
GRID*                222               0-2.89777747887+0          5.25+0*
*        7.76457135308-1               0
GRID*                223               0-2.81907786236+0           5.5+0*
*        1.02606042998+0               0
GRID*                224               0 2.95442325904+0           5.5+0*
*        5.20944533001-1               0
GRID*                225               0-2.45745613287+0          5.75+0*
*        1.72072930905+0               0
GRID*                226               0-2.45745613287+0          6.25+0*
*        1.72072930905+0               0
GRID*                227               0-2.59807621135+0           6.0+0*
*                  1.5+0               0
GRID*                228               0 2.81907786236+0           1.6+1*
*        1.02606042998+0               0
GRID*                229               0 7.76457135308-1          6.25+0*
*        2.89777747887+0               0
GRID         230       0   3.0+0   1.3+1   0.0+0       0
GRID*                231               0          -1.5+0           1.1+1*
*        2.59807621135+0               0
GRID*                232               0 2.61467228243-1          6.25+0*
*        2.98858409428+0               0
GRID*                233               0          -1.5+0           1.3+1*
*        2.59807621135+0               0
GRID*                234               0 5.20944533001-1           6.5+0*
*        2.95442325904+0               0
GRID*                235               0 2.89777747887+0          2.25+0*
*        7.76457135308-1               0
GRID*                236               0 2.89777747887+0          2.75+0*
*        7.76457135308-1               0
GRID*                237               0-5.20944533001-1           1.2+1*
*        2.95442325904+0               0
GRID         238       0  -3.0+0   1.6+1   0.0+0       0
GRID*                239               0-5.20944533001-1           1.4+1*
*        2.95442325904+0               0
GRID*                240               0          -1.5+0           1.5+1*
*        2.59807621135+0               0
GRID*                241               0 5.20944533001-1           1.1+1*
*        2.95442325904+0               0
GRID*                242               0 5.20944533001-1           1.3+1*
*        2.95442325904+0               0
GRID         243       0  -3.0+0   1.2+1   0.0+0       0
GRID*                244               0-2.81907786236+0           1.1+1*
*        1.02606042998+0               0
GRID*                245               0-2.81907786236+0           1.3+1*
*        1.02606042998+0               0
GRID*                246               0 2.71892336111+0          2.75+0*
*        1.26785478522+0               0
GRID*                247               0-2.29813332936+0           1.2+1*
*        1.92836282906+0               0
GRID*                248               0-2.29813332936+0           1.4+1*
*        1.92836282906+0               0
GRID*                249               0-2.81907786236+0           1.7+1*
*        1.02606042998+0               0
GRID         250       0   3.0+0   1.5+1   0.0+0       0
GRID*                251               0 2.71892336111+0          2.25+0*
*        1.26785478522+0               0
GRID*                252               0          -1.5+0           1.7+1*
*        2.59807621135+0               0
GRID*                253               0-2.29813332936+0           1.6+1*
*        1.92836282906+0               0
GRID*                254               0 2.81907786236+0           2.5+0*
*        1.02606042998+0               0
GRID*                255               0 2.59807621135+0           3.0+0*
*                  1.5+0               0
GRID*                256               0-7.76457135308-1          4.25+0*
*        2.89777747887+0               0
GRID*                257               0-2.61467228243-1          3.25+0*
*        2.98858409428+0               0
GRID*                258               0-2.61467228243-1          3.75+0*
*        2.98858409428+0               0
GRID         259       0  -3.0+0   1.4+1   0.0+0       0
GRID*                260               0-7.76457135308-1          3.75+0*
*        2.89777747887+0               0
GRID*                261               0-5.20944533001-1           3.5+0*
*        2.95442325904+0               0
GRID*                262               0-7.76457135308-1          5.25+0*
*        2.89777747887+0               0
GRID*                263               0-1.26785478522+0          4.75+0*
*        2.71892336111+0               0
GRID*                264               0-1.02606042998+0           5.0+0*
*        2.81907786236+0               0
GRID*                265               0           1.5+0           1.2+1*
*        2.59807621135+0               0
GRID*                266               0 5.20944533001-1           1.5+1*
*        2.95442325904+0               0
GRID*                267               0-5.20944533001-1           1.6+1*
*        2.95442325904+0               0
GRID*                268               0 2.81907786236+0           1.2+1*
*        1.02606042998+0               0
GRID*                269               0-2.61467228243-1          5.25+0*
*        2.98858409428+0               0
GRID*                270               0           1.5+0           1.4+1*
*        2.59807621135+0               0
GRID*                271               0 5.20944533001-1           1.7+1*
*        2.95442325904+0               0
GRID*                272               0           1.5+0           1.6+1*
*        2.59807621135+0               0
GRID*                273               0-2.61467228243-1          5.75+0*
*        2.98858409428+0               0
GRID*                274               0 2.29813332936+0           1.3+1*
*        1.92836282906+0               0
GRID*                275               0 2.29813332936+0           1.1+1*
*        1.92836282906+0               0
GRID*                276               0 2.29813332936+0           1.5+1*
*        1.92836282906+0               0
GRID*                277               0-5.20944533001-1           5.5+0*
*        2.95442325904+0               0
GRID*                278               0-5.20944533001-1           4.5+0*
*        2.95442325904+0               0
GRID*                279               0-1.72072930905+0          3.75+0*
*        2.45745613287+0               0
GRID*                280               0 1.26785478522+0          1.75+0*
*        2.71892336111+0               0
GRID*                281               0 1.26785478522+0          2.25+0*
*        2.71892336111+0               0
GRID*                282               0 7.76457135308-1          2.25+0*
*        2.89777747887+0               0
GRID*                283               0 7.76457135308-1          1.75+0*
*        2.89777747887+0               0
GRID*                284               0 1.02606042998+0           2.0+0*
*        2.81907786236+0               0
GRID*                285               0 7.76457135308-1          2.75+0*
*        2.89777747887+0               0
GRID*                286               0 2.61467228243-1          2.75+0*
*        2.98858409428+0               0
GRID*                287               0 2.12132034356+0          3.75+0*
*        2.12132034356+0               0
GRID*                288               0 2.12132034356+0          4.25+0*
*        2.12132034356+0               0
GRID*                289               0 1.72072930905+0          4.25+0*
*        2.45745613287+0               0
GRID*                290               0 1.92836282906+0           4.0+0*
*        2.29813332936+0               0
GRID*                291               0 2.45745613287+0          6.25+0*
*        1.72072930905+0               0
GRID*                292               0 2.45745613287+0          6.75+0*
*        1.72072930905+0               0
GRID*                293               0 2.12132034356+0          6.25+0*
*        2.12132034356+0               0
GRID*                294               0 2.29813332936+0           6.5+0*
*        1.92836282906+0               0
GRID*                295               0 2.71892336111+0          6.25+0*
*        1.26785478522+0               0
GRID*                296               0 2.45745613287+0          5.75+0*
*        1.72072930905+0               0
GRID*                297               0 2.59807621135+0           6.0+0*
*                  1.5+0               0
GRID*                298               0 1.26785478522+0          5.75+0*
*        2.71892336111+0               0
GRID*                299               0 7.76457135308-1          5.75+0*
*        2.89777747887+0               0
GRID*                300               0 1.02606042998+0           6.0+0*
*        2.81907786236+0               0
GRID*                301               0 2.61467228243-1          2.25+0*
*        2.98858409428+0               0
GRID*                302               0-1.26785478522+0          6.75+0*
*        2.71892336111+0               0
GRID*                303               0 5.20944533001-1           2.5+0*
*        2.95442325904+0               0
GRID*                304               0-7.76457135308-1          2.75+0*
*        2.89777747887+0               0
GRID*                305               0-1.26785478522+0          4.25+0*
*        2.71892336111+0               0
GRID*                306               0-1.26785478522+0          3.75+0*
*        2.71892336111+0               0
GRID*                307               0-1.02606042998+0           4.0+0*
*        2.81907786236+0               0
GRID*                308               0-7.76457135308-1          3.25+0*
*        2.89777747887+0               0
GRID*                309               0-1.26785478522+0          3.25+0*
*        2.71892336111+0               0
GRID*                310               0-7.76457135308-1          6.25+0*
*        2.89777747887+0               0
GRID*                311               0-2.61467228243-1          6.25+0*
*        2.98858409428+0               0
GRID*                312               0 2.45745613287+0          4.25+0*
*        1.72072930905+0               0
GRID*                313               0 2.12132034356+0          4.75+0*
*        2.12132034356+0               0
GRID*                314               0 2.29813332936+0           4.5+0*
*        1.92836282906+0               0
GRID*                315               0 2.61467228243-1          5.75+0*
*        2.98858409428+0               0
GRID*                316               0-1.0068488705-15           6.0+0*
*                  3.0+0               0
GRID*                317               0 2.45745613287+0          3.75+0*
*        1.72072930905+0               0
GRID*                318               0 2.71892336111+0          3.75+0*
*        1.26785478522+0               0
GRID*                319               0 2.59807621135+0           4.0+0*
*                  1.5+0               0
GRID*                320               0-1.26785478522+0          2.75+0*
*        2.71892336111+0               0
GRID*                321               0-1.02606042998+0           3.0+0*
*        2.81907786236+0               0
GRID*                322               0 2.61467228243-1          6.75+0*
*        2.98858409428+0               0
GRID*                323               0 2.61467228243-1          4.25+0*
*        2.98858409428+0               0
GRID*                324               0 7.76457135308-1          4.25+0*
*        2.89777747887+0               0
GRID*                325               0 7.76457135308-1          4.75+0*
*        2.89777747887+0               0
GRID*                326               0 2.61467228243-1          4.75+0*
*        2.98858409428+0               0
GRID*                327               0 5.20944533001-1           4.5+0*
*        2.95442325904+0               0
GRID*                328               0 1.26785478522+0          4.75+0*
*        2.71892336111+0               0
GRID*                329               0 1.26785478522+0          5.25+0*
*        2.71892336111+0               0
GRID*                330               0 7.76457135308-1          5.25+0*
*        2.89777747887+0               0
GRID*                331               0 1.02606042998+0           5.0+0*
*        2.81907786236+0               0
GRID*                332               0-2.71892336111+0          2.25+0*
*        1.26785478522+0               0
GRID*                333               0-2.71892336111+0          2.75+0*
*        1.26785478522+0               0
GRID*                334               0-2.89777747887+0          2.75+0*
*        7.76457135308-1               0
GRID*                335               0-2.89777747887+0          2.25+0*
*        7.76457135308-1               0
GRID*                336               0-2.81907786236+0           2.5+0*
*        1.02606042998+0               0
GRID*                337               0 2.71892336111+0          4.75+0*
*        1.26785478522+0               0
GRID*                338               0 2.71892336111+0          5.25+0*
*        1.26785478522+0               0
GRID*                339               0 2.45745613287+0          5.25+0*
*        1.72072930905+0               0
GRID*                340               0 2.45745613287+0          4.75+0*
*        1.72072930905+0               0
GRID*                341               0 2.59807621135+0           5.0+0*
*                  1.5+0               0
GRID*                342               0-2.45745613287+0          4.75+0*
*        1.72072930905+0               0
GRID*                343               0-2.45745613287+0          5.25+0*
*        1.72072930905+0               0
GRID*                344               0-2.71892336111+0          4.75+0*
*        1.26785478522+0               0
GRID*                345               0-2.59807621135+0           5.0+0*
*                  1.5+0               0
GRID*                346               0 2.61467228243-1          3.25+0*
*        2.98858409428+0               0
GRID*                347               0 7.76457135308-1          3.75+0*
*        2.89777747887+0               0
GRID*                348               0 2.61467228243-1          3.75+0*
*        2.98858409428+0               0
GRID*                349               0 5.20944533001-1           3.5+0*
*        2.95442325904+0               0
GRID*                350               0-8.9885984049-16           4.0+0*
*                  3.0+0               0
GRID*                351               0 2.89777747887+0          5.25+0*
*        7.76457135308-1               0
GRID*                352               0 7.76457135308-1          1.25+0*
*        2.89777747887+0               0
GRID*                353               0 2.61467228243-1          1.75+0*
*        2.98858409428+0               0
GRID*                354               0 2.61467228243-1          1.25+0*
*        2.98858409428+0               0
GRID*                355               0 5.20944533001-1           1.5+0*
*        2.95442325904+0               0
GRID*                356               0 2.89777747887+0          5.75+0*
*        7.76457135308-1               0
GRID*                357               0 2.71892336111+0          5.75+0*
*        1.26785478522+0               0
GRID*                358               0 1.72072930905+0          4.75+0*
*        2.45745613287+0               0
GRID*                359               0 1.26785478522+0          4.25+0*
*        2.71892336111+0               0
GRID*                360               0           1.5+0           4.5+0*
*        2.59807621135+0               0
GRID*                361               0-2.45745613287+0          4.25+0*
*        1.72072930905+0               0
GRID*                362               0-2.29813332936+0           4.5+0*
*        1.92836282906+0               0
GRID*                363               0 2.81907786236+0           5.5+0*
*        1.02606042998+0               0
GRID*                364               0-2.71892336111+0          4.25+0*
*        1.26785478522+0               0
GRID*                365               0-2.89777747887+0          4.75+0*
*        7.76457135308-1               0
GRID*                366               0-2.81907786236+0           4.5+0*
*        1.02606042998+0               0
GRID*                367               0          -1.5+0           3.5+0*
*        2.59807621135+0               0
GRID*                368               0-1.26785478522+0          6.25+0*
*        2.71892336111+0               0
GRID*                369               0-1.72072930905+0          6.75+0*
*        2.45745613287+0               0
GRID*                370               0-1.72072930905+0          6.25+0*
*        2.45745613287+0               0
GRID*                371               0          -1.5+0           6.5+0*
*        2.59807621135+0               0
GRID*                372               0 1.02606042998+0           4.0+0*
*        2.81907786236+0               0
GRID*                373               0-1.26785478522+0          5.25+0*
*        2.71892336111+0               0
GRID*                374               0-1.26785478522+0          5.75+0*
*        2.71892336111+0               0
GRID*                375               0-1.72072930905+0          5.75+0*
*        2.45745613287+0               0
GRID*                376               0 2.61467228243-1          5.25+0*
*        2.98858409428+0               0
GRID*                377               0 5.20944533001-1           5.5+0*
*        2.95442325904+0               0
GRID*                378               0-2.12132034356+0          5.75+0*
*        2.12132034356+0               0
GRID*                379               0-2.29813332936+0           5.5+0*
*        1.92836282906+0               0
GRID*                380               0-2.12132034356+0          6.25+0*
*        2.12132034356+0               0
GRID*                381               0-1.92836282906+0           6.0+0*
*        2.29813332936+0               0
GRID*                382               0-1.72072930905+0          5.25+0*
*        2.45745613287+0               0
GRID*                383               0          -1.5+0           5.5+0*
*        2.59807621135+0               0
GRID*                384               0-7.76457135308-1          5.75+0*
*        2.89777747887+0               0
GRID*                385               0-1.02606042998+0           6.0+0*
*        2.81907786236+0               0
GRID*                386               0 1.72072930905+0          5.25+0*
*        2.45745613287+0               0
GRID*                387               0 1.72072930905+0          5.75+0*
*        2.45745613287+0               0
GRID*                388               0           1.5+0           5.5+0*
*        2.59807621135+0               0
GRID*                389               0 2.12132034356+0          5.25+0*
*        2.12132034356+0               0
GRID*                390               0 1.92836282906+0           5.0+0*
*        2.29813332936+0               0
GRID*                391               0 2.12132034356+0          5.75+0*
*        2.12132034356+0               0
GRID*                392               0 2.29813332936+0           5.5+0*
*        1.92836282906+0               0
GRID*                393               0 2.45745613287+0          3.25+0*
*        1.72072930905+0               0
GRID*                394               0 2.29813332936+0           3.5+0*
*        1.92836282906+0               0
GRID*                395               0 1.92836282906+0           6.0+0*
*        2.29813332936+0               0
GRID*                396               0-2.61467228243-1          4.25+0*
*        2.98858409428+0               0
GRID*                397               0-2.61467228243-1          2.25+0*
*        2.98858409428+0               0
GRID*                398               0-2.61467228243-1          1.75+0*
*        2.98858409428+0               0
GRID*                399               0 7.76457135308-1          6.75+0*
*        2.89777747887+0               0
GRID*                400               0-6.4326455617-16           2.0+0*
*                  3.0+0               0
GRID*                401               0 1.72072930905+0          2.25+0*
*        2.45745613287+0               0
GRID*                402               0 1.72072930905+0          2.75+0*
*        2.45745613287+0               0
PARAM   QUAD4TYP  MITC4+
PARAM    STR_CID      -2
$--1---><--2---><--3---><--4---><--5---><--6---><--7---><--8---><--9---><--10-->
$$$$$$$$$$$$$$$$$$$$$$$$$$$$$$$$$$$ Material $$$$$$$$$$$$$$$$$$$$$$$$$$$$$$$$$$$
MAT8*                  1          2.0+11          1.5+11           3.0-1*
*        7.6923076923+10          1.0+11          1.0+11           0.0+0*
*                  7.0-4           2.0-4        2.7315+2                *
*
$--1---><--2---><--3---><--4---><--5---><--6---><--7---><--8---><--9---><--10-->
SPC            1       4       1   0.0+0
SPC            1       4       3   0.0+0
SPC            1      17       3   0.0+0
SPC            1      58       3   0.0+0
SPC            1      60       1   0.0+0
SPC            1      60       3   0.0+0
SPC            1      66       3   0.0+0
SPC            1      66       2   0.0+0
SPC            1     230       1   0.0+0
SPC            1     230       3   0.0+0
SPC            1     238       3   0.0+0
SPC            1     243       3   0.0+0
SPC            1     250       1   0.0+0
SPC            1     250       3   0.0+0
SPC            1     259       3   0.0+0
SPC            1     259       2   0.0+0
$--1---><--2---><--3---><--4---><--5---><--6---><--7---><--8---><--9---><--10-->
$$$$$$$$$$$$$$$$$$$$$$$$$$$$$$$$$$$ Default $$$$$$$$$$$$$$$$$$$$$$$$$$$$$$$$$$$$
PSHELL         1       1   1.0-1       1               1           0.0+0
CQUAD4*                1               1             119              57*
*                    144             146 4.62843710988+1           0.0+0
CQUAD4*                2               1             313             314*
*                    340              50 1.33715628901+2           0.0+0
CQUAD4*                3               1             306             307*
*                    305              31 4.62843710988+1           0.0+0
CQUAD4*                4               1              74              73*
*                    224             351 4.62843710988+1           0.0+0
CQUAD4*                5               1             107             347*
*                    372             324 1.33715628901+2           0.0+0
CQUAD4*                6               1             347             208*
*                    170             372 1.33715628901+2           0.0+0
CQUAD4*                7               1             372             170*
*                     44             359 1.33715628901+2           0.0+0
CQUAD4*                8               1             324             372*
*                    359             106 1.33715628901+2           0.0+0
CQUAD4*                9               1             350             348*
*                    107             323 1.33715628901+2           0.0+0
CQUAD4*               10               1             288             130*
*                    312             314 1.33715628901+2           0.0+0
CQUAD4*               11               1             402             160*
*                    158             209 4.62843710988+1           0.0+0
CQUAD4*               12               1              13             396*
*                    278             256 4.62843710988+1           0.0+0
CQUAD4*               13               1              40             330*
*                    377             376 4.62843710988+1           0.0+0
CQUAD4*               14               1             330             102*
*                    299             377 4.62843710988+1           0.0+0
CQUAD4*               15               1             377             299*
*                    105             315 4.62843710988+1           0.0+0
CQUAD4*               16               1             376             377*
*                    315              63 4.62843710988+1           0.0+0
CQUAD4*               17               1             101             202*
*                    379             343 4.62843710988+1           0.0+0
CQUAD4*               18               1             202              98*
*                    378             379 4.62843710988+1           0.0+0
CQUAD4*               19               1             379             378*
*                     27             225 4.62843710988+1           0.0+0
CQUAD4*               20               1             343             379*
*                    225             213 4.62843710988+1           0.0+0
CQUAD4*               21               1              98             375*
*                    381             378 4.62843710988+1           0.0+0
CQUAD4*               22               1             375             100*
*                    370             381 4.62843710988+1           0.0+0
CQUAD4*               23               1             381             370*
*                     97             380 4.62843710988+1           0.0+0
CQUAD4*               24               1             378             381*
*                    380              27 4.62843710988+1           0.0+0
CQUAD4*               25               1             264             262*
*                     64             373 4.62843710988+1           0.0+0
CQUAD4*               26               1             106             328*
*                    331             325 4.62843710988+1           0.0+0
CQUAD4*               27               1             179             161*
*                     44             170 4.62843710988+1           0.0+0
CQUAD4*               28               1             249             238*
*                     33             253-1.34263067236+2           0.0+0
CQUAD4*               29               1             298              46*
*                     75             300 4.62843710988+1           0.0+0
CQUAD4*               30               1             328             110*
*                    329             331 4.62843710988+1           0.0+0
CQUAD4*               31               1             265             275*
*                    268             274 1.34263067236+2           0.0+0
CQUAD4*               32               1              28             220*
*                    364             366 1.33715628901+2           0.0+0
CQUAD4*               33               1             127             153*
*                    125             132 4.62843710988+1           0.0+0
CQUAD4*               34               1             123              11*
*                    124             126 4.62843710988+1           0.0+0
CQUAD4*               35               1             110             386*
*                    388             329 4.62843710988+1           0.0+0
CQUAD4*               36               1             386             109*
*                    387             388 4.62843710988+1           0.0+0
CQUAD4*               37               1             388             387*
*                     46             298 4.62843710988+1           0.0+0
CQUAD4*               38               1             329             388*
*                    298             102 4.62843710988+1           0.0+0
CQUAD4*               39               1             373              64*
*                    374             383 4.62843710988+1           0.0+0
CQUAD4*               40               1             108             313*
*                    390             358 4.62843710988+1           0.0+0
CQUAD4*               41               1             313              50*
*                    389             390 4.62843710988+1           0.0+0
CQUAD4*               42               1             390             389*
*                    109             386 4.62843710988+1           0.0+0
CQUAD4*               43               1             358             390*
*                    386             110 4.62843710988+1           0.0+0
CQUAD4*               44               1              50             339*
*                    392             389 4.62843710988+1           0.0+0
CQUAD4*               45               1             339              90*
*                    296             392 4.62843710988+1           0.0+0
CQUAD4*               46               1             392             296*
*                    129             391 4.62843710988+1           0.0+0
CQUAD4*               47               1             389             392*
*                    391             109 4.62843710988+1           0.0+0
CQUAD4*               48               1             207             157*
*                    394             287 1.33715628901+2           0.0+0
CQUAD4*               49               1             157              48*
*                    393             394 1.33715628901+2           0.0+0
CQUAD4*               50               1             394             393*
*                     36             317 1.33715628901+2           0.0+0
CQUAD4*               51               1             287             394*
*                    317             130 1.33715628901+2           0.0+0
CQUAD4*               52               1             109             391*
*                    395             387 4.62843710988+1           0.0+0
CQUAD4*               53               1             391             129*
*                    293             395 4.62843710988+1           0.0+0
CQUAD4*               54               1             395             293*
*                    121              76 4.62843710988+1           0.0+0
CQUAD4*               55               1             387             395*
*                     76              46 4.62843710988+1           0.0+0
CQUAD4*               56               1              43             137*
*                    160             402 4.62843710988+1           0.0+0
CQUAD4*               57               1             282             204*
*                    285             303 4.62843710988+1           0.0+0
CQUAD4*               58               1             315             105*
*                    232             316 4.62843710988+1           0.0+0
CQUAD4*               59               1             155             119*
*                    146             145 4.62843710988+1           0.0+0
CQUAD4*               60               1             161             207*
*                    287             290 1.33715628901+2           0.0+0
CQUAD4*               61               1              67             269*
*                    277             262 4.62843710988+1           0.0+0
CQUAD4*               62               1              51             212*
*                    223             222 4.62843710988+1           0.0+0
CQUAD4*               63               1             276             191*
*                    250             228 1.34263067236+2           0.0+0
CQUAD4*               64               1             320             321*
*                    309              57 4.62843710988+1           0.0+0
CQUAD4*               65               1             129             291*
*                    294             293 4.62843710988+1           0.0+0
CQUAD4*               66               1             354             355*
*                    353             205 4.62843710988+1           0.0+0
CQUAD4*               67               1             281             112*
*                     77             204 4.62843710988+1           0.0+0
CQUAD4*               68               1             251             254*
*                    246              37 4.62843710988+1           0.0+0
CQUAD4*               69               1             359             360*
*                    328             106 4.62843710988+1           0.0+0
CQUAD4*               70               1             289             108*
*                    358             360 4.62843710988+1           0.0+0
CQUAD4*               71               1             203             280*
*                    284             283 4.62843710988+1           0.0+0
CQUAD4*               72               1             178             179*
*                    170             208 4.62843710988+1           0.0+0
CQUAD4*               73               1             396              55*
*                    193             278 4.62843710988+1           0.0+0
CQUAD4*               74               1             277             273*
*                     41             384 4.62843710988+1           0.0+0
CQUAD4*               75               1              38              78*
*                     81              80 4.62843710988+1           0.0+0
CQUAD4*               76               1              78              35*
*                     79              81 4.62843710988+1           0.0+0
CQUAD4*               77               1              81              79*
*                     54             318 4.62843710988+1           0.0+0
CQUAD4*               78               1              80              81*
*                    318              36 4.62843710988+1           0.0+0
CQUAD4*               79               1              47              82*
*                     85              84 4.62843710988+1           0.0+0
CQUAD4*               80               1              82              53*
*                     83              85 4.62843710988+1           0.0+0
CQUAD4*               81               1             274             268*
*                    230             191 1.34263067236+2           0.0+0
CQUAD4*               82               1              85              83*
*                     43             401 4.62843710988+1           0.0+0
CQUAD4*               83               1              84              85*
*                    401              39 4.62843710988+1           0.0+0
CQUAD4*               84               1              11             397*
*                     87             124 4.62843710988+1           0.0+0
CQUAD4*               85               1             397             196*
*                     86              87 4.62843710988+1           0.0+0
CQUAD4*               86               1              87              86*
*                    199             304 4.62843710988+1           0.0+0
CQUAD4*               87               1             124              87*
*                    304             154 4.62843710988+1           0.0+0
CQUAD4*               88               1              31             305*
*                     88               6 4.62843710988+1           0.0+0
CQUAD4*               89               1             305               3*
*                    263              88 4.62843710988+1           0.0+0
CQUAD4*               90               1              88             263*
*                     59             201 4.62843710988+1           0.0+0
CQUAD4*               91               1               6              88*
*                    201              30 4.62843710988+1           0.0+0
CQUAD4*               92               1              53              89*
*                     92              83 4.62843710988+1           0.0+0
CQUAD4*               93               1              89              37*
*                     91              92 4.62843710988+1           0.0+0
CQUAD4*               94               1              92              91*
*                     48             137 4.62843710988+1           0.0+0
CQUAD4*               95               1              83              92*
*                    137              43 4.62843710988+1           0.0+0
CQUAD4*               96               1             220              93*
*                     94             364 1.33715628901+2           0.0+0
CQUAD4*               97               1              93             186*
*                    139              94 1.33715628901+2           0.0+0
CQUAD4*               98               1              94             139*
*                     22             361 1.33715628901+2           0.0+0
CQUAD4*               99               1             364              94*
*                    361             219 1.33715628901+2           0.0+0
CQUAD4*              100               1             134             221*
*                    111              99 4.62843710988+1           0.0+0
CQUAD4*              101               1             221             218*
*                     20             111 4.62843710988+1           0.0+0
CQUAD4*              102               1             111              20*
*                    217              95 4.62843710988+1           0.0+0
CQUAD4*              103               1              99             111*
*                     95              58 4.62843710988+1           0.0+0
CQUAD4*              104               1             254             236*
*                     38             246 4.62843710988+1           0.0+0
CQUAD4*              105               1              44             161*
*                    290             289 1.33715628901+2           0.0+0
CQUAD4*              106               1             112             402*
*                    209              77 4.62843710988+1           0.0+0
CQUAD4*              107               1             156             128*
*                    152             151 4.62843710988+1           0.0+0
CQUAD4*              108               1             190             115*
*                    135             117 4.62843710988+1           0.0+0
CQUAD4*              109               1             115             195*
*                    335             135 4.62843710988+1           0.0+0
CQUAD4*              110               1             135             335*
*                    141             116 4.62843710988+1           0.0+0
CQUAD4*              111               1             117             135*
*                    116              17 4.62843710988+1           0.0+0
CQUAD4*              112               1              55             326*
*                    136             193 4.62843710988+1           0.0+0
CQUAD4*              113               1             326              40*
*                    376             136 4.62843710988+1           0.0+0
CQUAD4*              114               1             136             376*
*                     63             269 4.62843710988+1           0.0+0
CQUAD4*              115               1             193             136*
*                    269              67 4.62843710988+1           0.0+0
CQUAD4*              116               1             341             338*
*                     90             339 4.62843710988+1           0.0+0
CQUAD4*              117               1              77             209*
*                    178             181 4.62843710988+1           0.0+0
CQUAD4*              118               1             122             320*
*                     57             119 4.62843710988+1           0.0+0
CQUAD4*              119               1             198             260*
*                    307             306 4.62843710988+1           0.0+0
CQUAD4*              120               1             149             150*
*                    148             187 4.62843710988+1           0.0+0
CQUAD4*              121               1             357              56*
*                    295             297 4.62843710988+1           0.0+0
CQUAD4*              122               1             100             368*
*                    371             370 4.62843710988+1           0.0+0
CQUAD4*              123               1             151             152*
*                    147              21 4.62843710988+1           0.0+0
CQUAD4*              124               1              18             162*
*                    165             164 4.62843710988+1           0.0+0
CQUAD4*              125               1             162             189*
*                    163             165 4.62843710988+1           0.0+0
CQUAD4*              126               1             165             163*
*                    195             115 4.62843710988+1           0.0+0
CQUAD4*              127               1             164             165*
*                    115             190 4.62843710988+1           0.0+0
CQUAD4*              128               1             367             306*
*                     31             279 4.62843710988+1           0.0+0
CQUAD4*              129               1             189             166*
*                    167             163 4.62843710988+1           0.0+0
CQUAD4*              130               1             166              21*
*                    149             167 4.62843710988+1           0.0+0
CQUAD4*              131               1             167             149*
*                    187             332 4.62843710988+1           0.0+0
CQUAD4*              132               1             163             167*
*                    332             195 4.62843710988+1           0.0+0
CQUAD4*              133               1             187             148*
*                    169             333 4.62843710988+1           0.0+0
CQUAD4*              134               1             148             188*
*                    140             169 4.62843710988+1           0.0+0
CQUAD4*              135               1             169             140*
*                    186             168 4.62843710988+1           0.0+0
CQUAD4*              136               1             333             169*
*                    168              19 4.62843710988+1           0.0+0
CQUAD4*              137               1             349             180*
*                    208             347 1.33715628901+2           0.0+0
CQUAD4*              138               1              57             309*
*                    367             144 4.62843710988+1           0.0+0
CQUAD4*              139               1             131             132*
*                    128             156 4.62843710988+1           0.0+0
CQUAD4*              140               1             332             187*
*                    333             336 4.62843710988+1           0.0+0
CQUAD4*              141               1              32             171*
*                    173             236 4.62843710988+1           0.0+0
CQUAD4*              142               1             171               4*
*                    172             173 4.62843710988+1           0.0+0
CQUAD4*              143               1             173             172*
*                     35              78 4.62843710988+1           0.0+0
CQUAD4*              144               1             236             173*
*                     78              38 4.62843710988+1           0.0+0
CQUAD4*              145               1              49             174*
*                    177             176 4.62843710988+1           0.0+0
CQUAD4*              146               1             174              42*
*                    175             177 4.62843710988+1           0.0+0
CQUAD4*              147               1             177             175*
*                     53              82 4.62843710988+1           0.0+0
CQUAD4*              148               1             176             177*
*                     82              47 4.62843710988+1           0.0+0
CQUAD4*              149               1             146             144*
*                    183             138 4.62843710988+1           0.0+0
CQUAD4*              150               1             396             350*
*                    323              55 1.33715628901+2           0.0+0
CQUAD4*              151               1             269              63*
*                    273             277 4.62843710988+1           0.0+0
CQUAD4*              152               1             326             327*
*                    325              40 1.33715628901+2           0.0+0
CQUAD4*              153               1             370             371*
*                    369              97 4.62843710988+1           0.0+0
CQUAD4*              154               1             289             290*
*                    288             108 1.33715628901+2           0.0+0
CQUAD4*              155               1              72              60*
*                     73              74 4.62843710988+1           0.0+0
CQUAD4*              156               1             140             143*
*                    139             186 4.62843710988+1           0.0+0
CQUAD4*              157               1               7              30*
*                    210             362 4.62843710988+1           0.0+0
CQUAD4*              158               1             154             304*
*                    321             320 4.62843710988+1           0.0+0
CQUAD4*              159               1             365             366*
*                    344              51 1.33715628901+2           0.0+0
CQUAD4*              160               1             158             207*
*                    161             179 4.62843710988+1           0.0+0
CQUAD4*              161               1             209             158*
*                    179             178 4.62843710988+1           0.0+0
CQUAD4*              162               1             325             331*
*                    330              40 4.62843710988+1           0.0+0
CQUAD4*              163               1              42             182*
*                    184             175 4.62843710988+1           0.0+0
CQUAD4*              164               1             182              68*
*                    251             184 4.62843710988+1           0.0+0
CQUAD4*              165               1             184             251*
*                     37              89 4.62843710988+1           0.0+0
CQUAD4*              166               1             175             184*
*                     89              53 4.62843710988+1           0.0+0
CQUAD4*              167               1             142             185*
*                    192              26 1.33715628901+2           0.0+0
CQUAD4*              168               1             185              19*
*                    168             192 1.33715628901+2           0.0+0
CQUAD4*              169               1             192             168*
*                    186              93 1.33715628901+2           0.0+0
CQUAD4*              170               1              26             192*
*                     93             220 1.33715628901+2           0.0+0
CQUAD4*              171               1              65             214*
*                     69              71 4.62843710988+1           0.0+0
CQUAD4*              172               1             229             103*
*                    399             234 4.62843710988+1           0.0+0
CQUAD4*              173               1             363             356*
*                     56             357 4.62843710988+1           0.0+0
CQUAD4*              174               1             270             274*
*                    191             276 1.34263067236+2           0.0+0
CQUAD4*              175               1             301             303*
*                    286             196 4.62843710988+1           0.0+0
CQUAD4*              176               1             260              13*
*                    256             307 4.62843710988+1           0.0+0
CQUAD4*              177               1             400             301*
*                    196             397 4.62843710988+1           0.0+0
CQUAD4*              178               1             219             342*
*                    345             344 4.62843710988+1           0.0+0
CQUAD4*              179               1             211             382*
*                     98             202 4.62843710988+1           0.0+0
CQUAD4*              180               1             196             286*
*                    200              86 4.62843710988+1           0.0+0
CQUAD4*              181               1             286              16*
*                    346             200 4.62843710988+1           0.0+0
CQUAD4*              182               1             200             346*
*                    197             257 4.62843710988+1           0.0+0
CQUAD4*              183               1              86             200*
*                    257             199 4.62843710988+1           0.0+0
CQUAD4*              184               1              37             246*
*                    255              91 4.62843710988+1           0.0+0
CQUAD4*              185               1             246              38*
*                     80             255 4.62843710988+1           0.0+0
CQUAD4*              186               1             255              80*
*                     36             393 4.62843710988+1           0.0+0
CQUAD4*              187               1              91             255*
*                    393              48 4.62843710988+1           0.0+0
CQUAD4*              188               1             297             295*
*                    114             291 4.62843710988+1           0.0+0
CQUAD4*              189               1             299             300*
*                    229             105 4.62843710988+1           0.0+0
CQUAD4*              190               1             248             233*
*                    239             240 1.34263067236+2           0.0+0
CQUAD4*              191               1             248             245*
*                    247             233-1.34263067236+2           0.0+0
CQUAD4*              192               1             240             239*
*                    266             267 1.34263067236+2           0.0+0
CQUAD4*              193               1             245             243*
*                    244             247-1.34263067236+2           0.0+0
CQUAD4*              194               1             267             266*
*                    272             271 1.34263067236+2           0.0+0
CQUAD4*              195               1             253             240*
*                    267             252 1.34263067236+2           0.0+0
CQUAD4*              196               1             284             281*
*                    204             282 4.62843710988+1           0.0+0
CQUAD4*              197               1             300              75*
*                    103             229 4.62843710988+1           0.0+0
CQUAD4*              198               1             194              67*
*                    262             264 4.62843710988+1           0.0+0
CQUAD4*              199               1              55             323*
*                    327             326 1.33715628901+2           0.0+0
CQUAD4*              200               1             296             297*
*                    291             129 4.62843710988+1           0.0+0
CQUAD4*              201               1             316             232*
*                    104             311 4.62843710988+1           0.0+0
CQUAD4*              202               1             233             237*
*                    242             239 1.34263067236+2           0.0+0
CQUAD4*              203               1              33             259*
*                    245             248-1.34263067236+2           0.0+0
CQUAD4*              204               1             233             247*
*                    231             237-1.34263067236+2           0.0+0
CQUAD4*              205               1             239             242*
*                    270             266 1.34263067236+2           0.0+0
CQUAD4*              206               1             201              59*
*                    382             211 4.62843710988+1           0.0+0
CQUAD4*              207               1             266             270*
*                    276             272 1.34263067236+2           0.0+0
CQUAD4*              208               1             272             276*
*                    228              34 1.34263067236+2           0.0+0
CQUAD4*              209               1             205             353*
*                    400             398 4.62843710988+1           0.0+0
CQUAD4*              210               1             309             198*
*                    306             367 4.62843710988+1           0.0+0
CQUAD4*              211               1              33             248*
*                    240             253 1.34263067236+2           0.0+0
CQUAD4*              212               1             345             343*
*                    213             212 4.62843710988+1           0.0+0
CQUAD4*              213               1             234             399*
*                     45             322 4.62843710988+1           0.0+0
CQUAD4*              214               1              66              25*
*                     62              29 1.33715628901+2           0.0+0
CQUAD4*              215               1             232             234*
*                    322             104 4.62843710988+1           0.0+0
CQUAD4*              216               1             327             324*
*                    106             325 1.33715628901+2           0.0+0
CQUAD4*              217               1             371             302*
*                     61             369 4.62843710988+1           0.0+0
CQUAD4*              218               1             130             317*
*                    319             312 1.33715628901+2           0.0+0
CQUAD4*              219               1             237             241*
*                    265             242 1.34263067236+2           0.0+0
CQUAD4*              220               1             242             265*
*                    274             270 1.34263067236+2           0.0+0
CQUAD4*              221               1             352             203*
*                    283             355 4.62843710988+1           0.0+0
CQUAD4*              222               1             212             213*
*                    215             223 4.62843710988+1           0.0+0
CQUAD4*              223               1             258             197*
*                    348             350 1.33715628901+2           0.0+0
CQUAD4*              224               1             137              48*
*                    157             160 4.62843710988+1           0.0+0
CQUAD4*              225               1             181             178*
*                    208             180 4.62843710988+1           0.0+0
CQUAD4*              226               1             383             374*
*                    100             375 4.62843710988+1           0.0+0
CQUAD4*              227               1              22               7*
*                    362             361 4.62843710988+1           0.0+0
CQUAD4*              228               1             197             346*
*                    349             348 1.33715628901+2           0.0+0
CQUAD4*              229               1             374             385*
*                    368             100 4.62843710988+1           0.0+0
CQUAD4*              230               1               2             337*
*                    341             340 4.62843710988+1           0.0+0
CQUAD4*              231               1             338             363*
*                    357              90 4.62843710988+1           0.0+0
CQUAD4*              232               1             385             310*
*                     96             368 4.62843710988+1           0.0+0
CQUAD4*              233               1             256             278*
*                    194               3 4.62843710988+1           0.0+0
CQUAD4*              234               1              29              62*
*                     28             133 1.33715628901+2           0.0+0
CQUAD4*              235               1             235              32*
*                    236             254 4.62843710988+1           0.0+0
CQUAD4*              236               1             321             308*
*                    198             309 4.62843710988+1           0.0+0
CQUAD4*              237               1             188             138*
*                    143             140 4.62843710988+1           0.0+0
CQUAD4*              238               1             120             122*
*                    119             155 4.62843710988+1           0.0+0
CQUAD4*              239               1             143               8*
*                     22             139 4.62843710988+1           0.0+0
CQUAD4*              240               1             401              43*
*                    402             112 4.62843710988+1           0.0+0
CQUAD4*              241               1             317              36*
*                    318             319 1.33715628901+2           0.0+0
CQUAD4*              242               1              62              26*
*                    220              28 1.33715628901+2           0.0+0
CQUAD4*              243               1             384              41*
*                    310             385 4.62843710988+1           0.0+0
CQUAD4*              244               1             223             215*
*                    218             221 4.62843710988+1           0.0+0
CQUAD4*              245               1             225              27*
*                    226             227 4.62843710988+1           0.0+0
CQUAD4*              246               1              68             235*
*                    254             251 4.62843710988+1           0.0+0
CQUAD4*              247               1             257             197*
*                    258             261 4.62843710988+1           0.0+0
CQUAD4*              248               1             263             264*
*                    373              59 4.62843710988+1           0.0+0
CQUAD4*              249               1              24              12*
*                     23              14 4.62843710988+1           0.0+0
CQUAD4*              250               1             278             193*
*                     67             194 4.62843710988+1           0.0+0
CQUAD4*              251               1             294             292*
*                     52             113 4.62843710988+1           0.0+0
CQUAD4*              252               1             144             367*
*                    279             183 4.62843710988+1           0.0+0
CQUAD4*              253               1              10             216*
*                     12              24 4.62843710988+1           0.0+0
CQUAD4*              254               1             314             312*
*                      2             340 1.33715628901+2           0.0+0
CQUAD4*              255               1             262             277*
*                    384              64 4.62843710988+1           0.0+0
CQUAD4*              256               1             102             298*
*                    300             299 4.62843710988+1           0.0+0
CQUAD4*              257               1              90             357*
*                    297             296 4.62843710988+1           0.0+0
CQUAD4*              258               1             348             349*
*                    347             107 1.33715628901+2           0.0+0
CQUAD4*              259               1             323             107*
*                    324             327 1.33715628901+2           0.0+0
CQUAD4*              260               1              44             289*
*                    360             359 4.62843710988+1           0.0+0
CQUAD4*              261               1             133              28*
*                    366             365 1.33715628901+2           0.0+0
CQUAD4*              262               1             215             227*
*                     10             218 4.62843710988+1           0.0+0
CQUAD4*              263               1             206             282*
*                    303             301 4.62843710988+1           0.0+0
CQUAD4*              264               1              30             201*
*                    211             210 4.62843710988+1           0.0+0
CQUAD4*              265               1             398             400*
*                    397              11 4.62843710988+1           0.0+0
CQUAD4*              266               1             279              31*
*                      6               9 4.62843710988+1           0.0+0
CQUAD4*              267               1               8               9*
*                      7              22 4.62843710988+1           0.0+0
CQUAD4*              268               1             304             199*
*                    308             321 4.62843710988+1           0.0+0
CQUAD4*              269               1             132             125*
*                    159             128 4.62843710988+1           0.0+0
CQUAD4*              270               1             382             383*
*                    375              98 4.62843710988+1           0.0+0
CQUAD4*              271               1             308             261*
*                    260             198 4.62843710988+1           0.0+0
CQUAD4*              272               1             280              39*
*                    281             284 4.62843710988+1           0.0+0
CQUAD4*              273               1             336             333*
*                     19             334 4.62843710988+1           0.0+0
CQUAD4*              274               1             125             126*
*                    118             159 4.62843710988+1           0.0+0
CQUAD4*              275               1             214              72*
*                     74              69 4.62843710988+1           0.0+0
CQUAD4*              276               1             351             224*
*                    356             363 4.62843710988+1           0.0+0
CQUAD4*              277               1              64             384*
*                    385             374 4.62843710988+1           0.0+0
CQUAD4*              278               1               3             194*
*                    264             263 4.62843710988+1           0.0+0
CQUAD4*              279               1               5             127*
*                    132             131 4.62843710988+1           0.0+0
CQUAD4*              280               1             183             279*
*                      9               8 4.62843710988+1           0.0+0
CQUAD4*              281               1             361             362*
*                    342             219 4.62843710988+1           0.0+0
CQUAD4*              282               1             307             256*
*                      3             305 4.62843710988+1           0.0+0
CQUAD4*              283               1              54              65*
*                     71              70 4.62843710988+1           0.0+0
CQUAD4*              284               1             319             318*
*                     54              70 1.33715628901+2           0.0+0
CQUAD4*              285               1             291             114*
*                    292             294 4.62843710988+1           0.0+0
CQUAD4*              286               1             353             206*
*                    301             400 4.62843710988+1           0.0+0
CQUAD4*              287               1             222             223*
*                    221             134 4.62843710988+1           0.0+0
CQUAD4*              288               1              13             258*
*                    350             396 1.33715628901+2           0.0+0
CQUAD4*              289               1             218              10*
*                     24              20 4.62843710988+1           0.0+0
CQUAD4*              290               1             213             225*
*                    227             215 4.62843710988+1           0.0+0
CQUAD4*              291               1              15             352*
*                    355             354 4.62843710988+1           0.0+0
CQUAD4*              292               1             261             258*
*                     13             260 4.62843710988+1           0.0+0
CQUAD4*              293               1             195             332*
*                    336             335 4.62843710988+1           0.0+0
CQUAD4*              294               1              20              24*
*                     14             217 4.62843710988+1           0.0+0
CQUAD4*              295               1             340             341*
*                    339              50 4.62843710988+1           0.0+0
CQUAD4*              296               1             126             124*
*                    154             118 4.62843710988+1           0.0+0
CQUAD4*              297               1             342             101*
*                    343             345 4.62843710988+1           0.0+0
CQUAD4*              298               1             368              96*
*                    302             371 4.62843710988+1           0.0+0
CQUAD4*              299               1              21             147*
*                    150             149 4.62843710988+1           0.0+0
CQUAD4*              300               1               9               6*
*                     30               7 4.62843710988+1           0.0+0
CQUAD4*              301               1             204              77*
*                    181             285 4.62843710988+1           0.0+0
CQUAD4*              302               1             293             294*
*                    113             121 4.62843710988+1           0.0+0
CQUAD4*              303               1             290             287*
*                    130             288 1.33715628901+2           0.0+0
CQUAD4*              304               1             150             145*
*                    188             148 4.62843710988+1           0.0+0
CQUAD4*              305               1              39             401*
*                    112             281 4.62843710988+1           0.0+0
CQUAD4*              306               1             199             257*
*                    261             308 4.62843710988+1           0.0+0
CQUAD4*              307               1             366             364*
*                    219             344 1.33715628901+2           0.0+0
CQUAD4*              308               1              71              69*
*                      1             337 4.62843710988+1           0.0+0
CQUAD4*              309               1             283             284*
*                    282             206 4.62843710988+1           0.0+0
CQUAD4*              310               1             337               1*
*                    338             341 4.62843710988+1           0.0+0
CQUAD4*              311               1             303             285*
*                     16             286 4.62843710988+1           0.0+0
CQUAD4*              312               1             160             157*
*                    207             158 4.62843710988+1           0.0+0
CQUAD4*              313               1               1             351*
*                    363             338 4.62843710988+1           0.0+0
CQUAD4*              314               1             344             345*
*                    212              51 4.62843710988+1           0.0+0
CQUAD4*              315               1              63             315*
*                    316             273 4.62843710988+1           0.0+0
CQUAD4*              316               1             145             146*
*                    138             188 4.62843710988+1           0.0+0
CQUAD4*              317               1             335             336*
*                    334             141 4.62843710988+1           0.0+0
CQUAD4*              318               1             138             183*
*                      8             143 4.62843710988+1           0.0+0
CQUAD4*              319               1             210             211*
*                    202             101 4.62843710988+1           0.0+0
CQUAD4*              320               1             355             283*
*                    206             353 4.62843710988+1           0.0+0
CQUAD4*              321               1             331             329*
*                    102             330 4.62843710988+1           0.0+0
CQUAD4*              322               1              59             373*
*                    383             382 4.62843710988+1           0.0+0
CQUAD4*              323               1              70              71*
*                    337               2 4.62843710988+1           0.0+0
CQUAD4*              324               1             105             229*
*                    234             232 4.62843710988+1           0.0+0
CQUAD4*              325               1             108             288*
*                    314             313 1.33715628901+2           0.0+0
CQUAD4*              326               1              25             142*
*                     26              62 1.33715628901+2           0.0+0
CQUAD4*              327               1             128             159*
*                    120             152 4.62843710988+1           0.0+0
CQUAD4*              328               1              69              74*
*                    351               1 4.62843710988+1           0.0+0
CQUAD4*              329               1             147             155*
*                    145             150 4.62843710988+1           0.0+0
CQUAD4*              330               1             159             118*
*                    122             120 4.62843710988+1           0.0+0
CQUAD4*              331               1             312             319*
*                     70               2 1.33715628901+2           0.0+0
CQUAD4*              332               1             346              16*
*                    180             349 1.33715628901+2           0.0+0
CQUAD4*              333               1             152             120*
*                    155             147 4.62843710988+1           0.0+0
CQUAD4*              334               1             118             154*
*                    320             122 4.62843710988+1           0.0+0
CQUAD4*              335               1             285             181*
*                    180              16 4.62843710988+1           0.0+0
CQUAD4*              336               1             273             316*
*                    311              41 4.62843710988+1           0.0+0
CQUAD4*              337               1             360             358*
*                    110             328 4.62843710988+1           0.0+0
CQUAD4*              338               1             227             226*
*                    216              10 4.62843710988+1           0.0+0
CQUAD4*              339               1             362             210*
*                    101             342 4.62843710988+1           0.0+0
CQUAD4*              340               1             153             123*
*                    126             125 4.62843710988+1           0.0+0
$--1---><--2---><--3---><--4---><--5---><--6---><--7---><--8---><--9---><--10-->
$$$$$$$$$$$$$$$$$$$$$$$$$$$$$$$$$ temperature $$$$$$$$$$$$$$$$$$$$$$$$$$$$$$$$$$
TEMP*                  4             107        3.7315+2                *
*
TEMP*                  4             347        3.7315+2                *
*
TEMP*                  4             372        3.7315+2                *
*
TEMP*                  4             324        3.7315+2                *
*
TEMP*                  4             208        3.7315+2                *
*
TEMP*                  4             170        3.7315+2                *
*
TEMP*                  4              44        3.7315+2                *
*
TEMP*                  4             359        3.7315+2                *
*
TEMP*                  4             106        3.7315+2                *
*
TEMP*                  4              40        3.7315+2                *
*
TEMP*                  4             330        3.7315+2                *
*
TEMP*                  4             377        3.7315+2                *
*
TEMP*                  4             376        3.7315+2                *
*
TEMP*                  4             102        3.7315+2                *
*
TEMP*                  4             299        3.7315+2                *
*
TEMP*                  4             105        3.7315+2                *
*
TEMP*                  4             315        3.7315+2                *
*
TEMP*                  4              63        3.7315+2                *
*
TEMP*                  4             101        3.7315+2                *
*
TEMP*                  4             202        3.7315+2                *
*
TEMP*                  4             379        3.7315+2                *
*
TEMP*                  4             343        3.7315+2                *
*
TEMP*                  4              98        3.7315+2                *
*
TEMP*                  4             378        3.7315+2                *
*
TEMP*                  4              27        3.7315+2                *
*
TEMP*                  4             225        3.7315+2                *
*
TEMP*                  4             213        3.7315+2                *
*
TEMP*                  4             375        3.7315+2                *
*
TEMP*                  4             381        3.7315+2                *
*
TEMP*                  4             100        3.7315+2                *
*
TEMP*                  4             370        3.7315+2                *
*
TEMP*                  4              97        3.7315+2                *
*
TEMP*                  4             380        3.7315+2                *
*
TEMP*                  4             249        3.7315+2                *
*
TEMP*                  4             238        3.7315+2                *
*
TEMP*                  4              33        3.7315+2                *
*
TEMP*                  4             253        3.7315+2                *
*
TEMP*                  4             265        3.7315+2                *
*
TEMP*                  4             275        3.7315+2                *
*
TEMP*                  4             268        3.7315+2                *
*
TEMP*                  4             274        3.7315+2                *
*
TEMP*                  4             110        3.7315+2                *
*
TEMP*                  4             386        3.7315+2                *
*
TEMP*                  4             388        3.7315+2                *
*
TEMP*                  4             329        3.7315+2                *
*
TEMP*                  4             109        3.7315+2                *
*
TEMP*                  4             387        3.7315+2                *
*
TEMP*                  4              46        3.7315+2                *
*
TEMP*                  4             298        3.7315+2                *
*
TEMP*                  4             108        3.7315+2                *
*
TEMP*                  4             313        3.7315+2                *
*
TEMP*                  4             390        3.7315+2                *
*
TEMP*                  4             358        3.7315+2                *
*
TEMP*                  4              50        3.7315+2                *
*
TEMP*                  4             389        3.7315+2                *
*
TEMP*                  4             339        3.7315+2                *
*
TEMP*                  4             392        3.7315+2                *
*
TEMP*                  4              90        3.7315+2                *
*
TEMP*                  4             296        3.7315+2                *
*
TEMP*                  4             129        3.7315+2                *
*
TEMP*                  4             391        3.7315+2                *
*
TEMP*                  4             207        3.7315+2                *
*
TEMP*                  4             157        3.7315+2                *
*
TEMP*                  4             394        3.7315+2                *
*
TEMP*                  4             287        3.7315+2                *
*
TEMP*                  4              48        3.7315+2                *
*
TEMP*                  4             393        3.7315+2                *
*
TEMP*                  4              36        3.7315+2                *
*
TEMP*                  4             317        3.7315+2                *
*
TEMP*                  4             130        3.7315+2                *
*
TEMP*                  4             395        3.7315+2                *
*
TEMP*                  4             293        3.7315+2                *
*
TEMP*                  4             121        3.7315+2                *
*
TEMP*                  4              76        3.7315+2                *
*
TEMP*                  4             276        3.7315+2                *
*
TEMP*                  4             191        3.7315+2                *
*
TEMP*                  4             250        3.7315+2                *
*
TEMP*                  4             228        3.7315+2                *
*
TEMP*                  4              38        3.7315+2                *
*
TEMP*                  4              78        3.7315+2                *
*
TEMP*                  4              81        3.7315+2                *
*
TEMP*                  4              80        3.7315+2                *
*
TEMP*                  4              35        3.7315+2                *
*
TEMP*                  4              79        3.7315+2                *
*
TEMP*                  4              54        3.7315+2                *
*
TEMP*                  4             318        3.7315+2                *
*
TEMP*                  4              47        3.7315+2                *
*
TEMP*                  4              82        3.7315+2                *
*
TEMP*                  4              85        3.7315+2                *
*
TEMP*                  4              84        3.7315+2                *
*
TEMP*                  4              53        3.7315+2                *
*
TEMP*                  4              83        3.7315+2                *
*
TEMP*                  4             230        3.7315+2                *
*
TEMP*                  4              43        3.7315+2                *
*
TEMP*                  4             401        3.7315+2                *
*
TEMP*                  4              39        3.7315+2                *
*
TEMP*                  4              11        3.7315+2                *
*
TEMP*                  4             397        3.7315+2                *
*
TEMP*                  4              87        3.7315+2                *
*
TEMP*                  4             124        3.7315+2                *
*
TEMP*                  4             196        3.7315+2                *
*
TEMP*                  4              86        3.7315+2                *
*
TEMP*                  4             199        3.7315+2                *
*
TEMP*                  4             304        3.7315+2                *
*
TEMP*                  4             154        3.7315+2                *
*
TEMP*                  4              31        3.7315+2                *
*
TEMP*                  4             305        3.7315+2                *
*
TEMP*                  4              88        3.7315+2                *
*
TEMP*                  4               6        3.7315+2                *
*
TEMP*                  4               3        3.7315+2                *
*
TEMP*                  4             263        3.7315+2                *
*
TEMP*                  4              59        3.7315+2                *
*
TEMP*                  4             201        3.7315+2                *
*
TEMP*                  4              30        3.7315+2                *
*
TEMP*                  4              89        3.7315+2                *
*
TEMP*                  4              92        3.7315+2                *
*
TEMP*                  4              37        3.7315+2                *
*
TEMP*                  4              91        3.7315+2                *
*
TEMP*                  4             137        3.7315+2                *
*
TEMP*                  4             220        3.7315+2                *
*
TEMP*                  4              93        3.7315+2                *
*
TEMP*                  4              94        3.7315+2                *
*
TEMP*                  4             364        3.7315+2                *
*
TEMP*                  4             186        3.7315+2                *
*
TEMP*                  4             139        3.7315+2                *
*
TEMP*                  4              22        3.7315+2                *
*
TEMP*                  4             361        3.7315+2                *
*
TEMP*                  4             219        3.7315+2                *
*
TEMP*                  4             134        3.7315+2                *
*
TEMP*                  4             221        3.7315+2                *
*
TEMP*                  4             111        3.7315+2                *
*
TEMP*                  4              99        3.7315+2                *
*
TEMP*                  4             218        3.7315+2                *
*
TEMP*                  4              20        3.7315+2                *
*
TEMP*                  4             217        3.7315+2                *
*
TEMP*                  4              95        3.7315+2                *
*
TEMP*                  4              58        3.7315+2                *
*
TEMP*                  4             190        3.7315+2                *
*
TEMP*                  4             115        3.7315+2                *
*
TEMP*                  4             135        3.7315+2                *
*
TEMP*                  4             117        3.7315+2                *
*
TEMP*                  4             195        3.7315+2                *
*
TEMP*                  4             335        3.7315+2                *
*
TEMP*                  4             141        3.7315+2                *
*
TEMP*                  4             116        3.7315+2                *
*
TEMP*                  4              17        3.7315+2                *
*
TEMP*                  4              55        3.7315+2                *
*
TEMP*                  4             326        3.7315+2                *
*
TEMP*                  4             136        3.7315+2                *
*
TEMP*                  4             193        3.7315+2                *
*
TEMP*                  4             269        3.7315+2                *
*
TEMP*                  4              67        3.7315+2                *
*
TEMP*                  4              18        3.7315+2                *
*
TEMP*                  4             162        3.7315+2                *
*
TEMP*                  4             165        3.7315+2                *
*
TEMP*                  4             164        3.7315+2                *
*
TEMP*                  4             189        3.7315+2                *
*
TEMP*                  4             163        3.7315+2                *
*
TEMP*                  4             166        3.7315+2                *
*
TEMP*                  4             167        3.7315+2                *
*
TEMP*                  4              21        3.7315+2                *
*
TEMP*                  4             149        3.7315+2                *
*
TEMP*                  4             187        3.7315+2                *
*
TEMP*                  4             332        3.7315+2                *
*
TEMP*                  4             148        3.7315+2                *
*
TEMP*                  4             169        3.7315+2                *
*
TEMP*                  4             333        3.7315+2                *
*
TEMP*                  4             188        3.7315+2                *
*
TEMP*                  4             140        3.7315+2                *
*
TEMP*                  4             168        3.7315+2                *
*
TEMP*                  4              19        3.7315+2                *
*
TEMP*                  4              32        3.7315+2                *
*
TEMP*                  4             171        3.7315+2                *
*
TEMP*                  4             173        3.7315+2                *
*
TEMP*                  4             236        3.7315+2                *
*
TEMP*                  4               4        3.7315+2                *
*
TEMP*                  4             172        3.7315+2                *
*
TEMP*                  4              49        3.7315+2                *
*
TEMP*                  4             174        3.7315+2                *
*
TEMP*                  4             177        3.7315+2                *
*
TEMP*                  4             176        3.7315+2                *
*
TEMP*                  4              42        3.7315+2                *
*
TEMP*                  4             175        3.7315+2                *
*
TEMP*                  4             182        3.7315+2                *
*
TEMP*                  4             184        3.7315+2                *
*
TEMP*                  4              68        3.7315+2                *
*
TEMP*                  4             251        3.7315+2                *
*
TEMP*                  4             142        3.7315+2                *
*
TEMP*                  4             185        3.7315+2                *
*
TEMP*                  4             192        3.7315+2                *
*
TEMP*                  4              26        3.7315+2                *
*
TEMP*                  4             270        3.7315+2                *
*
TEMP*                  4             286        3.7315+2                *
*
TEMP*                  4             200        3.7315+2                *
*
TEMP*                  4              16        3.7315+2                *
*
TEMP*                  4             346        3.7315+2                *
*
TEMP*                  4             197        3.7315+2                *
*
TEMP*                  4             257        3.7315+2                *
*
TEMP*                  4             246        3.7315+2                *
*
TEMP*                  4             255        3.7315+2                *
*
TEMP*                  4             248        3.7315+2                *
*
TEMP*                  4             233        3.7315+2                *
*
TEMP*                  4             239        3.7315+2                *
*
TEMP*                  4             240        3.7315+2                *
*
TEMP*                  4             245        3.7315+2                *
*
TEMP*                  4             247        3.7315+2                *
*
TEMP*                  4             266        3.7315+2                *
*
TEMP*                  4             267        3.7315+2                *
*
TEMP*                  4             243        3.7315+2                *
*
TEMP*                  4             244        3.7315+2                *
*
TEMP*                  4             272        3.7315+2                *
*
TEMP*                  4             271        3.7315+2                *
*
TEMP*                  4             252        3.7315+2                *
*
TEMP*                  4             237        3.7315+2                *
*
TEMP*                  4             242        3.7315+2                *
*
TEMP*                  4             259        3.7315+2                *
*
TEMP*                  4             231        3.7315+2                *
*
TEMP*                  4              34        3.7315+2                *
*
TEMP*                  4             241        3.7315+2                *
*
TEMP*                  4             203        3.7315+2                *
*
TEMP*                  4             280        3.7315+2                *
*
TEMP*                  4             284        3.7315+2                *
*
TEMP*                  4             283        3.7315+2                *
*
TEMP*                  4             281        3.7315+2                *
*
TEMP*                  4             204        3.7315+2                *
*
TEMP*                  4             282        3.7315+2                *
*
TEMP*                  4             206        3.7315+2                *
*
TEMP*                  4             303        3.7315+2                *
*
TEMP*                  4             301        3.7315+2                *
*
TEMP*                  4             285        3.7315+2                *
*
TEMP*                  4             321        3.7315+2                *
*
TEMP*                  4             320        3.7315+2                *
*
TEMP*                  4             308        3.7315+2                *
*
TEMP*                  4             198        3.7315+2                *
*
TEMP*                  4             309        3.7315+2                *
*
TEMP*                  4              57        3.7315+2                *
*
TEMP*                  4              15        3.7315+2                *
*
TEMP*                  4             352        3.7315+2                *
*
TEMP*                  4             355        3.7315+2                *
*
TEMP*                  4             354        3.7315+2                *
*
TEMP*                  4             353        3.7315+2                *
*
TEMP*                  4             205        3.7315+2                *
*
TEMP*                  4             400        3.7315+2                *
*
TEMP*                  4             398        3.7315+2                *
*
TEMP*                  4             112        3.7315+2                *
*
TEMP*                  4             402        3.7315+2                *
*
TEMP*                  4             209        3.7315+2                *
*
TEMP*                  4              77        3.7315+2                *
*
TEMP*                  4             160        3.7315+2                *
*
TEMP*                  4             158        3.7315+2                *
*
TEMP*                  4             179        3.7315+2                *
*
TEMP*                  4             178        3.7315+2                *
*
TEMP*                  4             161        3.7315+2                *
*
TEMP*                  4             181        3.7315+2                *
*
TEMP*                  4             180        3.7315+2                *
*
TEMP*                  4             336        3.7315+2                *
*
TEMP*                  4             334        3.7315+2                *
*
TEMP*                  4               2        3.7315+2                *
*
TEMP*                  4             337        3.7315+2                *
*
TEMP*                  4             341        3.7315+2                *
*
TEMP*                  4             340        3.7315+2                *
*
TEMP*                  4               1        3.7315+2                *
*
TEMP*                  4             338        3.7315+2                *
*
TEMP*                  4             351        3.7315+2                *
*
TEMP*                  4             363        3.7315+2                *
*
TEMP*                  4             224        3.7315+2                *
*
TEMP*                  4             356        3.7315+2                *
*
TEMP*                  4              56        3.7315+2                *
*
TEMP*                  4             357        3.7315+2                *
*
TEMP*                  4             368        3.7315+2                *
*
TEMP*                  4             371        3.7315+2                *
*
TEMP*                  4              96        3.7315+2                *
*
TEMP*                  4             302        3.7315+2                *
*
TEMP*                  4              61        3.7315+2                *
*
TEMP*                  4             369        3.7315+2                *
*
TEMP*                  4             373        3.7315+2                *
*
TEMP*                  4             383        3.7315+2                *
*
TEMP*                  4             382        3.7315+2                *
*
TEMP*                  4              64        3.7315+2                *
*
TEMP*                  4             374        3.7315+2                *
*
TEMP*                  4             384        3.7315+2                *
*
TEMP*                  4             385        3.7315+2                *
*
TEMP*                  4              41        3.7315+2                *
*
TEMP*                  4             310        3.7315+2                *
*
TEMP*                  4              13        3.7315+2                *
*
TEMP*                  4             396        3.7315+2                *
*
TEMP*                  4             278        3.7315+2                *
*
TEMP*                  4             256        3.7315+2                *
*
TEMP*                  4             194        3.7315+2                *
*
TEMP*                  4             183        3.7315+2                *
*
TEMP*                  4             279        3.7315+2                *
*
TEMP*                  4               9        3.7315+2                *
*
TEMP*                  4               8        3.7315+2                *
*
TEMP*                  4               7        3.7315+2                *
*
TEMP*                  4              10        3.7315+2                *
*
TEMP*                  4              24        3.7315+2                *
*
TEMP*                  4             216        3.7315+2                *
*
TEMP*                  4              12        3.7315+2                *
*
TEMP*                  4              23        3.7315+2                *
*
TEMP*                  4              14        3.7315+2                *
*
TEMP*                  4              66        3.7315+2                *
*
TEMP*                  4              25        3.7315+2                *
*
TEMP*                  4              62        3.7315+2                *
*
TEMP*                  4              29        3.7315+2                *
*
TEMP*                  4              28        3.7315+2                *
*
TEMP*                  4             133        3.7315+2                *
*
TEMP*                  4              65        3.7315+2                *
*
TEMP*                  4              71        3.7315+2                *
*
TEMP*                  4              70        3.7315+2                *
*
TEMP*                  4             214        3.7315+2                *
*
TEMP*                  4              69        3.7315+2                *
*
TEMP*                  4              72        3.7315+2                *
*
TEMP*                  4              74        3.7315+2                *
*
TEMP*                  4              60        3.7315+2                *
*
TEMP*                  4              73        3.7315+2                *
*
TEMP*                  4             159        3.7315+2                *
*
TEMP*                  4             118        3.7315+2                *
*
TEMP*                  4             122        3.7315+2                *
*
TEMP*                  4             120        3.7315+2                *
*
TEMP*                  4             119        3.7315+2                *
*
TEMP*                  4             155        3.7315+2                *
*
TEMP*                  4             153        3.7315+2                *
*
TEMP*                  4             123        3.7315+2                *
*
TEMP*                  4             126        3.7315+2                *
*
TEMP*                  4             125        3.7315+2                *
*
TEMP*                  4               5        3.7315+2                *
*
TEMP*                  4             127        3.7315+2                *
*
TEMP*                  4             132        3.7315+2                *
*
TEMP*                  4             131        3.7315+2                *
*
TEMP*                  4             128        3.7315+2                *
*
TEMP*                  4             156        3.7315+2                *
*
TEMP*                  4             138        3.7315+2                *
*
TEMP*                  4             143        3.7315+2                *
*
TEMP*                  4             146        3.7315+2                *
*
TEMP*                  4             145        3.7315+2                *
*
TEMP*                  4             144        3.7315+2                *
*
TEMP*                  4             147        3.7315+2                *
*
TEMP*                  4             150        3.7315+2                *
*
TEMP*                  4             152        3.7315+2                *
*
TEMP*                  4             151        3.7315+2                *
*
TEMP*                  4             211        3.7315+2                *
*
TEMP*                  4             210        3.7315+2                *
*
TEMP*                  4              51        3.7315+2                *
*
TEMP*                  4             212        3.7315+2                *
*
TEMP*                  4             223        3.7315+2                *
*
TEMP*                  4             222        3.7315+2                *
*
TEMP*                  4             215        3.7315+2                *
*
TEMP*                  4             227        3.7315+2                *
*
TEMP*                  4             226        3.7315+2                *
*
TEMP*                  4             229        3.7315+2                *
*
TEMP*                  4             234        3.7315+2                *
*
TEMP*                  4             232        3.7315+2                *
*
TEMP*                  4             103        3.7315+2                *
*
TEMP*                  4             399        3.7315+2                *
*
TEMP*                  4              45        3.7315+2                *
*
TEMP*                  4             322        3.7315+2                *
*
TEMP*                  4             104        3.7315+2                *
*
TEMP*                  4             235        3.7315+2                *
*
TEMP*                  4             254        3.7315+2                *
*
TEMP*                  4             261        3.7315+2                *
*
TEMP*                  4             258        3.7315+2                *
*
TEMP*                  4             260        3.7315+2                *
*
TEMP*                  4             264        3.7315+2                *
*
TEMP*                  4             262        3.7315+2                *
*
TEMP*                  4             277        3.7315+2                *
*
TEMP*                  4             273        3.7315+2                *
*
TEMP*                  4             290        3.7315+2                *
*
TEMP*                  4             289        3.7315+2                *
*
TEMP*                  4             288        3.7315+2                *
*
TEMP*                  4             291        3.7315+2                *
*
TEMP*                  4             294        3.7315+2                *
*
TEMP*                  4             114        3.7315+2                *
*
TEMP*                  4             292        3.7315+2                *
*
TEMP*                  4              52        3.7315+2                *
*
TEMP*                  4             113        3.7315+2                *
*
TEMP*                  4             297        3.7315+2                *
*
TEMP*                  4             295        3.7315+2                *
*
TEMP*                  4             300        3.7315+2                *
*
TEMP*                  4              75        3.7315+2                *
*
TEMP*                  4             307        3.7315+2                *
*
TEMP*                  4             306        3.7315+2                *
*
TEMP*                  4             314        3.7315+2                *
*
TEMP*                  4             312        3.7315+2                *
*
TEMP*                  4             316        3.7315+2                *
*
TEMP*                  4             311        3.7315+2                *
*
TEMP*                  4             319        3.7315+2                *
*
TEMP*                  4             323        3.7315+2                *
*
TEMP*                  4             327        3.7315+2                *
*
TEMP*                  4             325        3.7315+2                *
*
TEMP*                  4             328        3.7315+2                *
*
TEMP*                  4             331        3.7315+2                *
*
TEMP*                  4             342        3.7315+2                *
*
TEMP*                  4             345        3.7315+2                *
*
TEMP*                  4             344        3.7315+2                *
*
TEMP*                  4             349        3.7315+2                *
*
TEMP*                  4             348        3.7315+2                *
*
TEMP*                  4             350        3.7315+2                *
*
TEMP*                  4             360        3.7315+2                *
*
TEMP*                  4             362        3.7315+2                *
*
TEMP*                  4             366        3.7315+2                *
*
TEMP*                  4             365        3.7315+2                *
*
TEMP*                  4             367        3.7315+2                *
*
$--1---><--2---><--3---><--4---><--5---><--6---><--7---><--8---><--9---><--10-->
TEMPD*                 4        2.7315+2                                *
*
$--1---><--2---><--3---><--4---><--5---><--6---><--7---><--8---><--9---><--10-->
$ Cylindrical shell normals for Nastran
SNORM,1,0,2.81908E+00,0.00000E+00,1.02606E+00
SNORM,2,0,2.59808E+00,0.00000E+00,1.50000E+00
SNORM,3,0,-1.02606E+00,0.00000E+00,2.81908E+00
SNORM,4,0,3.00000E+00,0.00000E+00,0.00000E+00
SNORM,5,0,-1.50000E+00,0.00000E+00,2.59808E+00
SNORM,6,0,-1.72073E+00,0.00000E+00,2.45746E+00
SNORM,7,0,-2.12132E+00,0.00000E+00,2.12132E+00
SNORM,8,0,-2.12132E+00,0.00000E+00,2.12132E+00
SNORM,9,0,-1.92836E+00,0.00000E+00,2.29813E+00
SNORM,10,0,-2.71892E+00,0.00000E+00,1.26785E+00
SNORM,11,0,-5.20945E-01,0.00000E+00,2.95442E+00
SNORM,12,0,-2.71892E+00,0.00000E+00,1.26785E+00
SNORM,13,0,-5.20945E-01,0.00000E+00,2.95442E+00
SNORM,14,0,-2.89778E+00,0.00000E+00,7.76457E-01
SNORM,15,0,5.20945E-01,0.00000E+00,2.95442E+00
SNORM,16,0,5.20945E-01,0.00000E+00,2.95442E+00
SNORM,17,0,-3.00000E+00,0.00000E+00,0.00000E+00
SNORM,18,0,-2.81908E+00,0.00000E+00,1.02606E+00
SNORM,19,0,-2.81908E+00,0.00000E+00,1.02606E+00
SNORM,20,0,-2.89778E+00,0.00000E+00,7.76457E-01
SNORM,21,0,-2.29813E+00,0.00000E+00,1.92836E+00
SNORM,22,0,-2.29813E+00,0.00000E+00,1.92836E+00
SNORM,23,0,-2.81908E+00,0.00000E+00,1.02606E+00
SNORM,24,0,-2.81908E+00,0.00000E+00,1.02606E+00
SNORM,25,0,-2.98858E+00,0.00000E+00,2.61467E-01
SNORM,26,0,-2.89778E+00,0.00000E+00,7.76457E-01
SNORM,27,0,-2.29813E+00,0.00000E+00,1.92836E+00
SNORM,28,0,-2.89778E+00,0.00000E+00,7.76457E-01
SNORM,29,0,-2.98858E+00,0.00000E+00,2.61467E-01
SNORM,30,0,-1.92836E+00,0.00000E+00,2.29813E+00
SNORM,31,0,-1.50000E+00,0.00000E+00,2.59808E+00
SNORM,32,0,2.95442E+00,0.00000E+00,5.20945E-01
SNORM,33,0,-2.81908E+00,0.00000E+00,1.02606E+00
SNORM,34,0,2.29813E+00,0.00000E+00,1.92836E+00
SNORM,35,0,2.95442E+00,0.00000E+00,5.20945E-01
SNORM,36,0,2.59808E+00,0.00000E+00,1.50000E+00
SNORM,37,0,2.59808E+00,0.00000E+00,1.50000E+00
SNORM,38,0,2.81908E+00,0.00000E+00,1.02606E+00
SNORM,39,0,1.50000E+00,0.00000E+00,2.59808E+00
SNORM,40,0,5.20945E-01,0.00000E+00,2.95442E+00
SNORM,41,0,-5.20945E-01,0.00000E+00,2.95442E+00
SNORM,42,0,2.59808E+00,0.00000E+00,1.50000E+00
SNORM,43,0,1.92836E+00,0.00000E+00,2.29813E+00
SNORM,44,0,1.50000E+00,0.00000E+00,2.59808E+00
SNORM,45,0,5.20945E-01,0.00000E+00,2.95442E+00
SNORM,46,0,1.50000E+00,0.00000E+00,2.59808E+00
SNORM,47,0,1.92836E+00,0.00000E+00,2.29813E+00
SNORM,48,0,2.29813E+00,0.00000E+00,1.92836E+00
SNORM,49,0,2.29813E+00,0.00000E+00,1.92836E+00
SNORM,50,0,2.29813E+00,0.00000E+00,1.92836E+00
SNORM,51,0,-2.81908E+00,0.00000E+00,1.02606E+00
SNORM,52,0,2.29813E+00,0.00000E+00,1.92836E+00
SNORM,53,0,2.29813E+00,0.00000E+00,1.92836E+00
SNORM,54,0,2.81908E+00,0.00000E+00,1.02606E+00
SNORM,55,0,-1.01462E-15,0.00000E+00,3.00000E+00
SNORM,56,0,2.81908E+00,0.00000E+00,1.02606E+00
SNORM,57,0,-1.50000E+00,0.00000E+00,2.59808E+00
SNORM,58,0,-3.00000E+00,0.00000E+00,0.00000E+00
SNORM,59,0,-1.50000E+00,0.00000E+00,2.59808E+00
SNORM,60,0,3.00000E+00,0.00000E+00,0.00000E+00
SNORM,61,0,-1.50000E+00,0.00000E+00,2.59808E+00
SNORM,62,0,-2.95442E+00,0.00000E+00,5.20945E-01
SNORM,63,0,-1.01462E-15,0.00000E+00,3.00000E+00
SNORM,64,0,-1.02606E+00,0.00000E+00,2.81908E+00
SNORM,65,0,2.89778E+00,0.00000E+00,7.76457E-01
SNORM,66,0,-3.00000E+00,0.00000E+00,0.00000E+00
SNORM,67,0,-5.20945E-01,0.00000E+00,2.95442E+00
SNORM,68,0,2.81908E+00,0.00000E+00,1.02606E+00
SNORM,69,0,2.89778E+00,0.00000E+00,7.76457E-01
SNORM,70,0,2.71892E+00,0.00000E+00,1.26785E+00
SNORM,71,0,2.81908E+00,0.00000E+00,1.02606E+00
SNORM,72,0,2.98858E+00,0.00000E+00,2.61467E-01
SNORM,73,0,2.98858E+00,0.00000E+00,2.61467E-01
SNORM,74,0,2.95442E+00,0.00000E+00,5.20945E-01
SNORM,75,0,1.26785E+00,0.00000E+00,2.71892E+00
SNORM,76,0,1.72073E+00,0.00000E+00,2.45746E+00
SNORM,77,0,1.26785E+00,0.00000E+00,2.71892E+00
SNORM,78,0,2.89778E+00,0.00000E+00,7.76457E-01
SNORM,79,0,2.89778E+00,0.00000E+00,7.76457E-01
SNORM,80,0,2.71892E+00,0.00000E+00,1.26785E+00
SNORM,81,0,2.81908E+00,0.00000E+00,1.02606E+00
SNORM,82,0,2.12132E+00,0.00000E+00,2.12132E+00
SNORM,83,0,2.12132E+00,0.00000E+00,2.12132E+00
SNORM,84,0,1.72073E+00,0.00000E+00,2.45746E+00
SNORM,85,0,1.92836E+00,0.00000E+00,2.29813E+00
SNORM,86,0,-2.61467E-01,0.00000E+00,2.98858E+00
SNORM,87,0,-5.20945E-01,0.00000E+00,2.95442E+00
SNORM,88,0,-1.50000E+00,0.00000E+00,2.59808E+00
SNORM,89,0,2.45746E+00,0.00000E+00,1.72073E+00
SNORM,90,0,2.59808E+00,0.00000E+00,1.50000E+00
SNORM,91,0,2.45746E+00,0.00000E+00,1.72073E+00
SNORM,92,0,2.29813E+00,0.00000E+00,1.92836E+00
SNORM,93,0,-2.71892E+00,0.00000E+00,1.26785E+00
SNORM,94,0,-2.59808E+00,0.00000E+00,1.50000E+00
SNORM,95,0,-2.98858E+00,0.00000E+00,2.61467E-01
SNORM,96,0,-1.02606E+00,0.00000E+00,2.81908E+00
SNORM,97,0,-1.92836E+00,0.00000E+00,2.29813E+00
SNORM,98,0,-1.92836E+00,0.00000E+00,2.29813E+00
SNORM,99,0,-2.98858E+00,0.00000E+00,2.61467E-01
SNORM,100,0,-1.50000E+00,0.00000E+00,2.59808E+00
SNORM,101,0,-2.29813E+00,0.00000E+00,1.92836E+00
SNORM,102,0,1.02606E+00,0.00000E+00,2.81908E+00
SNORM,103,0,1.02606E+00,0.00000E+00,2.81908E+00
SNORM,104,0,-1.01462E-15,0.00000E+00,3.00000E+00
SNORM,105,0,5.20945E-01,0.00000E+00,2.95442E+00
SNORM,106,0,1.02606E+00,0.00000E+00,2.81908E+00
SNORM,107,0,5.20945E-01,0.00000E+00,2.95442E+00
SNORM,108,0,1.92836E+00,0.00000E+00,2.29813E+00
SNORM,109,0,1.92836E+00,0.00000E+00,2.29813E+00
SNORM,110,0,1.50000E+00,0.00000E+00,2.59808E+00
SNORM,111,0,-2.95442E+00,0.00000E+00,5.20945E-01
SNORM,112,0,1.50000E+00,0.00000E+00,2.59808E+00
SNORM,113,0,2.12132E+00,0.00000E+00,2.12132E+00
SNORM,114,0,2.59808E+00,0.00000E+00,1.50000E+00
SNORM,115,0,-2.89778E+00,0.00000E+00,7.76457E-01
SNORM,116,0,-2.98858E+00,0.00000E+00,2.61467E-01
SNORM,117,0,-2.98858E+00,0.00000E+00,2.61467E-01
SNORM,118,0,-1.26785E+00,0.00000E+00,2.71892E+00
SNORM,119,0,-1.72073E+00,0.00000E+00,2.45746E+00
SNORM,120,0,-1.72073E+00,0.00000E+00,2.45746E+00
SNORM,121,0,1.92836E+00,0.00000E+00,2.29813E+00
SNORM,122,0,-1.50000E+00,0.00000E+00,2.59808E+00
SNORM,123,0,-7.76457E-01,0.00000E+00,2.89778E+00
SNORM,124,0,-7.76457E-01,0.00000E+00,2.89778E+00
SNORM,125,0,-1.26785E+00,0.00000E+00,2.71892E+00
SNORM,126,0,-1.02606E+00,0.00000E+00,2.81908E+00
SNORM,127,0,-1.26785E+00,0.00000E+00,2.71892E+00
SNORM,128,0,-1.72073E+00,0.00000E+00,2.45746E+00
SNORM,129,0,2.29813E+00,0.00000E+00,1.92836E+00
SNORM,130,0,2.29813E+00,0.00000E+00,1.92836E+00
SNORM,131,0,-1.72073E+00,0.00000E+00,2.45746E+00
SNORM,132,0,-1.50000E+00,0.00000E+00,2.59808E+00
SNORM,133,0,-2.95442E+00,0.00000E+00,5.20945E-01
SNORM,134,0,-2.95442E+00,0.00000E+00,5.20945E-01
SNORM,135,0,-2.95442E+00,0.00000E+00,5.20945E-01
SNORM,136,0,-1.00685E-15,0.00000E+00,3.00000E+00
SNORM,137,0,2.12132E+00,0.00000E+00,2.12132E+00
SNORM,138,0,-2.12132E+00,0.00000E+00,2.12132E+00
SNORM,139,0,-2.45746E+00,0.00000E+00,1.72073E+00
SNORM,140,0,-2.45746E+00,0.00000E+00,1.72073E+00
SNORM,141,0,-2.95442E+00,0.00000E+00,5.20945E-01
SNORM,142,0,-2.95442E+00,0.00000E+00,5.20945E-01
SNORM,143,0,-2.29813E+00,0.00000E+00,1.92836E+00
SNORM,144,0,-1.72073E+00,0.00000E+00,2.45746E+00
SNORM,145,0,-2.12132E+00,0.00000E+00,2.12132E+00
SNORM,146,0,-1.92836E+00,0.00000E+00,2.29813E+00
SNORM,147,0,-2.12132E+00,0.00000E+00,2.12132E+00
SNORM,148,0,-2.45746E+00,0.00000E+00,1.72073E+00
SNORM,149,0,-2.45746E+00,0.00000E+00,1.72073E+00
SNORM,150,0,-2.29813E+00,0.00000E+00,1.92836E+00
SNORM,151,0,-2.12132E+00,0.00000E+00,2.12132E+00
SNORM,152,0,-1.92836E+00,0.00000E+00,2.29813E+00
SNORM,153,0,-1.02606E+00,0.00000E+00,2.81908E+00
SNORM,154,0,-1.02606E+00,0.00000E+00,2.81908E+00
SNORM,155,0,-1.92836E+00,0.00000E+00,2.29813E+00
SNORM,156,0,-1.92836E+00,0.00000E+00,2.29813E+00
SNORM,157,0,2.12132E+00,0.00000E+00,2.12132E+00
SNORM,158,0,1.72073E+00,0.00000E+00,2.45746E+00
SNORM,159,0,-1.50000E+00,0.00000E+00,2.59808E+00
SNORM,160,0,1.92836E+00,0.00000E+00,2.29813E+00
SNORM,161,0,1.72073E+00,0.00000E+00,2.45746E+00
SNORM,162,0,-2.71892E+00,0.00000E+00,1.26785E+00
SNORM,163,0,-2.71892E+00,0.00000E+00,1.26785E+00
SNORM,164,0,-2.89778E+00,0.00000E+00,7.76457E-01
SNORM,165,0,-2.81908E+00,0.00000E+00,1.02606E+00
SNORM,166,0,-2.45746E+00,0.00000E+00,1.72073E+00
SNORM,167,0,-2.59808E+00,0.00000E+00,1.50000E+00
SNORM,168,0,-2.71892E+00,0.00000E+00,1.26785E+00
SNORM,169,0,-2.59808E+00,0.00000E+00,1.50000E+00
SNORM,170,0,1.26785E+00,0.00000E+00,2.71892E+00
SNORM,171,0,2.98858E+00,0.00000E+00,2.61467E-01
SNORM,172,0,2.98858E+00,0.00000E+00,2.61467E-01
SNORM,173,0,2.95442E+00,0.00000E+00,5.20945E-01
SNORM,174,0,2.45746E+00,0.00000E+00,1.72073E+00
SNORM,175,0,2.45746E+00,0.00000E+00,1.72073E+00
SNORM,176,0,2.12132E+00,0.00000E+00,2.12132E+00
SNORM,177,0,2.29813E+00,0.00000E+00,1.92836E+00
SNORM,178,0,1.26785E+00,0.00000E+00,2.71892E+00
SNORM,179,0,1.50000E+00,0.00000E+00,2.59808E+00
SNORM,180,0,7.76457E-01,0.00000E+00,2.89778E+00
SNORM,181,0,1.02606E+00,0.00000E+00,2.81908E+00
SNORM,182,0,2.71892E+00,0.00000E+00,1.26785E+00
SNORM,183,0,-1.92836E+00,0.00000E+00,2.29813E+00
SNORM,184,0,2.59808E+00,0.00000E+00,1.50000E+00
SNORM,185,0,-2.89778E+00,0.00000E+00,7.76457E-01
SNORM,186,0,-2.59808E+00,0.00000E+00,1.50000E+00
SNORM,187,0,-2.59808E+00,0.00000E+00,1.50000E+00
SNORM,188,0,-2.29813E+00,0.00000E+00,1.92836E+00
SNORM,189,0,-2.59808E+00,0.00000E+00,1.50000E+00
SNORM,190,0,-2.95442E+00,0.00000E+00,5.20945E-01
SNORM,191,0,2.81908E+00,0.00000E+00,1.02606E+00
SNORM,192,0,-2.81908E+00,0.00000E+00,1.02606E+00
SNORM,193,0,-2.61467E-01,0.00000E+00,2.98858E+00
SNORM,194,0,-7.76457E-01,0.00000E+00,2.89778E+00
SNORM,195,0,-2.81908E+00,0.00000E+00,1.02606E+00
SNORM,196,0,-5.07308E-16,0.00000E+00,3.00000E+00
SNORM,197,0,-5.07308E-16,0.00000E+00,3.00000E+00
SNORM,198,0,-1.02606E+00,0.00000E+00,2.81908E+00
SNORM,199,0,-5.20945E-01,0.00000E+00,2.95442E+00
SNORM,200,0,-2.79680E-16,0.00000E+00,3.00000E+00
SNORM,201,0,-1.72073E+00,0.00000E+00,2.45746E+00
SNORM,202,0,-2.12132E+00,0.00000E+00,2.12132E+00
SNORM,203,0,1.02606E+00,0.00000E+00,2.81908E+00
SNORM,204,0,1.02606E+00,0.00000E+00,2.81908E+00
SNORM,205,0,0.00000E+00,0.00000E+00,3.00000E+00
SNORM,206,0,5.20945E-01,0.00000E+00,2.95442E+00
SNORM,207,0,1.92836E+00,0.00000E+00,2.29813E+00
SNORM,208,0,1.02606E+00,0.00000E+00,2.81908E+00
SNORM,209,0,1.50000E+00,0.00000E+00,2.59808E+00
SNORM,210,0,-2.12132E+00,0.00000E+00,2.12132E+00
SNORM,211,0,-1.92836E+00,0.00000E+00,2.29813E+00
SNORM,212,0,-2.71892E+00,0.00000E+00,1.26785E+00
SNORM,213,0,-2.59808E+00,0.00000E+00,1.50000E+00
SNORM,214,0,2.95442E+00,0.00000E+00,5.20945E-01
SNORM,215,0,-2.71892E+00,0.00000E+00,1.26785E+00
SNORM,216,0,-2.59808E+00,0.00000E+00,1.50000E+00
SNORM,217,0,-2.95442E+00,0.00000E+00,5.20945E-01
SNORM,218,0,-2.81908E+00,0.00000E+00,1.02606E+00
SNORM,219,0,-2.59808E+00,0.00000E+00,1.50000E+00
SNORM,220,0,-2.81908E+00,0.00000E+00,1.02606E+00
SNORM,221,0,-2.89778E+00,0.00000E+00,7.76457E-01
SNORM,222,0,-2.89778E+00,0.00000E+00,7.76457E-01
SNORM,223,0,-2.81908E+00,0.00000E+00,1.02606E+00
SNORM,224,0,2.95442E+00,0.00000E+00,5.20945E-01
SNORM,225,0,-2.45746E+00,0.00000E+00,1.72073E+00
SNORM,226,0,-2.45746E+00,0.00000E+00,1.72073E+00
SNORM,227,0,-2.59808E+00,0.00000E+00,1.50000E+00
SNORM,228,0,2.81908E+00,0.00000E+00,1.02606E+00
SNORM,229,0,7.76457E-01,0.00000E+00,2.89778E+00
SNORM,230,0,3.00000E+00,0.00000E+00,0.00000E+00
SNORM,231,0,-1.50000E+00,0.00000E+00,2.59808E+00
SNORM,232,0,2.61467E-01,0.00000E+00,2.98858E+00
SNORM,233,0,-1.50000E+00,0.00000E+00,2.59808E+00
SNORM,234,0,5.20945E-01,0.00000E+00,2.95442E+00
SNORM,235,0,2.89778E+00,0.00000E+00,7.76457E-01
SNORM,236,0,2.89778E+00,0.00000E+00,7.76457E-01
SNORM,237,0,-5.20945E-01,0.00000E+00,2.95442E+00
SNORM,238,0,-3.00000E+00,0.00000E+00,0.00000E+00
SNORM,239,0,-5.20945E-01,0.00000E+00,2.95442E+00
SNORM,240,0,-1.50000E+00,0.00000E+00,2.59808E+00
SNORM,241,0,5.20945E-01,0.00000E+00,2.95442E+00
SNORM,242,0,5.20945E-01,0.00000E+00,2.95442E+00
SNORM,243,0,-3.00000E+00,0.00000E+00,0.00000E+00
SNORM,244,0,-2.81908E+00,0.00000E+00,1.02606E+00
SNORM,245,0,-2.81908E+00,0.00000E+00,1.02606E+00
SNORM,246,0,2.71892E+00,0.00000E+00,1.26785E+00
SNORM,247,0,-2.29813E+00,0.00000E+00,1.92836E+00
SNORM,248,0,-2.29813E+00,0.00000E+00,1.92836E+00
SNORM,249,0,-2.81908E+00,0.00000E+00,1.02606E+00
SNORM,250,0,3.00000E+00,0.00000E+00,0.00000E+00
SNORM,251,0,2.71892E+00,0.00000E+00,1.26785E+00
SNORM,252,0,-1.50000E+00,0.00000E+00,2.59808E+00
SNORM,253,0,-2.29813E+00,0.00000E+00,1.92836E+00
SNORM,254,0,2.81908E+00,0.00000E+00,1.02606E+00
SNORM,255,0,2.59808E+00,0.00000E+00,1.50000E+00
SNORM,256,0,-7.76457E-01,0.00000E+00,2.89778E+00
SNORM,257,0,-2.61467E-01,0.00000E+00,2.98858E+00
SNORM,258,0,-2.61467E-01,0.00000E+00,2.98858E+00
SNORM,259,0,-3.00000E+00,0.00000E+00,0.00000E+00
SNORM,260,0,-7.76457E-01,0.00000E+00,2.89778E+00
SNORM,261,0,-5.20945E-01,0.00000E+00,2.95442E+00
SNORM,262,0,-7.76457E-01,0.00000E+00,2.89778E+00
SNORM,263,0,-1.26785E+00,0.00000E+00,2.71892E+00
SNORM,264,0,-1.02606E+00,0.00000E+00,2.81908E+00
SNORM,265,0,1.50000E+00,0.00000E+00,2.59808E+00
SNORM,266,0,5.20945E-01,0.00000E+00,2.95442E+00
SNORM,267,0,-5.20945E-01,0.00000E+00,2.95442E+00
SNORM,268,0,2.81908E+00,0.00000E+00,1.02606E+00
SNORM,269,0,-2.61467E-01,0.00000E+00,2.98858E+00
SNORM,270,0,1.50000E+00,0.00000E+00,2.59808E+00
SNORM,271,0,5.20945E-01,0.00000E+00,2.95442E+00
SNORM,272,0,1.50000E+00,0.00000E+00,2.59808E+00
SNORM,273,0,-2.61467E-01,0.00000E+00,2.98858E+00
SNORM,274,0,2.29813E+00,0.00000E+00,1.92836E+00
SNORM,275,0,2.29813E+00,0.00000E+00,1.92836E+00
SNORM,276,0,2.29813E+00,0.00000E+00,1.92836E+00
SNORM,277,0,-5.20945E-01,0.00000E+00,2.95442E+00
SNORM,278,0,-5.20945E-01,0.00000E+00,2.95442E+00
SNORM,279,0,-1.72073E+00,0.00000E+00,2.45746E+00
SNORM,280,0,1.26785E+00,0.00000E+00,2.71892E+00
SNORM,281,0,1.26785E+00,0.00000E+00,2.71892E+00
SNORM,282,0,7.76457E-01,0.00000E+00,2.89778E+00
SNORM,283,0,7.76457E-01,0.00000E+00,2.89778E+00
SNORM,284,0,1.02606E+00,0.00000E+00,2.81908E+00
SNORM,285,0,7.76457E-01,0.00000E+00,2.89778E+00
SNORM,286,0,2.61467E-01,0.00000E+00,2.98858E+00
SNORM,287,0,2.12132E+00,0.00000E+00,2.12132E+00
SNORM,288,0,2.12132E+00,0.00000E+00,2.12132E+00
SNORM,289,0,1.72073E+00,0.00000E+00,2.45746E+00
SNORM,290,0,1.92836E+00,0.00000E+00,2.29813E+00
SNORM,291,0,2.45746E+00,0.00000E+00,1.72073E+00
SNORM,292,0,2.45746E+00,0.00000E+00,1.72073E+00
SNORM,293,0,2.12132E+00,0.00000E+00,2.12132E+00
SNORM,294,0,2.29813E+00,0.00000E+00,1.92836E+00
SNORM,295,0,2.71892E+00,0.00000E+00,1.26785E+00
SNORM,296,0,2.45746E+00,0.00000E+00,1.72073E+00
SNORM,297,0,2.59808E+00,0.00000E+00,1.50000E+00
SNORM,298,0,1.26785E+00,0.00000E+00,2.71892E+00
SNORM,299,0,7.76457E-01,0.00000E+00,2.89778E+00
SNORM,300,0,1.02606E+00,0.00000E+00,2.81908E+00
SNORM,301,0,2.61467E-01,0.00000E+00,2.98858E+00
SNORM,302,0,-1.26785E+00,0.00000E+00,2.71892E+00
SNORM,303,0,5.20945E-01,0.00000E+00,2.95442E+00
SNORM,304,0,-7.76457E-01,0.00000E+00,2.89778E+00
SNORM,305,0,-1.26785E+00,0.00000E+00,2.71892E+00
SNORM,306,0,-1.26785E+00,0.00000E+00,2.71892E+00
SNORM,307,0,-1.02606E+00,0.00000E+00,2.81908E+00
SNORM,308,0,-7.76457E-01,0.00000E+00,2.89778E+00
SNORM,309,0,-1.26785E+00,0.00000E+00,2.71892E+00
SNORM,310,0,-7.76457E-01,0.00000E+00,2.89778E+00
SNORM,311,0,-2.61467E-01,0.00000E+00,2.98858E+00
SNORM,312,0,2.45746E+00,0.00000E+00,1.72073E+00
SNORM,313,0,2.12132E+00,0.00000E+00,2.12132E+00
SNORM,314,0,2.29813E+00,0.00000E+00,1.92836E+00
SNORM,315,0,2.61467E-01,0.00000E+00,2.98858E+00
SNORM,316,0,-1.00685E-15,0.00000E+00,3.00000E+00
SNORM,317,0,2.45746E+00,0.00000E+00,1.72073E+00
SNORM,318,0,2.71892E+00,0.00000E+00,1.26785E+00
SNORM,319,0,2.59808E+00,0.00000E+00,1.50000E+00
SNORM,320,0,-1.26785E+00,0.00000E+00,2.71892E+00
SNORM,321,0,-1.02606E+00,0.00000E+00,2.81908E+00
SNORM,322,0,2.61467E-01,0.00000E+00,2.98858E+00
SNORM,323,0,2.61467E-01,0.00000E+00,2.98858E+00
SNORM,324,0,7.76457E-01,0.00000E+00,2.89778E+00
SNORM,325,0,7.76457E-01,0.00000E+00,2.89778E+00
SNORM,326,0,2.61467E-01,0.00000E+00,2.98858E+00
SNORM,327,0,5.20945E-01,0.00000E+00,2.95442E+00
SNORM,328,0,1.26785E+00,0.00000E+00,2.71892E+00
SNORM,329,0,1.26785E+00,0.00000E+00,2.71892E+00
SNORM,330,0,7.76457E-01,0.00000E+00,2.89778E+00
SNORM,331,0,1.02606E+00,0.00000E+00,2.81908E+00
SNORM,332,0,-2.71892E+00,0.00000E+00,1.26785E+00
SNORM,333,0,-2.71892E+00,0.00000E+00,1.26785E+00
SNORM,334,0,-2.89778E+00,0.00000E+00,7.76457E-01
SNORM,335,0,-2.89778E+00,0.00000E+00,7.76457E-01
SNORM,336,0,-2.81908E+00,0.00000E+00,1.02606E+00
SNORM,337,0,2.71892E+00,0.00000E+00,1.26785E+00
SNORM,338,0,2.71892E+00,0.00000E+00,1.26785E+00
SNORM,339,0,2.45746E+00,0.00000E+00,1.72073E+00
SNORM,340,0,2.45746E+00,0.00000E+00,1.72073E+00
SNORM,341,0,2.59808E+00,0.00000E+00,1.50000E+00
SNORM,342,0,-2.45746E+00,0.00000E+00,1.72073E+00
SNORM,343,0,-2.45746E+00,0.00000E+00,1.72073E+00
SNORM,344,0,-2.71892E+00,0.00000E+00,1.26785E+00
SNORM,345,0,-2.59808E+00,0.00000E+00,1.50000E+00
SNORM,346,0,2.61467E-01,0.00000E+00,2.98858E+00
SNORM,347,0,7.76457E-01,0.00000E+00,2.89778E+00
SNORM,348,0,2.61467E-01,0.00000E+00,2.98858E+00
SNORM,349,0,5.20945E-01,0.00000E+00,2.95442E+00
SNORM,350,0,-8.98860E-16,0.00000E+00,3.00000E+00
SNORM,351,0,2.89778E+00,0.00000E+00,7.76457E-01
SNORM,352,0,7.76457E-01,0.00000E+00,2.89778E+00
SNORM,353,0,2.61467E-01,0.00000E+00,2.98858E+00
SNORM,354,0,2.61467E-01,0.00000E+00,2.98858E+00
SNORM,355,0,5.20945E-01,0.00000E+00,2.95442E+00
SNORM,356,0,2.89778E+00,0.00000E+00,7.76457E-01
SNORM,357,0,2.71892E+00,0.00000E+00,1.26785E+00
SNORM,358,0,1.72073E+00,0.00000E+00,2.45746E+00
SNORM,359,0,1.26785E+00,0.00000E+00,2.71892E+00
SNORM,360,0,1.50000E+00,0.00000E+00,2.59808E+00
SNORM,361,0,-2.45746E+00,0.00000E+00,1.72073E+00
SNORM,362,0,-2.29813E+00,0.00000E+00,1.92836E+00
SNORM,363,0,2.81908E+00,0.00000E+00,1.02606E+00
SNORM,364,0,-2.71892E+00,0.00000E+00,1.26785E+00
SNORM,365,0,-2.89778E+00,0.00000E+00,7.76457E-01
SNORM,366,0,-2.81908E+00,0.00000E+00,1.02606E+00
SNORM,367,0,-1.50000E+00,0.00000E+00,2.59808E+00
SNORM,368,0,-1.26785E+00,0.00000E+00,2.71892E+00
SNORM,369,0,-1.72073E+00,0.00000E+00,2.45746E+00
SNORM,370,0,-1.72073E+00,0.00000E+00,2.45746E+00
SNORM,371,0,-1.50000E+00,0.00000E+00,2.59808E+00
SNORM,372,0,1.02606E+00,0.00000E+00,2.81908E+00
SNORM,373,0,-1.26785E+00,0.00000E+00,2.71892E+00
SNORM,374,0,-1.26785E+00,0.00000E+00,2.71892E+00
SNORM,375,0,-1.72073E+00,0.00000E+00,2.45746E+00
SNORM,376,0,2.61467E-01,0.00000E+00,2.98858E+00
SNORM,377,0,5.20945E-01,0.00000E+00,2.95442E+00
SNORM,378,0,-2.12132E+00,0.00000E+00,2.12132E+00
SNORM,379,0,-2.29813E+00,0.00000E+00,1.92836E+00
SNORM,380,0,-2.12132E+00,0.00000E+00,2.12132E+00
SNORM,381,0,-1.92836E+00,0.00000E+00,2.29813E+00
SNORM,382,0,-1.72073E+00,0.00000E+00,2.45746E+00
SNORM,383,0,-1.50000E+00,0.00000E+00,2.59808E+00
SNORM,384,0,-7.76457E-01,0.00000E+00,2.89778E+00
SNORM,385,0,-1.02606E+00,0.00000E+00,2.81908E+00
SNORM,386,0,1.72073E+00,0.00000E+00,2.45746E+00
SNORM,387,0,1.72073E+00,0.00000E+00,2.45746E+00
SNORM,388,0,1.50000E+00,0.00000E+00,2.59808E+00
SNORM,389,0,2.12132E+00,0.00000E+00,2.12132E+00
SNORM,390,0,1.92836E+00,0.00000E+00,2.29813E+00
SNORM,391,0,2.12132E+00,0.00000E+00,2.12132E+00
SNORM,392,0,2.29813E+00,0.00000E+00,1.92836E+00
SNORM,393,0,2.45746E+00,0.00000E+00,1.72073E+00
SNORM,394,0,2.29813E+00,0.00000E+00,1.92836E+00
SNORM,395,0,1.92836E+00,0.00000E+00,2.29813E+00
SNORM,396,0,-2.61467E-01,0.00000E+00,2.98858E+00
SNORM,397,0,-2.61467E-01,0.00000E+00,2.98858E+00
SNORM,398,0,-2.61467E-01,0.00000E+00,2.98858E+00
SNORM,399,0,7.76457E-01,0.00000E+00,2.89778E+00
SNORM,400,0,-6.43265E-16,0.00000E+00,3.00000E+00
SNORM,401,0,1.72073E+00,0.00000E+00,2.45746E+00
SNORM,402,0,1.72073E+00,0.00000E+00,2.45746E+00

ENDDATA 
