$ Generated by Mecway 33
$-----------------------EXECUTIVE CONTROL SECTION-----------------------
SOL 101
CEND
$-------------------------CASE CONTROL SECTION--------------------------
DISPLACEMENT = ALL
SPCFORCES = ALL
MPCFORCES = ALL
STRESS(CORNER) = ALL
SPC = 1
LOAD = 1
BEGIN BULK
$---------------------------BULK DATA SECTION---------------------------
GRID*                  1               0 7.07106781187-1-7.07106781187-1*
*                  0.0+0               0
GRID           2       0   0.0+0   1.0+0   0.0+0       0
GRID           3       0  -1.0+0   0.0+0   0.0+0       0
GRID*                  4               0-4.61748613235-1 8.87010833178-1*
*                  2.5-1               0
GRID*                  5               0-9.23879532511-1-3.82683432365-1*
*                  0.0+0               0
GRID*                  6               0-7.07106781187-1 7.07106781187-1*
*                  0.0+0               0
GRID           7       0   0.0+0  -1.0+0   0.0+0       0
GRID*                  8               0 9.91444861374-1 -1.3052619222-1*
*                  2.5-1               0
GRID*                  9               0-7.07106781187-1-7.07106781187-1*
*                  0.0+0               0
GRID*                 10               0-6.42787609687-1-7.66044443119-1*
*                  2.5-1               0
GRID*                 11               0-7.93353340291-1-6.08761429009-1*
*                  2.5-1               0
GRID*                 12               0-3.82683432365-1-9.23879532511-1*
*                  0.0+0               0
GRID          13       0   1.0+0   0.0+0   0.0+0       0
GRID*                 14               0 3.82683432365-1-9.23879532511-1*
*                  0.0+0               0
GRID*                 15               0 7.07106781187-1 7.07106781187-1*
*                  0.0+0               0
GRID*                 16               0-1.6081428723-16          -1.0+0*
*                  2.5-1               0
GRID*                 17               0 9.23879532511-1 3.82683432365-1*
*                  0.0+0               0
GRID*                 18               0 9.65925826289-1 2.58819045103-1*
*                  2.5-1               0
GRID*                 19               0-3.82683432365-1-9.23879532511-1*
*                  2.5-1               0
GRID*                 20               0           5.0-1 8.66025403784-1*
*                  2.5-1               0
GRID*                 21               0 7.93353340291-1 6.08761429009-1*
*                  2.5-1               0
GRID*                 22               0 3.82683432365-1 9.23879532511-1*
*                  0.0+0               0
GRID*                 23               0 9.23879532511-1-3.82683432365-1*
*                  0.0+0               0
GRID*                 24               0-1.6081428723-16           1.0+0*
*                  2.5-1               0
GRID*                 25               0 3.00705799504-1 9.53716950748-1*
*                  2.5-1               0
GRID*                 26               0-9.23879532511-1 3.82683432365-1*
*                  0.0+0               0
GRID*                 27               0-8.66025403784-1           5.0-1*
*                  2.5-1               0
GRID*                 28               0 7.66044443119-1-6.42787609687-1*
*                  2.5-1               0
GRID*                 29               0-9.65925826289-1-2.58819045103-1*
*                  2.5-1               0
GRID*                 30               0-9.91444861374-1  1.3052619222-1*
*                  2.5-1               0
GRID*                 31               0-3.82683432365-1 9.23879532511-1*
*                  0.0+0               0
GRID*                 32               0 3.82683432365-1-9.23879532511-1*
*                  2.5-1               0
GRID*                 33               0-4.21367188958-1-9.06890121277-1*
*              3.15625+0               0
GRID*                 34               0-4.92869747121-1 -8.7010310445-1*
*               3.1875+0               0
GRID*                 35               0-4.96411528327-1-8.68087319654-1*
*              3.15625+0               0
GRID*                 36               0-4.85763393716-1-8.74090341627-1*
*                 3.25+0               0
GRID*                 37               0-4.54465975442-1-8.90764097371-1*
*              3.21875+0               0
GRID*                 38               0-4.89320440687-1-8.72104068518-1*
*              3.21875+0               0
GRID*                 39               0-4.17668858121-1-9.08599320359-1*
*                 3.25+0               0
GRID*                 40               0-4.18901999622-1-9.08031450288-1*
*              3.21875+0               0
GRID*                 41               0 6.71558954847-1-7.40951125355-1*
*                  3.0+0               0
GRID*                 42               0 6.40682453669-1-7.67805960879-1*
*              3.03125+0               0
GRID*                 43               0 6.85567157289-1 -7.2800939063-1*
*               3.0625+0               0
GRID*                 44               0 6.78593423393-1 -7.3451410179-1*
*              3.03125+0               0
GRID*                 45               0 5.95699304492-1-8.03207531481-1*
*                  3.0+0               0
GRID*                 46               0 5.60075049503-1-8.28441874198-1*
*              3.03125+0               0
GRID*                 47               0 6.06560461008-1-7.95037362105-1*
*               3.0625+0               0
GRID*                 48               0 6.01143387941-1-7.99141180978-1*
*              3.03125+0               0
GRID*                 49               0 5.69035049852-1-8.22313268797-1*
*              3.09375+0               0
GRID*                 50               0 6.17316903838-1-7.86714586261-1*
*                3.125+0               0
GRID*                 51               0 6.53139343825-1-7.57237741761-1*
*              3.09375+0               0
GRID*                 52               0 6.11952438637-1-7.90894564937-1*
*              3.09375+0               0
GRID*                 53               0 6.99332664542-1-7.14796351631-1*
*                3.125+0               0
GRID*                 54               0 6.92480924571-1-7.21436185054-1*
*              3.09375+0               0
GRID*                 55               0 5.14102744193-1    -8.5772861-1*
*                  3.0+0               0
GRID*                 56               0 4.73787080187-1-8.80639428284-1*
*              3.03125+0               0
GRID*                 57               0 5.21067645924-1-8.53515382622-1*
*               3.0625+0               0
GRID*                 58               0 5.17589243368-1-8.55629227615-1*
*              3.03125+0               0
GRID*                 59               0  4.2755509343-1-9.03989293123-1*
*                  3.0+0               0
GRID*                 60               0 3.82683432365-1-9.23879532511-1*
*              3.03125+0               0
GRID*                 61               0 4.30005454233-1-9.02826289676-1*
*               3.0625+0               0
GRID*                 62               0 4.28780584254-1-9.03408661994-1*
*              3.03125+0               0
GRID*                 63               0 3.82683432365-1-9.23879532511-1*
*              3.09375+0               0
GRID*                 64               0 4.32455413526-1-9.01655319572-1*
*                3.125+0               0
GRID*                 65               0 4.78559982296-1-8.78054863516-1*
*              3.09375+0               0
GRID*                 66               0 4.31230742845-1-9.02241678502-1*
*              3.09375+0               0
GRID*                 67               0 5.28000622545-1-8.49243982959-1*
*                3.125+0               0
GRID*                 68               0  5.2453823194-1-8.51386893975-1*
*              3.09375+0               0
GRID*                 69               0 4.83341715546-1-8.75431771193-1*
*              3.15625+0               0
GRID*                 70               0 5.34962718988-1 -8.4487566499-1*
*               3.1875+0               0
GRID*                 71               0 5.77971063485-1-8.16057258882-1*
*              3.15625+0               0
GRID*                 72               0 5.31485891722-1-8.47067144269-1*
*              3.15625+0               0
GRID*                 73               0 3.82683432365-1-9.23879532511-1*
*              3.15625+0               0
GRID*                 74               0 4.34923011276-1-9.00467641985-1*
*               3.1875+0               0
GRID*                 75               0 4.33689524455-1 -9.0106237097-1*
*              3.15625+0               0
GRID*                 76               0 3.82683432365-1-9.23879532511-1*
*              3.21875+0               0
GRID*                 77               0 4.37390453959-1-8.99271700203-1*
*                 3.25+0               0
GRID*                 78               0 4.88132273223-1-8.72769662533-1*
*              3.21875+0               0
GRID*                 79               0 4.36157043253-1-8.99870564926-1*
*              3.21875+0               0
GRID*                 80               0 5.41891580575-1-8.40448401094-1*
*                 3.25+0               0
GRID*                 81               0 5.86881036602-1-8.09673174112-1*
*              3.21875+0               0
GRID*                 82               0 5.38431421777-1-8.42669332564-1*
*              3.21875+0               0
GRID*                 83               0 6.65441289744-1-7.46450192513-1*
*              3.15625+0               0
GRID*                 84               0 7.12855213774-1-7.01311232047-1*
*               3.1875+0               0
GRID*                 85               0 7.06125616461-1-7.08086586356-1*
*              3.15625+0               0
GRID*                 86               0  6.2801316162-1-7.78202717055-1*
*               3.1875+0               0
GRID*                 87               0  6.2267917178-1-7.82477251447-1*
*              3.15625+0               0
GRID*                 88               0 6.38599945372-1-7.69538894255-1*
*                 3.25+0               0
GRID*                 89               0 6.77584837314-1-7.35444619426-1*
*              3.21875+0               0
GRID*                 90               0 6.33320946321-1-7.73889254966-1*
*              3.21875+0               0
GRID*                 91               0 7.26124817658-1-6.87562905617-1*
*                 3.25+0               0
GRID*                 92               0 7.19522326004-1-6.94469309892-1*
*              3.21875+0               0
GRID*                 93               0 3.36889853392-1-9.41544065183-1*
*                  3.0+0               0
GRID*                 94               0 2.90284677254-1-9.56940335732-1*
*              3.03125+0               0
GRID*                 95               0 3.36889853392-1-9.41544065183-1*
*               3.0625+0               0
GRID*                 96               0 3.36889853392-1-9.41544065183-1*
*              3.03125+0               0
GRID*                 97               0 2.42980179903-1-9.70031253195-1*
*                  3.0+0               0
GRID*                 98               0 1.95090322016-1-9.80785280403-1*
*              3.03125+0               0
GRID*                 99               0 2.42980179903-1-9.70031253195-1*
*               3.0625+0               0
GRID*                100               0 2.42980179903-1-9.70031253195-1*
*              3.03125+0               0
GRID*                101               0 1.95090322016-1-9.80785280403-1*
*              3.09375+0               0
GRID*                102               0 2.42980179903-1-9.70031253195-1*
*                3.125+0               0
GRID*                103               0 2.90284677254-1-9.56940335732-1*
*              3.09375+0               0
GRID*                104               0 2.42980179903-1-9.70031253195-1*
*              3.09375+0               0
GRID*                105               0 3.36889853392-1-9.41544065183-1*
*                3.125+0               0
GRID*                106               0 3.36889853392-1-9.41544065183-1*
*              3.09375+0               0
GRID*                107               0 1.46730474455-1-9.89176509965-1*
*                  3.0+0               0
GRID*                108               0 9.80171403296-2-9.95184726672-1*
*              3.03125+0               0
GRID*                109               0 1.46730474455-1-9.89176509965-1*
*               3.0625+0               0
GRID*                110               0 1.46730474455-1-9.89176509965-1*
*              3.03125+0               0
GRID*                111               0 4.90676743274-2-9.98795456205-1*
*                  3.0+0               0
GRID*                112               0 4.90676743274-2-9.98795456205-1*
*               3.0625+0               0
GRID*                113               0 4.90676743274-2-9.98795456205-1*
*              3.03125+0               0
GRID*                114               0 4.90676743274-2-9.98795456205-1*
*                3.125+0               0
GRID*                115               0 9.80171403296-2-9.95184726672-1*
*              3.09375+0               0
GRID*                116               0 4.90676743274-2-9.98795456205-1*
*              3.09375+0               0
GRID*                117               0 1.46730474455-1-9.89176509965-1*
*                3.125+0               0
GRID*                118               0 1.46730474455-1-9.89176509965-1*
*              3.09375+0               0
GRID*                119               0 9.80171403296-2-9.95184726672-1*
*              3.15625+0               0
GRID*                120               0 1.46730474455-1-9.89176509965-1*
*               3.1875+0               0
GRID*                121               0 1.95090322016-1-9.80785280403-1*
*              3.15625+0               0
GRID*                122               0 1.46730474455-1-9.89176509965-1*
*              3.15625+0               0
GRID*                123               0 4.90676743274-2-9.98795456205-1*
*               3.1875+0               0
GRID*                124               0 4.90676743274-2-9.98795456205-1*
*              3.15625+0               0
GRID*                125               0 4.90676743274-2-9.98795456205-1*
*                 3.25+0               0
GRID*                126               0 9.80171403296-2-9.95184726672-1*
*              3.21875+0               0
GRID*                127               0 4.90676743274-2-9.98795456205-1*
*              3.21875+0               0
GRID*                128               0 1.46730474455-1-9.89176509965-1*
*                 3.25+0               0
GRID*                129               0 1.95090322016-1-9.80785280403-1*
*              3.21875+0               0
GRID*                130               0 1.46730474455-1-9.89176509965-1*
*              3.21875+0               0
GRID*                131               0 2.90284677254-1-9.56940335732-1*
*              3.15625+0               0
GRID*                132               0 3.36889853392-1-9.41544065183-1*
*               3.1875+0               0
GRID*                133               0 3.36889853392-1-9.41544065183-1*
*              3.15625+0               0
GRID*                134               0 2.42980179903-1-9.70031253195-1*
*               3.1875+0               0
GRID*                135               0 2.42980179903-1-9.70031253195-1*
*              3.15625+0               0
GRID*                136               0 2.42980179903-1-9.70031253195-1*
*                 3.25+0               0
GRID*                137               0 2.90284677254-1-9.56940335732-1*
*              3.21875+0               0
GRID*                138               0 2.42980179903-1-9.70031253195-1*
*              3.21875+0               0
GRID*                139               0 3.36889853392-1-9.41544065183-1*
*                 3.25+0               0
GRID*                140               0 3.36889853392-1-9.41544065183-1*
*              3.21875+0               0
GRID*                141               0-7.40951125355-1-6.71558954847-1*
*                  3.0+0               0
GRID*                142               0-7.62469383904-1-6.47024295223-1*
*              3.03125+0               0
GRID*                143               0-7.22302160272-1-6.91577608997-1*
*               3.0625+0               0
GRID*                144               0-7.31693910011-1-6.81633348695-1*
*              3.03125+0               0
GRID*                145               0-8.03207531481-1-5.95699304492-1*
*                  3.0+0               0
GRID*                146               0-8.19067729862-1-5.73696830999-1*
*              3.03125+0               0
GRID*                147               0 -7.7973652433-1-6.26107780358-1*
*               3.0625+0               0
GRID*                148               0-7.91616551924-1 -6.1101819508-1*
*              3.03125+0               0
GRID*                149               0-7.93084831725-1-6.09111196489-1*
*              3.09375+0               0
GRID*                150               0-7.55135783025-1-6.55568416869-1*
*                3.125+0               0
GRID*                151               0-7.40792381736-1 -6.7173405985-1*
*              3.09375+0               0
GRID*                152               0-7.67576116763-1-6.40957802804-1*
*              3.09375+0               0
GRID*                153               0-7.03135108599-1-7.11056269964-1*
*                3.125+0               0
GRID*                154               0-7.12784097555-1-7.01383511549-1*
*              3.09375+0               0
GRID*                155               0    -8.5772861-1-5.14102744193-1*
*                  3.0+0               0
GRID*                156               0-8.68690398636-1-4.95355419187-1*
*              3.03125+0               0
GRID*                157               0-8.31332756687-1-5.55774997332-1*
*               3.0625+0               0
GRID*                158               0-8.44786020486-1 -5.3510426983-1*
*              3.03125+0               0
GRID*                159               0-9.03989293123-1 -4.2755509343-1*
*                  3.0+0               0
GRID*                160               0-9.10863824921-1-4.12707029804-1*
*              3.03125+0               0
GRID*                161               0 9.80785280403-1-1.95090322016-1*
*                 -7.5-1               0
GRID         162       0   1.0+0   0.0+0 -8.75-1       0
GRID*                163               0 9.80785280403-1-1.95090322016-1*
*                 -1.0+0               0
GRID*                164               0 9.23879532511-1-3.82683432365-1*
*                -8.75-1               0
GRID*                165               0 9.80785280403-1-1.95090322016-1*
*                -8.75-1               0
GRID*                166               0 8.31469612303-1 -5.5557023302-1*
*                 -7.5-1               0
GRID*                167               0 8.31469612303-1 -5.5557023302-1*
*                 -1.0+0               0
GRID*                168               0 7.07106781187-1-7.07106781187-1*
*                -8.75-1               0
GRID*                169               0 8.31469612303-1 -5.5557023302-1*
*                -8.75-1               0
GRID*                170               0-1.95090322016-1-9.80785280403-1*
*                 -7.5-1               0
GRID         171       0   0.0+0  -1.0+0 -8.75-1       0
GRID*                172               0-1.95090322016-1-9.80785280403-1*
*                 -1.0+0               0
GRID*                173               0-3.82683432365-1-9.23879532511-1*
*                -8.75-1               0
GRID*                174               0-1.95090322016-1-9.80785280403-1*
*                -8.75-1               0
GRID*                175               0 -5.5557023302-1-8.31469612303-1*
*                 -7.5-1               0
GRID*                176               0 -5.5557023302-1-8.31469612303-1*
*                 -1.0+0               0
GRID*                177               0-7.07106781187-1-7.07106781187-1*
*                -8.75-1               0
GRID*                178               0 -5.5557023302-1-8.31469612303-1*
*                -8.75-1               0
GRID*                179               0  5.5557023302-1-8.31469612303-1*
*                 -7.5-1               0
GRID*                180               0  5.5557023302-1-8.31469612303-1*
*                 -1.0+0               0
GRID*                181               0 3.82683432365-1-9.23879532511-1*
*                -8.75-1               0
GRID*                182               0  5.5557023302-1-8.31469612303-1*
*                -8.75-1               0
GRID*                183               0 1.95090322016-1-9.80785280403-1*
*                 -7.5-1               0
GRID*                184               0 1.95090322016-1-9.80785280403-1*
*                 -1.0+0               0
GRID*                185               0 1.95090322016-1-9.80785280403-1*
*                -8.75-1               0
GRID*                186               0-8.31469612303-1 -5.5557023302-1*
*                 -7.5-1               0
GRID*                187               0-8.31469612303-1 -5.5557023302-1*
*                 -1.0+0               0
GRID*                188               0-9.23879532511-1-3.82683432365-1*
*                -8.75-1               0
GRID*                189               0-8.31469612303-1 -5.5557023302-1*
*                -8.75-1               0
GRID*                190               0-9.80785280403-1-1.95090322016-1*
*                 -7.5-1               0
GRID*                191               0-9.80785280403-1-1.95090322016-1*
*                 -1.0+0               0
GRID         192       0  -1.0+0   0.0+0 -8.75-1       0
GRID*                193               0-9.80785280403-1-1.95090322016-1*
*                -8.75-1               0
GRID*                194               0 8.31469612303-1  5.5557023302-1*
*                 -7.5-1               0
GRID*                195               0 7.07106781187-1 7.07106781187-1*
*                -8.75-1               0
GRID*                196               0 8.31469612303-1  5.5557023302-1*
*                 -1.0+0               0
GRID*                197               0 9.23879532511-1 3.82683432365-1*
*                -8.75-1               0
GRID*                198               0 8.31469612303-1  5.5557023302-1*
*                -8.75-1               0
GRID*                199               0 9.80785280403-1 1.95090322016-1*
*                 -7.5-1               0
GRID*                200               0 9.80785280403-1 1.95090322016-1*
*                 -1.0+0               0
GRID*                201               0 9.80785280403-1 1.95090322016-1*
*                -8.75-1               0
GRID*                202               0-8.31469612303-1  5.5557023302-1*
*                 -7.5-1               0
GRID*                203               0-9.23879532511-1 3.82683432365-1*
*                -8.75-1               0
GRID*                204               0-8.31469612303-1  5.5557023302-1*
*                 -1.0+0               0
GRID*                205               0-7.07106781187-1 7.07106781187-1*
*                -8.75-1               0
GRID*                206               0-8.31469612303-1  5.5557023302-1*
*                -8.75-1               0
GRID*                207               0-9.80785280403-1 1.95090322016-1*
*                 -7.5-1               0
GRID*                208               0-9.80785280403-1 1.95090322016-1*
*                 -1.0+0               0
GRID*                209               0-9.80785280403-1 1.95090322016-1*
*                -8.75-1               0
GRID*                210               0 1.95090322016-1 9.80785280403-1*
*                 -7.5-1               0
GRID         211       0   0.0+0   1.0+0 -8.75-1       0
GRID*                212               0 1.95090322016-1 9.80785280403-1*
*                 -1.0+0               0
GRID*                213               0 3.82683432365-1 9.23879532511-1*
*                -8.75-1               0
GRID*                214               0 1.95090322016-1 9.80785280403-1*
*                -8.75-1               0
GRID*                215               0  5.5557023302-1 8.31469612303-1*
*                 -7.5-1               0
GRID*                216               0  5.5557023302-1 8.31469612303-1*
*                 -1.0+0               0
GRID*                217               0  5.5557023302-1 8.31469612303-1*
*                -8.75-1               0
GRID*                218               0 -5.5557023302-1 8.31469612303-1*
*                 -7.5-1               0
GRID*                219               0 -5.5557023302-1 8.31469612303-1*
*                 -1.0+0               0
GRID*                220               0-3.82683432365-1 9.23879532511-1*
*                -8.75-1               0
GRID*                221               0 -5.5557023302-1 8.31469612303-1*
*                -8.75-1               0
GRID*                222               0-1.95090322016-1 9.80785280403-1*
*                 -7.5-1               0
GRID*                223               0-1.95090322016-1 9.80785280403-1*
*                 -1.0+0               0
GRID*                224               0-1.95090322016-1 9.80785280403-1*
*                -8.75-1               0
GRID*                225               0 2.90284677254-1 9.56940335732-1*
*                 -7.5-1               0
GRID*                226               0 1.95090322016-1 9.80785280403-1*
*               -8.125-1               0
GRID*                227               0 2.90284677254-1 9.56940335732-1*
*                -8.75-1               0
GRID*                228               0 3.82683432365-1 9.23879532511-1*
*               -8.125-1               0
GRID*                229               0 2.90284677254-1 9.56940335732-1*
*               -8.125-1               0
GRID*                230               0 9.80171403296-2 9.95184726672-1*
*                 -7.5-1               0
GRID         231       0   0.0+0   1.0+0-8.125-1       0
GRID*                232               0 9.80171403296-2 9.95184726672-1*
*                -8.75-1               0
GRID*                233               0 9.80171403296-2 9.95184726672-1*
*               -8.125-1               0
GRID         234       0   0.0+0   1.0+0-9.375-1       0
GRID*                235               0 9.80171403296-2 9.95184726672-1*
*                 -1.0+0               0
GRID*                236               0 1.95090322016-1 9.80785280403-1*
*               -9.375-1               0
GRID*                237               0 9.80171403296-2 9.95184726672-1*
*               -9.375-1               0
GRID*                238               0 2.90284677254-1 9.56940335732-1*
*                 -1.0+0               0
GRID*                239               0 3.82683432365-1 9.23879532511-1*
*               -9.375-1               0
GRID*                240               0 2.90284677254-1 9.56940335732-1*
*               -9.375-1               0
GRID*                241               0 6.34393284164-1 7.73010453363-1*
*                 -7.5-1               0
GRID*                242               0  5.5557023302-1 8.31469612303-1*
*               -8.125-1               0
GRID*                243               0 6.34393284164-1 7.73010453363-1*
*                -8.75-1               0
GRID*                244               0 7.07106781187-1 7.07106781187-1*
*               -8.125-1               0
GRID*                245               0 6.34393284164-1 7.73010453363-1*
*               -8.125-1               0
GRID*                246               0 4.71396736826-1 8.81921264348-1*
*                 -7.5-1               0
GRID*                247               0 4.71396736826-1 8.81921264348-1*
*                -8.75-1               0
GRID*                248               0 4.71396736826-1 8.81921264348-1*
*               -8.125-1               0
GRID*                249               0 4.71396736826-1 8.81921264348-1*
*                 -1.0+0               0
GRID*                250               0  5.5557023302-1 8.31469612303-1*
*               -9.375-1               0
GRID*                251               0 4.71396736826-1 8.81921264348-1*
*               -9.375-1               0
GRID*                252               0 6.34393284164-1 7.73010453363-1*
*                 -1.0+0               0
GRID*                253               0 7.07106781187-1 7.07106781187-1*
*               -9.375-1               0
GRID*                254               0 6.34393284164-1 7.73010453363-1*
*               -9.375-1               0
GRID*                255               0-4.71396736826-1 8.81921264348-1*
*                 -7.5-1               0
GRID*                256               0 -5.5557023302-1 8.31469612303-1*
*               -8.125-1               0
GRID*                257               0-4.71396736826-1 8.81921264348-1*
*                -8.75-1               0
GRID*                258               0-3.82683432365-1 9.23879532511-1*
*               -8.125-1               0
GRID*                259               0-4.71396736826-1 8.81921264348-1*
*               -8.125-1               0
GRID*                260               0-6.34393284164-1 7.73010453363-1*
*                 -7.5-1               0
GRID*                261               0-7.07106781187-1 7.07106781187-1*
*               -8.125-1               0
GRID*                262               0-6.34393284164-1 7.73010453363-1*
*                -8.75-1               0
GRID*                263               0-6.34393284164-1 7.73010453363-1*
*               -8.125-1               0
GRID*                264               0-7.07106781187-1 7.07106781187-1*
*               -9.375-1               0
GRID*                265               0-6.34393284164-1 7.73010453363-1*
*                 -1.0+0               0
GRID*                266               0 -5.5557023302-1 8.31469612303-1*
*               -9.375-1               0
GRID*                267               0-6.34393284164-1 7.73010453363-1*
*               -9.375-1               0
GRID*                268               0-4.71396736826-1 8.81921264348-1*
*                 -1.0+0               0
GRID*                269               0-3.82683432365-1 9.23879532511-1*
*               -9.375-1               0
GRID*                270               0-4.71396736826-1 8.81921264348-1*
*               -9.375-1               0
GRID*                271               0-9.80171403296-2 9.95184726672-1*
*                 -7.5-1               0
GRID*                272               0-1.95090322016-1 9.80785280403-1*
*               -8.125-1               0
GRID*                273               0-9.80171403296-2 9.95184726672-1*
*                -8.75-1               0
GRID*                274               0-9.80171403296-2 9.95184726672-1*
*               -8.125-1               0
GRID*                275               0-2.90284677254-1 9.56940335732-1*
*                 -7.5-1               0
GRID*                276               0-2.90284677254-1 9.56940335732-1*
*                -8.75-1               0
GRID*                277               0-2.90284677254-1 9.56940335732-1*
*               -8.125-1               0
GRID*                278               0-2.90284677254-1 9.56940335732-1*
*                 -1.0+0               0
GRID*                279               0-1.95090322016-1 9.80785280403-1*
*               -9.375-1               0
GRID*                280               0-2.90284677254-1 9.56940335732-1*
*               -9.375-1               0
GRID*                281               0-9.80171403296-2 9.95184726672-1*
*                 -1.0+0               0
GRID*                282               0-9.80171403296-2 9.95184726672-1*
*               -9.375-1               0
GRID*                283               0 9.56940335732-1-2.90284677254-1*
*                 -7.5-1               0
GRID*                284               0 9.80785280403-1-1.95090322016-1*
*               -8.125-1               0
GRID*                285               0 9.56940335732-1-2.90284677254-1*
*                -8.75-1               0
GRID*                286               0 9.23879532511-1-3.82683432365-1*
*               -8.125-1               0
GRID*                287               0 9.56940335732-1-2.90284677254-1*
*               -8.125-1               0
GRID*                288               0 9.95184726672-1-9.80171403296-2*
*                 -7.5-1               0
GRID         289       0   1.0+0   0.0+0-8.125-1       0
GRID*                290               0 9.95184726672-1-9.80171403296-2*
*                -8.75-1               0
GRID*                291               0 9.95184726672-1-9.80171403296-2*
*               -8.125-1               0
GRID         292       0   1.0+0   0.0+0-9.375-1       0
GRID*                293               0 9.95184726672-1-9.80171403296-2*
*                 -1.0+0               0
GRID*                294               0 9.80785280403-1-1.95090322016-1*
*               -9.375-1               0
GRID*                295               0 9.95184726672-1-9.80171403296-2*
*               -9.375-1               0
GRID*                296               0 9.56940335732-1-2.90284677254-1*
*                 -1.0+0               0
GRID*                297               0 9.23879532511-1-3.82683432365-1*
*               -9.375-1               0
GRID*                298               0 9.56940335732-1-2.90284677254-1*
*               -9.375-1               0
GRID*                299               0 7.73010453363-1-6.34393284164-1*
*                 -7.5-1               0
GRID*                300               0 8.31469612303-1 -5.5557023302-1*
*               -8.125-1               0
GRID*                301               0 7.73010453363-1-6.34393284164-1*
*                -8.75-1               0
GRID*                302               0 7.07106781187-1-7.07106781187-1*
*               -8.125-1               0
GRID*                303               0 7.73010453363-1-6.34393284164-1*
*               -8.125-1               0
GRID*                304               0 8.81921264348-1-4.71396736826-1*
*                 -7.5-1               0
GRID*                305               0 8.81921264348-1-4.71396736826-1*
*                -8.75-1               0
GRID*                306               0 8.81921264348-1-4.71396736826-1*
*               -8.125-1               0
GRID*                307               0 8.81921264348-1-4.71396736826-1*
*                 -1.0+0               0
GRID*                308               0 8.31469612303-1 -5.5557023302-1*
*               -9.375-1               0
GRID*                309               0 8.81921264348-1-4.71396736826-1*
*               -9.375-1               0
GRID*                310               0 7.73010453363-1-6.34393284164-1*
*                 -1.0+0               0
GRID*                311               0 7.07106781187-1-7.07106781187-1*
*               -9.375-1               0
GRID*                312               0 7.73010453363-1-6.34393284164-1*
*               -9.375-1               0
GRID*                313               0-2.90284677254-1-9.56940335732-1*
*                 -7.5-1               0
GRID*                314               0-1.95090322016-1-9.80785280403-1*
*               -8.125-1               0
GRID*                315               0-2.90284677254-1-9.56940335732-1*
*                -8.75-1               0
GRID*                316               0-3.82683432365-1-9.23879532511-1*
*               -8.125-1               0
GRID*                317               0-2.90284677254-1-9.56940335732-1*
*               -8.125-1               0
GRID*                318               0-9.80171403296-2-9.95184726672-1*
*                 -7.5-1               0
GRID         319       0   0.0+0  -1.0+0-8.125-1       0
GRID*                320               0-9.80171403296-2-9.95184726672-1*
*                -8.75-1               0
GRID*                321               0-9.80171403296-2-9.95184726672-1*
*               -8.125-1               0
GRID         322       0   0.0+0  -1.0+0-9.375-1       0
GRID*                323               0-9.80171403296-2-9.95184726672-1*
*                 -1.0+0               0
GRID*                324               0-1.95090322016-1-9.80785280403-1*
*               -9.375-1               0
GRID*                325               0-9.80171403296-2-9.95184726672-1*
*               -9.375-1               0
GRID*                326               0-2.90284677254-1-9.56940335732-1*
*                 -1.0+0               0
GRID*                327               0-3.82683432365-1-9.23879532511-1*
*               -9.375-1               0
GRID*                328               0-2.90284677254-1-9.56940335732-1*
*               -9.375-1               0
GRID*                329               0-6.34393284164-1-7.73010453363-1*
*                 -7.5-1               0
GRID*                330               0 -5.5557023302-1-8.31469612303-1*
*               -8.125-1               0
GRID*                331               0-6.34393284164-1-7.73010453363-1*
*                -8.75-1               0
GRID*                332               0-7.07106781187-1-7.07106781187-1*
*               -8.125-1               0
GRID*                333               0-6.34393284164-1-7.73010453363-1*
*               -8.125-1               0
GRID*                334               0-4.71396736826-1-8.81921264348-1*
*                 -7.5-1               0
GRID*                335               0-4.71396736826-1-8.81921264348-1*
*                -8.75-1               0
GRID*                336               0-4.71396736826-1-8.81921264348-1*
*               -8.125-1               0
GRID*                337               0-4.71396736826-1-8.81921264348-1*
*                 -1.0+0               0
GRID*                338               0 -5.5557023302-1-8.31469612303-1*
*               -9.375-1               0
GRID*                339               0-4.71396736826-1-8.81921264348-1*
*               -9.375-1               0
GRID*                340               0-6.34393284164-1-7.73010453363-1*
*                 -1.0+0               0
GRID*                341               0-7.07106781187-1-7.07106781187-1*
*               -9.375-1               0
GRID*                342               0-6.34393284164-1-7.73010453363-1*
*               -9.375-1               0
GRID*                343               0 4.71396736826-1-8.81921264348-1*
*                 -7.5-1               0
GRID*                344               0  5.5557023302-1-8.31469612303-1*
*               -8.125-1               0
GRID*                345               0 4.71396736826-1-8.81921264348-1*
*                -8.75-1               0
GRID*                346               0 3.82683432365-1-9.23879532511-1*
*               -8.125-1               0
GRID*                347               0 4.71396736826-1-8.81921264348-1*
*               -8.125-1               0
GRID*                348               0 6.34393284164-1-7.73010453363-1*
*                 -7.5-1               0
GRID*                349               0 6.34393284164-1-7.73010453363-1*
*                -8.75-1               0
GRID*                350               0 6.34393284164-1-7.73010453363-1*
*               -8.125-1               0
GRID*                351               0 6.34393284164-1-7.73010453363-1*
*                 -1.0+0               0
GRID*                352               0  5.5557023302-1-8.31469612303-1*
*               -9.375-1               0
GRID*                353               0 6.34393284164-1-7.73010453363-1*
*               -9.375-1               0
GRID*                354               0 4.71396736826-1-8.81921264348-1*
*                 -1.0+0               0
GRID*                355               0 3.82683432365-1-9.23879532511-1*
*               -9.375-1               0
GRID*                356               0 4.71396736826-1-8.81921264348-1*
*               -9.375-1               0
GRID*                357               0 9.80171403296-2-9.95184726672-1*
*                 -7.5-1               0
GRID*                358               0 1.95090322016-1-9.80785280403-1*
*               -8.125-1               0
GRID*                359               0 9.80171403296-2-9.95184726672-1*
*                -8.75-1               0
GRID*                360               0 9.80171403296-2-9.95184726672-1*
*               -8.125-1               0
GRID*                361               0 2.90284677254-1-9.56940335732-1*
*                 -7.5-1               0
GRID*                362               0 2.90284677254-1-9.56940335732-1*
*                -8.75-1               0
GRID*                363               0 2.90284677254-1-9.56940335732-1*
*               -8.125-1               0
GRID*                364               0 2.90284677254-1-9.56940335732-1*
*                 -1.0+0               0
GRID*                365               0 1.95090322016-1-9.80785280403-1*
*               -9.375-1               0
GRID*                366               0 2.90284677254-1-9.56940335732-1*
*               -9.375-1               0
GRID*                367               0 9.80171403296-2-9.95184726672-1*
*                 -1.0+0               0
GRID*                368               0 9.80171403296-2-9.95184726672-1*
*               -9.375-1               0
GRID*                369               0-8.81921264348-1-4.71396736826-1*
*                 -7.5-1               0
GRID*                370               0-8.31469612303-1 -5.5557023302-1*
*               -8.125-1               0
GRID*                371               0-8.81921264348-1-4.71396736826-1*
*                -8.75-1               0
GRID*                372               0-9.23879532511-1-3.82683432365-1*
*               -8.125-1               0
GRID*                373               0-8.81921264348-1-4.71396736826-1*
*               -8.125-1               0
GRID*                374               0-7.73010453363-1-6.34393284164-1*
*                 -7.5-1               0
GRID*                375               0-7.73010453363-1-6.34393284164-1*
*                -8.75-1               0
GRID*                376               0-7.73010453363-1-6.34393284164-1*
*               -8.125-1               0
GRID*                377               0-7.73010453363-1-6.34393284164-1*
*                 -1.0+0               0
GRID*                378               0-8.31469612303-1 -5.5557023302-1*
*               -9.375-1               0
GRID*                379               0-7.73010453363-1-6.34393284164-1*
*               -9.375-1               0
GRID*                380               0-8.81921264348-1-4.71396736826-1*
*                 -1.0+0               0
GRID*                381               0-9.23879532511-1-3.82683432365-1*
*               -9.375-1               0
GRID*                382               0-8.81921264348-1-4.71396736826-1*
*               -9.375-1               0
GRID*                383               0-9.95184726672-1-9.80171403296-2*
*                 -7.5-1               0
GRID*                384               0-9.80785280403-1-1.95090322016-1*
*               -8.125-1               0
GRID*                385               0-9.95184726672-1-9.80171403296-2*
*                -8.75-1               0
GRID         386       0  -1.0+0   0.0+0-8.125-1       0
GRID*                387               0-9.95184726672-1-9.80171403296-2*
*               -8.125-1               0
GRID*                388               0-9.56940335732-1-2.90284677254-1*
*                 -7.5-1               0
GRID*                389               0-9.56940335732-1-2.90284677254-1*
*                -8.75-1               0
GRID*                390               0-9.56940335732-1-2.90284677254-1*
*               -8.125-1               0
GRID*                391               0-9.56940335732-1-2.90284677254-1*
*                 -1.0+0               0
GRID*                392               0-9.80785280403-1-1.95090322016-1*
*               -9.375-1               0
GRID*                393               0-9.56940335732-1-2.90284677254-1*
*               -9.375-1               0
GRID*                394               0-9.95184726672-1-9.80171403296-2*
*                 -1.0+0               0
GRID         395       0  -1.0+0   0.0+0-9.375-1       0
GRID*                396               0-9.95184726672-1-9.80171403296-2*
*               -9.375-1               0
GRID*                397               0 8.81921264348-1 4.71396736826-1*
*                 -7.5-1               0
GRID*                398               0 8.31469612303-1  5.5557023302-1*
*               -8.125-1               0
GRID*                399               0 8.81921264348-1 4.71396736826-1*
*                -8.75-1               0
GRID*                400               0 9.23879532511-1 3.82683432365-1*
*               -8.125-1               0
GRID*                401               0 8.81921264348-1 4.71396736826-1*
*               -8.125-1               0
GRID*                402               0 7.73010453363-1 6.34393284164-1*
*                 -7.5-1               0
GRID*                403               0 7.73010453363-1 6.34393284164-1*
*                -8.75-1               0
GRID*                404               0 7.73010453363-1 6.34393284164-1*
*               -8.125-1               0
GRID*                405               0 7.73010453363-1 6.34393284164-1*
*                 -1.0+0               0
GRID*                406               0 8.31469612303-1  5.5557023302-1*
*               -9.375-1               0
GRID*                407               0 7.73010453363-1 6.34393284164-1*
*               -9.375-1               0
GRID*                408               0 8.81921264348-1 4.71396736826-1*
*                 -1.0+0               0
GRID*                409               0 9.23879532511-1 3.82683432365-1*
*               -9.375-1               0
GRID*                410               0 8.81921264348-1 4.71396736826-1*
*               -9.375-1               0
GRID*                411               0 9.95184726672-1 9.80171403296-2*
*                 -7.5-1               0
GRID*                412               0 9.80785280403-1 1.95090322016-1*
*               -8.125-1               0
GRID*                413               0 9.95184726672-1 9.80171403296-2*
*                -8.75-1               0
GRID*                414               0 9.95184726672-1 9.80171403296-2*
*               -8.125-1               0
GRID*                415               0 9.56940335732-1 2.90284677254-1*
*                 -7.5-1               0
GRID*                416               0 9.56940335732-1 2.90284677254-1*
*                -8.75-1               0
GRID*                417               0 9.56940335732-1 2.90284677254-1*
*               -8.125-1               0
GRID*                418               0 9.56940335732-1 2.90284677254-1*
*                 -1.0+0               0
GRID*                419               0 9.80785280403-1 1.95090322016-1*
*               -9.375-1               0
GRID*                420               0 9.56940335732-1 2.90284677254-1*
*               -9.375-1               0
GRID*                421               0 9.95184726672-1 9.80171403296-2*
*                 -1.0+0               0
GRID*                422               0 9.95184726672-1 9.80171403296-2*
*               -9.375-1               0
GRID*                423               0-7.73010453363-1 6.34393284164-1*
*                 -7.5-1               0
GRID*                424               0-8.31469612303-1  5.5557023302-1*
*               -8.125-1               0
GRID*                425               0-7.73010453363-1 6.34393284164-1*
*                -8.75-1               0
GRID*                426               0-7.73010453363-1 6.34393284164-1*
*               -8.125-1               0
GRID*                427               0-8.81921264348-1 4.71396736826-1*
*                 -7.5-1               0
GRID*                428               0-9.23879532511-1 3.82683432365-1*
*               -8.125-1               0
GRID*                429               0-8.81921264348-1 4.71396736826-1*
*                -8.75-1               0
GRID*                430               0-8.81921264348-1 4.71396736826-1*
*               -8.125-1               0
GRID*                431               0-9.23879532511-1 3.82683432365-1*
*               -9.375-1               0
GRID*                432               0-8.81921264348-1 4.71396736826-1*
*                 -1.0+0               0
GRID*                433               0-8.31469612303-1  5.5557023302-1*
*               -9.375-1               0
GRID*                434               0-8.81921264348-1 4.71396736826-1*
*               -9.375-1               0
GRID*                435               0-7.73010453363-1 6.34393284164-1*
*                 -1.0+0               0
GRID*                436               0-7.73010453363-1 6.34393284164-1*
*               -9.375-1               0
GRID*                437               0-9.56940335732-1 2.90284677254-1*
*                 -7.5-1               0
GRID*                438               0-9.80785280403-1 1.95090322016-1*
*               -8.125-1               0
GRID*                439               0-9.56940335732-1 2.90284677254-1*
*                -8.75-1               0
GRID*                440               0-9.56940335732-1 2.90284677254-1*
*               -8.125-1               0
GRID*                441               0-9.95184726672-1 9.80171403296-2*
*                 -7.5-1               0
GRID*                442               0-9.95184726672-1 9.80171403296-2*
*                -8.75-1               0
GRID*                443               0-9.95184726672-1 9.80171403296-2*
*               -8.125-1               0
GRID*                444               0-9.95184726672-1 9.80171403296-2*
*                 -1.0+0               0
GRID*                445               0-9.80785280403-1 1.95090322016-1*
*               -9.375-1               0
GRID*                446               0-9.95184726672-1 9.80171403296-2*
*               -9.375-1               0
GRID*                447               0-9.56940335732-1 2.90284677254-1*
*                 -1.0+0               0
GRID*                448               0-9.56940335732-1 2.90284677254-1*
*               -9.375-1               0
GRID         449       0   1.0+0   0.0+0  -1.0+0       0
GRID*                450               0 9.23879532511-1-3.82683432365-1*
*                 -1.0+0               0
GRID*                451               0 7.07106781187-1-7.07106781187-1*
*                 -1.0+0               0
GRID         452       0   0.0+0  -1.0+0  -1.0+0       0
GRID*                453               0-3.82683432365-1-9.23879532511-1*
*                 -1.0+0               0
GRID*                454               0-7.07106781187-1-7.07106781187-1*
*                 -1.0+0               0
GRID*                455               0 3.82683432365-1-9.23879532511-1*
*                 -1.0+0               0
GRID*                456               0-9.23879532511-1-3.82683432365-1*
*                 -1.0+0               0
GRID         457       0  -1.0+0   0.0+0  -1.0+0       0
GRID*                458               0 7.07106781187-1 7.07106781187-1*
*                 -1.0+0               0
GRID*                459               0 9.23879532511-1 3.82683432365-1*
*                 -1.0+0               0
GRID*                460               0-9.23879532511-1 3.82683432365-1*
*                 -1.0+0               0
GRID*                461               0-7.07106781187-1 7.07106781187-1*
*                 -1.0+0               0
GRID         462       0   0.0+0   1.0+0  -1.0+0       0
GRID*                463               0 3.82683432365-1 9.23879532511-1*
*                 -1.0+0               0
GRID*                464               0-3.82683432365-1 9.23879532511-1*
*                 -1.0+0               0
GRID*                465               0 9.23879532511-1-3.82683432365-1*
*                 -7.5-1               0
GRID         466       0   1.0+0   0.0+0  -7.5-1       0
GRID*                467               0 7.07106781187-1-7.07106781187-1*
*                 -7.5-1               0
GRID*                468               0-3.82683432365-1-9.23879532511-1*
*                 -7.5-1               0
GRID         469       0   0.0+0  -1.0+0  -7.5-1       0
GRID*                470               0-7.07106781187-1-7.07106781187-1*
*                 -7.5-1               0
GRID*                471               0 3.82683432365-1-9.23879532511-1*
*                 -7.5-1               0
GRID*                472               0-9.23879532511-1-3.82683432365-1*
*                 -7.5-1               0
GRID         473       0  -1.0+0   0.0+0  -7.5-1       0
GRID*                474               0 9.23879532511-1 3.82683432365-1*
*                 -7.5-1               0
GRID*                475               0 7.07106781187-1 7.07106781187-1*
*                 -7.5-1               0
GRID*                476               0-7.07106781187-1 7.07106781187-1*
*                 -7.5-1               0
GRID*                477               0-9.23879532511-1 3.82683432365-1*
*                 -7.5-1               0
GRID*                478               0 3.82683432365-1 9.23879532511-1*
*                 -7.5-1               0
GRID         479       0   0.0+0   1.0+0  -7.5-1       0
GRID*                480               0-3.82683432365-1 9.23879532511-1*
*                 -7.5-1               0
GRID*                481               0-8.76678986352-1-4.81075830706-1*
*               3.0625+0               0
GRID*                482               0-8.90734512296-1-4.54523958229-1*
*              3.03125+0               0
GRID*                483               0-8.81921264348-1-4.71396736826-1*
*              3.09375+0               0
GRID*                484               0-8.46231096177-1 -5.3281603942-1*
*                3.125+0               0
GRID*                485               0-8.40314914097-1-5.42098556672-1*
*              3.09375+0               0
GRID*                486               0-8.61841712255-1-5.07177348683-1*
*              3.09375+0               0
GRID*                487               0-8.02944781659-1-5.96053418417-1*
*                3.125+0               0
GRID*                488               0 -8.1738534747-1-5.76091306775-1*
*              3.09375+0               0
GRID*                489               0-8.09516663239-1 -5.8709690166-1*
*              3.15625+0               0
GRID*                490               0-7.72858021032-1-6.34578978006-1*
*               3.1875+0               0
GRID*                491               0 -7.6576093347-1-6.43125332086-1*
*              3.15625+0               0
GRID*                492               0-7.88135351893-1 -6.1550196352-1*
*              3.15625+0               0
GRID*                493               0-8.49202181527-1 -5.2806785065-1*
*              3.15625+0               0
GRID*                494               0-8.12792357416-1-5.82553502888-1*
*               3.1875+0               0
GRID*                495               0-8.29882785591-1-5.57937776262-1*
*              3.15625+0               0
GRID*                496               0-8.12846684592-1-5.82477696868-1*
*              3.21875+0               0
GRID*                497               0-7.76459017171-1-6.30167751201-1*
*                 3.25+0               0
GRID*                498               0-7.76400242434-1-6.30240163389-1*
*              3.21875+0               0
GRID*                499               0-7.94980725041-1-6.06634689754-1*
*              3.21875+0               0
GRID*                500               0-7.40951125355-1-6.71558954847-1*
*                 3.25+0               0
GRID*                501               0 -7.3717802905-1-6.75698567029-1*
*              3.21875+0               0
GRID*                502               0-7.57129060257-1 -6.5326532597-1*
*              3.21875+0               0
GRID*                503               0-7.18420296629-1-6.95609285009-1*
*              3.15625+0               0
GRID*                504               0-6.83530291075-1-7.29922147344-1*
*               3.1875+0               0
GRID*                505               0-6.93395931099-1-7.20556786614-1*
*              3.15625+0               0
GRID*                506               0-7.29705499825-1-6.83761569208-1*
*               3.1875+0               0
GRID*                507               0-7.42553250134-1-6.69787033852-1*
*              3.15625+0               0
GRID*                508               0-7.03239613683-1-7.10952913875-1*
*                 3.25+0               0
GRID*                509               0-6.95381582565-1-7.18640699258-1*
*              3.21875+0               0
GRID*                510               0-7.16600470191-1-6.97483882338-1*
*              3.21875+0               0
GRID*                511               0-6.63436637779-1-7.48232468991-1*
*                 3.25+0               0
GRID*                512               0-6.73544879737-1-7.39146328531-1*
*              3.21875+0               0
GRID*                513               0-9.41544065183-1-3.36889853392-1*
*                  3.0+0               0
GRID*                514               0-9.46930129495-1-3.21439465303-1*
*              3.03125+0               0
GRID*                515               0-9.17494496447-1-3.97748474527-1*
*               3.0625+0               0
GRID*                516               0-9.30017223684-1-3.67515936595-1*
*              3.03125+0               0
GRID*                517               0-9.70031253195-1-2.42980179903-1*
*                  3.0+0               0
GRID*                518               0-9.73876979277-1-2.27076263034-1*
*              3.03125+0               0
GRID*                519               0-9.52062677714-1-3.05903020097-1*
*               3.0625+0               0
GRID*                520               0-9.61561797683-1-2.74588618185-1*
*              3.03125+0               0
GRID*                521               0-9.56940335732-1-2.90284677254-1*
*              3.09375+0               0
GRID*                522               0-9.30017223684-1-3.67515936595-1*
*                3.125+0               0
GRID*                523               0-9.23879532511-1-3.82683432365-1*
*              3.09375+0               0
GRID*                524               0-9.41544065183-1-3.36889853392-1*
*              3.09375+0               0
GRID*                525               0-8.89516075422-1 -4.5690387563-1*
*                3.125+0               0
GRID*                526               0-9.03989293123-1 -4.2755509343-1*
*              3.09375+0               0
GRID*                527               0-9.89176509965-1-1.46730474455-1*
*                  3.0+0               0
GRID*                528               0-9.91444861374-1 -1.3052619222-1*
*              3.03125+0               0
GRID*                529               0-9.77461974944-1-2.11111552359-1*
*               3.0625+0               0
GRID*                530               0-9.83846005927-1-1.79016861277-1*
*              3.03125+0               0
GRID*                531               0-9.98795456205-1-4.90676743274-2*
*                  3.0+0               0
GRID*                532               0-9.93447779019-1-1.14286964967-1*
*               3.0625+0               0
GRID*                533               0-9.96655239309-1-8.17210741337-2*
*              3.03125+0               0
GRID*                534               0-9.83846005927-1-1.79016861277-1*
*                3.125+0               0
GRID*                535               0-9.80785280403-1-1.95090322016-1*
*              3.09375+0               0
GRID*                536               0-9.89176509965-1-1.46730474455-1*
*              3.09375+0               0
GRID*                537               0-9.61561797683-1-2.74588618185-1*
*                3.125+0               0
GRID*                538               0-9.70031253195-1-2.42980179903-1*
*              3.09375+0               0
GRID*                539               0-9.65925826289-1-2.58819045103-1*
*              3.15625+0               0
GRID*                540               0-9.41544065183-1-3.36889853392-1*
*               3.1875+0               0
GRID*                541               0-9.35905926757-1-3.52250047921-1*
*              3.15625+0               0
GRID*                542               0-9.52062677714-1-3.05903020097-1*
*              3.15625+0               0
GRID*                543               0-9.70031253195-1-2.42980179903-1*
*               3.1875+0               0
GRID*                544               0-9.77461974944-1-2.11111552359-1*
*              3.15625+0               0
GRID*                545               0-9.52062677714-1-3.05903020097-1*
*                 3.25+0               0
GRID*                546               0-9.46930129495-1-3.21439465303-1*
*              3.21875+0               0
GRID*                547               0-9.61561797683-1-2.74588618185-1*
*              3.21875+0               0
GRID*                548               0-9.17494496447-1-3.97748474527-1*
*                 3.25+0               0
GRID*                549               0-9.10863824921-1-4.12707029804-1*
*              3.21875+0               0
GRID*                550               0-9.30017223684-1-3.67515936595-1*
*              3.21875+0               0
GRID*                551               0-8.96872741533-1-4.42288690219-1*
*              3.15625+0               0
GRID*                552               0    -8.5772861-1-5.14102744193-1*
*               3.1875+0               0
GRID*                553               0-8.74090341627-1-4.85763393716-1*
*              3.15625+0               0
GRID*                554               0-9.03989293123-1 -4.2755509343-1*
*               3.1875+0               0
GRID*                555               0-9.17494496447-1-3.97748474527-1*
*              3.15625+0               0
GRID*                556               0-8.74090341627-1-4.85763393716-1*
*                 3.25+0               0
GRID*                557               0-8.66025403784-1          -5.0-1*
*              3.21875+0               0
GRID*                558               0-8.89516075422-1 -4.5690387563-1*
*              3.21875+0               0
GRID*                559               0 -8.2226821899-1-5.69100145879-1*
*                 3.25+0               0
GRID*                560               0-8.40448401094-1-5.41891580575-1*
*              3.21875+0               0
GRID         561       0   1.0+0   0.0+0  -3.0+0       0
GRID*                562               0 9.23879532511-1-3.82683432365-1*
*                 -3.0+0               0
GRID*                563               0 7.07106781187-1-7.07106781187-1*
*                 -3.0+0               0
GRID         564       0   0.0+0  -1.0+0  -3.0+0       0
GRID*                565               0-3.82683432365-1-9.23879532511-1*
*                 -3.0+0               0
GRID*                566               0-7.07106781187-1-7.07106781187-1*
*                 -3.0+0               0
GRID*                567               0 3.82683432365-1-9.23879532511-1*
*                 -3.0+0               0
GRID*                568               0-9.23879532511-1-3.82683432365-1*
*                 -3.0+0               0
GRID         569       0  -1.0+0   0.0+0  -3.0+0       0
GRID*                570               0 7.07106781187-1 7.07106781187-1*
*                 -3.0+0               0
GRID*                571               0 9.23879532511-1 3.82683432365-1*
*                 -3.0+0               0
GRID*                572               0-9.23879532511-1 3.82683432365-1*
*                 -3.0+0               0
GRID*                573               0-7.07106781187-1 7.07106781187-1*
*                 -3.0+0               0
GRID         574       0   0.0+0   1.0+0  -3.0+0       0
GRID*                575               0 3.82683432365-1 9.23879532511-1*
*                 -3.0+0               0
GRID*                576               0-3.82683432365-1 9.23879532511-1*
*                 -3.0+0               0
GRID*                577               0 9.23879532511-1-3.82683432365-1*
*                -2.75+0               0
GRID         578       0   1.0+0   0.0+0 -2.75+0       0
GRID*                579               0 7.07106781187-1-7.07106781187-1*
*                -2.75+0               0
GRID*                580               0-3.82683432365-1-9.23879532511-1*
*                -2.75+0               0
GRID         581       0   0.0+0  -1.0+0 -2.75+0       0
GRID*                582               0-7.07106781187-1-7.07106781187-1*
*                -2.75+0               0
GRID*                583               0 3.82683432365-1-9.23879532511-1*
*                -2.75+0               0
GRID*                584               0-9.23879532511-1-3.82683432365-1*
*                -2.75+0               0
GRID         585       0  -1.0+0   0.0+0 -2.75+0       0
GRID*                586               0 9.23879532511-1 3.82683432365-1*
*                -2.75+0               0
GRID*                587               0 7.07106781187-1 7.07106781187-1*
*                -2.75+0               0
GRID*                588               0-7.07106781187-1 7.07106781187-1*
*                -2.75+0               0
GRID*                589               0-9.23879532511-1 3.82683432365-1*
*                -2.75+0               0
GRID*                590               0 3.82683432365-1 9.23879532511-1*
*                -2.75+0               0
GRID         591       0   0.0+0   1.0+0 -2.75+0       0
GRID*                592               0-3.82683432365-1 9.23879532511-1*
*                -2.75+0               0
GRID*                593               0 9.80785280403-1-1.95090322016-1*
*                -2.75+0               0
GRID         594       0   1.0+0   0.0+0-2.875+0       0
GRID*                595               0 9.80785280403-1-1.95090322016-1*
*                 -3.0+0               0
GRID*                596               0 9.23879532511-1-3.82683432365-1*
*               -2.875+0               0
GRID*                597               0 8.31469612303-1 -5.5557023302-1*
*                -2.75+0               0
GRID*                598               0 8.31469612303-1 -5.5557023302-1*
*                 -3.0+0               0
GRID*                599               0 7.07106781187-1-7.07106781187-1*
*               -2.875+0               0
GRID*                600               0-1.95090322016-1-9.80785280403-1*
*                -2.75+0               0
GRID         601       0   0.0+0  -1.0+0-2.875+0       0
GRID*                602               0-1.95090322016-1-9.80785280403-1*
*                 -3.0+0               0
GRID*                603               0-3.82683432365-1-9.23879532511-1*
*               -2.875+0               0
GRID*                604               0 -5.5557023302-1-8.31469612303-1*
*                -2.75+0               0
GRID*                605               0 -5.5557023302-1-8.31469612303-1*
*                 -3.0+0               0
GRID*                606               0-7.07106781187-1-7.07106781187-1*
*               -2.875+0               0
GRID*                607               0  5.5557023302-1-8.31469612303-1*
*                -2.75+0               0
GRID*                608               0  5.5557023302-1-8.31469612303-1*
*                 -3.0+0               0
GRID*                609               0 3.82683432365-1-9.23879532511-1*
*               -2.875+0               0
GRID*                610               0 1.95090322016-1-9.80785280403-1*
*                -2.75+0               0
GRID*                611               0 1.95090322016-1-9.80785280403-1*
*                 -3.0+0               0
GRID*                612               0-8.31469612303-1 -5.5557023302-1*
*                -2.75+0               0
GRID*                613               0-8.31469612303-1 -5.5557023302-1*
*                 -3.0+0               0
GRID*                614               0-9.23879532511-1-3.82683432365-1*
*               -2.875+0               0
GRID*                615               0-9.80785280403-1-1.95090322016-1*
*                -2.75+0               0
GRID*                616               0-9.80785280403-1-1.95090322016-1*
*                 -3.0+0               0
GRID         617       0  -1.0+0   0.0+0-2.875+0       0
GRID*                618               0 8.31469612303-1  5.5557023302-1*
*                -2.75+0               0
GRID*                619               0 7.07106781187-1 7.07106781187-1*
*               -2.875+0               0
GRID*                620               0 8.31469612303-1  5.5557023302-1*
*                 -3.0+0               0
GRID*                621               0 9.23879532511-1 3.82683432365-1*
*               -2.875+0               0
GRID*                622               0 9.80785280403-1 1.95090322016-1*
*                -2.75+0               0
GRID*                623               0 9.80785280403-1 1.95090322016-1*
*                 -3.0+0               0
GRID*                624               0-8.31469612303-1  5.5557023302-1*
*                -2.75+0               0
GRID*                625               0-9.23879532511-1 3.82683432365-1*
*               -2.875+0               0
GRID*                626               0-8.31469612303-1  5.5557023302-1*
*                 -3.0+0               0
GRID*                627               0-7.07106781187-1 7.07106781187-1*
*               -2.875+0               0
GRID*                628               0-9.80785280403-1 1.95090322016-1*
*                -2.75+0               0
GRID*                629               0-9.80785280403-1 1.95090322016-1*
*                 -3.0+0               0
GRID*                630               0 1.95090322016-1 9.80785280403-1*
*                -2.75+0               0
GRID         631       0   0.0+0   1.0+0-2.875+0       0
GRID*                632               0 1.95090322016-1 9.80785280403-1*
*                 -3.0+0               0
GRID*                633               0 3.82683432365-1 9.23879532511-1*
*               -2.875+0               0
GRID*                634               0  5.5557023302-1 8.31469612303-1*
*                -2.75+0               0
GRID*                635               0  5.5557023302-1 8.31469612303-1*
*                 -3.0+0               0
GRID*                636               0 -5.5557023302-1 8.31469612303-1*
*                -2.75+0               0
GRID*                637               0 -5.5557023302-1 8.31469612303-1*
*                 -3.0+0               0
GRID*                638               0-3.82683432365-1 9.23879532511-1*
*               -2.875+0               0
GRID*                639               0-1.95090322016-1 9.80785280403-1*
*                -2.75+0               0
GRID*                640               0-1.95090322016-1 9.80785280403-1*
*                 -3.0+0               0
GRID*                641               0 9.57076912881-1-2.89834060852-1*
*                -2.75+0               0
GRID*                642               0 9.95138464073-1-9.84857214128-2*
*                -2.75+0               0
GRID*                643               0           1.0+0           0.0+0*
*              -2.8125+0               0
GRID*                644               0           1.0+0           0.0+0*
*              -2.9375+0               0
GRID*                645               0 9.95138464073-1-9.84857214128-2*
*                 -3.0+0               0
GRID*                646               0 9.57076912881-1-2.89834060852-1*
*                 -3.0+0               0
GRID*                647               0 9.23879532511-1-3.82683432365-1*
*              -2.9375+0               0
GRID*                648               0 9.23879532511-1-3.82683432365-1*
*              -2.8125+0               0
GRID*                649               0 9.80785280403-1-1.95090322016-1*
*               -2.875+0               0
GRID*                650               0 9.57076912881-1-2.89834060852-1*
*               -2.875+0               0
GRID*                651               0 9.80785280403-1-1.95090322016-1*
*              -2.8125+0               0
GRID*                652               0 9.95138464073-1-9.84857214128-2*
*               -2.875+0               0
GRID*                653               0 9.80785280403-1-1.95090322016-1*
*              -2.9375+0               0
GRID*                654               0 7.73309077627-1-6.34029234705-1*
*                -2.75+0               0
GRID*                655               0 8.81699205063-1-4.71811945368-1*
*                -2.75+0               0
GRID*                656               0 8.81699205063-1-4.71811945368-1*
*                 -3.0+0               0
GRID*                657               0 7.73309077627-1-6.34029234705-1*
*                 -3.0+0               0
GRID*                658               0 7.07106781187-1-7.07106781187-1*
*              -2.9375+0               0
GRID*                659               0 7.07106781187-1-7.07106781187-1*
*              -2.8125+0               0
GRID*                660               0 8.31469612303-1 -5.5557023302-1*
*               -2.875+0               0
GRID*                661               0 7.73309077627-1-6.34029234705-1*
*               -2.875+0               0
GRID*                662               0 8.31469612303-1 -5.5557023302-1*
*              -2.8125+0               0
GRID*                663               0 8.81699205063-1-4.71811945368-1*
*               -2.875+0               0
GRID*                664               0 8.31469612303-1 -5.5557023302-1*
*              -2.9375+0               0
GRID*                665               0-2.89834060852-1-9.57076912881-1*
*                -2.75+0               0
GRID*                666               0-9.84857214128-2-9.95138464073-1*
*                -2.75+0               0
GRID*                667               0           0.0+0          -1.0+0*
*              -2.8125+0               0
GRID*                668               0           0.0+0          -1.0+0*
*              -2.9375+0               0
GRID*                669               0-9.84857214128-2-9.95138464073-1*
*                 -3.0+0               0
GRID*                670               0-2.89834060852-1-9.57076912881-1*
*                 -3.0+0               0
GRID*                671               0-3.82683432365-1-9.23879532511-1*
*              -2.9375+0               0
GRID*                672               0-3.82683432365-1-9.23879532511-1*
*              -2.8125+0               0
GRID*                673               0-1.95090322016-1-9.80785280403-1*
*               -2.875+0               0
GRID*                674               0-2.89834060852-1-9.57076912881-1*
*               -2.875+0               0
GRID*                675               0-1.95090322016-1-9.80785280403-1*
*              -2.8125+0               0
GRID*                676               0-9.84857214128-2-9.95138464073-1*
*               -2.875+0               0
GRID*                677               0-1.95090322016-1-9.80785280403-1*
*              -2.9375+0               0
GRID*                678               0-6.34029234705-1-7.73309077627-1*
*                -2.75+0               0
GRID*                679               0-4.71811945368-1-8.81699205063-1*
*                -2.75+0               0
GRID*                680               0-4.71811945368-1-8.81699205063-1*
*                 -3.0+0               0
GRID*                681               0-6.34029234705-1-7.73309077627-1*
*                 -3.0+0               0
GRID*                682               0-7.07106781187-1-7.07106781187-1*
*              -2.9375+0               0
GRID*                683               0-7.07106781187-1-7.07106781187-1*
*              -2.8125+0               0
GRID*                684               0 -5.5557023302-1-8.31469612303-1*
*               -2.875+0               0
GRID*                685               0-6.34029234705-1-7.73309077627-1*
*               -2.875+0               0
GRID*                686               0 -5.5557023302-1-8.31469612303-1*
*              -2.8125+0               0
GRID*                687               0-4.71811945368-1-8.81699205063-1*
*               -2.875+0               0
GRID*                688               0 -5.5557023302-1-8.31469612303-1*
*              -2.9375+0               0
GRID*                689               0 4.71811945368-1-8.81699205063-1*
*                -2.75+0               0
GRID*                690               0 6.34029234705-1-7.73309077627-1*
*                -2.75+0               0
GRID*                691               0 6.34029234705-1-7.73309077627-1*
*                 -3.0+0               0
GRID*                692               0 4.71811945368-1-8.81699205063-1*
*                 -3.0+0               0
GRID*                693               0 3.82683432365-1-9.23879532511-1*
*              -2.9375+0               0
GRID*                694               0 3.82683432365-1-9.23879532511-1*
*              -2.8125+0               0
GRID*                695               0  5.5557023302-1-8.31469612303-1*
*               -2.875+0               0
GRID*                696               0 4.71811945368-1-8.81699205063-1*
*               -2.875+0               0
GRID*                697               0  5.5557023302-1-8.31469612303-1*
*              -2.8125+0               0
GRID*                698               0 6.34029234705-1-7.73309077627-1*
*               -2.875+0               0
GRID*                699               0  5.5557023302-1-8.31469612303-1*
*              -2.9375+0               0
GRID*                700               0 9.84857214128-2-9.95138464073-1*
*                -2.75+0               0
GRID*                701               0 2.89834060852-1-9.57076912881-1*
*                -2.75+0               0
GRID*                702               0 2.89834060852-1-9.57076912881-1*
*                 -3.0+0               0
GRID*                703               0 9.84857214128-2-9.95138464073-1*
*                 -3.0+0               0
GRID*                704               0 1.95090322016-1-9.80785280403-1*
*               -2.875+0               0
GRID*                705               0 9.84857214128-2-9.95138464073-1*
*               -2.875+0               0
GRID*                706               0 1.95090322016-1-9.80785280403-1*
*              -2.8125+0               0
GRID*                707               0 2.89834060852-1-9.57076912881-1*
*               -2.875+0               0
GRID*                708               0 1.95090322016-1-9.80785280403-1*
*              -2.9375+0               0
GRID*                709               0-8.81699205063-1-4.71811945368-1*
*                -2.75+0               0
GRID*                710               0-7.73309077627-1-6.34029234705-1*
*                -2.75+0               0
GRID*                711               0-7.73309077627-1-6.34029234705-1*
*                 -3.0+0               0
GRID*                712               0-8.81699205063-1-4.71811945368-1*
*                 -3.0+0               0
GRID*                713               0-9.23879532511-1-3.82683432365-1*
*              -2.9375+0               0
GRID*                714               0-9.23879532511-1-3.82683432365-1*
*              -2.8125+0               0
GRID*                715               0-8.31469612303-1 -5.5557023302-1*
*               -2.875+0               0
GRID*                716               0-8.81699205063-1-4.71811945368-1*
*               -2.875+0               0
GRID*                717               0-8.31469612303-1 -5.5557023302-1*
*              -2.8125+0               0
GRID*                718               0-7.73309077627-1-6.34029234705-1*
*               -2.875+0               0
GRID*                719               0-8.31469612303-1 -5.5557023302-1*
*              -2.9375+0               0
GRID*                720               0-9.95138464073-1-9.84857214128-2*
*                -2.75+0               0
GRID*                721               0-9.57076912881-1-2.89834060852-1*
*                -2.75+0               0
GRID*                722               0-9.57076912881-1-2.89834060852-1*
*                 -3.0+0               0
GRID*                723               0-9.95138464073-1-9.84857214128-2*
*                 -3.0+0               0
GRID*                724               0          -1.0+0           0.0+0*
*              -2.9375+0               0
GRID*                725               0          -1.0+0           0.0+0*
*              -2.8125+0               0
GRID*                726               0-9.80785280403-1-1.95090322016-1*
*               -2.875+0               0
GRID*                727               0-9.95138464073-1-9.84857214128-2*
*               -2.875+0               0
GRID*                728               0-9.80785280403-1-1.95090322016-1*
*              -2.8125+0               0
GRID*                729               0-9.57076912881-1-2.89834060852-1*
*               -2.875+0               0
GRID*                730               0-9.80785280403-1-1.95090322016-1*
*              -2.9375+0               0
GRID*                731               0 8.81699205063-1 4.71811945368-1*
*                -2.75+0               0
GRID*                732               0 7.73309077627-1 6.34029234705-1*
*                -2.75+0               0
GRID*                733               0 7.07106781187-1 7.07106781187-1*
*              -2.8125+0               0
GRID*                734               0 7.07106781187-1 7.07106781187-1*
*              -2.9375+0               0
GRID*                735               0 7.73309077627-1 6.34029234705-1*
*                 -3.0+0               0
GRID*                736               0 8.81699205063-1 4.71811945368-1*
*                 -3.0+0               0
GRID*                737               0 9.23879532511-1 3.82683432365-1*
*              -2.9375+0               0
GRID*                738               0 9.23879532511-1 3.82683432365-1*
*              -2.8125+0               0
GRID*                739               0 8.31469612303-1  5.5557023302-1*
*               -2.875+0               0
GRID*                740               0 8.81699205063-1 4.71811945368-1*
*               -2.875+0               0
GRID*                741               0 8.31469612303-1  5.5557023302-1*
*              -2.8125+0               0
GRID*                742               0 7.73309077627-1 6.34029234705-1*
*               -2.875+0               0
GRID*                743               0 8.31469612303-1  5.5557023302-1*
*              -2.9375+0               0
GRID*                744               0 9.95138464073-1 9.84857214128-2*
*                -2.75+0               0
GRID*                745               0 9.57076912881-1 2.89834060852-1*
*                -2.75+0               0
GRID*                746               0 9.57076912881-1 2.89834060852-1*
*                 -3.0+0               0
GRID*                747               0 9.95138464073-1 9.84857214128-2*
*                 -3.0+0               0
GRID*                748               0 9.80785280403-1 1.95090322016-1*
*               -2.875+0               0
GRID*                749               0 9.95138464073-1 9.84857214128-2*
*               -2.875+0               0
GRID*                750               0 9.80785280403-1 1.95090322016-1*
*              -2.8125+0               0
GRID*                751               0 9.57076912881-1 2.89834060852-1*
*               -2.875+0               0
GRID*                752               0 9.80785280403-1 1.95090322016-1*
*              -2.9375+0               0
GRID*                753               0-7.73309077627-1 6.34029234705-1*
*                -2.75+0               0
GRID*                754               0-8.81699205063-1 4.71811945368-1*
*                -2.75+0               0
GRID*                755               0-9.23879532511-1 3.82683432365-1*
*              -2.8125+0               0
GRID*                756               0-9.23879532511-1 3.82683432365-1*
*              -2.9375+0               0
GRID*                757               0-8.81699205063-1 4.71811945368-1*
*                 -3.0+0               0
GRID*                758               0-7.73309077627-1 6.34029234705-1*
*                 -3.0+0               0
GRID*                759               0-7.07106781187-1 7.07106781187-1*
*              -2.9375+0               0
GRID*                760               0-7.07106781187-1 7.07106781187-1*
*              -2.8125+0               0
GRID*                761               0-8.31469612303-1  5.5557023302-1*
*               -2.875+0               0
GRID*                762               0-7.73309077627-1 6.34029234705-1*
*               -2.875+0               0
GRID*                763               0-8.31469612303-1  5.5557023302-1*
*              -2.8125+0               0
GRID*                764               0-8.81699205063-1 4.71811945368-1*
*               -2.875+0               0
GRID*                765               0-8.31469612303-1  5.5557023302-1*
*              -2.9375+0               0
GRID*                766               0-9.57076912881-1 2.89834060852-1*
*                -2.75+0               0
GRID*                767               0-9.95138464073-1 9.84857214128-2*
*                -2.75+0               0
GRID*                768               0-9.95138464073-1 9.84857214128-2*
*                 -3.0+0               0
GRID*                769               0-9.57076912881-1 2.89834060852-1*
*                 -3.0+0               0
GRID*                770               0-9.80785280403-1 1.95090322016-1*
*               -2.875+0               0
GRID*                771               0-9.57076912881-1 2.89834060852-1*
*               -2.875+0               0
GRID*                772               0-9.80785280403-1 1.95090322016-1*
*              -2.8125+0               0
GRID*                773               0-9.95138464073-1 9.84857214128-2*
*               -2.875+0               0
GRID*                774               0-9.80785280403-1 1.95090322016-1*
*              -2.9375+0               0
GRID*                775               0 2.89834060852-1 9.57076912881-1*
*                -2.75+0               0
GRID*                776               0 9.84857214128-2 9.95138464073-1*
*                -2.75+0               0
GRID*                777               0           0.0+0           1.0+0*
*              -2.8125+0               0
GRID*                778               0           0.0+0           1.0+0*
*              -2.9375+0               0
GRID*                779               0 9.84857214128-2 9.95138464073-1*
*                 -3.0+0               0
GRID*                780               0 2.89834060852-1 9.57076912881-1*
*                 -3.0+0               0
GRID*                781               0 3.82683432365-1 9.23879532511-1*
*              -2.9375+0               0
GRID*                782               0 3.82683432365-1 9.23879532511-1*
*              -2.8125+0               0
GRID*                783               0 1.95090322016-1 9.80785280403-1*
*               -2.875+0               0
GRID*                784               0 2.89834060852-1 9.57076912881-1*
*               -2.875+0               0
GRID*                785               0 1.95090322016-1 9.80785280403-1*
*              -2.8125+0               0
GRID*                786               0 9.84857214128-2 9.95138464073-1*
*               -2.875+0               0
GRID*                787               0 1.95090322016-1 9.80785280403-1*
*              -2.9375+0               0
GRID*                788               0 6.34029234705-1 7.73309077627-1*
*                -2.75+0               0
GRID*                789               0 4.71811945368-1 8.81699205063-1*
*                -2.75+0               0
GRID*                790               0 4.71811945368-1 8.81699205063-1*
*                 -3.0+0               0
GRID*                791               0 6.34029234705-1 7.73309077627-1*
*                 -3.0+0               0
GRID*                792               0  5.5557023302-1 8.31469612303-1*
*               -2.875+0               0
GRID*                793               0 6.34029234705-1 7.73309077627-1*
*               -2.875+0               0
GRID*                794               0  5.5557023302-1 8.31469612303-1*
*              -2.8125+0               0
GRID*                795               0 4.71811945368-1 8.81699205063-1*
*               -2.875+0               0
GRID*                796               0  5.5557023302-1 8.31469612303-1*
*              -2.9375+0               0
GRID*                797               0-4.71811945368-1 8.81699205063-1*
*                -2.75+0               0
GRID*                798               0-6.34029234705-1 7.73309077627-1*
*                -2.75+0               0
GRID*                799               0-6.34029234705-1 7.73309077627-1*
*                 -3.0+0               0
GRID*                800               0-4.71811945368-1 8.81699205063-1*
*                 -3.0+0               0
GRID*                801               0-3.82683432365-1 9.23879532511-1*
*              -2.9375+0               0
GRID*                802               0-3.82683432365-1 9.23879532511-1*
*              -2.8125+0               0
GRID*                803               0 -5.5557023302-1 8.31469612303-1*
*               -2.875+0               0
GRID*                804               0-4.71811945368-1 8.81699205063-1*
*               -2.875+0               0
GRID*                805               0 -5.5557023302-1 8.31469612303-1*
*              -2.8125+0               0
GRID*                806               0-6.34029234705-1 7.73309077627-1*
*               -2.875+0               0
GRID*                807               0 -5.5557023302-1 8.31469612303-1*
*              -2.9375+0               0
GRID*                808               0-9.84857214128-2 9.95138464073-1*
*                -2.75+0               0
GRID*                809               0-2.89834060852-1 9.57076912881-1*
*                -2.75+0               0
GRID*                810               0-2.89834060852-1 9.57076912881-1*
*                 -3.0+0               0
GRID*                811               0-9.84857214128-2 9.95138464073-1*
*                 -3.0+0               0
GRID*                812               0-1.95090322016-1 9.80785280403-1*
*               -2.875+0               0
GRID*                813               0-9.84857214128-2 9.95138464073-1*
*               -2.875+0               0
GRID*                814               0-1.95090322016-1 9.80785280403-1*
*              -2.8125+0               0
GRID*                815               0-2.89834060852-1 9.57076912881-1*
*               -2.875+0               0
GRID*                816               0-1.95090322016-1 9.80785280403-1*
*              -2.9375+0               0
GRID*                817               0 7.07106781187-1-7.07106781187-1*
*                  3.0+0               0
GRID         818       0   0.0+0   1.0+0   3.0+0       0
GRID         819       0  -1.0+0   0.0+0   3.0+0       0
GRID*                820               0-4.61748613235-1 8.87010833178-1*
*                 3.25+0               0
GRID*                821               0-9.23879532511-1-3.82683432365-1*
*                  3.0+0               0
GRID*                822               0-7.07106781187-1 7.07106781187-1*
*                  3.0+0               0
GRID         823       0   0.0+0  -1.0+0   3.0+0       0
GRID*                824               0 9.91444861374-1 -1.3052619222-1*
*                 3.25+0               0
GRID*                825               0-7.07106781187-1-7.07106781187-1*
*                  3.0+0               0
GRID*                826               0-6.42787609687-1-7.66044443119-1*
*                 3.25+0               0
GRID*                827               0-7.93353340291-1-6.08761429009-1*
*                 3.25+0               0
GRID*                828               0-3.82683432365-1-9.23879532511-1*
*                  3.0+0               0
GRID         829       0   1.0+0   0.0+0   3.0+0       0
GRID*                830               0 3.82683432365-1-9.23879532511-1*
*                  3.0+0               0
GRID*                831               0 7.07106781187-1 7.07106781187-1*
*                  3.0+0               0
GRID*                832               0-1.6081428723-16          -1.0+0*
*                 3.25+0               0
GRID*                833               0 9.23879532511-1 3.82683432365-1*
*                  3.0+0               0
GRID*                834               0 9.65925826289-1 2.58819045103-1*
*                 3.25+0               0
GRID*                835               0-3.82683432365-1-9.23879532511-1*
*                 3.25+0               0
GRID*                836               0           5.0-1 8.66025403784-1*
*                 3.25+0               0
GRID*                837               0 7.93353340291-1 6.08761429009-1*
*                 3.25+0               0
GRID*                838               0 3.82683432365-1 9.23879532511-1*
*                  3.0+0               0
GRID*                839               0 9.23879532511-1-3.82683432365-1*
*                  3.0+0               0
GRID*                840               0-1.6081428723-16           1.0+0*
*                 3.25+0               0
GRID*                841               0 3.00705799504-1 9.53716950748-1*
*                 3.25+0               0
GRID*                842               0-9.23879532511-1 3.82683432365-1*
*                  3.0+0               0
GRID*                843               0-8.66025403784-1           5.0-1*
*                 3.25+0               0
GRID*                844               0 7.66044443119-1-6.42787609687-1*
*                 3.25+0               0
GRID*                845               0-9.65925826289-1-2.58819045103-1*
*                 3.25+0               0
GRID*                846               0-9.91444861374-1  1.3052619222-1*
*                 3.25+0               0
GRID*                847               0-3.82683432365-1 9.23879532511-1*
*                  3.0+0               0
GRID*                848               0 3.82683432365-1-9.23879532511-1*
*                 3.25+0               0
GRID*                849               0 9.80785280403-1-1.95090322016-1*
*                  3.0+0               0
GRID*                850               0 9.65925826289-1-2.58819045103-1*
*                3.125+0               0
GRID*                851               0 9.97858923239-1 6.54031292301-2*
*                 3.25+0               0
GRID*                852               0 9.91444861374-1  1.3052619222-1*
*                3.125+0               0
GRID*                853               0 9.97858923239-1-6.54031292301-2*
*                3.125+0               0
GRID*                854               0 8.31469612303-1 -5.5557023302-1*
*                  3.0+0               0
GRID*                855               0  7.3727733681-1-6.75590207616-1*
*                3.125+0               0
GRID*                856               0 9.15311479119-1-4.02746689859-1*
*                 3.25+0               0
GRID*                857               0  8.7627678872-1-4.81808042222-1*
*                3.125+0               0
GRID*                858               0-1.95090322016-1-9.80785280403-1*
*                  3.0+0               0
GRID*                859               0-3.82683432365-1-9.23879532511-1*
*                3.125+0               0
GRID*                860               0-1.95090322016-1-9.80785280403-1*
*                 3.25+0               0
GRID*                861               0-8.0407143617-17          -1.0+0*
*                3.125+0               0
GRID*                862               0-1.95090322016-1-9.80785280403-1*
*                3.125+0               0
GRID*                863               0 -5.5557023302-1-8.31469612303-1*
*                  3.0+0               0
GRID*                864               0-6.75590207616-1 -7.3727733681-1*
*                3.125+0               0
GRID*                865               0-5.18773258161-1-8.54911870673-1*
*                 3.25+0               0
GRID*                866               0-5.37228802005-1-8.43436550249-1*
*                3.125+0               0
GRID*                867               0  5.5557023302-1-8.31469612303-1*
*                  3.0+0               0
GRID*                868               0 3.82683432365-1-9.23879532511-1*
*                3.125+0               0
GRID*                869               0 5.91309648364-1-8.06444604267-1*
*                 3.25+0               0
GRID*                870               0  5.7348996975-1-8.19212582054-1*
*                3.125+0               0
GRID*                871               0 1.95090322016-1-9.80785280403-1*
*                  3.0+0               0
GRID*                872               0 1.95090322016-1-9.80785280403-1*
*                 3.25+0               0
GRID*                873               0 1.95090322016-1-9.80785280403-1*
*                3.125+0               0
GRID*                874               0-8.31469612303-1 -5.5557023302-1*
*                  3.0+0               0
GRID*                875               0-8.66025403784-1          -5.0-1*
*                3.125+0               0
GRID*                876               0 -7.2236396206-1-6.91513055782-1*
*                 3.25+0               0
GRID*                877               0-7.79516349664-1 -6.2638188081-1*
*                3.125+0               0
GRID*                878               0-9.80785280403-1-1.95090322016-1*
*                  3.0+0               0
GRID*                879               0-9.91444861374-1 -1.3052619222-1*
*                3.125+0               0
GRID*                880               0-8.96872741533-1-4.42288690219-1*
*                 3.25+0               0
GRID*                881               0-9.46930129495-1-3.21439465303-1*
*                3.125+0               0
GRID*                882               0 8.31469612303-1  5.5557023302-1*
*                  3.0+0               0
GRID*                883               0 8.66025403784-1           5.0-1*
*                3.125+0               0
GRID*                884               0   6.593458151-1 7.51839807479-1*
*                 3.25+0               0
GRID*                885               0 6.08761429009-1 7.93353340291-1*
*                3.125+0               0
GRID*                886               0 7.51839807479-1   6.593458151-1*
*                3.125+0               0
GRID*                887               0 9.80785280403-1 1.95090322016-1*
*                  3.0+0               0
GRID*                888               0 8.96872741533-1 4.42288690219-1*
*                 3.25+0               0
GRID*                889               0 9.46930129495-1 3.21439465303-1*
*                3.125+0               0
GRID*                890               0-8.31469612303-1  5.5557023302-1*
*                  3.0+0               0
GRID*                891               0-7.93353340291-1 6.08761429009-1*
*                3.125+0               0
GRID*                892               0-9.46930129495-1 3.21439465303-1*
*                 3.25+0               0
GRID*                893               0-9.65925826289-1 2.58819045103-1*
*                3.125+0               0
GRID*                894               0-8.96872741533-1 4.42288690219-1*
*                3.125+0               0
GRID*                895               0-9.80785280403-1 1.95090322016-1*
*                  3.0+0               0
GRID*                896               0-9.97858923239-1-6.54031292301-2*
*                 3.25+0               0
GRID*                897               0-9.97858923239-1 6.54031292301-2*
*                3.125+0               0
GRID*                898               0 1.95090322016-1 9.80785280403-1*
*                  3.0+0               0
GRID*                899               0 3.42020143326-1 9.39692620786-1*
*                3.125+0               0
GRID*                900               0  1.5212338619-1 9.88361510468-1*
*                 3.25+0               0
GRID*                901               0-8.0407143617-17           1.0+0*
*                3.125+0               0
GRID*                902               0 1.73565500416-1 9.84822327664-1*
*                3.125+0               0
GRID*                903               0  5.5557023302-1 8.31469612303-1*
*                  3.0+0               0
GRID*                904               0 4.02746689859-1 9.15311479119-1*
*                 3.25+0               0
GRID*                905               0 4.80473232593-1  8.7700939149-1*
*                3.125+0               0
GRID*                906               0 -5.5557023302-1 8.31469612303-1*
*                  3.0+0               0
GRID*                907               0-4.22618261741-1 9.06307787037-1*
*                3.125+0               0
GRID*                908               0-6.91513055782-1  7.2236396206-1*
*                 3.25+0               0
GRID*                909               0-6.25194234575-1 7.80469198018-1*
*                3.125+0               0
GRID*                910               0-1.95090322016-1 9.80785280403-1*
*                  3.0+0               0
GRID*                911               0-2.37685892326-1 9.71342069813-1*
*                 3.25+0               0
GRID*                912               0-2.16336562416-1 9.76318847387-1*
*                3.125+0               0
GRID*                913               0 9.80171403296-2 9.95184726672-1*
*                  3.0+0               0
GRID*                914               0  1.8433896303-1 9.82862730349-1*
*               3.0625+0               0
GRID*                915               0 8.71139263728-2 9.96198355666-1*
*                3.125+0               0
GRID*                916               0-4.0203571808-17           1.0+0*
*               3.0625+0               0
GRID*                917               0 9.25641458443-2  9.9570672334-1*
*               3.0625+0               0
GRID*                918               0 2.90284677254-1 9.56940335732-1*
*                  3.0+0               0
GRID*                919               0 3.62438038284-1 9.32007869283-1*
*               3.0625+0               0
GRID*                920               0 2.58778499144-1 9.65936689634-1*
*                3.125+0               0
GRID*                921               0 2.74560475184-1   9.615698339-1*
*               3.0625+0               0
GRID*                922               0 3.21439465303-1 9.46930129495-1*
*               3.1875+0               0
GRID*                923               0 2.27076263034-1 9.73876979277-1*
*                 3.25+0               0
GRID*                924               0 1.62854057881-1 9.86650168921-1*
*               3.1875+0               0
GRID*                925               0 2.42952701819-1 9.70038135683-1*
*               3.1875+0               0
GRID*                926               0  7.6283974504-2 9.97086132304-1*
*                 3.25+0               0
GRID*                927               0-1.2061071543-16           1.0+0*
*               3.1875+0               0
GRID*                928               0 8.16977445223-2 9.96657151953-1*
*               3.1875+0               0
GRID*                929               0 4.71396736826-1 8.81921264348-1*
*                  3.0+0               0
GRID*                930               0 5.18521921939-1 8.55064334696-1*
*               3.0625+0               0
GRID*                931               0 4.12439250273-1 9.10985106812-1*
*                3.125+0               0
GRID*                932               0  4.4212838032-1 8.96951779816-1*
*               3.0625+0               0
GRID*                933               0 6.34393284164-1 7.73010453363-1*
*                  3.0+0               0
GRID*                934               0   6.593458151-1 7.51839807479-1*
*               3.0625+0               0
GRID*                935               0 5.46221219593-1 8.37640960833-1*
*                3.125+0               0
GRID*                936               0 5.91149467253-1  8.0656202946-1*
*               3.0625+0               0
GRID*                937               0  5.5557023302-1 8.31469612303-1*
*               3.1875+0               0
GRID*                938               0 4.52045546177-1 8.91994856589-1*
*                 3.25+0               0
GRID*                939               0 4.42025022293-1 8.97002719989-1*
*               3.1875+0               0
GRID*                940               0 4.99838454979-1 8.66118651759-1*
*               3.1875+0               0
GRID*                941               0 3.52250047921-1 9.35905926757-1*
*                 3.25+0               0
GRID*                942               0 3.82526443183-1 9.23944543934-1*
*               3.1875+0               0
GRID*                943               0-6.34393284164-1 7.73010453363-1*
*                  3.0+0               0
GRID*                944               0-5.90932688678-1 8.06720867123-1*
*               3.0625+0               0
GRID*                945               0-7.14450974542-1 6.99685504335-1*
*                3.125+0               0
GRID*                946               0-7.51839807479-1   6.593458151-1*
*               3.0625+0               0
GRID*                947               0-6.75368878112-1 7.37480086835-1*
*               3.0625+0               0
GRID*                948               0-4.71396736826-1 8.81921264348-1*
*                  3.0+0               0
GRID*                949               0-4.02746689859-1 9.15311479119-1*
*               3.0625+0               0
GRID*                950               0-5.27670914946-1 8.49448883406-1*
*                3.125+0               0
GRID*                951               0-4.99764774205-1 8.66161168873-1*
*               3.0625+0               0
GRID*                952               0-4.42288690219-1 8.96872741533-1*
*               3.1875+0               0
GRID*                953               0-5.82477696868-1 8.12846684592-1*
*                 3.25+0               0
GRID*                954               0-6.58994367754-1 7.52147873273-1*
*               3.1875+0               0
GRID*                955               0-5.55335773778-1 8.31626225153-1*
*               3.1875+0               0
GRID*                956               0-7.86665714369-1 6.17379181571-1*
*                 3.25+0               0
GRID*                957               0-8.31469612303-1  5.5557023302-1*
*               3.1875+0               0
GRID*                958               0 -7.5163479764-1 6.59579510731-1*
*               3.1875+0               0
GRID*                959               0-2.90284677254-1 9.56940335732-1*
*                  3.0+0               0
GRID*                960               0-2.05725563711-1  9.7860972427-1*
*               3.0625+0               0
GRID*                961               0-3.21389489515-1 9.46947092518-1*
*                3.125+0               0
GRID*                962               0-3.05869028693-1 9.52073598671-1*
*               3.0625+0               0
GRID*                963               0-9.80171403296-2 9.95184726672-1*
*                  3.0+0               0
GRID*                964               0 -1.0881441222-1 9.94062082414-1*
*                3.125+0               0
GRID*                965               0-1.03414252841-1 9.94638372631-1*
*               3.0625+0               0
GRID*                966               0-1.19703655305-1 9.92809667009-1*
*                 3.25+0               0
GRID*                967               0-2.27024865227-1 9.73888962135-1*
*               3.1875+0               0
GRID*                968               0-1.14257317701-1 9.93451189215-1*
*               3.1875+0               0
GRID*                969               0-3.52250047921-1 9.35905926757-1*
*                 3.25+0               0
GRID*                970               0-3.36855369202-1 9.41556403111-1*
*               3.1875+0               0
GRID*                971               0 9.95184726672-1-9.80171403296-2*
*                  3.0+0               0
GRID*                972               0 9.91444861374-1 -1.3052619222-1*
*               3.0625+0               0
GRID*                973               0 9.99464587476-1 3.27190828218-2*
*                3.125+0               0
GRID*                974               0 9.97858923239-1 6.54031292301-2*
*               3.0625+0               0
GRID*                975               0 9.99464587476-1-3.27190828218-2*
*               3.0625+0               0
GRID*                976               0 9.56940335732-1-2.90284677254-1*
*                  3.0+0               0
GRID*                977               0 9.46930129495-1-3.21439465303-1*
*               3.0625+0               0
GRID*                978               0 9.86643332085-1-1.62895473395-1*
*                3.125+0               0
GRID*                979               0 9.73876979277-1-2.27076263034-1*
*               3.0625+0               0
GRID*                980               0 9.80785280403-1-1.95090322016-1*
*               3.1875+0               0
GRID*                981               0 9.99464587476-1-3.27190828218-2*
*                 3.25+0               0
GRID*                982               0           1.0+0-7.6491607346-17*
*               3.1875+0               0
GRID*                983               0 9.95184726672-1-9.80171403296-2*
*               3.1875+0               0
GRID*                984               0 9.86643332085-1 1.62895473395-1*
*                 3.25+0               0
GRID*                985               0 9.80785280403-1 1.95090322016-1*
*               3.1875+0               0
GRID*                986               0 9.95184726672-1 9.80171403296-2*
*               3.1875+0               0
GRID*                987               0 8.81921264348-1-4.71396736826-1*
*                  3.0+0               0
GRID*                988               0 8.54669326552-1-5.19172747985-1*
*               3.0625+0               0
GRID*                989               0 9.27824682737-1-3.73016565455-1*
*                3.125+0               0
GRID*                990               0 9.06180894313-1-4.22890277473-1*
*               3.0625+0               0
GRID*                991               0 7.73010453363-1-6.34393284164-1*
*                  3.0+0               0
GRID*                992               0  7.2236396206-1-6.91513055782-1*
*               3.0625+0               0
GRID*                993               0 8.12574372541-1-5.82857520402-1*
*                3.125+0               0
GRID*                994               0 7.93187975044-1 -6.0897687661-1*
*               3.0625+0               0
GRID*                995               0 7.51839807479-1  -6.593458151-1*
*               3.1875+0               0
GRID*                996               0 8.49202181527-1 -5.2806785065-1*
*                 3.25+0               0
GRID*                997               0 8.96665938198-1-4.42707798977-1*
*               3.1875+0               0
GRID*                998               0 8.31312933351-1-5.55804648094-1*
*               3.1875+0               0
GRID*                999               0 9.63045136708-1-2.69340053953-1*
*                 3.25+0               0
GRID*               1000               0 9.46830156547-1-3.21733825783-1*
*               3.1875+0               0
GRID*               1001               0-9.80171403296-2-9.95184726672-1*
*                  3.0+0               0
GRID*               1002               0-1.95090322016-1-9.80785280403-1*
*               3.0625+0               0
GRID*               1003               0-9.80171403296-2-9.95184726672-1*
*                3.125+0               0
GRID*               1004               0-4.0203571808-17          -1.0+0*
*               3.0625+0               0
GRID*               1005               0-9.80171403296-2-9.95184726672-1*
*               3.0625+0               0
GRID*               1006               0-2.90284677254-1-9.56940335732-1*
*                  3.0+0               0
GRID*               1007               0-3.82683432365-1-9.23879532511-1*
*               3.0625+0               0
GRID*               1008               0-2.90284677254-1-9.56940335732-1*
*                3.125+0               0
GRID*               1009               0-2.90284677254-1-9.56940335732-1*
*               3.0625+0               0
GRID*               1010               0-3.82683432365-1-9.23879532511-1*
*               3.1875+0               0
GRID*               1011               0-2.90284677254-1-9.56940335732-1*
*                 3.25+0               0
GRID*               1012               0-1.95090322016-1-9.80785280403-1*
*               3.1875+0               0
GRID*               1013               0-2.90284677254-1-9.56940335732-1*
*               3.1875+0               0
GRID*               1014               0-9.80171403296-2-9.95184726672-1*
*                 3.25+0               0
GRID*               1015               0-1.2061071543-16          -1.0+0*
*               3.1875+0               0
GRID*               1016               0-9.80171403296-2-9.95184726672-1*
*               3.1875+0               0
GRID*               1017               0-4.71396736826-1-8.81921264348-1*
*                  3.0+0               0
GRID*               1018               0-5.46432278182-1-8.37503292747-1*
*               3.0625+0               0
GRID*               1019               0-4.61711379635-1 -8.8703021477-1*
*                3.125+0               0
GRID*               1020               0-4.66558586307-1-8.84490297032-1*
*               3.0625+0               0
GRID*               1021               0-6.34393284164-1-7.73010453363-1*
*                  3.0+0               0
GRID*               1022               0-6.91513055782-1 -7.2236396206-1*
*               3.0625+0               0
GRID*               1023               0-6.08728126649-1 -7.9337889298-1*
*                3.125+0               0
GRID*               1024               0-6.21637647955-1-7.83304943585-1*
*               3.0625+0               0
GRID*               1025               0  -6.593458151-1-7.51839807479-1*
*               3.1875+0               0
GRID*               1026               0-5.82477696868-1-8.12846684592-1*
*                 3.25+0               0
GRID*               1027               0-5.28032204049-1 -8.4922434697-1*
*               3.1875+0               0
GRID*               1028               0-5.95676551867-1-8.03224405478-1*
*               3.1875+0               0
GRID*               1029               0-4.52045546177-1-8.91994856589-1*
*                 3.25+0               0
GRID*               1030               0-4.56883053817-1 -8.8952677033-1*
*               3.1875+0               0
GRID*               1031               0 6.34393284164-1-7.73010453363-1*
*                  3.0+0               0
GRID*               1032               0 5.64563365857-1-8.25389729723-1*
*               3.0625+0               0
GRID*               1033               0 6.59306134961-1-7.51874604175-1*
*                3.125+0               0
GRID*               1034               0 6.46928927842-1-7.62550301502-1*
*               3.0625+0               0
GRID*               1035               0 4.71396736826-1-8.81921264348-1*
*                  3.0+0               0
GRID*               1036               0 3.82683432365-1-9.23879532511-1*
*               3.0625+0               0
GRID*               1037               0 4.80942497974-1-8.76752139229-1*
*                3.125+0               0
GRID*               1038               0  4.7617393797-1-8.79351113491-1*
*               3.0625+0               0
GRID*               1039               0 3.82683432365-1-9.23879532511-1*
*               3.1875+0               0
GRID*               1040               0 4.90523568159-1 -8.7142792535-1*
*                 3.25+0               0
GRID*               1041               0 5.82434797126-1-8.12877424398-1*
*               3.1875+0               0
GRID*               1042               0  4.8573730824-1-8.74104837754-1*
*               3.1875+0               0
GRID*               1043               0 6.83592302023-1-7.29864072698-1*
*                 3.25+0               0
GRID*               1044               0  6.7153181713-1-7.40975720643-1*
*               3.1875+0               0
GRID*               1045               0 2.90284677254-1-9.56940335732-1*
*                  3.0+0               0
GRID*               1046               0 1.95090322016-1-9.80785280403-1*
*               3.0625+0               0
GRID*               1047               0 2.90284677254-1-9.56940335732-1*
*                3.125+0               0
GRID*               1048               0 2.90284677254-1-9.56940335732-1*
*               3.0625+0               0
GRID*               1049               0 9.80171403296-2-9.95184726672-1*
*                  3.0+0               0
GRID*               1050               0 9.80171403296-2-9.95184726672-1*
*                3.125+0               0
GRID*               1051               0 9.80171403296-2-9.95184726672-1*
*               3.0625+0               0
GRID*               1052               0 9.80171403296-2-9.95184726672-1*
*                 3.25+0               0
GRID*               1053               0 1.95090322016-1-9.80785280403-1*
*               3.1875+0               0
GRID*               1054               0 9.80171403296-2-9.95184726672-1*
*               3.1875+0               0
GRID*               1055               0 2.90284677254-1-9.56940335732-1*
*                 3.25+0               0
GRID*               1056               0 2.90284677254-1-9.56940335732-1*
*               3.1875+0               0
GRID*               1057               0-7.73010453363-1-6.34393284164-1*
*                  3.0+0               0
GRID*               1058               0-8.06270745332-1-5.91546688961-1*
*               3.0625+0               0
GRID*               1059               0 -7.2966308924-1 -6.8380682667-1*
*                3.125+0               0
GRID*               1060               0-7.51721947086-1-6.59480184895-1*
*               3.0625+0               0
GRID*               1061               0-8.81921264348-1-4.71396736826-1*
*                  3.0+0               0
GRID*               1062               0-8.96872741533-1-4.42288690219-1*
*               3.0625+0               0
GRID*               1063               0-8.25193922987-1-5.64849528163-1*
*                3.125+0               0
GRID*               1064               0-8.54808819299-1 -5.1894304355-1*
*               3.0625+0               0
GRID*               1065               0-8.31469612303-1 -5.5557023302-1*
*               3.1875+0               0
GRID*               1066               0-7.58987281247-1-6.51105449912-1*
*                 3.25+0               0
GRID*               1067               0 -7.5164595068-1-6.59566800882-1*
*               3.1875+0               0
GRID*               1068               0-7.93239776607-1-6.08909399507-1*
*               3.1875+0               0
GRID*               1069               0-6.83592302023-1-7.29864072698-1*
*                 3.25+0               0
GRID*               1070               0-7.06986620889-1-7.07226921068-1*
*               3.1875+0               0
GRID*               1071               0-9.56940335732-1-2.90284677254-1*
*                  3.0+0               0
GRID*               1072               0-9.65925826289-1-2.58819045103-1*
*               3.0625+0               0
GRID*               1073               0-9.10863824921-1-4.12707029804-1*
*                3.125+0               0
GRID*               1074               0-9.35905926757-1-3.52250047921-1*
*               3.0625+0               0
GRID*               1075               0-9.95184726672-1-9.80171403296-2*
*                  3.0+0               0
GRID*               1076               0-9.97858923239-1-6.54031292301-2*
*               3.0625+0               0
GRID*               1077               0-9.73876979277-1-2.27076263034-1*
*                3.125+0               0
GRID*               1078               0-9.86643332085-1-1.62895473395-1*
*               3.0625+0               0
GRID*               1079               0-9.80785280403-1-1.95090322016-1*
*               3.1875+0               0
GRID*               1080               0-9.35905926757-1-3.52250047921-1*
*                 3.25+0               0
GRID*               1081               0-9.23879532511-1-3.82683432365-1*
*               3.1875+0               0
GRID*               1082               0-9.56940335732-1-2.90284677254-1*
*               3.1875+0               0
GRID*               1083               0-8.49202181527-1 -5.2806785065-1*
*                 3.25+0               0
GRID*               1084               0-8.81921264348-1-4.71396736826-1*
*               3.1875+0               0
GRID*               1085               0 7.73010453363-1 6.34393284164-1*
*                  3.0+0               0
GRID*               1086               0 7.93353340291-1 6.08761429009-1*
*               3.0625+0               0
GRID*               1087               0 6.83592302023-1 7.29864072698-1*
*                3.125+0               0
GRID*               1088               0 7.29864072698-1 6.83592302023-1*
*               3.0625+0               0
GRID*               1089               0 8.81921264348-1 4.71396736826-1*
*                  3.0+0               0
GRID*               1090               0 8.96872741533-1 4.42288690219-1*
*               3.0625+0               0
GRID*               1091               0 8.12846684592-1 5.82477696868-1*
*                3.125+0               0
GRID*               1092               0 8.49202181527-1  5.2806785065-1*
*               3.0625+0               0
GRID*               1093               0 8.31469612303-1  5.5557023302-1*
*               3.1875+0               0
GRID*               1094               0 7.29864072698-1 6.83592302023-1*
*                 3.25+0               0
GRID*               1095               0 7.07106781187-1 7.07106781187-1*
*               3.1875+0               0
GRID*               1096               0 7.73010453363-1 6.34393284164-1*
*               3.1875+0               0
GRID*               1097               0 5.82477696868-1 8.12846684592-1*
*                 3.25+0               0
GRID*               1098               0 6.34393284164-1 7.73010453363-1*
*               3.1875+0               0
GRID*               1099               0 9.56940335732-1 2.90284677254-1*
*                  3.0+0               0
GRID*               1100               0 9.65925826289-1 2.58819045103-1*
*               3.0625+0               0
GRID*               1101               0 9.10863824921-1 4.12707029804-1*
*                3.125+0               0
GRID*               1102               0 9.35905926757-1 3.52250047921-1*
*               3.0625+0               0
GRID*               1103               0 9.95184726672-1 9.80171403296-2*
*                  3.0+0               0
GRID*               1104               0 9.73876979277-1 2.27076263034-1*
*                3.125+0               0
GRID*               1105               0 9.86643332085-1 1.62895473395-1*
*               3.0625+0               0
GRID*               1106               0 9.35905926757-1 3.52250047921-1*
*                 3.25+0               0
GRID*               1107               0 9.23879532511-1 3.82683432365-1*
*               3.1875+0               0
GRID*               1108               0 9.56940335732-1 2.90284677254-1*
*               3.1875+0               0
GRID*               1109               0 8.49202181527-1  5.2806785065-1*
*                 3.25+0               0
GRID*               1110               0 8.81921264348-1 4.71396736826-1*
*               3.1875+0               0
GRID*               1111               0-8.81921264348-1 4.71396736826-1*
*                  3.0+0               0
GRID*               1112               0-8.66025403784-1           5.0-1*
*               3.0625+0               0
GRID*               1113               0-9.35905926757-1 3.52250047921-1*
*                3.125+0               0
GRID*               1114               0-9.46930129495-1 3.21439465303-1*
*               3.0625+0               0
GRID*               1115               0-9.10863824921-1 4.12707029804-1*
*               3.0625+0               0
GRID*               1116               0-7.73010453363-1 6.34393284164-1*
*                  3.0+0               0
GRID*               1117               0-8.49202181527-1  5.2806785065-1*
*                3.125+0               0
GRID*               1118               0-8.12846684592-1 5.82477696868-1*
*               3.0625+0               0
GRID*               1119               0-9.10863824921-1 4.12707029804-1*
*                 3.25+0               0
GRID*               1120               0-9.23879532511-1 3.82683432365-1*
*               3.1875+0               0
GRID*               1121               0-8.81921264348-1 4.71396736826-1*
*               3.1875+0               0
GRID*               1122               0-9.73876979277-1 2.27076263034-1*
*                 3.25+0               0
GRID*               1123               0-9.80785280403-1 1.95090322016-1*
*               3.1875+0               0
GRID*               1124               0-9.56940335732-1 2.90284677254-1*
*               3.1875+0               0
GRID*               1125               0-9.95184726672-1 9.80171403296-2*
*                  3.0+0               0
GRID*               1126               0-9.91444861374-1  1.3052619222-1*
*               3.0625+0               0
GRID*               1127               0-9.99464587476-1-3.27190828218-2*
*                3.125+0               0
GRID*               1128               0-9.99464587476-1 3.27190828218-2*
*               3.0625+0               0
GRID*               1129               0-9.56940335732-1 2.90284677254-1*
*                  3.0+0               0
GRID*               1130               0-9.86643332085-1 1.62895473395-1*
*                3.125+0               0
GRID*               1131               0-9.73876979277-1 2.27076263034-1*
*               3.0625+0               0
GRID*               1132               0-9.99464587476-1 3.27190828218-2*
*                 3.25+0               0
GRID*               1133               0          -1.0+0 7.6491607346-17*
*               3.1875+0               0
GRID*               1134               0-9.95184726672-1 9.80171403296-2*
*               3.1875+0               0
GRID*               1135               0-9.86643332085-1-1.62895473395-1*
*                 3.25+0               0
GRID*               1136               0-9.95184726672-1-9.80171403296-2*
*               3.1875+0               0
GRID*               1137               0 7.40951125355-1 6.71558954847-1*
*                  3.0+0               0
GRID*               1138               0 7.51839807479-1   6.593458151-1*
*              3.03125+0               0
GRID*               1139               0  6.9544263501-1  7.1858161778-1*
*               3.0625+0               0
GRID*               1140               0 6.83592302023-1 7.29864072698-1*
*              3.03125+0               0
GRID*               1141               0  7.1858161778-1  6.9544263501-1*
*              3.03125+0               0
GRID*               1142               0 8.03207531481-1 5.95699304492-1*
*                  3.0+0               0
GRID*               1143               0 8.12846684592-1 5.82477696868-1*
*              3.03125+0               0
GRID*               1144               0 7.62527203906-1 6.46956152535-1*
*               3.0625+0               0
GRID*               1145               0 7.83286749229-1  6.2166057337-1*
*              3.03125+0               0
GRID*               1146               0 7.73010453363-1 6.34393284164-1*
*              3.09375+0               0
GRID*               1147               0  7.1858161778-1  6.9544263501-1*
*                3.125+0               0
GRID*               1148               0 7.07106781187-1 7.07106781187-1*
*              3.09375+0               0
GRID*               1149               0 7.40951125355-1 6.71558954847-1*
*              3.09375+0               0
GRID*               1150               0 6.46956152535-1 7.62527203906-1*
*                3.125+0               0
GRID*               1151               0 6.34393284164-1 7.73010453363-1*
*              3.09375+0               0
GRID*               1152               0 6.71558954847-1 7.40951125355-1*
*              3.09375+0               0
GRID*               1153               0     8.5772861-1 5.14102744193-1*
*                  3.0+0               0
GRID*               1154               0 8.66025403784-1           5.0-1*
*              3.03125+0               0
GRID*               1155               0  8.2226821899-1 5.69100145879-1*
*               3.0625+0               0
GRID*               1156               0 8.40448401094-1 5.41891580575-1*
*              3.03125+0               0
GRID*               1157               0 9.03989293123-1  4.2755509343-1*
*                  3.0+0               0
GRID*               1158               0 9.10863824921-1 4.12707029804-1*
*              3.03125+0               0
GRID*               1159               0 8.74090341627-1 4.85763393716-1*
*               3.0625+0               0
GRID*               1160               0 8.89516075422-1  4.5690387563-1*
*              3.03125+0               0
GRID*               1161               0 8.81921264348-1 4.71396736826-1*
*              3.09375+0               0
GRID*               1162               0 8.40448401094-1 5.41891580575-1*
*                3.125+0               0
GRID*               1163               0 8.31469612303-1  5.5557023302-1*
*              3.09375+0               0
GRID*               1164               0     8.5772861-1 5.14102744193-1*
*              3.09375+0               0
GRID*               1165               0 7.83286749229-1  6.2166057337-1*
*                3.125+0               0
GRID*               1166               0 8.03207531481-1 5.95699304492-1*
*              3.09375+0               0
GRID*               1167               0 7.93353340291-1 6.08761429009-1*
*              3.15625+0               0
GRID*               1168               0 7.40951125355-1 6.71558954847-1*
*               3.1875+0               0
GRID*               1169               0 7.29864072698-1 6.83592302023-1*
*              3.15625+0               0
GRID*               1170               0 7.62527203906-1 6.46956152535-1*
*              3.15625+0               0
GRID*               1171               0 8.49202181527-1  5.2806785065-1*
*              3.15625+0               0
GRID*               1172               0 8.03207531481-1 5.95699304492-1*
*               3.1875+0               0
GRID*               1173               0  8.2226821899-1 5.69100145879-1*
*              3.15625+0               0
GRID*               1174               0 8.12846684592-1 5.82477696868-1*
*              3.21875+0               0
GRID*               1175               0 7.62527203906-1 6.46956152535-1*
*                 3.25+0               0
GRID*               1176               0 7.51839807479-1   6.593458151-1*
*              3.21875+0               0
GRID*               1177               0 7.83286749229-1  6.2166057337-1*
*              3.21875+0               0
GRID*               1178               0  6.9544263501-1  7.1858161778-1*
*                 3.25+0               0
GRID*               1179               0 6.83592302023-1 7.29864072698-1*
*              3.21875+0               0
GRID*               1180               0  7.1858161778-1  6.9544263501-1*
*              3.21875+0               0
GRID*               1181               0   6.593458151-1 7.51839807479-1*
*              3.15625+0               0
GRID*               1182               0 5.95699304492-1 8.03207531481-1*
*               3.1875+0               0
GRID*               1183               0 5.82477696868-1 8.12846684592-1*
*              3.15625+0               0
GRID*               1184               0  6.2166057337-1 7.83286749229-1*
*              3.15625+0               0
GRID*               1185               0 6.71558954847-1 7.40951125355-1*
*               3.1875+0               0
GRID*               1186               0  6.9544263501-1  7.1858161778-1*
*              3.15625+0               0
GRID*               1187               0  6.2166057337-1 7.83286749229-1*
*                 3.25+0               0
GRID*               1188               0 6.08761429009-1 7.93353340291-1*
*              3.21875+0               0
GRID*               1189               0 6.46956152535-1 7.62527203906-1*
*              3.21875+0               0
GRID*               1190               0 5.41891580575-1 8.40448401094-1*
*                 3.25+0               0
GRID*               1191               0  5.2806785065-1 8.49202181527-1*
*              3.21875+0               0
GRID*               1192               0 5.69100145879-1  8.2226821899-1*
*              3.21875+0               0
GRID*               1193               0 9.41544065183-1 3.36889853392-1*
*                  3.0+0               0
GRID*               1194               0 9.46930129495-1 3.21439465303-1*
*              3.03125+0               0
GRID*               1195               0 9.17494496447-1 3.97748474527-1*
*               3.0625+0               0
GRID*               1196               0 9.30017223684-1 3.67515936595-1*
*              3.03125+0               0
GRID*               1197               0 9.70031253195-1 2.42980179903-1*
*                  3.0+0               0
GRID*               1198               0 9.73876979277-1 2.27076263034-1*
*              3.03125+0               0
GRID*               1199               0 9.52062677714-1 3.05903020097-1*
*               3.0625+0               0
GRID*               1200               0 9.61561797683-1 2.74588618185-1*
*              3.03125+0               0
GRID*               1201               0 9.56940335732-1 2.90284677254-1*
*              3.09375+0               0
GRID*               1202               0 9.30017223684-1 3.67515936595-1*
*                3.125+0               0
GRID*               1203               0 9.23879532511-1 3.82683432365-1*
*              3.09375+0               0
GRID*               1204               0 9.41544065183-1 3.36889853392-1*
*              3.09375+0               0
GRID*               1205               0 8.89516075422-1  4.5690387563-1*
*                3.125+0               0
GRID*               1206               0 9.03989293123-1  4.2755509343-1*
*              3.09375+0               0
GRID*               1207               0 9.89176509965-1 1.46730474455-1*
*                  3.0+0               0
GRID*               1208               0 9.91444861374-1  1.3052619222-1*
*              3.03125+0               0
GRID*               1209               0 9.77461974944-1 2.11111552359-1*
*               3.0625+0               0
GRID*               1210               0 9.83846005927-1 1.79016861277-1*
*              3.03125+0               0
GRID*               1211               0 9.98795456205-1 4.90676743274-2*
*                  3.0+0               0
GRID*               1212               0 9.99464587476-1 3.27190828218-2*
*              3.03125+0               0
GRID*               1213               0 9.93447779019-1 1.14286964967-1*
*               3.0625+0               0
GRID*               1214               0 9.96655239309-1 8.17210741337-2*
*              3.03125+0               0
GRID*               1215               0 9.95184726672-1 9.80171403296-2*
*              3.09375+0               0
GRID*               1216               0 9.83846005927-1 1.79016861277-1*
*                3.125+0               0
GRID*               1217               0 9.80785280403-1 1.95090322016-1*
*              3.09375+0               0
GRID*               1218               0 9.89176509965-1 1.46730474455-1*
*              3.09375+0               0
GRID*               1219               0 9.61561797683-1 2.74588618185-1*
*                3.125+0               0
GRID*               1220               0 9.70031253195-1 2.42980179903-1*
*              3.09375+0               0
GRID*               1221               0 9.65925826289-1 2.58819045103-1*
*              3.15625+0               0
GRID*               1222               0 9.41544065183-1 3.36889853392-1*
*               3.1875+0               0
GRID*               1223               0 9.35905926757-1 3.52250047921-1*
*              3.15625+0               0
GRID*               1224               0 9.52062677714-1 3.05903020097-1*
*              3.15625+0               0
GRID*               1225               0 9.86643332085-1 1.62895473395-1*
*              3.15625+0               0
GRID*               1226               0 9.70031253195-1 2.42980179903-1*
*               3.1875+0               0
GRID*               1227               0 9.77461974944-1 2.11111552359-1*
*              3.15625+0               0
GRID*               1228               0 9.73876979277-1 2.27076263034-1*
*              3.21875+0               0
GRID*               1229               0 9.52062677714-1 3.05903020097-1*
*                 3.25+0               0
GRID*               1230               0 9.46930129495-1 3.21439465303-1*
*              3.21875+0               0
GRID*               1231               0 9.61561797683-1 2.74588618185-1*
*              3.21875+0               0
GRID*               1232               0 9.17494496447-1 3.97748474527-1*
*                 3.25+0               0
GRID*               1233               0 9.10863824921-1 4.12707029804-1*
*              3.21875+0               0
GRID*               1234               0 9.30017223684-1 3.67515936595-1*
*              3.21875+0               0
GRID*               1235               0 8.96872741533-1 4.42288690219-1*
*              3.15625+0               0
GRID*               1236               0     8.5772861-1 5.14102744193-1*
*               3.1875+0               0
GRID*               1237               0 8.74090341627-1 4.85763393716-1*
*              3.15625+0               0
GRID*               1238               0 9.03989293123-1  4.2755509343-1*
*               3.1875+0               0
GRID*               1239               0 9.17494496447-1 3.97748474527-1*
*              3.15625+0               0
GRID*               1240               0 8.74090341627-1 4.85763393716-1*
*                 3.25+0               0
GRID*               1241               0 8.66025403784-1           5.0-1*
*              3.21875+0               0
GRID*               1242               0 8.89516075422-1  4.5690387563-1*
*              3.21875+0               0
GRID*               1243               0  8.2226821899-1 5.69100145879-1*
*                 3.25+0               0
GRID*               1244               0 8.40448401094-1 5.41891580575-1*
*              3.21875+0               0
GRID*               1245               0-9.03989293123-1  4.2755509343-1*
*                  3.0+0               0
GRID*               1246               0-8.96872741533-1 4.42288690219-1*
*              3.03125+0               0
GRID*               1247               0-9.30017223684-1 3.67515936595-1*
*               3.0625+0               0
GRID*               1248               0-9.35905926757-1 3.52250047921-1*
*              3.03125+0               0
GRID*               1249               0-9.17494496447-1 3.97748474527-1*
*              3.03125+0               0
GRID*               1250               0    -8.5772861-1 5.14102744193-1*
*                  3.0+0               0
GRID*               1251               0-8.49202181527-1  5.2806785065-1*
*              3.03125+0               0
GRID*               1252               0-8.89516075422-1  4.5690387563-1*
*               3.0625+0               0
GRID*               1253               0-8.74090341627-1 4.85763393716-1*
*              3.03125+0               0
GRID*               1254               0-8.81921264348-1 4.71396736826-1*
*              3.09375+0               0
GRID*               1255               0-9.17494496447-1 3.97748474527-1*
*                3.125+0               0
GRID*               1256               0-9.23879532511-1 3.82683432365-1*
*              3.09375+0               0
GRID*               1257               0-9.03989293123-1  4.2755509343-1*
*              3.09375+0               0
GRID*               1258               0-9.52062677714-1 3.05903020097-1*
*                3.125+0               0
GRID*               1259               0-9.56940335732-1 2.90284677254-1*
*              3.09375+0               0
GRID*               1260               0-9.41544065183-1 3.36889853392-1*
*              3.09375+0               0
GRID*               1261               0-8.03207531481-1 5.95699304492-1*
*                  3.0+0               0
GRID*               1262               0-7.93353340291-1 6.08761429009-1*
*              3.03125+0               0
GRID*               1263               0-8.40448401094-1 5.41891580575-1*
*               3.0625+0               0
GRID*               1264               0 -8.2226821899-1 5.69100145879-1*
*              3.03125+0               0
GRID*               1265               0-7.40951125355-1 6.71558954847-1*
*                  3.0+0               0
GRID*               1266               0-7.29864072698-1 6.83592302023-1*
*              3.03125+0               0
GRID*               1267               0-7.83286749229-1  6.2166057337-1*
*               3.0625+0               0
GRID*               1268               0-7.62527203906-1 6.46956152535-1*
*              3.03125+0               0
GRID*               1269               0-7.73010453363-1 6.34393284164-1*
*              3.09375+0               0
GRID*               1270               0 -8.2226821899-1 5.69100145879-1*
*                3.125+0               0
GRID*               1271               0-8.31469612303-1  5.5557023302-1*
*              3.09375+0               0
GRID*               1272               0-8.03207531481-1 5.95699304492-1*
*              3.09375+0               0
GRID*               1273               0-8.74090341627-1 4.85763393716-1*
*                3.125+0               0
GRID*               1274               0    -8.5772861-1 5.14102744193-1*
*              3.09375+0               0
GRID*               1275               0-8.66025403784-1           5.0-1*
*              3.15625+0               0
GRID*               1276               0-9.03989293123-1  4.2755509343-1*
*               3.1875+0               0
GRID*               1277               0-9.10863824921-1 4.12707029804-1*
*              3.15625+0               0
GRID*               1278               0-8.89516075422-1  4.5690387563-1*
*              3.15625+0               0
GRID*               1279               0-8.12846684592-1 5.82477696868-1*
*              3.15625+0               0
GRID*               1280               0    -8.5772861-1 5.14102744193-1*
*               3.1875+0               0
GRID*               1281               0-8.40448401094-1 5.41891580575-1*
*              3.15625+0               0
GRID*               1282               0-8.49202181527-1  5.2806785065-1*
*              3.21875+0               0
GRID*               1283               0-8.89516075422-1  4.5690387563-1*
*                 3.25+0               0
GRID*               1284               0-8.96872741533-1 4.42288690219-1*
*              3.21875+0               0
GRID*               1285               0-8.74090341627-1 4.85763393716-1*
*              3.21875+0               0
GRID*               1286               0-9.30017223684-1 3.67515936595-1*
*                 3.25+0               0
GRID*               1287               0-9.35905926757-1 3.52250047921-1*
*              3.21875+0               0
GRID*               1288               0-9.17494496447-1 3.97748474527-1*
*              3.21875+0               0
GRID*               1289               0-9.46930129495-1 3.21439465303-1*
*              3.15625+0               0
GRID*               1290               0-9.70031253195-1 2.42980179903-1*
*               3.1875+0               0
GRID*               1291               0-9.73876979277-1 2.27076263034-1*
*              3.15625+0               0
GRID*               1292               0-9.61561797683-1 2.74588618185-1*
*              3.15625+0               0
GRID*               1293               0-9.41544065183-1 3.36889853392-1*
*               3.1875+0               0
GRID*               1294               0-9.30017223684-1 3.67515936595-1*
*              3.15625+0               0
GRID*               1295               0-9.61561797683-1 2.74588618185-1*
*                 3.25+0               0
GRID*               1296               0-9.65925826289-1 2.58819045103-1*
*              3.21875+0               0
GRID*               1297               0-9.52062677714-1 3.05903020097-1*
*              3.21875+0               0
GRID*               1298               0-9.83846005927-1 1.79016861277-1*
*                 3.25+0               0
GRID*               1299               0-9.86643332085-1 1.62895473395-1*
*              3.21875+0               0
GRID*               1300               0-9.77461974944-1 2.11111552359-1*
*              3.21875+0               0
GRID*               1301               0-9.98795456205-1 4.90676743274-2*
*                  3.0+0               0
GRID*               1302               0-9.97858923239-1 6.54031292301-2*
*              3.03125+0               0
GRID*               1303               0 -9.9986613791-1-1.63617316265-2*
*               3.0625+0               0
GRID*               1304               0-9.99464587476-1-3.27190828218-2*
*              3.03125+0               0
GRID*               1305               0 -9.9986613791-1 1.63617316265-2*
*              3.03125+0               0
GRID*               1306               0-9.89176509965-1 1.46730474455-1*
*                  3.0+0               0
GRID*               1307               0-9.86643332085-1 1.62895473395-1*
*              3.03125+0               0
GRID*               1308               0-9.96655239309-1 8.17210741337-2*
*               3.0625+0               0
GRID*               1309               0-9.93447779019-1 1.14286964967-1*
*              3.03125+0               0
GRID*               1310               0-9.95184726672-1 9.80171403296-2*
*              3.09375+0               0
GRID*               1311               0 -9.9986613791-1 1.63617316265-2*
*                3.125+0               0
GRID*               1312               0          -1.0+0           0.0+0*
*              3.09375+0               0
GRID*               1313               0-9.98795456205-1 4.90676743274-2*
*              3.09375+0               0
GRID*               1314               0-9.96655239309-1-8.17210741337-2*
*                3.125+0               0
GRID*               1315               0-9.95184726672-1-9.80171403296-2*
*              3.09375+0               0
GRID*               1316               0-9.98795456205-1-4.90676743274-2*
*              3.09375+0               0
GRID*               1317               0-9.70031253195-1 2.42980179903-1*
*                  3.0+0               0
GRID*               1318               0-9.65925826289-1 2.58819045103-1*
*              3.03125+0               0
GRID*               1319               0-9.83846005927-1 1.79016861277-1*
*               3.0625+0               0
GRID*               1320               0-9.77461974944-1 2.11111552359-1*
*              3.03125+0               0
GRID*               1321               0-9.41544065183-1 3.36889853392-1*
*                  3.0+0               0
GRID*               1322               0-9.61561797683-1 2.74588618185-1*
*               3.0625+0               0
GRID*               1323               0-9.52062677714-1 3.05903020097-1*
*              3.03125+0               0
GRID*               1324               0-9.77461974944-1 2.11111552359-1*
*                3.125+0               0
GRID*               1325               0-9.80785280403-1 1.95090322016-1*
*              3.09375+0               0
GRID*               1326               0-9.70031253195-1 2.42980179903-1*
*              3.09375+0               0
GRID*               1327               0-9.93447779019-1 1.14286964967-1*
*                3.125+0               0
GRID*               1328               0-9.89176509965-1 1.46730474455-1*
*              3.09375+0               0
GRID*               1329               0-9.91444861374-1  1.3052619222-1*
*              3.15625+0               0
GRID*               1330               0-9.98795456205-1 4.90676743274-2*
*               3.1875+0               0
GRID*               1331               0-9.99464587476-1 3.27190828218-2*
*              3.15625+0               0
GRID*               1332               0-9.96655239309-1 8.17210741337-2*
*              3.15625+0               0
GRID*               1333               0-9.89176509965-1 1.46730474455-1*
*               3.1875+0               0
GRID*               1334               0-9.83846005927-1 1.79016861277-1*
*              3.15625+0               0
GRID*               1335               0-9.96655239309-1 8.17210741337-2*
*                 3.25+0               0
GRID*               1336               0-9.97858923239-1 6.54031292301-2*
*              3.21875+0               0
GRID*               1337               0-9.93447779019-1 1.14286964967-1*
*              3.21875+0               0
GRID*               1338               0 -9.9986613791-1-1.63617316265-2*
*                 3.25+0               0
GRID*               1339               0-9.99464587476-1-3.27190828218-2*
*              3.21875+0               0
GRID*               1340               0 -9.9986613791-1 1.63617316265-2*
*              3.21875+0               0
GRID*               1341               0-9.97858923239-1-6.54031292301-2*
*              3.15625+0               0
GRID*               1342               0-9.89176509965-1-1.46730474455-1*
*               3.1875+0               0
GRID*               1343               0-9.86643332085-1-1.62895473395-1*
*              3.15625+0               0
GRID*               1344               0-9.93447779019-1-1.14286964967-1*
*              3.15625+0               0
GRID*               1345               0-9.98795456205-1-4.90676743274-2*
*               3.1875+0               0
GRID*               1346               0 -9.9986613791-1-1.63617316265-2*
*              3.15625+0               0
GRID*               1347               0-9.93447779019-1-1.14286964967-1*
*                 3.25+0               0
GRID*               1348               0-9.91444861374-1 -1.3052619222-1*
*              3.21875+0               0
GRID*               1349               0-9.96655239309-1-8.17210741337-2*
*              3.21875+0               0
GRID*               1350               0-9.77461974944-1-2.11111552359-1*
*                 3.25+0               0
GRID*               1351               0-9.73876979277-1-2.27076263034-1*
*              3.21875+0               0
GRID*               1352               0-9.83846005927-1-1.79016861277-1*
*              3.21875+0               0
GRID*               1353               0 4.90676743274-2 9.98795456205-1*
*                  3.0+0               0
GRID*               1354               0 9.52910005197-2 9.95449458898-1*
*              3.03125+0               0
GRID*               1355               0 4.63318284778-2 9.98926104209-1*
*               3.0625+0               0
GRID*               1356               0-2.0101785904-17           1.0+0*
*              3.03125+0               0
GRID*               1357               0 4.76997066724-2 9.98861721152-1*
*              3.03125+0               0
GRID*               1358               0 1.46730474455-1 9.89176509965-1*
*                  3.0+0               0
GRID*               1359               0 1.89717486114-1 9.81838721717-1*
*              3.03125+0               0
GRID*               1360               0 1.38600414736-1 9.90348385688-1*
*               3.0625+0               0
GRID*               1361               0  1.4266638225-1 9.89770833767-1*
*              3.03125+0               0
GRID*               1362               0 1.78954913998-1 9.83857275602-1*
*              3.09375+0               0
GRID*               1363               0 1.30463766583-1 9.91453077865-1*
*                3.125+0               0
GRID*               1364               0 8.98393724071-2 9.95956267697-1*
*              3.09375+0               0
GRID*               1365               0 1.34532973747-1 9.90909117414-1*
*              3.09375+0               0
GRID*               1366               0 4.35984193169-2 9.99049136846-1*
*                3.125+0               0
GRID*               1367               0-6.0305357713-17           1.0+0*
*              3.09375+0               0
GRID*               1368               0 4.49650818173-2 9.98988559202-1*
*              3.09375+0               0
GRID*               1369               0 2.42980179903-1 9.70031253195-1*
*                  3.0+0               0
GRID*               1370               0 2.82432061958-1 9.59287303355-1*
*              3.03125+0               0
GRID*               1371               0 2.29696583471-1 9.73262287126-1*
*               3.0625+0               0
GRID*               1372               0 2.36343471581-1 9.71669575237-1*
*              3.03125+0               0
GRID*               1373               0 3.36889853392-1 9.41544065183-1*
*                  3.0+0               0
GRID*               1374               0 3.72582902144-1 9.27998912192-1*
*              3.03125+0               0
GRID*               1375               0 3.18842051772-1 9.47807863452-1*
*               3.0625+0               0
GRID*               1376               0 3.27880326157-1 9.44719266089-1*
*              3.03125+0               0
GRID*               1377               0 3.52250047921-1 9.35905926757-1*
*              3.09375+0               0
GRID*               1378               0 3.00685782813-1 9.53723261756-1*
*                3.125+0               0
GRID*               1379               0 2.66678425714-1 9.63785566015-1*
*              3.09375+0               0
GRID*               1380               0 3.09777481065-1 9.50809082953-1*
*              3.09375+0               0
GRID*               1381               0 2.16378141964-1 9.76309633098-1*
*                3.125+0               0
GRID*               1382               0 2.23042160329-1 9.74808799055-1*
*              3.09375+0               0
GRID*               1383               0  2.5087398225-1 9.68019754463-1*
*              3.15625+0               0
GRID*               1384               0 2.03073315496-1 9.79163535133-1*
*               3.1875+0               0
GRID*               1385               0 1.68212261896-1 9.85750797589-1*
*              3.15625+0               0
GRID*               1386               0 2.09730197306-1 9.77759297751-1*
*              3.15625+0               0
GRID*               1387               0 3.31749541753-1  9.4336750079-1*
*              3.15625+0               0
GRID*               1388               0 2.82432513292-1 9.59287170474-1*
*               3.1875+0               0
GRID*               1389               0 2.91571892062-1 9.56548917599-1*
*              3.15625+0               0
GRID*               1390               0 3.11091140771-1 9.50380082985-1*
*              3.21875+0               0
GRID*               1391               0 2.64083477469-1 9.64499827334-1*
*                 3.25+0               0
GRID*               1392               0 2.35022320494-1 9.71989973647-1*
*              3.21875+0               0
GRID*               1393               0 2.73269927037-1 9.61937392442-1*
*              3.21875+0               0
GRID*               1394               0 1.89738092917-1 9.81834739707-1*
*                 3.25+0               0
GRID*               1395               0 1.57491046542-1  9.8752041511-1*
*              3.21875+0               0
GRID*               1396               0 1.96409884719-1 9.80521880013-1*
*              3.21875+0               0
GRID*               1397               0 8.44061471761-2 9.96431433827-1*
*              3.15625+0               0
GRID*               1398               0 4.08830530082-2 9.99163938489-1*
*               3.1875+0               0
GRID*               1399               0-1.0050892952-16           1.0+0*
*              3.15625+0               0
GRID*               1400               0 4.22406971616-2 9.99107463441-1*
*              3.15625+0               0
GRID*               1401               0 1.22378229036-1 9.92483535913-1*
*               3.1875+0               0
GRID*               1402               0 1.26421815646-1 9.91976574587-1*
*              3.15625+0               0
GRID*               1403               0 1.14286964967-1 9.93447779019-1*
*                 3.25+0               0
GRID*               1404               0 7.89911507237-2 9.96875317232-1*
*              3.21875+0               0
GRID*               1405               0 1.18333361671-1 9.92973924892-1*
*              3.21875+0               0
GRID*               1406               0 3.81698028259-2 9.99271267551-1*
*                 3.25+0               0
GRID*               1407               0-1.4071250133-16           1.0+0*
*              3.21875+0               0
GRID*               1408               0 3.95263914872-2 9.99218526838-1*
*              3.21875+0               0
GRID*               1409               0  4.2755509343-1 9.03989293123-1*
*                  3.0+0               0
GRID*               1410               0 4.56824379836-1   8.895569043-1*
*              3.03125+0               0
GRID*               1411               0 4.02664889006-1 9.15347467993-1*
*               3.0625+0               0
GRID*               1412               0 4.15147238029-1  9.0975423646-1*
*              3.03125+0               0
GRID*               1413               0 5.14102744193-1     8.5772861-1*
*                  3.0+0               0
GRID*               1414               0 5.37175638937-1  8.4347041023-1*
*              3.03125+0               0
GRID*               1415               0 4.80781541162-1  8.7684041289-1*
*               3.0625+0               0
GRID*               1416               0 4.97531789789-1 8.67445743634-1*
*              3.03125+0               0
GRID*               1417               0 4.99618080211-1 8.66245793021-1*
*              3.09375+0               0
GRID*               1418               0 4.46779322286-1 8.94644195855-1*
*                3.125+0               0
GRID*               1419               0 4.27341423666-1 9.04090320498-1*
*              3.09375+0               0
GRID*               1420               0 4.63863931943-1 8.85906458178-1*
*              3.09375+0               0
GRID*               1421               0  3.7750268143-1 9.26008491059-1*
*                3.125+0               0
GRID*               1422               0 3.90118789227-1 9.20764535748-1*
*              3.09375+0               0
GRID*               1423               0 5.95699304492-1 8.03207531481-1*
*                  3.0+0               0
GRID*               1424               0 6.13000967334-1 7.90082156518-1*
*              3.03125+0               0
GRID*               1425               0 5.55365435008-1 8.31606417483-1*
*               3.0625+0               0
GRID*               1426               0 5.75704975027-1 8.17657496589-1*
*              3.03125+0               0
GRID*               1427               0 6.71558954847-1 7.40951125355-1*
*                  3.0+0               0
GRID*               1428               0 6.25846021951-1 7.79946637155-1*
*               3.0625+0               0
GRID*               1429               0 6.48992596385-1 7.60794722536-1*
*              3.03125+0               0
GRID*               1430               0 5.77915718748-1 8.16096453873-1*
*                3.125+0               0
GRID*               1431               0 5.68897613651-1 8.22408356707-1*
*              3.09375+0               0
GRID*               1432               0 6.02149549606-1 7.98383316402-1*
*              3.09375+0               0
GRID*               1433               0 5.13724481479-1 8.57955218604-1*
*                3.125+0               0
GRID*               1434               0  5.3470499407-1 8.45038797521-1*
*              3.09375+0               0
GRID*               1435               0 5.23223618935-1 8.52195426289-1*
*              3.15625+0               0
GRID*               1436               0 4.71184845758-1 8.82034489761-1*
*               3.1875+0               0
GRID*               1437               0 4.61357443706-1 8.87214353546-1*
*              3.15625+0               0
GRID*               1438               0 4.92599716435-1 8.70256007947-1*
*              3.15625+0               0
GRID*               1439               0 5.27988649177-1 8.49251427047-1*
*               3.1875+0               0
GRID*               1440               0 5.53198176725-1 8.33049684754-1*
*              3.15625+0               0
GRID*               1441               0 4.76199835803-1 8.79337089165-1*
*                 3.25+0               0
GRID*               1442               0 4.76117824081-1 8.79381497185-1*
*              3.21875+0               0
GRID*               1443               0  5.0231737534-1 8.64683326098-1*
*              3.21875+0               0
GRID*               1444               0  4.2755509343-1 9.03989293123-1*
*                 3.25+0               0
GRID*               1445               0 4.22485045982-1 9.06369894647-1*
*              3.21875+0               0
GRID*               1446               0 4.49502225053-1 8.93279211485-1*
*              3.21875+0               0
GRID*               1447               0 3.97535659024-1  9.1758672604-1*
*              3.15625+0               0
GRID*               1448               0 3.52170533071-1 9.35935850172-1*
*               3.1875+0               0
GRID*               1449               0 3.64869164354-1 9.31058802066-1*
*              3.15625+0               0
GRID*               1450               0 4.12495751825-1 9.10959524197-1*
*               3.1875+0               0
GRID*               1451               0  4.2971334853-1 9.02965358192-1*
*              3.15625+0               0
GRID*               1452               0 3.77638784201-1 9.25952994847-1*
*                 3.25+0               0
GRID*               1453               0 3.67436921988-1 9.30048444093-1*
*              3.21875+0               0
GRID*               1454               0 3.95136981285-1 9.18622210716-1*
*              3.21875+0               0
GRID*               1455               0 3.26599361322-1 9.45162873363-1*
*                 3.25+0               0
GRID*               1456               0 3.39415274594-1  9.4063663089-1*
*              3.21875+0               0
GRID*               1457               0-6.71558954847-1 7.40951125355-1*
*                  3.0+0               0
GRID*               1458               0-6.55121997927-1 7.55523108734-1*
*              3.03125+0               0
GRID*               1459               0  -7.146729316-1  6.9945879138-1*
*               3.0625+0               0
GRID*               1460               0-6.93423219532-1 7.20530525803-1*
*              3.03125+0               0
GRID*               1461               0-5.95699304492-1 8.03207531481-1*
*                  3.0+0               0
GRID*               1462               0-5.73385003695-1 8.19286053548-1*
*              3.03125+0               0
GRID*               1463               0-6.34096590376-1 7.73253848405-1*
*               3.0625+0               0
GRID*               1464               0 -6.1507755317-1 7.88466615391-1*
*              3.03125+0               0
GRID*               1465               0-6.08205114166-1 7.93779905958-1*
*              3.09375+0               0
GRID*               1466               0-6.71039360149-1 7.41421726908-1*
*                3.125+0               0
GRID*               1467               0-6.95166824096-1 7.18848444859-1*
*              3.09375+0               0
GRID*               1468               0-6.52759065342-1 7.57565576445-1*
*              3.09375+0               0
GRID*               1469               0 -7.5527164638-1 6.55411885896-1*
*                3.125+0               0
GRID*               1470               0-7.35298946781-1 6.77742915022-1*
*              3.09375+0               0
GRID*               1471               0-5.14102744193-1     8.5772861-1*
*                  3.0+0               0
GRID*               1472               0-4.85644690365-1 8.74156298794-1*
*              3.03125+0               0
GRID*               1473               0-5.46157968222-1 8.37682203313-1*
*               3.0625+0               0
GRID*               1474               0-5.30222877983-1 8.47858301642-1*
*              3.03125+0               0
GRID*               1475               0 -4.2755509343-1 9.03989293123-1*
*                  3.0+0               0
GRID*               1476               0-3.92738427085-1 9.19650220405-1*
*              3.03125+0               0
GRID*               1477               0-4.51924411756-1 8.92056234808-1*
*               3.0625+0               0
GRID*               1478               0-4.39778550308-1 8.98106244655-1*
*              3.03125+0               0
GRID*               1479               0-4.12707029804-1 9.10863824921-1*
*              3.09375+0               0
GRID*               1480               0-4.75994341944-1 8.79448342108-1*
*                3.125+0               0
GRID*               1481               0-5.13785800657-1 8.57918499068-1*
*              3.09375+0               0
GRID*               1482               0-4.64000359555-1 8.85835010785-1*
*              3.09375+0               0
GRID*               1483               0-5.77463472866-1 8.16416522068-1*
*                3.125+0               0
GRID*               1484               0-5.61908950371-1 8.27199088184-1*
*              3.09375+0               0
GRID*               1485               0-5.41576664695-1 8.40651364275-1*
*              3.15625+0               0
GRID*               1486               0-6.08464152816-1 7.93581359873-1*
*               3.1875+0               0
GRID*               1487               0-6.42250430865-1 7.66494868902-1*
*              3.15625+0               0
GRID*               1488               0-5.93071009178-1 8.05150158711-1*
*              3.15625+0               0
GRID*               1489               0 -4.3247920633-1 9.01643907589-1*
*              3.15625+0               0
GRID*               1490               0-4.99877904859-1 8.66095883972-1*
*               3.1875+0               0
GRID*               1491               0-4.87979721253-1 8.72854965985-1*
*              3.15625+0               0
GRID*               1492               0-4.52045546177-1 8.91994856589-1*
*              3.21875+0               0
GRID*               1493               0-5.23428339806-1 8.52069699666-1*
*                 3.25+0               0
GRID*               1494               0-5.68984218834-1 8.22348441184-1*
*              3.21875+0               0
GRID*               1495               0-5.11698936109-1 8.59164826319-1*
*              3.21875+0               0
GRID*               1496               0-6.38599945372-1 7.69538894255-1*
*                 3.25+0               0
GRID*               1497               0-6.75417904411-1 7.37435186577-1*
*              3.21875+0               0
GRID*               1498               0-6.23645066418-1 7.81707637888-1*
*              3.21875+0               0
GRID*               1499               0-7.33317117985-1 6.79886758564-1*
*              3.15625+0               0
GRID*               1500               0-7.93258706638-1 6.08884738142-1*
*               3.1875+0               0
GRID*               1501               0-7.74611368492-1 6.32437528775-1*
*              3.15625+0               0
GRID*               1502               0-7.06831582487-1 7.07381872823-1*
*               3.1875+0               0
GRID*               1503               0-6.89142688993-1 7.24625664883-1*
*              3.15625+0               0
GRID*               1504               0-7.40951125355-1 6.71558954847-1*
*                 3.25+0               0
GRID*               1505               0-7.69439622879-1 6.38719552498-1*
*              3.21875+0               0
GRID*               1506               0-7.24109780347-1 6.89684729428-1*
*              3.21875+0               0
GRID*               1507               0-8.28427094603-1   5.600969103-1*
*                 3.25+0               0
GRID*               1508               0-8.11206572471-1  5.8475969148-1*
*              3.21875+0               0
GRID*               1509               0-3.36889853392-1 9.41544065183-1*
*                  3.0+0               0
GRID*               1510               0-2.98086785284-1 9.54538772622-1*
*              3.03125+0               0
GRID*               1511               0-3.54784332381-1 9.34948168348-1*
*               3.0625+0               0
GRID*               1512               0-3.45852197176-1 9.38289005429-1*
*              3.03125+0               0
GRID*               1513               0-2.42980179903-1 9.70031253195-1*
*                  3.0+0               0
GRID*               1514               0-2.00410894973-1 9.79711933772-1*
*              3.03125+0               0
GRID*               1515               0-2.56141168567-1 9.66639385586-1*
*               3.0625+0               0
GRID*               1516               0-2.49565982142-1 9.68357795733-1*
*              3.03125+0               0
GRID*               1517               0-2.11034171657-1 9.77478684368-1*
*              3.09375+0               0
GRID*               1518               0-2.69263814367-1 9.63066455792-1*
*                3.125+0               0
GRID*               1519               0-3.13639733504-1 9.49542056766-1*
*              3.09375+0               0
GRID*               1520               0-2.62708086178-1 9.64875360581-1*
*              3.09375+0               0
GRID*               1521               0-3.72558413903-1 9.28008743617-1*
*                3.125+0               0
GRID*               1522               0-3.63687277336-1 9.31521102447-1*
*              3.09375+0               0
GRID*               1523               0-1.46730474455-1 9.89176509965-1*
*                  3.0+0               0
GRID*               1524               0-1.00716067061-1  9.9491520937-1*
*              3.03125+0               0
GRID*               1525               0-1.54777536925-1 9.87949347924-1*
*               3.0625+0               0
GRID*               1526               0 -1.5075497854-1  9.8857115902-1*
*              3.03125+0               0
GRID*               1527               0-4.90676743274-2 9.98795456205-1*
*                  3.0+0               0
GRID*               1528               0 -5.1776574671-2 9.98658693606-1*
*               3.0625+0               0
GRID*               1529               0-5.04220781305-2 9.98727998024-1*
*              3.03125+0               0
GRID*               1530               0-5.44881527765-2 9.98514417125-1*
*                3.125+0               0
GRID*               1531               0-1.06114723747-1 9.94353893442-1*
*              3.09375+0               0
GRID*               1532               0-5.31323147523-2  9.9858748096-1*
*              3.09375+0               0
GRID*               1533               0-1.62817366008-1 9.86656224491-1*
*                3.125+0               0
GRID*               1534               0-1.58798477652-1 9.87311016598-1*
*              3.09375+0               0
GRID*               1535               0  -1.115362832-1 9.93760362225-1*
*              3.15625+0               0
GRID*               1536               0-1.70921187329-1 9.85284703891-1*
*               3.1875+0               0
GRID*               1537               0-2.21684043102-1 9.75118549221-1*
*              3.15625+0               0
GRID*               1538               0-1.66870374968-1 9.85978842551-1*
*              3.15625+0               0
GRID*               1539               0-5.72224203678-2 9.98361454889-1*
*               3.1875+0               0
GRID*               1540               0-5.58552342103-2 9.98438877854-1*
*              3.15625+0               0
GRID*               1541               0-5.99597072664-2 9.98200798189-1*
*                 3.25+0               0
GRID*               1542               0-1.16980926267-1 9.93134161576-1*
*              3.21875+0               0
GRID*               1543               0-5.85910087519-2 9.98282071207-1*
*              3.21875+0               0
GRID*               1544               0-1.79016861277-1 9.83846005927-1*
*                 3.25+0               0
GRID*               1545               0-2.32358868373-1 9.72630123062-1*
*              3.21875+0               0
GRID*               1546               0-1.74970177706-1 9.84573733609-1*
*              3.21875+0               0
GRID*               1547               0-3.29133465922-1 9.44283411699-1*
*              3.15625+0               0
GRID*               1548               0-3.90212152214-1 9.20724973195-1*
*               3.1875+0               0
GRID*               1549               0-3.81401999152-1 9.24409278968-1*
*              3.15625+0               0
GRID*               1550               0 -2.8240321933-1 9.59295794691-1*
*               3.1875+0               0
GRID*               1551               0-2.75839461798-1 9.61203719986-1*
*              3.15625+0               0
GRID*               1552               0  -2.954996336-1 9.55342852877-1*
*                 3.25+0               0
GRID*               1553               0-3.44564291458-1 9.38762722445-1*
*              3.21875+0               0
GRID*               1554               0-2.88957663456-1  9.5734187662-1*
*              3.21875+0               0
GRID*               1555               0-4.07732924394-1 9.13101233361-1*
*                 3.25+0               0
GRID*               1556               0-3.98990050999-1 9.16955254745-1*
*              3.21875+0               0
GRID*               1557               0 9.98795456205-1-4.90676743274-2*
*                  3.0+0               0
GRID*               1558               0 9.97858923239-1-6.54031292301-2*
*              3.03125+0               0
GRID*               1559               0  9.9986613791-1 1.63617316265-2*
*               3.0625+0               0
GRID*               1560               0  9.9986613791-1-1.63617316265-2*
*              3.03125+0               0
GRID*               1561               0 9.89176509965-1-1.46730474455-1*
*                  3.0+0               0
GRID*               1562               0 9.86643332085-1-1.62895473395-1*
*              3.03125+0               0
GRID*               1563               0 9.96655239309-1-8.17210741337-2*
*               3.0625+0               0
GRID*               1564               0 9.93447779019-1-1.14286964967-1*
*              3.03125+0               0
GRID*               1565               0 9.95184726672-1-9.80171403296-2*
*              3.09375+0               0
GRID*               1566               0  9.9986613791-1-1.63617316265-2*
*                3.125+0               0
GRID*               1567               0           1.0+0           0.0+0*
*              3.09375+0               0
GRID*               1568               0 9.98795456205-1-4.90676743274-2*
*              3.09375+0               0
GRID*               1569               0 9.96655239309-1 8.17210741337-2*
*                3.125+0               0
GRID*               1570               0 9.98795456205-1 4.90676743274-2*
*              3.09375+0               0
GRID*               1571               0 9.70031253195-1-2.42980179903-1*
*                  3.0+0               0
GRID*               1572               0 9.65925826289-1-2.58819045103-1*
*              3.03125+0               0
GRID*               1573               0 9.83846005927-1-1.79016861277-1*
*               3.0625+0               0
GRID*               1574               0 9.77461974944-1-2.11111552359-1*
*              3.03125+0               0
GRID*               1575               0 9.41544065183-1-3.36889853392-1*
*                  3.0+0               0
GRID*               1576               0 9.35905926757-1-3.52250047921-1*
*              3.03125+0               0
GRID*               1577               0 9.61561797683-1-2.74588618185-1*
*               3.0625+0               0
GRID*               1578               0 9.52062677714-1-3.05903020097-1*
*              3.03125+0               0
GRID*               1579               0 9.56940335732-1-2.90284677254-1*
*              3.09375+0               0
GRID*               1580               0 9.77461974944-1-2.11111552359-1*
*                3.125+0               0
GRID*               1581               0 9.80785280403-1-1.95090322016-1*
*              3.09375+0               0
GRID*               1582               0 9.70031253195-1-2.42980179903-1*
*              3.09375+0               0
GRID*               1583               0 9.93447779019-1-1.14286964967-1*
*                3.125+0               0
GRID*               1584               0 9.89176509965-1-1.46730474455-1*
*              3.09375+0               0
GRID*               1585               0 9.91444861374-1 -1.3052619222-1*
*              3.15625+0               0
GRID*               1586               0 9.98795456205-1-4.90676743274-2*
*               3.1875+0               0
GRID*               1587               0 9.99464587476-1-3.27190828218-2*
*              3.15625+0               0
GRID*               1588               0 9.96655239309-1-8.17210741337-2*
*              3.15625+0               0
GRID*               1589               0 9.73876979277-1-2.27076263034-1*
*              3.15625+0               0
GRID*               1590               0 9.89176509965-1-1.46730474455-1*
*               3.1875+0               0
GRID*               1591               0 9.83846005927-1-1.79016861277-1*
*              3.15625+0               0
GRID*               1592               0 9.86643332085-1-1.62895473395-1*
*              3.21875+0               0
GRID*               1593               0 9.96655239309-1-8.17210741337-2*
*                 3.25+0               0
GRID*               1594               0 9.97858923239-1-6.54031292301-2*
*              3.21875+0               0
GRID*               1595               0 9.93447779019-1-1.14286964967-1*
*              3.21875+0               0
GRID*               1596               0  9.9986613791-1 1.63617316265-2*
*                 3.25+0               0
GRID*               1597               0 9.99464587476-1 3.27190828218-2*
*              3.21875+0               0
GRID*               1598               0  9.9986613791-1-1.63617316265-2*
*              3.21875+0               0
GRID*               1599               0 9.97858923239-1 6.54031292301-2*
*              3.15625+0               0
GRID*               1600               0 9.89176509965-1 1.46730474455-1*
*               3.1875+0               0
GRID*               1601               0 9.93447779019-1 1.14286964967-1*
*              3.15625+0               0
GRID*               1602               0 9.98795456205-1 4.90676743274-2*
*               3.1875+0               0
GRID*               1603               0  9.9986613791-1 1.63617316265-2*
*              3.15625+0               0
GRID*               1604               0 9.93447779019-1 1.14286964967-1*
*                 3.25+0               0
GRID*               1605               0 9.91444861374-1  1.3052619222-1*
*              3.21875+0               0
GRID*               1606               0 9.96655239309-1 8.17210741337-2*
*              3.21875+0               0
GRID*               1607               0 9.77461974944-1 2.11111552359-1*
*                 3.25+0               0
GRID*               1608               0 9.83846005927-1 1.79016861277-1*
*              3.21875+0               0
GRID*               1609               0 9.03989293123-1 -4.2755509343-1*
*                  3.0+0               0
GRID*               1610               0 8.94379981665-1-4.47308001714-1*
*              3.03125+0               0
GRID*               1611               0 9.27942985028-1-3.72722170708-1*
*               3.0625+0               0
GRID*               1612               0 9.16374614632-1-4.00321827607-1*
*              3.03125+0               0
GRID*               1613               0     8.5772861-1-5.14102744193-1*
*                  3.0+0               0
GRID*               1614               0 8.43265868223-1-5.37496674864-1*
*              3.03125+0               0
GRID*               1615               0 8.81740298281-1-4.71735144321-1*
*               3.0625+0               0
GRID*               1616               0 8.69990672964-1 -4.9306817881-1*
*              3.03125+0               0
GRID*               1617               0 8.65674675501-1-5.00606987762-1*
*              3.09375+0               0
GRID*               1618               0 9.03689341634-1-4.28188712856-1*
*                3.125+0               0
GRID*               1619               0 9.17341790692-1-3.98100538871-1*
*              3.09375+0               0
GRID*               1620               0 8.92978535166-1 -4.5009925098-1*
*              3.09375+0               0
GRID*               1621               0 9.48595285684-1-3.16491680739-1*
*                3.125+0               0
GRID*               1622               0  9.3868863219-1-3.44766082725-1*
*              3.09375+0               0
GRID*               1623               0 8.03207531481-1-5.95699304492-1*
*                  3.0+0               0
GRID*               1624               0 7.83202322347-1-6.21766935653-1*
*              3.03125+0               0
GRID*               1625               0 8.25151269153-1-5.64911836497-1*
*               3.0625+0               0
GRID*               1626               0 8.14323389669-1-5.80411420492-1*
*              3.03125+0               0
GRID*               1627               0 7.40951125355-1-6.71558954847-1*
*                  3.0+0               0
GRID*               1628               0 7.14777897334-1-6.99351526403-1*
*              3.03125+0               0
GRID*               1629               0 7.58898856062-1-6.51208512128-1*
*               3.0625+0               0
GRID*               1630               0   7.499927818-1-6.61446012345-1*
*              3.03125+0               0
GRID*               1631               0 7.29864072698-1-6.83592302023-1*
*              3.09375+0               0
GRID*               1632               0 7.76311740259-1-6.30349174614-1*
*                3.125+0               0
GRID*               1633               0 8.02987381235-1-5.95996028156-1*
*              3.09375+0               0
GRID*               1634               0 7.67674817707-1-6.40839585433-1*
*              3.09375+0               0
GRID*               1635               0 8.45935760258-1-5.33284810881-1*
*                3.125+0               0
GRID*               1636               0 8.35691564698-1-5.49199061081-1*
*              3.09375+0               0
GRID*               1637               0 8.22054945301-1-5.69408172497-1*
*              3.15625+0               0
GRID*               1638               0 8.65838015711-1-5.00324425298-1*
*               3.1875+0               0
GRID*               1639               0 8.86686915145-1-4.62370321832-1*
*              3.15625+0               0
GRID*               1640               0  8.5604379301-1-5.16903302803-1*
*              3.15625+0               0
GRID*               1641               0 7.44602872292-1 -6.6750772473-1*
*              3.15625+0               0
GRID*               1642               0  7.9326751069-1-6.08873267999-1*
*               3.1875+0               0
GRID*               1643               0 7.84861611087-1-6.19671083271-1*
*              3.15625+0               0
GRID*               1644               0 7.58987281247-1-6.51105449912-1*
*              3.21875+0               0
GRID*               1645               0 8.09657687165-1 -5.8690240212-1*
*                 3.25+0               0
GRID*               1646               0 8.40371998175-1-5.42010059578-1*
*              3.21875+0               0
GRID*               1647               0 8.01536318583-1-5.97946092882-1*
*              3.21875+0               0
GRID*               1648               0 8.84479204384-1-4.66579614871-1*
*                 3.25+0               0
GRID*               1649               0 9.06209006123-1-4.22830033491-1*
*              3.21875+0               0
GRID*               1650               0 8.75319474388-1-4.83545052459-1*
*              3.21875+0               0
GRID*               1651               0 9.37678074533-1 -3.4750514894-1*
*              3.15625+0               0
GRID*               1652               0 9.65885584556-1-2.58969182618-1*
*               3.1875+0               0
GRID*               1653               0 9.57670953268-1-2.87865151184-1*
*              3.15625+0               0
GRID*               1654               0 9.23730555077-1-3.83042897881-1*
*               3.1875+0               0
GRID*               1655               0 9.13987061958-1-4.05743330905-1*
*              3.15625+0               0
GRID*               1656               0 9.41544065183-1-3.36889853392-1*
*                 3.25+0               0
GRID*               1657               0  9.5529690975-1-2.95648125686-1*
*              3.21875+0               0
GRID*               1658               0 9.32921124861-1-3.60080789252-1*
*              3.21875+0               0
GRID*               1659               0 9.79706644972-1-2.00436747622-1*
*                 3.25+0               0
GRID*               1660               0 9.73234994789-1-2.29812194885-1*
*              3.21875+0               0
GRID*               1661               0-4.90676743274-2-9.98795456205-1*
*                  3.0+0               0
GRID*               1662               0-9.80171403296-2-9.95184726672-1*
*              3.03125+0               0
GRID*               1663               0-4.90676743274-2-9.98795456205-1*
*               3.0625+0               0
GRID*               1664               0-2.0101785904-17          -1.0+0*
*              3.03125+0               0
GRID*               1665               0-4.90676743274-2-9.98795456205-1*
*              3.03125+0               0
GRID*               1666               0-1.46730474455-1-9.89176509965-1*
*                  3.0+0               0
GRID*               1667               0-1.95090322016-1-9.80785280403-1*
*              3.03125+0               0
GRID*               1668               0-1.46730474455-1-9.89176509965-1*
*               3.0625+0               0
GRID*               1669               0-1.46730474455-1-9.89176509965-1*
*              3.03125+0               0
GRID*               1670               0-1.95090322016-1-9.80785280403-1*
*              3.09375+0               0
GRID*               1671               0-1.46730474455-1-9.89176509965-1*
*                3.125+0               0
GRID*               1672               0-9.80171403296-2-9.95184726672-1*
*              3.09375+0               0
GRID*               1673               0-1.46730474455-1-9.89176509965-1*
*              3.09375+0               0
GRID*               1674               0-4.90676743274-2-9.98795456205-1*
*                3.125+0               0
GRID*               1675               0-6.0305357713-17          -1.0+0*
*              3.09375+0               0
GRID*               1676               0-4.90676743274-2-9.98795456205-1*
*              3.09375+0               0
GRID*               1677               0-2.42980179903-1-9.70031253195-1*
*                  3.0+0               0
GRID*               1678               0-2.90284677254-1-9.56940335732-1*
*              3.03125+0               0
GRID*               1679               0-2.42980179903-1-9.70031253195-1*
*               3.0625+0               0
GRID*               1680               0-2.42980179903-1-9.70031253195-1*
*              3.03125+0               0
GRID*               1681               0-3.36889853392-1-9.41544065183-1*
*                  3.0+0               0
GRID*               1682               0-3.82683432365-1-9.23879532511-1*
*              3.03125+0               0
GRID*               1683               0-3.36889853392-1-9.41544065183-1*
*               3.0625+0               0
GRID*               1684               0-3.36889853392-1-9.41544065183-1*
*              3.03125+0               0
GRID*               1685               0-3.82683432365-1-9.23879532511-1*
*              3.09375+0               0
GRID*               1686               0-3.36889853392-1-9.41544065183-1*
*                3.125+0               0
GRID*               1687               0-2.90284677254-1-9.56940335732-1*
*              3.09375+0               0
GRID*               1688               0-3.36889853392-1-9.41544065183-1*
*              3.09375+0               0
GRID*               1689               0-2.42980179903-1-9.70031253195-1*
*                3.125+0               0
GRID*               1690               0-2.42980179903-1-9.70031253195-1*
*              3.09375+0               0
GRID*               1691               0-2.90284677254-1-9.56940335732-1*
*              3.15625+0               0
GRID*               1692               0-2.42980179903-1-9.70031253195-1*
*               3.1875+0               0
GRID*               1693               0-1.95090322016-1-9.80785280403-1*
*              3.15625+0               0
GRID*               1694               0-2.42980179903-1-9.70031253195-1*
*              3.15625+0               0
GRID*               1695               0-3.82683432365-1-9.23879532511-1*
*              3.15625+0               0
GRID*               1696               0-3.36889853392-1-9.41544065183-1*
*               3.1875+0               0
GRID*               1697               0-3.36889853392-1-9.41544065183-1*
*              3.15625+0               0
GRID*               1698               0-3.82683432365-1-9.23879532511-1*
*              3.21875+0               0
GRID*               1699               0-3.36889853392-1-9.41544065183-1*
*                 3.25+0               0
GRID*               1700               0-2.90284677254-1-9.56940335732-1*
*              3.21875+0               0
GRID*               1701               0-3.36889853392-1-9.41544065183-1*
*              3.21875+0               0
GRID*               1702               0-2.42980179903-1-9.70031253195-1*
*                 3.25+0               0
GRID*               1703               0-1.95090322016-1-9.80785280403-1*
*              3.21875+0               0
GRID*               1704               0-2.42980179903-1-9.70031253195-1*
*              3.21875+0               0
GRID*               1705               0-9.80171403296-2-9.95184726672-1*
*              3.15625+0               0
GRID*               1706               0-4.90676743274-2-9.98795456205-1*
*               3.1875+0               0
GRID*               1707               0-1.0050892952-16          -1.0+0*
*              3.15625+0               0
GRID*               1708               0-4.90676743274-2-9.98795456205-1*
*              3.15625+0               0
GRID*               1709               0-1.46730474455-1-9.89176509965-1*
*               3.1875+0               0
GRID*               1710               0-1.46730474455-1-9.89176509965-1*
*              3.15625+0               0
GRID*               1711               0-1.46730474455-1-9.89176509965-1*
*                 3.25+0               0
GRID*               1712               0-9.80171403296-2-9.95184726672-1*
*              3.21875+0               0
GRID*               1713               0-1.46730474455-1-9.89176509965-1*
*              3.21875+0               0
GRID*               1714               0-4.90676743274-2-9.98795456205-1*
*                 3.25+0               0
GRID*               1715               0-1.4071250133-16          -1.0+0*
*              3.21875+0               0
GRID*               1716               0-4.90676743274-2-9.98795456205-1*
*              3.21875+0               0
GRID*               1717               0 -4.2755509343-1-9.03989293123-1*
*                  3.0+0               0
GRID*               1718               0 -4.6897942069-1-8.83209093573-1*
*              3.03125+0               0
GRID*               1719               0-4.25077498272-1 -9.0515695902-1*
*               3.0625+0               0
GRID*               1720               0 -4.2631661461-1-9.04574012509-1*
*              3.03125+0               0
GRID*               1721               0-5.14102744193-1    -8.5772861-1*
*                  3.0+0               0
GRID*               1722               0-5.51009514435-1-8.34498960456-1*
*              3.03125+0               0
GRID*               1723               0-5.07040005845-1-8.61922521154-1*
*               3.0625+0               0
GRID*               1724               0-5.10575450459-1-8.59832954351-1*
*              3.03125+0               0
GRID*               1725               0 -5.4183866147-1-8.40482519114-1*
*              3.09375+0               0
GRID*               1726               0-4.99945470547-1 -8.6605688409-1*
*                3.125+0               0
GRID*               1727               0-4.64136720389-1-8.85763571608-1*
*              3.09375+0               0
GRID*               1728               0-5.03496763107-1-8.63997111998-1*
*              3.09375+0               0
GRID*               1729               0-4.22599240046-1-9.06316656755-1*
*                3.125+0               0
GRID*               1730               0-4.23838689498-1-9.05737691214-1*
*              3.09375+0               0
GRID*               1731               0-5.95699304492-1-8.03207531481-1*
*                  3.0+0               0
GRID*               1732               0 -6.2803655924-1-7.78183834488-1*
*              3.03125+0               0
GRID*               1733               0-5.84663324785-1-8.11276029876-1*
*               3.0625+0               0
GRID*               1734               0-5.90194744213-1-8.07260902004-1*
*              3.03125+0               0
GRID*               1735               0-6.71558954847-1-7.40951125355-1*
*                  3.0+0               0
GRID*               1736               0-6.99351526403-1-7.14777897334-1*
*              3.03125+0               0
GRID*               1737               0-6.57282012145-1-7.53644715042-1*
*               3.0625+0               0
GRID*               1738               0-6.64450333818-1 -7.4733242529-1*
*              3.03125+0               0
GRID*               1739               0-6.83592302023-1-7.29864072698-1*
*              3.09375+0               0
GRID*               1740               0-6.42771531793-1-7.66057933786-1*
*                3.125+0               0
GRID*               1741               0-6.15203507746-1-7.88368342881-1*
*              3.09375+0               0
GRID*               1742               0-6.50055957777-1-7.59886341342-1*
*              3.09375+0               0
GRID*               1743               0-5.73524858089-1-8.19188157357-1*
*                3.125+0               0
GRID*               1744               0-5.79107263937-1-8.15251358082-1*
*              3.09375+0               0
GRID*               1745               0-6.02222459675-1-7.98328321596-1*
*              3.15625+0               0
GRID*               1746               0-5.62324942258-1-8.26916355694-1*
*               3.1875+0               0
GRID*               1747               0-5.32638364561-1-8.46342940301-1*
*              3.15625+0               0
GRID*               1748               0 -5.6793772073-1-8.23071531139-1*
*              3.15625+0               0
GRID*               1749               0 -6.6750772473-1-7.44602872292-1*
*              3.15625+0               0
GRID*               1750               0-6.28036925367-1-7.78183539003-1*
*               3.1875+0               0
GRID*               1751               0-6.35432726344-1 -7.7215623438-1*
*              3.15625+0               0
GRID*               1752               0-6.51105449912-1-7.58987281247-1*
*              3.21875+0               0
GRID*               1753               0-6.13079424148-1-7.90021277996-1*
*                 3.25+0               0
GRID*               1754               0-5.89096770927-1-8.08062494169-1*
*              3.21875+0               0
GRID*               1755               0  -6.205859955-1-7.84138394793-1*
*              3.21875+0               0
GRID*               1756               0-5.51027028791-1-8.34487395676-1*
*                 3.25+0               0
GRID*               1757               0-5.23410456439-1  -8.520806852-1*
*              3.21875+0               0
GRID*               1758               0-5.56688551028-1-8.30721287289-1*
*              3.21875+0               0
GRID*               1759               0-4.59298913008-1 -8.8828177315-1*
*              3.15625+0               0
GRID*               1760               0-4.20134501377-1-9.07461845343-1*
*               3.1875+0               0
PARAM   QUAD4TYP  MITC4+
PARAM    STR_CID      -2
$--1---><--2---><--3---><--4---><--5---><--6---><--7---><--8---><--9---><--10-->
$$$$$$$$$$$$$$$$$$$$$$$$$$$$$$$$$$$ Material $$$$$$$$$$$$$$$$$$$$$$$$$$$$$$$$$$$
MAT1*                  1          1.0+11 4.1666666667+10           2.0-1*
*                  0.0+0           0.0+0           0.0+0
$--1---><--2---><--3---><--4---><--5---><--6---><--7---><--8---><--9---><--10-->
SPC            1       7       1   0.0+0
SPC            1       7       2   0.0+0
SPC            1       7       3   0.0+0
SPC            1       7       4   0.0+0
SPC            1       7       5   0.0+0
SPC            1       7       6   0.0+0
SPC            1      16       1   0.0+0
SPC            1      16       2   0.0+0
SPC            1      16       3   0.0+0
SPC            1      16       4   0.0+0
SPC            1      16       5   0.0+0
SPC            1      16       6   0.0+0
SPC            1     171       1   0.0+0
SPC            1     171       2   0.0+0
SPC            1     171       3   0.0+0
SPC            1     171       4   0.0+0
SPC            1     171       5   0.0+0
SPC            1     171       6   0.0+0
SPC            1     319       1   0.0+0
SPC            1     319       2   0.0+0
SPC            1     319       3   0.0+0
SPC            1     319       4   0.0+0
SPC            1     319       5   0.0+0
SPC            1     319       6   0.0+0
SPC            1     322       1   0.0+0
SPC            1     322       2   0.0+0
SPC            1     322       3   0.0+0
SPC            1     322       4   0.0+0
SPC            1     322       5   0.0+0
SPC            1     322       6   0.0+0
SPC            1     452       1   0.0+0
SPC            1     452       2   0.0+0
SPC            1     452       3   0.0+0
SPC            1     452       4   0.0+0
SPC            1     452       5   0.0+0
SPC            1     452       6   0.0+0
SPC            1     469       1   0.0+0
SPC            1     469       2   0.0+0
SPC            1     469       3   0.0+0
SPC            1     469       4   0.0+0
SPC            1     469       5   0.0+0
SPC            1     469       6   0.0+0
SPC            1     564       1   0.0+0
SPC            1     564       2   0.0+0
SPC            1     564       3   0.0+0
SPC            1     564       4   0.0+0
SPC            1     564       5   0.0+0
SPC            1     564       6   0.0+0
SPC            1     581       1   0.0+0
SPC            1     581       2   0.0+0
SPC            1     581       3   0.0+0
SPC            1     581       4   0.0+0
SPC            1     581       5   0.0+0
SPC            1     581       6   0.0+0
SPC            1     601       1   0.0+0
SPC            1     601       2   0.0+0
SPC            1     601       3   0.0+0
SPC            1     601       4   0.0+0
SPC            1     601       5   0.0+0
SPC            1     601       6   0.0+0
SPC            1     667       1   0.0+0
SPC            1     667       2   0.0+0
SPC            1     667       3   0.0+0
SPC            1     667       4   0.0+0
SPC            1     667       5   0.0+0
SPC            1     667       6   0.0+0
SPC            1     668       1   0.0+0
SPC            1     668       2   0.0+0
SPC            1     668       3   0.0+0
SPC            1     668       4   0.0+0
SPC            1     668       5   0.0+0
SPC            1     668       6   0.0+0
SPC            1     823       1   0.0+0
SPC            1     823       2   0.0+0
SPC            1     823       3   0.0+0
SPC            1     823       4   0.0+0
SPC            1     823       5   0.0+0
SPC            1     823       6   0.0+0
SPC            1     832       1   0.0+0
SPC            1     832       2   0.0+0
SPC            1     832       3   0.0+0
SPC            1     832       4   0.0+0
SPC            1     832       5   0.0+0
SPC            1     832       6   0.0+0
SPC            1     861       1   0.0+0
SPC            1     861       2   0.0+0
SPC            1     861       3   0.0+0
SPC            1     861       4   0.0+0
SPC            1     861       5   0.0+0
SPC            1     861       6   0.0+0
SPC            1    1004       1   0.0+0
SPC            1    1004       2   0.0+0
SPC            1    1004       3   0.0+0
SPC            1    1004       4   0.0+0
SPC            1    1004       5   0.0+0
SPC            1    1004       6   0.0+0
SPC            1    1015       1   0.0+0
SPC            1    1015       2   0.0+0
SPC            1    1015       3   0.0+0
SPC            1    1015       4   0.0+0
SPC            1    1015       5   0.0+0
SPC            1    1015       6   0.0+0
SPC            1    1664       1   0.0+0
SPC            1    1664       2   0.0+0
SPC            1    1664       3   0.0+0
SPC            1    1664       4   0.0+0
SPC            1    1664       5   0.0+0
SPC            1    1664       6   0.0+0
SPC            1    1675       1   0.0+0
SPC            1    1675       2   0.0+0
SPC            1    1675       3   0.0+0
SPC            1    1675       4   0.0+0
SPC            1    1675       5   0.0+0
SPC            1    1675       6   0.0+0
SPC            1    1707       1   0.0+0
SPC            1    1707       2   0.0+0
SPC            1    1707       3   0.0+0
SPC            1    1707       4   0.0+0
SPC            1    1707       5   0.0+0
SPC            1    1707       6   0.0+0
SPC            1    1715       1   0.0+0
SPC            1    1715       2   0.0+0
SPC            1    1715       3   0.0+0
SPC            1    1715       4   0.0+0
SPC            1    1715       5   0.0+0
SPC            1    1715       6   0.0+0
$--1---><--2---><--3---><--4---><--5---><--6---><--7---><--8---><--9---><--10-->
$$$$$$$$$$$$$$$$$$$$$$$$$$$$$$$$$$$ Default $$$$$$$$$$$$$$$$$$$$$$$$$$$$$$$$$$$$
PSHELL         1       1   1.0-3       1               1           0.0+0
CQUAD4*                1               1              13              23*
*                      8              18-3.7583395405-30           0.0+0
CQUAD4*                2               1              23               1*
*                     28               8-1.1542346278-16           0.0+0
CQUAD4*                3               1               7              12*
*                     19              16-2.4846560401-32           0.0+0
CQUAD4*                4               1              12               9*
*                     10              19-4.2154383562-17           0.0+0
CQUAD4*                5               1               1              14*
*                     32              28-5.8476472068-17           0.0+0
CQUAD4*                6               1              14               7*
*                     16              32-3.4346111898-33           0.0+0
CQUAD4*                7               1               9               5*
*                     11              10  5.220553348-17           0.0+0
CQUAD4*                8               1               5               3*
*                     29              11-6.8689958032-30           0.0+0
CQUAD4*                9               1              15              17*
*                     21              20 1.1028081919-29           0.0+0
CQUAD4*               10               1              17              13*
*                     18              21-6.8689958032-30           0.0+0
CQUAD4*               11               1              26               6*
*                     27              30-7.8957162561-31           0.0+0
CQUAD4*               12               1               3              26*
*                     30              29-3.7583395405-30           0.0+0
CQUAD4*               13               1               2              22*
*                     25              24 4.7267742529-17           0.0+0
CQUAD4*               14               1              22              15*
*                     20              25 2.0427040437-16           0.0+0
CQUAD4*               15               1               6              31*
*                      4              27-2.7917293907-16           0.0+0
CQUAD4*               16               1              31               2*
*                     24               4 1.1060582877-16           0.0+0
CQUAD4        17       1     862    1689    1694    1693   0.0+0   0.0+0
CQUAD4        18       1    1689    1008    1691    1694   0.0+0   0.0+0
CQUAD4        19       1    1694    1691    1013    1692   0.0+0   0.0+0
CQUAD4        20       1    1693    1694    1692    1012   0.0+0   0.0+0
CQUAD4        21       1    1008    1686    1697    1691   0.0+0   0.0+0
CQUAD4        22       1    1686     859    1695    1697   0.0+0   0.0+0
CQUAD4        23       1    1697    1695    1010    1696   0.0+0   0.0+0
CQUAD4        24       1    1691    1697    1696    1013   0.0+0   0.0+0
CQUAD4        25       1    1013    1696    1701    1700   0.0+0   0.0+0
CQUAD4        26       1    1696    1010    1698    1701   0.0+0   0.0+0
CQUAD4        27       1    1701    1698     835    1699   0.0+0   0.0+0
CQUAD4        28       1    1700    1701    1699    1011   0.0+0   0.0+0
CQUAD4        29       1    1012    1692    1704    1703   0.0+0   0.0+0
CQUAD4        30       1    1692    1013    1700    1704   0.0+0   0.0+0
CQUAD4        31       1    1704    1700    1011    1702   0.0+0   0.0+0
CQUAD4        32       1    1703    1704    1702     860   0.0+0   0.0+0
CQUAD4*               33               1             861            1674*
*                   1708            1707-1.0667409917-33           0.0+0
CQUAD4        34       1    1674    1003    1705    1708   0.0+0   0.0+0
CQUAD4        35       1    1708    1705    1016    1706   0.0+0   0.0+0
CQUAD4*               36               1            1707            1708*
*                   1706            1015 1.4133387829-33           0.0+0
CQUAD4        37       1    1003    1671    1710    1705   0.0+0   0.0+0
CQUAD4        38       1    1671     862    1693    1710   0.0+0   0.0+0
CQUAD4        39       1    1710    1693    1012    1709   0.0+0   0.0+0
CQUAD4*               40               1            1705            1710*
*                   1709            1016 1.1178889898-31           0.0+0
CQUAD4        41       1    1016    1709    1713    1712   0.0+0   0.0+0
CQUAD4        42       1    1709    1012    1703    1713   0.0+0   0.0+0
CQUAD4        43       1    1713    1703     860    1711   0.0+0   0.0+0
CQUAD4        44       1    1712    1713    1711    1014   0.0+0   0.0+0
CQUAD4*               45               1            1015            1706*
*                   1716            1715 1.4413810482-33           0.0+0
CQUAD4        46       1    1706    1016    1712    1716   0.0+0   0.0+0
CQUAD4        47       1    1716    1712    1014    1714   0.0+0   0.0+0
CQUAD4*               48               1            1715            1716*
*                   1714             832 6.2520945294-34           0.0+0
CQUAD4*               49               1             828            1717*
*                   1720            1682-2.6818609723-19           0.0+0
CQUAD4*               50               1            1717            1017*
*                   1718            1720-2.3072997279-18           0.0+0
CQUAD4*               51               1            1720            1718*
*                   1020            1719-1.1699760333-18           0.0+0
CQUAD4*               52               1            1682            1720*
*                   1719            1007 1.6778581903-18           0.0+0
CQUAD4*               53               1            1017            1721*
*                   1724            1718 1.2046895125-18           0.0+0
CQUAD4*               54               1            1721             863*
*                   1722            1724-6.1603286331-19           0.0+0
CQUAD4*               55               1            1724            1722*
*                   1018            1723 -5.587995951-19           0.0+0
CQUAD4*               56               1            1718            1724*
*                   1723            1020 2.2107773694-18           0.0+0
CQUAD4*               57               1            1020            1723*
*                   1728            1727 1.4004314568-18           0.0+0
CQUAD4*               58               1            1723            1018*
*                   1725            1728-1.9270513615-18           0.0+0
CQUAD4*               59               1            1728            1725*
*                    866            1726 1.9231027799-18           0.0+0
CQUAD4*               60               1            1727            1728*
*                   1726            1019-2.3294050815-18           0.0+0
CQUAD4*               61               1            1007            1719*
*                   1730            1685 1.3774287395-18           0.0+0
CQUAD4*               62               1            1719            1020*
*                   1727            1730-6.7824501776-21           0.0+0
CQUAD4*               63               1            1730            1727*
*                   1019            1729-1.5335529225-18           0.0+0
CQUAD4*               64               1            1685            1730*
*                   1729             859 1.9387219832-19           0.0+0
CQUAD4*               65               1             863            1731*
*                   1734            1722-3.6806724011-18           0.0+0
CQUAD4*               66               1            1731            1021*
*                   1732            1734-2.8018157029-18           0.0+0
CQUAD4*               67               1            1734            1732*
*                   1024            1733-2.1236027428-18           0.0+0
CQUAD4*               68               1            1722            1734*
*                   1733            1018-2.4635734123-18           0.0+0
CQUAD4*               69               1            1021            1735*
*                   1738            1732 -1.887600193-18           0.0+0
CQUAD4*               70               1            1735             825*
*                   1736            1738   5.80739724-18           0.0+0
CQUAD4*               71               1            1738            1736*
*                   1022            1737-2.2028881526-18           0.0+0
CQUAD4*               72               1            1732            1738*
*                   1737            1024 4.5755021386-19           0.0+0
CQUAD4*               73               1            1024            1737*
*                   1742            1741 9.0571430744-19           0.0+0
CQUAD4*               74               1            1737            1022*
*                   1739            1742 4.5841961913-18           0.0+0
CQUAD4*               75               1            1742            1739*
*                    864            1740-8.6098338894-19           0.0+0
CQUAD4*               76               1            1741            1742*
*                   1740            1023 2.5941669217-18           0.0+0
CQUAD4*               77               1            1018            1733*
*                   1744            1725 1.8340270843-18           0.0+0
CQUAD4*               78               1            1733            1024*
*                   1741            1744 5.9980295539-18           0.0+0
CQUAD4*               79               1            1744            1741*
*                   1023            1743-1.2934325689-18           0.0+0
CQUAD4*               80               1            1725            1744*
*                   1743             866-5.4516760739-19           0.0+0
CQUAD4*               81               1             866            1743*
*                   1748            1747 1.2416931573-18           0.0+0
CQUAD4*               82               1            1743            1023*
*                   1745            1748-2.8634029208-19           0.0+0
CQUAD4*               83               1            1748            1745*
*                   1028            1746 3.1577590666-18           0.0+0
CQUAD4*               84               1            1747            1748*
*                   1746            1027-1.6052390302-18           0.0+0
CQUAD4*               85               1            1023            1740*
*                   1751            1745 1.1037280919-18           0.0+0
CQUAD4*               86               1            1740             864*
*                   1749            1751-4.2722196841-18           0.0+0
CQUAD4*               87               1            1751            1749*
*                   1025            1750 1.1114232845-18           0.0+0
CQUAD4*               88               1            1745            1751*
*                   1750            1028 2.0654707299-18           0.0+0
CQUAD4*               89               1            1028            1750*
*                   1755            1754 1.1803188706-18           0.0+0
CQUAD4*               90               1            1750            1025*
*                   1752            1755-2.5787140518-19           0.0+0
CQUAD4*               91               1            1755            1752*
*                    826            1753-9.4361019592-19           0.0+0
CQUAD4*               92               1            1754            1755*
*                   1753            1026-3.0470059781-18           0.0+0
CQUAD4*               93               1            1027            1746*
*                   1758            1757-1.7651103373-18           0.0+0
CQUAD4*               94               1            1746            1028*
*                   1754            1758 4.3263346352-18           0.0+0
CQUAD4*               95               1            1758            1754*
*                   1026            1756-2.0342367118-20           0.0+0
CQUAD4*               96               1            1757            1758*
*                   1756             865-9.4915785736-19           0.0+0
CQUAD4        97       1     466     411     414     289   0.0+0   0.0+0
CQUAD4        98       1     411     199     412     414   0.0+0   0.0+0
CQUAD4        99       1     414     412     201     413   0.0+0   0.0+0
CQUAD4       100       1     289     414     413     162   0.0+0   0.0+0
CQUAD4       101       1     199     415     417     412   0.0+0   0.0+0
CQUAD4       102       1     415     474     400     417   0.0+0   0.0+0
CQUAD4       103       1     417     400     197     416   0.0+0   0.0+0
CQUAD4       104       1     412     417     416     201   0.0+0   0.0+0
CQUAD4       105       1     201     416     420     419   0.0+0   0.0+0
CQUAD4       106       1     416     197     409     420   0.0+0   0.0+0
CQUAD4       107       1     420     409     459     418   0.0+0   0.0+0
CQUAD4       108       1     419     420     418     200   0.0+0   0.0+0
CQUAD4       109       1     162     413     422     292   0.0+0   0.0+0
CQUAD4       110       1     413     201     419     422   0.0+0   0.0+0
CQUAD4       111       1     422     419     200     421   0.0+0   0.0+0
CQUAD4       112       1     292     422     421     449   0.0+0   0.0+0
CQUAD4       113       1     476     423     426     261   0.0+0   0.0+0
CQUAD4       114       1     423     202     424     426   0.0+0   0.0+0
CQUAD4       115       1     426     424     206     425   0.0+0   0.0+0
CQUAD4       116       1     261     426     425     205   0.0+0   0.0+0
CQUAD4       117       1     202     427     430     424   0.0+0   0.0+0
CQUAD4       118       1     427     477     428     430   0.0+0   0.0+0
CQUAD4       119       1     430     428     203     429   0.0+0   0.0+0
CQUAD4       120       1     424     430     429     206   0.0+0   0.0+0
CQUAD4       121       1     206     429     434     433   0.0+0   0.0+0
CQUAD4       122       1     429     203     431     434   0.0+0   0.0+0
CQUAD4       123       1     434     431     460     432   0.0+0   0.0+0
CQUAD4       124       1     433     434     432     204   0.0+0   0.0+0
CQUAD4       125       1     205     425     436     264   0.0+0   0.0+0
CQUAD4       126       1     425     206     433     436   0.0+0   0.0+0
CQUAD4       127       1     436     433     204     435   0.0+0   0.0+0
CQUAD4       128       1     264     436     435     461   0.0+0   0.0+0
CQUAD4       129       1     477     437     440     428   0.0+0   0.0+0
CQUAD4       130       1     437     207     438     440   0.0+0   0.0+0
CQUAD4       131       1     440     438     209     439   0.0+0   0.0+0
CQUAD4       132       1     428     440     439     203   0.0+0   0.0+0
CQUAD4       133       1     207     441     443     438   0.0+0   0.0+0
CQUAD4       134       1     441     473     386     443   0.0+0   0.0+0
CQUAD4       135       1     443     386     192     442   0.0+0   0.0+0
CQUAD4       136       1     438     443     442     209   0.0+0   0.0+0
CQUAD4       137       1     209     442     446     445   0.0+0   0.0+0
CQUAD4       138       1     442     192     395     446   0.0+0   0.0+0
CQUAD4       139       1     446     395     457     444   0.0+0   0.0+0
CQUAD4       140       1     445     446     444     208   0.0+0   0.0+0
CQUAD4       141       1     203     439     448     431   0.0+0   0.0+0
CQUAD4       142       1     439     209     445     448   0.0+0   0.0+0
CQUAD4       143       1     448     445     208     447   0.0+0   0.0+0
CQUAD4       144       1     431     448     447     460   0.0+0   0.0+0
CQUAD4       145       1     478     225     229     228   0.0+0   0.0+0
CQUAD4       146       1     225     210     226     229   0.0+0   0.0+0
CQUAD4       147       1     229     226     214     227   0.0+0   0.0+0
CQUAD4       148       1     228     229     227     213   0.0+0   0.0+0
CQUAD4       149       1     210     230     233     226   0.0+0   0.0+0
CQUAD4       150       1     230     479     231     233   0.0+0   0.0+0
CQUAD4       151       1     233     231     211     232   0.0+0   0.0+0
CQUAD4       152       1     226     233     232     214   0.0+0   0.0+0
CQUAD4       153       1     214     232     237     236   0.0+0   0.0+0
CQUAD4       154       1     232     211     234     237   0.0+0   0.0+0
CQUAD4       155       1     237     234     462     235   0.0+0   0.0+0
CQUAD4       156       1     236     237     235     212   0.0+0   0.0+0
CQUAD4       157       1     213     227     240     239   0.0+0   0.0+0
CQUAD4       158       1     227     214     236     240   0.0+0   0.0+0
CQUAD4       159       1     240     236     212     238   0.0+0   0.0+0
CQUAD4       160       1     239     240     238     463   0.0+0   0.0+0
CQUAD4       161       1     475     241     245     244   0.0+0   0.0+0
CQUAD4       162       1     241     215     242     245   0.0+0   0.0+0
CQUAD4       163       1     245     242     217     243   0.0+0   0.0+0
CQUAD4       164       1     244     245     243     195   0.0+0   0.0+0
CQUAD4       165       1     215     246     248     242   0.0+0   0.0+0
CQUAD4       166       1     246     478     228     248   0.0+0   0.0+0
CQUAD4       167       1     248     228     213     247   0.0+0   0.0+0
CQUAD4       168       1     242     248     247     217   0.0+0   0.0+0
CQUAD4       169       1     217     247     251     250   0.0+0   0.0+0
CQUAD4       170       1     247     213     239     251   0.0+0   0.0+0
CQUAD4       171       1     251     239     463     249   0.0+0   0.0+0
CQUAD4       172       1     250     251     249     216   0.0+0   0.0+0
CQUAD4       173       1     195     243     254     253   0.0+0   0.0+0
CQUAD4       174       1     243     217     250     254   0.0+0   0.0+0
CQUAD4       175       1     254     250     216     252   0.0+0   0.0+0
CQUAD4       176       1     253     254     252     458   0.0+0   0.0+0
CQUAD4       177       1     480     255     259     258   0.0+0   0.0+0
CQUAD4       178       1     255     218     256     259   0.0+0   0.0+0
CQUAD4       179       1     259     256     221     257   0.0+0   0.0+0
CQUAD4       180       1     258     259     257     220   0.0+0   0.0+0
CQUAD4       181       1     218     260     263     256   0.0+0   0.0+0
CQUAD4       182       1     260     476     261     263   0.0+0   0.0+0
CQUAD4       183       1     263     261     205     262   0.0+0   0.0+0
CQUAD4       184       1     256     263     262     221   0.0+0   0.0+0
CQUAD4       185       1     221     262     267     266   0.0+0   0.0+0
CQUAD4       186       1     262     205     264     267   0.0+0   0.0+0
CQUAD4       187       1     267     264     461     265   0.0+0   0.0+0
CQUAD4       188       1     266     267     265     219   0.0+0   0.0+0
CQUAD4       189       1     220     257     270     269   0.0+0   0.0+0
CQUAD4       190       1     257     221     266     270   0.0+0   0.0+0
CQUAD4       191       1     270     266     219     268   0.0+0   0.0+0
CQUAD4       192       1     269     270     268     464   0.0+0   0.0+0
CQUAD4       193       1     479     271     274     231   0.0+0   0.0+0
CQUAD4       194       1     271     222     272     274   0.0+0   0.0+0
CQUAD4       195       1     274     272     224     273   0.0+0   0.0+0
CQUAD4       196       1     231     274     273     211   0.0+0   0.0+0
CQUAD4       197       1     222     275     277     272   0.0+0   0.0+0
CQUAD4       198       1     275     480     258     277   0.0+0   0.0+0
CQUAD4       199       1     277     258     220     276   0.0+0   0.0+0
CQUAD4       200       1     272     277     276     224   0.0+0   0.0+0
CQUAD4       201       1     224     276     280     279   0.0+0   0.0+0
CQUAD4       202       1     276     220     269     280   0.0+0   0.0+0
CQUAD4       203       1     280     269     464     278   0.0+0   0.0+0
CQUAD4       204       1     279     280     278     223   0.0+0   0.0+0
CQUAD4       205       1     211     273     282     234   0.0+0   0.0+0
CQUAD4       206       1     273     224     279     282   0.0+0   0.0+0
CQUAD4       207       1     282     279     223     281   0.0+0   0.0+0
CQUAD4       208       1     234     282     281     462   0.0+0   0.0+0
CQUAD4       209       1     465     283     287     286   0.0+0   0.0+0
CQUAD4       210       1     283     161     284     287   0.0+0   0.0+0
CQUAD4       211       1     287     284     165     285   0.0+0   0.0+0
CQUAD4       212       1     286     287     285     164   0.0+0   0.0+0
CQUAD4       213       1     161     288     291     284   0.0+0   0.0+0
CQUAD4       214       1     288     466     289     291   0.0+0   0.0+0
CQUAD4       215       1     291     289     162     290   0.0+0   0.0+0
CQUAD4       216       1     284     291     290     165   0.0+0   0.0+0
CQUAD4       217       1     165     290     295     294   0.0+0   0.0+0
CQUAD4       218       1     290     162     292     295   0.0+0   0.0+0
CQUAD4       219       1     295     292     449     293   0.0+0   0.0+0
CQUAD4       220       1     294     295     293     163   0.0+0   0.0+0
CQUAD4       221       1     164     285     298     297   0.0+0   0.0+0
CQUAD4       222       1     285     165     294     298   0.0+0   0.0+0
CQUAD4       223       1     298     294     163     296   0.0+0   0.0+0
CQUAD4       224       1     297     298     296     450   0.0+0   0.0+0
CQUAD4       225       1     467     299     303     302   0.0+0   0.0+0
CQUAD4       226       1     299     166     300     303   0.0+0   0.0+0
CQUAD4       227       1     303     300     169     301   0.0+0   0.0+0
CQUAD4       228       1     302     303     301     168   0.0+0   0.0+0
CQUAD4       229       1     166     304     306     300   0.0+0   0.0+0
CQUAD4       230       1     304     465     286     306   0.0+0   0.0+0
CQUAD4       231       1     306     286     164     305   0.0+0   0.0+0
CQUAD4       232       1     300     306     305     169   0.0+0   0.0+0
CQUAD4       233       1     169     305     309     308   0.0+0   0.0+0
CQUAD4       234       1     305     164     297     309   0.0+0   0.0+0
CQUAD4       235       1     309     297     450     307   0.0+0   0.0+0
CQUAD4       236       1     308     309     307     167   0.0+0   0.0+0
CQUAD4       237       1     168     301     312     311   0.0+0   0.0+0
CQUAD4       238       1     301     169     308     312   0.0+0   0.0+0
CQUAD4       239       1     312     308     167     310   0.0+0   0.0+0
CQUAD4       240       1     311     312     310     451   0.0+0   0.0+0
CQUAD4       241       1     468     313     317     316   0.0+0   0.0+0
CQUAD4       242       1     313     170     314     317   0.0+0   0.0+0
CQUAD4       243       1     317     314     174     315   0.0+0   0.0+0
CQUAD4       244       1     316     317     315     173   0.0+0   0.0+0
CQUAD4       245       1     170     318     321     314   0.0+0   0.0+0
CQUAD4       246       1     318     469     319     321   0.0+0   0.0+0
CQUAD4       247       1     321     319     171     320   0.0+0   0.0+0
CQUAD4       248       1     314     321     320     174   0.0+0   0.0+0
CQUAD4       249       1     174     320     325     324   0.0+0   0.0+0
CQUAD4       250       1     320     171     322     325   0.0+0   0.0+0
CQUAD4       251       1     325     322     452     323   0.0+0   0.0+0
CQUAD4       252       1     324     325     323     172   0.0+0   0.0+0
CQUAD4       253       1     173     315     328     327   0.0+0   0.0+0
CQUAD4       254       1     315     174     324     328   0.0+0   0.0+0
CQUAD4       255       1     328     324     172     326   0.0+0   0.0+0
CQUAD4       256       1     327     328     326     453   0.0+0   0.0+0
CQUAD4       257       1     470     329     333     332   0.0+0   0.0+0
CQUAD4       258       1     329     175     330     333   0.0+0   0.0+0
CQUAD4       259       1     333     330     178     331   0.0+0   0.0+0
CQUAD4       260       1     332     333     331     177   0.0+0   0.0+0
CQUAD4       261       1     175     334     336     330   0.0+0   0.0+0
CQUAD4       262       1     334     468     316     336   0.0+0   0.0+0
CQUAD4       263       1     336     316     173     335   0.0+0   0.0+0
CQUAD4       264       1     330     336     335     178   0.0+0   0.0+0
CQUAD4       265       1     178     335     339     338   0.0+0   0.0+0
CQUAD4       266       1     335     173     327     339   0.0+0   0.0+0
CQUAD4       267       1     339     327     453     337   0.0+0   0.0+0
CQUAD4       268       1     338     339     337     176   0.0+0   0.0+0
CQUAD4       269       1     177     331     342     341   0.0+0   0.0+0
CQUAD4       270       1     331     178     338     342   0.0+0   0.0+0
CQUAD4       271       1     342     338     176     340   0.0+0   0.0+0
CQUAD4       272       1     341     342     340     454   0.0+0   0.0+0
CQUAD4       273       1     471     343     347     346   0.0+0   0.0+0
CQUAD4       274       1     343     179     344     347   0.0+0   0.0+0
CQUAD4       275       1     347     344     182     345   0.0+0   0.0+0
CQUAD4       276       1     346     347     345     181   0.0+0   0.0+0
CQUAD4       277       1     179     348     350     344   0.0+0   0.0+0
CQUAD4       278       1     348     467     302     350   0.0+0   0.0+0
CQUAD4       279       1     350     302     168     349   0.0+0   0.0+0
CQUAD4       280       1     344     350     349     182   0.0+0   0.0+0
CQUAD4       281       1     182     349     353     352   0.0+0   0.0+0
CQUAD4       282       1     349     168     311     353   0.0+0   0.0+0
CQUAD4       283       1     353     311     451     351   0.0+0   0.0+0
CQUAD4       284       1     352     353     351     180   0.0+0   0.0+0
CQUAD4       285       1     181     345     356     355   0.0+0   0.0+0
CQUAD4       286       1     345     182     352     356   0.0+0   0.0+0
CQUAD4       287       1     356     352     180     354   0.0+0   0.0+0
CQUAD4       288       1     355     356     354     455   0.0+0   0.0+0
CQUAD4       289       1     469     357     360     319   0.0+0   0.0+0
CQUAD4       290       1     357     183     358     360   0.0+0   0.0+0
CQUAD4       291       1     360     358     185     359   0.0+0   0.0+0
CQUAD4       292       1     319     360     359     171   0.0+0   0.0+0
CQUAD4       293       1     183     361     363     358   0.0+0   0.0+0
CQUAD4       294       1     361     471     346     363   0.0+0   0.0+0
CQUAD4       295       1     363     346     181     362   0.0+0   0.0+0
CQUAD4       296       1     358     363     362     185   0.0+0   0.0+0
CQUAD4       297       1     185     362     366     365   0.0+0   0.0+0
CQUAD4       298       1     362     181     355     366   0.0+0   0.0+0
CQUAD4       299       1     366     355     455     364   0.0+0   0.0+0
CQUAD4       300       1     365     366     364     184   0.0+0   0.0+0
CQUAD4       301       1     171     359     368     322   0.0+0   0.0+0
CQUAD4       302       1     359     185     365     368   0.0+0   0.0+0
CQUAD4       303       1     368     365     184     367   0.0+0   0.0+0
CQUAD4       304       1     322     368     367     452   0.0+0   0.0+0
CQUAD4       305       1     472     369     373     372   0.0+0   0.0+0
CQUAD4       306       1     369     186     370     373   0.0+0   0.0+0
CQUAD4       307       1     373     370     189     371   0.0+0   0.0+0
CQUAD4       308       1     372     373     371     188   0.0+0   0.0+0
CQUAD4       309       1     186     374     376     370   0.0+0   0.0+0
CQUAD4       310       1     374     470     332     376   0.0+0   0.0+0
CQUAD4       311       1     376     332     177     375   0.0+0   0.0+0
CQUAD4       312       1     370     376     375     189   0.0+0   0.0+0
CQUAD4       313       1     189     375     379     378   0.0+0   0.0+0
CQUAD4       314       1     375     177     341     379   0.0+0   0.0+0
CQUAD4       315       1     379     341     454     377   0.0+0   0.0+0
CQUAD4       316       1     378     379     377     187   0.0+0   0.0+0
CQUAD4       317       1     188     371     382     381   0.0+0   0.0+0
CQUAD4       318       1     371     189     378     382   0.0+0   0.0+0
CQUAD4       319       1     382     378     187     380   0.0+0   0.0+0
CQUAD4       320       1     381     382     380     456   0.0+0   0.0+0
CQUAD4       321       1     473     383     387     386   0.0+0   0.0+0
CQUAD4       322       1     383     190     384     387   0.0+0   0.0+0
CQUAD4       323       1     387     384     193     385   0.0+0   0.0+0
CQUAD4       324       1     386     387     385     192   0.0+0   0.0+0
CQUAD4       325       1     190     388     390     384   0.0+0   0.0+0
CQUAD4       326       1     388     472     372     390   0.0+0   0.0+0
CQUAD4       327       1     390     372     188     389   0.0+0   0.0+0
CQUAD4       328       1     384     390     389     193   0.0+0   0.0+0
CQUAD4       329       1     193     389     393     392   0.0+0   0.0+0
CQUAD4       330       1     389     188     381     393   0.0+0   0.0+0
CQUAD4       331       1     393     381     456     391   0.0+0   0.0+0
CQUAD4       332       1     392     393     391     191   0.0+0   0.0+0
CQUAD4       333       1     192     385     396     395   0.0+0   0.0+0
CQUAD4       334       1     385     193     392     396   0.0+0   0.0+0
CQUAD4       335       1     396     392     191     394   0.0+0   0.0+0
CQUAD4       336       1     395     396     394     457   0.0+0   0.0+0
CQUAD4       337       1     474     397     401     400   0.0+0   0.0+0
CQUAD4       338       1     397     194     398     401   0.0+0   0.0+0
CQUAD4       339       1     401     398     198     399   0.0+0   0.0+0
CQUAD4       340       1     400     401     399     197   0.0+0   0.0+0
CQUAD4       341       1     194     402     404     398   0.0+0   0.0+0
CQUAD4       342       1     402     475     244     404   0.0+0   0.0+0
CQUAD4       343       1     404     244     195     403   0.0+0   0.0+0
CQUAD4       344       1     398     404     403     198   0.0+0   0.0+0
CQUAD4       345       1     198     403     407     406   0.0+0   0.0+0
CQUAD4       346       1     403     195     253     407   0.0+0   0.0+0
CQUAD4       347       1     407     253     458     405   0.0+0   0.0+0
CQUAD4       348       1     406     407     405     196   0.0+0   0.0+0
CQUAD4       349       1     197     399     410     409   0.0+0   0.0+0
CQUAD4       350       1     399     198     406     410   0.0+0   0.0+0
CQUAD4       351       1     410     406     196     408   0.0+0   0.0+0
CQUAD4       352       1     409     410     408     459   0.0+0   0.0+0
CQUAD4*              353               1             859            1729*
*                     33            1695 6.0271710508-19           0.0+0
CQUAD4*              354               1            1729            1019*
*                   1759              33-2.4755488703-19           0.0+0
CQUAD4*              355               1              33            1759*
*                   1030            1760 9.4551141303-19           0.0+0
CQUAD4*              356               1            1695              33*
*                   1760            1010 4.4071690712-19           0.0+0
CQUAD4*              357               1            1019            1726*
*                     35            1759-6.5675885933-19           0.0+0
CQUAD4*              358               1            1726             866*
*                   1747              35 -3.537292008-20           0.0+0
CQUAD4*              359               1              35            1747*
*                   1027              34-1.5399749501-18           0.0+0
CQUAD4*              360               1            1759              35*
*                     34            1030-6.7443704685-19           0.0+0
CQUAD4*              361               1            1030              34*
*                     38              37 7.8244236846-19           0.0+0
CQUAD4*              362               1              34            1027*
*                   1757              38-2.8363918785-18           0.0+0
CQUAD4*              363               1              38            1757*
*                    865              36-1.3567376618-18           0.0+0
CQUAD4*              364               1              37              38*
*                     36            1029-5.3598663036-19           0.0+0
CQUAD4*              365               1            1010            1760*
*                     40            1698 1.0977960584-18           0.0+0
CQUAD4*              366               1            1760            1030*
*                     37              40-4.2985910786-19           0.0+0
CQUAD4*              367               1              40              37*
*                   1029              39 2.3877533279-19           0.0+0
CQUAD4*              368               1            1698              40*
*                     39             835   1.49379449-18           0.0+0
CQUAD4*              433               1             817              41*
*                     44            1628 3.1583522262-18           0.0+0
CQUAD4*              434               1              41            1031*
*                     42              44 -1.479212867-18           0.0+0
CQUAD4*              435               1              44              42*
*                   1034              43-3.2851416607-18           0.0+0
CQUAD4*              436               1            1628              44*
*                     43             992-7.4917299316-18           0.0+0
CQUAD4*              437               1            1031              45*
*                     48              42-2.5963026396-19           0.0+0
CQUAD4*              438               1              45             867*
*                     46              48-2.6953845785-18           0.0+0
CQUAD4*              439               1              48              46*
*                   1032              47 1.3130959942-18           0.0+0
CQUAD4*              440               1              42              48*
*                     47            1034 1.3983863522-18           0.0+0
CQUAD4*              441               1            1034              47*
*                     52              51 4.1870015186-18           0.0+0
CQUAD4*              442               1              47            1032*
*                     49              52-4.7953697188-18           0.0+0
CQUAD4*              443               1              52              49*
*                    870              50 4.6158559285-18           0.0+0
CQUAD4*              444               1              51              52*
*                     50            1033-1.9139113807-18           0.0+0
CQUAD4*              445               1             992              43*
*                     54            1631 1.3383577738-18           0.0+0
CQUAD4*              446               1              43            1034*
*                     51              54 5.0046857891-18           0.0+0
CQUAD4*              447               1              54              51*
*                   1033              53-1.1932567694-18           0.0+0
CQUAD4*              448               1            1631              54*
*                     53             855-4.9813789419-18           0.0+0
CQUAD4*              449               1             867              55*
*                     58              46-3.9969389472-18           0.0+0
CQUAD4*              450               1              55            1035*
*                     56              58-2.7242576241-18           0.0+0
CQUAD4*              451               1              58              56*
*                   1038              57-1.6832218973-18           0.0+0
CQUAD4*              452               1              46              58*
*                     57            1032 -4.163715287-18           0.0+0
CQUAD4*              453               1            1035              59*
*                     62              56-1.8228550363-18           0.0+0
CQUAD4*              454               1              59             830*
*                     60              62  1.736500775-18           0.0+0
CQUAD4*              455               1              62              60*
*                   1036              61 9.2074703425-19           0.0+0
CQUAD4*              456               1              56              62*
*                     61            1038-6.4727821874-19           0.0+0
CQUAD4*              457               1            1038              61*
*                     66              65 1.1373032722-18           0.0+0
CQUAD4*              458               1              61            1036*
*                     63              66 9.5611325472-19           0.0+0
CQUAD4*              459               1              66              63*
*                    868              64  7.226674671-19           0.0+0
CQUAD4*              460               1              65              66*
*                     64            1037  2.604875689-19           0.0+0
CQUAD4*              461               1            1032              57*
*                     68              49 -1.332625303-18           0.0+0
CQUAD4*              462               1              57            1038*
*                     65              68 7.8557137605-19           0.0+0
CQUAD4*              463               1              68              65*
*                   1037              67-3.9569918392-18           0.0+0
CQUAD4*              464               1              49              68*
*                     67             870 1.9147708087-18           0.0+0
CQUAD4*              465               1             870              67*
*                     72              71 9.9268337019-19           0.0+0
CQUAD4*              466               1              67            1037*
*                     69              72-2.0836843466-20           0.0+0
CQUAD4*              467               1              72              69*
*                   1042              70 9.2451370033-18           0.0+0
CQUAD4*              468               1              71              72*
*                     70            1041-2.0931940582-18           0.0+0
CQUAD4*              469               1            1037              64*
*                     75              69-4.0648870004-19           0.0+0
CQUAD4*              470               1              64             868*
*                     73              75 3.3021253508-18           0.0+0
CQUAD4*              471               1              75              73*
*                   1039              74 1.4459549936-19           0.0+0
CQUAD4*              472               1              69              75*
*                     74            1042 -1.231258013-18           0.0+0
CQUAD4*              473               1            1042              74*
*                     79              78 6.9307522995-19           0.0+0
CQUAD4*              474               1              74            1039*
*                     76              79 2.3929838734-19           0.0+0
CQUAD4*              475               1              79              76*
*                    848              77-1.2638308573-18           0.0+0
CQUAD4*              476               1              78              79*
*                     77            1040-7.9326344397-19           0.0+0
CQUAD4*              477               1            1041              70*
*                     82              81-4.2939194342-18           0.0+0
CQUAD4*              478               1              70            1042*
*                     78              82-1.3527895022-20           0.0+0
CQUAD4*              479               1              82              78*
*                   1040              80-5.3553997467-18           0.0+0
CQUAD4*              480               1              81              82*
*                     80             869 2.9203786252-18           0.0+0
CQUAD4*              481               1             855              53*
*                     85            1641-1.5103317915-18           0.0+0
CQUAD4*              482               1              53            1033*
*                     83              85 2.6526540536-18           0.0+0
CQUAD4*              483               1              85              83*
*                   1044              84-1.4611784125-18           0.0+0
CQUAD4*              484               1            1641              85*
*                     84             995-1.3730729402-18           0.0+0
CQUAD4*              485               1            1033              50*
*                     87              83  1.377918158-18           0.0+0
CQUAD4*              486               1              50             870*
*                     71              87-1.6777748641-18           0.0+0
CQUAD4*              487               1              87              71*
*                   1041              86  3.307474443-18           0.0+0
CQUAD4*              488               1              83              87*
*                     86            1044-2.7622500295-18           0.0+0
CQUAD4*              489               1            1044              86*
*                     90              89   3.39181663-18           0.0+0
CQUAD4*              490               1              86            1041*
*                     81              90 1.2546195953-18           0.0+0
CQUAD4*              491               1              90              81*
*                    869              88-7.8794314056-18           0.0+0
CQUAD4*              492               1              89              90*
*                     88            1043-6.5399973525-19           0.0+0
CQUAD4*              493               1             995              84*
*                     92            1644 1.5800663321-18           0.0+0
CQUAD4*              494               1              84            1044*
*                     89              92-1.0566391099-18           0.0+0
CQUAD4*              495               1              92              89*
*                   1043              91 5.9961582766-20           0.0+0
CQUAD4*              496               1            1644              92*
*                     91             844-3.4086934727-18           0.0+0
CQUAD4       497       1     830      93      96      60   0.0+0   0.0+0
CQUAD4       498       1      93    1045      94      96   0.0+0   0.0+0
CQUAD4       499       1      96      94    1048      95   0.0+0   0.0+0
CQUAD4       500       1      60      96      95    1036   0.0+0   0.0+0
CQUAD4       501       1    1045      97     100      94   0.0+0   0.0+0
CQUAD4       502       1      97     871      98     100   0.0+0   0.0+0
CQUAD4       503       1     100      98    1046      99   0.0+0   0.0+0
CQUAD4       504       1      94     100      99    1048   0.0+0   0.0+0
CQUAD4       505       1    1048      99     104     103   0.0+0   0.0+0
CQUAD4       506       1      99    1046     101     104   0.0+0   0.0+0
CQUAD4       507       1     104     101     873     102   0.0+0   0.0+0
CQUAD4       508       1     103     104     102    1047   0.0+0   0.0+0
CQUAD4       509       1    1036      95     106      63   0.0+0   0.0+0
CQUAD4       510       1      95    1048     103     106   0.0+0   0.0+0
CQUAD4       511       1     106     103    1047     105   0.0+0   0.0+0
CQUAD4       512       1      63     106     105     868   0.0+0   0.0+0
CQUAD4       513       1     871     107     110      98   0.0+0   0.0+0
CQUAD4*              514               1             107            1049*
*                    108             110-2.1370245587-32           0.0+0
CQUAD4       515       1     110     108    1051     109   0.0+0   0.0+0
CQUAD4       516       1      98     110     109    1046   0.0+0   0.0+0
CQUAD4*              517               1            1049             111*
*                    113             108 1.7655625192-31           0.0+0
CQUAD4*              518               1             111             823*
*                   1664             113 9.0679651436-33           0.0+0
CQUAD4*              519               1             113            1664*
*                   1004             112  7.541362652-34           0.0+0
CQUAD4       520       1     108     113     112    1051   0.0+0   0.0+0
CQUAD4       521       1    1051     112     116     115   0.0+0   0.0+0
CQUAD4*              522               1             112            1004*
*                   1675             116  3.770681326-34           0.0+0
CQUAD4*              523               1             116            1675*
*                    861             114-1.3793457181-33           0.0+0
CQUAD4       524       1     115     116     114    1050   0.0+0   0.0+0
CQUAD4       525       1    1046     109     118     101   0.0+0   0.0+0
CQUAD4       526       1     109    1051     115     118   0.0+0   0.0+0
CQUAD4       527       1     118     115    1050     117   0.0+0   0.0+0
CQUAD4       528       1     101     118     117     873   0.0+0   0.0+0
CQUAD4       529       1     873     117     122     121   0.0+0   0.0+0
CQUAD4       530       1     117    1050     119     122   0.0+0   0.0+0
CQUAD4       531       1     122     119    1054     120   0.0+0   0.0+0
CQUAD4       532       1     121     122     120    1053   0.0+0   0.0+0
CQUAD4       533       1    1050     114     124     119   0.0+0   0.0+0
CQUAD4*              534               1             114             861*
*                   1707             124-1.2407066017-34           0.0+0
CQUAD4*              535               1             124            1707*
*                   1015             123 1.5711696262-32           0.0+0
CQUAD4*              536               1             119             124*
*                    123            1054-2.7791827877-32           0.0+0
CQUAD4*              537               1            1054             123*
*                    127             126 7.3001154573-32           0.0+0
CQUAD4*              538               1             123            1015*
*                   1715             127-6.2520945294-34           0.0+0
CQUAD4*              539               1             127            1715*
*                    832             125-6.2520945294-34           0.0+0
CQUAD4       540       1     126     127     125    1052   0.0+0   0.0+0
CQUAD4       541       1    1053     120     130     129   0.0+0   0.0+0
CQUAD4*              542               1             120            1054*
*                    126             130 1.7717783939-31           0.0+0
CQUAD4       543       1     130     126    1052     128   0.0+0   0.0+0
CQUAD4       544       1     129     130     128     872   0.0+0   0.0+0
CQUAD4       545       1     868     105     133      73   0.0+0   0.0+0
CQUAD4       546       1     105    1047     131     133   0.0+0   0.0+0
CQUAD4       547       1     133     131    1056     132   0.0+0   0.0+0
CQUAD4       548       1      73     133     132    1039   0.0+0   0.0+0
CQUAD4       549       1    1047     102     135     131   0.0+0   0.0+0
CQUAD4       550       1     102     873     121     135   0.0+0   0.0+0
CQUAD4       551       1     135     121    1053     134   0.0+0   0.0+0
CQUAD4       552       1     131     135     134    1056   0.0+0   0.0+0
CQUAD4       553       1    1056     134     138     137   0.0+0   0.0+0
CQUAD4       554       1     134    1053     129     138   0.0+0   0.0+0
CQUAD4       555       1     138     129     872     136   0.0+0   0.0+0
CQUAD4       556       1     137     138     136    1055   0.0+0   0.0+0
CQUAD4       557       1    1039     132     140      76   0.0+0   0.0+0
CQUAD4       558       1     132    1056     137     140   0.0+0   0.0+0
CQUAD4       559       1     140     137    1055     139   0.0+0   0.0+0
CQUAD4       560       1      76     140     139     848   0.0+0   0.0+0
CQUAD4*              561               1             825             141*
*                    144            1736-8.8547758515-18           0.0+0
CQUAD4*              562               1             141            1057*
*                    142             144-1.6481374664-18           0.0+0
CQUAD4*              563               1             144             142*
*                   1060             143-2.5071164046-18           0.0+0
CQUAD4*              564               1            1736             144*
*                    143            1022 2.8139281954-18           0.0+0
CQUAD4*              565               1            1057             145*
*                    148             142-1.1680357727-17           0.0+0
CQUAD4*              566               1             145             874*
*                    146             148-4.1748051986-19           0.0+0
CQUAD4*              567               1             148             146*
*                   1058             147 3.1060723476-19           0.0+0
CQUAD4*              568               1             142             148*
*                    147            1060 4.8222044154-18           0.0+0
CQUAD4*              569               1            1060             147*
*                    152             151-1.5475783186-18           0.0+0
CQUAD4*              570               1             147            1058*
*                    149             152 8.6915813384-18           0.0+0
CQUAD4*              571               1             152             149*
*                    877             150 1.7670650587-18           0.0+0
CQUAD4*              572               1             151             152*
*                    150            1059 5.8706533429-18           0.0+0
CQUAD4*              573               1            1022             143*
*                    154            1739 5.8299422335-18           0.0+0
CQUAD4*              574               1             143            1060*
*                    151             154 2.9218345738-18           0.0+0
CQUAD4*              575               1             154             151*
*                   1059             153 2.9857633132-19           0.0+0
CQUAD4*              576               1            1739             154*
*                    153             864 2.0881230483-18           0.0+0
CQUAD4*              577               1             874             155*
*                    158             146-6.3357282378-18           0.0+0
CQUAD4*              578               1             155            1061*
*                    156             158-1.6065007909-18           0.0+0
CQUAD4*              579               1             158             156*
*                   1064             157 2.9816509894-18           0.0+0
CQUAD4*              580               1             146             158*
*                    157            1058 4.5937597457-18           0.0+0
CQUAD4*              581               1            1061             159*
*                    482             156-7.8195445678-19           0.0+0
CQUAD4*              582               1             159             821*
*                    160             482 -7.592681222-19           0.0+0
CQUAD4*              583               1             482             160*
*                   1062             481  9.224159426-19           0.0+0
CQUAD4*              584               1             156             482*
*                    481            1064 1.8220708888-18           0.0+0
CQUAD4*              585               1            1064             481*
*                    486             485 -8.852877666-19           0.0+0
CQUAD4*              586               1             481            1062*
*                    483             486-1.5986437719-18           0.0+0
CQUAD4*              587               1             486             483*
*                    875             484-2.1307795072-19           0.0+0
CQUAD4*              588               1             485             486*
*                    484            1063-6.6992500529-20           0.0+0
CQUAD4*              589               1            1058             157*
*                    488             149-2.0409409603-18           0.0+0
CQUAD4*              590               1             157            1064*
*                    485             488  2.315293686-18           0.0+0
CQUAD4*              591               1             488             485*
*                   1063             487 3.2681690241-18           0.0+0
CQUAD4*              592               1             149             488*
*                    487             877  8.880586464-19           0.0+0
CQUAD4*              593               1             877             487*
*                    492             491-5.6837288016-19           0.0+0
CQUAD4*              594               1             487            1063*
*                    489             492 3.2479895106-19           0.0+0
CQUAD4*              595               1             492             489*
*                   1068             490-2.4263281448-19           0.0+0
CQUAD4*              596               1             491             492*
*                    490            1067 3.1884514697-18           0.0+0
CQUAD4*              597               1            1063             484*
*                    495             489 6.8933598664-19           0.0+0
CQUAD4*              598               1             484             875*
*                    493             495 9.6735858723-21           0.0+0
CQUAD4*              599               1             495             493*
*                   1065             494  3.365819819-20           0.0+0
CQUAD4*              600               1             489             495*
*                    494            1068-3.9707365313-19           0.0+0
CQUAD4*              601               1            1068             494*
*                    499             498-1.1394401009-18           0.0+0
CQUAD4*              602               1             494            1065*
*                    496             499 6.9656477547-21           0.0+0
CQUAD4*              603               1             499             496*
*                    827             497 7.9938682946-19           0.0+0
CQUAD4*              604               1             498             499*
*                    497            1066-2.4277158868-21           0.0+0
CQUAD4*              605               1            1067             490*
*                    502             501-1.7188336699-18           0.0+0
CQUAD4*              606               1             490            1068*
*                    498             502 4.0549551284-19           0.0+0
CQUAD4*              607               1             502             498*
*                   1066             500-1.0265159204-19           0.0+0
CQUAD4*              608               1             501             502*
*                    500             876-2.0880097041-18           0.0+0
CQUAD4*              609               1             864             153*
*                    505            1749 8.2426882578-19           0.0+0
CQUAD4*              610               1             153            1059*
*                    503             505-5.9618608526-18           0.0+0
CQUAD4*              611               1             505             503*
*                   1070             504 1.3260783331-18           0.0+0
CQUAD4*              612               1            1749             505*
*                    504            1025 2.7308328376-18           0.0+0
CQUAD4*              613               1            1059             150*
*                    507             503 5.3215792142-19           0.0+0
CQUAD4*              614               1             150             877*
*                    491             507 2.7147269208-18           0.0+0
CQUAD4*              615               1             507             491*
*                   1067             506 5.0366154631-20           0.0+0
CQUAD4*              616               1             503             507*
*                    506            1070 5.1185557621-18           0.0+0
CQUAD4*              617               1            1070             506*
*                    510             509-8.7518710112-19           0.0+0
CQUAD4*              618               1             506            1067*
*                    501             510-3.3263890858-18           0.0+0
CQUAD4*              619               1             510             501*
*                    876             508 2.5700817964-19           0.0+0
CQUAD4*              620               1             509             510*
*                    508            1069-7.8925005547-19           0.0+0
CQUAD4*              621               1            1025             504*
*                    512            1752-1.3366491112-18           0.0+0
CQUAD4*              622               1             504            1070*
*                    509             512  1.168987167-19           0.0+0
CQUAD4*              623               1             512             509*
*                   1069             511-2.9873189374-18           0.0+0
CQUAD4*              624               1            1752             512*
*                    511             826 3.8461906533-18           0.0+0
CQUAD4*              625               1             821             513*
*                    516             160 1.9802650143-29           0.0+0
CQUAD4*              626               1             513            1071*
*                    514             516-7.8310221573-31           0.0+0
CQUAD4*              627               1             516             514*
*                   1074             515-1.7365445985-29           0.0+0
CQUAD4*              628               1             160             516*
*                    515            1062-3.1549342672-30           0.0+0
CQUAD4*              629               1            1071             517*
*                    520             514-4.9705652615-31           0.0+0
CQUAD4*              630               1             517             878*
*                    518             520 7.2793836634-31           0.0+0
CQUAD4*              631               1             520             518*
*                   1072             519-4.3663953857-30           0.0+0
CQUAD4*              632               1             514             520*
*                    519            1074 1.5466338587-29           0.0+0
CQUAD4*              633               1            1074             519*
*                    524             523 6.0838015023-32           0.0+0
CQUAD4*              634               1             519            1072*
*                    521             524 3.2608474599-29           0.0+0
CQUAD4*              635               1             524             521*
*                    881             522   1.16236047-31           0.0+0
CQUAD4*              636               1             523             524*
*                    522            1073 1.9802650143-29           0.0+0
CQUAD4*              637               1            1062             515*
*                    526             483 1.2610552722-30           0.0+0
CQUAD4*              638               1             515            1074*
*                    523             526 2.9118322079-29           0.0+0
CQUAD4*              639               1             526             523*
*                   1073             525-4.9917111429-29           0.0+0
CQUAD4*              640               1             483             526*
*                    525             875 1.9736009268-31           0.0+0
CQUAD4*              641               1             878             527*
*                    530             518-2.0085786248-29           0.0+0
CQUAD4*              642               1             527            1075*
*                    528             530   -9.9385372-30           0.0+0
CQUAD4*              643               1             530             528*
*                   1078             529 1.4520242017-30           0.0+0
CQUAD4*              644               1             518             530*
*                    529            1072 9.8958910105-30           0.0+0
CQUAD4*              645               1            1075             531*
*                    533             528-5.7943954836-30           0.0+0
CQUAD4*              646               1             531             819*
*                   1304             533-2.8261470003-30           0.0+0
CQUAD4*              647               1             533            1304*
*                   1076             532-4.4620399203-30           0.0+0
CQUAD4*              648               1             528             533*
*                    532            1078 2.7792115502-31           0.0+0
CQUAD4*              649               1            1078             532*
*                    536             535 1.7784427445-31           0.0+0
CQUAD4*              650               1             532            1076*
*                   1315             536 5.6928457779-30           0.0+0
CQUAD4*              651               1             536            1315*
*                    879             534 1.5680640932-29           0.0+0
CQUAD4*              652               1             535             536*
*                    534            1077 2.8741161191-30           0.0+0
CQUAD4*              653               1            1072             529*
*                    538             521-2.3293853054-29           0.0+0
CQUAD4*              654               1             529            1078*
*                    535             538-8.6566562045-30           0.0+0
CQUAD4*              655               1             538             535*
*                   1077             537-2.9117534653-30           0.0+0
CQUAD4*              656               1             521             538*
*                    537             881 5.9184343618-30           0.0+0
CQUAD4*              657               1             881             537*
*                    542             541 1.5466338587-29           0.0+0
CQUAD4*              658               1             537            1077*
*                    539             542-4.3663953857-30           0.0+0
CQUAD4*              659               1             542             539*
*                   1082             540 3.2608474599-29           0.0+0
CQUAD4*              660               1             541             542*
*                    540            1081 6.0838015023-32           0.0+0
CQUAD4*              661               1            1077             534*
*                    544             539 9.8958910105-30           0.0+0
CQUAD4*              662               1             534             879*
*                   1343             544 1.4520242017-30           0.0+0
CQUAD4*              663               1             544            1343*
*                   1079             543 1.6547857551-29           0.0+0
CQUAD4*              664               1             539             544*
*                    543            1082-2.3293853054-29           0.0+0
CQUAD4*              665               1            1082             543*
*                    547             546 4.3341493801-31           0.0+0
CQUAD4*              666               1             543            1079*
*                   1351             547 -6.551445297-30           0.0+0
CQUAD4*              667               1             547            1351*
*                    845             545-3.2208592047-29           0.0+0
CQUAD4*              668               1             546             547*
*                    545            1080 7.1488652454-30           0.0+0
CQUAD4*              669               1            1081             540*
*                    550             549 1.9802650143-29           0.0+0
CQUAD4*              670               1             540            1082*
*                    546             550   1.16236047-31           0.0+0
CQUAD4*              671               1             550             546*
*                   1080             548 2.5064610263-29           0.0+0
CQUAD4*              672               1             549             550*
*                    548             880 7.0270542137-30           0.0+0
CQUAD4*              673               1             875             525*
*                    553             493 9.0218798042-30           0.0+0
CQUAD4*              674               1             525            1073*
*                    551             553 1.6223643627-29           0.0+0
CQUAD4*              675               1             553             551*
*                   1084             552-1.9107126288-29           0.0+0
CQUAD4*              676               1             493             553*
*                    552            1065-8.4010436134-31           0.0+0
CQUAD4*              677               1            1073             522*
*                    555             551-3.1549342672-30           0.0+0
CQUAD4*              678               1             522             881*
*                    541             555-1.7365445985-29           0.0+0
CQUAD4*              679               1             555             541*
*                   1081             554 2.9118322079-29           0.0+0
CQUAD4*              680               1             551             555*
*                    554            1084 1.2610552722-30           0.0+0
CQUAD4*              681               1            1084             554*
*                    558             557 1.9736009268-31           0.0+0
CQUAD4*              682               1             554            1081*
*                    549             558-4.9917111429-29           0.0+0
CQUAD4*              683               1             558             549*
*                    880             556-8.3167809655-31           0.0+0
CQUAD4*              684               1             557             558*
*                    556            1083 9.0218798042-30           0.0+0
CQUAD4*              685               1            1065             552*
*                    560             496 7.3469253801-30           0.0+0
CQUAD4*              686               1             552            1084*
*                    557             560 2.5423070868-30           0.0+0
CQUAD4*              687               1             560             557*
*                   1083             559 9.8991386494-30           0.0+0
CQUAD4*              688               1             496             560*
*                    559             827-3.6356494518-30           0.0+0
CQUAD4*              689               1             831            1137*
*                   1141            1140 2.8659801958-28           0.0+0
CQUAD4*              690               1            1137            1085*
*                   1138            1141 1.6106388226-28           0.0+0
CQUAD4*              691               1            1141            1138*
*                   1088            1139 2.6982719438-29           0.0+0
CQUAD4*              692               1            1140            1141*
*                   1139             934-1.7847519938-28           0.0+0
CQUAD4*              693               1            1085            1142*
*                   1145            1138 1.6820125778-29           0.0+0
CQUAD4*              694               1            1142             882*
*                   1143            1145 1.2149782223-29           0.0+0
CQUAD4*              695               1            1145            1143*
*                   1086            1144-4.5677380499-29           0.0+0
CQUAD4*              696               1            1138            1145*
*                   1144            1088 9.6384291594-29           0.0+0
CQUAD4*              697               1            1088            1144*
*                   1149            1148-1.0610887592-28           0.0+0
CQUAD4*              698               1            1144            1086*
*                   1146            1149-4.2136916615-29           0.0+0
CQUAD4*              699               1            1149            1146*
*                    886            1147-6.0112767463-30           0.0+0
CQUAD4*              700               1            1148            1149*
*                   1147            1087-1.0003537471-29           0.0+0
CQUAD4*              701               1             934            1139*
*                   1152            1151-7.4015220331-29           0.0+0
CQUAD4*              702               1            1139            1088*
*                   1148            1152 2.1257926643-28           0.0+0
CQUAD4*              703               1            1152            1148*
*                   1087            1150 -3.003741816-29           0.0+0
CQUAD4*              704               1            1151            1152*
*                   1150             885-1.2712414945-28           0.0+0
CQUAD4*              705               1             882            1153*
*                   1156            1143-2.2013277283-29           0.0+0
CQUAD4*              706               1            1153            1089*
*                   1154            1156 2.5423070868-30           0.0+0
CQUAD4*              707               1            1156            1154*
*                   1092            1155 9.8991386494-30           0.0+0
CQUAD4*              708               1            1143            1156*
*                   1155            1086 5.1756697753-31           0.0+0
CQUAD4*              709               1            1089            1157*
*                   1160            1154 1.9736009268-31           0.0+0
CQUAD4*              710               1            1157             833*
*                   1158            1160-4.9917111429-29           0.0+0
CQUAD4*              711               1            1160            1158*
*                   1090            1159 1.6223643627-29           0.0+0
CQUAD4*              712               1            1154            1160*
*                   1159            1092 9.0218798042-30           0.0+0
CQUAD4*              713               1            1092            1159*
*                   1164            1163 7.8676666977-31           0.0+0
CQUAD4*              714               1            1159            1090*
*                   1161            1164-1.9107126288-29           0.0+0
CQUAD4*              715               1            1164            1161*
*                    883            1162 2.5423070868-30           0.0+0
CQUAD4*              716               1            1163            1164*
*                   1162            1091-2.2013277283-29           0.0+0
CQUAD4*              717               1            1086            1155*
*                   1166            1146 2.2601099452-30           0.0+0
CQUAD4*              718               1            1155            1092*
*                   1163            1166-8.5620586127-30           0.0+0
CQUAD4*              719               1            1166            1163*
*                   1091            1165-1.0253672764-30           0.0+0
CQUAD4*              720               1            1146            1166*
*                   1165             886-1.6872801865-31           0.0+0
CQUAD4*              721               1             886            1165*
*                   1170            1169-4.1980912073-29           0.0+0
CQUAD4*              722               1            1165            1091*
*                   1167            1170 6.7825763231-30           0.0+0
CQUAD4*              723               1            1170            1167*
*                   1096            1168 1.1302702672-30           0.0+0
CQUAD4*              724               1            1169            1170*
*                   1168            1095 4.9895874353-30           0.0+0
CQUAD4*              725               1            1091            1162*
*                   1173            1167 5.1756697753-31           0.0+0
CQUAD4*              726               1            1162             883*
*                   1171            1173 9.8991386494-30           0.0+0
CQUAD4*              727               1            1173            1171*
*                   1093            1172 5.7679477406-29           0.0+0
CQUAD4*              728               1            1167            1173*
*                   1172            1096-6.5827385028-29           0.0+0
CQUAD4*              729               1            1096            1172*
*                   1177            1176 1.0404386591-28           0.0+0
CQUAD4*              730               1            1172            1093*
*                   1174            1177 1.2149782223-29           0.0+0
CQUAD4*              731               1            1177            1174*
*                    837            1175 2.5846779973-30           0.0+0
CQUAD4*              732               1            1176            1177*
*                   1175            1094-4.1980912073-29           0.0+0
CQUAD4*              733               1            1095            1168*
*                   1180            1179-3.4955184586-30           0.0+0
CQUAD4*              734               1            1168            1096*
*                   1176            1180 3.4016263278-29           0.0+0
CQUAD4*              735               1            1180            1176*
*                   1094            1178-1.1623374195-29           0.0+0
CQUAD4*              736               1            1179            1180*
*                   1178             884 2.2579046114-29           0.0+0
CQUAD4*              737               1             885            1150*
*                   1184            1183-7.7261685487-29           0.0+0
CQUAD4*              738               1            1150            1087*
*                   1181            1184 -9.453914361-29           0.0+0
CQUAD4*              739               1            1184            1181*
*                   1098            1182-1.6042420916-29           0.0+0
CQUAD4*              740               1            1183            1184*
*                   1182             937-5.2962015858-30           0.0+0
CQUAD4*              741               1            1087            1147*
*                   1186            1181 6.2926997854-29           0.0+0
CQUAD4*              742               1            1147             886*
*                   1169            1186-1.3568465885-29           0.0+0
CQUAD4*              743               1            1186            1169*
*                   1095            1185-1.0866206606-28           0.0+0
CQUAD4*              744               1            1181            1186*
*                   1185            1098 5.6911029958-30           0.0+0
CQUAD4*              745               1            1098            1185*
*                   1189            1188-3.8786825211-30           0.0+0
CQUAD4*              746               1            1185            1095*
*                   1179            1189 1.5966679793-29           0.0+0
CQUAD4*              747               1            1189            1179*
*                    884            1187 -9.453914361-29           0.0+0
CQUAD4*              748               1            1188            1189*
*                   1187            1097 3.6336401467-30           0.0+0
CQUAD4*              749               1             937            1182*
*                   1192            1191 8.3278022233-30           0.0+0
CQUAD4*              750               1            1182            1098*
*                   1188            1192-2.7987302491-29           0.0+0
CQUAD4*              751               1            1192            1188*
*                   1097            1190 2.7605913488-29           0.0+0
CQUAD4*              752               1            1191            1192*
*                   1190             836-1.2127820277-29           0.0+0
CQUAD4*              753               1             833            1193*
*                   1196            1158 1.9802650143-29           0.0+0
CQUAD4*              754               1            1193            1099*
*                   1194            1196-7.8310221573-31           0.0+0
CQUAD4*              755               1            1196            1194*
*                   1102            1195-1.7365445985-29           0.0+0
CQUAD4*              756               1            1158            1196*
*                   1195            1090-3.1549342672-30           0.0+0
CQUAD4*              757               1            1099            1197*
*                   1200            1194-4.9705652615-31           0.0+0
CQUAD4*              758               1            1197             887*
*                   1198            1200 7.2793836634-31           0.0+0
CQUAD4*              759               1            1200            1198*
*                   1100            1199-4.3663953857-30           0.0+0
CQUAD4*              760               1            1194            1200*
*                   1199            1102 1.5466338587-29           0.0+0
CQUAD4*              761               1            1102            1199*
*                   1204            1203 6.0838015023-32           0.0+0
CQUAD4*              762               1            1199            1100*
*                   1201            1204 3.2608474599-29           0.0+0
CQUAD4*              763               1            1204            1201*
*                    889            1202   1.16236047-31           0.0+0
CQUAD4*              764               1            1203            1204*
*                   1202            1101 1.9802650143-29           0.0+0
CQUAD4*              765               1            1090            1195*
*                   1206            1161 1.2610552722-30           0.0+0
CQUAD4*              766               1            1195            1102*
*                   1203            1206 2.9118322079-29           0.0+0
CQUAD4*              767               1            1206            1203*
*                   1101            1205-4.9917111429-29           0.0+0
CQUAD4*              768               1            1161            1206*
*                   1205             883 1.9736009268-31           0.0+0
CQUAD4*              769               1             887            1207*
*                   1210            1198-2.0085786248-29           0.0+0
CQUAD4*              770               1            1207            1103*
*                   1208            1210   -9.9385372-30           0.0+0
CQUAD4*              771               1            1210            1208*
*                   1105            1209 1.4520242017-30           0.0+0
CQUAD4*              772               1            1198            1210*
*                   1209            1100 9.8958910105-30           0.0+0
CQUAD4*              773               1            1103            1211*
*                   1214            1208-5.7943954836-30           0.0+0
CQUAD4*              774               1            1211             829*
*                   1212            1214-2.8261470003-30           0.0+0
CQUAD4*              775               1            1214            1212*
*                    974            1213-4.4620399203-30           0.0+0
CQUAD4*              776               1            1208            1214*
*                   1213            1105 2.7792115502-31           0.0+0
CQUAD4*              777               1            1105            1213*
*                   1218            1217 1.7784427445-31           0.0+0
CQUAD4*              778               1            1213             974*
*                   1215            1218 5.6928457779-30           0.0+0
CQUAD4*              779               1            1218            1215*
*                    852            1216 1.5680640932-29           0.0+0
CQUAD4*              780               1            1217            1218*
*                   1216            1104 2.8741161191-30           0.0+0
CQUAD4*              781               1            1100            1209*
*                   1220            1201-2.3293853054-29           0.0+0
CQUAD4*              782               1            1209            1105*
*                   1217            1220-8.6566562045-30           0.0+0
CQUAD4*              783               1            1220            1217*
*                   1104            1219-2.9117534653-30           0.0+0
CQUAD4*              784               1            1201            1220*
*                   1219             889 5.9184343618-30           0.0+0
CQUAD4*              785               1             889            1219*
*                   1224            1223 1.5466338587-29           0.0+0
CQUAD4*              786               1            1219            1104*
*                   1221            1224-4.3663953857-30           0.0+0
CQUAD4*              787               1            1224            1221*
*                   1108            1222 3.2608474599-29           0.0+0
CQUAD4*              788               1            1223            1224*
*                   1222            1107 6.0838015023-32           0.0+0
CQUAD4*              789               1            1104            1216*
*                   1227            1221 9.8958910105-30           0.0+0
CQUAD4*              790               1            1216             852*
*                   1225            1227 1.4520242017-30           0.0+0
CQUAD4*              791               1            1227            1225*
*                    985            1226 1.6547857551-29           0.0+0
CQUAD4*              792               1            1221            1227*
*                   1226            1108-2.3293853054-29           0.0+0
CQUAD4*              793               1            1108            1226*
*                   1231            1230 4.3341493801-31           0.0+0
CQUAD4*              794               1            1226             985*
*                   1228            1231 -6.551445297-30           0.0+0
CQUAD4*              795               1            1231            1228*
*                    834            1229-3.2208592047-29           0.0+0
CQUAD4*              796               1            1230            1231*
*                   1229            1106 7.1488652454-30           0.0+0
CQUAD4*              797               1            1107            1222*
*                   1234            1233 1.9802650143-29           0.0+0
CQUAD4*              798               1            1222            1108*
*                   1230            1234   1.16236047-31           0.0+0
CQUAD4*              799               1            1234            1230*
*                   1106            1232 2.5064610263-29           0.0+0
CQUAD4*              800               1            1233            1234*
*                   1232             888 7.0270542137-30           0.0+0
CQUAD4*              801               1             883            1205*
*                   1237            1171 9.0218798042-30           0.0+0
CQUAD4*              802               1            1205            1101*
*                   1235            1237 1.6223643627-29           0.0+0
CQUAD4*              803               1            1237            1235*
*                   1110            1236-1.9107126288-29           0.0+0
CQUAD4*              804               1            1171            1237*
*                   1236            1093-8.4010436134-31           0.0+0
CQUAD4*              805               1            1101            1202*
*                   1239            1235-3.1549342672-30           0.0+0
CQUAD4*              806               1            1202             889*
*                   1223            1239-1.7365445985-29           0.0+0
CQUAD4*              807               1            1239            1223*
*                   1107            1238 2.9118322079-29           0.0+0
CQUAD4*              808               1            1235            1239*
*                   1238            1110 1.2610552722-30           0.0+0
CQUAD4*              809               1            1110            1238*
*                   1242            1241 1.9736009268-31           0.0+0
CQUAD4*              810               1            1238            1107*
*                   1233            1242-4.9917111429-29           0.0+0
CQUAD4*              811               1            1242            1233*
*                    888            1240-8.3167809655-31           0.0+0
CQUAD4*              812               1            1241            1242*
*                   1240            1109 9.0218798042-30           0.0+0
CQUAD4*              813               1            1093            1236*
*                   1244            1174 7.3469253801-30           0.0+0
CQUAD4*              814               1            1236            1110*
*                   1241            1244 2.5423070868-30           0.0+0
CQUAD4*              815               1            1244            1241*
*                   1109            1243 9.8991386494-30           0.0+0
CQUAD4*              816               1            1174            1244*
*                   1243             837-3.6356494518-30           0.0+0
CQUAD4*              817               1             842            1245*
*                   1249            1248-1.9937567185-29           0.0+0
CQUAD4*              818               1            1245            1111*
*                   1246            1249-7.8183060723-30           0.0+0
CQUAD4*              819               1            1249            1246*
*                   1115            1247-5.2666235889-29           0.0+0
CQUAD4*              820               1            1248            1249*
*                   1247            1114-7.4786125276-30           0.0+0
CQUAD4*              821               1            1111            1250*
*                   1253            1246 -3.945443339-30           0.0+0
CQUAD4*              822               1            1250             890*
*                   1251            1253  2.315280571-29           0.0+0
CQUAD4*              823               1            1253            1251*
*                   1112            1252-1.9446762507-29           0.0+0
CQUAD4*              824               1            1246            1253*
*                   1252            1115 2.3572919205-29           0.0+0
CQUAD4*              825               1            1115            1252*
*                   1257            1256 6.8080667058-29           0.0+0
CQUAD4*              826               1            1252            1112*
*                   1254            1257-3.4692452847-30           0.0+0
CQUAD4*              827               1            1257            1254*
*                    894            1255-7.8183060723-30           0.0+0
CQUAD4*              828               1            1256            1257*
*                   1255            1113-1.9937567185-29           0.0+0
CQUAD4*              829               1            1114            1247*
*                   1260            1259-3.4235991966-30           0.0+0
CQUAD4*              830               1            1247            1115*
*                   1256            1260 3.9027148585-29           0.0+0
CQUAD4*              831               1            1260            1256*
*                   1113            1258 6.6968154718-30           0.0+0
CQUAD4*              832               1            1259            1260*
*                   1258             893-3.3280467041-30           0.0+0
CQUAD4*              833               1             890            1261*
*                   1264            1251 8.3278022233-30           0.0+0
CQUAD4*              834               1            1261            1116*
*                   1262            1264-2.7987302491-29           0.0+0
CQUAD4*              835               1            1264            1262*
*                   1118            1263 2.7605913488-29           0.0+0
CQUAD4*              836               1            1251            1264*
*                   1263            1112-1.2127820277-29           0.0+0
CQUAD4*              837               1            1116            1265*
*                   1268            1262-3.8786825211-30           0.0+0
CQUAD4*              838               1            1265             822*
*                   1266            1268-1.7005441031-29           0.0+0
CQUAD4       839       1    1268    1266     946    1267   0.0+0   0.0+0
CQUAD4*              840               1            1262            1268*
*                   1267            1118-9.0434350974-30           0.0+0
CQUAD4*              841               1            1118            1267*
*                   1272            1271 7.4003325214-31           0.0+0
CQUAD4*              842               1            1267             946*
*                   1269            1272-6.2040140166-29           0.0+0
CQUAD4*              843               1            1272            1269*
*                    891            1270-1.0196993233-29           0.0+0
CQUAD4*              844               1            1271            1272*
*                   1270            1117 8.3278022233-30           0.0+0
CQUAD4*              845               1            1112            1263*
*                   1274            1254-3.1510065534-30           0.0+0
CQUAD4*              846               1            1263            1118*
*                   1271            1274-3.6128249863-29           0.0+0
CQUAD4*              847               1            1274            1271*
*                   1117            1273  2.315280571-29           0.0+0
CQUAD4*              848               1            1254            1274*
*                   1273             894 -3.945443339-30           0.0+0
CQUAD4*              849               1             894            1273*
*                   1278            1277 2.3572919205-29           0.0+0
CQUAD4*              850               1            1273            1117*
*                   1275            1278-1.9446762507-29           0.0+0
CQUAD4*              851               1            1278            1275*
*                   1121            1276-3.4692452847-30           0.0+0
CQUAD4*              852               1            1277            1278*
*                   1276            1120 6.8080667058-29           0.0+0
CQUAD4*              853               1            1117            1270*
*                   1281            1275-1.2127820277-29           0.0+0
CQUAD4*              854               1            1270             891*
*                   1279            1281 5.5364654151-31           0.0+0
CQUAD4*              855               1            1281            1279*
*                    957            1280-3.6128249863-29           0.0+0
CQUAD4*              856               1            1275            1281*
*                   1280            1121-3.1510065534-30           0.0+0
CQUAD4*              857               1            1121            1280*
*                   1285            1284 -3.945443339-30           0.0+0
CQUAD4*              858               1            1280             957*
*                   1282            1285  2.315280571-29           0.0+0
CQUAD4*              859               1            1285            1282*
*                    843            1283-1.9446762507-29           0.0+0
CQUAD4*              860               1            1284            1285*
*                   1283            1119 2.3572919205-29           0.0+0
CQUAD4*              861               1            1120            1276*
*                   1288            1287-1.9937567185-29           0.0+0
CQUAD4*              862               1            1276            1121*
*                   1284            1288-7.8183060723-30           0.0+0
CQUAD4*              863               1            1288            1284*
*                   1119            1286-5.2666235889-29           0.0+0
CQUAD4*              864               1            1287            1288*
*                   1286             892-7.4786125276-30           0.0+0
CQUAD4*              865               1             893            1258*
*                   1292            1291 2.4837086795-29           0.0+0
CQUAD4*              866               1            1258            1113*
*                   1289            1292 9.3427398925-29           0.0+0
CQUAD4*              867               1            1292            1289*
*                   1124            1290 -5.127846801-31           0.0+0
CQUAD4*              868               1            1291            1292*
*                   1290            1123-3.4848741065-29           0.0+0
CQUAD4*              869               1            1113            1255*
*                   1294            1289-7.4786125276-30           0.0+0
CQUAD4*              870               1            1255             894*
*                   1277            1294-5.2666235889-29           0.0+0
CQUAD4*              871               1            1294            1277*
*                   1120            1293 3.9027148585-29           0.0+0
CQUAD4*              872               1            1289            1294*
*                   1293            1124-3.4235991966-30           0.0+0
CQUAD4*              873               1            1124            1293*
*                   1297            1296-3.3280467041-30           0.0+0
CQUAD4*              874               1            1293            1120*
*                   1287            1297 6.6968154718-30           0.0+0
CQUAD4*              875               1            1297            1287*
*                    892            1295 9.3427398925-29           0.0+0
CQUAD4*              876               1            1296            1297*
*                   1295            1122-5.3039563577-29           0.0+0
CQUAD4*              877               1            1123            1290*
*                   1300            1299 2.7586863839-29           0.0+0
CQUAD4*              878               1            1290            1124*
*                   1296            1300-3.6748476153-29           0.0+0
CQUAD4*              879               1            1300            1296*
*                   1122            1298 2.6957690176-30           0.0+0
CQUAD4*              880               1            1299            1300*
*                   1298             846 1.4520242017-30           0.0+0
CQUAD4*              881               1             819            1301*
*                   1305            1304-3.4402713732-31           0.0+0
CQUAD4*              882               1            1301            1125*
*                   1302            1305-2.5665797456-31           0.0+0
CQUAD4*              883               1            1305            1302*
*                   1128            1303 2.8669691456-30           0.0+0
CQUAD4*              884               1            1304            1305*
*                   1303            1076 3.8352404748-31           0.0+0
CQUAD4*              885               1            1125            1306*
*                   1309            1302 1.1385691556-29           0.0+0
CQUAD4*              886               1            1306             895*
*                   1307            1309 8.5911933998-30           0.0+0
CQUAD4*              887               1            1309            1307*
*                   1126            1308 3.5586002598-31           0.0+0
CQUAD4*              888               1            1302            1309*
*                   1308            1128 1.0664679086-29           0.0+0
CQUAD4*              889               1            1128            1308*
*                   1313            1312 8.4820511126-30           0.0+0
CQUAD4*              890               1            1308            1126*
*                   1310            1313-2.8452035139-30           0.0+0
CQUAD4*              891               1            1313            1310*
*                    897            1311 -2.546326488-29           0.0+0
CQUAD4*              892               1            1312            1313*
*                   1311            1127-4.5822393591-30           0.0+0
CQUAD4*              893               1            1076            1303*
*                   1316            1315-1.1321497994-29           0.0+0
CQUAD4*              894               1            1303            1128*
*                   1312            1316-2.1366853859-30           0.0+0
CQUAD4*              895               1            1316            1312*
*                   1127            1314-2.8261470003-30           0.0+0
CQUAD4*              896               1            1315            1316*
*                   1314             879-1.5538181319-29           0.0+0
CQUAD4*              897               1             895            1317*
*                   1320            1307-1.0111385552-29           0.0+0
CQUAD4*              898               1            1317            1129*
*                   1318            1320-3.6748476153-29           0.0+0
CQUAD4*              899               1            1320            1318*
*                   1131            1319 5.2398556053-30           0.0+0
CQUAD4*              900               1            1307            1320*
*                   1319            1126 2.0086863702-29           0.0+0
CQUAD4*              901               1            1129            1321*
*                   1323            1318 2.9069899518-30           0.0+0
CQUAD4*              902               1            1321             842*
*                   1248            1323 -1.412036917-30           0.0+0
CQUAD4*              903               1            1323            1248*
*                   1114            1322 1.2811079661-28           0.0+0
CQUAD4*              904               1            1318            1323*
*                   1322            1131-5.3039563577-29           0.0+0
CQUAD4*              905               1            1131            1322*
*                   1326            1325-3.1663754727-30           0.0+0
CQUAD4*              906               1            1322            1114*
*                   1259            1326-5.7745582349-29           0.0+0
CQUAD4*              907               1            1326            1259*
*                    893            1324-8.8237936505-30           0.0+0
CQUAD4*              908               1            1325            1326*
*                   1324            1130 3.2596647687-30           0.0+0
CQUAD4*              909               1            1126            1319*
*                   1328            1310 2.7066942324-29           0.0+0
CQUAD4*              910               1            1319            1131*
*                   1325            1328 2.0972296189-29           0.0+0
CQUAD4*              911               1            1328            1325*
*                   1130            1327-6.4021969617-32           0.0+0
CQUAD4*              912               1            1310            1328*
*                   1327             897 3.9046341642-30           0.0+0
CQUAD4*              913               1             897            1327*
*                   1332            1331-1.5292002708-29           0.0+0
CQUAD4*              914               1            1327            1130*
*                   1329            1332 1.4234401039-30           0.0+0
CQUAD4*              915               1            1332            1329*
*                   1134            1330 1.2771680845-29           0.0+0
CQUAD4*              916               1            1331            1332*
*                   1330            1133 -2.829757112-30           0.0+0
CQUAD4*              917               1            1130            1324*
*                   1334            1329 2.0086863702-29           0.0+0
CQUAD4*              918               1            1324             893*
*                   1291            1334-1.7195301638-29           0.0+0
CQUAD4*              919               1            1334            1291*
*                   1123            1333-6.8218974597-30           0.0+0
CQUAD4*              920               1            1329            1334*
*                   1333            1134 2.7066942324-29           0.0+0
CQUAD4*              921               1            1134            1333*
*                   1337            1336  2.273389824-29           0.0+0
CQUAD4*              922               1            1333            1123*
*                   1299            1337 1.3335554053-30           0.0+0
CQUAD4*              923               1            1337            1299*
*                    846            1335 2.8258525809-30           0.0+0
CQUAD4*              924               1            1336            1337*
*                   1335            1132 6.3701290059-30           0.0+0
CQUAD4*              925               1            1133            1330*
*                   1340            1339-1.4124930232-30           0.0+0
CQUAD4*              926               1            1330            1134*
*                   1336            1340 3.4688394859-31           0.0+0
CQUAD4*              927               1            1340            1336*
*                   1132            1338 2.8679499213-30           0.0+0
CQUAD4*              928               1            1339            1340*
*                   1338             896 3.5314155631-31           0.0+0
CQUAD4*              929               1             879            1314*
*                   1344            1343-8.8965006495-31           0.0+0
CQUAD4*              930               1            1314            1127*
*                   1341            1344-7.7184793107-31           0.0+0
CQUAD4*              931               1            1344            1341*
*                   1136            1342 1.7147897636-29           0.0+0
CQUAD4*              932               1            1343            1344*
*                   1342            1079 5.7183508955-30           0.0+0
CQUAD4*              933               1            1127            1311*
*                   1346            1341 1.3701879167-30           0.0+0
CQUAD4*              934               1            1311             897*
*                   1331            1346-7.9275701211-32           0.0+0
CQUAD4*              935               1            1346            1331*
*                   1133            1345 -7.283644041-31           0.0+0
CQUAD4       936       1    1341    1346    1345    1136   0.0+0   0.0+0
CQUAD4*              937               1            1136            1345*
*                   1349            1348-1.4067342732-30           0.0+0
CQUAD4*              938               1            1345            1133*
*                   1339            1349-2.8261470003-30           0.0+0
CQUAD4*              939               1            1349            1339*
*                    896            1347-8.5036906597-30           0.0+0
CQUAD4*              940               1            1348            1349*
*                   1347            1135-1.4407729843-30           0.0+0
CQUAD4*              941               1            1079            1342*
*                   1352            1351-2.0085786248-29           0.0+0
CQUAD4*              942               1            1342            1136*
*                   1348            1352   -9.9385372-30           0.0+0
CQUAD4*              943               1            1352            1348*
*                   1135            1350 1.4520242017-30           0.0+0
CQUAD4*              944               1            1351            1352*
*                   1350             845 9.8958910105-30           0.0+0
CQUAD4*              945               1             818            1353*
*                   1357            1356-8.9506333811-20           0.0+0
CQUAD4*              946               1            1353             913*
*                   1354            1357 3.4781044858-19           0.0+0
CQUAD4*              947               1            1357            1354*
*                    917            1355  2.568486167-19           0.0+0
CQUAD4*              948               1            1356            1357*
*                   1355             916-1.6307444128-19           0.0+0
CQUAD4*              949               1             913            1358*
*                   1361            1354 -3.047645694-20           0.0+0
CQUAD4*              950               1            1358             898*
*                   1359            1361 6.0338669419-19           0.0+0
CQUAD4*              951               1            1361            1359*
*                    914            1360 1.5800542243-19           0.0+0
CQUAD4*              952               1            1354            1361*
*                   1360             917 3.7868090089-19           0.0+0
CQUAD4*              953               1             917            1360*
*                   1365            1364-4.3352732424-19           0.0+0
CQUAD4*              954               1            1360             914*
*                   1362            1365-3.1919163227-19           0.0+0
CQUAD4*              955               1            1365            1362*
*                    902            1363 6.1412036393-19           0.0+0
CQUAD4*              956               1            1364            1365*
*                   1363             915-2.5527855257-19           0.0+0
CQUAD4*              957               1             916            1355*
*                   1368            1367 5.1578230276-20           0.0+0
CQUAD4*              958               1            1355             917*
*                   1364            1368-5.4854164064-19           0.0+0
CQUAD4*              959               1            1368            1364*
*                    915            1366-5.7758133517-19           0.0+0
CQUAD4*              960               1            1367            1368*
*                   1366             901 1.4336174383-19           0.0+0
CQUAD4*              961               1             898            1369*
*                   1372            1359 1.0001326677-19           0.0+0
CQUAD4*              962               1            1369             918*
*                   1370            1372 1.3945152507-18           0.0+0
CQUAD4*              963               1            1372            1370*
*                    921            1371  2.589247597-18           0.0+0
CQUAD4*              964               1            1359            1372*
*                   1371             914 -1.729758402-18           0.0+0
CQUAD4*              965               1             918            1373*
*                   1376            1370 1.7111996236-18           0.0+0
CQUAD4*              966               1            1373             838*
*                   1374            1376-2.9280566833-19           0.0+0
CQUAD4*              967               1            1376            1374*
*                    919            1375-1.0614803895-18           0.0+0
CQUAD4*              968               1            1370            1376*
*                   1375             921 5.5838941862-19           0.0+0
CQUAD4*              969               1             921            1375*
*                   1380            1379-6.0562125331-19           0.0+0
CQUAD4*              970               1            1375             919*
*                   1377            1380-2.3219263521-19           0.0+0
CQUAD4*              971               1            1380            1377*
*                    899            1378 6.9453411089-19           0.0+0
CQUAD4*              972               1            1379            1380*
*                   1378             920 2.2574324137-18           0.0+0
CQUAD4*              973               1             914            1371*
*                   1382            1362-1.0535383394-18           0.0+0
CQUAD4*              974               1            1371             921*
*                   1379            1382 -4.032936939-19           0.0+0
CQUAD4*              975               1            1382            1379*
*                    920            1381 -6.253123973-20           0.0+0
CQUAD4*              976               1            1362            1382*
*                   1381             902 -1.957217598-18           0.0+0
CQUAD4*              977               1             902            1381*
*                   1386            1385-6.0990972061-19           0.0+0
CQUAD4*              978               1            1381             920*
*                   1383            1386-1.3376047341-18           0.0+0
CQUAD4*              979               1            1386            1383*
*                    925            1384 7.2251617745-19           0.0+0
CQUAD4*              980               1            1385            1386*
*                   1384             924 1.7818715616-19           0.0+0
CQUAD4*              981               1             920            1378*
*                   1389            1383 4.5497720328-19           0.0+0
CQUAD4*              982               1            1378             899*
*                   1387            1389 1.0992263656-18           0.0+0
CQUAD4*              983               1            1389            1387*
*                    922            1388-2.3019370765-19           0.0+0
CQUAD4*              984               1            1383            1389*
*                   1388             925-5.1629176521-20           0.0+0
CQUAD4*              985               1             925            1388*
*                   1393            1392-7.0339156214-19           0.0+0
CQUAD4*              986               1            1388             922*
*                   1390            1393-1.6303204553-19           0.0+0
CQUAD4*              987               1            1393            1390*
*                    841            1391 -8.035621618-19           0.0+0
CQUAD4*              988               1            1392            1393*
*                   1391             923 2.9056623359-19           0.0+0
CQUAD4*              989               1             924            1384*
*                   1396            1395-1.1838294936-19           0.0+0
CQUAD4*              990               1            1384             925*
*                   1392            1396-1.0107606027-18           0.0+0
CQUAD4*              991               1            1396            1392*
*                    923            1394  4.397077923-19           0.0+0
CQUAD4*              992               1            1395            1396*
*                   1394             900-6.7771093434-19           0.0+0
CQUAD4*              993               1             901            1366*
*                   1400            1399 1.3371084705-19           0.0+0
CQUAD4*              994               1            1366             915*
*                   1397            1400 1.0943292053-19           0.0+0
CQUAD4*              995               1            1400            1397*
*                    928            1398 2.0355111508-19           0.0+0
CQUAD4*              996               1            1399            1400*
*                   1398             927-9.7083713464-20           0.0+0
CQUAD4*              997               1             915            1363*
*                   1402            1397 -5.493352481-20           0.0+0
CQUAD4*              998               1            1363             902*
*                   1385            1402-8.3458103286-19           0.0+0
CQUAD4*              999               1            1402            1385*
*                    924            1401-9.0747446679-19           0.0+0
CQUAD4*             1000               1            1397            1402*
*                   1401             928 3.6595497552-20           0.0+0
CQUAD4*             1001               1             928            1401*
*                   1405            1404-2.8423047459-19           0.0+0
CQUAD4*             1002               1            1401             924*
*                   1395            1405-1.0530371207-18           0.0+0
CQUAD4*             1003               1            1405            1395*
*                    900            1403-2.6973850756-19           0.0+0
CQUAD4*             1004               1            1404            1405*
*                   1403             926-3.3318392327-19           0.0+0
CQUAD4*             1005               1             927            1398*
*                   1408            1407-4.2473550431-20           0.0+0
CQUAD4*             1006               1            1398             928*
*                   1404            1408-6.3810191373-20           0.0+0
CQUAD4*             1007               1            1408            1404*
*                    926            1406-6.3810174752-20           0.0+0
CQUAD4*             1008               1            1407            1408*
*                   1406             840-5.9158589108-20           0.0+0
CQUAD4*             1009               1             838            1409*
*                   1412            1374-1.0643050991-18           0.0+0
CQUAD4*             1010               1            1409             929*
*                   1410            1412  1.659219068-18           0.0+0
CQUAD4*             1011               1            1412            1410*
*                    932            1411-1.3353856106-18           0.0+0
CQUAD4*             1012               1            1374            1412*
*                   1411             919-4.6054570684-18           0.0+0
CQUAD4*             1013               1             929            1413*
*                   1416            1410-3.8679465734-18           0.0+0
CQUAD4*             1014               1            1413             903*
*                   1414            1416 2.6944730448-18           0.0+0
CQUAD4*             1015               1            1416            1414*
*                    930            1415 2.9929193337-18           0.0+0
CQUAD4*             1016               1            1410            1416*
*                   1415             932 1.2092633789-18           0.0+0
CQUAD4*             1017               1             932            1415*
*                   1420            1419 -1.601067825-18           0.0+0
CQUAD4*             1018               1            1415             930*
*                   1417            1420 7.0450462631-19           0.0+0
CQUAD4*             1019               1            1420            1417*
*                    905            1418 1.6244638593-18           0.0+0
CQUAD4*             1020               1            1419            1420*
*                   1418             931-4.4035005689-18           0.0+0
CQUAD4*             1021               1             919            1411*
*                   1422            1377 2.6134453078-19           0.0+0
CQUAD4*             1022               1            1411             932*
*                   1419            1422 6.3436398554-19           0.0+0
CQUAD4*             1023               1            1422            1419*
*                    931            1421 3.2916280388-18           0.0+0
CQUAD4*             1024               1            1377            1422*
*                   1421             899 9.7933206174-19           0.0+0
CQUAD4*             1025               1             903            1423*
*                   1426            1414-5.3694739972-18           0.0+0
CQUAD4*             1026               1            1423             933*
*                   1424            1426-7.6968146661-18           0.0+0
CQUAD4*             1027               1            1426            1424*
*                    936            1425 1.0277852356-18           0.0+0
CQUAD4*             1028               1            1414            1426*
*                   1425             930 3.9572555952-18           0.0+0
CQUAD4*             1029               1             933            1427*
*                   1429            1424-3.9806347452-18           0.0+0
CQUAD4*             1030               1            1427             831*
*                   1140            1429-1.1589602694-18           0.0+0
CQUAD4*             1031               1            1429            1140*
*                    934            1428 4.4418926763-18           0.0+0
CQUAD4*             1032               1            1424            1429*
*                   1428             936 1.2128867213-18           0.0+0
CQUAD4*             1033               1             936            1428*
*                   1432            1431-5.1431292395-19           0.0+0
CQUAD4*             1034               1            1428             934*
*                   1151            1432-1.9327273914-18           0.0+0
CQUAD4*             1035               1            1432            1151*
*                    885            1430-2.0869349488-18           0.0+0
CQUAD4*             1036               1            1431            1432*
*                   1430             935 -4.350922377-18           0.0+0
CQUAD4*             1037               1             930            1425*
*                   1434            1417-6.0444335397-20           0.0+0
CQUAD4*             1038               1            1425             936*
*                   1431            1434 5.2420146104-19           0.0+0
CQUAD4*             1039               1            1434            1431*
*                    935            1433-1.7604596952-18           0.0+0
CQUAD4*             1040               1            1417            1434*
*                   1433             905-1.5649533246-18           0.0+0
CQUAD4*             1041               1             905            1433*
*                   1438            1437 1.5145709383-18           0.0+0
CQUAD4*             1042               1            1433             935*
*                   1435            1438 1.9628230692-18           0.0+0
CQUAD4*             1043               1            1438            1435*
*                    940            1436-5.3273638352-19           0.0+0
CQUAD4*             1044               1            1437            1438*
*                   1436             939-3.7972142856-19           0.0+0
CQUAD4*             1045               1             935            1430*
*                   1440            1435   2.98063226-18           0.0+0
CQUAD4*             1046               1            1430             885*
*                   1183            1440 1.4104161002-19           0.0+0
CQUAD4*             1047               1            1440            1183*
*                    937            1439 3.9371044297-19           0.0+0
CQUAD4*             1048               1            1435            1440*
*                   1439             940 -1.414777512-19           0.0+0
CQUAD4*             1049               1             940            1439*
*                   1443            1442-1.8209311544-19           0.0+0
CQUAD4*             1050               1            1439             937*
*                   1191            1443-9.8866592073-21           0.0+0
CQUAD4*             1051               1            1443            1191*
*                    836            1441-2.3929386547-19           0.0+0
CQUAD4*             1052               1            1442            1443*
*                   1441             938 3.4797723903-21           0.0+0
CQUAD4*             1053               1             939            1436*
*                   1446            1445-7.0537690152-19           0.0+0
CQUAD4*             1054               1            1436             940*
*                   1442            1446 1.2082927764-18           0.0+0
CQUAD4*             1055               1            1446            1442*
*                    938            1444 2.9559277523-19           0.0+0
CQUAD4*             1056               1            1445            1446*
*                   1444             904 1.0628102612-18           0.0+0
CQUAD4*             1057               1             899            1421*
*                   1449            1387-5.3980667812-20           0.0+0
CQUAD4*             1058               1            1421             931*
*                   1447            1449-7.9334118703-19           0.0+0
CQUAD4*             1059               1            1449            1447*
*                    942            1448  6.781323198-19           0.0+0
CQUAD4*             1060               1            1387            1449*
*                   1448             922-1.1980269996-18           0.0+0
CQUAD4*             1061               1             931            1418*
*                   1451            1447 4.4713676255-18           0.0+0
CQUAD4*             1062               1            1418             905*
*                   1437            1451-2.6024726386-19           0.0+0
CQUAD4*             1063               1            1451            1437*
*                    939            1450 1.5522273116-18           0.0+0
CQUAD4*             1064               1            1447            1451*
*                   1450             942-1.7407106267-18           0.0+0
CQUAD4*             1065               1             942            1450*
*                   1454            1453-2.8336846076-18           0.0+0
CQUAD4*             1066               1            1450             939*
*                   1445            1454-5.7505081879-19           0.0+0
CQUAD4*             1067               1            1454            1445*
*                    904            1452 1.1949205488-18           0.0+0
CQUAD4*             1068               1            1453            1454*
*                   1452             941 5.2269785686-19           0.0+0
CQUAD4*             1069               1             922            1448*
*                   1456            1390-3.4199473042-20           0.0+0
CQUAD4*             1070               1            1448             942*
*                   1453            1456 5.6223990321-19           0.0+0
CQUAD4*             1071               1            1456            1453*
*                    941            1455 1.3931259029-18           0.0+0
CQUAD4*             1072               1            1390            1456*
*                   1455             841-1.7489848538-18           0.0+0
CQUAD4*             1073               1             822            1457*
*                   1460            1266 6.6523715396-18           0.0+0
CQUAD4*             1074               1            1457             943*
*                   1458            1460-1.9310537012-18           0.0+0
CQUAD4*             1075               1            1460            1458*
*                    947            1459-1.3385407174-18           0.0+0
CQUAD4*             1076               1            1266            1460*
*                   1459             946 4.7737996328-18           0.0+0
CQUAD4*             1077               1             943            1461*
*                   1464            1458 -5.457817421-19           0.0+0
CQUAD4*             1078               1            1461             906*
*                   1462            1464-3.2620509909-18           0.0+0
CQUAD4*             1079               1            1464            1462*
*                    944            1463 2.9411557436-18           0.0+0
CQUAD4*             1080               1            1458            1464*
*                   1463             947-5.4714413977-19           0.0+0
CQUAD4*             1081               1             947            1463*
*                   1468            1467-8.0870409406-18           0.0+0
CQUAD4*             1082               1            1463             944*
*                   1465            1468 1.3637503616-19           0.0+0
CQUAD4*             1083               1            1468            1465*
*                    909            1466 5.0331944643-18           0.0+0
CQUAD4*             1084               1            1467            1468*
*                   1466             945 1.2945019046-17           0.0+0
CQUAD4*             1085               1             946            1459*
*                   1470            1269 1.3508378233-18           0.0+0
CQUAD4*             1086               1            1459             947*
*                   1467            1470 4.1180173745-19           0.0+0
CQUAD4*             1087               1            1470            1467*
*                    945            1469 1.1987553981-18           0.0+0
CQUAD4*             1088               1            1269            1470*
*                   1469             891-5.5248613215-18           0.0+0
CQUAD4*             1089               1             906            1471*
*                   1474            1462-6.9986957936-19           0.0+0
CQUAD4*             1090               1            1471             948*
*                   1472            1474-2.5348992728-18           0.0+0
CQUAD4*             1091               1            1474            1472*
*                    951            1473-7.0419315805-18           0.0+0
CQUAD4*             1092               1            1462            1474*
*                   1473             944 4.9140907937-18           0.0+0
CQUAD4*             1093               1             948            1475*
*                   1478            1472-1.5734486454-18           0.0+0
CQUAD4*             1094               1            1475             847*
*                   1476            1478 9.2624485154-19           0.0+0
CQUAD4*             1095               1            1478            1476*
*                    949            1477  8.547647615-18           0.0+0
CQUAD4*             1096               1            1472            1478*
*                   1477             951 2.0411592962-18           0.0+0
CQUAD4*             1097               1             951            1477*
*                   1482            1481 7.9952638463-18           0.0+0
CQUAD4*             1098               1            1477             949*
*                   1479            1482  2.213865595-18           0.0+0
CQUAD4*             1099               1            1482            1479*
*                    907            1480-1.8990794683-18           0.0+0
CQUAD4*             1100               1            1481            1482*
*                   1480             950-3.8043693516-18           0.0+0
CQUAD4*             1101               1             944            1473*
*                   1484            1465 -3.367837181-18           0.0+0
CQUAD4*             1102               1            1473             951*
*                   1481            1484 -1.049469591-18           0.0+0
CQUAD4*             1103               1            1484            1481*
*                    950            1483 9.8613296849-19           0.0+0
CQUAD4*             1104               1            1465            1484*
*                   1483             909-1.2529873504-17           0.0+0
CQUAD4*             1105               1             909            1483*
*                   1488            1487 -6.213964403-19           0.0+0
CQUAD4*             1106               1            1483             950*
*                   1485            1488-4.2467149672-18           0.0+0
CQUAD4*             1107               1            1488            1485*
*                    955            1486 8.7267154532-18           0.0+0
CQUAD4*             1108               1            1487            1488*
*                   1486             954-5.5178584076-18           0.0+0
CQUAD4*             1109               1             950            1480*
*                   1491            1485-8.8111597889-18           0.0+0
CQUAD4*             1110               1            1480             907*
*                   1489            1491-2.3009063727-18           0.0+0
CQUAD4*             1111               1            1491            1489*
*                    952            1490  7.371489584-18           0.0+0
CQUAD4*             1112               1            1485            1491*
*                   1490             955 2.8824558064-18           0.0+0
CQUAD4*             1113               1             955            1490*
*                   1495            1494 1.6566331361-17           0.0+0
CQUAD4*             1114               1            1490             952*
*                   1492            1495-1.1184917534-17           0.0+0
CQUAD4*             1115               1            1495            1492*
*                    820            1493-1.1830806759-17           0.0+0
CQUAD4*             1116               1            1494            1495*
*                   1493             953-3.4674322391-19           0.0+0
CQUAD4*             1117               1             954            1486*
*                   1498            1497 6.7369663552-18           0.0+0
CQUAD4*             1118               1            1486             955*
*                   1494            1498 7.3574934018-18           0.0+0
CQUAD4*             1119               1            1498            1494*
*                    953            1496-3.4018158766-18           0.0+0
CQUAD4*             1120               1            1497            1498*
*                   1496             908-9.7437543652-18           0.0+0
CQUAD4*             1121               1             891            1469*
*                   1501            1279-4.6708018107-18           0.0+0
CQUAD4*             1122               1            1469             945*
*                   1499            1501 6.7142534078-19           0.0+0
CQUAD4*             1123               1            1501            1499*
*                    958            1500 1.9264882831-18           0.0+0
CQUAD4*             1124               1            1279            1501*
*                   1500             957  3.261366748-18           0.0+0
CQUAD4*             1125               1             945            1466*
*                   1503            1499 1.5295342087-18           0.0+0
CQUAD4*             1126               1            1466             909*
*                   1487            1503 3.3692721548-18           0.0+0
CQUAD4*             1127               1            1503            1487*
*                    954            1502 8.6812952061-18           0.0+0
CQUAD4*             1128               1            1499            1503*
*                   1502             958-6.6602315239-18           0.0+0
CQUAD4*             1129               1             958            1502*
*                   1506            1505-1.2305830761-17           0.0+0
CQUAD4*             1130               1            1502             954*
*                   1497            1506 6.9348149307-18           0.0+0
CQUAD4*             1131               1            1506            1497*
*                    908            1504-3.0198766953-18           0.0+0
CQUAD4*             1132               1            1505            1506*
*                   1504             956  4.474315061-18           0.0+0
CQUAD4*             1133               1             957            1500*
*                   1508            1282 3.9271225471-18           0.0+0
CQUAD4*             1134               1            1500             958*
*                   1505            1508-6.1750970674-18           0.0+0
CQUAD4*             1135               1            1508            1505*
*                    956            1507-2.9118821434-18           0.0+0
CQUAD4*             1136               1            1282            1508*
*                   1507             843-5.0858709823-18           0.0+0
CQUAD4*             1137               1             847            1509*
*                   1512            1476-1.5888824569-18           0.0+0
CQUAD4*             1138               1            1509             959*
*                   1510            1512 1.4290286105-18           0.0+0
CQUAD4*             1139               1            1512            1510*
*                    962            1511  1.299777762-18           0.0+0
CQUAD4*             1140               1            1476            1512*
*                   1511             949-1.9751078445-18           0.0+0
CQUAD4*             1141               1             959            1513*
*                   1516            1510-1.3918302994-18           0.0+0
CQUAD4*             1142               1            1513             910*
*                   1514            1516-8.7524519319-20           0.0+0
CQUAD4*             1143               1            1516            1514*
*                    960            1515 -3.362479624-19           0.0+0
CQUAD4*             1144               1            1510            1516*
*                   1515             962 1.4649256183-18           0.0+0
CQUAD4*             1145               1             962            1515*
*                   1520            1519-7.1004414363-19           0.0+0
CQUAD4*             1146               1            1515             960*
*                   1517            1520 4.3018908436-19           0.0+0
CQUAD4*             1147               1            1520            1517*
*                    912            1518-1.3291219094-18           0.0+0
CQUAD4*             1148               1            1519            1520*
*                   1518             961-6.5655512645-19           0.0+0
CQUAD4*             1149               1             949            1511*
*                   1522            1479 2.7867159067-18           0.0+0
CQUAD4*             1150               1            1511             962*
*                   1519            1522 -4.912254444-19           0.0+0
CQUAD4*             1151               1            1522            1519*
*                    961            1521 1.4470677592-18           0.0+0
CQUAD4*             1152               1            1479            1522*
*                   1521             907 2.9784018665-19           0.0+0
CQUAD4*             1153               1             910            1523*
*                   1526            1514 5.9143729392-19           0.0+0
CQUAD4*             1154               1            1523             963*
*                   1524            1526   -2.5057139-19           0.0+0
CQUAD4*             1155               1            1526            1524*
*                    965            1525 -6.224921331-19           0.0+0
CQUAD4*             1156               1            1514            1526*
*                   1525             960 -3.578048438-19           0.0+0
CQUAD4*             1157               1             963            1527*
*                   1529            1524-6.3604536229-20           0.0+0
CQUAD4*             1158               1            1527             818*
*                   1356            1529-8.7568935986-20           0.0+0
CQUAD4*             1159               1            1529            1356*
*                    916            1528 1.3147115206-19           0.0+0
CQUAD4*             1160               1            1524            1529*
*                   1528             965-5.1328717402-19           0.0+0
CQUAD4*             1161               1             965            1528*
*                   1532            1531 4.3659162534-19           0.0+0
CQUAD4*             1162               1            1528             916*
*                   1367            1532 1.0620051103-20           0.0+0
CQUAD4*             1163               1            1532            1367*
*                    901            1530-2.2545056263-19           0.0+0
CQUAD4*             1164               1            1531            1532*
*                   1530             964-2.5288596959-19           0.0+0
CQUAD4*             1165               1             960            1525*
*                   1534            1517 1.9106676778-18           0.0+0
CQUAD4*             1166               1            1525             965*
*                   1531            1534-6.9753338496-19           0.0+0
CQUAD4*             1167               1            1534            1531*
*                    964            1533-1.4712661755-19           0.0+0
CQUAD4*             1168               1            1517            1534*
*                   1533             912 3.7458857837-20           0.0+0
CQUAD4*             1169               1             912            1533*
*                   1538            1537 1.3274284414-18           0.0+0
CQUAD4*             1170               1            1533             964*
*                   1535            1538 1.2408047923-18           0.0+0
CQUAD4*             1171               1            1538            1535*
*                    968            1536-4.3220652392-19           0.0+0
CQUAD4*             1172               1            1537            1538*
*                   1536             967  1.212026984-19           0.0+0
CQUAD4*             1173               1             964            1530*
*                   1540            1535-1.2044916066-18           0.0+0
CQUAD4*             1174               1            1530             901*
*                   1399            1540 1.5172058899-20           0.0+0
CQUAD4*             1175               1            1540            1399*
*                    927            1539 1.4162599064-19           0.0+0
CQUAD4*             1176               1            1535            1540*
*                   1539             968 7.6600043648-19           0.0+0
CQUAD4*             1177               1             968            1539*
*                   1543            1542 -6.700539028-20           0.0+0
CQUAD4*             1178               1            1539             927*
*                   1407            1543-2.0669241986-19           0.0+0
CQUAD4*             1179               1            1543            1407*
*                    840            1541-1.2593259022-19           0.0+0
CQUAD4*             1180               1            1542            1543*
*                   1541             966-1.1550139566-18           0.0+0
CQUAD4*             1181               1             967            1536*
*                   1546            1545-6.0615218848-19           0.0+0
CQUAD4*             1182               1            1536             968*
*                   1542            1546-1.5944152109-18           0.0+0
CQUAD4*             1183               1            1546            1542*
*                    966            1544 1.5452699026-18           0.0+0
CQUAD4*             1184               1            1545            1546*
*                   1544             911 1.0610681638-18           0.0+0
CQUAD4*             1185               1             907            1521*
*                   1549            1489 6.6920967173-19           0.0+0
CQUAD4*             1186               1            1521             961*
*                   1547            1549 1.4264335484-18           0.0+0
CQUAD4*             1187               1            1549            1547*
*                    970            1548-2.0414916216-18           0.0+0
CQUAD4*             1188               1            1489            1549*
*                   1548             952 9.5593926151-19           0.0+0
CQUAD4*             1189               1             961            1518*
*                   1551            1547 5.6021196837-19           0.0+0
CQUAD4*             1190               1            1518             912*
*                   1537            1551 1.1404516611-18           0.0+0
CQUAD4*             1191               1            1551            1537*
*                    967            1550-3.7968252054-18           0.0+0
CQUAD4*             1192               1            1547            1551*
*                   1550             970-8.6961004953-19           0.0+0
CQUAD4*             1193               1             970            1550*
*                   1554            1553 3.8367269602-19           0.0+0
CQUAD4*             1194               1            1550             967*
*                   1545            1554-5.2832544897-19           0.0+0
CQUAD4*             1195               1            1554            1545*
*                    911            1552-2.5326520021-19           0.0+0
CQUAD4*             1196               1            1553            1554*
*                   1552             969-1.5346821227-19           0.0+0
CQUAD4*             1197               1             952            1548*
*                   1556            1492 4.6505797166-19           0.0+0
CQUAD4*             1198               1            1548             970*
*                   1553            1556 2.0014988639-18           0.0+0
CQUAD4*             1199               1            1556            1553*
*                    969            1555 6.4880242028-19           0.0+0
CQUAD4*             1200               1            1492            1556*
*                   1555             820 -1.074561283-18           0.0+0
CQUAD4*             1201               1             829            1557*
*                   1560            1212-3.4402713732-31           0.0+0
CQUAD4*             1202               1            1557             971*
*                   1558            1560-2.5665797456-31           0.0+0
CQUAD4*             1203               1            1560            1558*
*                    975            1559 2.8669691456-30           0.0+0
CQUAD4*             1204               1            1212            1560*
*                   1559             974 3.8352404748-31           0.0+0
CQUAD4*             1205               1             971            1561*
*                   1564            1558 1.1385691556-29           0.0+0
CQUAD4*             1206               1            1561             849*
*                   1562            1564 8.5911933998-30           0.0+0
CQUAD4*             1207               1            1564            1562*
*                    972            1563 3.5586002598-31           0.0+0
CQUAD4*             1208               1            1558            1564*
*                   1563             975 1.0664679086-29           0.0+0
CQUAD4*             1209               1             975            1563*
*                   1568            1567 8.4820511126-30           0.0+0
CQUAD4*             1210               1            1563             972*
*                   1565            1568-2.8452035139-30           0.0+0
CQUAD4*             1211               1            1568            1565*
*                    853            1566 -2.546326488-29           0.0+0
CQUAD4*             1212               1            1567            1568*
*                   1566             973-4.5822393591-30           0.0+0
CQUAD4*             1213               1             974            1559*
*                   1570            1215-1.1321497994-29           0.0+0
CQUAD4*             1214               1            1559             975*
*                   1567            1570-2.1366853859-30           0.0+0
CQUAD4*             1215               1            1570            1567*
*                    973            1569-2.8261470003-30           0.0+0
CQUAD4*             1216               1            1215            1570*
*                   1569             852-1.5538181319-29           0.0+0
CQUAD4*             1217               1             849            1571*
*                   1574            1562-1.0111385552-29           0.0+0
CQUAD4*             1218               1            1571             976*
*                   1572            1574-3.6748476153-29           0.0+0
CQUAD4*             1219               1            1574            1572*
*                    979            1573 5.2398556053-30           0.0+0
CQUAD4*             1220               1            1562            1574*
*                   1573             972 2.0086863702-29           0.0+0
CQUAD4*             1221               1             976            1575*
*                   1578            1572 2.9069899518-30           0.0+0
CQUAD4*             1222               1            1575             839*
*                   1576            1578 -1.412036917-30           0.0+0
CQUAD4*             1223               1            1578            1576*
*                    977            1577 1.2811079661-28           0.0+0
CQUAD4*             1224               1            1572            1578*
*                   1577             979-5.3039563577-29           0.0+0
CQUAD4*             1225               1             979            1577*
*                   1582            1581-3.1663754727-30           0.0+0
CQUAD4*             1226               1            1577             977*
*                   1579            1582-5.7745582349-29           0.0+0
CQUAD4*             1227               1            1582            1579*
*                    850            1580-8.8237936505-30           0.0+0
CQUAD4*             1228               1            1581            1582*
*                   1580             978 3.2596647687-30           0.0+0
CQUAD4*             1229               1             972            1573*
*                   1584            1565 2.7066942324-29           0.0+0
CQUAD4*             1230               1            1573             979*
*                   1581            1584 2.0972296189-29           0.0+0
CQUAD4*             1231               1            1584            1581*
*                    978            1583-6.4021969617-32           0.0+0
CQUAD4*             1232               1            1565            1584*
*                   1583             853 3.9046341642-30           0.0+0
CQUAD4*             1233               1             853            1583*
*                   1588            1587-1.5292002708-29           0.0+0
CQUAD4*             1234               1            1583             978*
*                   1585            1588 1.4234401039-30           0.0+0
CQUAD4*             1235               1            1588            1585*
*                    983            1586 1.2771680845-29           0.0+0
CQUAD4*             1236               1            1587            1588*
*                   1586             982 -2.829757112-30           0.0+0
CQUAD4*             1237               1             978            1580*
*                   1591            1585 2.0086863702-29           0.0+0
CQUAD4*             1238               1            1580             850*
*                   1589            1591-1.7195301638-29           0.0+0
CQUAD4*             1239               1            1591            1589*
*                    980            1590-6.8218974597-30           0.0+0
CQUAD4*             1240               1            1585            1591*
*                   1590             983 2.7066942324-29           0.0+0
CQUAD4*             1241               1             983            1590*
*                   1595            1594  2.273389824-29           0.0+0
CQUAD4*             1242               1            1590             980*
*                   1592            1595 1.3335554053-30           0.0+0
CQUAD4*             1243               1            1595            1592*
*                    824            1593 2.8258525809-30           0.0+0
CQUAD4*             1244               1            1594            1595*
*                   1593             981 6.3701290059-30           0.0+0
CQUAD4*             1245               1             982            1586*
*                   1598            1597-1.4124930232-30           0.0+0
CQUAD4*             1246               1            1586             983*
*                   1594            1598 3.4688394859-31           0.0+0
CQUAD4*             1247               1            1598            1594*
*                    981            1596 2.8679499213-30           0.0+0
CQUAD4*             1248               1            1597            1598*
*                   1596             851 3.5314155631-31           0.0+0
CQUAD4*             1249               1             852            1569*
*                   1601            1225-8.8965006495-31           0.0+0
CQUAD4*             1250               1            1569             973*
*                   1599            1601-7.7184793107-31           0.0+0
CQUAD4*             1251               1            1601            1599*
*                    986            1600 1.7147897636-29           0.0+0
CQUAD4*             1252               1            1225            1601*
*                   1600             985 5.7183508955-30           0.0+0
CQUAD4*             1253               1             973            1566*
*                   1603            1599 1.3701879167-30           0.0+0
CQUAD4*             1254               1            1566             853*
*                   1587            1603-7.9275701211-32           0.0+0
CQUAD4*             1255               1            1603            1587*
*                    982            1602 -7.283644041-31           0.0+0
CQUAD4      1256       1    1599    1603    1602     986   0.0+0   0.0+0
CQUAD4*             1257               1             986            1602*
*                   1606            1605-1.4067342732-30           0.0+0
CQUAD4*             1258               1            1602             982*
*                   1597            1606-2.8261470003-30           0.0+0
CQUAD4*             1259               1            1606            1597*
*                    851            1604-8.5036906597-30           0.0+0
CQUAD4*             1260               1            1605            1606*
*                   1604             984-1.4407729843-30           0.0+0
CQUAD4*             1261               1             985            1600*
*                   1608            1228-2.0085786248-29           0.0+0
CQUAD4*             1262               1            1600             986*
*                   1605            1608   -9.9385372-30           0.0+0
CQUAD4*             1263               1            1608            1605*
*                    984            1607 1.4520242017-30           0.0+0
CQUAD4*             1264               1            1228            1608*
*                   1607             834 9.8958910105-30           0.0+0
CQUAD4*             1265               1             839            1609*
*                   1612            1576 2.1638082934-19           0.0+0
CQUAD4*             1266               1            1609             987*
*                   1610            1612-2.0893752769-18           0.0+0
CQUAD4*             1267               1            1612            1610*
*                    990            1611 -1.891170783-18           0.0+0
CQUAD4*             1268               1            1576            1612*
*                   1611             977 2.4652069409-18           0.0+0
CQUAD4*             1269               1             987            1613*
*                   1616            1610-5.9817494431-18           0.0+0
CQUAD4*             1270               1            1613             854*
*                   1614            1616 -1.697777154-18           0.0+0
CQUAD4*             1271               1            1616            1614*
*                    988            1615 9.3262007543-18           0.0+0
CQUAD4*             1272               1            1610            1616*
*                   1615             990-2.6535741516-18           0.0+0
CQUAD4*             1273               1             990            1615*
*                   1620            1619  3.219011332-18           0.0+0
CQUAD4*             1274               1            1615             988*
*                   1617            1620 3.4282687021-19           0.0+0
CQUAD4*             1275               1            1620            1617*
*                    857            1618 4.5273819177-19           0.0+0
CQUAD4*             1276               1            1619            1620*
*                   1618             989  2.732754683-18           0.0+0
CQUAD4*             1277               1             977            1611*
*                   1622            1579 1.0767131757-19           0.0+0
CQUAD4*             1278               1            1611             990*
*                   1619            1622 3.8567388457-18           0.0+0
CQUAD4*             1279               1            1622            1619*
*                    989            1621-3.0663773187-19           0.0+0
CQUAD4*             1280               1            1579            1622*
*                   1621             850-1.6270534744-18           0.0+0
CQUAD4*             1281               1             854            1623*
*                   1626            1614-3.6617707575-18           0.0+0
CQUAD4*             1282               1            1623             991*
*                   1624            1626  2.879923122-18           0.0+0
CQUAD4*             1283               1            1626            1624*
*                    994            1625  7.279509371-19           0.0+0
CQUAD4*             1284               1            1614            1626*
*                   1625             988-1.9652976821-18           0.0+0
CQUAD4*             1285               1             991            1627*
*                   1630            1624 6.8891086544-18           0.0+0
CQUAD4*             1286               1            1627             817*
*                   1628            1630 4.8874243715-18           0.0+0
CQUAD4*             1287               1            1630            1628*
*                    992            1629-5.1516227651-18           0.0+0
CQUAD4*             1288               1            1624            1630*
*                   1629             994 2.8273421136-18           0.0+0
CQUAD4*             1289               1             994            1629*
*                   1634            1633 7.9594799467-18           0.0+0
CQUAD4*             1290               1            1629             992*
*                   1631            1634-3.3378824122-18           0.0+0
CQUAD4*             1291               1            1634            1631*
*                    855            1632-7.5166598162-18           0.0+0
CQUAD4*             1292               1            1633            1634*
*                   1632             993-4.6799838161-18           0.0+0
CQUAD4*             1293               1             988            1625*
*                   1636            1617-3.9866836415-18           0.0+0
CQUAD4*             1294               1            1625             994*
*                   1633            1636 1.0635884914-17           0.0+0
CQUAD4*             1295               1            1636            1633*
*                    993            1635-8.4616507502-18           0.0+0
CQUAD4*             1296               1            1617            1636*
*                   1635             857 3.4960247356-19           0.0+0
CQUAD4*             1297               1             857            1635*
*                   1640            1639-9.7726707165-18           0.0+0
CQUAD4*             1298               1            1635             993*
*                   1637            1640 6.5147821929-18           0.0+0
CQUAD4*             1299               1            1640            1637*
*                    998            1638-1.2580758967-17           0.0+0
CQUAD4*             1300               1            1639            1640*
*                   1638             997  7.357683825-19           0.0+0
CQUAD4*             1301               1             993            1632*
*                   1643            1637-1.5712549944-18           0.0+0
CQUAD4*             1302               1            1632             855*
*                   1641            1643-2.3055907535-18           0.0+0
CQUAD4*             1303               1            1643            1641*
*                    995            1642-1.1452716524-17           0.0+0
CQUAD4*             1304               1            1637            1643*
*                   1642             998 -3.232689605-18           0.0+0
CQUAD4*             1305               1             998            1642*
*                   1647            1646 2.3416164292-18           0.0+0
CQUAD4*             1306               1            1642             995*
*                   1644            1647 1.3489508118-18           0.0+0
CQUAD4*             1307               1            1647            1644*
*                    844            1645 -1.633785255-17           0.0+0
CQUAD4*             1308               1            1646            1647*
*                   1645             996 1.1573525827-18           0.0+0
CQUAD4*             1309               1             997            1638*
*                   1650            1649-9.8326505726-18           0.0+0
CQUAD4*             1310               1            1638             998*
*                   1646            1650-1.2533063104-17           0.0+0
CQUAD4*             1311               1            1650            1646*
*                    996            1648-6.7421841059-19           0.0+0
CQUAD4*             1312               1            1649            1650*
*                   1648             856 7.7048310061-18           0.0+0
CQUAD4*             1313               1             850            1621*
*                   1653            1589-3.0661662424-19           0.0+0
CQUAD4*             1314               1            1621             989*
*                   1651            1653-3.3919853915-18           0.0+0
CQUAD4*             1315               1            1653            1651*
*                   1000            1652 4.7227942905-18           0.0+0
CQUAD4*             1316               1            1589            1653*
*                   1652             980 2.0010001018-19           0.0+0
CQUAD4*             1317               1             989            1618*
*                   1655            1651-5.6032471936-19           0.0+0
CQUAD4*             1318               1            1618             857*
*                   1639            1655-1.3383489645-18           0.0+0
CQUAD4*             1319               1            1655            1639*
*                    997            1654-4.0678773514-18           0.0+0
CQUAD4*             1320               1            1651            1655*
*                   1654            1000 1.9347111809-18           0.0+0
CQUAD4*             1321               1            1000            1654*
*                   1658            1657 3.2539085881-18           0.0+0
CQUAD4*             1322               1            1654             997*
*                   1649            1658-6.9435556987-18           0.0+0
CQUAD4*             1323               1            1658            1649*
*                    856            1656   6.21500595-18           0.0+0
CQUAD4*             1324               1            1657            1658*
*                   1656             999-5.0786339784-18           0.0+0
CQUAD4*             1325               1             980            1652*
*                   1660            1592-1.9845872947-18           0.0+0
CQUAD4*             1326               1            1652            1000*
*                   1657            1660-2.0265992481-18           0.0+0
CQUAD4*             1327               1            1660            1657*
*                    999            1659-2.6133176713-18           0.0+0
CQUAD4*             1328               1            1592            1660*
*                   1659             824-2.5653996176-18           0.0+0
CQUAD4*             1329               1             823            1661*
*                   1665            1664 2.3816233037-33           0.0+0
CQUAD4      1330       1    1661    1001    1662    1665   0.0+0   0.0+0
CQUAD4      1331       1    1665    1662    1005    1663   0.0+0   0.0+0
CQUAD4*             1332               1            1664            1665*
*                   1663            1004 -1.255275058-33           0.0+0
CQUAD4      1333       1    1001    1666    1669    1662   0.0+0   0.0+0
CQUAD4      1334       1    1666     858    1667    1669   0.0+0   0.0+0
CQUAD4      1335       1    1669    1667    1002    1668   0.0+0   0.0+0
CQUAD4      1336       1    1662    1669    1668    1005   0.0+0   0.0+0
CQUAD4      1337       1    1005    1668    1673    1672   0.0+0   0.0+0
CQUAD4      1338       1    1668    1002    1670    1673   0.0+0   0.0+0
CQUAD4      1339       1    1673    1670     862    1671   0.0+0   0.0+0
CQUAD4      1340       1    1672    1673    1671    1003   0.0+0   0.0+0
CQUAD4*             1341               1            1004            1663*
*                   1676            1675 -3.770681326-34           0.0+0
CQUAD4      1342       1    1663    1005    1672    1676   0.0+0   0.0+0
CQUAD4      1343       1    1676    1672    1003    1674   0.0+0   0.0+0
CQUAD4*             1344               1            1675            1676*
*                   1674             861 2.7586914363-33           0.0+0
CQUAD4      1345       1     858    1677    1680    1667   0.0+0   0.0+0
CQUAD4      1346       1    1677    1006    1678    1680   0.0+0   0.0+0
CQUAD4      1347       1    1680    1678    1009    1679   0.0+0   0.0+0
CQUAD4      1348       1    1667    1680    1679    1002   0.0+0   0.0+0
CQUAD4      1349       1    1006    1681    1684    1678   0.0+0   0.0+0
CQUAD4      1350       1    1681     828    1682    1684   0.0+0   0.0+0
CQUAD4      1351       1    1684    1682    1007    1683   0.0+0   0.0+0
CQUAD4      1352       1    1678    1684    1683    1009   0.0+0   0.0+0
CQUAD4      1353       1    1009    1683    1688    1687   0.0+0   0.0+0
CQUAD4      1354       1    1683    1007    1685    1688   0.0+0   0.0+0
CQUAD4      1355       1    1688    1685     859    1686   0.0+0   0.0+0
CQUAD4      1356       1    1687    1688    1686    1008   0.0+0   0.0+0
CQUAD4      1357       1    1002    1679    1690    1670   0.0+0   0.0+0
CQUAD4      1358       1    1679    1009    1687    1690   0.0+0   0.0+0
CQUAD4      1359       1    1690    1687    1008    1689   0.0+0   0.0+0
CQUAD4      1360       1    1670    1690    1689     862   0.0+0   0.0+0
PSHELL         2       1   1.0-3       1               1           0.0+0
CQUAD8       369       2     590     630     783     633     775     785+
+            784     782                                       3   0.0+0
CORD2R*                3               0           0.0+0           0.0+0*
*                  0.0+0-2.90284677254-1-9.56940335732-1           0.0+0*
*       -9.56940335732-1 2.90284677254-1           0.0+0                *
*
CQUAD8       370       2     630     591     631     783     776     777+
+            786     785                                       4   0.0+0
CORD2R*                4               0           0.0+0           0.0+0*
*                  0.0+0-9.80171403296-2-9.95184726672-1           0.0+0*
*       -9.95184726672-1 9.80171403296-2           0.0+0                *
*
CQUAD8       371       2     783     631     574     632     786     778+
+            779     787                                       5   0.0+0
CORD2R*                5               0           0.0+0           0.0+0*
*                  0.0+0-9.80171403296-2-9.95184726672-1           0.0+0*
*       -9.95184726672-1 9.80171403296-2           0.0+0                *
*
CQUAD8       372       2     633     783     632     575     784     787+
+            780     781                                       6   0.0+0
CORD2R*                6               0           0.0+0           0.0+0*
*                  0.0+0-2.90284677254-1-9.56940335732-1           0.0+0*
*       -9.56940335732-1 2.90284677254-1           0.0+0                *
*
CQUAD8       373       2     587     634     792     619     788     794+
+            793     733                                       7   0.0+0
CORD2R*                7               0           0.0+0           0.0+0*
*                  0.0+0-6.34393284164-1-7.73010453363-1           0.0+0*
*       -7.73010453363-1 6.34393284164-1           0.0+0                *
*
CQUAD8       374       2     634     590     633     792     789     782+
+            795     794                                       8   0.0+0
CORD2R*                8               0           0.0+0           0.0+0*
*                  0.0+0-4.71396736826-1-8.81921264348-1           0.0+0*
*       -8.81921264348-1 4.71396736826-1           0.0+0                *
*
CQUAD8       375       2     792     633     575     635     795     781+
+            790     796                                       9   0.0+0
CORD2R*                9               0           0.0+0           0.0+0*
*                  0.0+0-4.71396736826-1-8.81921264348-1           0.0+0*
*       -8.81921264348-1 4.71396736826-1           0.0+0                *
*
CQUAD8       376       2     619     792     635     570     793     796+
+            791     734                                      10   0.0+0
CORD2R*               10               0           0.0+0           0.0+0*
*                  0.0+0-6.34393284164-1-7.73010453363-1           0.0+0*
*       -7.73010453363-1 6.34393284164-1           0.0+0                *
*
CQUAD8       377       2     592     636     803     638     797     805+
+            804     802                                      11   0.0+0
CORD2R*               11               0           0.0+0           0.0+0*
*                  0.0+0 4.71396736826-1-8.81921264348-1           0.0+0*
*       -8.81921264348-1-4.71396736826-1           0.0+0                *
*
CQUAD8       378       2     636     588     627     803     798     760+
+            806     805                                      12   0.0+0
CORD2R*               12               0           0.0+0           0.0+0*
*                  0.0+0 6.34393284164-1-7.73010453363-1           0.0+0*
*       -7.73010453363-1-6.34393284164-1           0.0+0                *
*
CQUAD8       379       2     803     627     573     637     806     759+
+            799     807                                      13   0.0+0
CORD2R*               13               0           0.0+0           0.0+0*
*                  0.0+0 6.34393284164-1-7.73010453363-1           0.0+0*
*       -7.73010453363-1-6.34393284164-1           0.0+0                *
*
CQUAD8       380       2     638     803     637     576     804     807+
+            800     801                                      14   0.0+0
CORD2R*               14               0           0.0+0           0.0+0*
*                  0.0+0 4.71396736826-1-8.81921264348-1           0.0+0*
*       -8.81921264348-1-4.71396736826-1           0.0+0                *
*
CQUAD8       381       2     591     639     812     631     808     814+
+            813     777                                      15   0.0+0
CORD2R*               15               0           0.0+0           0.0+0*
*                  0.0+0 9.80171403296-2-9.95184726672-1           0.0+0*
*       -9.95184726672-1-9.80171403296-2           0.0+0                *
*
CQUAD8       382       2     639     592     638     812     809     802+
+            815     814                                      16   0.0+0
CORD2R*               16               0           0.0+0           0.0+0*
*                  0.0+0 2.90284677254-1-9.56940335732-1           0.0+0*
*       -9.56940335732-1-2.90284677254-1           0.0+0                *
*
CQUAD8       383       2     812     638     576     640     815     801+
+            810     816                                      17   0.0+0
CORD2R*               17               0           0.0+0           0.0+0*
*                  0.0+0 2.90284677254-1-9.56940335732-1           0.0+0*
*       -9.56940335732-1-2.90284677254-1           0.0+0                *
*
CQUAD8       384       2     631     812     640     574     813     816+
+            811     778                                      18   0.0+0
CORD2R*               18               0           0.0+0           0.0+0*
*                  0.0+0 9.80171403296-2-9.95184726672-1           0.0+0*
*       -9.95184726672-1-9.80171403296-2           0.0+0                *
*
CQUAD8       385       2     577     593     649     596     641     651+
+            650     648                                      19   0.0+0
CORD2R*               19               0           0.0+0           0.0+0*
*                  0.0+0-9.56940335732-1 2.90284677254-1           0.0+0*
*        2.90284677254-1 9.56940335732-1           0.0+0                *
*
CQUAD8       386       2     593     578     594     649     642     643+
+            652     651                                      20   0.0+0
CORD2R*               20               0           0.0+0           0.0+0*
*                  0.0+0-9.95184726672-1 9.80171403296-2           0.0+0*
*        9.80171403296-2 9.95184726672-1           0.0+0                *
*
CQUAD8       387       2     649     594     561     595     652     644+
+            645     653                                      21   0.0+0
CORD2R*               21               0           0.0+0           0.0+0*
*                  0.0+0-9.95184726672-1 9.80171403296-2           0.0+0*
*        9.80171403296-2 9.95184726672-1           0.0+0                *
*
CQUAD8       388       2     596     649     595     562     650     653+
+            646     647                                      22   0.0+0
CORD2R*               22               0           0.0+0           0.0+0*
*                  0.0+0-9.56940335732-1 2.90284677254-1           0.0+0*
*        2.90284677254-1 9.56940335732-1           0.0+0                *
*
CQUAD8       389       2     579     597     660     599     654     662+
+            661     659                                      23   0.0+0
CORD2R*               23               0           0.0+0           0.0+0*
*                  0.0+0-7.73010453363-1 6.34393284164-1           0.0+0*
*        6.34393284164-1 7.73010453363-1           0.0+0                *
*
CQUAD8       390       2     597     577     596     660     655     648+
+            663     662                                      24   0.0+0
CORD2R*               24               0           0.0+0           0.0+0*
*                  0.0+0-8.81921264348-1 4.71396736826-1           0.0+0*
*        4.71396736826-1 8.81921264348-1           0.0+0                *
*
CQUAD8       391       2     660     596     562     598     663     647+
+            656     664                                      25   0.0+0
CORD2R*               25               0           0.0+0           0.0+0*
*                  0.0+0-8.81921264348-1 4.71396736826-1           0.0+0*
*        4.71396736826-1 8.81921264348-1           0.0+0                *
*
CQUAD8       392       2     599     660     598     563     661     664+
+            657     658                                      26   0.0+0
CORD2R*               26               0           0.0+0           0.0+0*
*                  0.0+0-7.73010453363-1 6.34393284164-1           0.0+0*
*        6.34393284164-1 7.73010453363-1           0.0+0                *
*
CQUAD8       393       2     580     600     673     603     665     675+
+            674     672                                      27   0.0+0
CORD2R*               27               0           0.0+0           0.0+0*
*                  0.0+0 2.90284677254-1 9.56940335732-1           0.0+0*
*        9.56940335732-1-2.90284677254-1           0.0+0                *
*
CQUAD8       394       2     600     581     601     673     666     667+
+            676     675                                      28   0.0+0
CORD2R*               28               0           0.0+0           0.0+0*
*                  0.0+0 9.80171403296-2 9.95184726672-1           0.0+0*
*        9.95184726672-1-9.80171403296-2           0.0+0                *
*
CQUAD8       395       2     673     601     564     602     676     668+
+            669     677                                      29   0.0+0
CORD2R*               29               0           0.0+0           0.0+0*
*                  0.0+0 9.80171403296-2 9.95184726672-1           0.0+0*
*        9.95184726672-1-9.80171403296-2           0.0+0                *
*
CQUAD8       396       2     603     673     602     565     674     677+
+            670     671                                      30   0.0+0
CORD2R*               30               0           0.0+0           0.0+0*
*                  0.0+0 2.90284677254-1 9.56940335732-1           0.0+0*
*        9.56940335732-1-2.90284677254-1           0.0+0                *
*
CQUAD8       397       2     582     604     684     606     678     686+
+            685     683                                      31   0.0+0
CORD2R*               31               0           0.0+0           0.0+0*
*                  0.0+0 6.34393284164-1 7.73010453363-1           0.0+0*
*        7.73010453363-1-6.34393284164-1           0.0+0                *
*
CQUAD8       398       2     604     580     603     684     679     672+
+            687     686                                      32   0.0+0
CORD2R*               32               0           0.0+0           0.0+0*
*                  0.0+0 4.71396736826-1 8.81921264348-1           0.0+0*
*        8.81921264348-1-4.71396736826-1           0.0+0                *
*
CQUAD8       399       2     684     603     565     605     687     671+
+            680     688                                      33   0.0+0
CORD2R*               33               0           0.0+0           0.0+0*
*                  0.0+0 4.71396736826-1 8.81921264348-1           0.0+0*
*        8.81921264348-1-4.71396736826-1           0.0+0                *
*
CQUAD8       400       2     606     684     605     566     685     688+
+            681     682                                      34   0.0+0
CORD2R*               34               0           0.0+0           0.0+0*
*                  0.0+0 6.34393284164-1 7.73010453363-1           0.0+0*
*        7.73010453363-1-6.34393284164-1           0.0+0                *
*
CQUAD8       401       2     583     607     695     609     689     697+
+            696     694                                      35   0.0+0
CORD2R*               35               0           0.0+0           0.0+0*
*                  0.0+0-4.71396736826-1 8.81921264348-1           0.0+0*
*        8.81921264348-1 4.71396736826-1           0.0+0                *
*
CQUAD8       402       2     607     579     599     695     690     659+
+            698     697                                      36   0.0+0
CORD2R*               36               0           0.0+0           0.0+0*
*                  0.0+0-6.34393284164-1 7.73010453363-1           0.0+0*
*        7.73010453363-1 6.34393284164-1           0.0+0                *
*
CQUAD8       403       2     695     599     563     608     698     658+
+            691     699                                      37   0.0+0
CORD2R*               37               0           0.0+0           0.0+0*
*                  0.0+0-6.34393284164-1 7.73010453363-1           0.0+0*
*        7.73010453363-1 6.34393284164-1           0.0+0                *
*
CQUAD8       404       2     609     695     608     567     696     699+
+            692     693                                      38   0.0+0
CORD2R*               38               0           0.0+0           0.0+0*
*                  0.0+0-4.71396736826-1 8.81921264348-1           0.0+0*
*        8.81921264348-1 4.71396736826-1           0.0+0                *
*
CQUAD8       405       2     581     610     704     601     700     706+
+            705     667                                      39   0.0+0
CORD2R*               39               0           0.0+0           0.0+0*
*                  0.0+0-9.80171403296-2 9.95184726672-1           0.0+0*
*        9.95184726672-1 9.80171403296-2           0.0+0                *
*
CQUAD8       406       2     610     583     609     704     701     694+
+            707     706                                      40   0.0+0
CORD2R*               40               0           0.0+0           0.0+0*
*                  0.0+0-2.90284677254-1 9.56940335732-1           0.0+0*
*        9.56940335732-1 2.90284677254-1           0.0+0                *
*
CQUAD8       407       2     704     609     567     611     707     693+
+            702     708                                      41   0.0+0
CORD2R*               41               0           0.0+0           0.0+0*
*                  0.0+0-2.90284677254-1 9.56940335732-1           0.0+0*
*        9.56940335732-1 2.90284677254-1           0.0+0                *
*
CQUAD8       408       2     601     704     611     564     705     708+
+            703     668                                      42   0.0+0
CORD2R*               42               0           0.0+0           0.0+0*
*                  0.0+0-9.80171403296-2 9.95184726672-1           0.0+0*
*        9.95184726672-1 9.80171403296-2           0.0+0                *
*
CQUAD8       409       2     584     612     715     614     709     717+
+            716     714                                      43   0.0+0
CORD2R*               43               0           0.0+0           0.0+0*
*                  0.0+0 8.81921264348-1 4.71396736826-1           0.0+0*
*        4.71396736826-1-8.81921264348-1           0.0+0                *
*
CQUAD8       410       2     612     582     606     715     710     683+
+            718     717                                      44   0.0+0
CORD2R*               44               0           0.0+0           0.0+0*
*                  0.0+0 7.73010453363-1 6.34393284164-1           0.0+0*
*        6.34393284164-1-7.73010453363-1           0.0+0                *
*
CQUAD8       411       2     715     606     566     613     718     682+
+            711     719                                      45   0.0+0
CORD2R*               45               0           0.0+0           0.0+0*
*                  0.0+0 7.73010453363-1 6.34393284164-1           0.0+0*
*        6.34393284164-1-7.73010453363-1           0.0+0                *
*
CQUAD8       412       2     614     715     613     568     716     719+
+            712     713                                      46   0.0+0
CORD2R*               46               0           0.0+0           0.0+0*
*                  0.0+0 8.81921264348-1 4.71396736826-1           0.0+0*
*        4.71396736826-1-8.81921264348-1           0.0+0                *
*
CQUAD8       413       2     585     615     726     617     720     728+
+            727     725                                      47   0.0+0
CORD2R*               47               0           0.0+0           0.0+0*
*                  0.0+0 9.95184726672-1 9.80171403296-2           0.0+0*
*        9.80171403296-2-9.95184726672-1           0.0+0                *
*
CQUAD8       414       2     615     584     614     726     721     714+
+            729     728                                      48   0.0+0
CORD2R*               48               0           0.0+0           0.0+0*
*                  0.0+0 9.56940335732-1 2.90284677254-1           0.0+0*
*        2.90284677254-1-9.56940335732-1           0.0+0                *
*
CQUAD8       415       2     726     614     568     616     729     713+
+            722     730                                      49   0.0+0
CORD2R*               49               0           0.0+0           0.0+0*
*                  0.0+0 9.56940335732-1 2.90284677254-1           0.0+0*
*        2.90284677254-1-9.56940335732-1           0.0+0                *
*
CQUAD8       416       2     617     726     616     569     727     730+
+            723     724                                      50   0.0+0
CORD2R*               50               0           0.0+0           0.0+0*
*                  0.0+0 9.95184726672-1 9.80171403296-2           0.0+0*
*        9.80171403296-2-9.95184726672-1           0.0+0                *
*
CQUAD8       417       2     586     618     739     621     731     741+
+            740     738                                      51   0.0+0
CORD2R*               51               0           0.0+0           0.0+0*
*                  0.0+0-8.81921264348-1-4.71396736826-1           0.0+0*
*       -4.71396736826-1 8.81921264348-1           0.0+0                *
*
CQUAD8       418       2     618     587     619     739     732     733+
+            742     741                                      52   0.0+0
CORD2R*               52               0           0.0+0           0.0+0*
*                  0.0+0-7.73010453363-1-6.34393284164-1           0.0+0*
*       -6.34393284164-1 7.73010453363-1           0.0+0                *
*
CQUAD8       419       2     739     619     570     620     742     734+
+            735     743                                      53   0.0+0
CORD2R*               53               0           0.0+0           0.0+0*
*                  0.0+0-7.73010453363-1-6.34393284164-1           0.0+0*
*       -6.34393284164-1 7.73010453363-1           0.0+0                *
*
CQUAD8       420       2     621     739     620     571     740     743+
+            736     737                                      54   0.0+0
CORD2R*               54               0           0.0+0           0.0+0*
*                  0.0+0-8.81921264348-1-4.71396736826-1           0.0+0*
*       -4.71396736826-1 8.81921264348-1           0.0+0                *
*
CQUAD8       421       2     578     622     748     594     744     750+
+            749     643                                      55   0.0+0
CORD2R*               55               0           0.0+0           0.0+0*
*                  0.0+0-9.95184726672-1-9.80171403296-2           0.0+0*
*       -9.80171403296-2 9.95184726672-1           0.0+0                *
*
CQUAD8       422       2     622     586     621     748     745     738+
+            751     750                                      56   0.0+0
CORD2R*               56               0           0.0+0           0.0+0*
*                  0.0+0-9.56940335732-1-2.90284677254-1           0.0+0*
*       -2.90284677254-1 9.56940335732-1           0.0+0                *
*
CQUAD8       423       2     748     621     571     623     751     737+
+            746     752                                      57   0.0+0
CORD2R*               57               0           0.0+0           0.0+0*
*                  0.0+0-9.56940335732-1-2.90284677254-1           0.0+0*
*       -2.90284677254-1 9.56940335732-1           0.0+0                *
*
CQUAD8       424       2     594     748     623     561     749     752+
+            747     644                                      58   0.0+0
CORD2R*               58               0           0.0+0           0.0+0*
*                  0.0+0-9.95184726672-1-9.80171403296-2           0.0+0*
*       -9.80171403296-2 9.95184726672-1           0.0+0                *
*
CQUAD8       425       2     588     624     761     627     753     763+
+            762     760                                      59   0.0+0
CORD2R*               59               0           0.0+0           0.0+0*
*                  0.0+0 7.73010453363-1-6.34393284164-1           0.0+0*
*       -6.34393284164-1-7.73010453363-1           0.0+0                *
*
CQUAD8       426       2     624     589     625     761     754     755+
+            764     763                                      60   0.0+0
CORD2R*               60               0           0.0+0           0.0+0*
*                  0.0+0 8.81921264348-1-4.71396736826-1           0.0+0*
*       -4.71396736826-1-8.81921264348-1           0.0+0                *
*
CQUAD8       427       2     761     625     572     626     764     756+
+            757     765                                      61   0.0+0
CORD2R*               61               0           0.0+0           0.0+0*
*                  0.0+0 8.81921264348-1-4.71396736826-1           0.0+0*
*       -4.71396736826-1-8.81921264348-1           0.0+0                *
*
CQUAD8       428       2     627     761     626     573     762     765+
+            758     759                                      62   0.0+0
CORD2R*               62               0           0.0+0           0.0+0*
*                  0.0+0 7.73010453363-1-6.34393284164-1           0.0+0*
*       -6.34393284164-1-7.73010453363-1           0.0+0                *
*
CQUAD8       429       2     589     628     770     625     766     772+
+            771     755                                      63   0.0+0
CORD2R*               63               0           0.0+0           0.0+0*
*                  0.0+0 9.56940335732-1-2.90284677254-1           0.0+0*
*       -2.90284677254-1-9.56940335732-1           0.0+0                *
*
CQUAD8       430       2     628     585     617     770     767     725+
+            773     772                                      64   0.0+0
CORD2R*               64               0           0.0+0           0.0+0*
*                  0.0+0 9.95184726672-1-9.80171403296-2           0.0+0*
*       -9.80171403296-2-9.95184726672-1           0.0+0                *
*
CQUAD8       431       2     770     617     569     629     773     724+
+            768     774                                      65   0.0+0
CORD2R*               65               0           0.0+0           0.0+0*
*                  0.0+0 9.95184726672-1-9.80171403296-2           0.0+0*
*       -9.80171403296-2-9.95184726672-1           0.0+0                *
*
CQUAD8       432       2     625     770     629     572     771     774+
+            769     756                                      66   0.0+0
CORD2R*               66               0           0.0+0           0.0+0*
*                  0.0+0 9.56940335732-1-2.90284677254-1           0.0+0*
*       -2.90284677254-1-9.56940335732-1           0.0+0                *
*
$--1---><--2---><--3---><--4---><--5---><--6---><--7---><--8---><--9---><--10-->
$$$$$$$$$$$$$$$$$$$$$$$$$$$$$$$$$$$$ force $$$$$$$$$$$$$$$$$$$$$$$$$$$$$$$$$$$$$
FORCE*                 2               2               0           1.0+0*
*                  0.0+0 1.24985128021-1           0.0+0
FORCE*                 2              24               0           1.0+0*
*                  0.0+0 1.24985128021-1           0.0+0
FORCE*                 2             591               0           1.0+0*
*                  0.0+0 2.08341598232-2           0.0+0
FORCE*                 2             777               0           1.0+0*
*                  0.0+0 8.33366392929-2           0.0+0
FORCE*                 2             631               0           1.0+0*
*                  0.0+0 4.16683196465-2           0.0+0
FORCE*                 2             778               0           1.0+0*
*                  0.0+0 8.33366392929-2           0.0+0
FORCE*                 2             574               0           1.0+0*
*                  0.0+0 2.08341598232-2           0.0+0
FORCE*                 2            1356               0           1.0+0*
*                  0.0+0 3.12512385144-2           0.0+0
FORCE*                 2             916               0           1.0+0*
*                  0.0+0 3.12512385157-2           0.0+0
FORCE*                 2             818               0           1.0+0*
*                  0.0+0 1.56256192571-2           0.0+0
FORCE*                 2            1367               0           1.0+0*
*                  0.0+0 3.12512385169-2           0.0+0
FORCE*                 2             901               0           1.0+0*
*                  0.0+0 3.12512385251-2           0.0+0
FORCE*                 2            1399               0           1.0+0*
*                  0.0+0 3.12512385332-2           0.0+0
FORCE*                 2             927               0           1.0+0*
*                  0.0+0 3.12512385343-2           0.0+0
FORCE*                 2            1407               0           1.0+0*
*                  0.0+0 3.12512385353-2           0.0+0
FORCE*                 2             840               0           1.0+0*
*                  0.0+0 1.56256192677-2           0.0+0
FORCE*                 2             479               0           1.0+0*
*                  0.0+0 3.12512397349-2           0.0+0
FORCE*                 2             231               0           1.0+0*
*                  0.0+0 6.25024794697-2           0.0+0
FORCE*                 2             211               0           1.0+0*
*                  0.0+0 6.25024794697-2           0.0+0
FORCE*                 2             234               0           1.0+0*
*                  0.0+0 6.25024794697-2           0.0+0
FORCE*                 2             462               0           1.0+0*
*                  0.0+0 3.12512397349-2           0.0+0
$--1---><--2---><--3---><--4---><--5---><--6---><--7---><--8---><--9---><--10-->
LOAD           1   1.0+0   1.0+0       2
ENDDATA 
