1
 
 
 
 
                      Warning: This computer program is protected by copyright law and international treaties.       
                  Unauthorized use, reproduction or distribution of this computer program, or any portion of it, may 
                                          result in severe civil and criminal penalties.                             
                         Copyright (C) 2024 Hexagon AB and/or its subsidiaries. All rights reserved.                 
 
 
                                              * * * * * * * * * * * * * * * * * * * *
                                              * * * * * * * * * * * * * * * * * * * *
                                              * *                                 * *
                                              * *           Hexagon AB            * *
                                              * *                                 * *
                                              * *                                 * *
                                              * *      M S C   N a s t r a n      * *
                                              * *                                 * *
                                              * *                                 * *
                                              * *                                 * *
                                              * *     Version 2024.2-af13cbfd     * *
                                              * *                                 * *
                                              * *                                 * *
                                              * *                                 * *
                                              * *          NOV 21, 2024           * *
                                              * *                                 * *
                                              * *              Intel              * *
                                              * *MODEL Intel(R) Xeon(R) W-2223 CP * *
                                              * *     Windows 10 Pro 6.2 9200     * *
                                              * *        Compiled for 8664        * *
                                              * *                                 * *
                                              * * * * * * * * * * * * * * * * * * * *
                                              * * * * * * * * * * * * * * * * * * * *
1News file
  
               Welcome to MSC Nastran 2024.2
  
   MSC Nastran brings powerful new features and enhancements for engineering
   solutions in several releases through the year. Key enhancements in
   Version 2024.2 are summarized below. Addtional details can be found in
   the MSC Nastran Version 2024.2 Release Guide.
  
     MSC Nastran 2024.2 Features and Enhancements
  
     High Performance Computing (HPC) for NVH
     - Improved performance for ACMS, especially for large solid models
     - Improved performance for FASTFR, particularly when structural
       damping is present
     - General performance improvement for high frequency acoustics
     - Improved diagnostics for linear solution available in LOG file
       Information includes solver selection and memory use
  
     Topology Optimization
     - SOL 200 NEO Topology Optimization for generative design with support for
       manufacturing constraints. Optimized CAD geometry and mesh output for
       every design cycle.
  
     High Performance SOL 400 (NLPERF)
     - Support Lagrange Multiplier for MPC and Rigid Elements
     - Controls distributed surface load computation for shell elements with
       offsets and the use of an additional enhancement for computing the
       average nodal normal vector
     - GPFORCE and ESE can be requested in ANALYSIS=NLSTAT
     - OUTCTRL={STD,SOLUTION,INTERM} keyword in NLOPRM case control statement is
       available
  
     Linear
     - Global-Local analysis in SOL 101 and 103. Creates a local model based on
       a user-provided definition (CARVE) and replaces the rest of the model
       with an external superelement. Allows for detailed local studies without
       having to solve the entire model every time.
     - Multiple Output requests of the same result item in linear solutions
       (SOL 101, 103, 108, 109, 111, 112) through the use of repeated output
       request subcase, REPCASE.
  
     NVH (Vibroacoustics)
     Automated skinning of solid elements free surfaces
     - Identify residual structure solid elements' exposed surfaces, and create
       required triangular or quadilateral shell elements on top of it
     - Stress and strain data recovery available for skinned shell elements
     - Supported in Linear solution sequences
     Acoustic Fluid Grid Participation Factors from fluid skin grids in touch
       with either structure wetted surface or trim components
1    Mass matrix support in Cohesive elements
     - supports mass matrix in cohesive elements for glue line modeling.
     Improved solution time and reduced disk space for Nastran-PEM models
  
     Aeroelasticity
     - Flutter Perturbation Step available in SOL 400 Nonlinear
  
     HDF5 hybrid precision output file
     - Allows writing of 32-bit real and 64-bit integer data to H5 file
     - Combines small size of 32-bit and high value domain ID of 64-bit
  
      Inertia Relief with External Superelements
     - For external superelements, inertia relief is now supported for the
       following three options: EXTSEOUT MATDB(MATRIXDB), EXTSEOUT DMIGDB, and
       EXTSEOUT DMIGOP2 for INREL = -1 and INREL = -2.
     - For the above three external superelement options, checks are now
       performed internally to insure that the inertia relief specifications
       between external superelement and the assembly run are consistent.
     - When verifying results, the user is reminded that with inertia relief,
       the displacements are relative displacements and may not in any way match
       the results of say a model containing all the external superelements
       processed as standard part superelements. However, element results
       such as force or stress should match closely between the two types of runs
       if consistently modeled.
  
  
     Documentation
     - The complete documentation set is provided in a separate installer and
       when installed is available at: MSC_DOC_DIR/doc/pdf_nastran directory,
       where MSC_DOC_DIR is the directory where documentation was installed.
       This help set includes cross references between documents, and links to
       how-to videos, and example files
  
     Individual MSC Nastran documents are available for download from the
       Simcompanion Website at:
       http://simcompanion.hexagon.com/
  
     The documentation set includes the following:
  
         1.  MSC Nastran 2024.2 Installation and Operations Guide
         2.  MSC Nastran 2024.2 Quick Reference Guide
         3.  MSC Nastran 2024.2 Release Guide
         4.  MSC Nastran 2024.2 Linear Statics Analysis User's Guide
         5.  MSC Nastran 2024.2 Dynamic Analysis User's Guide
         6.  MSC Nastran 2024.2 Superelements User's Guide
         7.  MSC Nastran 2024.2 Rotordynamics User's Guide
         8.  MSC Nastran 2024.2 Demonstration Problems Manual
         9.  MSC Nastran 2024.2 Nastran Embedded Fatigue User's Guide
        10.  MSC Nastran 2024.2 Design Sensitivity and Optimization
        11.  MSC Nastran 2024.2 Nonlinear User's Guide SOL 400
1       12.  MSC Nastran 2024.2 DMAP Programmer's Guide
        13.  MSC Nastran 2024.2 High Performance Computing User's Guide
        14.  MSC Nastran 2024.2 New Verification Manual
        15.  MSC Nastran 2024.2 DEMATD Guide
        16.  MSC Nastran 2024.2 Explicit Nonlinear (SOL 700) User's Guide
        17.  MSC Nastran 2024.2 ACMS User's Guide
  
   Please refer to  MSC_DOC_DIR/doc/pdf_nastran/nastran_library.pdf
   for the complete document set:
  
  
   Additional information about the release can be found at the MSC Nastran
   Product Support page: http://simcompanion.hexagon.com
  
   The support page provides links to these valuable information:
      * A searchable Knowledge Base containing examples and answers to thousands
        of frequently asked questions written by MSC Software subject-matter
        experts.
      * Peer-to-peer Discussion Forums enabling you to post questions for your
        MSC Software products and receive answers from other users worldwide.
      * A list of known issues with the product and any workarounds.
      * Instructions on how to contact technical support
      * A mechanism for sending us product feedback or enhancement requests.
      * Hardware and software requirements.
      * Examples and Tutorials
      * and much more.
  
   For information on training, please visit our Training web site
  
      https://hexagon.com/support-success/manufacturing-intelligence/
      design-engineering-support/training-materials
  
1                                                                              JUNE  20, 2025  MSC Nastran 11/21/24   PAGE     1
                                                                                                                                    
0        N A S T R A N    F I L E    A N D    S Y S T E M    P A R A M E T E R    E C H O                                           
0                                                                                                                                   
                                                                                                                                    
                                                                                                                                    
     $ SYSFIELD=SCR*(RAW=YES,BUFFIO=YES,WNUM=16,WSIZE=16MB) $(C:/PROGRAM FILES/MSC.SO
     $ SYSFIELD=DBALL(RAW=YES,BUFFIO=YES,WNUM=16,WSIZE=16MB) $(C:/PROGRAM FILES/MSC.S
     NASTRAN BUFFSIZE=65537 $(C:/PROGRAM FILES/MSC.SOFTWARE/MSC_NASTRAN/2024.2/CONF/N
     NASTRAN PARALLEL=1 $([3])                                                       
     $ GENERATED BY MECWAY 29                                                        
     $-------------EXECUTIVE CONTROL SECTION-------------                            
1                                                                              JUNE  20, 2025  MSC Nastran 11/21/24   PAGE     2
                                                                                                                                    
0        N A S T R A N    E X E C U T I V E    C O N T R O L    E C H O                                                             
0                                                                                                                                   
                                                                                                                                    
                                                                                                                                    
     SOL 105                                                                                 
     CEND                                                                                    
1                                                                              JUNE  20, 2025  MSC Nastran 11/21/24   PAGE     3
                                                                                                                                    
0                                                                                                                                   
0                                        C A S E    C O N T R O L    E C H O                                                        
                 COMMAND                                                                                                            
                 COUNT                                                                                                              
                  1      $---------------CASE CONTROL SECTION----------------                                    
                  2      DISPLACEMENT = ALL                                                                      
                  3      $                                                                                       
                  4        ACCELERATION(PRINT,PLOT) = ALL                                                        
                  5        DISPLACEMENT(PRINT, PLOT) = ALL                                                       
 *** USER WARNING MESSAGE 602 (IFP1D)
     TWO OR MORE OF THE ABOVE CARD TYPES DETECTED WHERE ONLY ONE IS
     LEGAL.   THE LAST FOUND WILL BE USED.
                  6        GPFORCE(PRINT, PLOT) = ALL                                                            
                  7        MPCFORCES(PRINT, PLOT) = ALL                                                          
                  8        OLOAD(PRINT, PLOT)= ALL                                                               
                  9        SPCFORCES(PRINT, PLOT) = ALL                                                          
                 10        FORCE(PRINT, PLOT) = ALL                                                              
                 11        STRESS(PRINT, PLOT, CORNER)= ALL                                                      
                 12        STRAIN(PRINT, PLOT, CORNER)= ALL                                                      
                 13      $                                                                                       
                 14      SPC = 1                                                                                 
                 15      SUBCASE 1                                                                               
                 16      LOAD = 1                                                                                
                 17      SUBCASE 2                                                                               
                 18      METHOD = 1                                                                              
                 19      BEGIN BULK                                                                              
1                                                                              JUNE  20, 2025  MSC Nastran 11/21/24   PAGE     4
                                                                                                                                    
0                                                                                                                                   
                                              I N P U T   B U L K   D A T A   E C H O                                               
                 ENTRY                                                                                                              
                 COUNT        .   1  ..   2  ..   3  ..   4  ..   5  ..   6  ..   7  ..   8  ..   9  ..  10  .                      
 *** USER WARNING MESSAGE 9994 (BULKEF)
      The following lines could not be processed by the current IFPSTAR rule base.
      They are being passed to Classic IFP for an additional attempt at resolution.
                                PARAM, POST,-1
1                                                                              JUNE  20, 2025  MSC Nastran 11/21/24   PAGE     5
                                                                                                                                    
0                                                                                                                                   
                                                  S O R T E D   B U L K   D A T A   E C H O                                         
                 ENTRY                                                                                                              
                 COUNT        .   1  ..   2  ..   3  ..   4  ..   5  ..   6  ..   7  ..   8  ..   9  ..  10  .                      
                    1-        CQUAD4 *1               1               44              18              *
                    2-        *       41              47              -90.            0.
                    3-        CQUAD4 *2               1               44              16              *
                    4-        *       45              47              -90.            0.
                    5-        CQUAD4 *3               1               47              45              *
                    6-        *       14              46              -90.            0.
                    7-        CQUAD4 *4               1               41              47              *
                    8-        *       46              13              -90.            0.
                    9-        CQUAD4 *5               1               16              48              *
                   10-        *       51              45              -90.            0.
                   11-        CQUAD4 *6               1               48              12              *
                   12-        *       49              51              -90.            0.
                   13-        CQUAD4 *7               1               51              49              *
                   14-        *       4               50              -90.            0.
                   15-        CQUAD4 *8               1               45              51              *
                   16-        *       50              14              -90.            0.
                   17-        CQUAD4 *9               1               1               19              *
                   18-        *       23              22              0.              0.
                   19-        CQUAD4 *10              1               19              5               *
                   20-        *       20              23              0.              0.
                   21-        CQUAD4 *11              1               23              20              *
                   22-        *       10              21              0.              0.
                   23-        CQUAD4 *12              1               22              23              *
                   24-        *       21              9               0.              0.
                   25-        CQUAD4 *13              1               10              24              *
                   26-        *       27              21              -90.            0.
                   27-        CQUAD4 *14              1               24              7               *
                   28-        *       25              27              -90.            0.
                   29-        CQUAD4 *15              1               27              25              *
                   30-        *       17              26              -90.            0.
                   31-        CQUAD4 *16              1               21              27              *
                   32-        *       26              9               -90.            0.
                   33-        CQUAD4 *17              1               7               28              *
                   34-        *       31              25              -90.            0.
                   35-        CQUAD4 *18              1               11              28              *
                   36-        *       31              29              -90.            0.
                   37-        CQUAD4 *19              1               29              31              *
                   38-        *       30              6               -90.            0.
                   39-        CQUAD4 *20              1               25              31              *
                   40-        *       30              17              -90.            0.
                   41-        CQUAD4 *21              1               32              11              *
                   42-        *       29              35              -90.            0.
                   43-        CQUAD4 *22              1               15              32              *
                   44-        *       35              33              -90.            0.
                   45-        CQUAD4 *23              1               33              35              *
1                                                                              JUNE  20, 2025  MSC Nastran 11/21/24   PAGE     6
                                                                                                                                    
0                                                                                                                                   
                                                  S O R T E D   B U L K   D A T A   E C H O                                         
                 ENTRY                                                                                                              
                 COUNT        .   1  ..   2  ..   3  ..   4  ..   5  ..   6  ..   7  ..   8  ..   9  ..  10  .                      
                   46-        *       34              8               -90.            0.
                   47-        CQUAD4 *24              1               35              29              *
                   48-        *       6               34              -90.            0.
                   49-        CQUAD4 *25              1               36              15              *
                   50-        *       33              39              -90.            0.
                   51-        CQUAD4 *26              1               3               36              *
                   52-        *       39              37              -90.            0.
                   53-        CQUAD4 *27              1               39              37              *
                   54-        *       2               38              -90.            0.
                   55-        CQUAD4 *28              1               33              39              *
                   56-        *       38              8               -90.            0.
                   57-        CQUAD4 *29              1               40              3               *
                   58-        *       37              43              -90.            0.
                   59-        CQUAD4 *30              1               18              40              *
                   60-        *       43              41              -90.            0.
                   61-        CQUAD4 *31              1               43              41              *
                   62-        *       13              42              -90.            0.
                   63-        CQUAD4 *32              1               37              43              *
                   64-        *       42              2               -90.            0.
                   65-        EIGRL  *1                                               3               *
                   66-        *       0                               1000.           MASS
                   67-        FORCE  *1               4               0               1.              *
                   68-        *       0.              -.25            0.
                   69-        FORCE  *1               12              0               1.              *
                   70-        *       0.              -.25            0.
                   71-        FORCE  *1               49              0               1.              *
                   72-        *       0.              -.5             0.
                   73-        GRID   *1               0               0.              0.              *
                   74-        *       0.              0
                   75-        GRID   *2               0               0.              .625            *
                   76-        *       0.              0
                   77-        GRID   *3               0               .05             .625            *
                   78-        *       0.              0
                   79-        GRID   *4               0               0.              1.              *
                   80-        *       0.              0
                   81-        GRID   *5               0               .05             0.              *
                   82-        *       0.              0
                   83-        GRID   *6               0               0.              .375            *
                   84-        *       0.              0
                   85-        GRID   *7               0               .05             .25             *
                   86-        *       0.              0
                   87-        GRID   *8               0               0.              .5              *
                   88-        *       0.              0
                   89-        GRID   *9               0               0.              .125            *
                   90-        *       0.              0
1                                                                              JUNE  20, 2025  MSC Nastran 11/21/24   PAGE     7
                                                                                                                                    
0                                                                                                                                   
                                                  S O R T E D   B U L K   D A T A   E C H O                                         
                 ENTRY                                                                                                              
                 COUNT        .   1  ..   2  ..   3  ..   4  ..   5  ..   6  ..   7  ..   8  ..   9  ..  10  .                      
                   91-        GRID   *10              0               .05             .125            *
                   92-        *       0.              0
                   93-        GRID   *11              0               .05             .375            *
                   94-        *       0.              0
                   95-        GRID   *12              0               .05             1.              *
                   96-        *       0.              0
                   97-        GRID   *13              0               0.              .75             *
                   98-        *       0.              0
                   99-        GRID   *14              0               0.              .875            *
                  100-        *       0.              0
                  101-        GRID   *15              0               .05             .5              *
                  102-        *       0.              0
                  103-        GRID   *16              0               .05             .875            *
                  104-        *       0.              0
                  105-        GRID   *17              0               0.              .25             *
                  106-        *       0.              0
                  107-        GRID   *18              0               .05             .75             *
                  108-        *       0.              0
                  109-        GRID   *19              0               .025            0.              *
                  110-        *       0.              0
                  111-        GRID   *20              0               .05             .0625           *
                  112-        *       0.              0
                  113-        GRID   *21              0               .025            .125            *
                  114-        *       0.              0
                  115-        GRID   *22              0               0.              .0625           *
                  116-        *       0.              0
                  117-        GRID   *23              0               .025            .0625           *
                  118-        *       0.              0
                  119-        GRID   *24              0               .05             .1875           *
                  120-        *       0.              0
                  121-        GRID   *25              0               .025            .25             *
                  122-        *       0.              0
                  123-        GRID   *26              0               0.              .1875           *
                  124-        *       0.              0
                  125-        GRID   *27              0               .025            .1875           *
                  126-        *       0.              0
                  127-        GRID   *28              0               .05             .3125           *
                  128-        *       0.              0
                  129-        GRID   *29              0               .025            .375            *
                  130-        *       0.              0
                  131-        GRID   *30              0               0.              .3125           *
                  132-        *       0.              0
                  133-        GRID   *31              0               .025            .3125           *
                  134-        *       0.              0
                  135-        GRID   *32              0               .05             .4375           *
1                                                                              JUNE  20, 2025  MSC Nastran 11/21/24   PAGE     8
                                                                                                                                    
0                                                                                                                                   
                                                  S O R T E D   B U L K   D A T A   E C H O                                         
                 ENTRY                                                                                                              
                 COUNT        .   1  ..   2  ..   3  ..   4  ..   5  ..   6  ..   7  ..   8  ..   9  ..  10  .                      
                  136-        *       0.              0
                  137-        GRID   *33              0               .025            .5              *
                  138-        *       0.              0
                  139-        GRID   *34              0               0.              .4375           *
                  140-        *       0.              0
                  141-        GRID   *35              0               .025            .4375           *
                  142-        *       0.              0
                  143-        GRID   *36              0               .05             .5625           *
                  144-        *       0.              0
                  145-        GRID   *37              0               .025            .625            *
                  146-        *       0.              0
                  147-        GRID   *38              0               0.              .5625           *
                  148-        *       0.              0
                  149-        GRID   *39              0               .025            .5625           *
                  150-        *       0.              0
                  151-        GRID   *40              0               .05             .6875           *
                  152-        *       0.              0
                  153-        GRID   *41              0               .025            .75             *
                  154-        *       0.              0
                  155-        GRID   *42              0               0.              .6875           *
                  156-        *       0.              0
                  157-        GRID   *43              0               .025            .6875           *
                  158-        *       0.              0
                  159-        GRID   *44              0               .05             .8125           *
                  160-        *       0.              0
                  161-        GRID   *45              0               .025            .875            *
                  162-        *       0.              0
                  163-        GRID   *46              0               0.              .8125           *
                  164-        *       0.              0
                  165-        GRID   *47              0               .025            .8125           *
                  166-        *       0.              0
                  167-        GRID   *48              0               .05             .9375           *
                  168-        *       0.              0
                  169-        GRID   *49              0               .025            1.              *
                  170-        *       0.              0
                  171-        GRID   *50              0               0.              .9375           *
                  172-        *       0.              0
                  173-        GRID   *51              0               .025            .9375           *
                  174-        *       0.              0
                  175-        MAT8   *1               50000000000.    100000000000.   0.              *
                  176-        *       25000000000.    25000000000.    25000000000.    0.              *
                  177-        *       0.              0.              0.
                  178-        MAT8   *2               200000000000.   200000000000.   0.              *
                  179-        *       100000000000.   100000000000.   100000000000.   0.              *
                  180-        *       0.              0.              0.
1                                                                              JUNE  20, 2025  MSC Nastran 11/21/24   PAGE     9
                                                                                                                                    
0                                                                                                                                   
                                                  S O R T E D   B U L K   D A T A   E C H O                                         
                 ENTRY                                                                                                              
                 COUNT        .   1  ..   2  ..   3  ..   4  ..   5  ..   6  ..   7  ..   8  ..   9  ..  10  .                      
                  181-        MAT8   *3               50000000000.    100000000000.   0.              *
                  182-        *       25000000000.    25000000000.    25000000000.    0.              *
                  183-        *       0.              0.              0.
                  184-        PARAM*  IORQ2T          2                                               +
                  185-        *
                  186-        PCOMP  *1                                                               *
                  187-        *                       0.                              SYM             *
                  188-        *       1               .005            0.              NO              *
                  189-        *       2               .005            0.              NO
                  190-        SPC    *1               1               1               0.
                  191-        SPC    *1               1               2               0.
                  192-        SPC    *1               1               3               0.
                  193-        SPC    *1               1               4               0.
                  194-        SPC    *1               1               6               0.
                  195-        SPC    *1               5               2               0.
                  196-        SPC    *1               5               3               0.
                  197-        SPC    *1               5               4               0.
                  198-        SPC    *1               5               6               0.
                  199-        SPC    *1               19              2               0.
                  200-        SPC    *1               19              3               0.
                  201-        SPC    *1               19              4               0.
                  202-        SPC    *1               19              6               0.
                              ENDDATA
                        TOTAL COUNT= 203
                              INPUT BULK DATA ENTRY COUNT = 208
1                                                                              JUNE  20, 2025  MSC Nastran 11/21/24   PAGE    10
                                                                                                                                    
0                                                                                                                                   
                                        M O D E L   S U M M A R Y          BULK = 0
                                   ENTRY NAME        NUMBER OF ENTRIES
                                   ----------        -----------------
                                       CQUAD4                       32
                                        EIGRL                        1
                                        FORCE                        3
                                         GRID                       51
                                         MAT8                        3
                                        PARAM                        1
                                        PCOMP                        1
                                     REJ_BULK                        5
                                          SPC                       13

 ^^^     
 ^^^ >>> IFP OPERATIONS COMPLETE <<< 
 ^^^     
1                                                                              JUNE  20, 2025  MSC Nastran 11/21/24   PAGE    11
                                                                                                                                    
0                                                                                                                                   
 *** USER INFORMATION MESSAGE 4379 (IFP6CS)
     PCOMP BULK DATA ENTRIES HAVE BEEN CONVERTED TO EQUIVALENT PSHELL AND MAT2 ENTRIES.
     TO VIEW THE PSHELL AND MAT2 ENTRIES, SPECIFY NASTRAN PRTPCOMP OR NASTRAN SYSTEM(361)=1.
 *** USER INFORMATION MESSAGE 4109 (OUTPX2)
     THE LABEL IS XXXXXXXX FOR FORTRAN UNIT    12
     (MAXIMUM SIZE OF FORTRAN RECORDS WRITTEN =          7 WORDS.)
           (NUMBER OF FORTRAN RECORDS WRITTEN =          8 RECORDS.)
                (TOTAL DATA WRITTEN FOR LABEL =         17 WORDS.)
 *** USER INFORMATION MESSAGE 4114 (OUTPX2)
     DATA BLOCK GEOM1X   WRITTEN ON FORTRAN UNIT    12 IN BINARY (LTLEND) FORMAT USING NDDL DESCRIPTION FOR GEOM168, TRL =
                    101                 0                 0                 8                 0                 0                 0
     NAME OF DATA BLOCK WRITTEN ON FORTRAN UNIT IS GEOM1   
        (MAXIMUM POSSIBLE FORTRAN RECORD SIZE =      131074 WORDS.)
     (MAXIMUM SIZE OF FORTRAN RECORDS WRITTEN =         411 WORDS.)
           (NUMBER OF FORTRAN RECORDS WRITTEN =          20 RECORDS.)
           (TOTAL DATA WRITTEN FOR DATA BLOCK =         442 WORDS.)
 *** USER INFORMATION MESSAGE 4114 (OUTPX2)
     DATA BLOCK GEOM2X   WRITTEN ON FORTRAN UNIT    12 IN BINARY (LTLEND) FORMAT USING NDDL DESCRIPTION FOR GEOM201, TRL =
                    102                 0                 0                 0              8192                 0                 0
     NAME OF DATA BLOCK WRITTEN ON FORTRAN UNIT IS GEOM2   
        (MAXIMUM POSSIBLE FORTRAN RECORD SIZE =      131074 WORDS.)
     (MAXIMUM SIZE OF FORTRAN RECORDS WRITTEN =         451 WORDS.)
           (NUMBER OF FORTRAN RECORDS WRITTEN =          20 RECORDS.)
           (TOTAL DATA WRITTEN FOR DATA BLOCK =         482 WORDS.)
 *** USER INFORMATION MESSAGE 4114 (OUTPX2)
     DATA BLOCK GEOM3X   WRITTEN ON FORTRAN UNIT    12 IN BINARY (LTLEND) FORMAT USING NDDL DESCRIPTION FOR GEOM301, TRL =
                    103                 0                 0                64                 0                 0                 0
     NAME OF DATA BLOCK WRITTEN ON FORTRAN UNIT IS GEOM3   
        (MAXIMUM POSSIBLE FORTRAN RECORD SIZE =      131074 WORDS.)
     (MAXIMUM SIZE OF FORTRAN RECORDS WRITTEN =          24 WORDS.)
           (NUMBER OF FORTRAN RECORDS WRITTEN =          20 RECORDS.)
           (TOTAL DATA WRITTEN FOR DATA BLOCK =          55 WORDS.)
 *** USER INFORMATION MESSAGE 4114 (OUTPX2)
     DATA BLOCK GEOM4X   WRITTEN ON FORTRAN UNIT    12 IN BINARY (LTLEND) FORMAT USING NDDL DESCRIPTION FOR GEOM4705, TRL =
                    104                 0                 0                 0               512                 0                 0
     NAME OF DATA BLOCK WRITTEN ON FORTRAN UNIT IS GEOM4   
        (MAXIMUM POSSIBLE FORTRAN RECORD SIZE =      131074 WORDS.)
     (MAXIMUM SIZE OF FORTRAN RECORDS WRITTEN =          55 WORDS.)
           (NUMBER OF FORTRAN RECORDS WRITTEN =          20 RECORDS.)
           (TOTAL DATA WRITTEN FOR DATA BLOCK =          86 WORDS.)
 *** USER INFORMATION MESSAGE 4114 (OUTPX2)
     DATA BLOCK EPTX     WRITTEN ON FORTRAN UNIT    12 IN BINARY (LTLEND) FORMAT USING NDDL DESCRIPTION FOR EPT01, TRL =
                    105                 0               544                 0                 0                 0                 0
     NAME OF DATA BLOCK WRITTEN ON FORTRAN UNIT IS EPT     
        (MAXIMUM POSSIBLE FORTRAN RECORD SIZE =      131074 WORDS.)
     (MAXIMUM SIZE OF FORTRAN RECORDS WRITTEN =          19 WORDS.)
           (NUMBER OF FORTRAN RECORDS WRITTEN =          25 RECORDS.)
           (TOTAL DATA WRITTEN FOR DATA BLOCK =          68 WORDS.)
1                                                                              JUNE  20, 2025  MSC Nastran 11/21/24   PAGE    12
                                                                                                                                    
0                                                                                                                                   
0                                                                                                                                   
                                                                                                                                    
                                                                                                                                    
 *** USER INFORMATION MESSAGE 4114 (OUTPX2)
     DATA BLOCK MPTS     WRITTEN ON FORTRAN UNIT    12 IN BINARY (LTLEND) FORMAT USING NDDL DESCRIPTION FOR MPTS, TRL =
                    101             16384               128                 0                 0                 0                 0
     NAME OF DATA BLOCK WRITTEN ON FORTRAN UNIT IS MPT     
        (MAXIMUM POSSIBLE FORTRAN RECORD SIZE =      131074 WORDS.)
     (MAXIMUM SIZE OF FORTRAN RECORDS WRITTEN =          72 WORDS.)
           (NUMBER OF FORTRAN RECORDS WRITTEN =          25 RECORDS.)
           (TOTAL DATA WRITTEN FOR DATA BLOCK =         167 WORDS.)
 *** USER INFORMATION MESSAGE 4114 (OUTPX2)
     DATA BLOCK DYNAMICS WRITTEN ON FORTRAN UNIT    12 IN BINARY (LTLEND) FORMAT USING NDDL DESCRIPTION FOR DYNAMICS, TRL =
                    103               256                 0                 0                 0                 0                 0
     NAME OF DATA BLOCK WRITTEN ON FORTRAN UNIT IS DYNAMICS
        (MAXIMUM POSSIBLE FORTRAN RECORD SIZE =      131074 WORDS.)
     (MAXIMUM SIZE OF FORTRAN RECORDS WRITTEN =          30 WORDS.)
           (NUMBER OF FORTRAN RECORDS WRITTEN =          20 RECORDS.)
           (TOTAL DATA WRITTEN FOR DATA BLOCK =          61 WORDS.)
 *** USER INFORMATION MESSAGE 4114 (OUTPX2)
     DATA BLOCK CASESO   WRITTEN ON FORTRAN UNIT    12 IN BINARY (LTLEND) FORMAT USING NDDL DESCRIPTION FOR CASES, TRL =
                    101                 2                 0              1000                 0                 0                 0
     NAME OF DATA BLOCK WRITTEN ON FORTRAN UNIT IS CASECC  
        (MAXIMUM POSSIBLE FORTRAN RECORD SIZE =      131074 WORDS.)
     (MAXIMUM SIZE OF FORTRAN RECORDS WRITTEN =        1000 WORDS.)
           (NUMBER OF FORTRAN RECORDS WRITTEN =          20 RECORDS.)
           (TOTAL DATA WRITTEN FOR DATA BLOCK =        2028 WORDS.)
1                                                                              JUNE  20, 2025  MSC Nastran 11/21/24   PAGE    13
                                                                                                                                    
0                                                                                                                                   
 *** USER INFORMATION MESSAGE 7310 (VECPRN)
     ORIGIN OF SUPERELEMENT OR MODULE BASIC COORDINATE SYSTEM WILL BE USED AS REFERENCE LOCATION.
     RESULTANTS ABOUT ORIGIN OF SUPERELEMENT OR MODULE BASIC COORDINATE SYSTEM IN SUPERELEMENT OR MODULE
     BASIC SYSTEM COORDINATES.
0                                                  OLOAD    RESULTANT       
  SUBCASE/    LOAD
  DAREA ID    TYPE       T1            T2            T3            R1            R2            R3
0        1     FX    0.000000E+00     ----          ----          ----       0.000000E+00  0.000000E+00                             
               FY       ----      -1.000000E+00     ----       0.000000E+00     ----      -2.500000E-02                             
               FZ       ----          ----       0.000000E+00  0.000000E+00  0.000000E+00     ----                                  
               MX       ----          ----          ----       0.000000E+00     ----          ----                                  
               MY       ----          ----          ----          ----       0.000000E+00     ----                                  
               MZ       ----          ----          ----          ----          ----       0.000000E+00                             
             TOTALS  0.000000E+00 -1.000000E+00  0.000000E+00  0.000000E+00  0.000000E+00 -2.500000E-02
1                                                                              JUNE  20, 2025  MSC Nastran 11/21/24   PAGE    14
                                                                                                                                    
0                                                                                                                                   
 *** USER INFORMATION MESSAGE 7310 (VECPRN)
     ORIGIN OF SUPERELEMENT OR MODULE BASIC COORDINATE SYSTEM WILL BE USED AS REFERENCE LOCATION.
     RESULTANTS ABOUT ORIGIN OF SUPERELEMENT OR MODULE BASIC COORDINATE SYSTEM IN SUPERELEMENT OR MODULE
     BASIC SYSTEM COORDINATES.
0                                                  OLOAD    RESULTANT       
  SUBCASE/    LOAD
  DAREA ID    TYPE       T1            T2            T3            R1            R2            R3
0        2     FX    0.000000E+00     ----          ----          ----       0.000000E+00  0.000000E+00                             
               FY       ----       0.000000E+00     ----       0.000000E+00     ----       0.000000E+00                             
               FZ       ----          ----       0.000000E+00  0.000000E+00  0.000000E+00     ----                                  
               MX       ----          ----          ----       0.000000E+00     ----          ----                                  
               MY       ----          ----          ----          ----       0.000000E+00     ----                                  
               MZ       ----          ----          ----          ----          ----       0.000000E+00                             
             TOTALS  0.000000E+00  0.000000E+00  0.000000E+00  0.000000E+00  0.000000E+00  0.000000E+00
1                                                                              JUNE  20, 2025  MSC Nastran 11/21/24   PAGE    15
                                                                                                                                    
0                                                                                                            SUBCASE 1              
 *** USER INFORMATION MESSAGE 5293 (SSG3B)
    FOR DATA BLOCK KLL     
    LOAD SEQ. NO.             EPSILON              EXTERNAL WORK      EPSILONS LARGER THAN 0.001 ARE FLAGGED WITH ASTERISKS
                1         -1.2664041E-14          3.3333333E-09
1                                                                              JUNE  20, 2025  MSC Nastran 11/21/24   PAGE    16
                                                                                                                                    
0                                                                                                                                   
 *** USER INFORMATION MESSAGE 7310 (VECPRN)
     ORIGIN OF SUPERELEMENT OR MODULE BASIC COORDINATE SYSTEM WILL BE USED AS REFERENCE LOCATION.
     RESULTANTS ABOUT ORIGIN OF SUPERELEMENT OR MODULE BASIC COORDINATE SYSTEM IN SUPERELEMENT OR MODULE
     BASIC SYSTEM COORDINATES.
0                                                  SPCFORCE RESULTANT       
  SUBCASE/    LOAD
  DAREA ID    TYPE       T1            T2            T3            R1            R2            R3
0        1     FX    2.109424E-15     ----          ----          ----       0.000000E+00  0.000000E+00                             
               FY       ----       1.000000E+00     ----       0.000000E+00     ----       2.500000E-02                             
               FZ       ----          ----       0.000000E+00  0.000000E+00  0.000000E+00     ----                                  
               MX       ----          ----          ----       0.000000E+00     ----          ----                                  
               MY       ----          ----          ----          ----       0.000000E+00     ----                                  
               MZ       ----          ----          ----          ----          ----      -1.227053E-18                             
             TOTALS  2.109424E-15  1.000000E+00  0.000000E+00  0.000000E+00  0.000000E+00  2.500000E-02
1                                                                              JUNE  20, 2025  MSC Nastran 11/21/24   PAGE    17
                                                                                                                                    
0                                                                                                                                   
 *** USER INFORMATION MESSAGE 7310 (VECPRN)
     ORIGIN OF SUPERELEMENT OR MODULE BASIC COORDINATE SYSTEM WILL BE USED AS REFERENCE LOCATION.
     RESULTANTS ABOUT ORIGIN OF SUPERELEMENT OR MODULE BASIC COORDINATE SYSTEM IN SUPERELEMENT OR MODULE
     BASIC SYSTEM COORDINATES.
0                                                  MPCFORCE RESULTANT       
  SUBCASE/    LOAD
  DAREA ID    TYPE       T1            T2            T3            R1            R2            R3
0        1     FX    0.000000E+00     ----          ----          ----       0.000000E+00  0.000000E+00                             
               FY       ----       0.000000E+00     ----       0.000000E+00     ----       0.000000E+00                             
               FZ       ----          ----       0.000000E+00  0.000000E+00  0.000000E+00     ----                                  
               MX       ----          ----          ----       0.000000E+00     ----          ----                                  
               MY       ----          ----          ----          ----       0.000000E+00     ----                                  
               MZ       ----          ----          ----          ----          ----       0.000000E+00                             
             TOTALS  0.000000E+00  0.000000E+00  0.000000E+00  0.000000E+00  0.000000E+00  0.000000E+00
 *** USER WARNING MESSAGE 6418 (SDR2A)
     THE BILIN OPTION FOR STRESSES OVERRIDES ALL OTHER OPTIONS IN STRAIN AND FORCE COMMANDS.
 *** USER INFORMATION MESSAGE 4114 (OUTPX2)
     DATA BLOCK OQG1     WRITTEN ON FORTRAN UNIT    12 IN BINARY (LTLEND) FORMAT USING NDDL DESCRIPTION FOR OQG1, TRL =
                    101                 0               408                 0                 0                 0                 3
     NAME OF DATA BLOCK WRITTEN ON FORTRAN UNIT IS OQG1    
        (MAXIMUM POSSIBLE FORTRAN RECORD SIZE =      131074 WORDS.)
     (MAXIMUM SIZE OF FORTRAN RECORDS WRITTEN =         408 WORDS.)
           (NUMBER OF FORTRAN RECORDS WRITTEN =          20 RECORDS.)
           (TOTAL DATA WRITTEN FOR DATA BLOCK =         587 WORDS.)
 *** USER INFORMATION MESSAGE 4114 (OUTPX2)
     DATA BLOCK OQMG1    WRITTEN ON FORTRAN UNIT    12 IN BINARY (LTLEND) FORMAT USING NDDL DESCRIPTION FOR OQMG1, TRL =
                    102                 0               408                 0                 0                 0                 3
     NAME OF DATA BLOCK WRITTEN ON FORTRAN UNIT IS OQMG1   
        (MAXIMUM POSSIBLE FORTRAN RECORD SIZE =      131074 WORDS.)
     (MAXIMUM SIZE OF FORTRAN RECORDS WRITTEN =         408 WORDS.)
           (NUMBER OF FORTRAN RECORDS WRITTEN =          20 RECORDS.)
           (TOTAL DATA WRITTEN FOR DATA BLOCK =         587 WORDS.)
 *** USER INFORMATION MESSAGE 4114 (OUTPX2)
     DATA BLOCK OUG1     WRITTEN ON FORTRAN UNIT    12 IN BINARY (LTLEND) FORMAT USING NDDL DESCRIPTION FOR OUG1, TRL =
                    101                 0               408                 0                 0                 0                 3
     NAME OF DATA BLOCK WRITTEN ON FORTRAN UNIT IS OUG1    
        (MAXIMUM POSSIBLE FORTRAN RECORD SIZE =      131074 WORDS.)
     (MAXIMUM SIZE OF FORTRAN RECORDS WRITTEN =         408 WORDS.)
           (NUMBER OF FORTRAN RECORDS WRITTEN =          20 RECORDS.)
           (TOTAL DATA WRITTEN FOR DATA BLOCK =         587 WORDS.)
1                                                                              JUNE  20, 2025  MSC Nastran 11/21/24   PAGE    18
                                                                                                                                    
0                                                                                                            SUBCASE 1              
 
                                             D I S P L A C E M E N T   V E C T O R
 
      POINT ID.   TYPE          T1             T2             T3             R1             R2             R3
             1      G      0.0            0.0            0.0            0.0            0.0            0.0
             2      G     -1.670711E-20  -4.166667E-09   0.0            0.0            0.0            4.756950E-20
             3      G     -1.670841E-20  -4.166667E-09   0.0            0.0            0.0            4.829844E-20
             4      G     -3.720608E-20  -6.666667E-09   0.0            0.0            0.0            5.803055E-20
             5      G     -1.046700E-24   0.0            0.0            0.0            0.0            0.0
             6      G     -6.601587E-21  -2.500000E-09   0.0            0.0            0.0            3.229809E-20
             7      G     -3.092310E-21  -1.666667E-09   0.0            0.0            0.0            2.350441E-20
             8      G     -1.112647E-20  -3.333333E-09   0.0            0.0            0.0            4.056168E-20
             9      G     -7.734723E-22  -8.333333E-10   0.0            0.0            0.0            1.233263E-20
            10      G     -7.734692E-22  -8.333333E-10   0.0            0.0            0.0            1.233904E-20
            11      G     -6.602875E-21  -2.500000E-09   0.0            0.0            0.0            3.237782E-20
            12      G     -3.720586E-20  -6.666667E-09   0.0            0.0            0.0            5.794360E-20
            13      G     -2.304366E-20  -5.000000E-09   0.0            0.0            0.0            5.253664E-20
            14      G     -2.995688E-20  -5.833333E-09   0.0            0.0            0.0            5.685106E-20
            15      G     -1.112873E-20  -3.333333E-09   0.0            0.0            0.0            4.098685E-20
            16      G     -2.995796E-20  -5.833333E-09   0.0            0.0            0.0            5.662510E-20
            17      G     -3.092176E-21  -1.666667E-09   0.0            0.0            0.0            2.348902E-20
            18      G     -2.304548E-20  -5.000000E-09   0.0            0.0            0.0            5.353099E-20
            19      G     -8.203085E-25   0.0            0.0            0.0            0.0            0.0
            20      G     -1.969328E-22  -4.166667E-10   0.0            0.0            0.0            6.194908E-21
            21      G     -7.734858E-22  -8.333333E-10   0.0            0.0            0.0            1.234312E-20
            22      G     -1.971428E-22  -4.166667E-10   0.0            0.0            0.0            6.203390E-21
            23      G     -1.969629E-22  -4.166667E-10   0.0            0.0            0.0            6.197178E-21
            24      G     -1.761539E-21  -1.250000E-09   0.0            0.0            0.0            1.817737E-20
            25      G     -3.092190E-21  -1.666667E-09   0.0            0.0            0.0            2.349579E-20
            26      G     -1.761488E-21  -1.250000E-09   0.0            0.0            0.0            1.817759E-20
            27      G     -1.761561E-21  -1.250000E-09   0.0            0.0            0.0            1.817753E-20
            28      G     -4.745612E-21  -2.083333E-09   0.0            0.0            0.0            2.808319E-20
            29      G     -6.602288E-21  -2.500000E-09   0.0            0.0            0.0            3.233532E-20
            30      G     -4.746172E-21  -2.083333E-09   0.0            0.0            0.0            2.810721E-20
            31      G     -4.745894E-21  -2.083333E-09   0.0            0.0            0.0            2.811348E-20
            32      G     -8.735075E-21  -2.916667E-09   0.0            0.0            0.0            3.652511E-20
            33      G     -1.112754E-20  -3.333333E-09   0.0            0.0            0.0            4.078491E-20
            34      G     -8.737095E-21  -2.916667E-09   0.0            0.0            0.0            3.671468E-20
            35      G     -8.736137E-21  -2.916667E-09   0.0            0.0            0.0            3.662425E-20
            36      G     -1.380764E-20  -3.750000E-09   0.0            0.0            0.0            4.515984E-20
            37      G     -1.670759E-20  -4.166667E-09   0.0            0.0            0.0            4.791753E-20
            38      G     -1.380959E-20  -3.750000E-09   0.0            0.0            0.0            4.420647E-20
            39      G     -1.380859E-20  -3.750000E-09   0.0            0.0            0.0            4.468430E-20
            40      G     -1.979621E-20  -4.583333E-09   0.0            0.0            0.0            5.108163E-20
            41      G     -2.304429E-20  -5.000000E-09   0.0            0.0            0.0            5.303383E-20
            42      G     -1.979768E-20  -4.583333E-09   0.0            0.0            0.0            5.036926E-20
            43      G     -1.979698E-20  -4.583333E-09   0.0            0.0            0.0            5.073007E-20
            44      G     -2.642294E-20  -5.416667E-09   0.0            0.0            0.0            5.531919E-20
            45      G     -2.995737E-20  -5.833333E-09   0.0            0.0            0.0            5.672109E-20
            46      G     -2.642511E-20  -5.416667E-09   0.0            0.0            0.0            5.493689E-20
            47      G     -2.642409E-20  -5.416667E-09   0.0            0.0            0.0            5.512610E-20
            48      G     -3.356068E-20  -6.250000E-09   0.0            0.0            0.0            5.776542E-20
            49      G     -3.720584E-20  -6.666667E-09   0.0            0.0            0.0            5.800169E-20
            50      G     -3.356117E-20  -6.250000E-09   0.0            0.0            0.0            5.756515E-20
1                                                                              JUNE  20, 2025  MSC Nastran 11/21/24   PAGE    19
                                                                                                                                    
0                                                                                                            SUBCASE 1              
 
                                             D I S P L A C E M E N T   V E C T O R
 
      POINT ID.   TYPE          T1             T2             T3             R1             R2             R3
            51      G     -3.356105E-20  -6.250000E-09   0.0            0.0            0.0            5.756703E-20
1                                                                              JUNE  20, 2025  MSC Nastran 11/21/24   PAGE    20
                                                                                                                                    
0                                                                                                            SUBCASE 1              
 
                                                     L O A D   V E C T O R
 
      POINT ID.   TYPE          T1             T2             T3             R1             R2             R3
             4      G      0.0           -2.500000E-01   0.0            0.0            0.0            0.0
            12      G      0.0           -2.500000E-01   0.0            0.0            0.0            0.0
            49      G      0.0           -5.000000E-01   0.0            0.0            0.0            0.0
1                                                                              JUNE  20, 2025  MSC Nastran 11/21/24   PAGE    21
                                                                                                                                    
0                                                                                                            SUBCASE 1              
 
                               F O R C E S   O F   S I N G L E - P O I N T   C O N S T R A I N T
 
      POINT ID.   TYPE          T1             T2             T3             R1             R2             R3
             1      G      2.109424E-15   2.500000E-01   0.0            0.0            0.0           -3.080357E-19
             5      G      0.0            2.500000E-01   0.0            0.0            0.0           -3.060720E-19
            19      G      0.0            5.000000E-01   0.0            0.0            0.0           -6.129455E-19
1                                                                              JUNE  20, 2025  MSC Nastran 11/21/24   PAGE    22
                                                                                                                                    
0                                                                                                            SUBCASE 1              
 

                          F O R C E S   I N   Q U A D R I L A T E R A L   E L E M E N T S   ( Q U A D 4 )        OPTION = BILIN  
 
    ELEMENT                    - MEMBRANE  FORCES -                      - BENDING   MOMENTS -            - TRANSVERSE SHEAR FORCES -
      ID       GRID-ID     FX            FY            FXY           MX            MY            MXY           QX            QY
0         1    CEN/4 -2.000000E+01 -1.953952E-15 -1.564600E-13  0.0           0.0           0.0           0.0           0.0
                  44 -2.000000E+01  1.149427E-13 -1.564600E-13  0.0           0.0           0.0           0.0           0.0
                  18 -2.000000E+01 -1.188506E-13 -1.280383E-13  0.0           0.0           0.0           0.0           0.0
                  41 -2.000000E+01 -1.188506E-13 -2.275143E-13  0.0           0.0           0.0           0.0           0.0
                  47 -2.000000E+01  1.149427E-13 -1.564600E-13  0.0           0.0           0.0           0.0           0.0
0         2    CEN/4 -2.000000E+01  2.759959E-14 -1.875153E-15  0.0           0.0           0.0           0.0           0.0
                  44 -2.000000E+01  1.149427E-13 -1.875153E-15  0.0           0.0           0.0           0.0           0.0
                  16 -2.000000E+01 -5.974355E-14 -3.029686E-14  0.0           0.0           0.0           0.0           0.0
                  45 -2.000000E+01 -5.974355E-14  8.338998E-14  0.0           0.0           0.0           0.0           0.0
                  47 -2.000000E+01  1.149427E-13 -1.875153E-15  0.0           0.0           0.0           0.0           0.0
0         3    CEN/4 -2.000000E+01  2.696428E-14  2.214357E-13  0.0           0.0           0.0           0.0           0.0
                  47 -2.000000E+01  1.020438E-13  2.214357E-13  0.0           0.0           0.0           0.0           0.0
                  45 -2.000000E+01 -4.811527E-14  1.930140E-13  0.0           0.0           0.0           0.0           0.0
                  14 -2.000000E+01 -4.811527E-14  2.782791E-13  0.0           0.0           0.0           0.0           0.0
                  46 -2.000000E+01  1.020438E-13  2.214357E-13  0.0           0.0           0.0           0.0           0.0
0         4    CEN/4 -2.000000E+01  1.961230E-14 -2.626335E-15  0.0           0.0           0.0           0.0           0.0
                  41 -2.000000E+01 -6.281923E-14 -3.104804E-14  0.0           0.0           0.0           0.0           0.0
                  47 -2.000000E+01  1.020438E-13 -5.946975E-14  0.0           0.0           0.0           0.0           0.0
                  46 -2.000000E+01  1.020438E-13  6.842794E-14  0.0           0.0           0.0           0.0           0.0
                  13 -2.000000E+01 -6.281923E-14 -1.683719E-14  0.0           0.0           0.0           0.0           0.0
0         5    CEN/4 -2.000000E+01 -1.129765E-14  1.003125E-13  0.0           0.0           0.0           0.0           0.0
                  16 -2.000000E+01 -5.974355E-14  1.003125E-13  0.0           0.0           0.0           0.0           0.0
                  48 -2.000000E+01  3.714825E-14  7.189075E-14  0.0           0.0           0.0           0.0           0.0
                  51 -2.000000E+01  3.714825E-14  2.139993E-13  0.0           0.0           0.0           0.0           0.0
                  45 -2.000000E+01 -5.974355E-14  1.003125E-13  0.0           0.0           0.0           0.0           0.0
0         6    CEN/4 -2.000000E+01  1.761313E-14  5.472651E-14  0.0           0.0           0.0           0.0           0.0
                  48 -2.000000E+01  3.714825E-14  2.630480E-14  0.0           0.0           0.0           0.0           0.0
                  12 -2.000000E+01 -1.921994E-15 -2.116906E-15  0.0           0.0           0.0           0.0           0.0
                  49 -2.000000E+01 -1.921994E-15  1.399916E-13  0.0           0.0           0.0           0.0           0.0
                  51 -2.000000E+01  3.714825E-14  5.472651E-14  0.0           0.0           0.0           0.0           0.0
0         7    CEN/4 -2.000000E+01  1.783812E-14  8.049011E-14  0.0           0.0           0.0           0.0           0.0
                  51 -2.000000E+01  1.159354E-14  2.364669E-14  0.0           0.0           0.0           0.0           0.0
                  49 -2.000000E+01  2.408270E-14 -3.319672E-14  0.0           0.0           0.0           0.0           0.0
                   4 -2.000000E+01  2.408270E-14  1.373335E-13  0.0           0.0           0.0           0.0           0.0
                  50 -2.000000E+01  1.159354E-14  2.364669E-14  0.0           0.0           0.0           0.0           0.0
0         8    CEN/4 -2.000000E+01 -1.826087E-14  3.070739E-14  0.0           0.0           0.0           0.0           0.0
                  45 -2.000000E+01 -4.811527E-14 -2.613603E-14  0.0           0.0           0.0           0.0           0.0
                  51 -2.000000E+01  1.159354E-14 -5.455774E-14  0.0           0.0           0.0           0.0           0.0
                  50 -2.000000E+01  1.159354E-14  8.755081E-14  0.0           0.0           0.0           0.0           0.0
                  14 -2.000000E+01 -4.811527E-14  2.285683E-15  0.0           0.0           0.0           0.0           0.0
0         9    CEN/4 -3.201652E-14 -2.000000E+01 -4.796166E-14  0.0           0.0           0.0           0.0           0.0
1                                                                              JUNE  20, 2025  MSC Nastran 11/21/24   PAGE    23
                                                                                                                                    
0                                                                                                            SUBCASE 1              
 

                          F O R C E S   I N   Q U A D R I L A T E R A L   E L E M E N T S   ( Q U A D 4 )        OPTION = BILIN  
 
    ELEMENT                    - MEMBRANE  FORCES -                      - BENDING   MOMENTS -            - TRANSVERSE SHEAR FORCES -
      ID       GRID-ID     FX            FY            FXY           MX            MY            MXY           QX            QY
                   1 -8.203085E-14 -2.000000E+01 -4.796166E-14  0.0           0.0           0.0           0.0           0.0
                  19 -8.203085E-14 -2.000000E+01 -4.618530E-14  0.0           0.0           0.0           0.0           0.0
                  23  1.799781E-14 -2.000000E+01 -4.796166E-14  0.0           0.0           0.0           0.0           0.0
                  22  1.799781E-14 -2.000000E+01 -4.618530E-14  0.0           0.0           0.0           0.0           0.0
0        10    CEN/4 -9.816616E-15 -2.000000E+01 -3.894699E-14  0.0           0.0           0.0           0.0           0.0
                  19 -2.263916E-14 -2.000000E+01 -3.894699E-14  0.0           0.0           0.0           0.0           0.0
                   5 -2.263916E-14 -2.000000E+01 -3.894699E-14  0.0           0.0           0.0           0.0           0.0
                  20  3.005930E-15 -2.000000E+01 -3.894699E-14  0.0           0.0           0.0           0.0           0.0
                  23  3.005930E-15 -2.000000E+01 -3.894699E-14  0.0           0.0           0.0           0.0           0.0
0        11    CEN/4  2.332139E-15 -2.000000E+01 -4.644706E-14  0.0           0.0           0.0           0.0           0.0
                  23  3.005930E-15 -2.000000E+01 -4.644706E-14  0.0           0.0           0.0           0.0           0.0
                  20  3.005930E-15 -2.000000E+01 -4.999977E-14  0.0           0.0           0.0           0.0           0.0
                  10  1.658348E-15 -2.000000E+01 -4.644706E-14  0.0           0.0           0.0           0.0           0.0
                  21  1.658348E-15 -2.000000E+01 -4.644706E-14  0.0           0.0           0.0           0.0           0.0
0        12    CEN/4  8.320316E-15 -2.000000E+01 -4.082408E-14  0.0           0.0           0.0           0.0           0.0
                  22  1.799781E-14 -2.000000E+01 -4.082408E-14  0.0           0.0           0.0           0.0           0.0
                  23  1.799781E-14 -2.000000E+01 -3.904773E-14  0.0           0.0           0.0           0.0           0.0
                  21 -1.357178E-15 -2.000000E+01 -4.082408E-14  0.0           0.0           0.0           0.0           0.0
                   9 -1.357178E-15 -2.000000E+01 -4.260044E-14  0.0           0.0           0.0           0.0           0.0
0        13    CEN/4 -2.000000E+01  1.937318E-15  4.388119E-14  0.0           0.0           0.0           0.0           0.0
                  10 -2.000000E+01  1.658348E-15  4.032847E-14  0.0           0.0           0.0           0.0           0.0
                  24 -2.000000E+01  2.216287E-15  3.677576E-14  0.0           0.0           0.0           0.0           0.0
                  27 -2.000000E+01  2.216287E-15  5.809204E-14  0.0           0.0           0.0           0.0           0.0
                  21 -2.000000E+01  1.658348E-15  4.032847E-14  0.0           0.0           0.0           0.0           0.0
0        14    CEN/4 -2.000000E+01 -4.895818E-15  5.037326E-14  0.0           0.0           0.0           0.0           0.0
                  24 -2.000000E+01  2.216287E-15  5.037326E-14  0.0           0.0           0.0           0.0           0.0
                   7 -2.000000E+01 -1.200792E-14  4.326784E-14  0.0           0.0           0.0           0.0           0.0
                  25 -2.000000E+01 -1.200792E-14  6.813683E-14  0.0           0.0           0.0           0.0           0.0
                  27 -2.000000E+01  2.216287E-15  5.392598E-14  0.0           0.0           0.0           0.0           0.0
0        15    CEN/4 -2.000000E+01 -4.354238E-15  4.953600E-14  0.0           0.0           0.0           0.0           0.0
                  27 -2.000000E+01 -7.280034E-15  4.243057E-14  0.0           0.0           0.0           0.0           0.0
                  25 -2.000000E+01 -1.428441E-15  4.243057E-14  0.0           0.0           0.0           0.0           0.0
                  17 -2.000000E+01 -1.428441E-15  7.085228E-14  0.0           0.0           0.0           0.0           0.0
                  26 -2.000000E+01 -7.280034E-15  5.308871E-14  0.0           0.0           0.0           0.0           0.0
0        16    CEN/4 -2.000000E+01 -4.318606E-15  5.045012E-14  0.0           0.0           0.0           0.0           0.0
                  21 -2.000000E+01 -1.357178E-15  3.979198E-14  0.0           0.0           0.0           0.0           0.0
                  27 -2.000000E+01 -7.280034E-15  3.979198E-14  0.0           0.0           0.0           0.0           0.0
                  26 -2.000000E+01 -7.280034E-15  6.466098E-14  0.0           0.0           0.0           0.0           0.0
                   9 -2.000000E+01 -1.357178E-15  5.045012E-14  0.0           0.0           0.0           0.0           0.0
0        17    CEN/4 -2.000000E+01  8.069610E-15  5.113262E-14  0.0           0.0           0.0           0.0           0.0
                   7 -2.000000E+01 -1.200792E-14  4.402719E-14  0.0           0.0           0.0           0.0           0.0
                  28 -2.000000E+01  2.814714E-14  3.692176E-14  0.0           0.0           0.0           0.0           0.0
1                                                                              JUNE  20, 2025  MSC Nastran 11/21/24   PAGE    24
                                                                                                                                    
0                                                                                                            SUBCASE 1              
 

                          F O R C E S   I N   Q U A D R I L A T E R A L   E L E M E N T S   ( Q U A D 4 )        OPTION = BILIN  
 
    ELEMENT                    - MEMBRANE  FORCES -                      - BENDING   MOMENTS -            - TRANSVERSE SHEAR FORCES -
      ID       GRID-ID     FX            FY            FXY           MX            MY            MXY           QX            QY
                  31 -2.000000E+01  2.814714E-14  7.244890E-14  0.0           0.0           0.0           0.0           0.0
                  25 -2.000000E+01 -1.200792E-14  4.402719E-14  0.0           0.0           0.0           0.0           0.0
0        18    CEN/4 -2.000000E+01 -1.529818E-14 -1.781234E-14  0.0           0.0           0.0           0.0           0.0
                  11 -2.000000E+01 -5.874349E-14 -1.781234E-14  0.0           0.0           0.0           0.0           0.0
                  28 -2.000000E+01  2.814714E-14 -1.070691E-14  0.0           0.0           0.0           0.0           0.0
                  31 -2.000000E+01  2.814714E-14 -5.333948E-14  0.0           0.0           0.0           0.0           0.0
                  29 -2.000000E+01 -5.874349E-14 -2.491777E-14  0.0           0.0           0.0           0.0           0.0
0        19    CEN/4 -2.000000E+01 -2.109846E-14 -9.881151E-14  0.0           0.0           0.0           0.0           0.0
                  29 -2.000000E+01 -7.003720E-14 -9.170608E-14  0.0           0.0           0.0           0.0           0.0
                  31 -2.000000E+01  2.784028E-14 -8.460066E-14  0.0           0.0           0.0           0.0           0.0
                  30 -2.000000E+01  2.784028E-14 -1.201278E-13  0.0           0.0           0.0           0.0           0.0
                   6 -2.000000E+01 -7.003720E-14 -1.059169E-13  0.0           0.0           0.0           0.0           0.0
0        20    CEN/4 -2.000000E+01  1.320592E-14  5.096957E-14  0.0           0.0           0.0           0.0           0.0
                  25 -2.000000E+01 -1.428441E-15  4.386414E-14  0.0           0.0           0.0           0.0           0.0
                  31 -2.000000E+01  2.784028E-14  3.675871E-14  0.0           0.0           0.0           0.0           0.0
                  30 -2.000000E+01  2.784028E-14  7.228585E-14  0.0           0.0           0.0           0.0           0.0
                  17 -2.000000E+01 -1.428441E-15  5.096957E-14  0.0           0.0           0.0           0.0           0.0
0        21    CEN/4 -2.000000E+01  2.375506E-14 -9.898576E-14  0.0           0.0           0.0           0.0           0.0
                  32 -2.000000E+01  1.062536E-13 -8.477490E-14  0.0           0.0           0.0           0.0           0.0
                  11 -2.000000E+01 -5.874349E-14 -8.477490E-14  0.0           0.0           0.0           0.0           0.0
                  29 -2.000000E+01 -5.874349E-14 -1.416183E-13  0.0           0.0           0.0           0.0           0.0
                  35 -2.000000E+01  1.062536E-13 -9.898576E-14  0.0           0.0           0.0           0.0           0.0
0        22    CEN/4 -2.000000E+01 -6.405858E-15  6.839460E-14  0.0           0.0           0.0           0.0           0.0
                  15 -2.000000E+01 -1.190653E-13  8.260545E-14  0.0           0.0           0.0           0.0           0.0
                  32 -2.000000E+01  1.062536E-13  9.681631E-14  0.0           0.0           0.0           0.0           0.0
                  35 -2.000000E+01  1.062536E-13  3.997289E-14  0.0           0.0           0.0           0.0           0.0
                  33 -2.000000E+01 -1.190653E-13  6.839460E-14  0.0           0.0           0.0           0.0           0.0
0        23    CEN/4 -2.000000E+01 -5.695237E-15 -1.729884E-13  0.0           0.0           0.0           0.0           0.0
                  33 -2.000000E+01 -1.072063E-13 -1.729884E-13  0.0           0.0           0.0           0.0           0.0
                  35 -2.000000E+01  9.581581E-14 -1.587775E-13  0.0           0.0           0.0           0.0           0.0
                  34 -2.000000E+01  9.581581E-14 -2.156210E-13  0.0           0.0           0.0           0.0           0.0
                   8 -2.000000E+01 -1.072063E-13 -1.729884E-13  0.0           0.0           0.0           0.0           0.0
0        24    CEN/4 -2.000000E+01  1.288931E-14  1.714320E-14  0.0           0.0           0.0           0.0           0.0
                  35 -2.000000E+01  9.581581E-14  1.714320E-14  0.0           0.0           0.0           0.0           0.0
                  29 -2.000000E+01 -7.003720E-14  1.714320E-14  0.0           0.0           0.0           0.0           0.0
                   6 -2.000000E+01 -7.003720E-14 -2.548936E-14  0.0           0.0           0.0           0.0           0.0
                  34 -2.000000E+01  9.581581E-14  1.714320E-14  0.0           0.0           0.0           0.0           0.0
0        25    CEN/4 -2.000000E+01 -1.224902E-14 -1.809374E-13  0.0           0.0           0.0           0.0           0.0
                  36 -2.000000E+01  9.456729E-14 -1.667265E-13  0.0           0.0           0.0           0.0           0.0
                  15 -2.000000E+01 -1.190653E-13 -1.525157E-13  0.0           0.0           0.0           0.0           0.0
                  33 -2.000000E+01 -1.190653E-13 -2.093591E-13  0.0           0.0           0.0           0.0           0.0
                  39 -2.000000E+01  9.456729E-14 -1.809374E-13  0.0           0.0           0.0           0.0           0.0
1                                                                              JUNE  20, 2025  MSC Nastran 11/21/24   PAGE    25
                                                                                                                                    
0                                                                                                            SUBCASE 1              
 

                          F O R C E S   I N   Q U A D R I L A T E R A L   E L E M E N T S   ( Q U A D 4 )        OPTION = BILIN  
 
    ELEMENT                    - MEMBRANE  FORCES -                      - BENDING   MOMENTS -            - TRANSVERSE SHEAR FORCES -
      ID       GRID-ID     FX            FY            FXY           MX            MY            MXY           QX            QY
0        26    CEN/4 -2.000000E+01  6.554884E-15 -1.748183E-14  0.0           0.0           0.0           0.0           0.0
                   3 -2.000000E+01 -8.145752E-14 -3.270979E-15  0.0           0.0           0.0           0.0           0.0
                  36 -2.000000E+01  9.456729E-14  1.093988E-14  0.0           0.0           0.0           0.0           0.0
                  39 -2.000000E+01  9.456729E-14 -4.590354E-14  0.0           0.0           0.0           0.0           0.0
                  37 -2.000000E+01 -8.145752E-14 -1.748183E-14  0.0           0.0           0.0           0.0           0.0
0        27    CEN/4 -2.000000E+01  2.599392E-14  7.017382E-14  0.0           0.0           0.0           0.0           0.0
                  39 -2.000000E+01  1.008472E-13  5.596297E-14  0.0           0.0           0.0           0.0           0.0
                  37 -2.000000E+01 -4.885939E-14  5.596297E-14  0.0           0.0           0.0           0.0           0.0
                   2 -2.000000E+01 -4.885939E-14  1.128064E-13  0.0           0.0           0.0           0.0           0.0
                  38 -2.000000E+01  1.008472E-13  8.438467E-14  0.0           0.0           0.0           0.0           0.0
0        28    CEN/4 -2.000000E+01 -3.179532E-15 -7.532193E-14  0.0           0.0           0.0           0.0           0.0
                  33 -2.000000E+01 -1.072063E-13 -7.532193E-14  0.0           0.0           0.0           0.0           0.0
                  39 -2.000000E+01  1.008472E-13 -8.953279E-14  0.0           0.0           0.0           0.0           0.0
                  38 -2.000000E+01  1.008472E-13 -3.268937E-14  0.0           0.0           0.0           0.0           0.0
                   8 -2.000000E+01 -1.072063E-13 -7.532193E-14  0.0           0.0           0.0           0.0           0.0
0        29    CEN/4 -2.000000E+01 -2.101702E-15 -1.109096E-13  0.0           0.0           0.0           0.0           0.0
                  40 -2.000000E+01  7.725411E-14 -9.669876E-14  0.0           0.0           0.0           0.0           0.0
                   3 -2.000000E+01 -8.145752E-14 -9.669876E-14  0.0           0.0           0.0           0.0           0.0
                  37 -2.000000E+01 -8.145752E-14 -1.677530E-13  0.0           0.0           0.0           0.0           0.0
                  43 -2.000000E+01  7.725411E-14 -1.393313E-13  0.0           0.0           0.0           0.0           0.0
0        30    CEN/4 -2.000000E+01 -2.079826E-14  3.467775E-14  0.0           0.0           0.0           0.0           0.0
                  18 -2.000000E+01 -1.188506E-13  4.888860E-14  0.0           0.0           0.0           0.0           0.0
                  40 -2.000000E+01  7.725411E-14  7.731031E-14  0.0           0.0           0.0           0.0           0.0
                  43 -2.000000E+01  7.725411E-14 -3.637653E-14  0.0           0.0           0.0           0.0           0.0
                  41 -2.000000E+01 -1.188506E-13  4.888860E-14  0.0           0.0           0.0           0.0           0.0
0        31    CEN/4 -2.000000E+01  3.724848E-15  1.455658E-13  0.0           0.0           0.0           0.0           0.0
                  43 -2.000000E+01  7.026893E-14  1.171441E-13  0.0           0.0           0.0           0.0           0.0
                  41 -2.000000E+01 -6.281923E-14  1.029332E-13  0.0           0.0           0.0           0.0           0.0
                  13 -2.000000E+01 -6.281923E-14  2.024092E-13  0.0           0.0           0.0           0.0           0.0
                  42 -2.000000E+01  7.026893E-14  1.455658E-13  0.0           0.0           0.0           0.0           0.0
0        32    CEN/4 -2.000000E+01  1.070477E-14  3.921762E-14  0.0           0.0           0.0           0.0           0.0
                  37 -2.000000E+01 -4.885939E-14  1.079592E-14  0.0           0.0           0.0           0.0           0.0
                  43 -2.000000E+01  7.026893E-14  1.079592E-14  0.0           0.0           0.0           0.0           0.0
                  42 -2.000000E+01  7.026893E-14  6.763933E-14  0.0           0.0           0.0           0.0           0.0
                   2 -2.000000E+01 -4.885939E-14  3.921762E-14  0.0           0.0           0.0           0.0           0.0
 *** USER WARNING MESSAGE 6418 (SDR2A)
     THE BILIN OPTION FOR STRAINS OVERRIDES ALL OTHER OPTIONS IN THE FORCE COMMANDS.
 *** USER INFORMATION MESSAGE 4114 (OUTPX2)
     DATA BLOCK OES1C    WRITTEN ON FORTRAN UNIT    12 IN BINARY (LTLEND) FORMAT USING NDDL DESCRIPTION FOR OES1C, TRL =
                    101                 1                 1                 0                 0                 0                 0
     NAME OF DATA BLOCK WRITTEN ON FORTRAN UNIT IS OES1C   
        (MAXIMUM POSSIBLE FORTRAN RECORD SIZE =      131074 WORDS.)
     (MAXIMUM SIZE OF FORTRAN RECORDS WRITTEN =        1408 WORDS.)
           (NUMBER OF FORTRAN RECORDS WRITTEN =          20 RECORDS.)
           (TOTAL DATA WRITTEN FOR DATA BLOCK =        1587 WORDS.)
 *** USER WARNING MESSAGE 6418 (SDR2A)
     THE BILIN OPTION FOR STRAINS OVERRIDES ALL OTHER OPTIONS IN THE FORCE COMMANDS.
 *** USER INFORMATION MESSAGE 4114 (OUTPX2)
     DATA BLOCK OSTR1C   WRITTEN ON FORTRAN UNIT    12 IN BINARY (LTLEND) FORMAT USING NDDL DESCRIPTION FOR OES, TRL =
                    101                63                 6                20                25                 0                 3
     NAME OF DATA BLOCK WRITTEN ON FORTRAN UNIT IS OSTR1C  
        (MAXIMUM POSSIBLE FORTRAN RECORD SIZE =      131074 WORDS.)
     (MAXIMUM SIZE OF FORTRAN RECORDS WRITTEN =        1408 WORDS.)
           (NUMBER OF FORTRAN RECORDS WRITTEN =          20 RECORDS.)
           (TOTAL DATA WRITTEN FOR DATA BLOCK =        1587 WORDS.)
1                                                                              JUNE  20, 2025  MSC Nastran 11/21/24   PAGE    26
                                                                                                                                    
0                                                                                                            SUBCASE 1              
 
                                          G R I D   P O I N T   F O R C E   B A L A N C E
 
   POINT-ID    ELEMENT-ID     SOURCE             T1             T2             T3             R1             R2             R3
          1                  F-OF-SPC       2.109424E-15   2.500000E-01   0.0            0.0            0.0           -3.080357E-19
          1             9    QUAD4         -2.099731E-15  -2.500000E-01   0.0            0.0            0.0            3.080357E-19
          1                  *TOTALS*       9.692797E-18   0.0            0.0            0.0            0.0            0.0
0         2            27    QUAD4          5.970612E-16   2.500000E-01   0.0            0.0            0.0           -1.489216E-19
          2            32    QUAD4         -8.138511E-16  -2.500000E-01   0.0            0.0            0.0            1.518048E-19
          2                  *TOTALS*      -2.167899E-16   9.436896E-16   0.0            0.0            0.0            2.883163E-21
0         3            26    QUAD4          6.661338E-16   2.500000E-01   0.0            0.0            0.0           -1.456897E-19
          3            29    QUAD4         -4.440892E-16  -2.500000E-01   0.0            0.0            0.0            1.477439E-19
          3                  *TOTALS*       2.220446E-16  -1.582068E-15   0.0            0.0            0.0            2.054271E-21
0         4                  APP-LOAD       0.0           -2.500000E-01   0.0            0.0            0.0            0.0
          4             7    QUAD4          7.982329E-16   2.500000E-01   0.0            0.0            0.0            9.091738E-21
          4                  *TOTALS*       7.982329E-16   2.220446E-15   0.0            0.0            0.0            9.091738E-21
0         5                  F-OF-SPC       0.0            2.500000E-01   0.0            0.0            0.0           -3.060720E-19
          5            10    QUAD4         -8.326673E-17  -2.500000E-01   0.0            0.0            0.0            3.060720E-19
          5                  *TOTALS*      -8.326673E-17   2.775558E-17   0.0            0.0            0.0            0.0
0         6            19    QUAD4          6.055653E-17   2.500000E-01   0.0            0.0            0.0           -2.180546E-19
          6            24    QUAD4         -5.365562E-17  -2.500000E-01   0.0            0.0            0.0            2.201303E-19
          6                  *TOTALS*       6.900913E-18  -1.887379E-15   0.0            0.0            0.0            2.075704E-21
0         7            14    QUAD4          8.326673E-16   2.500000E-01   0.0            0.0            0.0           -2.538509E-19
          7            17    QUAD4         -3.330669E-16  -2.500000E-01   0.0            0.0            0.0            2.498747E-19
          7                  *TOTALS*       4.996004E-16  -4.718448E-16   0.0            0.0            0.0           -3.976164E-21
0         8            23    QUAD4          1.046845E-15   2.500000E-01   0.0            0.0            0.0           -2.311438E-19
          8            28    QUAD4         -1.586670E-16  -2.500000E-01   0.0            0.0            0.0            2.296421E-19
          8                  *TOTALS*       8.881784E-16  -1.665335E-15   0.0            0.0            0.0           -1.501708E-21
0         9            12    QUAD4          5.913529E-16   2.500000E-01   0.0            0.0            0.0           -3.199345E-19
          9            16    QUAD4         -7.023752E-16  -2.500000E-01   0.0            0.0            0.0            3.229635E-19
          9                  *TOTALS*      -1.110223E-16   1.110223E-16   0.0            0.0            0.0            3.029035E-21
0        10            11    QUAD4          5.551115E-16   2.500000E-01   0.0            0.0            0.0           -3.214490E-19
         10            13    QUAD4         -4.996004E-16  -2.500000E-01   0.0            0.0            0.0            3.214490E-19
         10                  *TOTALS*       5.551115E-17  -5.828671E-16   0.0            0.0            0.0            0.0
0        11            18    QUAD4          1.221245E-15   2.500000E-01   0.0            0.0            0.0           -2.168404E-19
         11            21    QUAD4         -9.992007E-16  -2.500000E-01   0.0            0.0            0.0            2.133215E-19
         11                  *TOTALS*       2.220446E-16  -9.714451E-16   0.0            0.0            0.0           -3.518951E-21
0        12                  APP-LOAD       0.0           -2.500000E-01   0.0            0.0            0.0            0.0
         12             6    QUAD4          4.440892E-16   2.500000E-01   0.0            0.0            0.0           -2.802677E-21
         12                  *TOTALS*       4.440892E-16   0.0            0.0            0.0            0.0           -2.802677E-21
0        13             4    QUAD4         -3.620007E-16  -2.500000E-01   0.0            0.0            0.0            1.100091E-19
         13            31    QUAD4          1.253566E-15   2.500000E-01   0.0            0.0            0.0           -1.002490E-19
1                                                                              JUNE  20, 2025  MSC Nastran 11/21/24   PAGE    27
                                                                                                                                    
0                                                                                                            SUBCASE 1              
 
                                          G R I D   P O I N T   F O R C E   B A L A N C E
 
   POINT-ID    ELEMENT-ID     SOURCE             T1             T2             T3             R1             R2             R3
         13                  *TOTALS*       8.915650E-16  -3.108624E-15   0.0            0.0            0.0            9.760070E-21
0        14             3    QUAD4          2.578696E-15   2.500000E-01   0.0            0.0            0.0           -5.928806E-20
         14             8    QUAD4         -1.465482E-15  -2.500000E-01   0.0            0.0            0.0            5.339512E-20
         14                  *TOTALS*       1.113214E-15   2.220446E-16   0.0            0.0            0.0           -5.892946E-21
0        15            22    QUAD4          0.0            2.500000E-01   0.0            0.0            0.0           -2.236167E-19
         15            25    QUAD4         -6.661338E-16  -2.500000E-01   0.0            0.0            0.0            2.228657E-19
         15                  *TOTALS*      -6.661338E-16   1.665335E-16   0.0            0.0            0.0           -7.509719E-22
0        16             2    QUAD4          0.0            2.500000E-01   0.0            0.0            0.0           -5.532152E-20
         16             5    QUAD4          0.0           -2.500000E-01   0.0            0.0            0.0            4.743385E-20
         16                  *TOTALS*       0.0            2.886580E-15   0.0            0.0            0.0           -7.887679E-21
0        17            15    QUAD4          4.711979E-16   2.500000E-01   0.0            0.0            0.0           -2.511570E-19
         17            20    QUAD4         -4.073876E-16  -2.500000E-01   0.0            0.0            0.0            2.539404E-19
         17                  *TOTALS*       6.381027E-17  -8.881784E-16   0.0            0.0            0.0            2.783440E-21
0        18             1    QUAD4         -4.440892E-16  -2.500000E-01   0.0            0.0            0.0            9.876561E-20
         18            30    QUAD4          6.661338E-16   2.500000E-01   0.0            0.0            0.0           -9.825582E-20
         18                  *TOTALS*       2.220446E-16  -2.914335E-15   0.0            0.0            0.0            5.097920E-22
0        19                  F-OF-SPC       0.0            5.000000E-01   0.0            0.0            0.0           -6.129455E-19
         19             9    QUAD4          9.159340E-16  -2.500000E-01   0.0            0.0            0.0            3.064727E-19
         19            10    QUAD4         -9.617621E-16  -2.500000E-01   0.0            0.0            0.0            3.064727E-19
         19                  *TOTALS*      -4.582806E-17  -2.775558E-17   0.0            0.0            0.0            0.0
0        20            10    QUAD4          6.938894E-16   2.500000E-01   0.0            0.0            0.0           -2.977321E-19
         20            11    QUAD4         -6.661338E-16  -2.500000E-01   0.0            0.0            0.0            2.971155E-19
         20                  *TOTALS*       2.775558E-17   8.326673E-17   0.0            0.0            0.0           -6.166282E-22
0        21            11    QUAD4          7.023588E-16   2.500000E-01   0.0            0.0            0.0           -3.224051E-19
         21            12    QUAD4          3.330669E-16   2.500000E-01   0.0            0.0            0.0           -3.218725E-19
         21            13    QUAD4         -4.803142E-16  -2.500000E-01   0.0            0.0            0.0            3.204929E-19
         21            16    QUAD4         -4.440892E-16  -2.500000E-01   0.0            0.0            0.0            3.210255E-19
         21                  *TOTALS*       1.110223E-16  -4.996004E-16   0.0            0.0            0.0           -2.759185E-21
0        22             9    QUAD4          1.290851E-16   2.500000E-01   0.0            0.0            0.0           -2.961688E-19
         22            12    QUAD4         -1.472637E-16  -2.500000E-01   0.0            0.0            0.0            2.960842E-19
         22                  *TOTALS*      -1.817863E-17   0.0            0.0            0.0            0.0           -8.461112E-23
0        23             9    QUAD4          1.054712E-15   2.500000E-01   0.0            0.0            0.0           -2.966733E-19
         23            10    QUAD4          3.233838E-16   2.500000E-01   0.0            0.0            0.0           -2.977083E-19
         23            11    QUAD4         -5.358254E-16  -2.500000E-01   0.0            0.0            0.0            2.967406E-19
         23            12    QUAD4         -8.881784E-16  -2.500000E-01   0.0            0.0            0.0            2.977297E-19
         23                  *TOTALS*      -4.590812E-17  -5.551115E-17   0.0            0.0            0.0            8.873347E-23
0        24            13    QUAD4          3.885781E-16   2.500000E-01   0.0            0.0            0.0           -2.681155E-19
         24            14    QUAD4         -3.885781E-16  -2.500000E-01   0.0            0.0            0.0            2.676624E-19
         24                  *TOTALS*       0.0           -2.775558E-17   0.0            0.0            0.0           -4.530731E-22
1                                                                              JUNE  20, 2025  MSC Nastran 11/21/24   PAGE    28
                                                                                                                                    
0                                                                                                            SUBCASE 1              
 
                                          G R I D   P O I N T   F O R C E   B A L A N C E
 
   POINT-ID    ELEMENT-ID     SOURCE             T1             T2             T3             R1             R2             R3
0        25            14    QUAD4          2.491534E-16   2.500000E-01   0.0            0.0            0.0           -2.525695E-19
         25            15    QUAD4          7.771561E-16   2.500000E-01   0.0            0.0            0.0           -2.531915E-19
         25            17    QUAD4         -6.294216E-16  -2.500000E-01   0.0            0.0            0.0            2.526194E-19
         25            20    QUAD4         -7.771561E-16  -2.500000E-01   0.0            0.0            0.0            2.524158E-19
         25                  *TOTALS*      -3.802683E-16  -8.881784E-16   0.0            0.0            0.0           -7.257325E-22
0        26            15    QUAD4         -9.152871E-16  -2.500000E-01   0.0            0.0            0.0            2.664201E-19
         26            16    QUAD4          3.137972E-16   2.500000E-01   0.0            0.0            0.0           -2.692713E-19
         26                  *TOTALS*      -6.014899E-16  -2.775558E-16   0.0            0.0            0.0           -2.851194E-21
0        27            13    QUAD4          4.248031E-16   2.500000E-01   0.0            0.0            0.0           -2.683203E-19
         27            14    QUAD4         -7.487537E-16  -2.500000E-01   0.0            0.0            0.0            2.664315E-19
         27            15    QUAD4         -3.885781E-16  -2.500000E-01   0.0            0.0            0.0            2.659683E-19
         27            16    QUAD4          7.216450E-16   2.500000E-01   0.0            0.0            0.0           -2.689279E-19
         27                  *TOTALS*       9.116273E-18   8.604228E-16   0.0            0.0            0.0           -4.848290E-21
0        28            17    QUAD4          0.0            2.500000E-01   0.0            0.0            0.0           -1.540673E-19
         28            18    QUAD4         -2.220446E-16  -2.500000E-01   0.0            0.0            0.0            1.642317E-19
         28                  *TOTALS*      -2.220446E-16  -1.332268E-15   0.0            0.0            0.0            1.016440E-20
0        29            18    QUAD4         -6.056354E-16   2.500000E-01   0.0            0.0            0.0           -2.083841E-19
         29            19    QUAD4          2.220446E-15   2.500000E-01   0.0            0.0            0.0           -2.219226E-19
         29            21    QUAD4         -1.052998E-15  -2.500000E-01   0.0            0.0            0.0            2.238213E-19
         29            24    QUAD4          7.771561E-16  -2.500000E-01   0.0            0.0            0.0            2.108512E-19
         29                  *TOTALS*       1.338969E-15  -4.440892E-16   0.0            0.0            0.0            4.365740E-21
0        30            19    QUAD4         -1.170780E-15  -2.500000E-01   0.0            0.0            0.0            1.571709E-19
         30            20    QUAD4          9.624991E-16   2.500000E-01   0.0            0.0            0.0           -1.575461E-19
         30                  *TOTALS*      -2.082804E-16   5.551115E-16   0.0            0.0            0.0           -3.752605E-22
0        31            17    QUAD4          8.514663E-16   2.500000E-01   0.0            0.0            0.0           -1.592283E-19
         31            18    QUAD4         -6.049837E-17  -2.500000E-01   0.0            0.0            0.0            1.574754E-19
         31            19    QUAD4         -9.992007E-16  -2.500000E-01   0.0            0.0            0.0            1.587097E-19
         31            20    QUAD4          0.0            2.500000E-01   0.0            0.0            0.0           -1.587097E-19
         31                  *TOTALS*      -2.082328E-16   2.275957E-15   0.0            0.0            0.0           -1.752926E-21
0        32            21    QUAD4         -7.771561E-16   2.500000E-01   0.0            0.0            0.0           -2.015938E-19
         32            22    QUAD4          0.0           -2.500000E-01   0.0            0.0            0.0            2.055166E-19
         32                  *TOTALS*      -7.771561E-16  -9.714451E-16   0.0            0.0            0.0            3.922746E-21
0        33            22    QUAD4         -2.062128E-15   2.500000E-01   0.0            0.0            0.0           -1.883465E-19
         33            23    QUAD4          3.108624E-15   2.500000E-01   0.0            0.0            0.0           -2.710505E-19
         33            25    QUAD4         -3.704939E-15  -2.500000E-01   0.0            0.0            0.0            2.653713E-19
         33            28    QUAD4          2.664535E-15  -2.500000E-01   0.0            0.0            0.0            1.829591E-19
         33                  *TOTALS*       6.092790E-18  -2.275957E-15   0.0            0.0            0.0           -1.106654E-20
0        34            23    QUAD4         -8.248008E-16  -2.500000E-01   0.0            0.0            0.0            1.997200E-19
         34            24    QUAD4          1.274901E-15   2.500000E-01   0.0            0.0            0.0           -1.963664E-19
         34                  *TOTALS*       4.501001E-16  -1.054712E-15   0.0            0.0            0.0            3.353544E-21
1                                                                              JUNE  20, 2025  MSC Nastran 11/21/24   PAGE    29
                                                                                                                                    
0                                                                                                            SUBCASE 1              
 
                                          G R I D   P O I N T   F O R C E   B A L A N C E
 
   POINT-ID    ELEMENT-ID     SOURCE             T1             T2             T3             R1             R2             R3
0        35            21    QUAD4          2.829354E-15   2.500000E-01   0.0            0.0            0.0           -2.193619E-19
         35            22    QUAD4          2.284172E-15  -2.500000E-01   0.0            0.0            0.0            1.832848E-19
         35            23    QUAD4         -2.664535E-15  -2.500000E-01   0.0            0.0            0.0            2.207970E-19
         35            24    QUAD4         -1.665335E-15   2.500000E-01   0.0            0.0            0.0           -1.812651E-19
         35                  *TOTALS*       7.836572E-16  -2.664535E-15   0.0            0.0            0.0            3.454934E-21
0        36            25    QUAD4          1.332268E-15   2.500000E-01   0.0            0.0            0.0           -1.761829E-19
         36            26    QUAD4         -1.332268E-15  -2.500000E-01   0.0            0.0            0.0            1.705914E-19
         36                  *TOTALS*       0.0            1.665335E-16   0.0            0.0            0.0           -5.591424E-21
0        37            26    QUAD4         -7.410050E-16   2.500000E-01   0.0            0.0            0.0           -7.202358E-20
         37            27    QUAD4          6.661338E-16   2.500000E-01   0.0            0.0            0.0           -2.133912E-19
         37            29    QUAD4         -1.697091E-15  -2.500000E-01   0.0            0.0            0.0            2.252067E-19
         37            32    QUAD4          0.0           -2.500000E-01   0.0            0.0            0.0            8.470329E-20
         37                  *TOTALS*      -1.771962E-15  -5.578871E-15   0.0            0.0            0.0            2.449516E-20
0        38            27    QUAD4          5.131618E-16  -2.500000E-01   0.0            0.0            0.0            1.716774E-19
         38            28    QUAD4         -2.854222E-16   2.500000E-01   0.0            0.0            0.0           -1.641768E-19
         38                  *TOTALS*       2.277396E-16   3.830269E-15   0.0            0.0            0.0            7.500660E-21
0        39            25    QUAD4          3.260850E-15   2.500000E-01   0.0            0.0            0.0           -7.919531E-20
         39            26    QUAD4          1.407139E-15  -2.500000E-01   0.0            0.0            0.0            2.610803E-19
         39            27    QUAD4         -1.998401E-15  -2.500000E-01   0.0            0.0            0.0            7.962110E-20
         39            28    QUAD4         -1.998401E-15   2.500000E-01   0.0            0.0            0.0           -2.605934E-19
         39                  *TOTALS*       6.711857E-16  -2.220446E-15   0.0            0.0            0.0            9.126694E-22
0        40            29    QUAD4          2.220446E-16   2.500000E-01   0.0            0.0            0.0           -1.219727E-19
         40            30    QUAD4          4.440892E-16  -2.500000E-01   0.0            0.0            0.0            1.308204E-19
         40                  *TOTALS*       6.661338E-16  -3.802514E-15   0.0            0.0            0.0            8.847620E-21
0        41             1    QUAD4         -2.578401E-15  -2.500000E-01   0.0            0.0            0.0            2.014874E-19
         41             4    QUAD4          6.661338E-16  -2.500000E-01   0.0            0.0            0.0            1.355253E-20
         41            30    QUAD4         -2.525356E-15   2.500000E-01   0.0            0.0            0.0           -7.427313E-21
         41            31    QUAD4          2.664535E-15   2.500000E-01   0.0            0.0            0.0           -1.954903E-19
         41                  *TOTALS*      -1.773088E-15   4.024558E-15   0.0            0.0            0.0            1.212224E-20
0        42            31    QUAD4         -1.253566E-15  -2.500000E-01   0.0            0.0            0.0            1.165856E-19
         42            32    QUAD4          1.257940E-15   2.500000E-01   0.0            0.0            0.0           -1.264238E-19
         42                  *TOTALS*       4.374616E-18  -2.442491E-15   0.0            0.0            0.0           -9.838168E-21
0        43            29    QUAD4          2.141180E-15   2.500000E-01   0.0            0.0            0.0           -4.875271E-20
         43            30    QUAD4          1.415133E-15  -2.500000E-01   0.0            0.0            0.0            1.970783E-19
         43            31    QUAD4         -2.664535E-15  -2.500000E-01   0.0            0.0            0.0            4.743385E-20
         43            32    QUAD4         -4.440892E-16   2.500000E-01   0.0            0.0            0.0           -1.973759E-19
         43                  *TOTALS*       4.476888E-16  -3.108624E-15   0.0            0.0            0.0           -1.616428E-21
0        44             1    QUAD4          2.220446E-16   2.500000E-01   0.0            0.0            0.0           -1.219727E-19
         44             2    QUAD4         -1.332268E-15  -2.500000E-01   0.0            0.0            0.0            1.287490E-19
         44                  *TOTALS*      -1.110223E-15  -3.108624E-15   0.0            0.0            0.0            6.776264E-21
1                                                                              JUNE  20, 2025  MSC Nastran 11/21/24   PAGE    30
                                                                                                                                    
0                                                                                                            SUBCASE 1              
 
                                          G R I D   P O I N T   F O R C E   B A L A N C E
 
   POINT-ID    ELEMENT-ID     SOURCE             T1             T2             T3             R1             R2             R3
0        45             2    QUAD4         -3.081791E-16   2.500000E-01   0.0            0.0            0.0           -7.899067E-20
         45             3    QUAD4          2.886580E-15   2.500000E-01   0.0            0.0            0.0           -3.253809E-20
         45             5    QUAD4         -2.353864E-15  -2.500000E-01   0.0            0.0            0.0            3.134628E-20
         45             8    QUAD4          1.110223E-15  -2.500000E-01   0.0            0.0            0.0            7.792703E-20
         45                  *TOTALS*       1.334760E-15  -1.998401E-15   0.0            0.0            0.0           -2.255454E-21
0        46             3    QUAD4         -1.246429E-15  -2.500000E-01   0.0            0.0            0.0            1.155487E-19
         46             4    QUAD4          1.028135E-15   2.500000E-01   0.0            0.0            0.0           -1.201940E-19
         46                  *TOTALS*      -2.182942E-16  -1.998401E-15   0.0            0.0            0.0           -4.645351E-21
0        47             1    QUAD4          3.244535E-15   2.500000E-01   0.0            0.0            0.0           -7.726032E-20
         47             2    QUAD4          1.640447E-15  -2.500000E-01   0.0            0.0            0.0            1.599089E-19
         47             3    QUAD4         -4.218847E-15  -2.500000E-01   0.0            0.0            0.0            7.792703E-20
         47             4    QUAD4         -1.554312E-15   2.500000E-01   0.0            0.0            0.0           -1.593704E-19
         47                  *TOTALS*      -8.881784E-16   4.218847E-15   0.0            0.0            0.0            1.205229E-21
0        48             5    QUAD4          1.110223E-15   2.500000E-01   0.0            0.0            0.0           -4.698282E-20
         48             6    QUAD4         -8.881784E-16  -2.500000E-01   0.0            0.0            0.0            2.032879E-20
         48                  *TOTALS*       2.220446E-16  -2.886580E-15   0.0            0.0            0.0           -2.665403E-20
0        49                  APP-LOAD       0.0           -5.000000E-01   0.0            0.0            0.0            0.0
         49             6    QUAD4          3.541407E-16   2.500000E-01   0.0            0.0            0.0           -1.595889E-20
         49             7    QUAD4         -4.440892E-16   2.500000E-01   0.0            0.0            0.0            1.410795E-20
         49                  *TOTALS*      -8.994849E-17  -3.552714E-15   0.0            0.0            0.0           -1.850939E-21
0        50             7    QUAD4          8.994555E-17  -2.500000E-01   0.0            0.0            0.0            3.250861E-20
         50             8    QUAD4         -3.108744E-16   2.500000E-01   0.0            0.0            0.0           -3.124470E-20
         50                  *TOTALS*      -2.209288E-16  -2.886580E-15   0.0            0.0            0.0            1.263911E-21
0        51             5    QUAD4          1.021596E-15   2.500000E-01   0.0            0.0            0.0           -5.439501E-21
         51             6    QUAD4          8.994849E-17  -2.500000E-01   0.0            0.0            0.0            5.924676E-20
         51             7    QUAD4         -2.220446E-16  -2.500000E-01   0.0            0.0            0.0            3.049319E-20
         51             8    QUAD4          6.661338E-16   2.500000E-01   0.0            0.0            0.0           -3.284985E-20
         51                  *TOTALS*       1.555634E-15  -6.217249E-15   0.0            0.0            0.0            5.145059E-20
 *** USER INFORMATION MESSAGE 4114 (OUTPX2)
     DATA BLOCK OGPFB1   WRITTEN ON FORTRAN UNIT    12 IN BINARY (LTLEND) FORMAT USING NDDL DESCRIPTION FOR OGPFB1, TRL =
                    101                 0                 1                 0                 0                 0                 3
     NAME OF DATA BLOCK WRITTEN ON FORTRAN UNIT IS OGPFB1  
        (MAXIMUM POSSIBLE FORTRAN RECORD SIZE =      131074 WORDS.)
     (MAXIMUM SIZE OF FORTRAN RECORDS WRITTEN =        1850 WORDS.)
           (NUMBER OF FORTRAN RECORDS WRITTEN =          20 RECORDS.)
           (TOTAL DATA WRITTEN FOR DATA BLOCK =        2024 WORDS.)
1                                                                              JUNE  20, 2025  MSC Nastran 11/21/24   PAGE    31
                                                                                                                                    
0                                                                                                                                   
0                                                                                                                                   
                                                                                                                                    
                                                                                                                                    
 *** USER INFORMATION MESSAGE 4114 (OUTPX2)
     DATA BLOCK OEF1X    WRITTEN ON FORTRAN UNIT    12 IN BINARY (LTLEND) FORMAT USING NDDL DESCRIPTION FOR OEF1X, TRL =
                    101                63                 6                20                25                 0                 3
     NAME OF DATA BLOCK WRITTEN ON FORTRAN UNIT IS OEF1X   
        (MAXIMUM POSSIBLE FORTRAN RECORD SIZE =      131074 WORDS.)
     (MAXIMUM SIZE OF FORTRAN RECORDS WRITTEN =        1504 WORDS.)
           (NUMBER OF FORTRAN RECORDS WRITTEN =          20 RECORDS.)
           (TOTAL DATA WRITTEN FOR DATA BLOCK =        1683 WORDS.)
 *** USER INFORMATION MESSAGE 4114 (OUTPX2)
     DATA BLOCK OPG1     WRITTEN ON FORTRAN UNIT    12 IN BINARY (LTLEND) FORMAT USING NDDL DESCRIPTION FOR OPG, TRL =
                    101                 0               408                 0                 0                 0                 3
     NAME OF DATA BLOCK WRITTEN ON FORTRAN UNIT IS OPG1    
        (MAXIMUM POSSIBLE FORTRAN RECORD SIZE =      131074 WORDS.)
     (MAXIMUM SIZE OF FORTRAN RECORDS WRITTEN =         408 WORDS.)
           (NUMBER OF FORTRAN RECORDS WRITTEN =          20 RECORDS.)
           (TOTAL DATA WRITTEN FOR DATA BLOCK =         587 WORDS.)
 ^^^     
 *** USER INFORMATION MESSAGE 22713 (SUBDMAP SEKDR)
     PARAMETER EXCLUDE IS NOT DEFINED DIFFERENTIAL STIFFNESS IS COMPUTED FOR ALL ELEMENTS.
 ^^^     
 *** USER INFORMATION MESSAGE 5010 (LNCILS)
     STURM SEQUENCE DATA FOR EIGENVALUE EXTRACTION.
     TRIAL EIGENVALUE = -1.000000D+03, CYCLES = 5.032921D+00 THE STURM COUNT = 0
 *** USER INFORMATION MESSAGE 5010 (LNCILS)
     STURM SEQUENCE DATA FOR EIGENVALUE EXTRACTION.
     TRIAL EIGENVALUE = -1.684973D+05, CYCLES = 6.533060D+01 THE STURM COUNT = 0
 *** USER INFORMATION MESSAGE 5010 (LNCILS)
     STURM SEQUENCE DATA FOR EIGENVALUE EXTRACTION.
     TRIAL EIGENVALUE = 1.593619D+05, CYCLES = 6.353491D+01 THE STURM COUNT = 3

 TABLE OF SHIFTS:  (LNNRIGL)
 SHIFT #        SHIFT VALUE         FREQUENCY, CYCLES     # EIGENVALUES BELOW    # NEW EIGENVALUES FOUND
     1.       -1.0000000E+03         -5.0329212E+00                 0                        3
     2.       -1.6849731E+05         -6.5330595E+01                 0                        0
     3.        1.5936191E+05          6.3534906E+01                 3                        0

1                                                                              JUNE  20, 2025  MSC Nastran 11/21/24   PAGE    32
                                                                                                                                    
0                                                                                                            SUBCASE 2              
0


                          E I G E N V A L U E  A N A L Y S I S   S U M M A R Y   (READ MODULE) 



                                     BLOCK SIZE USED ......................     6

                                     NUMBER OF DECOMPOSITIONS .............     3

                                     NUMBER OF ROOTS FOUND ................     3

                                     NUMBER OF SOLVES REQUIRED ............    19

1                                                                              JUNE  20, 2025  MSC Nastran 11/21/24   PAGE    33
                                                                                                                                    
0                                                                                                            SUBCASE 2              
 
                                              R E A L   E I G E N V A L U E S
   MODE    EXTRACTION      EIGENVALUE            RADIANS             CYCLES            GENERALIZED         GENERALIZED
    NO.       ORDER                                                                       MASS              STIFFNESS
        1         1        9.258604E+03        9.622164E+01        1.531415E+01        4.997701E-01        4.627173E+03
        2         2        7.715005E+04        2.777590E+02        4.420671E+01        5.006177E-01        3.862268E+04
        3         3        8.374865E+04        2.893936E+02        4.605842E+01        4.979784E-01        4.170502E+04
 *** USER WARNING MESSAGE 6418 (SDR2A)
     THE BILIN OPTION FOR STRESSES OVERRIDES ALL OTHER OPTIONS IN STRAIN AND FORCE COMMANDS.
 *** USER INFORMATION MESSAGE 4114 (OUTPX2)
     DATA BLOCK OQG1     WRITTEN ON FORTRAN UNIT    12 IN BINARY (LTLEND) FORMAT USING NDDL DESCRIPTION FOR OQG1, TRL =
                    101                 0              1224                 0                 0                 0                 3
     NAME OF DATA BLOCK WRITTEN ON FORTRAN UNIT IS OQG1    
        (MAXIMUM POSSIBLE FORTRAN RECORD SIZE =      131074 WORDS.)
     (MAXIMUM SIZE OF FORTRAN RECORDS WRITTEN =         408 WORDS.)
           (NUMBER OF FORTRAN RECORDS WRITTEN =          40 RECORDS.)
           (TOTAL DATA WRITTEN FOR DATA BLOCK =        1711 WORDS.)
 *** USER INFORMATION MESSAGE 4114 (OUTPX2)
     DATA BLOCK OUG1     WRITTEN ON FORTRAN UNIT    12 IN BINARY (LTLEND) FORMAT USING NDDL DESCRIPTION FOR OUG1, TRL =
                    101                 0              1224                 0                 0                 0                 3
     NAME OF DATA BLOCK WRITTEN ON FORTRAN UNIT IS OUG1    
        (MAXIMUM POSSIBLE FORTRAN RECORD SIZE =      131074 WORDS.)
     (MAXIMUM SIZE OF FORTRAN RECORDS WRITTEN =         408 WORDS.)
           (NUMBER OF FORTRAN RECORDS WRITTEN =          40 RECORDS.)
           (TOTAL DATA WRITTEN FOR DATA BLOCK =        1711 WORDS.)
1                                                                              JUNE  20, 2025  MSC Nastran 11/21/24   PAGE    34
                                                                                                                                    
0                                                                                                            SUBCASE 2              
      EIGENVALUE =  9.258604E+03
                                         R E A L   E I G E N V E C T O R   N O .          1
 
      POINT ID.   TYPE          T1             T2             T3             R1             R2             R3
             1      G      0.0            0.0            0.0            0.0           -2.677951E-14   0.0
             2      G      3.367095E-12   2.820054E-13   2.829813E-01   8.314696E-01   4.549832E-12  -1.139428E-11
             3      G      3.368858E-12  -2.818405E-13   2.829813E-01   8.314696E-01   4.307672E-12  -8.724782E-12
             4      G      8.113628E-12   3.478553E-13   6.367291E-01   1.000000E+00  -6.326507E-13  -1.753763E-11
             5      G     -7.579530E-16   0.0            0.0            0.0           -6.555519E-14   0.0
             6      G      1.202019E-12   1.514678E-13   1.073082E-01   5.555702E-01   3.040323E-12  -6.473779E-12
             7      G      5.524516E-13  -1.098745E-13   4.846811E-02   3.826834E-01   8.571053E-13  -5.019585E-12
             8      G      2.127880E-12   2.172129E-13   1.864936E-01   7.071068E-01  -1.843580E-12  -1.060691E-11
             9      G      1.511634E-13   5.427438E-14   1.223457E-02   1.950903E-01  -1.767444E-13  -3.898280E-12
            10      G      1.504563E-13  -5.404188E-14   1.223457E-02   1.950903E-01  -1.363824E-13  -8.770667E-13
            11      G      1.201904E-12  -1.512051E-13   1.073082E-01   5.555702E-01   3.313931E-12  -5.956167E-12
            12      G      8.114714E-12  -3.477204E-13   6.367291E-01   1.000000E+00  -1.412730E-12  -1.217192E-11
            13      G      4.850914E-12   3.034060E-13   3.930634E-01   9.238795E-01   5.456285E-13  -1.386755E-11
            14      G      6.390649E-12   3.254145E-13   5.125094E-01   9.807853E-01   7.713312E-13  -1.288173E-11
            15      G      2.127991E-12  -2.155471E-13   1.864936E-01   7.071068E-01  -1.260238E-12  -6.316129E-12
            16      G      6.392597E-12  -3.251623E-13   5.125094E-01   9.807853E-01  -2.956986E-13  -1.096931E-11
            17      G      5.530112E-13   1.097853E-13   4.846811E-02   3.826834E-01   3.410294E-13  -4.295549E-12
            18      G      4.852354E-12  -3.026981E-13   3.930634E-01   9.238795E-01   4.317052E-13  -1.240860E-11
            19      G     -1.003376E-15   0.0            0.0            0.0           -2.031103E-15   0.0
            20      G      4.161478E-14  -3.133832E-14   3.066024E-03   9.801714E-02   1.917854E-13  -2.450385E-12
            21      G      1.505080E-13   2.751837E-17   1.223457E-02   1.950903E-01  -1.809945E-13  -3.133594E-12
            22      G      4.127306E-14   3.111973E-14   3.066024E-03   9.801714E-02   3.624864E-13   1.312026E-13
            23      G      4.090746E-14  -4.105254E-16   3.066024E-03   9.801714E-02   2.829833E-13  -1.610550E-12
            24      G      3.149582E-13  -8.084569E-14   2.741734E-02   2.902847E-01   8.624602E-13  -3.874215E-12
            25      G      5.528901E-13   4.099359E-16   4.846811E-02   3.826834E-01   5.740063E-13  -3.052125E-12
            26      G      3.147932E-13   8.056803E-14   2.741734E-02   2.902847E-01   1.188710E-12  -3.631440E-12
            27      G      3.149760E-13   4.993721E-17   2.741734E-02   2.902847E-01   1.078608E-12  -2.673196E-12
            28      G      8.577278E-13  -1.283722E-13   7.518416E-02   4.713967E-01   2.561363E-12  -2.657512E-12
            29      G      1.202036E-12   6.515552E-17   1.073082E-01   5.555702E-01   3.118319E-12  -6.874358E-12
            30      G      8.575748E-13   1.304674E-13   7.518416E-02   4.713967E-01   2.659170E-12  -6.140880E-12
            31      G      8.578753E-13  -1.149752E-17   7.518416E-02   4.713967E-01   2.713038E-12  -5.720686E-12
            32      G      1.622306E-12  -1.856135E-13   1.445308E-01   6.343933E-01  -1.307674E-12  -7.174109E-12
            33      G      2.128096E-12   3.002128E-16   1.864936E-01   7.071068E-01  -1.660492E-12  -8.460648E-12
            34      G      1.621303E-12   1.859713E-13   1.445308E-01   6.343933E-01  -8.199326E-13  -7.432033E-12
            35      G      1.621583E-12   6.386504E-16   1.445308E-01   6.343933E-01  -1.064123E-12  -8.565500E-12
            36      G      2.703143E-12  -2.474433E-13   2.327924E-01   7.730105E-01   6.325649E-13  -8.480181E-12
            37      G      3.367868E-12   1.941103E-17   2.829813E-01   8.314696E-01   4.398375E-12  -1.028012E-11
            38      G      2.703544E-12   2.484513E-13   2.327924E-01   7.730105E-01   7.789567E-13  -9.316582E-12
            39      G      2.703583E-12  -1.334524E-17   2.327924E-01   7.730105E-01   7.490878E-13  -9.983663E-12
            40      G      4.099601E-12  -2.983191E-13   3.365771E-01   8.819213E-01   1.982590E-12  -1.264362E-11
            41      G      4.851676E-12   5.034355E-16   3.930634E-01   9.238795E-01   5.052844E-13  -1.218630E-11
            42      G      4.101273E-12   2.975812E-13   3.365771E-01   8.819213E-01   2.271080E-12  -1.195639E-11
            43      G      4.099954E-12   8.739360E-16   3.365771E-01   8.819213E-01   2.050866E-12  -1.092636E-11
            44      G      5.614332E-12  -3.056809E-13   4.518964E-01   9.569403E-01   1.860319E-12  -1.460242E-11
            45      G      6.391784E-12   6.371851E-17   5.125094E-01   9.807853E-01   1.161790E-13  -1.254705E-11
            46      G      5.615997E-12   3.053431E-13   4.518964E-01   9.569403E-01   1.491613E-12  -1.231093E-11
            47      G      5.615218E-12   4.748805E-16   4.518964E-01   9.569403E-01   1.679961E-12  -1.150009E-11
            48      G      7.244852E-12  -3.459095E-13   5.743187E-01   9.951847E-01   1.402794E-12  -1.450227E-11
            49      G      8.114165E-12  -1.328571E-16   6.367291E-01   1.000000E+00  -1.102645E-12  -1.292280E-11
            50      G      7.245277E-12   3.482746E-13   5.743187E-01   9.951847E-01   5.458231E-13  -1.535509E-11
1                                                                              JUNE  20, 2025  MSC Nastran 11/21/24   PAGE    35
                                                                                                                                    
0                                                                                                            SUBCASE 2              
      EIGENVALUE =  9.258604E+03
                                         R E A L   E I G E N V E C T O R   N O .          1
 
      POINT ID.   TYPE          T1             T2             T3             R1             R2             R3
            51      G      7.245190E-12   1.227330E-16   5.743187E-01   9.951847E-01   1.074252E-12  -1.342310E-11
1                                                                              JUNE  20, 2025  MSC Nastran 11/21/24   PAGE    36
                                                                                                                                    
0                                                                                                            SUBCASE 2              
      EIGENVALUE =  7.715005E+04
                                         R E A L   E I G E N V E C T O R   N O .          2
 
      POINT ID.   TYPE          T1             T2             T3             R1             R2             R3
             1      G      0.0            0.0            0.0            0.0           -4.931433E-13   0.0
             2      G     -2.832212E-01  -2.079896E-02  -2.208650E-10  -2.372755E-11   4.276520E-11   8.314696E-01
             3      G     -2.832212E-01   2.079896E-02  -2.230088E-10  -3.447413E-11   4.290348E-11   8.314696E-01
             4      G     -6.372688E-01  -2.501470E-02  -7.125228E-11   7.069993E-10   4.877464E-11   1.000000E+00
             5      G     -2.328658E-13   0.0            0.0            0.0            9.954681E-13   0.0
             6      G     -1.073992E-01  -1.389742E-02  -1.599443E-10  -5.793634E-10   1.752494E-11   5.555702E-01
             7      G     -4.850920E-02   9.572709E-03  -8.724600E-11  -5.354598E-10   5.317410E-12   3.826834E-01
             8      G     -1.866517E-01  -1.768806E-02  -2.087024E-10  -1.880422E-10   4.329910E-11   7.071068E-01
             9      G     -1.224494E-02  -4.880125E-03  -2.455279E-11  -3.892465E-10  -1.560610E-12   1.950903E-01
            10      G     -1.224494E-02   4.880125E-03  -2.459501E-11  -4.086235E-10   3.079344E-12   1.950903E-01
            11      G     -1.073992E-01   1.389742E-02  -1.608331E-10  -5.612077E-10   1.822136E-11   5.555702E-01
            12      G     -6.372688E-01   2.501470E-02  -7.371891E-11   7.169669E-10   4.759429E-11   1.000000E+00
            13      G     -3.933966E-01  -2.311056E-02  -2.083758E-10   2.341059E-10   5.181524E-11   9.238795E-01
            14      G     -5.129438E-01  -2.453404E-02  -1.558472E-10   5.961439E-10   3.248002E-11   9.807853E-01
            15      G     -1.866517E-01   1.768806E-02  -2.109375E-10  -1.957659E-10   4.431038E-11   7.071068E-01
            16      G     -5.129438E-01   2.453404E-02  -1.575672E-10   5.952993E-10   3.560358E-11   9.807853E-01
            17      G     -4.850920E-02  -9.572709E-03  -8.708109E-11  -5.418417E-10   2.520810E-12   3.826834E-01
            18      G     -3.933966E-01   2.311056E-02  -2.109791E-10   2.298486E-10   5.229328E-11   9.238795E-01
            19      G     -1.821292E-13   0.0            0.0            0.0           -2.637944E-13   0.0
            20      G     -3.068623E-03   2.451869E-03  -5.991359E-12  -1.920983E-10  -1.220977E-11   9.801714E-02
            21      G     -1.224494E-02   4.283004E-14  -2.454349E-11  -3.977747E-10   5.423365E-13   1.950903E-01
            22      G     -3.068623E-03  -2.451869E-03  -6.621452E-12  -1.999937E-10  -1.159020E-11   9.801714E-02
            23      G     -3.068623E-03   3.592731E-14  -6.316521E-12  -1.947505E-10  -1.240183E-11   9.801714E-02
            24      G     -2.744058E-02   7.261383E-03  -5.513850E-11  -5.118787E-10   2.244682E-11   2.902847E-01
            25      G     -4.850920E-02   1.056479E-13  -8.715311E-11  -5.371065E-10   3.554983E-12   3.826834E-01
            26      G     -2.744058E-02  -7.261383E-03  -5.384104E-11  -5.153879E-10   2.857738E-11   2.902847E-01
            27      G     -2.744058E-02   8.907077E-14  -5.452816E-11  -5.153071E-10   2.508279E-11   2.902847E-01
            28      G     -7.524789E-02   1.179185E-02  -1.230612E-10  -6.054299E-10   2.360790E-11   4.713967E-01
            29      G     -1.073992E-01   1.674264E-13  -1.603916E-10  -5.695744E-10   1.781432E-11   5.555702E-01
            30      G     -7.524789E-02  -1.179185E-02  -1.219027E-10  -5.901049E-10   2.091904E-11   4.713967E-01
            31      G     -7.524789E-02   1.354860E-13  -1.224789E-10  -5.993688E-10   2.254217E-11   4.713967E-01
            32      G     -1.446533E-01   1.586915E-02  -1.912756E-10  -4.079609E-10   6.756148E-12   6.343933E-01
            33      G     -1.866517E-01   2.083138E-13  -2.098181E-10  -1.912112E-10   4.384615E-11   7.071068E-01
            34      G     -1.446533E-01  -1.586915E-02  -1.909602E-10  -3.929384E-10   7.427742E-12   6.343933E-01
            35      G     -1.446533E-01   1.919804E-13  -1.911202E-10  -4.011485E-10   6.478061E-12   6.343933E-01
            36      G     -2.329897E-01   1.933662E-02  -2.179300E-10  -8.837182E-11   3.246837E-11   7.730105E-01
            37      G     -2.832212E-01   2.681493E-13  -2.219429E-10  -2.832126E-11   4.328519E-11   8.314696E-01
            38      G     -2.329897E-01  -1.933662E-02  -2.163790E-10  -9.633476E-11   3.042966E-11   7.730105E-01
            39      G     -2.329897E-01   2.410641E-13  -2.171394E-10  -9.031187E-11   3.140691E-11   7.730105E-01
            40      G     -3.368623E-01   2.206099E-02  -2.207045E-10   9.574840E-11   4.617880E-11   8.819213E-01
            41      G     -3.933966E-01   3.103667E-13  -2.096648E-10   2.319910E-10   5.214434E-11   9.238795E-01
            42      G     -3.368623E-01  -2.206099E-02  -2.183889E-10   9.504593E-11   4.650367E-11   8.819213E-01
            43      G     -3.368623E-01   2.922012E-13  -2.195439E-10   9.633644E-11   4.599842E-11   8.819213E-01
            44      G     -4.522794E-01   2.393757E-02  -1.906085E-10   4.324473E-10   4.823245E-11   9.569403E-01
            45      G     -5.129438E-01   3.392754E-13  -1.566770E-10   5.956076E-10   3.420368E-11   9.807853E-01
            46      G     -4.522794E-01  -2.393757E-02  -1.881506E-10   4.216864E-10   5.050726E-11   9.569403E-01
            47      G     -4.522794E-01   3.238063E-13  -1.893980E-10   4.284747E-10   4.947666E-11   9.569403E-01
            48      G     -5.748055E-01   2.489424E-02  -1.177364E-10   6.768381E-10   5.128364E-11   9.951847E-01
            49      G     -6.372688E-01   3.538032E-13  -7.248573E-11   7.113368E-10   4.957852E-11   1.000000E+00
            50      G     -5.748055E-01  -2.489424E-02  -1.150805E-10   6.867236E-10   5.269445E-11   9.951847E-01
1                                                                              JUNE  20, 2025  MSC Nastran 11/21/24   PAGE    37
                                                                                                                                    
0                                                                                                            SUBCASE 2              
      EIGENVALUE =  7.715005E+04
                                         R E A L   E I G E N V E C T O R   N O .          2
 
      POINT ID.   TYPE          T1             T2             T3             R1             R2             R3
            51      G     -5.748055E-01   3.592128E-13  -1.164223E-10   6.806625E-10   5.271212E-11   9.951847E-01
1                                                                              JUNE  20, 2025  MSC Nastran 11/21/24   PAGE    38
                                                                                                                                    
0                                                                                                            SUBCASE 2              
      EIGENVALUE =  8.374865E+04
                                         R E A L   E I G E N V E C T O R   N O .          3
 
      POINT ID.   TYPE          T1             T2             T3             R1             R2             R3
             1      G      0.0            0.0            0.0            0.0            1.347799E-12   0.0
             2      G      1.919602E-10   1.315055E-11  -4.210051E-01  -1.950903E-01  -1.438464E-10  -5.338573E-10
             3      G      1.919822E-10  -1.315264E-11  -4.210051E-01  -1.950903E-01  -1.483300E-10  -5.491709E-10
             4      G      4.136412E-10   1.517063E-11  -2.125445E-01   1.000000E+00  -1.788908E-10  -5.391686E-10
             5      G     -2.435774E-14   0.0            0.0            0.0            1.450652E-12   0.0
             6      G      7.693309E-11   9.666002E-12  -2.540099E-01  -9.807853E-01  -6.376776E-11  -3.666917E-10
             7      G      3.536243E-11  -6.818205E-12  -1.312073E-01  -9.238795E-01  -7.311005E-11  -2.921537E-10
             8      G      1.302692E-10   1.155560E-11  -3.628362E-01  -7.071068E-01  -3.937031E-11  -4.375618E-10
             9      G      9.095465E-12   3.606062E-12  -3.582021E-02  -5.555702E-01  -1.468635E-11  -1.020547E-10
            10      G      9.070063E-12  -3.597435E-12  -3.582021E-02  -5.555702E-01  -9.970874E-12  -1.444311E-10
            11      G      7.692041E-11  -9.641793E-12  -2.540099E-01  -9.807853E-01  -5.968231E-11  -3.914184E-10
            12      G      4.136483E-10  -1.520084E-11  -2.125445E-01   1.000000E+00  -1.822738E-10  -6.375449E-10
            13      G      2.620391E-10   1.472902E-11  -4.089101E-01   3.826834E-01  -1.135226E-10  -5.749005E-10
            14      G      3.380333E-10   1.524448E-11  -3.306279E-01   8.314696E-01  -1.604030E-10  -6.149067E-10
            15      G      1.302911E-10  -1.157448E-11  -3.628362E-01  -7.071068E-01  -3.760618E-11  -5.199483E-10
            16      G      3.380332E-10  -1.526932E-11  -3.306279E-01   8.314696E-01  -1.486170E-10  -6.433110E-10
            17      G      3.536972E-11   6.827510E-12  -1.312073E-01  -9.238795E-01  -6.994839E-11  -3.042164E-10
            18      G      2.620403E-10  -1.476840E-11  -4.089101E-01   3.826834E-01  -1.160489E-10  -5.733863E-10
            19      G     -1.436692E-14   0.0            0.0            0.0           -8.161888E-14   0.0
            20      G      2.273435E-12  -1.842082E-12  -9.152096E-03  -2.902847E-01  -2.056323E-12  -3.321369E-11
            21      G      9.080659E-12  -1.323370E-14  -3.582021E-02  -5.555702E-01  -1.180398E-11  -1.505434E-10
            22      G      2.237763E-12   1.833626E-12  -9.152096E-03  -2.902847E-01  -8.595720E-13  -9.607201E-11
            23      G      2.254827E-12   1.141874E-14  -9.152096E-03  -2.902847E-01  -2.233358E-12  -7.091358E-11
            24      G      2.021549E-11  -5.260836E-12  -7.770771E-02  -7.730105E-01  -4.440257E-11  -2.145731E-10
            25      G      3.536107E-11  -1.616272E-15  -1.312073E-01  -9.238795E-01  -7.288212E-11  -3.150268E-10
            26      G      2.020463E-11   5.247699E-12  -7.770771E-02  -7.730105E-01  -4.041876E-11  -1.859242E-10
            27      G      2.020655E-11   1.222100E-14  -7.770771E-02  -7.730105E-01  -4.303508E-11  -2.291711E-10
            28      G      5.426383E-11  -8.366175E-12  -1.917115E-01  -9.951847E-01  -4.573288E-11  -3.635367E-10
            29      G      7.692659E-11  -4.547146E-15  -2.540099E-01  -9.807853E-01  -6.123178E-11  -3.885473E-10
            30      G      5.425667E-11   8.308130E-12  -1.917115E-01  -9.951847E-01  -4.598284E-11  -3.230704E-10
            31      G      5.425375E-11  -3.630444E-15  -1.917115E-01  -9.951847E-01  -4.782348E-11  -3.225065E-10
            32      G      1.023676E-10  -1.069257E-11  -3.127373E-01  -8.819213E-01  -3.270373E-11  -4.369647E-10
            33      G      1.302791E-10  -1.475465E-14  -3.628362E-01  -7.071068E-01  -3.631647E-11  -4.493365E-10
            34      G      1.023757E-10   1.067571E-11  -3.127373E-01  -8.819213E-01  -2.395179E-11  -3.971412E-10
            35      G      1.023846E-10   1.228130E-16  -3.127373E-01  -8.819213E-01  -2.927409E-11  -4.068343E-10
            36      G      1.601133E-10  -1.235176E-11  -3.999921E-01  -4.713967E-01  -5.365114E-11  -5.167452E-10
            37      G      1.919784E-10  -6.926495E-15  -4.210051E-01  -1.950903E-01  -1.464715E-10  -5.468018E-10
            38      G      1.601556E-10   1.231435E-11  -3.999921E-01  -4.713967E-01  -5.909221E-11  -5.156254E-10
            39      G      1.601313E-10   5.248585E-17  -3.999921E-01  -4.713967E-01  -5.650499E-11  -4.967141E-10
            40      G      2.259261E-10  -1.402464E-11  -4.240656E-01   9.801714E-02  -1.166153E-10  -5.886582E-10
            41      G      2.620500E-10  -3.941028E-15  -4.089101E-01   3.826834E-01  -1.167274E-10  -5.665809E-10
            42      G      2.259519E-10   1.404662E-11  -4.240656E-01   9.801714E-02  -1.248990E-10  -5.606532E-10
            43      G      2.259534E-10  -2.118298E-14  -4.240656E-01   9.801714E-02  -1.193628E-10  -5.656147E-10
            44      G      2.995379E-10  -1.527409E-11  -3.768437E-01   6.343933E-01  -1.449792E-10  -5.912691E-10
            45      G      3.380274E-10  -5.149040E-15  -3.306279E-01   8.314696E-01  -1.519225E-10  -6.179271E-10
            46      G      2.995501E-10   1.527189E-11  -3.768437E-01   6.343933E-01  -1.446812E-10  -6.194780E-10
            47      G      2.995443E-10  -1.131223E-14  -3.768437E-01   6.343933E-01  -1.428652E-10  -6.291561E-10
            48      G      3.756941E-10  -1.510867E-11  -2.742429E-01   9.569403E-01  -1.469132E-10  -6.022995E-10
            49      G      4.136514E-10   1.537216E-14  -2.125445E-01   1.000000E+00  -1.780694E-10  -6.246594E-10
            50      G      3.757261E-10   1.506242E-11  -2.742429E-01   9.569403E-01  -1.431862E-10  -6.187208E-10
1                                                                              JUNE  20, 2025  MSC Nastran 11/21/24   PAGE    39
                                                                                                                                    
0                                                                                                            SUBCASE 2              
      EIGENVALUE =  8.374865E+04
                                         R E A L   E I G E N V E C T O R   N O .          3
 
      POINT ID.   TYPE          T1             T2             T3             R1             R2             R3
            51      G      3.757160E-10  -3.686312E-15  -2.742429E-01   9.569403E-01  -1.462768E-10  -6.263329E-10
1                                                                              JUNE  20, 2025  MSC Nastran 11/21/24   PAGE    40
                                                                                                                                    
0                                                                                                            SUBCASE 2              
      EIGENVALUE =  9.258604E+03
                               F O R C E S   O F   S I N G L E - P O I N T   C O N S T R A I N T
 
      POINT ID.   TYPE          T1             T2             T3             R1             R2             R3
             1      G      1.924196E-06  -1.372514E-05  -1.135484E+02  -1.473805E+03   0.0            6.448915E-11
             5      G      0.0            1.479107E-05  -1.135484E+02  -1.473805E+03   0.0            6.620739E-11
            19      G      0.0           -4.421477E-07  -2.270968E+02  -2.947611E+03   0.0            1.309714E-10
1                                                                              JUNE  20, 2025  MSC Nastran 11/21/24   PAGE    41
                                                                                                                                    
0                                                                                                            SUBCASE 2              
      EIGENVALUE =  7.715005E+04
                               F O R C E S   O F   S I N G L E - P O I N T   C O N S T R A I N T
 
      POINT ID.   TYPE          T1             T2             T3             R1             R2             R3
             1      G      9.469782E+02   9.829228E+05   2.069569E-05   3.278995E-06   0.0           -4.794724E+00
             5      G      0.0           -9.829228E+05   2.149221E-06   2.939863E-06   0.0           -4.794724E+00
            19      G      0.0           -8.674014E-05   8.348790E-06   6.479839E-06   0.0           -9.589448E+00
1                                                                              JUNE  20, 2025  MSC Nastran 11/21/24   PAGE    42
                                                                                                                                    
0                                                                                                            SUBCASE 2              
      EIGENVALUE =  8.374865E+04
                               F O R C E S   O F   S I N G L E - P O I N T   C O N S T R A I N T
 
      POINT ID.   TYPE          T1             T2             T3             R1             R2             R3
             1      G      1.826315E-05  -7.204179E-04   3.065903E+03   4.450080E+03   0.0            3.496505E-09
             5      G      0.0            7.135423E-04   3.065903E+03   4.450080E+03   0.0            3.590301E-09
            19      G      0.0           -1.753271E-06   6.131806E+03   8.900159E+03   0.0            7.091232E-09
1                                                                              JUNE  20, 2025  MSC Nastran 11/21/24   PAGE    43
                                                                                                                                    
0                                                                                                            SUBCASE 2              
      EIGENVALUE =  9.258604E+03

                          F O R C E S   I N   Q U A D R I L A T E R A L   E L E M E N T S   ( Q U A D 4 )        OPTION = BILIN  
 
    ELEMENT                    - MEMBRANE  FORCES -                      - BENDING   MOMENTS -            - TRANSVERSE SHEAR FORCES -
      ID       GRID-ID     FX            FY            FXY           MX            MY            MXY           QX            QY
0         1    CEN/4 -7.227287E-05 -1.039604E-05  2.127923E-05 -3.967296E+04  9.788030E-08  5.457221E-07  1.743076E+05 -2.019658E-05
                  44 -1.431751E-04 -8.861652E-05  2.127923E-05 -3.967296E+04  3.306558E-07  5.457803E-07  1.743076E+05 -2.019658E-05
                  18 -1.431751E-04  6.782444E-05  2.127923E-05 -3.967296E+04 -1.348952E-07  5.457803E-07  1.743076E+05 -2.019658E-05
                  41 -1.370640E-06  6.782444E-05  2.127923E-05 -3.967296E+04 -1.348952E-07  5.456639E-07  1.743076E+05 -2.019658E-05
                  47 -1.370640E-06 -8.861652E-05  2.127923E-05 -3.967296E+04  3.306558E-07  5.457221E-07  1.743076E+05 -2.019658E-05
0         2    CEN/4 -4.774221E-04 -3.642114E-06  2.362453E-04  2.861393E+04  2.122266E-07 -8.610100E-07  1.795814E+05  8.950280E-06
                  44 -9.351083E-04 -8.861652E-05  2.362453E-04  2.861393E+04 -3.306558E-07 -8.610100E-07  1.795814E+05  8.950280E-06
                  16 -9.351083E-04  8.133229E-05  2.362453E-04  2.861393E+04  7.551089E-07 -8.610100E-07  1.795814E+05  8.950280E-06
                  45 -1.973577E-05  8.133229E-05  2.362453E-04  2.861393E+04  7.551089E-07 -8.611264E-07  1.795814E+05  8.950280E-06
                  47 -1.973577E-05 -8.861652E-05  2.362453E-04  2.861393E+04 -3.306558E-07 -8.610682E-07  1.795814E+05  8.950280E-06
0         3    CEN/4  4.718452E-04  1.781385E-05  2.432992E-04  2.861393E+04  4.279034E-07 -5.069878E-07  1.795814E+05 -2.681251E-05
                  47 -1.973577E-05 -7.783610E-05  2.432992E-04  2.861393E+04 -3.453056E-07 -5.069295E-07  1.795814E+05 -2.681251E-05
                  45 -1.973577E-05  1.134638E-04  2.432992E-04  2.861393E+04  1.201112E-06 -5.069295E-07  1.795814E+05 -2.681251E-05
                  14  9.634262E-04  1.134638E-04  2.432992E-04  2.861393E+04  1.201112E-06 -5.071042E-07  1.795814E+05 -2.681251E-05
                  46  9.634262E-04 -7.783610E-05  2.432992E-04  2.861393E+04 -3.453056E-07 -5.069295E-07  1.795814E+05 -2.681251E-05
0         4    CEN/4  4.580476E-05 -8.594878E-07 -9.198112E-05  3.967296E+04 -1.356707E-07  4.235378E-07  1.743076E+05 -2.210393E-05
                  41 -1.370640E-06  7.611712E-05 -9.198112E-05  3.967296E+04  7.396415E-08  4.235378E-07  1.743076E+05 -2.210393E-05
                  47 -1.370640E-06 -7.783610E-05 -9.198112E-05  3.967296E+04 -3.453056E-07  4.235960E-07  1.743076E+05 -2.210393E-05
                  46  9.298015E-05 -7.783610E-05 -9.198112E-05  3.967296E+04 -3.453056E-07  4.234214E-07  1.743076E+05 -2.210393E-05
                  13  9.298015E-05  7.611712E-05 -9.198112E-05  3.967296E+04  7.396415E-08  4.234796E-07  1.743076E+05 -2.210393E-05
0         5    CEN/4 -4.965155E-04  2.378634E-05 -2.751582E-04  1.727934E+04  7.639079E-08  6.177715E-07  1.831257E+05  1.924247E-05
                  16 -9.958637E-04  8.133229E-05 -2.751582E-04  1.727934E+04  7.551089E-07  6.178879E-07  1.831257E+05  1.924247E-05
                  48 -9.958637E-04 -3.375961E-05 -2.751582E-04  1.727934E+04 -6.023274E-07  6.178879E-07  1.831257E+05  1.924247E-05
                  51  2.832695E-06 -3.375961E-05 -2.751582E-04  1.727934E+04 -6.023274E-07  6.177715E-07  1.831257E+05  1.924247E-05
                  45  2.832695E-06  8.133229E-05 -2.751582E-04  1.727934E+04  7.551089E-07  6.178297E-07  1.831257E+05  1.924247E-05
0         6    CEN/4 -4.959667E-05  1.060141E-05 -4.787524E-05  5.778328E+03 -1.691905E-08 -1.507249E-06  1.849065E+05 -2.293743E-05
                  48 -8.692502E-05 -3.375961E-05 -4.787524E-05  5.778328E+03 -6.023274E-07 -1.507191E-06  1.849065E+05 -2.293743E-05
                  12 -8.692502E-05  5.496243E-05 -4.787524E-05  5.778328E+03  5.684892E-07 -1.507191E-06  1.849065E+05 -2.293743E-05
                  49 -1.226833E-05  5.496243E-05 -4.787524E-05  5.778328E+03  5.684892E-07 -1.507307E-06  1.849065E+05 -2.293743E-05
                  51 -1.226833E-05 -3.375961E-05 -4.787524E-05  5.778328E+03 -6.023274E-07 -1.507249E-06  1.849065E+05 -2.293743E-05
0         7    CEN/4 -1.619625E-05  2.246758E-05  3.023331E-05  5.778328E+03 -5.356557E-08 -9.109044E-07  1.849065E+05 -7.777371E-05
                  51 -1.226833E-05 -8.683649E-06  3.023331E-05  5.778328E+03 -9.687867E-07 -9.108462E-07  1.849065E+05 -7.777371E-05
                  49 -1.226833E-05  5.361881E-05  3.023331E-05  5.778328E+03  8.616555E-07 -9.108462E-07  1.849065E+05 -7.777371E-05
                   4 -2.012417E-05  5.361881E-05  3.023331E-05  5.778328E+03  8.616555E-07 -9.109626E-07  1.849065E+05 -7.777371E-05
                  50 -2.012417E-05 -8.683649E-06  3.023331E-05  5.778328E+03 -9.687867E-07 -9.109044E-07  1.849065E+05 -7.777371E-05
0         8    CEN/4  5.500586E-04  5.239008E-05 -2.427734E-04  1.727934E+04  1.161629E-07  9.967003E-08  1.831257E+05 -5.609781E-05
                  45  2.832695E-06  1.134638E-04 -2.427734E-04  1.727934E+04  1.201112E-06  9.972823E-08  1.831257E+05 -5.609781E-05
                  51  2.832695E-06 -8.683649E-06 -2.427734E-04  1.727934E+04 -9.687867E-07  9.972823E-08  1.831257E+05 -5.609781E-05
                  50  1.097285E-03 -8.683649E-06 -2.427734E-04  1.727934E+04 -9.687867E-07  9.961182E-08  1.831257E+05 -5.609781E-05
                  14  1.097285E-03  1.134638E-04 -2.427734E-04  1.727934E+04  1.201112E-06  9.967003E-08  1.831257E+05 -5.609781E-05
0         9    CEN/4 -6.844874E-05  7.370210E-04  4.358247E-05  5.019185E-08  1.176206E+05 -3.843115E-08 -2.802098E-05  9.083874E+03
1                                                                              JUNE  20, 2025  MSC Nastran 11/21/24   PAGE    44
                                                                                                                                    
0                                                                                                            SUBCASE 2              
      EIGENVALUE =  9.258604E+03

                          F O R C E S   I N   Q U A D R I L A T E R A L   E L E M E N T S   ( Q U A D 4 )        OPTION = BILIN  
 
    ELEMENT                    - MEMBRANE  FORCES -                      - BENDING   MOMENTS -            - TRANSVERSE SHEAR FORCES -
      ID       GRID-ID     FX            FY            FXY           MX            MY            MXY           QX            QY
                   1 -1.003376E-04  1.493747E-03  4.358247E-05 -4.537209E-08  1.176206E+05 -3.843842E-08 -2.802098E-05  9.083874E+03
                  19 -1.003376E-04 -1.970522E-05  4.358247E-05 -4.537209E-08  1.176206E+05 -3.843115E-08 -2.802098E-05  9.083874E+03
                  23 -3.655987E-05 -1.970522E-05  4.358247E-05  1.457558E-07  1.176206E+05 -3.843842E-08 -2.802098E-05  9.083874E+03
                  22 -3.655987E-05  1.493747E-03  4.358247E-05  1.457558E-07  1.176206E+05 -3.843842E-08 -2.802098E-05  9.083874E+03
0        10    CEN/4  4.763705E-05 -7.619724E-04  6.964072E-05  1.418285E-07  1.176206E+05 -3.653108E-08 -1.441994E-05  9.083874E+03
                  19  2.454232E-05 -1.970522E-05  6.964072E-05  1.164608E-07  1.176206E+05 -3.653108E-08 -1.441994E-05  9.083874E+03
                   5  2.454232E-05 -1.504240E-03  6.964072E-05  1.164608E-07  1.176206E+05 -3.653108E-08 -1.441994E-05  9.083874E+03
                  20  7.073178E-05 -1.504240E-03  6.964072E-05  1.671962E-07  1.176206E+05 -3.653108E-08 -1.441994E-05  9.083874E+03
                  23  7.073178E-05 -1.970522E-05  6.964072E-05  1.671962E-07  1.176206E+05 -3.653108E-08 -1.441994E-05  9.083874E+03
0        11    CEN/4  3.277774E-05 -5.343723E-04  5.949070E-05  4.270372E-08  1.164878E+05  1.839711E-07 -1.499555E-05  2.716414E+04
                  23  7.073178E-05  2.102610E-05  5.949070E-05  1.671962E-07  1.164878E+05  1.839711E-07 -1.499555E-05  2.716414E+04
                  20  7.073178E-05 -1.089771E-03  5.949070E-05  1.671962E-07  1.164878E+05  1.839711E-07 -1.499555E-05  2.716414E+04
                  10 -5.176300E-06 -1.089771E-03  5.949070E-05 -8.178875E-08  1.164878E+05  1.839711E-07 -1.499555E-05  2.716414E+04
                  21 -5.176300E-06  2.102610E-05  5.949070E-05 -8.178875E-08  1.164878E+05  1.839711E-07 -1.499555E-05  2.716414E+04
0        12    CEN/4 -5.104681E-05  5.662246E-04  5.048074E-05  7.677380E-08  1.164878E+05  2.121523E-07 -8.453944E-06  2.716414E+04
                  22 -3.655987E-05  1.111423E-03  5.048074E-05  1.457558E-07  1.164878E+05  2.121450E-07 -8.453944E-06  2.716414E+04
                  23 -3.655987E-05  2.102610E-05  5.048074E-05  1.457558E-07  1.164878E+05  2.121523E-07 -8.453944E-06  2.716414E+04
                  21 -6.553374E-05  2.102610E-05  5.048074E-05  7.791804E-09  1.164878E+05  2.121450E-07 -8.453944E-06  2.716414E+04
                   9 -6.553374E-05  1.111423E-03  5.048074E-05  7.791804E-09  1.164878E+05  2.121450E-07 -8.453944E-06  2.716414E+04
0        13    CEN/4 -6.427535E-04 -3.478008E-06  8.442625E-05  1.142332E+05  1.572409E-07  5.520004E-07  4.498280E+04  6.202270E-06
                  10 -1.286583E-03 -5.176300E-06  8.442625E-05  1.142332E+05 -8.178875E-08  5.520004E-07  4.498280E+04  6.202270E-06
                  24 -1.286583E-03 -1.779715E-06  8.442625E-05  1.142332E+05  3.962705E-07  5.520586E-07  4.498280E+04  6.202270E-06
                  27  1.076104E-06 -1.779715E-06  8.442625E-05  1.142332E+05  3.962705E-07  5.520149E-07  4.498280E+04  6.202270E-06
                  21  1.076104E-06 -5.176300E-06  8.442625E-05  1.142332E+05 -8.178875E-08  5.520004E-07  4.498280E+04  6.202270E-06
0        14    CEN/4 -6.880521E-04 -2.281767E-05  2.542770E-05  1.108785E+05 -6.137214E-08  2.379643E-08  6.236825E+04 -1.940942E-05
                  24 -1.393384E-03 -1.779715E-06  2.542770E-05  1.108785E+05  3.962705E-07  2.379643E-08  6.236825E+04 -1.940942E-05
                   7 -1.393384E-03 -4.385563E-05  2.542770E-05  1.108785E+05 -5.190148E-07  2.379643E-08  6.236825E+04 -1.940942E-05
                  25  1.727994E-05 -4.385563E-05  2.542770E-05  1.108785E+05 -5.190148E-07  2.379643E-08  6.236825E+04 -1.940942E-05
                  27  1.727994E-05 -1.779715E-06  2.542770E-05  1.108785E+05  3.962705E-07  2.379643E-08  6.236825E+04 -1.940942E-05
0        15    CEN/4  7.098549E-04  3.090937E-06 -1.398451E-05  1.108785E+05 -1.126347E-07 -2.440476E-07  6.236825E+04  1.482008E-06
                  27  1.727994E-05  1.828605E-05 -1.398451E-05  1.108785E+05  2.018549E-07 -2.440768E-07  6.236825E+04  1.482008E-06
                  25  1.727994E-05 -1.210418E-05 -1.398451E-05  1.108785E+05 -4.271243E-07 -2.440476E-07  6.236825E+04  1.482008E-06
                  17  1.402430E-03 -1.210418E-05 -1.398451E-05  1.108785E+05 -4.271243E-07 -2.440768E-07  6.236825E+04  1.482008E-06
                  26  1.402430E-03  1.828605E-05 -1.398451E-05  1.108785E+05  2.018549E-07 -2.440476E-07  6.236825E+04  1.482008E-06
0        16    CEN/4  6.315856E-04 -2.362384E-05  8.814599E-05  1.142332E+05  1.048234E-07  5.907491E-07  4.498280E+04  1.374294E-06
                  21  1.076104E-06 -6.553374E-05  8.814599E-05  1.142332E+05  7.791804E-09  5.907782E-07  4.498280E+04  1.374294E-06
                  27  1.076104E-06  1.828605E-05  8.814599E-05  1.142332E+05  2.018549E-07  5.907636E-07  4.498280E+04  1.374294E-06
                  26  1.262095E-03  1.828605E-05  8.814599E-05  1.142332E+05  2.018549E-07  5.907345E-07  4.498280E+04  1.374294E-06
                   9  1.262095E-03 -6.553374E-05  8.814599E-05  1.142332E+05  7.791804E-09  5.907491E-07  4.498280E+04  1.374294E-06
0        17    CEN/4 -4.540583E-04 -2.930230E-05 -1.364845E-04  1.064560E+05 -1.204727E-07  1.128151E-06  7.915306E+04 -3.477592E-05
                   7 -8.878877E-04 -4.385563E-05 -1.364845E-04  1.064560E+05 -5.190148E-07  1.128180E-06  7.915306E+04 -3.477592E-05
                  28 -8.878877E-04 -1.474898E-05 -1.364845E-04  1.064560E+05  2.780694E-07  1.128151E-06  7.915306E+04 -3.477592E-05
1                                                                              JUNE  20, 2025  MSC Nastran 11/21/24   PAGE    45
                                                                                                                                    
0                                                                                                            SUBCASE 2              
      EIGENVALUE =  9.258604E+03

                          F O R C E S   I N   Q U A D R I L A T E R A L   E L E M E N T S   ( Q U A D 4 )        OPTION = BILIN  
 
    ELEMENT                    - MEMBRANE  FORCES -                      - BENDING   MOMENTS -            - TRANSVERSE SHEAR FORCES -
      ID       GRID-ID     FX            FY            FXY           MX            MY            MXY           QX            QY
                  31 -2.022880E-05 -1.474898E-05 -1.364845E-04  1.064560E+05  2.780694E-07  1.128122E-06  7.915306E+04 -3.477592E-05
                  25 -2.022880E-05 -4.385563E-05 -1.364845E-04  1.064560E+05 -5.190148E-07  1.128151E-06  7.915306E+04 -3.477592E-05
0        18    CEN/4 -5.461504E-04 -1.393978E-05 -1.074029E-04 -1.010082E+05  4.027682E-08  1.740299E-07  9.517558E+04  9.423776E-06
                  11 -1.095980E-03 -1.313057E-05 -1.074029E-04 -1.010082E+05  3.586230E-07  1.740590E-07  9.517558E+04  9.423776E-06
                  28 -1.095980E-03 -1.474898E-05 -1.074029E-04 -1.010082E+05 -2.780694E-07  1.740008E-07  9.517558E+04  9.423776E-06
                  31  3.679346E-06 -1.474898E-05 -1.074029E-04 -1.010082E+05 -2.780694E-07  1.739717E-07  9.517558E+04  9.423776E-06
                  29  3.679346E-06 -1.313057E-05 -1.074029E-04 -1.010082E+05  3.586230E-07  1.740008E-07  9.517558E+04  9.423776E-06
0        19    CEN/4  5.058499E-04  1.585902E-05 -1.609922E-04 -1.010082E+05  1.208751E-07  2.049485E-07  9.517558E+04 -1.644464E-05
                  29  3.679346E-06  1.666812E-06 -1.609922E-04 -1.010082E+05  1.429924E-07  2.050067E-07  9.517558E+04 -1.644464E-05
                  31  3.679346E-06  3.005122E-05 -1.609922E-04 -1.010082E+05  9.875779E-08  2.049776E-07  9.517558E+04 -1.644464E-05
                  30  1.008020E-03  3.005122E-05 -1.609922E-04 -1.010082E+05  9.875779E-08  2.048903E-07  9.517558E+04 -1.644464E-05
                   6  1.008020E-03  1.666812E-06 -1.609922E-04 -1.010082E+05  1.429924E-07  2.049776E-07  9.517558E+04 -1.644464E-05
0        20    CEN/4  4.862558E-04  8.973522E-06 -9.912994E-05  1.064560E+05 -2.629410E-07  1.157547E-06  7.915306E+04 -1.012940E-05
                  25 -2.022880E-05 -1.210418E-05 -9.912994E-05  1.064560E+05 -4.271243E-07  1.157605E-06  7.915306E+04 -1.012940E-05
                  31 -2.022880E-05  3.005122E-05 -9.912994E-05  1.064560E+05 -9.875779E-08  1.157576E-06  7.915306E+04 -1.012940E-05
                  30  9.927404E-04  3.005122E-05 -9.912994E-05  1.064560E+05 -9.875779E-08  1.157547E-06  7.915306E+04 -1.012940E-05
                  17  9.927404E-04 -1.210418E-05 -9.912994E-05  1.064560E+05 -4.271243E-07  1.157576E-06  7.915306E+04 -1.012940E-05
0        21    CEN/4 -8.120365E-04  2.956259E-05 -3.856545E-05 -9.458766E+04 -4.394398E-08 -2.381834E-06  1.102815E+05  2.025261E-06
                  32 -1.651601E-03  7.225576E-05 -3.856545E-05 -9.458766E+04 -4.465110E-07 -2.381834E-06  1.102815E+05  2.025261E-06
                  11 -1.651601E-03 -1.313057E-05 -3.856545E-05 -9.458766E+04  3.586230E-07 -2.381834E-06  1.102815E+05  2.025261E-06
                  29  2.752776E-05 -1.313057E-05 -3.856545E-05 -9.458766E+04  3.586230E-07 -2.381863E-06  1.102815E+05  2.025261E-06
                  35  2.752776E-05  7.225576E-05 -3.856545E-05 -9.458766E+04 -4.465110E-07 -2.381863E-06  1.102815E+05  2.025261E-06
0        22    CEN/4 -7.265306E-04  3.088589E-05  6.948987E-05 -8.725620E+04  1.436437E-07 -2.676355E-07  1.243254E+05  2.184494E-06
                  15 -1.436816E-03 -1.048398E-05  6.948987E-05 -8.725620E+04  7.337984E-07 -2.675773E-07  1.243254E+05  2.184494E-06
                  32 -1.436816E-03  7.225576E-05  6.948987E-05 -8.725620E+04 -4.465110E-07 -2.675773E-07  1.243254E+05  2.184494E-06
                  35 -1.624500E-05  7.225576E-05  6.948987E-05 -8.725620E+04 -4.465110E-07 -2.676937E-07  1.243254E+05  2.184494E-06
                  33 -1.624500E-05 -1.048398E-05  6.948987E-05 -8.725620E+04  7.337984E-07 -2.676355E-07  1.243254E+05  2.184494E-06
0        23    CEN/4  7.416765E-04  2.480252E-05  7.475854E-05 -8.725620E+04 -5.600970E-08 -6.110334E-07  1.243254E+05 -2.822296E-06
                  33 -1.624500E-05  2.159303E-05  7.475854E-05 -8.725620E+04  3.356623E-07 -6.110334E-07  1.243254E+05 -2.822296E-06
                  35 -1.624500E-05  2.801200E-05  7.475854E-05 -8.725620E+04 -4.476817E-07 -6.110334E-07  1.243254E+05 -2.822296E-06
                  34  1.499598E-03  2.801200E-05  7.475854E-05 -8.725620E+04 -4.476817E-07 -6.110916E-07  1.243254E+05 -2.822296E-06
                   8  1.499598E-03  2.159303E-05  7.475854E-05 -8.725620E+04  3.356623E-07 -6.110916E-07  1.243254E+05 -2.822296E-06
0        24    CEN/4  8.418468E-04  1.483941E-05 -3.006227E-05 -9.458766E+04 -1.523447E-07 -2.138324E-06  1.102815E+05 -2.509485E-05
                  35  2.752776E-05  2.801200E-05 -3.006227E-05 -9.458766E+04 -4.476817E-07 -2.138266E-06  1.102815E+05 -2.509485E-05
                  29  2.752776E-05  1.666812E-06 -3.006227E-05 -9.458766E+04  1.429924E-07 -2.138266E-06  1.102815E+05 -2.509485E-05
                   6  1.656166E-03  1.666812E-06 -3.006227E-05 -9.458766E+04  1.429924E-07 -2.138411E-06  1.102815E+05 -2.509485E-05
                  34  1.656166E-03  2.801200E-05 -3.006227E-05 -9.458766E+04 -4.476817E-07 -2.138295E-06  1.102815E+05 -2.509485E-05
0        25    CEN/4 -7.730337E-04 -2.721019E-05 -7.554310E-05 -7.908441E+04  2.600865E-07  1.334583E-06  1.371719E+05  3.999082E-06
                  36 -1.531017E-03 -4.393640E-05 -7.554310E-05 -7.908441E+04 -2.136254E-07  1.334642E-06  1.371719E+05  3.999082E-06
                  15 -1.531017E-03 -1.048398E-05 -7.554310E-05 -7.908441E+04  7.337984E-07  1.334642E-06  1.371719E+05  3.999082E-06
                  33 -1.505079E-05 -1.048398E-05 -7.554310E-05 -7.908441E+04  7.337984E-07  1.334583E-06  1.371719E+05  3.999082E-06
                  39 -1.505079E-05 -4.393640E-05 -7.554310E-05 -7.908441E+04 -2.136254E-07  1.334525E-06  1.371719E+05  3.999082E-06
1                                                                              JUNE  20, 2025  MSC Nastran 11/21/24   PAGE    46
                                                                                                                                    
0                                                                                                            SUBCASE 2              
      EIGENVALUE =  9.258604E+03

                          F O R C E S   I N   Q U A D R I L A T E R A L   E L E M E N T S   ( Q U A D 4 )        OPTION = BILIN  
 
    ELEMENT                    - MEMBRANE  FORCES -                      - BENDING   MOMENTS -            - TRANSVERSE SHEAR FORCES -
      ID       GRID-ID     FX            FY            FXY           MX            MY            MXY           QX            QY
0        26    CEN/4 -8.247465E-04  2.753659E-05  6.775690E-05 -7.015099E+04 -1.899572E-07  1.871680E-06  1.486974E+05 -1.023496E-05
                   3 -1.651065E-03  9.900957E-05  6.775690E-05 -7.015099E+04 -1.662891E-07  1.871739E-06  1.486974E+05 -1.023496E-05
                  36 -1.651065E-03 -4.393640E-05  6.775690E-05 -7.015099E+04 -2.136254E-07  1.871797E-06  1.486974E+05 -1.023496E-05
                  39  1.572301E-06 -4.393640E-05  6.775690E-05 -7.015099E+04 -2.136254E-07  1.871680E-06  1.486974E+05 -1.023496E-05
                  37  1.572301E-06  9.900957E-05  6.775690E-05 -7.015099E+04 -1.662891E-07  1.871739E-06  1.486974E+05 -1.023496E-05
0        27    CEN/4  8.060864E-04  4.061008E-05 -1.710345E-05  7.015099E+04  1.662156E-07  2.101812E-06  1.486974E+05  1.462018E-05
                  39  1.572301E-06  3.908490E-06 -1.710345E-05  7.015099E+04  5.475969E-08  2.101870E-06  1.486974E+05  1.462018E-05
                  37  1.572301E-06  7.731166E-05 -1.710345E-05  7.015099E+04  2.776715E-07  2.101812E-06  1.486974E+05  1.462018E-05
                   2  1.610601E-03  7.731166E-05 -1.710345E-05  7.015099E+04  2.776715E-07  2.101754E-06  1.486974E+05  1.462018E-05
                  38  1.610601E-03  3.908490E-06 -1.710345E-05  7.015099E+04  5.475969E-08  2.101812E-06  1.486974E+05  1.462018E-05
0        28    CEN/4  7.421947E-04  1.275076E-05  1.229293E-04  7.908441E+04 -1.404513E-07  1.515516E-06  1.371719E+05 -2.210775E-05
                  33 -1.505079E-05  2.159303E-05  1.229293E-04  7.908441E+04 -3.356623E-07  1.515516E-06  1.371719E+05 -2.210775E-05
                  39 -1.505079E-05  3.908490E-06  1.229293E-04  7.908441E+04  5.475969E-08  1.515574E-06  1.371719E+05 -2.210775E-05
                  38  1.499440E-03  3.908490E-06  1.229293E-04  7.908441E+04  5.475969E-08  1.515458E-06  1.371719E+05 -2.210775E-05
                   8  1.499440E-03  2.159303E-05  1.229293E-04  7.908441E+04 -3.356623E-07  1.515458E-06  1.371719E+05 -2.210775E-05
0        29    CEN/4 -3.749785E-04  3.185076E-05  1.019528E-04 -6.054198E+04 -1.457311E-07 -1.249543E-06  1.587909E+05 -3.652537E-05
                  40 -7.909742E-04 -3.530805E-05  1.019528E-04 -6.054198E+04 -1.251731E-07 -1.249543E-06  1.587909E+05 -3.652537E-05
                   3 -7.909742E-04  9.900957E-05  1.019528E-04 -6.054198E+04 -1.662891E-07 -1.249543E-06  1.587909E+05 -3.652537E-05
                  37  4.101720E-05  9.900957E-05  1.019528E-04 -6.054198E+04 -1.662891E-07 -1.249660E-06  1.587909E+05 -3.652537E-05
                  43  4.101720E-05 -3.530805E-05  1.019528E-04 -6.054198E+04 -1.251731E-07 -1.249601E-06  1.587909E+05 -3.652537E-05
0        30    CEN/4 -1.139867E-04  1.625819E-05 -1.511398E-05 -5.034992E+04 -1.300342E-07 -9.197255E-07  1.673551E+05 -9.832430E-09
                  18 -2.101894E-04  6.782444E-05 -1.511398E-05 -5.034992E+04 -1.348952E-07 -9.196673E-07  1.673551E+05 -9.832430E-09
                  40 -2.101894E-04 -3.530805E-05 -1.511398E-05 -5.034992E+04 -1.251731E-07 -9.196673E-07  1.673551E+05 -9.832430E-09
                  43 -1.778402E-05 -3.530805E-05 -1.511398E-05 -5.034992E+04 -1.251731E-07 -9.197837E-07  1.673551E+05 -9.832430E-09
                  41 -1.778402E-05  6.782444E-05 -1.511398E-05 -5.034992E+04 -1.348952E-07 -9.197255E-07  1.673551E+05 -9.832430E-09
0        31    CEN/4  1.309044E-04 -2.788708E-05 -2.339167E-05  5.034992E+04  2.388445E-07 -9.352566E-07  1.673551E+05 -2.945453E-05
                  43 -1.778402E-05 -1.318913E-04 -2.339167E-05  5.034992E+04  4.037248E-07 -9.351984E-07  1.673551E+05 -2.945453E-05
                  41 -1.778402E-05  7.611712E-05 -2.339167E-05  5.034992E+04  7.396415E-08 -9.351984E-07  1.673551E+05 -2.945453E-05
                  13  2.795929E-04  7.611712E-05 -2.339167E-05  5.034992E+04  7.396415E-08 -9.353730E-07  1.673551E+05 -2.945453E-05
                  42  2.795929E-04 -1.318913E-04 -2.339167E-05  5.034992E+04  4.037248E-07 -9.352566E-07  1.673551E+05 -2.945453E-05
0        32    CEN/4  3.943260E-04 -2.728981E-05 -1.952984E-04  6.054198E+04  3.406981E-07 -1.054203E-06  1.587909E+05  9.787435E-06
                  37  4.101720E-05  7.731166E-05 -1.952984E-04  6.054198E+04  2.776715E-07 -1.054203E-06  1.587909E+05  9.787435E-06
                  43  4.101720E-05 -1.318913E-04 -1.952984E-04  6.054198E+04  4.037248E-07 -1.054145E-06  1.587909E+05  9.787435E-06
                  42  7.476348E-04 -1.318913E-04 -1.952984E-04  6.054198E+04  4.037248E-07 -1.054203E-06  1.587909E+05  9.787435E-06
                   2  7.476348E-04  7.731166E-05 -1.952984E-04  6.054198E+04  2.776715E-07 -1.054203E-06  1.587909E+05  9.787435E-06
1                                                                              JUNE  20, 2025  MSC Nastran 11/21/24   PAGE    47
                                                                                                                                    
0                                                                                                            SUBCASE 2              
      EIGENVALUE =  7.715005E+04

                          F O R C E S   I N   Q U A D R I L A T E R A L   E L E M E N T S   ( Q U A D 4 )        OPTION = BILIN  
 
    ELEMENT                    - MEMBRANE  FORCES -                      - BENDING   MOMENTS -            - TRANSVERSE SHEAR FORCES -
      ID       GRID-ID     FX            FY            FXY           MX            MY            MXY           QX            QY
0         1    CEN/4  1.984814E+07 -4.615784E-04 -1.453417E+06 -2.394495E-04 -1.004003E-06 -2.072394E-06 -1.062133E-03  1.970277E-05
                  44  3.969628E+07 -3.051758E-05 -1.453417E+06 -2.431184E-04 -2.281058E-06 -2.072394E-06 -1.062133E-03  1.970277E-05
                  18  3.969628E+07 -8.926392E-04 -1.453417E+06 -2.431184E-04  2.730519E-07 -2.072394E-06 -1.062133E-03  1.970277E-05
                  41  6.449614E-04 -8.926392E-04 -1.453417E+06 -2.357805E-04  2.730519E-07 -2.072394E-06 -1.062133E-03  1.970277E-05
                  47  6.448677E-04 -2.288818E-05 -1.453417E+06 -2.357805E-04 -2.281058E-06 -2.072394E-06 -1.062133E-03  1.970277E-05
0         2    CEN/4  1.431538E+07 -9.918213E-05  1.497391E+06  1.979910E-04 -1.427115E-07 -6.794805E-06  2.496204E-03  6.652475E-05
                  44  2.863075E+07 -3.051758E-05  1.497391E+06  1.954224E-04  2.281058E-06 -6.794805E-06  2.496204E-03  6.652475E-05
                  16  2.863075E+07 -1.678467E-04  1.497391E+06  1.954224E-04 -2.566481E-06 -6.794805E-06  2.496204E-03  6.652475E-05
                  45  7.426600E-04 -1.678467E-04  1.497391E+06  2.005595E-04 -2.566481E-06 -6.794805E-06  2.496204E-03  6.652475E-05
                  47  7.427496E-04 -2.288818E-05  1.497391E+06  2.005595E-04  2.281058E-06 -6.794805E-06  2.496204E-03  6.652475E-05
0         3    CEN/4 -1.431538E+07  8.125305E-04  1.497391E+06  2.049542E-04 -6.353063E-07 -8.970575E-06  1.845759E-03 -6.019789E-05
                  47  7.425693E-04 -3.433228E-04  1.497391E+06  2.005595E-04  1.889429E-06 -8.970575E-06  1.845759E-03 -6.019789E-05
                  45  7.428689E-04  1.968384E-03  1.497391E+06  2.005595E-04 -3.160041E-06 -8.970575E-06  1.845759E-03 -6.019789E-05
                  14 -2.863075E+07  1.968384E-03  1.497391E+06  2.093489E-04 -3.160041E-06 -8.970575E-06  1.845759E-03 -6.019789E-05
                  46 -2.863075E+07 -3.509521E-04  1.497391E+06  2.093489E-04  1.889429E-06 -8.970575E-06  1.845759E-03 -6.019789E-05
0         4    CEN/4 -1.984814E+07  9.918213E-05  1.453417E+06  2.304385E-04  6.430368E-07 -2.870854E-06 -9.741441E-04 -1.280570E-04
                  41  6.451526E-04  5.416870E-04  1.453417E+06  2.357805E-04 -6.033550E-07 -2.870854E-06 -9.741441E-04 -1.280570E-04
                  47  6.454431E-04 -3.433228E-04  1.453417E+06  2.357805E-04  1.889429E-06 -2.870854E-06 -9.741441E-04 -1.280570E-04
                  46 -3.969628E+07 -3.433228E-04  1.453417E+06  2.250966E-04  1.889429E-06 -2.870854E-06 -9.741441E-04 -1.280570E-04
                  13 -3.969628E+07  5.340576E-04  1.453417E+06  2.250966E-04 -6.033550E-07 -2.870854E-06 -9.741441E-04 -1.280570E-04
0         5    CEN/4  8.644746E+06  1.045227E-03  1.526945E+06  9.995615E-05  2.620141E-08  8.162037E-06  6.804754E-04  3.136325E-04
                  16  1.728949E+07 -1.678467E-04  1.526945E+06  9.784650E-05 -2.566481E-06  8.162037E-06  6.804754E-04  3.136325E-04
                  48  1.728949E+07  2.258301E-03  1.526945E+06  9.784650E-05  2.618883E-06  8.162037E-06  6.804754E-04  3.136325E-04
                  51  9.571405E-04  2.258301E-03  1.526945E+06  1.020658E-04  2.618883E-06  8.162037E-06  6.804754E-04  3.136325E-04
                  45  9.572331E-04 -1.678467E-04  1.526945E+06  1.020658E-04 -2.566481E-06  8.162037E-06  6.804754E-04  3.136325E-04
0         6    CEN/4  2.890862E+06  8.621216E-04  1.541793E+06  4.248190E-05  3.128312E-06 -2.078490E-06  1.364165E-03  3.229788E-04
                  48  5.781725E+06  2.258301E-03  1.541793E+06  4.815459E-05  2.618883E-06 -2.078490E-06  1.364165E-03  3.229788E-04
                  12  5.781725E+06 -5.340576E-04  1.541793E+06  4.815459E-05  3.637741E-06 -2.078490E-06  1.364165E-03  3.229788E-04
                  49 -2.595148E-04 -5.340576E-04  1.541793E+06  3.680921E-05  3.637741E-06 -2.078490E-06  1.364165E-03  3.229788E-04
                  51 -2.594202E-04  2.258301E-03  1.541793E+06  3.680921E-05  2.618883E-06 -2.078490E-06  1.364165E-03  3.229788E-04
0         7    CEN/4 -2.890862E+06 -5.340576E-04  1.541793E+06  3.057002E-05 -7.530785E-07 -5.031339E-07  1.080422E-03  2.796147E-04
                  51 -2.596097E-04  3.051758E-05  1.541793E+06  3.680921E-05 -3.238882E-08 -5.031339E-07  1.080422E-03  2.796147E-04
                  49 -2.593005E-04 -1.098633E-03  1.541793E+06  3.680921E-05 -1.473768E-06 -5.031339E-07  1.080422E-03  2.796147E-04
                   4 -5.781725E+06 -1.098633E-03  1.541793E+06  2.433083E-05 -1.473768E-06 -5.031339E-07  1.080422E-03  2.796147E-04
                  50 -5.781725E+06  3.051758E-05  1.541793E+06  2.433083E-05 -3.238882E-08 -5.031339E-07  1.080422E-03  2.796147E-04
0         8    CEN/4 -8.644746E+06  9.994507E-04  1.526945E+06  1.053807E-04 -1.596215E-06  1.012299E-05  1.593156E-03  2.031361E-04
                  45  9.570473E-04  1.968384E-03  1.526945E+06  1.020658E-04 -3.160041E-06  1.012299E-05  1.593156E-03  2.031361E-04
                  51  9.573532E-04  3.051758E-05  1.526945E+06  1.020658E-04 -3.238882E-08  1.012299E-05  1.593156E-03  2.031361E-04
                  50 -1.728949E+07  3.051758E-05  1.526945E+06  1.086957E-04 -3.238882E-08  1.012299E-05  1.593156E-03  2.031361E-04
                  14 -1.728949E+07  1.968384E-03  1.526945E+06  1.086957E-04 -3.160041E-06  1.012299E-05  1.593156E-03  2.031361E-04
0         9    CEN/4 -7.023901E-03 -5.884485E+07 -7.574345E+04  5.337611E-07 -2.368465E-04  6.662940E-06 -4.380726E-05 -9.151623E-04
1                                                                              JUNE  20, 2025  MSC Nastran 11/21/24   PAGE    48
                                                                                                                                    
0                                                                                                            SUBCASE 2              
      EIGENVALUE =  7.715005E+04

                          F O R C E S   I N   Q U A D R I L A T E R A L   E L E M E N T S   ( Q U A D 4 )        OPTION = BILIN  
 
    ELEMENT                    - MEMBRANE  FORCES -                      - BENDING   MOMENTS -            - TRANSVERSE SHEAR FORCES -
      ID       GRID-ID     FX            FY            FXY           MX            MY            MXY           QX            QY
                   1 -1.821292E-02 -1.176897E+08 -7.574345E+04 -4.204730E-07 -2.399925E-04  6.662940E-06 -4.380726E-05 -9.151623E-04
                  19 -1.821292E-02  1.724523E-03 -7.574345E+04 -4.204730E-07 -2.337005E-04  6.662940E-06 -4.380726E-05 -9.151623E-04
                  23  4.165113E-03  1.724511E-03 -7.574345E+04  1.487995E-06 -2.337005E-04  6.662940E-06 -4.380726E-05 -9.151623E-04
                  22  4.165053E-03 -1.176897E+08 -7.574345E+04  1.487995E-06 -2.399925E-04  6.662940E-06 -4.380726E-05 -9.151623E-04
0        10    CEN/4 -1.858294E-03  5.884485E+07 -7.574345E+04 -1.330375E-06 -2.321092E-04  5.861840E-06  2.636325E-04 -3.325859E-04
                  19 -5.073657E-03  1.724504E-03 -7.574345E+04 -2.308648E-06 -2.337005E-04  5.861840E-06  2.636325E-04 -3.325859E-04
                   5 -5.073657E-03  1.176897E+08 -7.574345E+04 -2.308648E-06 -2.305180E-04  5.861840E-06  2.636325E-04 -3.325859E-04
                  20  1.357079E-03  1.176897E+08 -7.574345E+04 -3.521026E-07 -2.305180E-04  5.861840E-06  2.636325E-04 -3.325859E-04
                  23  1.357138E-03  1.724492E-03 -7.574345E+04 -3.521026E-07 -2.337005E-04  5.861840E-06  2.636325E-04 -3.325859E-04
0        11    CEN/4  7.671118E-04  5.827815E+07 -2.265009E+05 -2.501641E-06 -2.517297E-04 -8.932929E-06  1.114130E-04  6.965255E-04
                  23  1.357079E-03  3.313238E-04 -2.265009E+05 -3.521026E-07 -2.436291E-04 -8.932929E-06  1.114130E-04  6.965255E-04
                  20  1.357079E-03  1.165563E+08 -2.265009E+05 -3.521026E-07 -2.598303E-04 -8.932929E-06  1.114130E-04  6.965255E-04
                  10  1.771450E-04  1.165563E+08 -2.265009E+05 -4.651180E-06 -2.598303E-04 -8.932929E-06  1.114130E-04  6.965255E-04
                  21  1.773834E-04  3.313123E-04 -2.265009E+05 -4.651180E-06 -2.436291E-04 -8.932929E-06  1.114130E-04  6.965255E-04
0        12    CEN/4  1.564085E-03 -5.827815E+07 -2.265009E+05 -1.183703E-06 -2.353662E-04 -5.717422E-06  1.583075E-05  1.172961E-03
                  22  4.165113E-03 -1.165563E+08 -2.265009E+05  1.487995E-06 -2.271033E-04 -5.717422E-06  1.583075E-05  1.172961E-03
                  23  4.165113E-03  3.313424E-04 -2.265009E+05  1.487995E-06 -2.436291E-04 -5.717422E-06  1.583075E-05  1.172961E-03
                  21 -1.036882E-03  3.313308E-04 -2.265009E+05 -3.855402E-06 -2.436291E-04 -5.717422E-06  1.583075E-05  1.172961E-03
                   9 -1.037121E-03 -1.165563E+08 -2.265009E+05 -3.855402E-06 -2.271033E-04 -5.717422E-06  1.583075E-05  1.172961E-03
0        13    CEN/4  5.715019E+07  1.453161E-04  3.750770E+05 -1.324726E-04  9.071515E-08  1.145081E-05 -4.906444E-03  2.222161E-04
                  10  1.143004E+08  1.771450E-04  3.750770E+05 -1.239062E-04 -4.651180E-06  1.145081E-05 -4.906444E-03  2.222161E-04
                  24  1.143004E+08  1.134872E-04  3.750770E+05 -1.239062E-04  4.832610E-06  1.145081E-05 -4.906444E-03  2.222161E-04
                  27  2.219589E-03  1.134872E-04  3.750770E+05 -1.410390E-04  4.832610E-06  1.145081E-05 -4.906444E-03  2.222161E-04
                  21  2.219600E-03  1.773834E-04  3.750770E+05 -1.410390E-04 -4.651180E-06  1.145081E-05 -4.906444E-03  2.222161E-04
0        14    CEN/4  5.547184E+07  1.492500E-04  5.200409E+05 -2.722826E-05  8.007471E-07 -9.413247E-06  1.344588E-03 -1.770708E-05
                  24  1.109437E+08  1.134872E-04  5.200409E+05 -2.829734E-05  4.832610E-06 -9.413247E-06  1.344588E-03 -1.770708E-05
                   7  1.109437E+08  1.850128E-04  5.200409E+05 -2.829734E-05 -3.231116E-06 -9.413247E-06  1.344588E-03 -1.770708E-05
                  25  7.957477E-04  1.850128E-04  5.200409E+05 -2.615917E-05 -3.231116E-06 -9.413247E-06  1.344588E-03 -1.770708E-05
                  27  7.957688E-04  1.134872E-04  5.200409E+05 -2.615917E-05  4.832610E-06 -9.413247E-06  1.344588E-03 -1.770708E-05
0        15    CEN/4 -5.547184E+07  4.136562E-04  5.200409E+05 -2.895188E-05  2.255378E-06 -1.093116E-05  9.322056E-05  1.229720E-04
                  27  7.957222E-04  4.277229E-04  5.200409E+05 -2.615917E-05  6.406739E-06 -1.093116E-05  9.322056E-05  1.229720E-04
                  25  7.958233E-04  3.995895E-04  5.200409E+05 -2.615917E-05 -1.895984E-06 -1.093116E-05  9.322056E-05  1.229720E-04
                  17 -1.109437E+08  3.995895E-04  5.200409E+05 -3.174459E-05 -1.895984E-06 -1.093116E-05  9.322056E-05  1.229720E-04
                  26 -1.109437E+08  4.277229E-04  5.200409E+05 -3.174459E-05  6.406739E-06 -1.093116E-05  9.322056E-05  1.229720E-04
0        16    CEN/4 -5.715019E+07 -3.045797E-04  3.750770E+05 -1.462043E-04  1.275668E-06  1.389610E-05 -3.752462E-03  1.957220E-04
                  21  2.219572E-03 -1.036882E-03  3.750770E+05 -1.410390E-04 -3.855402E-06  1.389610E-05 -3.752462E-03  1.957220E-04
                  27  2.219644E-03  4.277229E-04  3.750770E+05 -1.410390E-04  6.406739E-06  1.389610E-05 -3.752462E-03  1.957220E-04
                  26 -1.143004E+08  4.277229E-04  3.750770E+05 -1.513697E-04  6.406739E-06  1.389610E-05 -3.752462E-03  1.957220E-04
                   9 -1.143004E+08 -1.037121E-03  3.750770E+05 -1.513697E-04 -3.855402E-06  1.389610E-05 -3.752462E-03  1.957220E-04
0        17    CEN/4  5.325927E+07  2.527237E-04  6.599965E+05 -7.933949E-05 -2.592475E-06  8.857528E-06  4.052363E-05 -1.254152E-04
                   7  1.065185E+08  1.850128E-04  6.599965E+05 -8.396414E-05 -3.231116E-06  8.857528E-06  4.052363E-05 -1.254152E-04
                  28  1.065185E+08  3.204346E-04  6.599965E+05 -8.396414E-05 -1.953833E-06  8.857528E-06  4.052363E-05 -1.254152E-04
1                                                                              JUNE  20, 2025  MSC Nastran 11/21/24   PAGE    49
                                                                                                                                    
0                                                                                                            SUBCASE 2              
      EIGENVALUE =  7.715005E+04

                          F O R C E S   I N   Q U A D R I L A T E R A L   E L E M E N T S   ( Q U A D 4 )        OPTION = BILIN  
 
    ELEMENT                    - MEMBRANE  FORCES -                      - BENDING   MOMENTS -            - TRANSVERSE SHEAR FORCES -
      ID       GRID-ID     FX            FY            FXY           MX            MY            MXY           QX            QY
                  31  1.432293E-03  3.204346E-04  6.599965E+05 -7.471485E-05 -1.953833E-06  8.857528E-06  4.052363E-05 -1.254152E-04
                  25  1.432323E-03  1.850128E-04  6.599965E+05 -7.471485E-05 -3.231116E-06  8.857528E-06  4.052363E-05 -1.254152E-04
0        18    CEN/4  5.053378E+07 -7.820129E-05 -7.935960E+05 -4.440993E-05  1.350039E-06 -2.911040E-06 -4.099548E-03  3.524925E-05
                  11  1.010676E+08 -4.768372E-04 -7.935960E+05 -5.306661E-05  7.462461E-07 -2.911040E-06 -4.099548E-03  3.524925E-05
                  28  1.010676E+08  3.204346E-04 -7.935960E+05 -5.306661E-05  1.953833E-06 -2.911040E-06 -4.099548E-03  3.524925E-05
                  31  1.533061E-03  3.204346E-04 -7.935960E+05 -3.575326E-05  1.953833E-06 -2.911040E-06 -4.099548E-03  3.524925E-05
                  29  1.533002E-03 -4.768372E-04 -7.935960E+05 -3.575326E-05  7.462461E-07 -2.911040E-06 -4.099548E-03  3.524925E-05
0        19    CEN/4 -5.053378E+07  3.080368E-04 -7.935960E+05 -2.432150E-05  1.753131E-06 -1.729662E-06 -4.374909E-03 -3.812184E-04
                  29  1.533116E-03  6.465912E-04 -7.935960E+05 -3.575326E-05  5.305262E-07 -1.729662E-06 -4.374909E-03 -3.812184E-04
                  31  1.532953E-03 -3.051758E-05 -7.935960E+05 -3.575326E-05  2.975736E-06 -1.729662E-06 -4.374909E-03 -3.812184E-04
                  30 -1.010676E+08 -3.051758E-05 -7.935960E+05 -1.288973E-05  2.975736E-06 -1.729662E-06 -4.374909E-03 -3.812184E-04
                   6 -1.010676E+08  6.465912E-04 -7.935960E+05 -1.288973E-05  5.305262E-07 -1.729662E-06 -4.374909E-03 -3.812184E-04
0        20    CEN/4 -5.325927E+07  1.845360E-04  6.599965E+05 -6.631531E-05 -2.435860E-06  8.929637E-06  1.125719E-03  2.876023E-04
                  25  1.432258E-03  3.995895E-04  6.599965E+05 -7.471485E-05 -1.895984E-06  8.929637E-06  1.125719E-03  2.876023E-04
                  31  1.432387E-03 -3.051758E-05  6.599965E+05 -7.471485E-05 -2.975736E-06  8.929637E-06  1.125719E-03  2.876023E-04
                  30 -1.065185E+08 -3.051758E-05  6.599965E+05 -5.791576E-05 -2.975736E-06  8.929637E-06  1.125719E-03  2.876023E-04
                  17 -1.065185E+08  3.995895E-04  6.599965E+05 -5.791576E-05 -1.895984E-06  8.929637E-06  1.125719E-03  2.876023E-04
0        21    CEN/4  4.732163E+07 -6.246567E-04 -9.195528E+05 -1.930037E-04  6.280365E-07 -4.892655E-06 -8.350268E-04  1.864558E-04
                  32  9.464326E+07 -7.724762E-04 -9.195528E+05 -1.838963E-04  5.098269E-07 -4.892655E-06 -8.350268E-04  1.864558E-04
                  11  9.464326E+07 -4.768372E-04 -9.195528E+05 -1.838963E-04  7.462461E-07 -4.892655E-06 -8.350268E-04  1.864558E-04
                  29  1.178502E-03 -4.768372E-04 -9.195528E+05 -2.021112E-04  7.462461E-07 -4.892655E-06 -8.350268E-04  1.864558E-04
                  35  1.178436E-03 -7.705688E-04 -9.195528E+05 -2.021112E-04  5.098269E-07 -4.892655E-06 -8.350268E-04  1.864558E-04
0        22    CEN/4  4.365374E+07 -8.974075E-04 -1.036654E+06 -2.532794E-04  6.804550E-07  1.894566E-05 -1.492473E-03 -7.338806E-05
                  15  8.730749E+07 -1.022339E-03 -1.036654E+06 -2.546340E-04  8.510830E-07  1.894566E-05 -1.492473E-03 -7.338806E-05
                  32  8.730749E+07 -7.724762E-04 -1.036654E+06 -2.546340E-04  5.098269E-07  1.894566E-05 -1.492473E-03 -7.338806E-05
                  35  7.839005E-04 -7.724762E-04 -1.036654E+06 -2.519247E-04  5.098269E-07  1.894566E-05 -1.492473E-03 -7.338806E-05
                  33  7.838278E-04 -1.018524E-03 -1.036654E+06 -2.519247E-04  8.510830E-07  1.894566E-05 -1.492473E-03 -7.338806E-05
0        23    CEN/4 -4.365374E+07  1.213074E-03 -1.036654E+06 -2.489001E-04 -3.690777E-07  1.864264E-05  3.444618E-04 -1.237393E-04
                  33  7.839697E-04  1.323700E-03 -1.036654E+06 -2.519247E-04  1.002927E-06  1.864264E-05  3.444618E-04 -1.237393E-04
                  35  7.837591E-04  1.102448E-03 -1.036654E+06 -2.519247E-04 -1.741082E-06  1.864264E-05  3.444618E-04 -1.237393E-04
                  34 -8.730749E+07  1.102448E-03 -1.036654E+06 -2.458754E-04 -1.741082E-06  1.864264E-05  3.444618E-04 -1.237393E-04
                   8 -8.730749E+07  1.319885E-03 -1.036654E+06 -2.458754E-04  1.002927E-06  1.864264E-05  3.444618E-04 -1.237393E-04
0        24    CEN/4 -4.732163E+07  8.745193E-04 -9.195528E+05 -2.129106E-04 -6.052780E-07 -4.653137E-06 -1.557604E-03  8.226014E-05
                  35  1.178565E-03  1.102448E-03 -9.195528E+05 -2.021112E-04 -1.741082E-06 -4.653137E-06 -1.557604E-03  8.226014E-05
                  29  1.178377E-03  6.465912E-04 -9.195528E+05 -2.021112E-04  5.305262E-07 -4.653137E-06 -1.557604E-03  8.226014E-05
                   6 -9.464326E+07  6.465912E-04 -9.195528E+05 -2.237100E-04  5.305262E-07 -4.653137E-06 -1.557604E-03  8.226014E-05
                  34 -9.464326E+07  1.100540E-03 -9.195528E+05 -2.237100E-04 -1.741082E-06 -4.653137E-06 -1.557604E-03  8.226014E-05
0        25    CEN/4  3.956545E+07 -9.098053E-04 -1.143771E+06 -1.249760E-04  1.398552E-06 -3.253197E-06  5.110658E-03 -9.419348E-05
                  36  7.913089E+07 -7.972717E-04 -1.143771E+06 -1.288728E-04  1.946020E-06 -3.253197E-06  5.110658E-03 -9.419348E-05
                  15  7.913089E+07 -1.022339E-03 -1.143771E+06 -1.288728E-04  8.510830E-07 -3.253197E-06  5.110658E-03 -9.419348E-05
                  33  1.571904E-03 -1.022339E-03 -1.143771E+06 -1.210792E-04  8.510830E-07 -3.253197E-06  5.110658E-03 -9.419348E-05
                  39  1.571826E-03 -7.972717E-04 -1.143771E+06 -1.210792E-04  1.946020E-06 -3.253197E-06  5.110658E-03 -9.419348E-05
1                                                                              JUNE  20, 2025  MSC Nastran 11/21/24   PAGE    50
                                                                                                                                    
0                                                                                                            SUBCASE 2              
      EIGENVALUE =  7.715005E+04

                          F O R C E S   I N   Q U A D R I L A T E R A L   E L E M E N T S   ( Q U A D 4 )        OPTION = BILIN  
 
    ELEMENT                    - MEMBRANE  FORCES -                      - BENDING   MOMENTS -            - TRANSVERSE SHEAR FORCES -
      ID       GRID-ID     FX            FY            FXY           MX            MY            MXY           QX            QY
0        26    CEN/4  3.509611E+07 -9.288788E-04 -1.239873E+06 -6.953298E-05  6.231032E-07  6.021668E-06 -3.549957E-03  1.906151E-04
                   3  7.019223E+07 -1.060486E-03 -1.239873E+06 -6.467723E-05 -6.998138E-07  6.021668E-06 -3.549957E-03  1.906151E-04
                  36  7.019223E+07 -7.972717E-04 -1.239873E+06 -6.467723E-05  1.946020E-06  6.021668E-06 -3.549957E-03  1.906151E-04
                  39  1.299970E-03 -7.972717E-04 -1.239873E+06 -7.438873E-05  1.946020E-06  6.021668E-06 -3.549957E-03  1.906151E-04
                  37  1.299887E-03 -1.060486E-03 -1.239873E+06 -7.438873E-05 -6.998138E-07  6.021668E-06 -3.549957E-03  1.906151E-04
0        27    CEN/4 -3.509611E+07  3.032684E-04  1.239873E+06  8.075870E-05 -1.372471E-06  3.784155E-06 -2.781224E-03 -1.019003E-04
                  39  1.300135E-03  6.446838E-04  1.239873E+06  7.438873E-05 -1.791617E-06  3.784155E-06 -2.781224E-03 -1.019003E-04
                  37  1.300382E-03 -3.814697E-05  1.239873E+06  7.438873E-05 -9.533257E-07  3.784155E-06 -2.781224E-03 -1.019003E-04
                   2 -7.019223E+07 -3.814697E-05  1.239873E+06  8.712866E-05 -9.533257E-07  3.784155E-06 -2.781224E-03 -1.019003E-04
                  38 -7.019223E+07  6.446838E-04  1.239873E+06  8.712866E-05 -1.791617E-06  3.784155E-06 -2.781224E-03 -1.019003E-04
0        28    CEN/4 -3.956545E+07  9.841919E-04  1.143771E+06  1.155641E-04 -1.397272E-06 -5.947964E-06  4.082498E-03  1.365429E-04
                  33  1.572057E-03  1.323700E-03  1.143771E+06  1.210792E-04 -1.002927E-06 -5.947964E-06  4.082498E-03  1.365429E-04
                  39  1.572284E-03  6.446838E-04  1.143771E+06  1.210792E-04 -1.791617E-06 -5.947964E-06  4.082498E-03  1.365429E-04
                  38 -7.913089E+07  6.446838E-04  1.143771E+06  1.100489E-04 -1.791617E-06 -5.947964E-06  4.082498E-03  1.365429E-04
                   8 -7.913089E+07  1.319885E-03  1.143771E+06  1.100489E-04 -1.002927E-06 -5.947964E-06  4.082498E-03  1.365429E-04
0        29    CEN/4  3.028878E+07  2.136230E-04 -1.324035E+06 -1.529281E-04 -1.845590E-07  4.187480E-06  1.007586E-03  3.046729E-05
                  40  6.057757E+07  1.487732E-03 -1.324035E+06 -1.562670E-04  3.306957E-07  4.187480E-06  1.007586E-03  3.046729E-05
                   3  6.057757E+07 -1.060486E-03 -1.324035E+06 -1.562670E-04 -6.998138E-07  4.187480E-06  1.007586E-03  3.046729E-05
                  37  1.154365E-03 -1.060486E-03 -1.324035E+06 -1.495892E-04 -6.998138E-07  4.187480E-06  1.007586E-03  3.046729E-05
                  43  1.154277E-03  1.487732E-03 -1.324035E+06 -1.495892E-04  3.306957E-07  4.187480E-06  1.007586E-03  3.046729E-05
0        30    CEN/4  2.518976E+07  2.975464E-04 -1.395445E+06 -1.618529E-04  3.018738E-07  3.499191E-06 -1.262251E-03 -1.699831E-04
                  18  5.037952E+07 -8.926392E-04 -1.395445E+06 -1.609202E-04  2.730519E-07  3.499191E-06 -1.262251E-03 -1.699831E-04
                  40  5.037952E+07  1.487732E-03 -1.395445E+06 -1.609202E-04  3.306957E-07  3.499191E-06 -1.262251E-03 -1.699831E-04
                  43  8.718082E-04  1.487732E-03 -1.395445E+06 -1.627855E-04  3.306957E-07  3.499191E-06 -1.262251E-03 -1.699831E-04
                  41  8.717170E-04 -8.850098E-04 -1.395445E+06 -1.627855E-04  2.730519E-07  3.499191E-06 -1.262251E-03 -1.699831E-04
0        31    CEN/4 -2.518976E+07 -2.365112E-04  1.395445E+06  1.648287E-04  1.614742E-07  2.478389E-06 -9.939237E-04 -1.165452E-04
                  43  8.719924E-04 -1.014709E-03  1.395445E+06  1.627855E-04  9.263034E-07  2.478389E-06 -9.939237E-04 -1.165452E-04
                  41  8.722710E-04  5.416870E-04  1.395445E+06  1.627855E-04 -6.033550E-07  2.478389E-06 -9.939237E-04 -1.165452E-04
                  13 -5.037952E+07  5.416870E-04  1.395445E+06  1.668720E-04 -6.033550E-07  2.478389E-06 -9.939237E-04 -1.165452E-04
                  42 -5.037952E+07 -1.014709E-03  1.395445E+06  1.668720E-04  9.263034E-07  2.478389E-06 -9.939237E-04 -1.165452E-04
0        32    CEN/4 -3.028878E+07 -5.264282E-04  1.324035E+06  1.460587E-04 -1.351114E-08  2.696780E-06  7.916378E-04  1.016603E-05
                  37  1.154541E-03 -3.814697E-05  1.324035E+06  1.495892E-04 -9.533257E-07  2.696780E-06  7.916378E-04  1.016603E-05
                  43  1.154804E-03 -1.014709E-03  1.324035E+06  1.495892E-04  9.263034E-07  2.696780E-06  7.916378E-04  1.016603E-05
                  42 -6.057757E+07 -1.014709E-03  1.324035E+06  1.425282E-04  9.263034E-07  2.696780E-06  7.916378E-04  1.016603E-05
                   2 -6.057757E+07 -3.814697E-05  1.324035E+06  1.425282E-04 -9.533257E-07  2.696780E-06  7.916378E-04  1.016603E-05
1                                                                              JUNE  20, 2025  MSC Nastran 11/21/24   PAGE    51
                                                                                                                                    
0                                                                                                            SUBCASE 2              
      EIGENVALUE =  8.374865E+04

                          F O R C E S   I N   Q U A D R I L A T E R A L   E L E M E N T S   ( Q U A D 4 )        OPTION = BILIN  
 
    ELEMENT                    - MEMBRANE  FORCES -                      - BENDING   MOMENTS -            - TRANSVERSE SHEAR FORCES -
      ID       GRID-ID     FX            FY            FXY           MX            MY            MXY           QX            QY
0         1    CEN/4 -1.231362E-02 -8.073657E-04 -7.616458E-04 -3.020518E+05 -1.315885E-06 -1.564614E-05  8.593657E+05  4.705149E-04
                  44 -2.427342E-02 -6.372754E-04 -7.616458E-04 -3.020518E+05 -3.875787E-06 -1.564611E-05  8.593657E+05  4.705149E-04
                  18 -2.427342E-02 -9.774560E-04 -7.616458E-04 -3.020518E+05  1.244016E-06 -1.564614E-05  8.593657E+05  4.705149E-04
                  41 -3.538175E-04 -9.774560E-04 -7.616458E-04 -3.020518E+05  1.244016E-06 -1.564622E-05  8.593657E+05  4.705149E-04
                  47 -3.538175E-04 -6.372754E-04 -7.616458E-04 -3.020518E+05 -3.875787E-06 -1.564614E-05  8.593657E+05  4.705149E-04
0         2    CEN/4  2.623864E-04 -2.892434E-05 -6.609827E-03  2.364916E+05 -1.092193E-06 -3.804735E-06  1.238562E+06 -1.856183E-04
                  44  2.289400E-04 -6.372754E-04 -6.609827E-03  2.364916E+05  3.875787E-06 -3.804619E-06  1.238562E+06 -1.856183E-04
                  16  2.289400E-04  5.794267E-04 -6.609827E-03  2.364916E+05 -6.060173E-06 -3.804677E-06  1.238562E+06 -1.856183E-04
                  45  2.958329E-04  5.794267E-04 -6.609827E-03  2.364916E+05 -6.060173E-06 -3.804735E-06  1.238562E+06 -1.856183E-04
                  47  2.958329E-04 -6.372754E-04 -6.609827E-03  2.364916E+05  3.875787E-06 -3.804677E-06  1.238562E+06 -1.856183E-04
0         3    CEN/4 -5.098532E-04 -5.824702E-04 -6.342484E-03  2.364916E+05 -9.438440E-06 -5.866999E-06  1.238562E+06  1.632477E-04
                  47  2.958329E-04 -5.765901E-04 -6.342484E-03  2.364916E+05 -3.329380E-06 -5.866882E-06  1.238562E+06  1.632477E-04
                  45  2.958329E-04 -5.883503E-04 -6.342484E-03  2.364916E+05 -1.554750E-05 -5.866882E-06  1.238562E+06  1.632477E-04
                  14 -1.315539E-03 -5.883503E-04 -6.342484E-03  2.364916E+05 -1.554750E-05 -5.866999E-06  1.238562E+06  1.632477E-04
                  46 -1.315539E-03 -5.765901E-04 -6.342484E-03  2.364916E+05 -3.329380E-06 -5.866941E-06  1.238562E+06  1.632477E-04
0         4    CEN/4  1.285202E-02  2.607997E-04  3.511778E-04  3.020518E+05  1.273082E-06 -1.598439E-05  8.593656E+05  2.866568E-05
                  41 -3.538175E-04  1.098189E-03  3.511778E-04  3.020518E+05  5.875544E-06 -1.598439E-05  8.593656E+05  2.866568E-05
                  47 -3.538175E-04 -5.765901E-04  3.511778E-04  3.020518E+05 -3.329380E-06 -1.598433E-05  8.593656E+05  2.866568E-05
                  46  2.605786E-02 -5.765901E-04  3.511778E-04  3.020518E+05 -3.329380E-06 -1.598442E-05  8.593656E+05  2.866568E-05
                  13  2.605786E-02  1.098189E-03  3.511778E-04  3.020518E+05  5.875544E-06 -1.598436E-05  8.593656E+05  2.866568E-05
0         5    CEN/4  3.890839E-03 -8.067248E-04  5.733506E-03  1.505649E+05 -2.446690E-06 -2.154842E-07  1.511094E+06  4.939752E-04
                  16  7.711466E-03  5.794267E-04  5.733506E-03  1.505649E+05 -6.060173E-06 -2.154260E-07  1.511094E+06  4.939752E-04
                  48  7.711466E-03 -2.192876E-03  5.733506E-03  1.505649E+05  1.166793E-06 -2.154842E-07  1.511094E+06  4.939752E-04
                  51  7.021098E-05 -2.192876E-03  5.733506E-03  1.505649E+05  1.166793E-06 -2.156006E-07  1.511094E+06  4.939752E-04
                  45  7.021098E-05  5.794267E-04  5.733506E-03  1.505649E+05 -6.060173E-06 -2.155424E-07  1.511094E+06  4.939752E-04
0         6    CEN/4 -1.754664E-03 -1.252723E-03 -8.661681E-04  5.167160E+04  4.437426E-06 -1.781273E-05  1.653491E+06  4.194081E-04
                  48 -4.424135E-03 -2.192876E-03 -8.661681E-04  5.167160E+04  1.166793E-06 -1.781267E-05  1.653491E+06  4.194081E-04
                  12 -4.424135E-03 -3.125696E-04 -8.661681E-04  5.167160E+04  7.708059E-06 -1.781267E-05  1.653491E+06  4.194081E-04
                  49  9.148065E-04 -3.125696E-04 -8.661681E-04  5.167160E+04  7.708059E-06 -1.781279E-05  1.653491E+06  4.194081E-04
                  51  9.148065E-04 -2.192876E-03 -8.661681E-04  5.167160E+04  1.166793E-06 -1.781273E-05  1.653491E+06  4.194081E-04
0         7    CEN/4  3.054450E-03  8.766136E-06 -2.970966E-03  5.167160E+04  2.080063E-06 -1.886773E-05  1.653491E+06  1.444370E-03
                  51  9.148065E-04 -1.005460E-03 -2.970966E-03  5.167160E+04  5.666105E-06 -1.886761E-05  1.653491E+06  1.444370E-03
                  49  9.148065E-04  1.022992E-03 -2.970966E-03  5.167160E+04 -1.505979E-06 -1.886761E-05  1.653491E+06  1.444370E-03
                   4  5.194094E-03  1.022992E-03 -2.970966E-03  5.167160E+04 -1.505979E-06 -1.886779E-05  1.653491E+06  1.444370E-03
                  50  5.194094E-03 -1.005460E-03 -2.970966E-03  5.167160E+04  5.666105E-06 -1.886767E-05  1.653491E+06  1.444370E-03
0         8    CEN/4 -4.334347E-03 -7.969049E-04  4.079056E-03  1.505649E+05 -4.940698E-06  7.239958E-06  1.511094E+06  1.228424E-03
                  45  7.021098E-05 -5.883503E-04  4.079056E-03  1.505649E+05 -1.554750E-05  7.240017E-06  1.511094E+06  1.228424E-03
                  51  7.021098E-05 -1.005460E-03  4.079056E-03  1.505649E+05  5.666105E-06  7.240075E-06  1.511094E+06  1.228424E-03
                  50 -8.738906E-03 -1.005460E-03  4.079056E-03  1.505649E+05  5.666105E-06  7.239900E-06  1.511094E+06  1.228424E-03
                  14 -8.738906E-03 -5.883503E-04  4.079056E-03  1.505649E+05 -1.554750E-05  7.239958E-06  1.511094E+06  1.228424E-03
0         9    CEN/4  1.348703E-04  4.428108E-02 -4.856139E-04  2.569604E-06 -3.483416E+05  1.026675E-06  3.912186E-04 -2.452722E+05
1                                                                              JUNE  20, 2025  MSC Nastran 11/21/24   PAGE    52
                                                                                                                                    
0                                                                                                            SUBCASE 2              
      EIGENVALUE =  8.374865E+04

                          F O R C E S   I N   Q U A D R I L A T E R A L   E L E M E N T S   ( Q U A D 4 )        OPTION = BILIN  
 
    ELEMENT                    - MEMBRANE  FORCES -                      - BENDING   MOMENTS -            - TRANSVERSE SHEAR FORCES -
      ID       GRID-ID     FX            FY            FXY           MX            MY            MXY           QX            QY
                   1 -1.436692E-03  8.801405E-02 -4.856139E-04  2.620599E-06 -3.483416E+05  1.026646E-06  3.912186E-04 -2.452722E+05
                  19 -1.436692E-03  5.480994E-04 -4.856139E-04  2.620599E-06 -3.483416E+05  1.026646E-06  3.912186E-04 -2.452722E+05
                  23  1.706433E-03  5.480994E-04 -4.856139E-04  2.518608E-06 -3.483416E+05  1.026646E-06  3.912186E-04 -2.452722E+05
                  22  1.706433E-03  8.801405E-02 -4.856139E-04  2.518608E-06 -3.483416E+05  1.026646E-06  3.912186E-04 -2.452722E+05
0        10    CEN/4  4.308429E-04 -4.393592E-02 -6.676511E-04 -1.566864E-06 -3.483416E+05  9.165920E-07  1.633202E-04 -2.452722E+05
                  19 -9.990820E-04  5.480994E-04 -6.676511E-04 -2.809164E-06 -3.483416E+05  9.166211E-07  1.633202E-04 -2.452722E+05
                   5 -9.990820E-04 -8.841994E-02 -6.676511E-04 -2.809164E-06 -3.483416E+05  9.165920E-07  1.633202E-04 -2.452722E+05
                  20  1.860768E-03 -8.841994E-02 -6.676511E-04 -3.245642E-07 -3.483416E+05  9.166211E-07  1.633202E-04 -2.452722E+05
                  23  1.860768E-03  5.480994E-04 -6.676511E-04 -3.245642E-07 -3.483416E+05  9.166211E-07  1.633202E-04 -2.452722E+05
0        11    CEN/4  4.005420E-04 -4.272014E-02  2.820373E-04 -1.842628E-06 -3.183427E+05  3.442403E-06 -1.398351E-04 -7.146940E+05
                  23  1.860768E-03 -1.183317E-03  2.820373E-04 -3.245642E-07 -3.183427E+05  3.442432E-06 -1.398351E-04 -7.146940E+05
                  20  1.860768E-03 -8.425696E-02  2.820373E-04 -3.245642E-07 -3.183427E+05  3.442403E-06 -1.398351E-04 -7.146940E+05
                  10 -1.059684E-03 -8.425696E-02  2.820373E-04 -3.360692E-06 -3.183427E+05  3.442403E-06 -1.398351E-04 -7.146940E+05
                  21 -1.059684E-03 -1.183317E-03  2.820373E-04 -3.360692E-06 -3.183427E+05  3.442432E-06 -1.398351E-04 -7.146940E+05
0        12    CEN/4  1.129213E-04  4.194681E-02  7.977616E-04 -1.382867E-06 -3.183427E+05  6.004960E-06  1.001034E-04 -7.146940E+05
                  22  1.706433E-03  8.507694E-02  7.977616E-04  2.518608E-06 -3.183427E+05  6.004931E-06  1.001034E-04 -7.146940E+05
                  23  1.706433E-03 -1.183317E-03  7.977616E-04  2.518608E-06 -3.183427E+05  6.004931E-06  1.001034E-04 -7.146940E+05
                  21 -1.480590E-03 -1.183317E-03  7.977616E-04 -5.284342E-06 -3.183427E+05  6.004931E-06  1.001034E-04 -7.146940E+05
                   9 -1.480590E-03  8.507694E-02  7.977616E-04 -5.284342E-06 -3.183427E+05  6.004931E-06  1.001034E-04 -7.146940E+05
0        13    CEN/4 -3.931070E-02 -8.315569E-05 -1.281706E-03 -2.609283E+05 -4.268196E-07 -1.872470E-05 -1.122567E+06  5.731452E-05
                  10 -7.984323E-02 -1.059684E-03 -1.281706E-03 -2.609283E+05 -3.360692E-06 -1.872478E-05 -1.122567E+06  5.731452E-05
                  24 -7.984323E-02  8.933724E-04 -1.281706E-03 -2.609283E+05  2.507052E-06 -1.872478E-05 -1.122567E+06  5.731452E-05
                  27  1.221825E-03  8.933724E-04 -1.281706E-03 -2.609283E+05  2.507052E-06 -1.872470E-05 -1.122567E+06  5.731452E-05
                  21  1.221825E-03 -1.059684E-03 -1.281706E-03 -2.609283E+05 -3.360692E-06 -1.872476E-05 -1.122567E+06  5.731452E-05
0        14    CEN/4 -3.770896E-02  5.151441E-04 -7.734637E-04 -1.810429E+05  1.462455E-06 -1.559999E-05 -1.433765E+06 -1.137802E-04
                  24 -7.475372E-02  8.933724E-04 -7.734637E-04 -1.810429E+05  2.507052E-06 -1.559999E-05 -1.433765E+06 -1.137802E-04
                   7 -7.475372E-02  1.369158E-04 -7.734637E-04 -1.810429E+05  4.178579E-07 -1.560005E-05 -1.433765E+06 -1.137802E-04
                  25 -6.641891E-04  1.369158E-04 -7.734637E-04 -1.810429E+05  4.178579E-07 -1.559988E-05 -1.433765E+06 -1.137802E-04
                  27 -6.641891E-04  8.933724E-04 -7.734637E-04 -1.810429E+05  2.507052E-06 -1.559993E-05 -1.433765E+06 -1.137802E-04
0        15    CEN/4  3.758335E-02 -3.362336E-04 -1.580908E-03 -1.810429E+05  5.087553E-06 -1.466590E-05 -1.433765E+06 -4.047105E-04
                  27 -6.641891E-04  1.925969E-04 -1.580908E-03 -1.810429E+05  4.796590E-06 -1.466596E-05 -1.433765E+06 -4.047105E-04
                  25 -6.641891E-04 -8.650640E-04 -1.580908E-03 -1.810429E+05  5.378516E-06 -1.466596E-05 -1.433765E+06 -4.047105E-04
                  17  7.583090E-02 -8.650640E-04 -1.580908E-03 -1.810429E+05  5.378516E-06 -1.466590E-05 -1.433765E+06 -4.047105E-04
                  26  7.583090E-02  1.925969E-04 -1.580908E-03 -1.810429E+05  4.796590E-06 -1.466590E-05 -1.433765E+06 -4.047105E-04
0        16    CEN/4  4.001020E-02 -6.439968E-04 -9.811866E-04 -2.609283E+05 -2.438760E-07 -1.751412E-05 -1.122567E+06 -4.896056E-05
                  21  1.221825E-03 -1.480590E-03 -9.811866E-04 -2.609283E+05 -5.284342E-06 -1.751417E-05 -1.122567E+06 -4.896056E-05
                  27  1.221825E-03  1.925969E-04 -9.811866E-04 -2.609283E+05  4.796590E-06 -1.751417E-05 -1.122567E+06 -4.896056E-05
                  26  7.879858E-02  1.925969E-04 -9.811866E-04 -2.609283E+05  4.796590E-06 -1.751409E-05 -1.122567E+06 -4.896056E-05
                   9  7.879858E-02 -1.480590E-03 -9.811866E-04 -2.609283E+05 -5.284342E-06 -1.751423E-05 -1.122567E+06 -4.896056E-05
0        17    CEN/4 -3.719961E-02  5.724998E-04  1.537574E-03 -8.556623E+04 -1.707459E-06  1.067570E-05 -1.621488E+06  4.612308E-04
                   7 -7.430254E-02  1.369158E-04  1.537574E-03 -8.556623E+04  4.178579E-07  1.067570E-05 -1.621488E+06  4.612308E-04
                  28 -7.430254E-02  1.008084E-03  1.537574E-03 -8.556623E+04 -3.832776E-06  1.067564E-05 -1.621488E+06  4.612308E-04
1                                                                              JUNE  20, 2025  MSC Nastran 11/21/24   PAGE    53
                                                                                                                                    
0                                                                                                            SUBCASE 2              
      EIGENVALUE =  8.374865E+04

                          F O R C E S   I N   Q U A D R I L A T E R A L   E L E M E N T S   ( Q U A D 4 )        OPTION = BILIN  
 
    ELEMENT                    - MEMBRANE  FORCES -                      - BENDING   MOMENTS -            - TRANSVERSE SHEAR FORCES -
      ID       GRID-ID     FX            FY            FXY           MX            MY            MXY           QX            QY
                  31 -9.668025E-05  1.008084E-03  1.537574E-03 -8.556623E+04 -3.832776E-06  1.067575E-05 -1.621488E+06  4.612308E-04
                  25 -9.668025E-05  1.369158E-04  1.537574E-03 -8.556623E+04  4.178579E-07  1.067575E-05 -1.621488E+06  4.612308E-04
0        18    CEN/4 -3.063683E-02  1.951255E-04  3.299501E-03 -1.727934E+04  3.336730E-06 -3.462778E-06 -1.669570E+06 -6.597540E-04
                  11 -6.122966E-02 -6.178327E-04  3.299501E-03 -1.727934E+04  2.840685E-06 -3.462778E-06 -1.669570E+06 -6.597540E-04
                  28 -6.122966E-02  1.008084E-03  3.299501E-03 -1.727934E+04  3.832776E-06 -3.462778E-06 -1.669570E+06 -6.597540E-04
                  31 -4.400172E-05  1.008084E-03  3.299501E-03 -1.727934E+04  3.832776E-06 -3.462720E-06 -1.669570E+06 -6.597540E-04
                  29 -4.400172E-05 -6.178327E-04  3.299501E-03 -1.727934E+04  2.840685E-06 -3.462778E-06 -1.669570E+06 -6.597540E-04
0        19    CEN/4  3.256692E-02 -4.707773E-04  3.934879E-03 -1.727934E+04  6.373862E-07 -4.883651E-06 -1.669570E+06  2.911785E-04
                  29 -4.400172E-05 -6.497174E-04  3.934879E-03 -1.727934E+04  4.649292E-06 -4.883709E-06 -1.669570E+06  2.911785E-04
                  31 -4.400172E-05 -2.918372E-04  3.934879E-03 -1.727934E+04 -3.374520E-06 -4.883709E-06 -1.669570E+06  2.911785E-04
                  30  6.517784E-02 -2.918372E-04  3.934879E-03 -1.727934E+04 -3.374520E-06 -4.883592E-06 -1.669570E+06  2.911785E-04
                   6  6.517784E-02 -6.497174E-04  3.934879E-03 -1.727934E+04  4.649292E-06 -4.883651E-06 -1.669570E+06  2.911785E-04
0        20    CEN/4  3.548655E-02 -5.784506E-04  7.258523E-04 -8.556623E+04  4.376518E-06  1.079785E-05 -1.621488E+06 -2.506871E-04
                  25 -9.668025E-05 -8.650640E-04  7.258523E-04 -8.556623E+04  5.378516E-06  1.079779E-05 -1.621488E+06 -2.506871E-04
                  31 -9.668025E-05 -2.918372E-04  7.258523E-04 -8.556623E+04  3.374520E-06  1.079779E-05 -1.621488E+06 -2.506871E-04
                  30  7.106978E-02 -2.918372E-04  7.258523E-04 -8.556623E+04  3.374520E-06  1.079791E-05 -1.621488E+06 -2.506871E-04
                  17  7.106978E-02 -8.650640E-04  7.258523E-04 -8.556623E+04  5.378516E-06  1.079785E-05 -1.621488E+06 -2.506871E-04
0        21    CEN/4 -2.510654E-02 -1.160228E-03  8.032631E-04 -1.186368E+05 -1.723495E-06  1.404319E-05 -1.573870E+06  1.092650E-04
                  32 -5.043723E-02 -1.702624E-03  8.032631E-04 -1.186368E+05 -6.287675E-06  1.404308E-05 -1.573870E+06  1.092650E-04
                  11 -5.043723E-02 -6.178327E-04  8.032631E-04 -1.186368E+05  2.840685E-06  1.404308E-05 -1.573870E+06  1.092650E-04
                  29  2.241581E-04 -6.178327E-04  8.032631E-04 -1.186368E+05  2.840685E-06  1.404313E-05 -1.573870E+06  1.092650E-04
                  35  2.241581E-04 -1.702624E-03  8.032631E-04 -1.186368E+05 -6.287675E-06  1.404308E-05 -1.573870E+06  1.092650E-04
0        22    CEN/4 -2.152284E-02 -2.550215E-04  1.870202E-03 -2.097774E+05 -4.326069E-06 -1.809045E-07 -1.342628E+06  1.937739E-04
                  15 -4.233157E-02  1.192581E-03  1.870202E-03 -2.097774E+05 -2.364464E-06 -1.808463E-07 -1.342628E+06  1.937739E-04
                  32 -4.233157E-02 -1.702624E-03  1.870202E-03 -2.097774E+05 -6.287675E-06 -1.809045E-07 -1.342628E+06  1.937739E-04
                  35 -7.141180E-04 -1.702624E-03  1.870202E-03 -2.097774E+05 -6.287675E-06 -1.807881E-07 -1.342628E+06  1.937739E-04
                  33 -7.141180E-04  1.192581E-03  1.870202E-03 -2.097774E+05 -2.364464E-06 -1.808463E-07 -1.342628E+06  1.937739E-04
0        23    CEN/4  2.076042E-02  9.413357E-04  1.732570E-03 -2.097774E+05 -2.079414E-06 -4.011078E-06 -1.342628E+06  2.764455E-04
                  33 -7.141180E-04  9.906260E-04  1.732570E-03 -2.097774E+05  5.598716E-06 -4.011136E-06 -1.342628E+06  2.764455E-04
                  35 -7.141180E-04  8.920454E-04  1.732570E-03 -2.097774E+05 -9.757544E-06 -4.011078E-06 -1.342628E+06  2.764455E-04
                  34  4.223496E-02  8.920454E-04  1.732570E-03 -2.097774E+05 -9.757544E-06 -4.010962E-06 -1.342628E+06  2.764455E-04
                   8  4.223496E-02  9.906260E-04  1.732570E-03 -2.097774E+05  5.598716E-06 -4.011078E-06 -1.342628E+06  2.764455E-04
0        24    CEN/4  2.434502E-02  1.211640E-04  3.526251E-04 -1.186368E+05 -2.554126E-06  1.525904E-05 -1.573869E+06  3.813006E-04
                  35  2.241581E-04  8.920454E-04  3.526251E-04 -1.186368E+05 -9.757544E-06  1.525904E-05 -1.573869E+06  3.813006E-04
                  29  2.241581E-04 -6.497174E-04  3.526251E-04 -1.186368E+05  4.649292E-06  1.525898E-05 -1.573869E+06  3.813006E-04
                   6  4.846588E-02 -6.497174E-04  3.526251E-04 -1.186368E+05  4.649292E-06  1.525904E-05 -1.573869E+06  3.813006E-04
                  34  4.846588E-02  8.920454E-04  3.526251E-04 -1.186368E+05 -9.757544E-06  1.525910E-05 -1.573869E+06  3.813006E-04
0        25    CEN/4 -1.829946E-02 -3.016410E-04 -1.044862E-03 -2.828521E+05  1.433795E-06 -1.409865E-05 -9.957611E+05 -6.363855E-04
                  36 -3.730966E-02 -1.795863E-03 -1.044862E-03 -2.828521E+05  5.232055E-06 -1.409871E-05 -9.957611E+05 -6.363855E-04
                  15 -3.730966E-02  1.192581E-03 -1.044862E-03 -2.828521E+05 -2.364464E-06 -1.409871E-05 -9.957611E+05 -6.363855E-04
                  33  7.107423E-04  1.192581E-03 -1.044862E-03 -2.828521E+05 -2.364464E-06 -1.409868E-05 -9.957611E+05 -6.363855E-04
                  39  7.107423E-04 -1.795863E-03 -1.044862E-03 -2.828521E+05  5.232055E-06 -1.409865E-05 -9.957611E+05 -6.363855E-04
1                                                                              JUNE  20, 2025  MSC Nastran 11/21/24   PAGE    54
                                                                                                                                    
0                                                                                                            SUBCASE 2              
      EIGENVALUE =  8.374865E+04

                          F O R C E S   I N   Q U A D R I L A T E R A L   E L E M E N T S   ( Q U A D 4 )        OPTION = BILIN  
 
    ELEMENT                    - MEMBRANE  FORCES -                      - BENDING   MOMENTS -            - TRANSVERSE SHEAR FORCES -
      ID       GRID-ID     FX            FY            FXY           MX            MY            MXY           QX            QY
0        26    CEN/4 -1.938863E-02 -7.114323E-04 -2.776411E-04 -3.315677E+05  9.124147E-07 -4.679655E-05 -5.631395E+05 -2.558528E-05
                   3 -3.844228E-02  3.729980E-04 -2.776411E-04 -3.315677E+05 -3.407226E-06 -4.679661E-05 -5.631395E+05 -2.558528E-05
                  36 -3.844228E-02 -1.795863E-03 -2.776411E-04 -3.315677E+05  5.232055E-06 -4.679660E-05 -5.631395E+05 -2.558528E-05
                  39 -3.349911E-04 -1.795863E-03 -2.776411E-04 -3.315677E+05  5.232055E-06 -4.679655E-05 -5.631395E+05 -2.558528E-05
                  37 -3.349911E-04  3.729980E-04 -2.776411E-04 -3.315677E+05 -3.407226E-06 -4.679658E-05 -5.631395E+05 -2.558528E-05
0        27    CEN/4  1.990129E-02 -3.042842E-04  2.767302E-04  3.315677E+05  3.478322E-08 -4.661627E-05 -5.631395E+05 -1.661478E-05
                  39 -3.349911E-04 -2.435389E-03  2.767302E-04  3.315677E+05 -4.743239E-06 -4.661628E-05 -5.631395E+05 -1.661478E-05
                  37 -3.349911E-04  1.826820E-03  2.767302E-04  3.315677E+05  4.812806E-06 -4.661625E-05 -5.631395E+05 -1.661478E-05
                   2  4.013757E-02  1.826820E-03  2.767302E-04  3.315677E+05  4.812806E-06 -4.661621E-05 -5.631395E+05 -1.661478E-05
                  38  4.013757E-02 -2.435389E-03  2.767302E-04  3.315677E+05 -4.743239E-06 -4.661622E-05 -5.631395E+05 -1.661478E-05
0        28    CEN/4  1.856523E-02 -7.223813E-04 -2.686449E-04  2.828521E+05 -5.170978E-06 -1.610859E-05 -9.957611E+05  4.203461E-05
                  33  7.107423E-04  9.906260E-04 -2.686449E-04  2.828521E+05 -5.598716E-06 -1.610862E-05 -9.957611E+05  4.203461E-05
                  39  7.107423E-04 -2.435389E-03 -2.686449E-04  2.828521E+05 -4.743239E-06 -1.610859E-05 -9.957611E+05  4.203461E-05
                  38  3.641971E-02 -2.435389E-03 -2.686449E-04  2.828521E+05 -4.743239E-06 -1.610851E-05 -9.957611E+05  4.203461E-05
                   8  3.641971E-02  9.906260E-04 -2.686449E-04  2.828521E+05 -5.598716E-06 -1.610854E-05 -9.957611E+05  4.203461E-05
0        29    CEN/4 -2.127020E-02 -1.177577E-03  4.587485E-04 -3.517290E+05  8.149521E-07  1.348046E-05 -8.202072E+04  5.512819E-04
                  40 -4.185609E-02 -2.728152E-03  4.587485E-04 -3.517290E+05  5.037130E-06  1.348043E-05 -8.202072E+04  5.512819E-04
                   3 -4.185609E-02  3.729980E-04  4.587485E-04 -3.517290E+05 -3.407226E-06  1.348043E-05 -8.202072E+04  5.512819E-04
                  37 -6.843114E-04  3.729980E-04  4.587485E-04 -3.517290E+05 -3.407226E-06  1.348043E-05 -8.202072E+04  5.512819E-04
                  43 -6.843114E-04 -2.728152E-03  4.587485E-04 -3.517290E+05  5.037130E-06  1.348043E-05 -8.202072E+04  5.512819E-04
0        30    CEN/4 -1.743628E-02 -1.852804E-03  2.910906E-03 -3.415995E+05  3.140573E-06  4.227363E-06  4.061617E+05  3.838387E-05
                  18 -3.570018E-02 -9.774560E-04  2.910906E-03 -3.415995E+05  1.244016E-06  4.227363E-06  4.061617E+05  3.838387E-05
                  40 -3.570018E-02 -2.728152E-03  2.910906E-03 -3.415995E+05  5.037130E-06  4.227333E-06  4.061617E+05  3.838387E-05
                  43  8.276138E-04 -2.728152E-03  2.910906E-03 -3.415995E+05  5.037130E-06  4.227333E-06  4.061617E+05  3.838387E-05
                  41  8.276138E-04 -9.774560E-04  2.910906E-03 -3.415995E+05  1.244016E-06  4.227304E-06  4.061617E+05  3.838387E-05
0        31    CEN/4  1.679127E-02  6.242086E-04 -1.819922E-03  3.415995E+05 -2.137054E-06  6.042982E-06  4.061617E+05  2.029821E-04
                  43  8.276138E-04  1.502277E-04 -1.819922E-03  3.415995E+05 -1.014965E-05  6.043025E-06  4.061617E+05  2.029821E-04
                  41  8.276138E-04  1.098189E-03 -1.819922E-03  3.415995E+05  5.875544E-06  6.043040E-06  4.061617E+05  2.029821E-04
                  13  3.275493E-02  1.098189E-03 -1.819922E-03  3.415995E+05  5.875544E-06  6.043025E-06  4.061617E+05  2.029821E-04
                  42  3.275493E-02  1.502277E-04 -1.819922E-03  3.415995E+05 -1.014965E-05  6.042996E-06  4.061617E+05  2.029821E-04
0        32    CEN/4  2.116364E-02  9.885239E-04  9.660237E-04  3.517290E+05 -2.668423E-06  6.827638E-06 -8.202071E+04 -2.181246E-04
                  37 -6.843114E-04  1.826820E-03  9.660237E-04  3.517290E+05  4.812806E-06  6.827638E-06 -8.202071E+04 -2.181246E-04
                  43 -6.843114E-04  1.502277E-04  9.660237E-04  3.517290E+05 -1.014965E-05  6.827638E-06 -8.202071E+04 -2.181246E-04
                  42  4.301160E-02  1.502277E-04  9.660237E-04  3.517290E+05 -1.014965E-05  6.827667E-06 -8.202071E+04 -2.181246E-04
                   2  4.301160E-02  1.826820E-03  9.660237E-04  3.517290E+05  4.812806E-06  6.827667E-06 -8.202071E+04 -2.181246E-04
 *** USER WARNING MESSAGE 6418 (SDR2A)
     THE BILIN OPTION FOR STRAINS OVERRIDES ALL OTHER OPTIONS IN THE FORCE COMMANDS.
 *** USER INFORMATION MESSAGE 4114 (OUTPX2)
     DATA BLOCK OES1C    WRITTEN ON FORTRAN UNIT    12 IN BINARY (LTLEND) FORMAT USING NDDL DESCRIPTION FOR OES1C, TRL =
                    101                 3                 1                 0                 0                 0                 0
     NAME OF DATA BLOCK WRITTEN ON FORTRAN UNIT IS OES1C   
        (MAXIMUM POSSIBLE FORTRAN RECORD SIZE =      131074 WORDS.)
     (MAXIMUM SIZE OF FORTRAN RECORDS WRITTEN =        1408 WORDS.)
           (NUMBER OF FORTRAN RECORDS WRITTEN =          40 RECORDS.)
           (TOTAL DATA WRITTEN FOR DATA BLOCK =        4711 WORDS.)
 *** USER WARNING MESSAGE 6418 (SDR2A)
     THE BILIN OPTION FOR STRAINS OVERRIDES ALL OTHER OPTIONS IN THE FORCE COMMANDS.
 *** USER INFORMATION MESSAGE 4114 (OUTPX2)
     DATA BLOCK OSTR1C   WRITTEN ON FORTRAN UNIT    12 IN BINARY (LTLEND) FORMAT USING NDDL DESCRIPTION FOR OES, TRL =
                    101                63                 6                20                25                 0                 3
     NAME OF DATA BLOCK WRITTEN ON FORTRAN UNIT IS OSTR1C  
        (MAXIMUM POSSIBLE FORTRAN RECORD SIZE =      131074 WORDS.)
     (MAXIMUM SIZE OF FORTRAN RECORDS WRITTEN =        1408 WORDS.)
           (NUMBER OF FORTRAN RECORDS WRITTEN =          40 RECORDS.)
           (TOTAL DATA WRITTEN FOR DATA BLOCK =        4711 WORDS.)
1                                                                              JUNE  20, 2025  MSC Nastran 11/21/24   PAGE    55
                                                                                                                                    
0                                                                                                            SUBCASE 2              
      EIGENVALUE =  9.258604E+03
      CYCLES =  1.531415E+01
                   MODE               1
                                          G R I D   P O I N T   F O R C E   B A L A N C E
 
   POINT-ID    ELEMENT-ID     SOURCE             T1             T2             T3             R1             R2             R3
          1                  F-OF-SPC       1.924196E-06  -1.372514E-05  -1.135484E+02  -1.473805E+03   0.0            6.448915E-11
          1             9    QUAD4         -1.924196E-06   1.372514E-05   1.135484E+02   1.473805E+03   5.575914E-09  -6.448915E-11
          1                  *TOTALS*      -1.694066E-21   1.694066E-21  -8.797940E-11   0.0            5.575914E-09   0.0
0         2            27    QUAD4          1.436775E-06  -1.289463E-05  -1.858718E+03  -8.188025E+02  -1.829738E-08   8.713759E-11
          2            32    QUAD4          2.677976E-06   1.249906E-05   1.984886E+03   8.188025E+02  -8.627933E-09  -2.321562E-11
          2                  *TOTALS*       4.114751E-06  -3.955732E-07   1.261682E+02  -3.093771E-08  -2.692531E-08   6.392197E-11
0         3            26    QUAD4         -2.458290E-06   1.164629E-05  -1.858718E+03  -8.188025E+02  -4.194700E-09  -4.371359E-10
          3            29    QUAD4         -4.174588E-07  -9.591056E-06   1.984886E+03   8.188025E+02   5.712135E-09  -5.387412E-10
          3                  *TOTALS*      -2.875749E-06   2.055233E-06   1.261683E+02  -5.346351E-09   1.517435E-09  -9.758771E-10
0         4             7    QUAD4          1.412452E-06  -7.156501E-07  -2.311331E+03  -8.964931E-10  -2.874862E-08   7.091890E-10
          4                  *TOTALS*       1.412452E-06  -7.156501E-07  -2.311331E+03  -8.964931E-10  -2.874862E-08   7.091890E-10
0         5                  F-OF-SPC       0.0            1.479107E-05  -1.135484E+02  -1.473805E+03   0.0            6.620739E-11
          5            10    QUAD4         -3.793815E-07  -1.479107E-05   1.135484E+02   1.473805E+03   1.083344E-08  -6.620739E-11
          5                  *TOTALS*      -3.793815E-07  -1.694066E-21  -3.477396E-11   1.364242E-12   1.083344E-08   0.0
0         6            19    QUAD4          2.362451E-06  -1.343954E-05  -1.189695E+03  -1.225424E+03   9.123056E-09   1.347990E-10
          6            24    QUAD4         -4.998417E-08   1.297891E-05   1.378519E+03   1.225424E+03  -1.958751E-08   1.786150E-11
          6                  *TOTALS*       2.312467E-06  -4.606355E-07   1.888241E+02  -1.142575E-08  -1.046446E-08   1.526605E-10
0         7            14    QUAD4          1.252029E-06   1.233471E-05  -7.796031E+02  -1.361619E+03  -1.815601E-08   1.785056E-10
          7            17    QUAD4          2.776444E-06  -1.174372E-05   9.894132E+02   1.361619E+03  -7.005135E-09   7.259489E-11
          7                  *TOTALS*       4.028473E-06   5.909898E-07   2.098101E+02   6.038817E-09  -2.516114E-08   2.511005E-10
0         8            23    QUAD4         -1.898839E-07  -1.008383E-05  -1.554067E+03  -1.042138E+03   4.222148E-09   4.328217E-10
          8            28    QUAD4         -1.048243E-06   8.595701E-06   1.714649E+03   1.042138E+03   1.668859E-08   3.248735E-10
          8                  *TOTALS*      -1.238127E-06  -1.488126E-06   1.605817E+02   6.883056E-09   2.091074E-08   7.576952E-10
0         9            12    QUAD4         -2.376669E-06  -7.759812E-06  -3.395517E+02  -1.445487E+03  -5.924622E-09   3.777775E-10
          9            16    QUAD4         -2.280094E-06   7.776119E-06   5.622850E+02   1.445487E+03  -2.767539E-09   2.938095E-10
          9                  *TOTALS*      -4.656764E-06   1.630755E-08   2.227332E+02   8.933057E-09  -8.692161E-09   6.715870E-10
0        10            11    QUAD4         -1.372762E-06   7.134337E-06  -3.395517E+02  -1.445487E+03   8.901772E-09  -2.099713E-10
         10            13    QUAD4         -9.280435E-07  -8.075660E-06   5.622850E+02   1.445487E+03   1.469480E-08  -2.969408E-10
         10                  *TOTALS*      -2.300805E-06  -9.413222E-07   2.227332E+02  -9.059477E-09   2.359657E-08  -5.069121E-10
0        11            18    QUAD4          1.765842E-06   1.246921E-05  -1.189695E+03  -1.225424E+03  -3.665256E-09   3.463838E-11
         11            21    QUAD4         -9.606372E-07  -1.244371E-05   1.378519E+03   1.225424E+03  -2.861963E-08  -8.446316E-11
         11                  *TOTALS*       8.052045E-07   2.550100E-08   1.888241E+02  -1.964145E-08  -3.228489E-08  -4.982478E-11
0        12             6    QUAD4         -1.393572E-06  -7.099850E-07  -2.311331E+03  -1.144419E-08  -1.295428E-08  -3.395960E-10
         12                  *TOTALS*      -1.393572E-06  -7.099850E-07  -2.311331E+03  -1.144419E-08  -1.295428E-08  -3.395960E-10
0        13             4    QUAD4          1.921961E-06   3.650208E-06   2.178845E+03   5.640009E+02  -2.573537E-09   3.298518E-10
         13            31    QUAD4         -7.761896E-08  -1.517324E-06  -2.091938E+03  -5.640009E+02  -6.043990E-09   3.539776E-10
1                                                                              JUNE  20, 2025  MSC Nastran 11/21/24   PAGE    56
                                                                                                                                    
0                                                                                                            SUBCASE 2              
      EIGENVALUE =  9.258604E+03
      CYCLES =  1.531415E+01
                   MODE               1
                                          G R I D   P O I N T   F O R C E   B A L A N C E
 
   POINT-ID    ELEMENT-ID     SOURCE             T1             T2             T3             R1             R2             R3
         13                  *TOTALS*       1.844342E-06   2.132884E-06   8.690620E+01   1.124067E-08  -8.617526E-09   6.838295E-10
0        14             3    QUAD4          4.594580E-06  -1.554940E-05  -2.244767E+03  -2.875252E+02  -2.892305E-08   3.466787E-11
         14             8    QUAD4          5.306334E-06   1.673763E-05   2.289072E+03   2.875252E+02  -3.107812E-08  -9.029369E-11
         14                  *TOTALS*       9.900914E-06   1.188227E-06   4.430440E+01  -1.390731E-09  -6.000117E-08  -5.562582E-11
0        15            22    QUAD4         -1.407001E-06   9.877233E-06  -1.554067E+03  -1.042138E+03  -3.394059E-09  -3.996677E-10
         15            25    QUAD4         -2.624648E-07  -1.044850E-05   1.714649E+03   1.042138E+03   7.313015E-09  -5.082101E-10
         15                  *TOTALS*      -1.669465E-06  -5.712663E-07   1.605817E+02   2.960178E-09   3.918956E-09  -9.078778E-10
0        16             2    QUAD4          2.182501E-06   1.526501E-05  -2.244767E+03  -2.875252E+02   1.176243E-08  -3.440092E-10
         16             5    QUAD4          2.099201E-06  -1.687350E-05   2.289072E+03   2.875252E+02   8.193129E-09  -4.596194E-10
         16                  *TOTALS*       4.281701E-06  -1.608484E-06   4.430439E+01   9.922189E-09   1.995556E-08  -8.036286E-10
0        17            15    QUAD4         -2.360007E-07  -1.132517E-05  -7.796031E+02  -1.361619E+03   1.988005E-09   3.951120E-11
         17            20    QUAD4          1.298790E-06   1.127892E-05   9.894132E+02   1.361619E+03   1.502605E-08  -6.415375E-11
         17                  *TOTALS*       1.062789E-06  -4.624284E-08   2.098101E+02  -1.022045E-09   1.701406E-08  -2.464256E-11
0        18             1    QUAD4         -2.280428E-07  -1.864839E-06   2.178845E+03   5.640009E+02   2.369168E-09   4.858201E-11
         18            30    QUAD4         -8.547918E-07   2.296306E-06  -2.091938E+03  -5.640009E+02   9.055829E-09   6.299634E-11
         18                  *TOTALS*      -1.082835E-06   4.314675E-07   8.690620E+01  -1.907631E-08   1.142500E-08   1.115783E-10
0        19                  F-OF-SPC       0.0           -4.421477E-07  -2.270968E+02  -2.947611E+03   0.0            1.309714E-10
         19             9    QUAD4          3.015496E-06   4.700384E-06   1.135484E+02   1.473805E+03   6.722517E-09  -6.548568E-11
         19            10    QUAD4          2.118094E-06  -4.258236E-06   1.135484E+02   1.473805E+03   2.497963E-09  -6.548568E-11
         19                  *TOTALS*       5.133591E-06   0.0            9.667644E-11   1.591616E-12   9.220480E-09   2.584939E-26
0        20            10    QUAD4         -2.597934E-06   1.043277E-05  -1.135484E+02  -1.466709E+03   9.291277E-09   2.915717E-10
         20            11    QUAD4         -6.758471E-07  -1.085710E-05   3.395517E+02   1.466709E+03   5.459525E-09   1.877143E-10
         20                  *TOTALS*      -3.273781E-06  -4.243369E-07   2.260033E+02  -2.246429E-08   1.475080E-08   4.792860E-10
0        21            11    QUAD4         -1.126674E-07   6.224970E-06  -3.395517E+02  -1.445487E+03   8.844983E-09   2.295706E-10
         21            12    QUAD4          1.117101E-06  -6.395803E-06  -3.395517E+02  -1.445487E+03  -2.574584E-09   2.288773E-10
         21            13    QUAD4         -1.182450E-06  -7.993178E-06   5.622850E+02   1.445487E+03   9.850656E-09   1.438402E-10
         21            16    QUAD4          7.223170E-08   8.013520E-06   5.622850E+02   1.445487E+03   1.760978E-09   1.431470E-10
         21                  *TOTALS*      -1.057847E-07  -1.504912E-07   4.454665E+02  -5.245056E-09   1.788203E-08   7.454351E-10
0        22             9    QUAD4         -2.353850E-06  -1.100558E-05  -1.135484E+02  -1.466709E+03   1.317658E-08  -2.132797E-10
         22            12    QUAD4         -8.137561E-07   1.092098E-05   3.395517E+02   1.466709E+03   7.749007E-09  -3.204942E-10
         22                  *TOTALS*      -3.167607E-06  -8.459982E-08   2.260033E+02   5.161155E-09   2.092558E-08  -5.337739E-10
0        23             9    QUAD4          1.262550E-06  -7.419941E-06  -1.135484E+02  -1.466709E+03   1.830025E-08   1.259097E-10
         23            10    QUAD4          8.592211E-07   8.616544E-06  -1.135484E+02  -1.466709E+03  -9.825380E-11   1.282631E-10
         23            11    QUAD4          2.161276E-06  -2.502205E-06   3.395517E+02   1.466709E+03   1.998304E-10   2.249785E-11
         23            12    QUAD4          2.073324E-06   3.234631E-06   3.395517E+02   1.466709E+03   1.397866E-08   2.014449E-11
         23                  *TOTALS*       6.356371E-06   1.929028E-06   4.520066E+02  -1.487160E-08   3.238048E-08   2.968151E-10
0        24            13    QUAD4          1.145419E-06   1.335271E-05  -5.622850E+02  -1.410344E+03  -3.882526E-11   1.836498E-10
1                                                                              JUNE  20, 2025  MSC Nastran 11/21/24   PAGE    57
                                                                                                                                    
0                                                                                                            SUBCASE 2              
      EIGENVALUE =  9.258604E+03
      CYCLES =  1.531415E+01
                   MODE               1
                                          G R I D   P O I N T   F O R C E   B A L A N C E
 
   POINT-ID    ELEMENT-ID     SOURCE             T1             T2             T3             R1             R2             R3
         24            14    QUAD4          1.740757E-07  -1.074300E-05   7.796031E+02   1.410344E+03  -8.974603E-10   6.960079E-11
         24                  *TOTALS*       1.319495E-06   2.609709E-06   2.173181E+02   1.273543E-08  -9.362856E-10   2.532506E-10
0        25            14    QUAD4         -6.173277E-07   4.866593E-06  -7.796031E+02  -1.361619E+03  -4.754044E-09  -2.064213E-10
         25            15    QUAD4         -1.160519E-07  -6.421206E-06  -7.796031E+02  -1.361619E+03  -1.157422E-08  -2.028702E-10
         25            17    QUAD4          6.401367E-07   3.922621E-07   9.894132E+02   1.361619E+03   8.810014E-09  -3.112198E-10
         25            20    QUAD4          1.179674E-06   8.774708E-07   9.894132E+02   1.361619E+03  -4.848934E-09  -3.076687E-10
         25                  *TOTALS*       1.086431E-06  -2.848798E-07   4.196202E+02  -3.414971E-08  -1.236718E-08  -1.028180E-09
0        26            15    QUAD4          4.291843E-07   1.219310E-05   7.796031E+02   1.410344E+03   6.234095E-09   2.252628E-11
         26            16    QUAD4          8.036042E-07  -1.327471E-05  -5.622850E+02  -1.410344E+03  -2.663798E-09   1.390704E-10
         26                  *TOTALS*       1.232788E-06  -1.081612E-06   2.173181E+02   1.688704E-09   3.570297E-09   1.615967E-10
0        27            13    QUAD4          9.650747E-07   2.716131E-06  -5.622850E+02  -1.410344E+03  -1.486640E-08  -5.087124E-11
         27            14    QUAD4         -8.087767E-07  -6.458304E-06   7.796031E+02   1.410344E+03  -6.602515E-09  -1.656308E-10
         27            15    QUAD4         -7.713171E-08   5.553274E-06   7.796031E+02   1.410344E+03   5.739650E-09  -1.641560E-10
         27            16    QUAD4          1.404259E-06  -2.514928E-06  -5.622850E+02  -1.410344E+03   5.923267E-09  -4.939647E-11
         27                  *TOTALS*       1.483425E-06  -7.038269E-07   4.346363E+02  -1.501076E-08  -9.806002E-09  -4.300546E-10
0        28            17    QUAD4         -9.450502E-07   3.224610E-06  -9.894132E+02  -1.299780E+03  -2.764448E-08  -4.593577E-10
         28            18    QUAD4         -8.946055E-07  -5.752656E-06   1.189695E+03   1.299780E+03  -6.233716E-09  -5.201397E-10
         28                  *TOTALS*      -1.839656E-06  -2.528045E-06   2.002815E+02  -4.840786E-09  -3.387819E-08  -9.794974E-10
0        29            18    QUAD4          9.176852E-07   1.184554E-06  -1.189695E+03  -1.225424E+03   5.628804E-09   2.139978E-10
         29            19    QUAD4          1.666910E-06   7.932929E-07  -1.189695E+03  -1.225424E+03   9.723153E-10   2.134805E-10
         29            21    QUAD4         -6.046145E-09  -7.857208E-06   1.378519E+03   1.225424E+03  -2.295886E-08   9.620511E-11
         29            24    QUAD4         -7.054084E-07   8.067264E-06   1.378519E+03   1.225424E+03  -1.621262E-08   9.568786E-11
         29                  *TOTALS*       1.873141E-06   2.187902E-06   3.776483E+02   9.086534E-09  -3.257036E-08   6.193713E-10
0        30            19    QUAD4         -1.371263E-06   3.388924E-06   1.189695E+03   1.299780E+03   1.134255E-08   1.515132E-10
         30            20    QUAD4         -7.379449E-07  -5.083841E-06  -9.894132E+02  -1.299780E+03  -6.421992E-09   2.138269E-10
         30                  *TOTALS*      -2.109208E-06  -1.694917E-06   2.002815E+02  -3.793957E-09   4.920563E-09   3.653401E-10
0        31            17    QUAD4         -2.471531E-06   8.126846E-06  -9.894132E+02  -1.299780E+03  -2.849715E-08   1.393733E-10
         31            18    QUAD4         -1.788921E-06  -7.901104E-06   1.189695E+03   1.299780E+03  -1.037604E-08   7.816183E-11
         31            19    QUAD4         -2.658099E-06   9.257324E-06   1.189695E+03   1.299780E+03   4.240386E-09   6.988755E-11
         31            20    QUAD4         -1.740519E-06  -7.072554E-06  -9.894132E+02  -1.299780E+03  -1.941539E-08   1.310990E-10
         31                  *TOTALS*      -8.659070E-06   2.410511E-06   4.005631E+02  -1.096123E-08  -5.404820E-08   4.185216E-10
0        32            21    QUAD4         -8.870249E-07   1.484768E-05  -1.378519E+03  -1.139267E+03   2.948580E-08   1.676827E-11
         32            22    QUAD4         -5.233675E-07  -1.421346E-05   1.554067E+03   1.139267E+03  -7.683564E-09  -1.164872E-10
         32                  *TOTALS*      -1.410392E-06   6.342153E-07   1.755482E+02  -1.921990E-09   2.180224E-08  -9.971890E-11
0        33            22    QUAD4         -3.330005E-07   8.286032E-06  -1.554067E+03  -1.042138E+03   1.820960E-08   1.789081E-11
         33            23    QUAD4         -1.674758E-06  -8.458085E-06  -1.554067E+03  -1.042138E+03  -1.681391E-10   1.372925E-11
         33            25    QUAD4         -1.620330E-06  -8.877342E-06   1.714649E+03   1.042138E+03   3.353364E-08  -8.988143E-11
         33            28    QUAD4         -2.027073E-06   9.959167E-06   1.714649E+03   1.042138E+03   3.683571E-09  -9.404298E-11
         33                  *TOTALS*      -5.655162E-06   9.097721E-07   3.211634E+02  -7.329163E-09   5.525868E-08  -1.523043E-10
1                                                                              JUNE  20, 2025  MSC Nastran 11/21/24   PAGE    58
                                                                                                                                    
0                                                                                                            SUBCASE 2              
      EIGENVALUE =  9.258604E+03
      CYCLES =  1.531415E+01
                   MODE               1
                                          G R I D   P O I N T   F O R C E   B A L A N C E
 
   POINT-ID    ELEMENT-ID     SOURCE             T1             T2             T3             R1             R2             R3
0        34            23    QUAD4          1.740041E-06   1.476704E-05   1.554067E+03   1.139267E+03  -5.890519E-09  -6.391276E-11
         34            24    QUAD4          9.774471E-07  -1.484821E-05  -1.378519E+03  -1.139267E+03   2.984414E-08   7.248160E-11
         34                  *TOTALS*       2.717488E-06  -8.116833E-08   1.755482E+02  -6.357141E-09   2.395362E-08   8.568838E-12
0        35            21    QUAD4          1.853708E-06   5.453234E-06  -1.378519E+03  -1.139267E+03   1.857201E-08   2.898586E-10
         35            22    QUAD4          2.263369E-06  -3.949801E-06   1.554067E+03   1.139267E+03  -1.096799E-08   1.539761E-10
         35            23    QUAD4          1.246005E-07   3.774872E-06   1.554067E+03   1.139267E+03   5.651346E-09   1.575678E-10
         35            24    QUAD4         -2.220545E-07  -6.197961E-06  -1.378519E+03  -1.139267E+03   4.532508E-08   2.934502E-10
         35                  *TOTALS*       4.019623E-06  -9.196555E-07   3.510965E+02  -8.124516E-09   5.858045E-08   8.948528E-10
0        36            25    QUAD4          1.963102E-06   1.518440E-05  -1.714649E+03  -9.349723E+02  -2.709159E-08  -2.089132E-10
         36            26    QUAD4          7.372537E-07  -1.586163E-05   1.858718E+03   9.349723E+02   2.433247E-08  -3.504175E-10
         36                  *TOTALS*       2.700355E-06  -6.772324E-07   1.440687E+02  -9.097334E-09  -2.759123E-09  -5.593307E-10
0        37            26    QUAD4          7.565820E-07   8.972374E-06  -1.858718E+03  -8.188025E+02  -1.515008E-08  -1.311250E-10
         37            27    QUAD4         -1.866688E-06  -7.257531E-06  -1.858718E+03  -8.188025E+02  -5.775030E-09  -1.316176E-10
         37            29    QUAD4          2.972642E-06   2.165930E-07   1.984886E+03   8.188025E+02  -3.701695E-09  -2.370625E-10
         37            32    QUAD4          2.207690E-06  -2.640906E-06   1.984886E+03   8.188025E+02   1.110313E-08  -2.375551E-10
         37                  *TOTALS*       4.070226E-06  -7.094697E-07   2.523365E+02   4.768185E-08  -1.352368E-08  -7.373602E-10
0        38            27    QUAD4          1.101354E-06   1.395778E-05   1.858718E+03   9.349723E+02   1.902882E-08  -1.877190E-10
         38            28    QUAD4          1.845166E-06  -1.627357E-05  -1.714649E+03  -9.349723E+02  -2.534279E-08  -5.039427E-11
         38                  *TOTALS*       2.946520E-06  -2.315789E-06   1.440687E+02  -9.599148E-09  -6.313970E-09  -2.381133E-10
0        39            25    QUAD4         -8.030633E-08   4.141443E-06  -1.714649E+03  -9.349723E+02  -2.028515E-08   8.421289E-11
         39            26    QUAD4          9.644546E-07  -4.757033E-06   1.858718E+03   9.349723E+02   1.186986E-08  -5.453511E-11
         39            27    QUAD4         -6.714420E-07   6.194381E-06   1.858718E+03   9.349723E+02   2.707689E-08  -5.857666E-11
         39            28    QUAD4          1.230151E-06  -2.281301E-06  -1.714649E+03  -9.349723E+02  -3.009907E-08   8.017134E-11
         39                  *TOTALS*       1.442857E-06   3.297491E-06   2.881374E+02   1.807803E-08  -1.143747E-08   5.127246E-11
0        40            29    QUAD4         -1.573214E-06   3.234914E-06  -1.984886E+03  -6.947471E+02   3.167092E-08   1.589490E-10
         40            30    QUAD4         -1.613453E-07  -1.351673E-06   2.091938E+03   6.947471E+02  -1.221069E-09   1.245570E-10
         40                  *TOTALS*      -1.734559E-06   1.883241E-06   1.070527E+02  -6.797677E-09   3.044985E-08   2.835060E-10
0        41             1    QUAD4          7.570317E-07   5.801700E-08   2.178845E+03   5.640009E+02   3.396570E-09   2.720046E-12
         41             4    QUAD4          3.758547E-07  -2.505089E-06   2.178845E+03   5.640009E+02  -6.994053E-09   3.887782E-12
         41            30    QUAD4          1.232637E-06   5.533611E-07  -2.091938E+03  -5.640009E+02   1.191362E-09   2.119021E-11
         41            31    QUAD4         -5.057191E-07  -1.755287E-06  -2.091938E+03  -5.640009E+02   5.727176E-09   2.235795E-11
         41                  *TOTALS*       1.859804E-06  -3.648998E-06   1.738124E+02  -5.231868E-09   3.321056E-09   5.015599E-11
0        42            31    QUAD4         -1.665324E-06   2.982938E-06   2.091938E+03   6.947471E+02  -3.164747E-08   4.904420E-12
         42            32    QUAD4         -4.383589E-06  -3.009140E-07  -1.984886E+03  -6.947471E+02  -3.825074E-09   2.906738E-11
         42                  *TOTALS*      -6.048913E-06   2.682024E-06   1.070527E+02  -1.898400E-08  -3.547254E-08   3.397180E-11
0        43            29    QUAD4         -9.819697E-07   6.139549E-06  -1.984886E+03  -6.947471E+02   2.308780E-08  -1.785524E-10
         43            30    QUAD4         -2.165002E-07  -1.497995E-06   2.091938E+03   6.947471E+02  -9.344254E-09  -2.092343E-10
         43            31    QUAD4          2.248662E-06   2.896729E-07   2.091938E+03   6.947471E+02  -1.369307E-08  -1.995240E-10
1                                                                              JUNE  20, 2025  MSC Nastran 11/21/24   PAGE    59
                                                                                                                                    
0                                                                                                            SUBCASE 2              
      EIGENVALUE =  9.258604E+03
      CYCLES =  1.531415E+01
                   MODE               1
                                          G R I D   P O I N T   F O R C E   B A L A N C E
 
   POINT-ID    ELEMENT-ID     SOURCE             T1             T2             T3             R1             R2             R3
         43            32    QUAD4         -5.020765E-07  -9.557236E-06  -1.984886E+03  -6.947471E+02   1.814765E-08  -1.688421E-10
         43                  *TOTALS*       5.481153E-07  -4.626008E-06   2.141054E+02   2.080492E-08   1.819813E-08  -7.561528E-10
0        44             1    QUAD4          8.777955E-07   5.274074E-07  -2.178845E+03  -4.278232E+02   7.638810E-09   4.655229E-10
         44             2    QUAD4         -1.954869E-06  -4.976740E-07   2.244767E+03   4.278232E+02   8.926655E-09   4.400755E-10
         44                  *TOTALS*      -1.077073E-06   2.973332E-08   6.592274E+01  -2.357410E-09   1.656546E-08   9.055984E-10
0        45             2    QUAD4          3.722829E-06  -3.329460E-06  -2.244767E+03  -2.875252E+02  -1.282154E-08  -3.320218E-11
         45             3    QUAD4          1.486669E-06   3.753270E-06  -2.244767E+03  -2.875252E+02   1.361276E-08  -3.368937E-11
         45             5    QUAD4          4.783971E-06   4.460608E-06   2.289072E+03   2.875252E+02  -1.046054E-08  -1.532661E-10
         45             8    QUAD4          7.630963E-07  -2.986162E-06   2.289072E+03   2.875252E+02  -1.959309E-09  -1.537533E-10
         45                  *TOTALS*       1.075657E-05   1.898257E-06   8.860880E+01   1.068435E-08  -1.162863E-08  -3.739110E-10
0        46             3    QUAD4         -3.481214E-06   3.401188E-07   2.244767E+03   4.278232E+02  -1.902647E-08   3.192195E-12
         46             4    QUAD4         -1.975679E-06   2.102893E-06  -2.178845E+03  -4.278232E+02  -6.021032E-09   1.814523E-11
         46                  *TOTALS*      -5.456893E-06   2.443012E-06   6.592273E+01   9.205110E-09  -2.504750E-08   2.133743E-11
0        47             1    QUAD4         -1.406784E-06   1.279414E-06  -2.178845E+03  -4.278232E+02   1.900684E-08  -1.428451E-10
         47             2    QUAD4         -3.950461E-06  -1.143788E-05   2.244767E+03   4.278232E+02   6.790507E-09  -1.631927E-10
         47             3    QUAD4         -2.600035E-06   1.145601E-05   2.244767E+03   4.278232E+02  -8.460646E-09  -1.581632E-10
         47             4    QUAD4         -3.221367E-07  -3.248012E-06  -2.178845E+03  -4.278232E+02  -1.963999E-08  -1.378155E-10
         47                  *TOTALS*      -8.279417E-06  -1.950463E-06   1.318455E+02   3.851596E-09  -2.303291E-09  -6.020165E-10
0        48             5    QUAD4         -3.585847E-06  -3.133452E-07  -2.289072E+03  -1.444582E+02   1.139737E-08   1.491383E-10
         48             6    QUAD4          7.309841E-07  -2.272272E-06   2.311331E+03   1.444582E+02  -7.049791E-09   1.216276E-10
         48                  *TOTALS*      -2.854863E-06  -2.585617E-06   2.225938E+01  -2.345473E-09   4.347582E-09   2.707659E-10
0        49             6    QUAD4          1.927130E-07   1.949902E-06  -2.311331E+03   2.033541E-08  -2.418242E-08  -1.915523E-10
         49             7    QUAD4         -6.510007E-07   1.120556E-06  -2.311331E+03  -1.225844E-08  -1.302349E-08  -1.931172E-10
         49                  *TOTALS*      -4.582877E-07   3.070458E-06  -4.622662E+03   8.076973E-09  -3.720591E-08  -3.846696E-10
0        50             7    QUAD4         -8.228216E-09  -1.159886E-06   2.311331E+03   1.444582E+02  -2.874031E-08   2.822722E-10
         50             8    QUAD4         -2.031954E-06  -1.564533E-06  -2.289072E+03  -1.444582E+02  -2.071564E-08   3.037163E-10
         50                  *TOTALS*      -2.040183E-06  -2.724419E-06   2.225938E+01  -9.741484E-09  -4.945595E-08   5.859885E-10
0        51             5    QUAD4         -3.297324E-06   1.272623E-05  -2.289072E+03  -1.444582E+02   2.046416E-08  -6.343615E-11
         51             6    QUAD4          4.698751E-07   1.032355E-06   2.311331E+03   1.444582E+02   6.349842E-09  -8.776222E-11
         51             7    QUAD4         -7.532230E-07   7.549796E-07   2.311331E+03   1.444582E+02  -5.177241E-08  -9.604201E-11
         51             8    QUAD4         -4.037476E-06  -1.218693E-05  -2.289072E+03  -1.444582E+02  -3.549289E-08  -7.171594E-11
         51                  *TOTALS*      -7.618148E-06   2.326634E-06   4.451874E+01   6.935579E-09  -6.045130E-08  -3.189563E-10
1                                                                              JUNE  20, 2025  MSC Nastran 11/21/24   PAGE    60
                                                                                                                                    
0                                                                                                            SUBCASE 2              
      EIGENVALUE =  7.715005E+04
      CYCLES =  4.420671E+01
                   MODE               2
                                          G R I D   P O I N T   F O R C E   B A L A N C E
 
   POINT-ID    ELEMENT-ID     SOURCE             T1             T2             T3             R1             R2             R3
          1                  F-OF-SPC       9.469782E+02   9.829228E+05   2.069569E-05   3.278995E-06   0.0           -4.794724E+00
          1             9    QUAD4         -9.469782E+02  -9.829228E+05  -2.069569E-05  -3.278995E-06  -3.673971E-08   4.794724E+00
          1                  *TOTALS*       2.330580E-10   0.0            3.388132E-20  -1.694066E-21  -3.673971E-08   0.0
0         2            27    QUAD4          1.550144E+04   5.460826E+05   2.217164E-05  -1.840137E-06  -1.158115E-08  -2.663806E+00
          2            32    QUAD4         -1.655367E+04  -5.460826E+05   7.958165E-06   2.007149E-06   5.660472E-08   2.663806E+00
          2                  *TOTALS*      -1.052225E+03   4.792819E-06   3.012981E-05   1.670123E-07   4.502358E-08   7.499921E-09
0         3            26    QUAD4          1.550144E+04  -5.460826E+05   4.279181E-05  -2.206393E-06  -1.643207E-07  -2.663806E+00
          3            29    QUAD4         -1.655367E+04   5.460826E+05   1.180337E-05   2.578298E-06   2.249930E-09   2.663806E+00
          3                  *TOTALS*      -1.052225E+03   8.806819E-07   5.459518E-05   3.719058E-07  -1.620708E-07  -6.423254E-09
0         4             7    QUAD4          1.927617E+04  -3.989786E-06  -1.246890E-05  -9.779256E-08   9.614608E-08  -1.432227E-09
          4                  *TOTALS*       1.927617E+04  -3.989786E-06  -1.246890E-05  -9.779256E-08   9.614608E-08  -1.432227E-09
0         5                  F-OF-SPC       0.0           -9.829228E+05   2.149221E-06   2.939863E-06   0.0           -4.794724E+00
          5            10    QUAD4         -9.469778E+02   9.829228E+05  -2.149221E-06  -2.939863E-06  -2.071247E-07   4.794724E+00
          5                  *TOTALS*      -9.469778E+02   0.0           -7.919758E-20   1.694066E-21  -2.071247E-07  -8.881784E-16
0         6            19    QUAD4          9.921886E+03   8.172704E+05   5.224435E-05  -2.035813E-06   1.440077E-07  -3.986667E+00
          6            24    QUAD4         -1.149665E+04  -8.172704E+05  -2.919608E-05   1.980141E-06  -4.895652E-08   3.986667E+00
          6                  *TOTALS*      -1.574766E+03   2.007221E-05   2.304827E-05  -5.567141E-08   9.505114E-08  -5.820439E-09
0         7            14    QUAD4          6.501780E+03  -9.081022E+05  -3.689914E-05   9.727821E-07   8.306482E-09  -4.429747E+00
          7            17    QUAD4         -8.251566E+03   9.081022E+05  -2.051078E-05  -1.107008E-06  -8.421575E-08   4.429747E+00
          7                  *TOTALS*      -1.749787E+03   1.988362E-05  -5.740992E-05  -1.342263E-07  -7.590927E-08  -2.917666E-10
0         8            23    QUAD4          1.296070E+04   6.950313E+05  -3.744719E-05  -2.882912E-06  -8.151250E-08  -3.390382E+00
          8            28    QUAD4         -1.429993E+04  -6.950313E+05   2.957015E-05   2.907841E-06   1.157391E-07   3.390382E+00
          8                  *TOTALS*      -1.339229E+03   1.818174E-05  -7.877049E-06   2.492933E-08   3.422661E-08  -1.822912E-09
0         9            12    QUAD4          2.831813E+03   9.640362E+05  -2.268706E-05   3.400610E-06   8.289140E-09  -4.702595E+00
          9            16    QUAD4         -4.689377E+03  -9.640362E+05  -3.513423E-05  -3.270851E-06   2.314547E-07   4.702595E+00
          9                  *TOTALS*      -1.857564E+03   2.986519E-05  -5.782128E-05   1.297592E-07   2.397438E-07   4.072319E-09
0        10            11    QUAD4          2.831813E+03  -9.640362E+05  -3.176500E-06   3.598293E-06  -1.964290E-07  -4.702595E+00
         10            13    QUAD4         -4.689377E+03   9.640362E+05  -6.794964E-05  -3.540558E-06   1.584776E-07   4.702595E+00
         10                  *TOTALS*      -1.857564E+03  -1.079845E-05  -7.112614E-05   5.773495E-08  -3.795144E-08   8.117294E-10
0        11            18    QUAD4          9.921886E+03  -8.172704E+05   4.487330E-05  -2.207666E-06  -4.879611E-08  -3.986667E+00
         11            21    QUAD4         -1.149665E+04   8.172704E+05  -7.645994E-06   2.158214E-06  -1.521950E-07   3.986667E+00
         11                  *TOTALS*      -1.574766E+03  -5.364651E-06   3.722730E-05  -4.945211E-08  -2.009911E-07   8.768470E-09
0        12             6    QUAD4          1.927617E+04  -7.097423E-07  -6.953256E-06  -5.964994E-08   2.661169E-07  -2.427782E-09
         12                  *TOTALS*       1.927617E+04  -7.097423E-07  -6.953256E-06  -5.964994E-08   2.661169E-07  -2.427782E-09
0        13             4    QUAD4         -1.817126E+04  -3.761483E+05  -2.846614E-06   2.683003E-06  -1.133887E-07   1.834861E+00
         13            31    QUAD4          1.744647E+04   3.761483E+05   1.410101E-05  -2.414977E-06  -9.685955E-08  -1.834861E+00
1                                                                              JUNE  20, 2025  MSC Nastran 11/21/24   PAGE    61
                                                                                                                                    
0                                                                                                            SUBCASE 2              
      EIGENVALUE =  7.715005E+04
      CYCLES =  4.420671E+01
                   MODE               2
                                          G R I D   P O I N T   F O R C E   B A L A N C E
 
   POINT-ID    ELEMENT-ID     SOURCE             T1             T2             T3             R1             R2             R3
         13                  *TOTALS*      -7.247854E+02  -8.667412E-06   1.125439E-05   2.680257E-07  -2.102482E-07   9.572148E-10
0        14             3    QUAD4          1.872104E+04   1.917587E+05  -1.306836E-05  -1.824639E-06   1.315313E-07  -9.354042E-01
         14             8    QUAD4         -1.909053E+04  -1.917587E+05   2.996673E-05   1.975277E-06   2.023442E-07   9.354042E-01
         14                  *TOTALS*      -3.694923E+02   2.572100E-05   1.689837E-05   1.506378E-07   3.338756E-07   3.948543E-09
0        15            22    QUAD4          1.296070E+04  -6.950313E+05   4.795126E-05  -3.835768E-06  -1.629451E-07  -3.390382E+00
         15            25    QUAD4         -1.429993E+04   6.950313E+05   8.639404E-05   3.927108E-06   2.112532E-08   3.390382E+00
         15                  *TOTALS*      -1.339229E+03   1.771434E-05   1.343453E-04   9.133970E-08  -1.418198E-07   6.289172E-09
0        16             2    QUAD4          1.872104E+04  -1.917587E+05  -3.073513E-05  -1.473768E-06   1.521404E-07  -9.354042E-01
         16             5    QUAD4         -1.909053E+04   1.917587E+05   8.557333E-06   1.435494E-06   2.068963E-07   9.354042E-01
         16                  *TOTALS*      -3.694924E+02  -1.835224E-05  -2.217779E-05  -3.827395E-08   3.590367E-07   6.593365E-10
0        17            15    QUAD4          6.501780E+03   9.081022E+05   1.548722E-05   2.376919E-07   1.067886E-07  -4.429747E+00
         17            20    QUAD4         -8.251566E+03  -9.081022E+05   2.529902E-05  -2.320608E-07   2.022531E-07   4.429747E+00
         17                  *TOTALS*      -1.749787E+03  -1.712737E-05   4.078624E-05   5.631165E-09   3.090418E-07   1.400751E-08
0        18             1    QUAD4         -1.817126E+04   3.761483E+05  -8.310051E-06   2.580297E-06   3.363022E-08   1.834861E+00
         18            30    QUAD4          1.744647E+04  -3.761483E+05   2.361437E-05  -2.478688E-06   1.480119E-08  -1.834861E+00
         18                  *TOTALS*      -7.247854E+02  -2.585817E-06   1.530432E-05   1.016093E-07   4.843141E-08  -4.508720E-09
0        19                  F-OF-SPC       0.0           -8.674014E-05   8.348790E-06   6.479839E-06   0.0           -9.589448E+00
         19             9    QUAD4         -9.469775E+02  -4.881986E+05  -2.183364E-06  -3.357138E-06  -2.325952E-08   4.794724E+00
         19            10    QUAD4         -9.469779E+02   4.881986E+05  -6.165426E-06  -3.122701E-06  -1.035956E-07   4.794724E+00
         19                  *TOTALS*      -1.893955E+03   0.0           -1.202787E-19  -2.964615E-21  -1.268551E-07   0.0
0        20            10    QUAD4          9.469779E+02  -9.781897E+05  -1.432781E-05   2.849607E-06  -8.198662E-08  -4.771636E+00
         20            11    QUAD4         -2.831813E+03   9.781897E+05  -3.786813E-06  -2.762454E-06  -4.696497E-08   4.771636E+00
         20                  *TOTALS*      -1.884836E+03   8.451636E-06  -1.811462E-05   8.715327E-08  -1.289516E-07   2.204050E-10
0        21            11    QUAD4          2.831813E+03  -4.929175E+05  -1.423664E-05   3.239110E-06   4.705615E-09  -4.702595E+00
         21            12    QUAD4          2.831813E+03   4.929175E+05  -6.636973E-06   3.399921E-06  -1.213527E-07  -4.702595E+00
         21            13    QUAD4         -4.689377E+03   4.647185E+05  -5.471147E-05  -3.604416E-06   2.515974E-07   4.702595E+00
         21            16    QUAD4         -4.689377E+03  -4.647185E+05  -5.867732E-05  -3.315868E-06   2.042867E-07   4.702595E+00
         21                  *TOTALS*      -3.715127E+03  -1.604261E-05  -1.342624E-04  -2.812535E-07   3.392370E-07   5.573924E-09
0        22             9    QUAD4          9.469778E+02   9.781897E+05   1.795774E-05   2.668384E-06   3.760407E-08  -4.771636E+00
         22            12    QUAD4         -2.831813E+03  -9.781897E+05   2.367648E-05  -2.414688E-06   5.332454E-08   4.771636E+00
         22                  *TOTALS*      -1.884836E+03  -1.414644E-05   4.163422E-05   2.536962E-07   9.092861E-08  -1.603384E-09
0        23             9    QUAD4          9.469780E+02   4.929316E+05   4.921318E-06   2.537808E-06   9.084401E-08  -4.771636E+00
         23            10    QUAD4          9.469778E+02  -4.929316E+05   2.264245E-05   2.693291E-06  -1.921884E-08  -4.771636E+00
         23            11    QUAD4         -2.831813E+03   4.787639E+05   2.119995E-05  -2.986627E-06   6.460556E-08   4.771636E+00
         23            12    QUAD4         -2.831814E+03  -4.787639E+05   5.647551E-06  -2.553091E-06   3.500347E-08   4.771636E+00
         23                  *TOTALS*      -3.769671E+03   1.235522E-05   5.441128E-05  -3.086190E-07   1.712342E-07  -4.910596E-09
0        24            13    QUAD4          4.689377E+03  -9.405984E+05   8.183814E-05  -3.001304E-07   2.079839E-08  -4.588265E+00
1                                                                              JUNE  20, 2025  MSC Nastran 11/21/24   PAGE    62
                                                                                                                                    
0                                                                                                            SUBCASE 2              
      EIGENVALUE =  7.715005E+04
      CYCLES =  4.420671E+01
                   MODE               2
                                          G R I D   P O I N T   F O R C E   B A L A N C E
 
   POINT-ID    ELEMENT-ID     SOURCE             T1             T2             T3             R1             R2             R3
         24            14    QUAD4         -6.501780E+03   9.405984E+05   3.579245E-05   2.831667E-07   2.790655E-08   4.588265E+00
         24                  *TOTALS*      -1.812402E+03   9.695534E-06   1.176306E-04  -1.696372E-08   4.870494E-08  -3.571672E-09
0        25            14    QUAD4          6.501780E+03  -4.786938E+05   3.284450E-06   7.583833E-07   4.225695E-08  -4.429747E+00
         25            15    QUAD4          6.501779E+03   4.786938E+05  -1.781773E-05   5.589337E-07   1.612630E-07  -4.429747E+00
         25            17    QUAD4         -8.251566E+03   4.233796E+05   2.152387E-05  -8.448199E-07   9.111895E-08   4.429747E+00
         25            20    QUAD4         -8.251566E+03  -4.233796E+05   2.843959E-06  -5.463540E-07   6.125932E-08   4.429747E+00
         25                  *TOTALS*      -3.499573E+03  -2.754229E-05   9.834544E-06  -7.385687E-08   3.558982E-07   2.165614E-08
0        26            15    QUAD4         -6.501779E+03  -9.405984E+05  -2.317297E-05  -5.093777E-07  -1.516778E-07   4.588265E+00
         26            16    QUAD4          4.689377E+03   9.405984E+05   2.290160E-05   4.273019E-07  -1.582761E-07  -4.588265E+00
         26                  *TOTALS*      -1.812402E+03   2.598809E-05  -2.713747E-07  -8.207580E-08  -3.099539E-07   4.053273E-09
0        27            13    QUAD4          4.689377E+03  -4.881562E+05   4.082297E-05  -2.212149E-07  -8.366079E-08  -4.588265E+00
         27            14    QUAD4         -6.501780E+03   4.461976E+05  -2.177757E-06   8.658593E-08  -1.061373E-07   4.588265E+00
         27            15    QUAD4         -6.501780E+03  -4.461976E+05   2.550349E-05  -1.415908E-07   7.576997E-08   4.588265E+00
         27            16    QUAD4          4.689377E+03   4.881562E+05   7.090995E-05   2.961952E-07   2.835046E-08  -4.588265E+00
         27                  *TOTALS*      -3.624805E+03  -2.990785E-05   1.350586E-04   1.997548E-08  -8.567766E-08   1.058909E-08
0        28            17    QUAD4          8.251566E+03  -8.668605E+05   1.267233E-05   9.150176E-07  -1.757946E-07  -4.228569E+00
         28            18    QUAD4         -9.921886E+03   8.668605E+05  -4.707637E-05  -1.025279E-06  -6.311983E-08   4.228569E+00
         28                  *TOTALS*      -1.670320E+03   1.449091E-05  -3.440404E-05  -1.102614E-07  -2.389144E-07  -3.924470E-10
0        29            18    QUAD4          9.921886E+03  -4.460742E+05   5.761539E-05  -2.105354E-06   2.300233E-08  -3.986667E+00
         29            19    QUAD4          9.921886E+03   4.460742E+05   5.712838E-05  -1.990122E-06   5.990791E-08  -3.986667E+00
         29            21    QUAD4         -1.149665E+04   3.657704E+05  -1.322968E-05   2.014514E-06  -1.104800E-07   3.986667E+00
         29            24    QUAD4         -1.149665E+04  -3.657704E+05  -9.744026E-06   2.125745E-06  -3.478923E-08   3.986667E+00
         29                  *TOTALS*      -3.149533E+03  -6.659172E-05   9.177007E-05   4.478325E-08  -6.235902E-08   1.089051E-08
0        30            19    QUAD4         -9.921886E+03  -8.668605E+05  -7.607050E-05  -1.523040E-06   2.633899E-07   4.228569E+00
         30            20    QUAD4          8.251566E+03   8.668605E+05  -4.327416E-05   1.355826E-06   1.746774E-07  -4.228569E+00
         30                  *TOTALS*      -1.670320E+03   3.616465E-05  -1.193447E-04  -1.672145E-07   4.380674E-07   6.216780E-09
0        31            17    QUAD4          8.251566E+03  -4.646213E+05  -1.368542E-05   1.100129E-06  -2.706993E-08  -4.228569E+00
         31            18    QUAD4         -9.921886E+03   3.964841E+05  -5.541232E-05  -1.067244E-06   3.383666E-08   4.228569E+00
         31            19    QUAD4         -9.921886E+03  -3.964841E+05  -3.330223E-05  -1.286820E-06   1.283483E-07   4.228569E+00
         31            20    QUAD4          8.251566E+03   4.646213E+05   1.513119E-05   1.181525E-06   1.118879E-08  -4.228569E+00
         31                  *TOTALS*      -3.340639E+03  -9.738666E-06  -8.726878E-05  -7.241071E-08   1.463038E-07  -1.441452E-08
0        32            21    QUAD4          1.149665E+04  -7.598096E+05  -4.007494E-06  -2.590983E-06  -3.272587E-08  -3.706372E+00
         32            22    QUAD4         -1.296070E+04   7.598096E+05  -4.336450E-05   2.507505E-06   1.777511E-07   3.706372E+00
         32                  *TOTALS*      -1.464047E+03   2.499111E-05  -4.737200E-05  -8.347852E-08   1.450252E-07   1.046838E-08
0        33            22    QUAD4          1.296070E+04  -3.963122E+05  -1.063944E-05  -3.662210E-06  -1.168619E-07  -3.390382E+00
         33            23    QUAD4          1.296070E+04   3.963122E+05   2.883565E-05  -3.070479E-06  -8.702857E-08  -3.390382E+00
         33            25    QUAD4         -1.429993E+04   2.941048E+05   4.137242E-05   3.189995E-06   9.712920E-08   3.390382E+00
         33            28    QUAD4         -1.429993E+04  -2.941048E+05   7.249230E-05   3.170712E-06   3.662514E-08   3.390382E+00
         33                  *TOTALS*      -2.678458E+03  -1.513568E-05   1.320609E-04  -3.719832E-07  -7.013616E-08  -1.463178E-09
1                                                                              JUNE  20, 2025  MSC Nastran 11/21/24   PAGE    63
                                                                                                                                    
0                                                                                                            SUBCASE 2              
      EIGENVALUE =  7.715005E+04
      CYCLES =  4.420671E+01
                   MODE               2
                                          G R I D   P O I N T   F O R C E   B A L A N C E
 
   POINT-ID    ELEMENT-ID     SOURCE             T1             T2             T3             R1             R2             R3
0        34            23    QUAD4         -1.296070E+04  -7.598096E+05   2.971349E-05   3.314385E-06   1.551164E-07   3.706372E+00
         34            24    QUAD4          1.149665E+04   7.598096E+05   3.433734E-05  -3.432619E-06  -5.313909E-08  -3.706372E+00
         34                  *TOTALS*      -1.464047E+03   5.079003E-05   6.405083E-05  -1.182340E-07   1.019774E-07   2.472945E-09
0        35            21    QUAD4          1.149665E+04  -4.232312E+05   2.488316E-05  -2.886474E-06   4.063709E-09  -3.706372E+00
         35            22    QUAD4         -1.296070E+04   3.315340E+05   6.052687E-06   2.658485E-06   2.167248E-07   3.706372E+00
         35            23    QUAD4         -1.296070E+04  -3.315340E+05  -2.110195E-05   3.177228E-06   2.067672E-07   3.706372E+00
         35            24    QUAD4          1.149665E+04   4.232312E+05   4.602767E-06  -3.107025E-06   8.353368E-09  -3.706372E+00
         35                  *TOTALS*      -2.928095E+03  -5.305902E-05   1.443667E-05  -1.577858E-07   4.359091E-07   5.859910E-09
0        36            25    QUAD4          1.429993E+04  -6.235596E+05  -8.050695E-05   7.702338E-07  -3.494614E-08  -3.041741E+00
         36            26    QUAD4         -1.550144E+04   6.235596E+05  -5.470525E-05  -5.085326E-07  -2.354128E-08   3.041741E+00
         36                  *TOTALS*      -1.201513E+03   5.410518E-06  -1.352122E-04   2.617012E-07  -5.848742E-08  -7.899462E-09
0        37            26    QUAD4          1.550144E+04  -3.313202E+05   4.595712E-05  -2.305336E-06  -1.529375E-07  -2.663806E+00
         37            27    QUAD4          1.550144E+04   3.313202E+05   4.735895E-05  -2.351662E-06  -8.862840E-08  -2.663806E+00
         37            29    QUAD4         -1.655367E+04   2.111370E+05   1.338629E-05   2.032082E-06  -2.001948E-08   2.663806E+00
         37            32    QUAD4         -1.655367E+04  -2.111370E+05   1.183278E-05   2.262786E-06   3.618081E-08   2.663806E+00
         37                  *TOTALS*      -2.104451E+03  -1.043701E-05   1.185351E-04  -3.621302E-07  -2.254046E-07   1.650463E-09
0        38            27    QUAD4         -1.550144E+04  -6.235596E+05  -1.580288E-05   2.319136E-07   1.775100E-08   3.041741E+00
         38            28    QUAD4          1.429993E+04   6.235596E+05  -3.810407E-05   6.469899E-08   7.826449E-08  -3.041741E+00
         38                  *TOTALS*      -1.201513E+03  -1.334050E-05  -5.390695E-05   2.966126E-07   9.601549E-08   4.816258E-09
0        39            25    QUAD4          1.429993E+04  -3.655766E+05  -4.725951E-05   9.806750E-08   6.386894E-08  -3.041741E+00
         39            26    QUAD4         -1.550144E+04   2.538432E+05  -3.404368E-05  -5.265469E-07   4.296344E-08   3.041741E+00
         39            27    QUAD4         -1.550144E+04  -2.538432E+05  -5.372772E-05  -3.857772E-07  -7.676065E-08   3.041741E+00
         39            28    QUAD4          1.429993E+04   3.655766E+05  -6.395837E-05   2.356506E-07  -1.728051E-08  -3.041741E+00
         39                  *TOTALS*      -2.403025E+03  -1.258112E-05  -1.989893E-04  -5.786059E-07   1.279121E-08  -1.419626E-08
0        40            29    QUAD4          1.655367E+04  -4.633466E+05  -1.370757E-05  -1.272729E-06  -1.451756E-08  -2.260217E+00
         40            30    QUAD4         -1.744647E+04   4.633466E+05  -1.299043E-05   1.559861E-06   9.913101E-08   2.260217E+00
         40                  *TOTALS*      -8.928044E+02  -3.576279E-07  -2.669800E-05   2.871322E-07   8.461346E-08   5.021496E-09
0        41             1    QUAD4         -1.817126E+04   1.200553E+05  -1.824328E-05   2.576147E-06  -2.514647E-09   1.834861E+00
         41             4    QUAD4         -1.817126E+04  -1.200553E+05  -2.150699E-05   2.316910E-06  -9.916537E-08   1.834861E+00
         41            30    QUAD4          1.744647E+04  -2.535957E+05   7.941902E-06  -2.553767E-06   3.306785E-08  -1.834861E+00
         41            31    QUAD4          1.744647E+04   2.535957E+05   1.074709E-05  -2.482244E-06  -1.027014E-07  -1.834861E+00
         41                  *TOTALS*      -1.449571E+03  -6.942544E-06  -2.106128E-05  -1.429529E-07  -1.713135E-07  -9.959095E-09
0        42            31    QUAD4         -1.744647E+04  -4.633466E+05  -6.816930E-06   1.722768E-06  -4.283543E-09   2.260217E+00
         42            32    QUAD4          1.655367E+04   4.633466E+05  -8.593542E-06  -1.614897E-06  -4.781807E-08  -2.260217E+00
         42                  *TOTALS*      -8.928044E+02   7.237773E-06  -1.541047E-05   1.078703E-07  -5.210161E-08  -1.276300E-08
0        43            29    QUAD4          1.655367E+04  -2.938730E+05  -1.148209E-05  -1.763297E-06  -1.531802E-08  -2.260217E+00
         43            30    QUAD4         -1.744647E+04   1.663974E+05  -1.856585E-05   1.500326E-06   1.185986E-07   2.260217E+00
         43            31    QUAD4         -1.744647E+04  -1.663974E+05  -1.803116E-05   1.621447E-06   2.174254E-08   2.260217E+00
1                                                                              JUNE  20, 2025  MSC Nastran 11/21/24   PAGE    64
                                                                                                                                    
0                                                                                                            SUBCASE 2              
      EIGENVALUE =  7.715005E+04
      CYCLES =  4.420671E+01
                   MODE               2
                                          G R I D   P O I N T   F O R C E   B A L A N C E
 
   POINT-ID    ELEMENT-ID     SOURCE             T1             T2             T3             R1             R2             R3
         43            32    QUAD4          1.655367E+04   2.938730E+05  -1.119740E-05  -1.418103E-06  -2.908304E-08  -2.260217E+00
         43                  *TOTALS*      -1.785609E+03  -1.260592E-05  -5.927650E-05  -5.962697E-08   9.594005E-08  -2.845056E-09
0        44             1    QUAD4          1.817126E+04  -2.853274E+05   7.078628E-06  -3.436514E-06   1.372717E-08  -1.391835E+00
         44             2    QUAD4         -1.872104E+04   2.853274E+05   3.489292E-05   3.454601E-06  -1.090874E-07   1.391835E+00
         44                  *TOTALS*      -5.497862E+02   3.910973E-06   4.197155E-05   1.808757E-08  -9.536020E-08   4.455410E-09
0        45             2    QUAD4          1.872104E+04  -1.661257E+05  -3.166998E-05  -1.525846E-06   2.115550E-07  -9.354042E-01
         45             3    QUAD4          1.872104E+04   1.661257E+05  -3.307562E-05  -1.857217E-06   3.922606E-08  -9.354042E-01
         45             5    QUAD4         -1.909053E+04   2.435994E+04   8.454552E-06   1.595031E-06   2.592729E-07   9.354042E-01
         45             8    QUAD4         -1.909053E+04  -2.435994E+04   9.862180E-06   1.903896E-06   7.000106E-08   9.354042E-01
         45                  *TOTALS*      -7.389849E+02  -5.036636E-06  -4.642886E-05   1.158630E-07   5.800551E-07  -3.028049E-10
0        46             3    QUAD4         -1.872104E+04  -2.853274E+05   1.683073E-05   3.335839E-06  -1.388543E-07   1.391835E+00
         46             4    QUAD4          1.817126E+04   2.853274E+05   1.085018E-05  -3.033444E-06  -2.684568E-08  -1.391835E+00
         46                  *TOTALS*      -5.497862E+02  -1.813436E-05   2.768090E-05   3.023951E-07  -1.657000E-07  -3.141167E-09
0        47             1    QUAD4          1.817126E+04  -2.108761E+05   1.947471E-05  -3.379514E-06  -7.562832E-08  -1.391835E+00
         47             2    QUAD4         -1.872104E+04   7.255700E+04   2.751218E-05   3.445332E-06  -1.506631E-07   1.391835E+00
         47             3    QUAD4         -1.872104E+04  -7.255700E+04   2.931325E-05   3.230015E-06  -1.259623E-07   1.391835E+00
         47             4    QUAD4          1.817126E+04   2.108761E+05   1.350342E-05  -3.488569E-06   3.931062E-08  -1.391835E+00
         47                  *TOTALS*      -1.099572E+03   1.610903E-05   8.980356E-05  -1.927360E-07  -3.129431E-07   6.701001E-09
0        48             5    QUAD4          1.909053E+04  -9.634328E+04   1.104470E-05  -1.045829E-06   3.976669E-08  -4.699651E-01
         48             6    QUAD4         -1.927617E+04   9.634328E+04   2.713943E-05   1.049670E-06   1.817298E-07   4.699651E-01
         48                  *TOTALS*      -1.856402E+02   1.565793E-05   3.818413E-05   3.840646E-09   2.214965E-07   3.263670E-09
0        49             6    QUAD4          1.927617E+04  -7.227156E+04  -2.715088E-05   6.335665E-08   5.998426E-08   3.003606E-10
         49             7    QUAD4          1.927617E+04   7.227156E+04  -1.454166E-05   1.776220E-07   3.406430E-08   1.963372E-10
         49                  *TOTALS*       3.855235E+04  -1.067745E-05  -4.169254E-05   2.409787E-07   9.404856E-08   4.966978E-10
0        50             7    QUAD4         -1.927617E+04  -9.634328E+04  -5.007019E-06   6.144647E-07   1.693703E-07   4.699651E-01
         50             8    QUAD4          1.909053E+04   9.634328E+04  -4.266273E-05  -6.868665E-07   5.611930E-08  -4.699651E-01
         50                  *TOTALS*      -1.856401E+02   4.334332E-06  -4.766975E-05  -7.240180E-08   2.254896E-07   2.919052E-09
0        51             5    QUAD4          1.909053E+04  -1.197754E+05  -2.805659E-05  -9.214531E-07  -1.588511E-08  -4.699651E-01
         51             6    QUAD4         -1.927617E+04  -2.407172E+04   6.964702E-06   1.078132E-06  -3.176565E-09   4.699651E-01
         51             7    QUAD4         -1.927617E+04   2.407172E+04   3.201758E-05   9.938658E-07   1.373173E-07   4.699651E-01
         51             8    QUAD4          1.909053E+04   1.197754E+05   2.833825E-06  -7.029986E-07  -1.106443E-08  -4.699651E-01
         51                  *TOTALS*      -3.712801E+02  -4.084884E-05   1.375952E-05   4.475458E-07   1.071912E-07  -3.426962E-09
1                                                                              JUNE  20, 2025  MSC Nastran 11/21/24   PAGE    65
                                                                                                                                    
0                                                                                                            SUBCASE 2              
      EIGENVALUE =  8.374865E+04
      CYCLES =  4.605842E+01
                   MODE               3
                                          G R I D   P O I N T   F O R C E   B A L A N C E
 
   POINT-ID    ELEMENT-ID     SOURCE             T1             T2             T3             R1             R2             R3
          1                  F-OF-SPC       1.826315E-05  -7.204179E-04   3.065903E+03   4.450080E+03   0.0            3.496505E-09
          1             9    QUAD4         -1.826315E-05   7.204179E-04  -3.065903E+03  -4.450080E+03  -2.267342E-07  -3.496505E-09
          1                  *TOTALS*      -2.134523E-19   0.0           -2.805791E-10   0.0           -2.267342E-07   0.0
0         2            27    QUAD4          1.619796E-05  -3.415554E-04   7.039244E+03  -4.364573E+03   4.212748E-07   3.177993E-09
          2            32    QUAD4          2.753874E-05   3.254319E-04  -1.025259E+03   4.364573E+03  -4.836786E-08  -2.393766E-10
          2                  *TOTALS*       4.373669E-05  -1.612345E-05   6.013985E+03   3.709738E-07   3.729070E-07   2.938616E-09
0         3            26    QUAD4          1.447860E-05   3.301884E-04   7.039244E+03  -4.364573E+03   3.353707E-07   6.114387E-09
          3            29    QUAD4          2.630096E-05  -3.660926E-04  -1.025259E+03   4.364573E+03  -1.582276E-07   2.872155E-09
          3                  *TOTALS*       4.077956E-05  -3.590419E-05   6.013985E+03   1.148701E-07   1.771430E-07   8.986542E-09
0         4             7    QUAD4         -2.638137E-05   4.555474E-05  -2.066864E+04  -1.581322E-08   6.901110E-07  -1.313622E-08
          4                  *TOTALS*      -2.638137E-05   4.555474E-05  -2.066864E+04  -1.581322E-08   6.901110E-07  -1.313622E-08
0         5                  F-OF-SPC       0.0            7.135423E-04   3.065903E+03   4.450080E+03   0.0            3.590301E-09
          5            10    QUAD4         -6.850958E-06  -7.135423E-04  -3.065903E+03  -4.450080E+03  -1.813590E-07  -3.590301E-09
          5                  *TOTALS*      -6.850958E-06   0.0            5.002221E-11   0.0           -1.813590E-07  -4.135903E-25
0         6            19    QUAD4         -6.581284E-05  -4.199784E-04   2.086962E+04  -8.681675E+02  -4.957566E-08  -1.588015E-09
          6            24    QUAD4          2.425658E-07   4.156843E-04  -1.967337E+04   8.681675E+02   1.431097E-09  -5.910154E-09
          6                  *TOTALS*      -6.557028E-05  -4.294090E-06   1.196256E+03   1.123503E-07  -4.814456E-08  -7.498169E-09
0         7            14    QUAD4         -2.179139E-05   6.011846E-04   1.792206E+04   1.702972E+03   1.955597E-07   6.766866E-09
          7            17    QUAD4         -3.265059E-05  -5.716672E-04  -2.026860E+04  -1.702972E+03   1.469911E-07   9.005446E-10
          7                  *TOTALS*      -5.444197E-05   2.951746E-05  -2.346540E+03  -2.357597E-07   3.425508E-07   7.667410E-09
0         8            23    QUAD4          8.184751E-06  -2.949265E-04   1.678286E+04  -3.146681E+03  -5.189308E-08  -3.319111E-09
          8            28    QUAD4         -1.368329E-06   3.146439E-04  -1.244701E+04   3.146681E+03  -1.084946E-07  -6.432882E-09
          8                  *TOTALS*       6.816422E-06   1.971746E-05   4.335842E+03   1.602602E-07  -1.603877E-07  -9.751993E-09
0         9            12    QUAD4         -2.307422E-05  -6.791204E-04   8.933675E+03   3.700106E+03   2.130600E-07  -4.920467E-09
          9            16    QUAD4         -1.647011E-05   6.921342E-04  -1.403209E+04  -3.700106E+03  -9.766384E-08  -1.156337E-08
          9                  *TOTALS*      -3.954433E-05   1.301386E-05  -5.098410E+03  -1.540320E-08   1.153962E-07  -1.648384E-08
0        10            11    QUAD4         -8.939937E-07   6.980916E-04   8.933675E+03   3.700106E+03   5.662288E-08   3.588689E-09
         10            13    QUAD4          2.878659E-05  -7.002188E-04  -1.403209E+04  -3.700106E+03  -2.024958E-07  -3.206305E-09
         10                  *TOTALS*       2.789260E-05  -2.127184E-06  -5.098410E+03   4.030098E-07  -1.458729E-07   3.823836E-10
0        11            18    QUAD4         -3.882241E-05   4.071967E-04   2.086962E+04  -8.681675E+02   1.167729E-07   3.402497E-09
         11            21    QUAD4          4.062511E-05  -4.444284E-04  -1.967337E+04   8.681675E+02   2.484295E-07  -9.577794E-10
         11                  *TOTALS*       1.802697E-06  -3.723168E-05   1.196256E+03   3.515175E-07   3.652024E-07   2.444718E-09
0        12             6    QUAD4          1.856809E-05   5.806945E-06  -2.066864E+04   1.534276E-07   5.489161E-07   5.778727E-09
         12                  *TOTALS*       1.856809E-05   5.806945E-06  -2.066864E+04   1.534276E-07   5.489161E-07   5.778727E-09
0        13             4    QUAD4          1.249264E-05   2.045133E-04   1.074207E+04   4.111337E+03  -1.793534E-07  -3.876314E-09
         13            31    QUAD4          1.666894E-06  -2.196324E-04  -5.077021E+03  -4.111337E+03   4.021480E-08  -1.651621E-09
1                                                                              JUNE  20, 2025  MSC Nastran 11/21/24   PAGE    66
                                                                                                                                    
0                                                                                                            SUBCASE 2              
      EIGENVALUE =  8.374865E+04
      CYCLES =  4.605842E+01
                   MODE               3
                                          G R I D   P O I N T   F O R C E   B A L A N C E
 
   POINT-ID    ELEMENT-ID     SOURCE             T1             T2             T3             R1             R2             R3
         13                  *TOTALS*       1.415953E-05  -1.511919E-05   5.665050E+03  -1.826575E-07  -1.391386E-07  -5.527936E-09
0        14             3    QUAD4         -9.753200E-05   2.079606E-04  -1.548202E+04  -2.472332E+03   6.278635E-07   4.000621E-10
         14             8    QUAD4         -7.375689E-05  -1.999248E-04   1.888867E+04   2.472332E+03   6.976350E-07   1.635089E-09
         14                  *TOTALS*      -1.712889E-04   8.035806E-06   3.406649E+03  -1.915505E-07   1.325499E-06   2.035151E-09
0        15            22    QUAD4         -3.038559E-05   2.970590E-04   1.678286E+04  -3.146681E+03   1.293797E-07   1.276678E-08
         15            25    QUAD4         -1.932634E-05  -2.754157E-04  -1.244701E+04   3.146681E+03  -5.416626E-08   9.800012E-09
         15                  *TOTALS*      -4.971193E-05   2.164329E-05   4.335842E+03  -1.275193E-07   7.521344E-08   2.256679E-08
0        16             2    QUAD4         -8.804326E-05  -2.098337E-04  -1.548202E+04  -2.472332E+03   6.903887E-08   5.872146E-09
         16             5    QUAD4         -6.095346E-05   2.435398E-04   1.888867E+04   2.472332E+03   8.433535E-08   7.175834E-09
         16                  *TOTALS*      -1.489967E-04   3.370612E-05   3.406649E+03  -3.359678E-07   1.533742E-07   1.304798E-08
0        17            15    QUAD4         -3.576761E-05  -5.793489E-04   1.792206E+04   1.702972E+03  -1.461342E-07   9.045538E-09
         17            20    QUAD4         -3.017010E-05   5.693337E-04  -2.026860E+04  -1.702972E+03  -1.587354E-07   3.230131E-09
         17                  *TOTALS*      -6.593771E-05  -1.001519E-05  -2.346540E+03   6.807204E-08  -3.048697E-07   1.227567E-08
0        18             1    QUAD4          1.753740E-05  -1.797539E-04   1.074207E+04   4.111337E+03  -2.568376E-07  -4.274239E-09
         18            30    QUAD4          1.240943E-05   2.031978E-04  -5.077021E+03  -4.111337E+03  -1.478531E-07  -2.112566E-09
         18                  *TOTALS*       2.994683E-05   2.344391E-05   5.665050E+03   4.095091E-07  -4.046907E-07  -6.386805E-09
0        19                  F-OF-SPC       0.0           -1.753271E-06   6.131806E+03   8.900159E+03   0.0            7.091232E-09
         19             9    QUAD4          6.088445E-06   3.866090E-04  -3.065903E+03  -4.450080E+03  -6.506962E-08  -3.545616E-09
         19            10    QUAD4         -9.772999E-06  -3.848557E-04  -3.065903E+03  -4.450080E+03  -5.754912E-08  -3.545616E-09
         19                  *TOTALS*      -3.684555E-06   1.084202E-19   2.464731E-10  -2.728484E-12  -1.226187E-07   0.0
0        20            10    QUAD4         -2.007673E-05   7.554387E-04   3.065903E+03   4.258461E+03  -4.415977E-08  -4.343490E-09
         20            11    QUAD4         -2.413988E-05  -7.155769E-04  -8.933675E+03  -4.258461E+03  -6.249656E-08  -1.137292E-08
         20                  *TOTALS*      -4.421661E-05   3.986181E-05  -5.867772E+03   4.752865E-07  -1.066563E-07  -1.571641E-08
0        21            11    QUAD4         -6.213761E-06   3.699118E-04   8.933675E+03   3.700106E+03   2.033337E-07   4.736860E-09
         21            12    QUAD4          3.103603E-06  -3.695499E-04   8.933675E+03   3.700106E+03   4.538403E-08   4.599773E-09
         21            13    QUAD4          3.212178E-06  -2.825487E-04  -1.403209E+04  -3.700106E+03  -1.146916E-07  -1.981985E-09
         21            16    QUAD4          4.106580E-05   3.081209E-04  -1.403209E+04  -3.700106E+03  -2.179001E-07  -2.119072E-09
         21                  *TOTALS*       4.116782E-05   2.593411E-05  -1.019682E+04  -1.138378E-07  -8.387406E-08   5.235576E-09
0        22             9    QUAD4          2.669254E-05  -7.506829E-04   3.065903E+03   4.258461E+03  -2.394942E-07   8.149563E-09
         22            12    QUAD4          3.013181E-05   7.289140E-04  -8.933675E+03  -4.258461E+03  -2.048291E-07   9.309074E-10
         22                  *TOTALS*       5.682435E-05  -2.176891E-05  -5.867772E+03   5.496986E-08  -4.443233E-07   9.080470E-09
0        23             9    QUAD4         -1.451784E-05  -3.563440E-04   3.065903E+03   4.258461E+03  -7.995075E-08   3.186695E-09
         23            10    QUAD4          3.670068E-05   3.429592E-04   3.065903E+03   4.258461E+03   2.789138E-08   3.064455E-09
         23            11    QUAD4          3.124764E-05  -3.524265E-04  -8.933675E+03  -4.258461E+03   2.103767E-08  -4.055292E-09
         23            12    QUAD4         -1.016119E-05   3.197563E-04  -8.933675E+03  -4.258461E+03  -2.099701E-07  -3.933052E-09
         23                  *TOTALS*       4.326929E-05  -4.605506E-05  -1.173554E+04   2.226552E-07  -2.409918E-07  -1.737194E-09
0        24            13    QUAD4         -2.358936E-05   6.200025E-04   1.403209E+04   2.823101E+03   2.203877E-07   3.896207E-09
1                                                                              JUNE  20, 2025  MSC Nastran 11/21/24   PAGE    67
                                                                                                                                    
0                                                                                                            SUBCASE 2              
      EIGENVALUE =  8.374865E+04
      CYCLES =  4.605842E+01
                   MODE               3
                                          G R I D   P O I N T   F O R C E   B A L A N C E
 
   POINT-ID    ELEMENT-ID     SOURCE             T1             T2             T3             R1             R2             R3
         24            14    QUAD4         -1.040512E-05  -6.498484E-04  -1.792206E+04  -2.823101E+03  -1.929800E-07  -2.356174E-09
         24                  *TOTALS*      -3.399448E-05  -2.984595E-05  -3.889977E+03  -7.987637E-08   2.740770E-08   1.540033E-09
0        25            14    QUAD4          2.583725E-06   3.415393E-04   1.792206E+04   1.702972E+03   1.258601E-07   1.122245E-08
         25            15    QUAD4         -3.650978E-06  -3.602349E-04   1.792206E+04   1.702972E+03   1.778610E-07   1.117348E-08
         25            17    QUAD4         -5.915865E-06  -3.583231E-04  -2.026860E+04  -1.702972E+03   2.094442E-07   5.381565E-09
         25            20    QUAD4          1.193831E-05   3.178301E-04  -2.026860E+04  -1.702972E+03   1.357462E-07   5.332592E-09
         25                  *TOTALS*       4.955189E-06  -5.918872E-05  -4.693081E+03   3.808586E-07   6.489116E-07   3.311009E-08
0        26            15    QUAD4          1.475301E-05   6.784160E-04  -1.792206E+04  -2.823101E+03  -4.880088E-07  -7.833219E-09
         26            16    QUAD4         -2.377969E-05  -6.309751E-04   1.403209E+04   2.823101E+03   7.462455E-08  -1.495832E-09
         26                  *TOTALS*      -9.026679E-06   4.744090E-05  -3.889977E+03  -7.083781E-08  -4.133843E-07  -9.329051E-09
0        27            13    QUAD4         -8.409409E-06   3.627650E-04   1.403209E+04   2.823101E+03   1.859568E-07   6.777902E-09
         27            14    QUAD4          2.961278E-05  -2.928755E-04  -1.792206E+04  -2.823101E+03  -3.061857E-07   4.831846E-10
         27            15    QUAD4          2.466558E-05   2.611678E-04  -1.792206E+04  -2.823101E+03  -1.761093E-07   6.299757E-10
         27            16    QUAD4         -8.160061E-07  -3.692800E-04   1.403209E+04   2.823101E+03   1.643911E-07   6.924694E-09
         27                  *TOTALS*       4.505294E-05  -3.822255E-05  -7.779953E+03  -6.258415E-08  -1.319471E-07   1.481576E-08
0        28            17    QUAD4         -3.130648E-06   6.674477E-04   2.026860E+04   4.361841E+02   1.064039E-07   8.803648E-09
         28            18    QUAD4          2.662707E-05  -6.134966E-04  -2.086962E+04  -4.361841E+02   1.900011E-07   2.936165E-09
         28                  *TOTALS*       2.349642E-05   5.395116E-05  -6.010220E+02  -1.855943E-07   2.964050E-07   1.173981E-08
0        29            18    QUAD4         -4.363270E-05   3.587240E-04   2.086962E+04  -8.681675E+02   3.147717E-07   2.816331E-09
         29            19    QUAD4         -3.262798E-05  -3.941946E-04   2.086962E+04  -8.681675E+02  -1.728413E-07   2.686239E-09
         29            21    QUAD4         -2.053741E-05  -1.832350E-04  -1.967337E+04   8.681675E+02   2.361444E-07  -1.535490E-09
         29            24    QUAD4          8.680936E-06   1.929411E-04  -1.967337E+04   8.681675E+02   1.117610E-08  -1.665583E-09
         29                  *TOTALS*      -8.811716E-05  -2.576447E-05   2.392512E+03  -2.582857E-07   3.892509E-07   2.301497E-09
0        30            19    QUAD4          3.638926E-05   6.657362E-04  -2.086962E+04  -4.361841E+02  -1.378148E-07  -4.800033E-09
         30            20    QUAD4         -5.983062E-06  -6.144858E-04   2.026860E+04   4.361841E+02  -3.107702E-07   1.121015E-09
         30                  *TOTALS*       3.040620E-05   5.125045E-05  -6.010222E+02  -1.230779E-07  -4.485850E-07  -3.679018E-09
0        31            17    QUAD4          4.169710E-05   2.625426E-04   2.026860E+04   4.361841E+02   2.573636E-07   8.035480E-10
         31            18    QUAD4          5.582804E-05  -1.524242E-04  -2.086962E+04  -4.361841E+02   4.087919E-07  -5.102952E-09
         31            19    QUAD4          6.205157E-05   1.484368E-04  -2.086962E+04  -4.361841E+02  -9.444097E-08  -4.904578E-09
         31            20    QUAD4          2.421485E-05  -2.726780E-04   2.026860E+04   4.361841E+02  -5.817351E-08   1.001921E-09
         31                  *TOTALS*       1.837916E-04  -1.412282E-05  -1.202044E+03  -1.137335E-07   5.135410E-07  -8.202061E-09
0        32            21    QUAD4          3.188916E-05   3.942397E-04   1.967337E+04  -2.097753E+03  -2.256264E-07   3.815161E-09
         32            22    QUAD4          4.632444E-05  -4.140634E-04  -1.678286E+04   2.097753E+03  -9.800658E-09  -5.412317E-11
         32                  *TOTALS*       7.821359E-05  -1.982368E-05   2.890513E+03   1.435183E-09  -2.354271E-07   3.761038E-09
0        33            22    QUAD4         -1.632274E-05   2.410121E-04   1.678286E+04  -3.146681E+03  -1.008923E-07  -9.793630E-10
         33            23    QUAD4         -5.164209E-05  -2.240840E-04   1.678286E+04  -3.146681E+03  -8.190927E-08  -1.020911E-09
         33            25    QUAD4         -6.906910E-06  -1.820707E-04  -1.244701E+04   3.146681E+03  -4.408519E-08  -4.038062E-09
         33            28    QUAD4          8.103145E-06   1.494868E-04  -1.244701E+04   3.146681E+03  -4.407249E-07  -4.079610E-09
         33                  *TOTALS*      -6.676860E-05  -1.565595E-05   8.671683E+03  -3.703526E-07  -6.676117E-07  -1.011795E-08
1                                                                              JUNE  20, 2025  MSC Nastran 11/21/24   PAGE    68
                                                                                                                                    
0                                                                                                            SUBCASE 2              
      EIGENVALUE =  8.374865E+04
      CYCLES =  4.605842E+01
                   MODE               3
                                          G R I D   P O I N T   F O R C E   B A L A N C E
 
   POINT-ID    ELEMENT-ID     SOURCE             T1             T2             T3             R1             R2             R3
0        34            23    QUAD4          5.064873E-05   4.028544E-04  -1.678286E+04   2.097753E+03  -2.936265E-07  -7.718549E-09
         34            24    QUAD4          7.330184E-06  -3.939150E-04   1.967337E+04  -2.097753E+03  -4.591156E-07  -3.888903E-09
         34                  *TOTALS*       5.797891E-05   8.939442E-06   2.890513E+03   3.290879E-07  -7.527422E-07  -1.160745E-08
0        35            21    QUAD4         -5.197685E-05   2.334237E-04   1.967337E+04  -2.097753E+03  -4.287778E-07  -2.086629E-09
         35            22    QUAD4          3.838963E-07  -1.240077E-04  -1.678286E+04   2.097753E+03  -3.212129E-07  -5.893725E-09
         35            23    QUAD4         -7.191388E-06   1.161561E-04  -1.678286E+04   2.097753E+03  -3.626491E-09  -5.826905E-09
         35            24    QUAD4         -1.625369E-05  -2.147105E-04   1.967337E+04  -2.097753E+03  -1.492858E-07  -2.019809E-09
         35                  *TOTALS*      -7.503803E-05   1.086162E-05   5.781027E+03  -3.652294E-07  -9.029029E-07  -1.582707E-08
0        36            25    QUAD4          3.817890E-05   3.404403E-04   1.244701E+04  -3.924620E+03   4.622028E-07   6.080286E-09
         36            26    QUAD4          2.998592E-05  -3.131096E-04  -7.039244E+03   3.924620E+03  -3.721478E-07   2.882412E-09
         36                  *TOTALS*       6.816482E-05   2.733074E-05   5.407770E+03   1.312883E-07   9.005493E-08   8.962698E-09
0        37            26    QUAD4         -7.428081E-06   1.545275E-04   7.039244E+03  -4.364573E+03   3.017319E-07   5.685562E-09
         37            27    QUAD4         -9.192672E-06  -1.559768E-04   7.039244E+03  -4.364573E+03   5.233208E-07   5.639633E-09
         37            29    QUAD4         -1.495347E-05  -1.656624E-04  -1.025259E+03   4.364573E+03  -1.948433E-07   2.360986E-09
         37            32    QUAD4         -5.173691E-05   2.036591E-04  -1.025259E+03   4.364573E+03  -5.866772E-08   2.315057E-09
         37                  *TOTALS*      -8.331113E-05   3.654736E-05   1.202797E+04  -8.756078E-07   5.715418E-07   1.600124E-08
0        38            27    QUAD4         -3.521572E-05   3.244773E-04  -7.039244E+03   3.924620E+03  -4.370313E-07   2.910743E-09
         38            28    QUAD4         -4.378050E-05  -2.979004E-04   1.244701E+04  -3.924620E+03   4.647847E-07   5.907906E-09
         38                  *TOTALS*      -7.899623E-05   2.657698E-05   5.407770E+03   1.229241E-07   2.775338E-08   8.818649E-09
0        39            25    QUAD4         -1.194565E-05   1.170462E-04   1.244701E+04  -3.924620E+03   6.304452E-07   2.121264E-09
         39            26    QUAD4         -3.703644E-05  -1.716063E-04  -7.039244E+03   3.924620E+03  -2.250544E-07  -9.960276E-10
         39            27    QUAD4          2.821044E-05   1.730549E-04  -7.039244E+03   3.924620E+03  -5.342222E-07  -8.494706E-10
         39            28    QUAD4          3.704569E-05  -1.662303E-04   1.244701E+04  -3.924620E+03   1.505892E-07   2.267821E-09
         39                  *TOTALS*       1.627403E-05  -4.773561E-05   1.081554E+04  -5.722845E-07   2.175784E-08   2.543586E-09
0        40            29    QUAD4          4.729759E-05   3.371178E-04   1.025259E+03  -4.428651E+03  -3.230136E-07   7.233952E-09
         40            30    QUAD4          1.033908E-04  -3.850831E-04   5.077021E+03   4.428651E+03  -7.889628E-08   3.842869E-09
         40                  *TOTALS*       1.506884E-04  -4.796535E-05   6.102280E+03   2.823699E-07  -4.019099E-07   1.107682E-08
0        41             1    QUAD4         -3.651516E-05  -1.280866E-04   1.074207E+04   4.111337E+03  -2.863698E-07  -5.598104E-09
         41             4    QUAD4         -2.125550E-05   1.167873E-04   1.074207E+04   4.111337E+03  -3.651471E-09  -5.475060E-09
         41            30    QUAD4         -8.520059E-05   2.327092E-04  -5.077021E+03  -4.111337E+03   8.803643E-09  -3.414392E-09
         41            31    QUAD4         -4.722623E-05  -2.001494E-04  -5.077021E+03  -4.111337E+03   7.422848E-08  -3.291348E-09
         41                  *TOTALS*      -1.901975E-04   2.126051E-05   1.133010E+04   7.420113E-08  -2.069892E-07  -1.777890E-08
0        42            31    QUAD4          3.734614E-05   3.332243E-04   5.077021E+03   4.428651E+03   2.512552E-07  -1.836038E-09
         42            32    QUAD4          3.424401E-05  -3.856895E-04   1.025259E+03  -4.428651E+03   4.382088E-08   1.438227E-09
         42                  *TOTALS*       7.159015E-05  -5.246514E-05   6.102280E+03   1.918979E-07   2.950761E-07  -3.978113E-10
0        43            29    QUAD4         -5.864509E-05   1.946372E-04   1.025259E+03  -4.428651E+03  -1.839034E-07   2.684802E-09
         43            30    QUAD4         -3.059964E-05  -5.082390E-05   5.077021E+03   4.428651E+03   1.572913E-07  -6.304708E-10
         43            31    QUAD4          8.213191E-06   8.655746E-05   5.077021E+03   4.428651E+03  -4.905553E-08  -8.818143E-10
1                                                                              JUNE  20, 2025  MSC Nastran 11/21/24   PAGE    69
                                                                                                                                    
0                                                                                                            SUBCASE 2              
      EIGENVALUE =  8.374865E+04
      CYCLES =  4.605842E+01
                   MODE               3
                                          G R I D   P O I N T   F O R C E   B A L A N C E
 
   POINT-ID    ELEMENT-ID     SOURCE             T1             T2             T3             R1             R2             R3
         43            32    QUAD4         -1.004584E-05  -1.434016E-04   1.025259E+03  -4.428651E+03  -2.786772E-07   2.433459E-09
         43                  *TOTALS*      -9.107738E-05   8.696920E-05   1.220456E+04  -4.992344E-07  -3.543449E-07   3.605976E-09
0        44             1    QUAD4          3.292296E-05   2.275152E-04  -1.074207E+04  -3.439958E+03  -2.818011E-08  -2.728099E-09
         44             2    QUAD4          8.985104E-05  -2.033935E-04   1.548202E+04   3.439958E+03  -2.819391E-07  -4.286856E-09
         44                  *TOTALS*       1.227740E-04   2.412169E-05   4.739950E+03   2.908200E-08  -3.101193E-07  -7.014955E-09
0        45             2    QUAD4         -7.715722E-05   2.032740E-04  -1.548202E+04  -2.472332E+03   2.406723E-07   9.333498E-10
         45             3    QUAD4         -6.098527E-05  -1.952143E-04  -1.548202E+04  -2.472332E+03  -8.927069E-08   9.901660E-10
         45             5    QUAD4         -8.249279E-05  -1.462688E-04   1.888867E+04   2.472332E+03   3.120249E-07   2.174710E-09
         45             8    QUAD4         -2.831194E-05   9.156614E-05   1.888867E+04   2.472332E+03   1.681193E-07   2.231526E-09
         45                  *TOTALS*      -2.489472E-04  -4.664297E-05   6.813298E+03   3.861178E-07   6.315458E-07   6.329752E-09
0        46             3    QUAD4          6.112762E-05   1.885567E-04   1.548202E+04   3.439958E+03   9.032086E-08   1.161768E-09
         46             4    QUAD4          3.807339E-06  -2.265033E-04  -1.074207E+04  -3.439958E+03   1.231287E-07   2.680845E-09
         46                  *TOTALS*       6.493496E-05  -3.794661E-05   4.739950E+03  -2.013167E-08   2.134495E-07   3.842613E-09
0        47             1    QUAD4         -1.394520E-05   8.032529E-05  -1.074207E+04  -3.439958E+03  -1.640787E-07   4.677020E-09
         47             2    QUAD4          7.534944E-05   2.099532E-04   1.548202E+04   3.439958E+03  -3.172548E-07   3.131959E-09
         47             3    QUAD4          9.738966E-05  -2.013031E-04   1.548202E+04   3.439958E+03  -3.721125E-07   3.052197E-09
         47             4    QUAD4          4.955521E-06  -9.479719E-05  -1.074207E+04  -3.439958E+03   1.064387E-07   4.597259E-09
         47                  *TOTALS*       1.637494E-04  -5.821752E-06   9.479900E+03   2.246952E-07  -7.470073E-07   1.545844E-08
0        48             5    QUAD4          1.113738E-04   1.145328E-04  -1.888867E+04  -1.291790E+03   1.488989E-07  -2.123784E-10
         48             6    QUAD4          5.972709E-05  -6.019150E-05   2.066864E+04   1.291790E+03   5.651231E-08  -6.706451E-10
         48                  *TOTALS*       1.711008E-04   5.434127E-05   1.779970E+03  -6.298251E-11   2.054112E-07  -8.830235E-10
0        49             6    QUAD4         -4.012267E-05   3.805967E-05  -2.066864E+04   2.528692E-07   2.033530E-07   3.291408E-09
         49             7    QUAD4         -4.791399E-05  -1.219160E-04  -2.066864E+04  -3.227589E-07   7.453330E-07   3.529499E-09
         49                  *TOTALS*      -8.803667E-05  -8.385632E-05  -4.133728E+04  -6.988975E-08   9.486860E-07   6.820907E-09
0        50             7    QUAD4          2.692926E-05   1.400776E-04   2.066864E+04   1.291790E+03   3.089722E-07   2.749574E-09
         50             8    QUAD4          2.395033E-05  -5.478508E-05  -1.888867E+04  -1.291790E+03   5.710832E-07   3.096932E-09
         50                  *TOTALS*       5.087958E-05   8.529249E-05   1.779969E+03  -1.852993E-07   8.800554E-07   5.846506E-09
0        51             5    QUAD4          3.207250E-05  -2.118037E-04  -1.888867E+04  -1.291790E+03   2.264221E-07   4.438322E-09
         51             6    QUAD4         -3.817251E-05   1.632489E-05   2.066864E+04   1.291790E+03  -1.528872E-07   4.052753E-09
         51             7    QUAD4          4.736611E-05  -6.371632E-05   2.066864E+04   1.291790E+03   5.137126E-07   4.204610E-09
         51             8    QUAD4          7.811849E-05   1.631438E-04  -1.888867E+04  -1.291790E+03   4.832766E-07   4.590180E-09
         51                  *TOTALS*       1.193846E-04  -9.605140E-05   3.559939E+03   3.465175E-07   1.070524E-06   1.728586E-08
 *** USER INFORMATION MESSAGE 4114 (OUTPX2)
     DATA BLOCK OGPFB1   WRITTEN ON FORTRAN UNIT    12 IN BINARY (LTLEND) FORMAT USING NDDL DESCRIPTION FOR OGPFB1, TRL =
                    101                 0                 3                 0                 0                 0                 3
     NAME OF DATA BLOCK WRITTEN ON FORTRAN UNIT IS OGPFB1  
        (MAXIMUM POSSIBLE FORTRAN RECORD SIZE =      131074 WORDS.)
     (MAXIMUM SIZE OF FORTRAN RECORDS WRITTEN =        1820 WORDS.)
           (NUMBER OF FORTRAN RECORDS WRITTEN =          40 RECORDS.)
           (TOTAL DATA WRITTEN FOR DATA BLOCK =        5942 WORDS.)
1                                                                              JUNE  20, 2025  MSC Nastran 11/21/24   PAGE    70
                                                                                                                                    
0                                                                                                            SUBCASE 2              
0                                                                                                                                   
                                                                                                                                    
                                                                                                                                    
 *** USER INFORMATION MESSAGE 4114 (OUTPX2)
     DATA BLOCK OEF1X    WRITTEN ON FORTRAN UNIT    12 IN BINARY (LTLEND) FORMAT USING NDDL DESCRIPTION FOR OEF1X, TRL =
                    101                63                 6                20                25                 0                 3
     NAME OF DATA BLOCK WRITTEN ON FORTRAN UNIT IS OEF1X   
        (MAXIMUM POSSIBLE FORTRAN RECORD SIZE =      131074 WORDS.)
     (MAXIMUM SIZE OF FORTRAN RECORDS WRITTEN =        1504 WORDS.)
           (NUMBER OF FORTRAN RECORDS WRITTEN =          40 RECORDS.)
           (TOTAL DATA WRITTEN FOR DATA BLOCK =        4999 WORDS.)
 *** USER INFORMATION MESSAGE 4110 (OUTPX2)
                                 END-OF-DATA SIMULATION ON FORTRAN UNIT    12
                                 (MAXIMUM SIZE OF FORTRAN RECORDS WRITTEN =      1 WORDS.)
                                       (NUMBER OF FORTRAN RECORDS WRITTEN =      1 RECORDS.)
                                       (TOTAL DATA WRITTEN FOR EOF MARKER =      1 WORDS.)
1                                                                              JUNE  20, 2025  MSC Nastran 11/21/24   PAGE    71
                                                                                                                                    
0                                                                                                            SUBCASE 2              
 * * * *  D B D I C T   P R I N T  * * * *      SUBDMAP = PRTSUM  ,  DMAP STATEMENT NO.     75



0                                   * * * *  A N A L Y S I S  S U M M A R Y  T A B L E  * * * *
0 SEID  PEID PROJ VERS APRCH      SEMG SEMR SEKR SELG SELR MODES DYNRED SOLLIN SOLNL LOOPID DESIGN CYCLE SENSITIVITY
 -------------------------------------------------------------------------------------------------------------------
     0     0    1    1 '        '    T    T    T    T    T     T      F      T     F     -1            0           F
0SEID = SUPERELEMENT ID.
 PEID = PRIMARY SUPERELEMENT ID OF IMAGE SUPERELEMENT.
 PROJ = PROJECT ID NUMBER.
 VERS = VERSION ID.
 APRCH = BLANK FOR STRUCTURAL ANALYSIS.  HEAT FOR HEAT TRANSFER ANALYSIS.
 SEMG = STIFFNESS AND MASS MATRIX GENERATION STEP.
 SEMR = MASS MATRIX REDUCTION STEP (INCLUDES EIGENVALUE SOLUTION FOR MODES).
 SEKR = STIFFNESS MATRIX REDUCTION STEP.
 SELG = LOAD MATRIX GENERATION STEP.
 SELR = LOAD MATRIX REDUCTION STEP. 
 MODES = T (TRUE) IF NORMAL MODES OR BUCKLING MODES CALCULATED.
 DYNRED = T (TRUE) MEANS GENERALIZED DYNAMIC AND/OR COMPONENT MODE REDUCTION PERFORMED.
 SOLLIN = T (TRUE) IF LINEAR SOLUTION EXISTS IN DATABASE.
 LOOPID = THE LAST LOOPID VALUE USED IN THE NONLINEAR ANALYSIS.  USEFUL FOR RESTARTS.
 SOLNL = T (TRUE) IF NONLINEAR SOLUTION EXISTS IN DATABASE.
 DESIGN CYCLE = THE LAST DESIGN CYCLE (ONLY VALID IN OPTIMIZATION).
 SENSITIVITY = SENSITIVITY MATRIX GENERATION FLAG.
 
 No PARAM values were set in the Control File.
 
1                                        * * * END OF JOB * * *
 
 
 No Symbolic Replacement variables or values were specified.

