1
 
 
 
 
                      Warning: This computer program is protected by copyright law and international treaties.       
                  Unauthorized use, reproduction or distribution of this computer program, or any portion of it, may 
                                          result in severe civil and criminal penalties.                             
                         Copyright (C) 2024 Hexagon AB and/or its subsidiaries. All rights reserved.                 
 
 
                                              * * * * * * * * * * * * * * * * * * * *
                                              * * * * * * * * * * * * * * * * * * * *
                                              * *                                 * *
                                              * *           Hexagon AB            * *
                                              * *                                 * *
                                              * *                                 * *
                                              * *      M S C   N a s t r a n      * *
                                              * *                                 * *
                                              * *                                 * *
                                              * *                                 * *
                                              * *     Version 2024.2-af13cbfd     * *
                                              * *                                 * *
                                              * *                                 * *
                                              * *                                 * *
                                              * *          NOV 21, 2024           * *
                                              * *                                 * *
                                              * *              Intel              * *
                                              * *MODEL Intel(R) Xeon(R) W-2223 CP * *
                                              * *     Windows 10 Pro 6.2 9200     * *
                                              * *        Compiled for 8664        * *
                                              * *                                 * *
                                              * * * * * * * * * * * * * * * * * * * *
                                              * * * * * * * * * * * * * * * * * * * *
1News file
  
               Welcome to MSC Nastran 2024.2
  
   MSC Nastran brings powerful new features and enhancements for engineering
   solutions in several releases through the year. Key enhancements in
   Version 2024.2 are summarized below. Addtional details can be found in
   the MSC Nastran Version 2024.2 Release Guide.
  
     MSC Nastran 2024.2 Features and Enhancements
  
     High Performance Computing (HPC) for NVH
     - Improved performance for ACMS, especially for large solid models
     - Improved performance for FASTFR, particularly when structural
       damping is present
     - General performance improvement for high frequency acoustics
     - Improved diagnostics for linear solution available in LOG file
       Information includes solver selection and memory use
  
     Topology Optimization
     - SOL 200 NEO Topology Optimization for generative design with support for
       manufacturing constraints. Optimized CAD geometry and mesh output for
       every design cycle.
  
     High Performance SOL 400 (NLPERF)
     - Support Lagrange Multiplier for MPC and Rigid Elements
     - Controls distributed surface load computation for shell elements with
       offsets and the use of an additional enhancement for computing the
       average nodal normal vector
     - GPFORCE and ESE can be requested in ANALYSIS=NLSTAT
     - OUTCTRL={STD,SOLUTION,INTERM} keyword in NLOPRM case control statement is
       available
  
     Linear
     - Global-Local analysis in SOL 101 and 103. Creates a local model based on
       a user-provided definition (CARVE) and replaces the rest of the model
       with an external superelement. Allows for detailed local studies without
       having to solve the entire model every time.
     - Multiple Output requests of the same result item in linear solutions
       (SOL 101, 103, 108, 109, 111, 112) through the use of repeated output
       request subcase, REPCASE.
  
     NVH (Vibroacoustics)
     Automated skinning of solid elements free surfaces
     - Identify residual structure solid elements' exposed surfaces, and create
       required triangular or quadilateral shell elements on top of it
     - Stress and strain data recovery available for skinned shell elements
     - Supported in Linear solution sequences
     Acoustic Fluid Grid Participation Factors from fluid skin grids in touch
       with either structure wetted surface or trim components
1    Mass matrix support in Cohesive elements
     - supports mass matrix in cohesive elements for glue line modeling.
     Improved solution time and reduced disk space for Nastran-PEM models
  
     Aeroelasticity
     - Flutter Perturbation Step available in SOL 400 Nonlinear
  
     HDF5 hybrid precision output file
     - Allows writing of 32-bit real and 64-bit integer data to H5 file
     - Combines small size of 32-bit and high value domain ID of 64-bit
  
      Inertia Relief with External Superelements
     - For external superelements, inertia relief is now supported for the
       following three options: EXTSEOUT MATDB(MATRIXDB), EXTSEOUT DMIGDB, and
       EXTSEOUT DMIGOP2 for INREL = -1 and INREL = -2.
     - For the above three external superelement options, checks are now
       performed internally to insure that the inertia relief specifications
       between external superelement and the assembly run are consistent.
     - When verifying results, the user is reminded that with inertia relief,
       the displacements are relative displacements and may not in any way match
       the results of say a model containing all the external superelements
       processed as standard part superelements. However, element results
       such as force or stress should match closely between the two types of runs
       if consistently modeled.
  
  
     Documentation
     - The complete documentation set is provided in a separate installer and
       when installed is available at: MSC_DOC_DIR/doc/pdf_nastran directory,
       where MSC_DOC_DIR is the directory where documentation was installed.
       This help set includes cross references between documents, and links to
       how-to videos, and example files
  
     Individual MSC Nastran documents are available for download from the
       Simcompanion Website at:
       http://simcompanion.hexagon.com/
  
     The documentation set includes the following:
  
         1.  MSC Nastran 2024.2 Installation and Operations Guide
         2.  MSC Nastran 2024.2 Quick Reference Guide
         3.  MSC Nastran 2024.2 Release Guide
         4.  MSC Nastran 2024.2 Linear Statics Analysis User's Guide
         5.  MSC Nastran 2024.2 Dynamic Analysis User's Guide
         6.  MSC Nastran 2024.2 Superelements User's Guide
         7.  MSC Nastran 2024.2 Rotordynamics User's Guide
         8.  MSC Nastran 2024.2 Demonstration Problems Manual
         9.  MSC Nastran 2024.2 Nastran Embedded Fatigue User's Guide
        10.  MSC Nastran 2024.2 Design Sensitivity and Optimization
        11.  MSC Nastran 2024.2 Nonlinear User's Guide SOL 400
1       12.  MSC Nastran 2024.2 DMAP Programmer's Guide
        13.  MSC Nastran 2024.2 High Performance Computing User's Guide
        14.  MSC Nastran 2024.2 New Verification Manual
        15.  MSC Nastran 2024.2 DEMATD Guide
        16.  MSC Nastran 2024.2 Explicit Nonlinear (SOL 700) User's Guide
        17.  MSC Nastran 2024.2 ACMS User's Guide
  
   Please refer to  MSC_DOC_DIR/doc/pdf_nastran/nastran_library.pdf
   for the complete document set:
  
  
   Additional information about the release can be found at the MSC Nastran
   Product Support page: http://simcompanion.hexagon.com
  
   The support page provides links to these valuable information:
      * A searchable Knowledge Base containing examples and answers to thousands
        of frequently asked questions written by MSC Software subject-matter
        experts.
      * Peer-to-peer Discussion Forums enabling you to post questions for your
        MSC Software products and receive answers from other users worldwide.
      * A list of known issues with the product and any workarounds.
      * Instructions on how to contact technical support
      * A mechanism for sending us product feedback or enhancement requests.
      * Hardware and software requirements.
      * Examples and Tutorials
      * and much more.
  
   For information on training, please visit our Training web site
  
      https://hexagon.com/support-success/manufacturing-intelligence/
      design-engineering-support/training-materials
  
1                                                                              JUNE  20, 2025  MSC Nastran 11/21/24   PAGE     1
                                                                                                                                    
0        N A S T R A N    F I L E    A N D    S Y S T E M    P A R A M E T E R    E C H O                                           
0                                                                                                                                   
                                                                                                                                    
                                                                                                                                    
     $ SYSFIELD=SCR*(RAW=YES,BUFFIO=YES,WNUM=16,WSIZE=16MB) $(C:/PROGRAM FILES/MSC.SO
     $ SYSFIELD=DBALL(RAW=YES,BUFFIO=YES,WNUM=16,WSIZE=16MB) $(C:/PROGRAM FILES/MSC.S
     NASTRAN BUFFSIZE=65537 $(C:/PROGRAM FILES/MSC.SOFTWARE/MSC_NASTRAN/2024.2/CONF/N
     NASTRAN PARALLEL=1 $([3])                                                       
     $ GENERATED BY MECWAY 29                                                        
     $-------------EXECUTIVE CONTROL SECTION-------------                            
1                                                                              JUNE  20, 2025  MSC Nastran 11/21/24   PAGE     2
                                                                                                                                    
0        N A S T R A N    E X E C U T I V E    C O N T R O L    E C H O                                                             
0                                                                                                                                   
                                                                                                                                    
                                                                                                                                    
     SOL 101                                                                                 
     CEND                                                                                    
1                                                                              JUNE  20, 2025  MSC Nastran 11/21/24   PAGE     3
                                                                                                                                    
0                                                                                                                                   
0                                        C A S E    C O N T R O L    E C H O                                                        
                 COMMAND                                                                                                            
                 COUNT                                                                                                              
                  1      $---------------CASE CONTROL SECTION----------------                                    
                  2      DISPLACEMENT = ALL                                                                      
                  3      $                                                                                       
                  4        ACCELERATION(PRINT,PLOT) = ALL                                                        
                  5        DISPLACEMENT(PRINT, PLOT) = ALL                                                       
 *** USER WARNING MESSAGE 602 (IFP1D)
     TWO OR MORE OF THE ABOVE CARD TYPES DETECTED WHERE ONLY ONE IS
     LEGAL.   THE LAST FOUND WILL BE USED.
                  6        GPFORCE(PRINT, PLOT) = ALL                                                            
                  7        MPCFORCES(PRINT, PLOT) = ALL                                                          
                  8        OLOAD(PRINT, PLOT)= ALL                                                               
                  9        SPCFORCES(PRINT, PLOT) = ALL                                                          
                 10        FORCE(PRINT, PLOT) = ALL                                                              
                 11        STRESS(PRINT, PLOT, CORNER)= ALL                                                      
                 12        STRAIN(PRINT, PLOT, CORNER)= ALL                                                      
                 13      $                                                                                       
                 14      SPC = 1                                                                                 
                 15      LOAD = 1                                                                                
                 16      BEGIN BULK                                                                              
1                                                                              JUNE  20, 2025  MSC Nastran 11/21/24   PAGE     4
                                                                                                                                    
0                                                                                                                                   
                                              I N P U T   B U L K   D A T A   E C H O                                               
                 ENTRY                                                                                                              
                 COUNT        .   1  ..   2  ..   3  ..   4  ..   5  ..   6  ..   7  ..   8  ..   9  ..  10  .                      
 *** USER WARNING MESSAGE 9994 (BULKEF)
      The following lines could not be processed by the current IFPSTAR rule base.
      They are being passed to Classic IFP for an additional attempt at resolution.
                                PARAM, POST,-1
1                                                                              JUNE  20, 2025  MSC Nastran 11/21/24   PAGE     5
                                                                                                                                    
0                                                                                                                                   
                                                  S O R T E D   B U L K   D A T A   E C H O                                         
                 ENTRY                                                                                                              
                 COUNT        .   1  ..   2  ..   3  ..   4  ..   5  ..   6  ..   7  ..   8  ..   9  ..  10  .                      
                    1-        CHEXA  *1               1               1               2               *
                    2-        *       3               4               5               6               *
                    3-        *       7               8
                    4-        CHEXA  *2               1               9               10              *
                    5-        *       11              12              13              14              *
                    6-        *       15              16
                    7-        CHEXA  *3               1               17              18              *
                    8-        *       19              20              21              22              *
                    9-        *       23              24
                   10-        CHEXA  *4               2               25              26              *
                   11-        *       27              28              29              30              *
                   12-        *       31              32              145             146             *
                   13-        *       147             148             149             150             *
                   14-        *       151             152             153             154             *
                   15-        *       155             156
                   16-        CHEXA  *5               2               33              34              *
                   17-        *       35              36              37              38              *
                   18-        *       39              40              157             158             *
                   19-        *       159             160             161             162             *
                   20-        *       163             164             165             166             *
                   21-        *       167             168
                   22-        CHEXA  *6               2               41              42              *
                   23-        *       43              44              45              46              *
                   24-        *       47              48              169             170             *
                   25-        *       171             172             173             174             *
                   26-        *       175             176             177             178             *
                   27-        *       179             180
                   28-        CPENTA *13              5               99              100             *
                   29-        *       97              103             104             101
                   30-        CPENTA *14              5               107             108             *
                   31-        *       105             111             112             109
                   32-        CPENTA *15              5               115             116             *
                   33-        *       113             119             120             117
                   34-        CPENTA *16              6               123             124             *
                   35-        *       121             127             128             125             *
                   36-        *       235             236             237             238             *
                   37-        *       239             240             241             242             *
                   38-        *       243
                   39-        CPENTA *17              6               131             132             *
                   40-        *       129             135             136             133             *
                   41-        *       244             245             246             247             *
                   42-        *       248             249             250             251             *
                   43-        *       252
                   44-        CPENTA *18              6               139             140             *
                   45-        *       137             143             144             141             *
1                                                                              JUNE  20, 2025  MSC Nastran 11/21/24   PAGE     6
                                                                                                                                    
0                                                                                                                                   
                                                  S O R T E D   B U L K   D A T A   E C H O                                         
                 ENTRY                                                                                                              
                 COUNT        .   1  ..   2  ..   3  ..   4  ..   5  ..   6  ..   7  ..   8  ..   9  ..  10  .                      
                   46-        *       253             254             255             256             *
                   47-        *       257             258             259             260             *
                   48-        *       261
                   49-        CPENTA *43              5               97              98              *
                   50-        *       99              101             102             103
                   51-        CPENTA *44              5               105             106             *
                   52-        *       107             109             110             111
                   53-        CPENTA *45              5               113             114             *
                   54-        *       115             117             118             119
                   55-        CPENTA *46              6               121             122             *
                   56-        *       123             125             126             127             *
                   57-        *       262             263             237             240             *
                   58-        *       264             238             265             266             *
                   59-        *       243
                   60-        CPENTA *47              6               129             130             *
                   61-        *       131             133             134             135             *
                   62-        *       267             268             246             249             *
                   63-        *       269             247             270             271             *
                   64-        *       252
                   65-        CPENTA *48              6               137             138             *
                   66-        *       139             141             142             143             *
                   67-        *       272             273             255             258             *
                   68-        *       274             256             275             276             *
                   69-        *       261
                   70-        CTETRA *7               3               54              55              *
                   71-        *       51              56
                   72-        CTETRA *8               3               62              63              *
                   73-        *       59              64
                   74-        CTETRA *9               3               70              71              *
                   75-        *       67              72
                   76-        CTETRA *10              4               78              79              *
                   77-        *       75              80              181             182             *
                   78-        *       183             184             185             186
                   79-        CTETRA *11              4               86              87              *
                   80-        *       83              88              187             188             *
                   81-        *       189             190             191             192
                   82-        CTETRA *12              4               94              95              *
                   83-        *       91              96              193             194             *
                   84-        *       195             196             197             198
                   85-        CTETRA *19              3               49              54              *
                   86-        *       56              53
                   87-        CTETRA *20              3               49              51              *
                   88-        *       52              56
                   89-        CTETRA *21              3               49              54              *
                   90-        *       51              56
1                                                                              JUNE  20, 2025  MSC Nastran 11/21/24   PAGE     7
                                                                                                                                    
0                                                                                                                                   
                                                  S O R T E D   B U L K   D A T A   E C H O                                         
                 ENTRY                                                                                                              
                 COUNT        .   1  ..   2  ..   3  ..   4  ..   5  ..   6  ..   7  ..   8  ..   9  ..  10  .                      
                   91-        CTETRA *22              3               49              50              *
                   92-        *       51              54
                   93-        CTETRA *23              3               57              62              *
                   94-        *       64              61
                   95-        CTETRA *24              3               57              59              *
                   96-        *       60              64
                   97-        CTETRA *25              3               57              62              *
                   98-        *       59              64
                   99-        CTETRA *26              3               57              58              *
                  100-        *       59              62
                  101-        CTETRA *27              3               65              70              *
                  102-        *       72              69
                  103-        CTETRA *28              3               65              67              *
                  104-        *       68              72
                  105-        CTETRA *29              3               65              70              *
                  106-        *       67              72
                  107-        CTETRA *30              3               65              66              *
                  108-        *       67              70
                  109-        CTETRA *31              4               73              78              *
                  110-        *       80              77              199             184             *
                  111-        *       200             201             202             203
                  112-        CTETRA *32              4               73              75              *
                  113-        *       76              80              204             205             *
                  114-        *       206             200             186             207
                  115-        CTETRA *33              4               73              78              *
                  116-        *       75              80              199             183             *
                  117-        *       204             200             184             186
                  118-        CTETRA *34              4               73              74              *
                  119-        *       75              78              208             209             *
                  120-        *       204             199             210             183
                  121-        CTETRA *35              4               81              86              *
                  122-        *       88              85              211             190             *
                  123-        *       212             213             214             215
                  124-        CTETRA *36              4               81              83              *
                  125-        *       84              88              216             217             *
                  126-        *       218             212             192             219
                  127-        CTETRA *37              4               81              86              *
                  128-        *       83              88              211             189             *
                  129-        *       216             212             190             192
                  130-        CTETRA *38              4               81              82              *
                  131-        *       83              86              220             221             *
                  132-        *       216             211             222             189
                  133-        CTETRA *39              4               89              94              *
                  134-        *       96              93              223             196             *
                  135-        *       224             225             226             227
1                                                                              JUNE  20, 2025  MSC Nastran 11/21/24   PAGE     8
                                                                                                                                    
0                                                                                                                                   
                                                  S O R T E D   B U L K   D A T A   E C H O                                         
                 ENTRY                                                                                                              
                 COUNT        .   1  ..   2  ..   3  ..   4  ..   5  ..   6  ..   7  ..   8  ..   9  ..  10  .                      
                  136-        CTETRA *40              4               89              91              *
                  137-        *       92              96              228             229             *
                  138-        *       230             224             198             231
                  139-        CTETRA *41              4               89              94              *
                  140-        *       91              96              223             195             *
                  141-        *       228             224             196             198
                  142-        CTETRA *42              4               89              90              *
                  143-        *       91              94              232             233             *
                  144-        *       228             223             234             195
                  145-        FORCE  *1               2               0               1.              *
                  146-        *       41666.666665    0.              0.
                  147-        FORCE  *1               3               0               1.              *
                  148-        *       41666.666665    0.              0.
                  149-        FORCE  *1               6               0               1.              *
                  150-        *       41666.666665    0.              0.
                  151-        FORCE  *1               7               0               1.              *
                  152-        *       41666.666665    0.              0.
                  153-        FORCE  *1               11              0               1.              *
                  154-        *       0.              41666.666665    0.
                  155-        FORCE  *1               12              0               1.              *
                  156-        *       0.              41666.666665    0.
                  157-        FORCE  *1               15              0               1.              *
                  158-        *       0.              41666.666665    0.
                  159-        FORCE  *1               16              0               1.              *
                  160-        *       0.              41666.666665    0.
                  161-        FORCE  *1               21              0               1.              *
                  162-        *       0.              0.              41666.666664
                  163-        FORCE  *1               22              0               1.              *
                  164-        *       0.              0.              41666.666664
                  165-        FORCE  *1               23              0               1.              *
                  166-        *       0.              0.              41666.666664
                  167-        FORCE  *1               24              0               1.              *
                  168-        *       0.              0.              41666.666664
                  169-        FORCE  *1               26              0               1.              *
                  170-        *       -13888.888888   0.              0.
                  171-        FORCE  *1               27              0               1.              *
                  172-        *       -13888.888888   0.              0.
                  173-        FORCE  *1               30              0               1.              *
                  174-        *       -13888.888888   0.              0.
                  175-        FORCE  *1               31              0               1.              *
                  176-        *       -13888.888888   0.              0.
                  177-        FORCE  *1               35              0               1.              *
                  178-        *       0.              -13888.888888   0.
                  179-        FORCE  *1               36              0               1.              *
                  180-        *       0.              -13888.888888   0.
1                                                                              JUNE  20, 2025  MSC Nastran 11/21/24   PAGE     9
                                                                                                                                    
0                                                                                                                                   
                                                  S O R T E D   B U L K   D A T A   E C H O                                         
                 ENTRY                                                                                                              
                 COUNT        .   1  ..   2  ..   3  ..   4  ..   5  ..   6  ..   7  ..   8  ..   9  ..  10  .                      
                  181-        FORCE  *1               39              0               1.              *
                  182-        *       0.              -13888.888888   0.
                  183-        FORCE  *1               40              0               1.              *
                  184-        *       0.              -13888.888888   0.
                  185-        FORCE  *1               45              0               1.              *
                  186-        *       0.              0.              -13888.888888
                  187-        FORCE  *1               46              0               1.              *
                  188-        *       0.              0.              -13888.888888
                  189-        FORCE  *1               47              0               1.              *
                  190-        *       0.              0.              -13888.888888
                  191-        FORCE  *1               48              0               1.              *
                  192-        *       0.              0.              -13888.888888
                  193-        FORCE  *1               50              0               1.              *
                  194-        *       27777.777777    0.              0.
                  195-        FORCE  *1               51              0               1.              *
                  196-        *       55555.555554    0.              0.
                  197-        FORCE  *1               54              0               1.              *
                  198-        *       55555.555554    0.              0.
                  199-        FORCE  *1               55              0               1.              *
                  200-        *       27777.777777    0.              0.
                  201-        FORCE  *1               59              0               1.              *
                  202-        *       0.              55555.555554    0.
                  203-        FORCE  *1               60              0               1.              *
                  204-        *       0.              27777.777777    0.
                  205-        FORCE  *1               63              0               1.              *
                  206-        *       0.              27777.777777    0.
                  207-        FORCE  *1               64              0               1.              *
                  208-        *       0.              55555.555554    0.
                  209-        FORCE  *1               69              0               1.              *
                  210-        *       0.              0.              27777.777776
                  211-        FORCE  *1               70              0               1.              *
                  212-        *       0.              0.              55555.555552
                  213-        FORCE  *1               71              0               1.              *
                  214-        *       0.              0.              27777.777776
                  215-        FORCE  *1               72              0               1.              *
                  216-        *       0.              0.              55555.555552
                  217-        FORCE  *1               74              0               1.              *
                  218-        *       -6.54933046460-60.              0.
                  219-        FORCE  *1               75              0               1.              *
                  220-        *       -2.60371564310-60.              0.
                  221-        FORCE  *1               78              0               1.              *
                  222-        *       -2.60373508350-60.              0.
                  223-        FORCE  *1               79              0               1.              *
                  224-        *       -6.54933410260-60.              0.
                  225-        FORCE  *1               83              0               1.              *
1                                                                              JUNE  20, 2025  MSC Nastran 11/21/24   PAGE    10
                                                                                                                                    
0                                                                                                                                   
                                                  S O R T E D   B U L K   D A T A   E C H O                                         
                 ENTRY                                                                                                              
                 COUNT        .   1  ..   2  ..   3  ..   4  ..   5  ..   6  ..   7  ..   8  ..   9  ..  10  .                      
                  226-        *       0.              -2.60373360560-60.
                  227-        FORCE  *1               84              0               1.              *
                  228-        *       0.              3.9456073182E-060.
                  229-        FORCE  *1               87              0               1.              *
                  230-        *       0.              -6.54933228360-60.
                  231-        FORCE  *1               88              0               1.              *
                  232-        *       0.              -1.30986747990-50.
                  233-        FORCE  *1               93              0               1.              *
                  234-        *       0.              0.              -6.549355362E-06
                  235-        FORCE  *1               94              0               1.              *
                  236-        *       0.              0.              -2.60372723910-6
                  237-        FORCE  *1               95              0               1.              *
                  238-        *       0.              0.              -6.54931204740-6
                  239-        FORCE  *1               96              0               1.              *
                  240-        *       0.              0.              -2.60371291460-6
                  241-        FORCE  *1               98              0               1.              *
                  242-        *       41666.666665    0.              0.
                  243-        FORCE  *1               99              0               1.              *
                  244-        *       41666.666665    0.              0.
                  245-        FORCE  *1               102             0               1.              *
                  246-        *       41666.666665    0.              0.
                  247-        FORCE  *1               103             0               1.              *
                  248-        *       41666.666665    0.              0.
                  249-        FORCE  *1               107             0               1.              *
                  250-        *       0.              41666.666665    0.
                  251-        FORCE  *1               108             0               1.              *
                  252-        *       0.              41666.666665    0.
                  253-        FORCE  *1               111             0               1.              *
                  254-        *       0.              41666.666665    0.
                  255-        FORCE  *1               112             0               1.              *
                  256-        *       0.              41666.666665    0.
                  257-        FORCE  *1               117             0               1.              *
                  258-        *       0.              0.              55555.555552
                  259-        FORCE  *1               118             0               1.              *
                  260-        *       0.              0.              27777.777776
                  261-        FORCE  *1               119             0               1.              *
                  262-        *       0.              0.              55555.555552
                  263-        FORCE  *1               120             0               1.              *
                  264-        *       0.              0.              27777.777776
                  265-        FORCE  *1               122             0               1.              *
                  266-        *       -13888.888888   0.              0.
                  267-        FORCE  *1               123             0               1.              *
                  268-        *       -13888.888888   0.              0.
                  269-        FORCE  *1               126             0               1.              *
                  270-        *       -13888.888888   0.              0.
1                                                                              JUNE  20, 2025  MSC Nastran 11/21/24   PAGE    11
                                                                                                                                    
0                                                                                                                                   
                                                  S O R T E D   B U L K   D A T A   E C H O                                         
                 ENTRY                                                                                                              
                 COUNT        .   1  ..   2  ..   3  ..   4  ..   5  ..   6  ..   7  ..   8  ..   9  ..  10  .                      
                  271-        FORCE  *1               127             0               1.              *
                  272-        *       -13888.888888   0.              0.
                  273-        FORCE  *1               131             0               1.              *
                  274-        *       0.              -13888.888888   0.
                  275-        FORCE  *1               132             0               1.              *
                  276-        *       0.              -13888.888888   0.
                  277-        FORCE  *1               135             0               1.              *
                  278-        *       0.              -13888.888888   0.
                  279-        FORCE  *1               136             0               1.              *
                  280-        *       0.              -13888.888888   0.
                  281-        FORCE  *1               141             0               1.              *
                  282-        *       0.              0.              -2.60379658810-6
                  283-        FORCE  *1               142             0               1.              *
                  284-        *       0.              0.              -6.54934535760-6
                  285-        FORCE  *1               143             0               1.              *
                  286-        *       0.              0.              -2.60369517950-6
                  287-        FORCE  *1               144             0               1.              *
                  288-        *       0.              0.              -6.54929181110-6
                  289-        FORCE  *1               146             0               1.              *
                  290-        *       55555.555554    0.              0.
                  291-        FORCE  *1               150             0               1.              *
                  292-        *       55555.555554    0.              0.
                  293-        FORCE  *1               151             0               1.              *
                  294-        *       55555.555554    0.              0.
                  295-        FORCE  *1               154             0               1.              *
                  296-        *       55555.555554    0.              0.
                  297-        FORCE  *1               159             0               1.              *
                  298-        *       0.              55555.555554    0.
                  299-        FORCE  *1               163             0               1.              *
                  300-        *       0.              55555.555554    0.
                  301-        FORCE  *1               164             0               1.              *
                  302-        *       0.              55555.555554    0.
                  303-        FORCE  *1               167             0               1.              *
                  304-        *       0.              55555.555554    0.
                  305-        FORCE  *1               177             0               1.              *
                  306-        *       0.              0.              55555.555552
                  307-        FORCE  *1               178             0               1.              *
                  308-        *       0.              0.              55555.555552
                  309-        FORCE  *1               179             0               1.              *
                  310-        *       0.              0.              55555.555552
                  311-        FORCE  *1               180             0               1.              *
                  312-        *       0.              0.              55555.555552
                  313-        FORCE  *1               181             0               1.              *
                  314-        *       27777.777799    0.              0.
                  315-        FORCE  *1               182             0               1.              *
1                                                                              JUNE  20, 2025  MSC Nastran 11/21/24   PAGE    12
                                                                                                                                    
0                                                                                                                                   
                                                  S O R T E D   B U L K   D A T A   E C H O                                         
                 ENTRY                                                                                                              
                 COUNT        .   1  ..   2  ..   3  ..   4  ..   5  ..   6  ..   7  ..   8  ..   9  ..  10  .                      
                  316-        *       27777.777757    0.              0.
                  317-        FORCE  *1               183             0               1.              *
                  318-        *       55555.555599    0.              0.
                  319-        FORCE  *1               188             0               1.              *
                  320-        *       0.              27777.777799    0.
                  321-        FORCE  *1               191             0               1.              *
                  322-        *       0.              27777.777757    0.
                  323-        FORCE  *1               192             0               1.              *
                  324-        *       0.              55555.555557    0.
                  325-        FORCE  *1               193             0               1.              *
                  326-        *       0.              0.              27777.777799
                  327-        FORCE  *1               196             0               1.              *
                  328-        *       0.              0.              55555.555597
                  329-        FORCE  *1               197             0               1.              *
                  330-        *       0.              0.              27777.777757
                  331-        FORCE  *1               209             0               1.              *
                  332-        *       27777.777799    0.              0.
                  333-        FORCE  *1               210             0               1.              *
                  334-        *       27777.777757    0.              0.
                  335-        FORCE  *1               217             0               1.              *
                  336-        *       0.              27777.777799    0.
                  337-        FORCE  *1               219             0               1.              *
                  338-        *       0.              27777.777799    0.
                  339-        FORCE  *1               226             0               1.              *
                  340-        *       0.              0.              27777.777757
                  341-        FORCE  *1               227             0               1.              *
                  342-        *       0.              0.              27777.777799
                  343-        FORCE  *1               238             0               1.              *
                  344-        *       55555.555554    0.              0.
                  345-        FORCE  *1               244             0               1.              *
                  346-        *       0.              55555.555554    0.
                  347-        FORCE  *1               247             0               1.              *
                  348-        *       0.              55555.555554    0.
                  349-        FORCE  *1               248             0               1.              *
                  350-        *       0.              55555.555554    0.
                  351-        FORCE  *1               250             0               1.              *
                  352-        *       0.              55555.555554    0.
                  353-        FORCE  *1               259             0               1.              *
                  354-        *       0.              0.              27777.777799
                  355-        FORCE  *1               260             0               1.              *
                  356-        *       0.              0.              27777.777757
                  357-        FORCE  *1               261             0               1.              *
                  358-        *       0.              0.              55555.555597
                  359-        FORCE  *1               263             0               1.              *
                  360-        *       55555.555554    0.              0.
1                                                                              JUNE  20, 2025  MSC Nastran 11/21/24   PAGE    13
                                                                                                                                    
0                                                                                                                                   
                                                  S O R T E D   B U L K   D A T A   E C H O                                         
                 ENTRY                                                                                                              
                 COUNT        .   1  ..   2  ..   3  ..   4  ..   5  ..   6  ..   7  ..   8  ..   9  ..  10  .                      
                  361-        FORCE  *1               264             0               1.              *
                  362-        *       55555.555554    0.              0.
                  363-        FORCE  *1               266             0               1.              *
                  364-        *       55555.555554    0.              0.
                  365-        FORCE  *1               275             0               1.              *
                  366-        *       0.              0.              27777.777799
                  367-        FORCE  *1               276             0               1.              *
                  368-        *       0.              0.              27777.777757
                  369-        GRID   *1               0               0.              0.              *
                  370-        *       0.              0
                  371-        GRID   *2               0               1.              0.              *
                  372-        *       0.              0
                  373-        GRID   *3               0               1.              1.              *
                  374-        *       0.              0
                  375-        GRID   *4               0               0.              1.              *
                  376-        *       0.              0
                  377-        GRID   *5               0               0.              0.              *
                  378-        *       1.              0
                  379-        GRID   *6               0               1.              0.              *
                  380-        *       1.              0
                  381-        GRID   *7               0               1.              1.              *
                  382-        *       1.              0
                  383-        GRID   *8               0               0.              1.              *
                  384-        *       1.              0
                  385-        GRID   *9               0               2.              0.              *
                  386-        *       0.              0
                  387-        GRID   *10              0               3.              0.              *
                  388-        *       0.              0
                  389-        GRID   *11              0               3.              1.              *
                  390-        *       0.              0
                  391-        GRID   *12              0               2.              1.              *
                  392-        *       0.              0
                  393-        GRID   *13              0               2.              0.              *
                  394-        *       1.              0
                  395-        GRID   *14              0               3.              0.              *
                  396-        *       1.              0
                  397-        GRID   *15              0               3.              1.              *
                  398-        *       1.              0
                  399-        GRID   *16              0               2.              1.              *
                  400-        *       1.              0
                  401-        GRID   *17              0               4.              0.              *
                  402-        *       0.              0
                  403-        GRID   *18              0               5.              0.              *
                  404-        *       0.              0
                  405-        GRID   *19              0               5.              1.              *
1                                                                              JUNE  20, 2025  MSC Nastran 11/21/24   PAGE    14
                                                                                                                                    
0                                                                                                                                   
                                                  S O R T E D   B U L K   D A T A   E C H O                                         
                 ENTRY                                                                                                              
                 COUNT        .   1  ..   2  ..   3  ..   4  ..   5  ..   6  ..   7  ..   8  ..   9  ..  10  .                      
                  406-        *       0.              0
                  407-        GRID   *20              0               4.              1.              *
                  408-        *       0.              0
                  409-        GRID   *21              0               4.              0.              *
                  410-        *       1.              0
                  411-        GRID   *22              0               5.              0.              *
                  412-        *       1.              0
                  413-        GRID   *23              0               5.              1.              *
                  414-        *       1.              0
                  415-        GRID   *24              0               4.              1.              *
                  416-        *       1.              0
                  417-        GRID   *25              0               0.              2.              *
                  418-        *       0.              0
                  419-        GRID   *26              0               1.              2.              *
                  420-        *       0.              0
                  421-        GRID   *27              0               1.              3.              *
                  422-        *       0.              0
                  423-        GRID   *28              0               0.              3.              *
                  424-        *       0.              0
                  425-        GRID   *29              0               0.              2.              *
                  426-        *       1.              0
                  427-        GRID   *30              0               1.              2.              *
                  428-        *       1.              0
                  429-        GRID   *31              0               1.              3.              *
                  430-        *       1.              0
                  431-        GRID   *32              0               0.              3.              *
                  432-        *       1.              0
                  433-        GRID   *33              0               2.              2.              *
                  434-        *       0.              0
                  435-        GRID   *34              0               3.              2.              *
                  436-        *       0.              0
                  437-        GRID   *35              0               3.              3.              *
                  438-        *       0.              0
                  439-        GRID   *36              0               2.              3.              *
                  440-        *       0.              0
                  441-        GRID   *37              0               2.              2.              *
                  442-        *       1.              0
                  443-        GRID   *38              0               3.              2.              *
                  444-        *       1.              0
                  445-        GRID   *39              0               3.              3.              *
                  446-        *       1.              0
                  447-        GRID   *40              0               2.              3.              *
                  448-        *       1.              0
                  449-        GRID   *41              0               4.              2.              *
                  450-        *       0.              0
1                                                                              JUNE  20, 2025  MSC Nastran 11/21/24   PAGE    15
                                                                                                                                    
0                                                                                                                                   
                                                  S O R T E D   B U L K   D A T A   E C H O                                         
                 ENTRY                                                                                                              
                 COUNT        .   1  ..   2  ..   3  ..   4  ..   5  ..   6  ..   7  ..   8  ..   9  ..  10  .                      
                  451-        GRID   *42              0               5.              2.              *
                  452-        *       0.              0
                  453-        GRID   *43              0               5.              3.              *
                  454-        *       0.              0
                  455-        GRID   *44              0               4.              3.              *
                  456-        *       0.              0
                  457-        GRID   *45              0               4.              2.              *
                  458-        *       1.              0
                  459-        GRID   *46              0               5.              2.              *
                  460-        *       1.              0
                  461-        GRID   *47              0               5.              3.              *
                  462-        *       1.              0
                  463-        GRID   *48              0               4.              3.              *
                  464-        *       1.              0
                  465-        GRID   *49              0               0.              4.              *
                  466-        *       0.              0
                  467-        GRID   *50              0               1.              4.              *
                  468-        *       0.              0
                  469-        GRID   *51              0               1.              5.              *
                  470-        *       0.              0
                  471-        GRID   *52              0               0.              5.              *
                  472-        *       0.              0
                  473-        GRID   *53              0               0.              4.              *
                  474-        *       1.              0
                  475-        GRID   *54              0               1.              4.              *
                  476-        *       1.              0
                  477-        GRID   *55              0               1.              5.              *
                  478-        *       1.              0
                  479-        GRID   *56              0               0.              5.              *
                  480-        *       1.              0
                  481-        GRID   *57              0               2.              4.              *
                  482-        *       0.              0
                  483-        GRID   *58              0               3.              4.              *
                  484-        *       0.              0
                  485-        GRID   *59              0               3.              5.              *
                  486-        *       0.              0
                  487-        GRID   *60              0               2.              5.              *
                  488-        *       0.              0
                  489-        GRID   *61              0               2.              4.              *
                  490-        *       1.              0
                  491-        GRID   *62              0               3.              4.              *
                  492-        *       1.              0
                  493-        GRID   *63              0               3.              5.              *
                  494-        *       1.              0
                  495-        GRID   *64              0               2.              5.              *
1                                                                              JUNE  20, 2025  MSC Nastran 11/21/24   PAGE    16
                                                                                                                                    
0                                                                                                                                   
                                                  S O R T E D   B U L K   D A T A   E C H O                                         
                 ENTRY                                                                                                              
                 COUNT        .   1  ..   2  ..   3  ..   4  ..   5  ..   6  ..   7  ..   8  ..   9  ..  10  .                      
                  496-        *       1.              0
                  497-        GRID   *65              0               4.              4.              *
                  498-        *       0.              0
                  499-        GRID   *66              0               5.              4.              *
                  500-        *       0.              0
                  501-        GRID   *67              0               5.              5.              *
                  502-        *       0.              0
                  503-        GRID   *68              0               4.              5.              *
                  504-        *       0.              0
                  505-        GRID   *69              0               4.              4.              *
                  506-        *       1.              0
                  507-        GRID   *70              0               5.              4.              *
                  508-        *       1.              0
                  509-        GRID   *71              0               5.              5.              *
                  510-        *       1.              0
                  511-        GRID   *72              0               4.              5.              *
                  512-        *       1.              0
                  513-        GRID   *73              0               0.              6.              *
                  514-        *       0.              0
                  515-        GRID   *74              0               1.              6.              *
                  516-        *       0.              0
                  517-        GRID   *75              0               1.              7.              *
                  518-        *       0.              0
                  519-        GRID   *76              0               0.              7.              *
                  520-        *       0.              0
                  521-        GRID   *77              0               0.              6.              *
                  522-        *       1.              0
                  523-        GRID   *78              0               1.              6.              *
                  524-        *       1.              0
                  525-        GRID   *79              0               1.              7.              *
                  526-        *       1.              0
                  527-        GRID   *80              0               0.              7.              *
                  528-        *       1.              0
                  529-        GRID   *81              0               2.              6.              *
                  530-        *       0.              0
                  531-        GRID   *82              0               3.              6.              *
                  532-        *       0.              0
                  533-        GRID   *83              0               3.              7.              *
                  534-        *       0.              0
                  535-        GRID   *84              0               2.              7.              *
                  536-        *       0.              0
                  537-        GRID   *85              0               2.              6.              *
                  538-        *       1.              0
                  539-        GRID   *86              0               3.              6.              *
                  540-        *       1.              0
1                                                                              JUNE  20, 2025  MSC Nastran 11/21/24   PAGE    17
                                                                                                                                    
0                                                                                                                                   
                                                  S O R T E D   B U L K   D A T A   E C H O                                         
                 ENTRY                                                                                                              
                 COUNT        .   1  ..   2  ..   3  ..   4  ..   5  ..   6  ..   7  ..   8  ..   9  ..  10  .                      
                  541-        GRID   *87              0               3.              7.              *
                  542-        *       1.              0
                  543-        GRID   *88              0               2.              7.              *
                  544-        *       1.              0
                  545-        GRID   *89              0               4.              6.              *
                  546-        *       0.              0
                  547-        GRID   *90              0               5.              6.              *
                  548-        *       0.              0
                  549-        GRID   *91              0               5.              7.              *
                  550-        *       0.              0
                  551-        GRID   *92              0               4.              7.              *
                  552-        *       0.              0
                  553-        GRID   *93              0               4.              6.              *
                  554-        *       1.              0
                  555-        GRID   *94              0               5.              6.              *
                  556-        *       1.              0
                  557-        GRID   *95              0               5.              7.              *
                  558-        *       1.              0
                  559-        GRID   *96              0               4.              7.              *
                  560-        *       1.              0
                  561-        GRID   *97              0               0.              8.              *
                  562-        *       0.              0
                  563-        GRID   *98              0               1.              8.              *
                  564-        *       0.              0
                  565-        GRID   *99              0               1.              9.              *
                  566-        *       0.              0
                  567-        GRID   *100             0               0.              9.              *
                  568-        *       0.              0
                  569-        GRID   *101             0               0.              8.              *
                  570-        *       1.              0
                  571-        GRID   *102             0               1.              8.              *
                  572-        *       1.              0
                  573-        GRID   *103             0               1.              9.              *
                  574-        *       1.              0
                  575-        GRID   *104             0               0.              9.              *
                  576-        *       1.              0
                  577-        GRID   *105             0               2.              8.              *
                  578-        *       0.              0
                  579-        GRID   *106             0               3.              8.              *
                  580-        *       0.              0
                  581-        GRID   *107             0               3.              9.              *
                  582-        *       0.              0
                  583-        GRID   *108             0               2.              9.              *
                  584-        *       0.              0
                  585-        GRID   *109             0               2.              8.              *
1                                                                              JUNE  20, 2025  MSC Nastran 11/21/24   PAGE    18
                                                                                                                                    
0                                                                                                                                   
                                                  S O R T E D   B U L K   D A T A   E C H O                                         
                 ENTRY                                                                                                              
                 COUNT        .   1  ..   2  ..   3  ..   4  ..   5  ..   6  ..   7  ..   8  ..   9  ..  10  .                      
                  586-        *       1.              0
                  587-        GRID   *110             0               3.              8.              *
                  588-        *       1.              0
                  589-        GRID   *111             0               3.              9.              *
                  590-        *       1.              0
                  591-        GRID   *112             0               2.              9.              *
                  592-        *       1.              0
                  593-        GRID   *113             0               4.              8.              *
                  594-        *       0.              0
                  595-        GRID   *114             0               5.              8.              *
                  596-        *       0.              0
                  597-        GRID   *115             0               5.              9.              *
                  598-        *       0.              0
                  599-        GRID   *116             0               4.              9.              *
                  600-        *       0.              0
                  601-        GRID   *117             0               4.              8.              *
                  602-        *       1.              0
                  603-        GRID   *118             0               5.              8.              *
                  604-        *       1.              0
                  605-        GRID   *119             0               5.              9.              *
                  606-        *       1.              0
                  607-        GRID   *120             0               4.              9.              *
                  608-        *       1.              0
                  609-        GRID   *121             0               0.              10.             *
                  610-        *       0.              0
                  611-        GRID   *122             0               1.              10.             *
                  612-        *       0.              0
                  613-        GRID   *123             0               1.              11.             *
                  614-        *       0.              0
                  615-        GRID   *124             0               0.              11.             *
                  616-        *       0.              0
                  617-        GRID   *125             0               0.              10.             *
                  618-        *       1.              0
                  619-        GRID   *126             0               1.              10.             *
                  620-        *       1.              0
                  621-        GRID   *127             0               1.              11.             *
                  622-        *       1.              0
                  623-        GRID   *128             0               0.              11.             *
                  624-        *       1.              0
                  625-        GRID   *129             0               2.              10.             *
                  626-        *       0.              0
                  627-        GRID   *130             0               3.              10.             *
                  628-        *       0.              0
                  629-        GRID   *131             0               3.              11.             *
                  630-        *       0.              0
1                                                                              JUNE  20, 2025  MSC Nastran 11/21/24   PAGE    19
                                                                                                                                    
0                                                                                                                                   
                                                  S O R T E D   B U L K   D A T A   E C H O                                         
                 ENTRY                                                                                                              
                 COUNT        .   1  ..   2  ..   3  ..   4  ..   5  ..   6  ..   7  ..   8  ..   9  ..  10  .                      
                  631-        GRID   *132             0               2.              11.             *
                  632-        *       0.              0
                  633-        GRID   *133             0               2.              10.             *
                  634-        *       1.              0
                  635-        GRID   *134             0               3.              10.             *
                  636-        *       1.              0
                  637-        GRID   *135             0               3.              11.             *
                  638-        *       1.              0
                  639-        GRID   *136             0               2.              11.             *
                  640-        *       1.              0
                  641-        GRID   *137             0               4.              10.             *
                  642-        *       0.              0
                  643-        GRID   *138             0               5.              10.             *
                  644-        *       0.              0
                  645-        GRID   *139             0               5.              11.             *
                  646-        *       0.              0
                  647-        GRID   *140             0               4.              11.             *
                  648-        *       0.              0
                  649-        GRID   *141             0               4.              10.             *
                  650-        *       1.              0
                  651-        GRID   *142             0               5.              10.             *
                  652-        *       1.              0
                  653-        GRID   *143             0               5.              11.             *
                  654-        *       1.              0
                  655-        GRID   *144             0               4.              11.             *
                  656-        *       1.              0
                  657-        GRID   *145             0               .5              2.              *
                  658-        *       0.              0
                  659-        GRID   *146             0               1.              2.5             *
                  660-        *       0.              0
                  661-        GRID   *147             0               .5              3.              *
                  662-        *       0.              0
                  663-        GRID   *148             0               0.              2.5             *
                  664-        *       0.              0
                  665-        GRID   *149             0               0.              2.              *
                  666-        *       .5              0
                  667-        GRID   *150             0               1.              2.              *
                  668-        *       .5              0
                  669-        GRID   *151             0               1.              3.              *
                  670-        *       .5              0
                  671-        GRID   *152             0               0.              3.              *
                  672-        *       .5              0
                  673-        GRID   *153             0               .5              2.              *
                  674-        *       1.              0
                  675-        GRID   *154             0               1.              2.5             *
1                                                                              JUNE  20, 2025  MSC Nastran 11/21/24   PAGE    20
                                                                                                                                    
0                                                                                                                                   
                                                  S O R T E D   B U L K   D A T A   E C H O                                         
                 ENTRY                                                                                                              
                 COUNT        .   1  ..   2  ..   3  ..   4  ..   5  ..   6  ..   7  ..   8  ..   9  ..  10  .                      
                  676-        *       1.              0
                  677-        GRID   *155             0               .5              3.              *
                  678-        *       1.              0
                  679-        GRID   *156             0               0.              2.5             *
                  680-        *       1.              0
                  681-        GRID   *157             0               2.5             2.              *
                  682-        *       0.              0
                  683-        GRID   *158             0               3.              2.5             *
                  684-        *       0.              0
                  685-        GRID   *159             0               2.5             3.              *
                  686-        *       0.              0
                  687-        GRID   *160             0               2.              2.5             *
                  688-        *       0.              0
                  689-        GRID   *161             0               2.              2.              *
                  690-        *       .5              0
                  691-        GRID   *162             0               3.              2.              *
                  692-        *       .5              0
                  693-        GRID   *163             0               3.              3.              *
                  694-        *       .5              0
                  695-        GRID   *164             0               2.              3.              *
                  696-        *       .5              0
                  697-        GRID   *165             0               2.5             2.              *
                  698-        *       1.              0
                  699-        GRID   *166             0               3.              2.5             *
                  700-        *       1.              0
                  701-        GRID   *167             0               2.5             3.              *
                  702-        *       1.              0
                  703-        GRID   *168             0               2.              2.5             *
                  704-        *       1.              0
                  705-        GRID   *169             0               4.5             2.              *
                  706-        *       0.              0
                  707-        GRID   *170             0               5.              2.5             *
                  708-        *       0.              0
                  709-        GRID   *171             0               4.5             3.              *
                  710-        *       0.              0
                  711-        GRID   *172             0               4.              2.5             *
                  712-        *       0.              0
                  713-        GRID   *173             0               4.              2.              *
                  714-        *       .5              0
                  715-        GRID   *174             0               5.              2.              *
                  716-        *       .5              0
                  717-        GRID   *175             0               5.              3.              *
                  718-        *       .5              0
                  719-        GRID   *176             0               4.              3.              *
                  720-        *       .5              0
1                                                                              JUNE  20, 2025  MSC Nastran 11/21/24   PAGE    21
                                                                                                                                    
0                                                                                                                                   
                                                  S O R T E D   B U L K   D A T A   E C H O                                         
                 ENTRY                                                                                                              
                 COUNT        .   1  ..   2  ..   3  ..   4  ..   5  ..   6  ..   7  ..   8  ..   9  ..  10  .                      
                  721-        GRID   *177             0               4.5             2.              *
                  722-        *       1.              0
                  723-        GRID   *178             0               5.              2.5             *
                  724-        *       1.              0
                  725-        GRID   *179             0               4.5             3.              *
                  726-        *       1.              0
                  727-        GRID   *180             0               4.              2.5             *
                  728-        *       1.              0
                  729-        GRID   *181             0               1.              6.5             *
                  730-        *       1.              0
                  731-        GRID   *182             0               1.              7.              *
                  732-        *       .5              0
                  733-        GRID   *183             0               1.              6.5             *
                  734-        *       .5              0
                  735-        GRID   *184             0               .5              6.5             *
                  736-        *       1.              0
                  737-        GRID   *185             0               .5              7.              *
                  738-        *       1.              0
                  739-        GRID   *186             0               .5              7.              *
                  740-        *       .5              0
                  741-        GRID   *187             0               3.              6.5             *
                  742-        *       1.              0
                  743-        GRID   *188             0               3.              7.              *
                  744-        *       .5              0
                  745-        GRID   *189             0               3.              6.5             *
                  746-        *       .5              0
                  747-        GRID   *190             0               2.5             6.5             *
                  748-        *       1.              0
                  749-        GRID   *191             0               2.5             7.              *
                  750-        *       1.              0
                  751-        GRID   *192             0               2.5             7.              *
                  752-        *       .5              0
                  753-        GRID   *193             0               5.              6.5             *
                  754-        *       1.              0
                  755-        GRID   *194             0               5.              7.              *
                  756-        *       .5              0
                  757-        GRID   *195             0               5.              6.5             *
                  758-        *       .5              0
                  759-        GRID   *196             0               4.5             6.5             *
                  760-        *       1.              0
                  761-        GRID   *197             0               4.5             7.              *
                  762-        *       1.              0
                  763-        GRID   *198             0               4.5             7.              *
                  764-        *       .5              0
                  765-        GRID   *199             0               .5              6.              *
1                                                                              JUNE  20, 2025  MSC Nastran 11/21/24   PAGE    22
                                                                                                                                    
0                                                                                                                                   
                                                  S O R T E D   B U L K   D A T A   E C H O                                         
                 ENTRY                                                                                                              
                 COUNT        .   1  ..   2  ..   3  ..   4  ..   5  ..   6  ..   7  ..   8  ..   9  ..  10  .                      
                  766-        *       .5              0
                  767-        GRID   *200             0               0.              6.5             *
                  768-        *       .5              0
                  769-        GRID   *201             0               0.              6.              *
                  770-        *       .5              0
                  771-        GRID   *202             0               .5              6.              *
                  772-        *       1.              0
                  773-        GRID   *203             0               0.              6.5             *
                  774-        *       1.              0
                  775-        GRID   *204             0               .5              6.5             *
                  776-        *       0.              0
                  777-        GRID   *205             0               .5              7.              *
                  778-        *       0.              0
                  779-        GRID   *206             0               0.              6.5             *
                  780-        *       0.              0
                  781-        GRID   *207             0               0.              7.              *
                  782-        *       .5              0
                  783-        GRID   *208             0               .5              6.              *
                  784-        *       0.              0
                  785-        GRID   *209             0               1.              6.5             *
                  786-        *       0.              0
                  787-        GRID   *210             0               1.              6.              *
                  788-        *       .5              0
                  789-        GRID   *211             0               2.5             6.              *
                  790-        *       .5              0
                  791-        GRID   *212             0               2.              6.5             *
                  792-        *       .5              0
                  793-        GRID   *213             0               2.              6.              *
                  794-        *       .5              0
                  795-        GRID   *214             0               2.5             6.              *
                  796-        *       1.              0
                  797-        GRID   *215             0               2.              6.5             *
                  798-        *       1.              0
                  799-        GRID   *216             0               2.5             6.5             *
                  800-        *       0.              0
                  801-        GRID   *217             0               2.5             7.              *
                  802-        *       0.              0
                  803-        GRID   *218             0               2.              6.5             *
                  804-        *       0.              0
                  805-        GRID   *219             0               2.              7.              *
                  806-        *       .5              0
                  807-        GRID   *220             0               2.5             6.              *
                  808-        *       0.              0
                  809-        GRID   *221             0               3.              6.5             *
                  810-        *       0.              0
1                                                                              JUNE  20, 2025  MSC Nastran 11/21/24   PAGE    23
                                                                                                                                    
0                                                                                                                                   
                                                  S O R T E D   B U L K   D A T A   E C H O                                         
                 ENTRY                                                                                                              
                 COUNT        .   1  ..   2  ..   3  ..   4  ..   5  ..   6  ..   7  ..   8  ..   9  ..  10  .                      
                  811-        GRID   *222             0               3.              6.              *
                  812-        *       .5              0
                  813-        GRID   *223             0               4.5             6.              *
                  814-        *       .5              0
                  815-        GRID   *224             0               4.              6.5             *
                  816-        *       .5              0
                  817-        GRID   *225             0               4.              6.              *
                  818-        *       .5              0
                  819-        GRID   *226             0               4.5             6.              *
                  820-        *       1.              0
                  821-        GRID   *227             0               4.              6.5             *
                  822-        *       1.              0
                  823-        GRID   *228             0               4.5             6.5             *
                  824-        *       0.              0
                  825-        GRID   *229             0               4.5             7.              *
                  826-        *       0.              0
                  827-        GRID   *230             0               4.              6.5             *
                  828-        *       0.              0
                  829-        GRID   *231             0               4.              7.              *
                  830-        *       .5              0
                  831-        GRID   *232             0               4.5             6.              *
                  832-        *       0.              0
                  833-        GRID   *233             0               5.              6.5             *
                  834-        *       0.              0
                  835-        GRID   *234             0               5.              6.              *
                  836-        *       .5              0
                  837-        GRID   *235             0               .5              11.             *
                  838-        *       0.              0
                  839-        GRID   *236             0               0.              10.5            *
                  840-        *       0.              0
                  841-        GRID   *237             0               .5              10.5            *
                  842-        *       0.              0
                  843-        GRID   *238             0               1.              11.             *
                  844-        *       .5              0
                  845-        GRID   *239             0               0.              11.             *
                  846-        *       .5              0
                  847-        GRID   *240             0               0.              10.             *
                  848-        *       .5              0
                  849-        GRID   *241             0               .5              11.             *
                  850-        *       1.              0
                  851-        GRID   *242             0               0.              10.5            *
                  852-        *       1.              0
                  853-        GRID   *243             0               .5              10.5            *
                  854-        *       1.              0
                  855-        GRID   *244             0               2.5             11.             *
1                                                                              JUNE  20, 2025  MSC Nastran 11/21/24   PAGE    24
                                                                                                                                    
0                                                                                                                                   
                                                  S O R T E D   B U L K   D A T A   E C H O                                         
                 ENTRY                                                                                                              
                 COUNT        .   1  ..   2  ..   3  ..   4  ..   5  ..   6  ..   7  ..   8  ..   9  ..  10  .                      
                  856-        *       0.              0
                  857-        GRID   *245             0               2.              10.5            *
                  858-        *       0.              0
                  859-        GRID   *246             0               2.5             10.5            *
                  860-        *       0.              0
                  861-        GRID   *247             0               3.              11.             *
                  862-        *       .5              0
                  863-        GRID   *248             0               2.              11.             *
                  864-        *       .5              0
                  865-        GRID   *249             0               2.              10.             *
                  866-        *       .5              0
                  867-        GRID   *250             0               2.5             11.             *
                  868-        *       1.              0
                  869-        GRID   *251             0               2.              10.5            *
                  870-        *       1.              0
                  871-        GRID   *252             0               2.5             10.5            *
                  872-        *       1.              0
                  873-        GRID   *253             0               4.5             11.             *
                  874-        *       0.              0
                  875-        GRID   *254             0               4.              10.5            *
                  876-        *       0.              0
                  877-        GRID   *255             0               4.5             10.5            *
                  878-        *       0.              0
                  879-        GRID   *256             0               5.              11.             *
                  880-        *       .5              0
                  881-        GRID   *257             0               4.              11.             *
                  882-        *       .5              0
                  883-        GRID   *258             0               4.              10.             *
                  884-        *       .5              0
                  885-        GRID   *259             0               4.5             11.             *
                  886-        *       1.              0
                  887-        GRID   *260             0               4.              10.5            *
                  888-        *       1.              0
                  889-        GRID   *261             0               4.5             10.5            *
                  890-        *       1.              0
                  891-        GRID   *262             0               .5              10.             *
                  892-        *       0.              0
                  893-        GRID   *263             0               1.              10.5            *
                  894-        *       0.              0
                  895-        GRID   *264             0               1.              10.             *
                  896-        *       .5              0
                  897-        GRID   *265             0               .5              10.             *
                  898-        *       1.              0
                  899-        GRID   *266             0               1.              10.5            *
                  900-        *       1.              0
1                                                                              JUNE  20, 2025  MSC Nastran 11/21/24   PAGE    25
                                                                                                                                    
0                                                                                                                                   
                                                  S O R T E D   B U L K   D A T A   E C H O                                         
                 ENTRY                                                                                                              
                 COUNT        .   1  ..   2  ..   3  ..   4  ..   5  ..   6  ..   7  ..   8  ..   9  ..  10  .                      
                  901-        GRID   *267             0               2.5             10.             *
                  902-        *       0.              0
                  903-        GRID   *268             0               3.              10.5            *
                  904-        *       0.              0
                  905-        GRID   *269             0               3.              10.             *
                  906-        *       .5              0
                  907-        GRID   *270             0               2.5             10.             *
                  908-        *       1.              0
                  909-        GRID   *271             0               3.              10.5            *
                  910-        *       1.              0
                  911-        GRID   *272             0               4.5             10.             *
                  912-        *       0.              0
                  913-        GRID   *273             0               5.              10.5            *
                  914-        *       0.              0
                  915-        GRID   *274             0               5.              10.             *
                  916-        *       .5              0
                  917-        GRID   *275             0               4.5             10.             *
                  918-        *       1.              0
                  919-        GRID   *276             0               5.              10.5            *
                  920-        *       1.              0
                  921-        MAT9   *1               266425011330.   62528318985.    112822836430.   *
                  922-        *       0.              0.              0.              320797462620.   *
                  923-        *       57091073856.    0.              0.              0.              *
                  924-        *       200838241960.   0.              0.              0.              *
                  925-        *       90000000000.    0.              0.              150000000000.   *
                  926-        *       0.              70000000000.    0.              0.              *
                  927-        *       0.              0.              0.              0.              *
                  928-        *       0.              0.              0.
                  929-        PSOLID *1               1               0               2               *
                  930-        *                       FULL
                  931-        PSOLID *2               1               0               3               *
                  932-        *                       FULL
                  933-        PSOLID *3               1               0
                  934-        PSOLID *4               1               0
                  935-        PSOLID *5               1               0               2               *
                  936-        *                       FULL
                  937-        PSOLID *6               1               0               3               *
                  938-        *                       FULL
                  939-        SPC    *1               1               1               0.
                  940-        SPC    *1               1               2               0.
                  941-        SPC    *1               1               3               0.
                  942-        SPC    *1               2               2               0.
                  943-        SPC    *1               2               3               0.
                  944-        SPC    *1               3               3               0.
                  945-        SPC    *1               4               1               0.
1                                                                              JUNE  20, 2025  MSC Nastran 11/21/24   PAGE    26
                                                                                                                                    
0                                                                                                                                   
                                                  S O R T E D   B U L K   D A T A   E C H O                                         
                 ENTRY                                                                                                              
                 COUNT        .   1  ..   2  ..   3  ..   4  ..   5  ..   6  ..   7  ..   8  ..   9  ..  10  .                      
                  946-        SPC    *1               4               3               0.
                  947-        SPC    *1               5               1               0.
                  948-        SPC    *1               5               2               0.
                  949-        SPC    *1               6               2               0.
                  950-        SPC    *1               8               1               0.
                  951-        SPC    *1               9               1               0.
                  952-        SPC    *1               9               2               0.
                  953-        SPC    *1               9               3               0.
                  954-        SPC    *1               10              2               0.
                  955-        SPC    *1               10              3               0.
                  956-        SPC    *1               11              3               0.
                  957-        SPC    *1               12              1               0.
                  958-        SPC    *1               12              3               0.
                  959-        SPC    *1               13              1               0.
                  960-        SPC    *1               13              2               0.
                  961-        SPC    *1               14              2               0.
                  962-        SPC    *1               16              1               0.
                  963-        SPC    *1               17              1               0.
                  964-        SPC    *1               17              2               0.
                  965-        SPC    *1               17              3               0.
                  966-        SPC    *1               18              2               0.
                  967-        SPC    *1               18              3               0.
                  968-        SPC    *1               19              3               0.
                  969-        SPC    *1               20              1               0.
                  970-        SPC    *1               20              3               0.
                  971-        SPC    *1               21              1               0.
                  972-        SPC    *1               21              2               0.
                  973-        SPC    *1               22              2               0.
                  974-        SPC    *1               24              1               0.
                  975-        SPC    *1               25              1               0.
                  976-        SPC    *1               25              2               0.
                  977-        SPC    *1               25              3               0.
                  978-        SPC    *1               26              2               0.
                  979-        SPC    *1               26              3               0.
                  980-        SPC    *1               27              3               0.
                  981-        SPC    *1               28              1               0.
                  982-        SPC    *1               28              3               0.
                  983-        SPC    *1               29              1               0.
                  984-        SPC    *1               29              2               0.
                  985-        SPC    *1               30              2               0.
                  986-        SPC    *1               32              1               0.
                  987-        SPC    *1               33              1               0.
                  988-        SPC    *1               33              2               0.
                  989-        SPC    *1               33              3               0.
                  990-        SPC    *1               34              2               0.
1                                                                              JUNE  20, 2025  MSC Nastran 11/21/24   PAGE    27
                                                                                                                                    
0                                                                                                                                   
                                                  S O R T E D   B U L K   D A T A   E C H O                                         
                 ENTRY                                                                                                              
                 COUNT        .   1  ..   2  ..   3  ..   4  ..   5  ..   6  ..   7  ..   8  ..   9  ..  10  .                      
                  991-        SPC    *1               34              3               0.
                  992-        SPC    *1               35              3               0.
                  993-        SPC    *1               36              1               0.
                  994-        SPC    *1               36              3               0.
                  995-        SPC    *1               37              1               0.
                  996-        SPC    *1               37              2               0.
                  997-        SPC    *1               38              2               0.
                  998-        SPC    *1               40              1               0.
                  999-        SPC    *1               41              1               0.
                 1000-        SPC    *1               41              2               0.
                 1001-        SPC    *1               41              3               0.
                 1002-        SPC    *1               42              2               0.
                 1003-        SPC    *1               42              3               0.
                 1004-        SPC    *1               43              3               0.
                 1005-        SPC    *1               44              1               0.
                 1006-        SPC    *1               44              3               0.
                 1007-        SPC    *1               45              1               0.
                 1008-        SPC    *1               45              2               0.
                 1009-        SPC    *1               46              2               0.
                 1010-        SPC    *1               48              1               0.
                 1011-        SPC    *1               49              1               0.
                 1012-        SPC    *1               49              2               0.
                 1013-        SPC    *1               49              3               0.
                 1014-        SPC    *1               50              2               0.
                 1015-        SPC    *1               50              3               0.
                 1016-        SPC    *1               51              3               0.
                 1017-        SPC    *1               52              1               0.
                 1018-        SPC    *1               52              3               0.
                 1019-        SPC    *1               53              1               0.
                 1020-        SPC    *1               53              2               0.
                 1021-        SPC    *1               54              2               0.
                 1022-        SPC    *1               56              1               0.
                 1023-        SPC    *1               57              1               0.
                 1024-        SPC    *1               57              2               0.
                 1025-        SPC    *1               57              3               0.
                 1026-        SPC    *1               58              2               0.
                 1027-        SPC    *1               58              3               0.
                 1028-        SPC    *1               59              3               0.
                 1029-        SPC    *1               60              1               0.
                 1030-        SPC    *1               60              3               0.
                 1031-        SPC    *1               61              1               0.
                 1032-        SPC    *1               61              2               0.
                 1033-        SPC    *1               62              2               0.
                 1034-        SPC    *1               64              1               0.
                 1035-        SPC    *1               65              1               0.
1                                                                              JUNE  20, 2025  MSC Nastran 11/21/24   PAGE    28
                                                                                                                                    
0                                                                                                                                   
                                                  S O R T E D   B U L K   D A T A   E C H O                                         
                 ENTRY                                                                                                              
                 COUNT        .   1  ..   2  ..   3  ..   4  ..   5  ..   6  ..   7  ..   8  ..   9  ..  10  .                      
                 1036-        SPC    *1               65              2               0.
                 1037-        SPC    *1               65              3               0.
                 1038-        SPC    *1               66              2               0.
                 1039-        SPC    *1               66              3               0.
                 1040-        SPC    *1               67              3               0.
                 1041-        SPC    *1               68              1               0.
                 1042-        SPC    *1               68              3               0.
                 1043-        SPC    *1               69              1               0.
                 1044-        SPC    *1               69              2               0.
                 1045-        SPC    *1               70              2               0.
                 1046-        SPC    *1               72              1               0.
                 1047-        SPC    *1               73              1               0.
                 1048-        SPC    *1               73              2               0.
                 1049-        SPC    *1               73              3               0.
                 1050-        SPC    *1               74              2               0.
                 1051-        SPC    *1               74              3               0.
                 1052-        SPC    *1               75              3               0.
                 1053-        SPC    *1               76              1               0.
                 1054-        SPC    *1               76              3               0.
                 1055-        SPC    *1               77              1               0.
                 1056-        SPC    *1               77              2               0.
                 1057-        SPC    *1               78              2               0.
                 1058-        SPC    *1               80              1               0.
                 1059-        SPC    *1               81              1               0.
                 1060-        SPC    *1               81              2               0.
                 1061-        SPC    *1               81              3               0.
                 1062-        SPC    *1               82              2               0.
                 1063-        SPC    *1               82              3               0.
                 1064-        SPC    *1               83              3               0.
                 1065-        SPC    *1               84              1               0.
                 1066-        SPC    *1               84              3               0.
                 1067-        SPC    *1               85              1               0.
                 1068-        SPC    *1               85              2               0.
                 1069-        SPC    *1               86              2               0.
                 1070-        SPC    *1               88              1               0.
                 1071-        SPC    *1               89              1               0.
                 1072-        SPC    *1               89              2               0.
                 1073-        SPC    *1               89              3               0.
                 1074-        SPC    *1               90              2               0.
                 1075-        SPC    *1               90              3               0.
                 1076-        SPC    *1               91              3               0.
                 1077-        SPC    *1               92              1               0.
                 1078-        SPC    *1               92              3               0.
                 1079-        SPC    *1               93              1               0.
                 1080-        SPC    *1               93              2               0.
1                                                                              JUNE  20, 2025  MSC Nastran 11/21/24   PAGE    29
                                                                                                                                    
0                                                                                                                                   
                                                  S O R T E D   B U L K   D A T A   E C H O                                         
                 ENTRY                                                                                                              
                 COUNT        .   1  ..   2  ..   3  ..   4  ..   5  ..   6  ..   7  ..   8  ..   9  ..  10  .                      
                 1081-        SPC    *1               94              2               0.
                 1082-        SPC    *1               96              1               0.
                 1083-        SPC    *1               97              1               0.
                 1084-        SPC    *1               97              2               0.
                 1085-        SPC    *1               97              3               0.
                 1086-        SPC    *1               98              2               0.
                 1087-        SPC    *1               98              3               0.
                 1088-        SPC    *1               99              3               0.
                 1089-        SPC    *1               100             1               0.
                 1090-        SPC    *1               100             3               0.
                 1091-        SPC    *1               101             1               0.
                 1092-        SPC    *1               101             2               0.
                 1093-        SPC    *1               102             2               0.
                 1094-        SPC    *1               104             1               0.
                 1095-        SPC    *1               105             1               0.
                 1096-        SPC    *1               105             2               0.
                 1097-        SPC    *1               105             3               0.
                 1098-        SPC    *1               106             2               0.
                 1099-        SPC    *1               106             3               0.
                 1100-        SPC    *1               107             3               0.
                 1101-        SPC    *1               108             1               0.
                 1102-        SPC    *1               108             3               0.
                 1103-        SPC    *1               109             1               0.
                 1104-        SPC    *1               109             2               0.
                 1105-        SPC    *1               110             2               0.
                 1106-        SPC    *1               112             1               0.
                 1107-        SPC    *1               113             1               0.
                 1108-        SPC    *1               113             2               0.
                 1109-        SPC    *1               113             3               0.
                 1110-        SPC    *1               114             2               0.
                 1111-        SPC    *1               114             3               0.
                 1112-        SPC    *1               115             3               0.
                 1113-        SPC    *1               116             1               0.
                 1114-        SPC    *1               116             3               0.
                 1115-        SPC    *1               117             1               0.
                 1116-        SPC    *1               117             2               0.
                 1117-        SPC    *1               118             2               0.
                 1118-        SPC    *1               120             1               0.
                 1119-        SPC    *1               121             1               0.
                 1120-        SPC    *1               121             2               0.
                 1121-        SPC    *1               121             3               0.
                 1122-        SPC    *1               122             2               0.
                 1123-        SPC    *1               122             3               0.
                 1124-        SPC    *1               123             3               0.
                 1125-        SPC    *1               124             1               0.
1                                                                              JUNE  20, 2025  MSC Nastran 11/21/24   PAGE    30
                                                                                                                                    
0                                                                                                                                   
                                                  S O R T E D   B U L K   D A T A   E C H O                                         
                 ENTRY                                                                                                              
                 COUNT        .   1  ..   2  ..   3  ..   4  ..   5  ..   6  ..   7  ..   8  ..   9  ..  10  .                      
                 1126-        SPC    *1               124             3               0.
                 1127-        SPC    *1               125             1               0.
                 1128-        SPC    *1               125             2               0.
                 1129-        SPC    *1               126             2               0.
                 1130-        SPC    *1               128             1               0.
                 1131-        SPC    *1               129             1               0.
                 1132-        SPC    *1               129             2               0.
                 1133-        SPC    *1               129             3               0.
                 1134-        SPC    *1               130             2               0.
                 1135-        SPC    *1               130             3               0.
                 1136-        SPC    *1               131             3               0.
                 1137-        SPC    *1               132             1               0.
                 1138-        SPC    *1               132             3               0.
                 1139-        SPC    *1               133             1               0.
                 1140-        SPC    *1               133             2               0.
                 1141-        SPC    *1               134             2               0.
                 1142-        SPC    *1               136             1               0.
                 1143-        SPC    *1               137             1               0.
                 1144-        SPC    *1               137             2               0.
                 1145-        SPC    *1               137             3               0.
                 1146-        SPC    *1               138             2               0.
                 1147-        SPC    *1               138             3               0.
                 1148-        SPC    *1               139             3               0.
                 1149-        SPC    *1               140             1               0.
                 1150-        SPC    *1               140             3               0.
                 1151-        SPC    *1               141             1               0.
                 1152-        SPC    *1               141             2               0.
                 1153-        SPC    *1               142             2               0.
                 1154-        SPC    *1               144             1               0.
                 1155-        SPC    *1               145             2               0.
                 1156-        SPC    *1               145             3               0.
                 1157-        SPC    *1               146             3               0.
                 1158-        SPC    *1               147             3               0.
                 1159-        SPC    *1               148             1               0.
                 1160-        SPC    *1               148             3               0.
                 1161-        SPC    *1               149             1               0.
                 1162-        SPC    *1               149             2               0.
                 1163-        SPC    *1               150             2               0.
                 1164-        SPC    *1               152             1               0.
                 1165-        SPC    *1               153             2               0.
                 1166-        SPC    *1               156             1               0.
                 1167-        SPC    *1               157             2               0.
                 1168-        SPC    *1               157             3               0.
                 1169-        SPC    *1               158             3               0.
                 1170-        SPC    *1               159             3               0.
1                                                                              JUNE  20, 2025  MSC Nastran 11/21/24   PAGE    31
                                                                                                                                    
0                                                                                                                                   
                                                  S O R T E D   B U L K   D A T A   E C H O                                         
                 ENTRY                                                                                                              
                 COUNT        .   1  ..   2  ..   3  ..   4  ..   5  ..   6  ..   7  ..   8  ..   9  ..  10  .                      
                 1171-        SPC    *1               160             1               0.
                 1172-        SPC    *1               160             3               0.
                 1173-        SPC    *1               161             1               0.
                 1174-        SPC    *1               161             2               0.
                 1175-        SPC    *1               162             2               0.
                 1176-        SPC    *1               164             1               0.
                 1177-        SPC    *1               165             2               0.
                 1178-        SPC    *1               168             1               0.
                 1179-        SPC    *1               169             2               0.
                 1180-        SPC    *1               169             3               0.
                 1181-        SPC    *1               170             3               0.
                 1182-        SPC    *1               171             3               0.
                 1183-        SPC    *1               172             1               0.
                 1184-        SPC    *1               172             3               0.
                 1185-        SPC    *1               173             1               0.
                 1186-        SPC    *1               173             2               0.
                 1187-        SPC    *1               174             2               0.
                 1188-        SPC    *1               176             1               0.
                 1189-        SPC    *1               177             2               0.
                 1190-        SPC    *1               180             1               0.
                 1191-        SPC    *1               199             2               0.
                 1192-        SPC    *1               200             1               0.
                 1193-        SPC    *1               201             1               0.
                 1194-        SPC    *1               201             2               0.
                 1195-        SPC    *1               202             2               0.
                 1196-        SPC    *1               203             1               0.
                 1197-        SPC    *1               204             3               0.
                 1198-        SPC    *1               205             3               0.
                 1199-        SPC    *1               206             1               0.
                 1200-        SPC    *1               206             3               0.
                 1201-        SPC    *1               207             1               0.
                 1202-        SPC    *1               208             2               0.
                 1203-        SPC    *1               208             3               0.
                 1204-        SPC    *1               209             3               0.
                 1205-        SPC    *1               210             2               0.
                 1206-        SPC    *1               211             2               0.
                 1207-        SPC    *1               212             1               0.
                 1208-        SPC    *1               213             1               0.
                 1209-        SPC    *1               213             2               0.
                 1210-        SPC    *1               214             2               0.
                 1211-        SPC    *1               215             1               0.
                 1212-        SPC    *1               216             3               0.
                 1213-        SPC    *1               217             3               0.
                 1214-        SPC    *1               218             1               0.
                 1215-        SPC    *1               218             3               0.
1                                                                              JUNE  20, 2025  MSC Nastran 11/21/24   PAGE    32
                                                                                                                                    
0                                                                                                                                   
                                                  S O R T E D   B U L K   D A T A   E C H O                                         
                 ENTRY                                                                                                              
                 COUNT        .   1  ..   2  ..   3  ..   4  ..   5  ..   6  ..   7  ..   8  ..   9  ..  10  .                      
                 1216-        SPC    *1               219             1               0.
                 1217-        SPC    *1               220             2               0.
                 1218-        SPC    *1               220             3               0.
                 1219-        SPC    *1               221             3               0.
                 1220-        SPC    *1               222             2               0.
                 1221-        SPC    *1               223             2               0.
                 1222-        SPC    *1               224             1               0.
                 1223-        SPC    *1               225             1               0.
                 1224-        SPC    *1               225             2               0.
                 1225-        SPC    *1               226             2               0.
                 1226-        SPC    *1               227             1               0.
                 1227-        SPC    *1               228             3               0.
                 1228-        SPC    *1               229             3               0.
                 1229-        SPC    *1               230             1               0.
                 1230-        SPC    *1               230             3               0.
                 1231-        SPC    *1               231             1               0.
                 1232-        SPC    *1               232             2               0.
                 1233-        SPC    *1               232             3               0.
                 1234-        SPC    *1               233             3               0.
                 1235-        SPC    *1               234             2               0.
                 1236-        SPC    *1               235             3               0.
                 1237-        SPC    *1               236             1               0.
                 1238-        SPC    *1               236             3               0.
                 1239-        SPC    *1               237             3               0.
                 1240-        SPC    *1               239             1               0.
                 1241-        SPC    *1               240             1               0.
                 1242-        SPC    *1               240             2               0.
                 1243-        SPC    *1               242             1               0.
                 1244-        SPC    *1               244             3               0.
                 1245-        SPC    *1               245             1               0.
                 1246-        SPC    *1               245             3               0.
                 1247-        SPC    *1               246             3               0.
                 1248-        SPC    *1               248             1               0.
                 1249-        SPC    *1               249             1               0.
                 1250-        SPC    *1               249             2               0.
                 1251-        SPC    *1               251             1               0.
                 1252-        SPC    *1               253             3               0.
                 1253-        SPC    *1               254             1               0.
                 1254-        SPC    *1               254             3               0.
                 1255-        SPC    *1               255             3               0.
                 1256-        SPC    *1               257             1               0.
                 1257-        SPC    *1               258             1               0.
                 1258-        SPC    *1               258             2               0.
                 1259-        SPC    *1               260             1               0.
                 1260-        SPC    *1               262             2               0.
1                                                                              JUNE  20, 2025  MSC Nastran 11/21/24   PAGE    33
                                                                                                                                    
0                                                                                                                                   
                                                  S O R T E D   B U L K   D A T A   E C H O                                         
                 ENTRY                                                                                                              
                 COUNT        .   1  ..   2  ..   3  ..   4  ..   5  ..   6  ..   7  ..   8  ..   9  ..  10  .                      
                 1261-        SPC    *1               262             3               0.
                 1262-        SPC    *1               263             3               0.
                 1263-        SPC    *1               264             2               0.
                 1264-        SPC    *1               265             2               0.
                 1265-        SPC    *1               267             2               0.
                 1266-        SPC    *1               267             3               0.
                 1267-        SPC    *1               268             3               0.
                 1268-        SPC    *1               269             2               0.
                 1269-        SPC    *1               270             2               0.
                 1270-        SPC    *1               272             2               0.
                 1271-        SPC    *1               272             3               0.
                 1272-        SPC    *1               273             3               0.
                 1273-        SPC    *1               274             2               0.
                 1274-        SPC    *1               275             2               0.
                              ENDDATA
                        TOTAL COUNT= 1275
                              INPUT BULK DATA ENTRY COUNT = 1280
1                                                                              JUNE  20, 2025  MSC Nastran 11/21/24   PAGE    34
                                                                                                                                    
0                                                                                                                                   
                                        M O D E L   S U M M A R Y          BULK = 0
                                   ENTRY NAME        NUMBER OF ENTRIES
                                   ----------        -----------------
                                        CHEXA                        6
                                       CPENTA                       12
                                       CTETRA                       30
                                        FORCE                      112
                                         GRID                      276
                                         MAT9                        1
                                       PSOLID                        6
                                     REJ_BULK                        5
                                          SPC                      336

 ^^^     
 ^^^ >>> IFP OPERATIONS COMPLETE <<< 
 ^^^     
 *** USER INFORMATION MESSAGE 4109 (OUTPX2)
     THE LABEL IS XXXXXXXX FOR FORTRAN UNIT    12
     (MAXIMUM SIZE OF FORTRAN RECORDS WRITTEN =          7 WORDS.)
           (NUMBER OF FORTRAN RECORDS WRITTEN =          8 RECORDS.)
                (TOTAL DATA WRITTEN FOR LABEL =         17 WORDS.)
 *** USER INFORMATION MESSAGE 4114 (OUTPX2)
     DATA BLOCK GEOM1X   WRITTEN ON FORTRAN UNIT    12 IN BINARY (LTLEND) FORMAT USING NDDL DESCRIPTION FOR GEOM168, TRL =
                    101                 0                 0                 8                 0                 0                 0
     NAME OF DATA BLOCK WRITTEN ON FORTRAN UNIT IS GEOM1   
        (MAXIMUM POSSIBLE FORTRAN RECORD SIZE =      131074 WORDS.)
     (MAXIMUM SIZE OF FORTRAN RECORDS WRITTEN =        2211 WORDS.)
           (NUMBER OF FORTRAN RECORDS WRITTEN =          20 RECORDS.)
           (TOTAL DATA WRITTEN FOR DATA BLOCK =        2242 WORDS.)
 *** USER INFORMATION MESSAGE 4114 (OUTPX2)
     DATA BLOCK GEOM2X   WRITTEN ON FORTRAN UNIT    12 IN BINARY (LTLEND) FORMAT USING NDDL DESCRIPTION FOR GEOM201, TRL =
                    102                 0                 0               128               512               128                 0
     NAME OF DATA BLOCK WRITTEN ON FORTRAN UNIT IS GEOM2   
        (MAXIMUM POSSIBLE FORTRAN RECORD SIZE =      131074 WORDS.)
     (MAXIMUM SIZE OF FORTRAN RECORDS WRITTEN =         363 WORDS.)
           (NUMBER OF FORTRAN RECORDS WRITTEN =          30 RECORDS.)
           (TOTAL DATA WRITTEN FOR DATA BLOCK =         744 WORDS.)
 *** USER INFORMATION MESSAGE 4114 (OUTPX2)
     DATA BLOCK GEOM3X   WRITTEN ON FORTRAN UNIT    12 IN BINARY (LTLEND) FORMAT USING NDDL DESCRIPTION FOR GEOM301, TRL =
                    103                 0                 0                64                 0                 0                 0
     NAME OF DATA BLOCK WRITTEN ON FORTRAN UNIT IS GEOM3   
        (MAXIMUM POSSIBLE FORTRAN RECORD SIZE =      131074 WORDS.)
     (MAXIMUM SIZE OF FORTRAN RECORDS WRITTEN =         787 WORDS.)
           (NUMBER OF FORTRAN RECORDS WRITTEN =          20 RECORDS.)
           (TOTAL DATA WRITTEN FOR DATA BLOCK =         818 WORDS.)
1                                                                              JUNE  20, 2025  MSC Nastran 11/21/24   PAGE    35
                                                                                                                                    
0                                                                                                                                   
0                                                                                                                                   
                                                                                                                                    
                                                                                                                                    
 *** USER INFORMATION MESSAGE 4114 (OUTPX2)
     DATA BLOCK GEOM4X   WRITTEN ON FORTRAN UNIT    12 IN BINARY (LTLEND) FORMAT USING NDDL DESCRIPTION FOR GEOM4705, TRL =
                    104                 0                 0                 0               512                 0                 0
     NAME OF DATA BLOCK WRITTEN ON FORTRAN UNIT IS GEOM4   
        (MAXIMUM POSSIBLE FORTRAN RECORD SIZE =      131074 WORDS.)
     (MAXIMUM SIZE OF FORTRAN RECORDS WRITTEN =        1347 WORDS.)
           (NUMBER OF FORTRAN RECORDS WRITTEN =          20 RECORDS.)
           (TOTAL DATA WRITTEN FOR DATA BLOCK =        1378 WORDS.)
 *** USER INFORMATION MESSAGE 4114 (OUTPX2)
     DATA BLOCK EPTX     WRITTEN ON FORTRAN UNIT    12 IN BINARY (LTLEND) FORMAT USING NDDL DESCRIPTION FOR EPT01, TRL =
                    105                 0               256                 0                 0                 0                 0
     NAME OF DATA BLOCK WRITTEN ON FORTRAN UNIT IS EPT     
        (MAXIMUM POSSIBLE FORTRAN RECORD SIZE =      131074 WORDS.)
     (MAXIMUM SIZE OF FORTRAN RECORDS WRITTEN =          45 WORDS.)
           (NUMBER OF FORTRAN RECORDS WRITTEN =          20 RECORDS.)
           (TOTAL DATA WRITTEN FOR DATA BLOCK =          76 WORDS.)
 *** USER INFORMATION MESSAGE 4114 (OUTPX2)
     DATA BLOCK MPTS     WRITTEN ON FORTRAN UNIT    12 IN BINARY (LTLEND) FORMAT USING NDDL DESCRIPTION FOR MPTS, TRL =
                    101                 0                64                 0                 0                 0                 0
     NAME OF DATA BLOCK WRITTEN ON FORTRAN UNIT IS MPT     
        (MAXIMUM POSSIBLE FORTRAN RECORD SIZE =      131074 WORDS.)
     (MAXIMUM SIZE OF FORTRAN RECORDS WRITTEN =          59 WORDS.)
           (NUMBER OF FORTRAN RECORDS WRITTEN =          20 RECORDS.)
           (TOTAL DATA WRITTEN FOR DATA BLOCK =          90 WORDS.)
 *** USER INFORMATION MESSAGE 4114 (OUTPX2)
     DATA BLOCK CASESO   WRITTEN ON FORTRAN UNIT    12 IN BINARY (LTLEND) FORMAT USING NDDL DESCRIPTION FOR CASES, TRL =
                    101                 1                 0              1000                 0                 0                 0
     NAME OF DATA BLOCK WRITTEN ON FORTRAN UNIT IS CASECC  
        (MAXIMUM POSSIBLE FORTRAN RECORD SIZE =      131074 WORDS.)
     (MAXIMUM SIZE OF FORTRAN RECORDS WRITTEN =        1000 WORDS.)
           (NUMBER OF FORTRAN RECORDS WRITTEN =          15 RECORDS.)
           (TOTAL DATA WRITTEN FOR DATA BLOCK =        1024 WORDS.)
1                                                                              JUNE  20, 2025  MSC Nastran 11/21/24   PAGE    36
                                                                                                                                    
0                                                                                                                                   
 *** USER INFORMATION MESSAGE 7310 (VECPRN)
     ORIGIN OF SUPERELEMENT OR MODULE BASIC COORDINATE SYSTEM WILL BE USED AS REFERENCE LOCATION.
     RESULTANTS ABOUT ORIGIN OF SUPERELEMENT OR MODULE BASIC COORDINATE SYSTEM IN SUPERELEMENT OR MODULE
     BASIC SYSTEM COORDINATES.
0                                                  OLOAD    RESULTANT       
  SUBCASE/    LOAD
  DAREA ID    TYPE       T1            T2            T3            R1            R2            R3
0        1     FX    1.000000E+06     ----          ----          ----       5.000000E+05 -5.500000E+06                             
               FY       ----       1.000000E+06     ----      -5.000000E+05     ----       2.500000E+06                             
               FZ       ----          ----       1.000000E+06  5.500000E+06 -4.500000E+06     ----                                  
               MX       ----          ----          ----       0.000000E+00     ----          ----                                  
               MY       ----          ----          ----          ----       0.000000E+00     ----                                  
               MZ       ----          ----          ----          ----          ----       0.000000E+00                             
             TOTALS  1.000000E+06  1.000000E+06  1.000000E+06  5.000000E+06 -4.000000E+06 -3.000000E+06
1                                                                              JUNE  20, 2025  MSC Nastran 11/21/24   PAGE    37
                                                                                                                                    
0                                                                                                                                   
  
 *** SYSTEM INFORMATION MESSAGE 4159 (DFMSA)
     THE DECOMPOSITION OF KLL      YIELDS A MAXIMUM MATRIX-TO-FACTOR-DIAGONAL RATIO OF    4.032122E+00
 ^^^     
 *** USER INFORMATION MESSAGE 15201 (SUBDMAP SEKRRS)
      Condition number of stiffness matrix = 1.664291E+02
 ^^^     
 *** USER INFORMATION MESSAGE 5293 (SSG3B)
    FOR DATA BLOCK KLL     
    LOAD SEQ. NO.             EPSILON              EXTERNAL WORK      EPSILONS LARGER THAN 0.001 ARE FLAGGED WITH ASTERISKS
                1          2.1791680E-17          1.2500000E+00
1                                                                              JUNE  20, 2025  MSC Nastran 11/21/24   PAGE    38
                                                                                                                                    
0                                                                                                                                   
 *** USER INFORMATION MESSAGE 7310 (VECPRN)
     ORIGIN OF SUPERELEMENT OR MODULE BASIC COORDINATE SYSTEM WILL BE USED AS REFERENCE LOCATION.
     RESULTANTS ABOUT ORIGIN OF SUPERELEMENT OR MODULE BASIC COORDINATE SYSTEM IN SUPERELEMENT OR MODULE
     BASIC SYSTEM COORDINATES.
0                                                  SPCFORCE RESULTANT       
  SUBCASE/    LOAD
  DAREA ID    TYPE       T1            T2            T3            R1            R2            R3
0        1     FX   -1.000000E+06     ----          ----          ----      -5.000000E+05  5.500000E+06                             
               FY       ----      -1.000000E+06     ----       5.000000E+05     ----      -2.500000E+06                             
               FZ       ----          ----      -1.000000E+06 -5.500000E+06  4.500000E+06     ----                                  
               MX       ----          ----          ----       0.000000E+00     ----          ----                                  
               MY       ----          ----          ----          ----       0.000000E+00     ----                                  
               MZ       ----          ----          ----          ----          ----       0.000000E+00                             
             TOTALS -1.000000E+06 -1.000000E+06 -1.000000E+06 -5.000000E+06  4.000000E+06  3.000000E+06
1                                                                              JUNE  20, 2025  MSC Nastran 11/21/24   PAGE    39
                                                                                                                                    
0                                                                                                                                   
 *** USER INFORMATION MESSAGE 7310 (VECPRN)
     ORIGIN OF SUPERELEMENT OR MODULE BASIC COORDINATE SYSTEM WILL BE USED AS REFERENCE LOCATION.
     RESULTANTS ABOUT ORIGIN OF SUPERELEMENT OR MODULE BASIC COORDINATE SYSTEM IN SUPERELEMENT OR MODULE
     BASIC SYSTEM COORDINATES.
0                                                  MPCFORCE RESULTANT       
  SUBCASE/    LOAD
  DAREA ID    TYPE       T1            T2            T3            R1            R2            R3
0        1     FX    0.000000E+00     ----          ----          ----       0.000000E+00  0.000000E+00                             
               FY       ----       0.000000E+00     ----       0.000000E+00     ----       0.000000E+00                             
               FZ       ----          ----       0.000000E+00  0.000000E+00  0.000000E+00     ----                                  
               MX       ----          ----          ----       0.000000E+00     ----          ----                                  
               MY       ----          ----          ----          ----       0.000000E+00     ----                                  
               MZ       ----          ----          ----          ----          ----       0.000000E+00                             
             TOTALS  0.000000E+00  0.000000E+00  0.000000E+00  0.000000E+00  0.000000E+00  0.000000E+00
 *** USER WARNING MESSAGE 6418 (SDR2A)
     THE BILIN OPTION FOR STRESSES OVERRIDES ALL OTHER OPTIONS IN STRAIN AND FORCE COMMANDS.
 *** USER INFORMATION MESSAGE 4114 (OUTPX2)
     DATA BLOCK OQG1     WRITTEN ON FORTRAN UNIT    12 IN BINARY (LTLEND) FORMAT USING NDDL DESCRIPTION FOR OQG1, TRL =
                    101                 0              2208                 0                 0                 0                 3
     NAME OF DATA BLOCK WRITTEN ON FORTRAN UNIT IS OQG1    
        (MAXIMUM POSSIBLE FORTRAN RECORD SIZE =      131074 WORDS.)
     (MAXIMUM SIZE OF FORTRAN RECORDS WRITTEN =        2208 WORDS.)
           (NUMBER OF FORTRAN RECORDS WRITTEN =          20 RECORDS.)
           (TOTAL DATA WRITTEN FOR DATA BLOCK =        2387 WORDS.)
 *** USER INFORMATION MESSAGE 4114 (OUTPX2)
     DATA BLOCK OQMG1    WRITTEN ON FORTRAN UNIT    12 IN BINARY (LTLEND) FORMAT USING NDDL DESCRIPTION FOR OQMG1, TRL =
                    102                 0              2208                 0                 0                 0                 3
     NAME OF DATA BLOCK WRITTEN ON FORTRAN UNIT IS OQMG1   
        (MAXIMUM POSSIBLE FORTRAN RECORD SIZE =      131074 WORDS.)
     (MAXIMUM SIZE OF FORTRAN RECORDS WRITTEN =        2208 WORDS.)
           (NUMBER OF FORTRAN RECORDS WRITTEN =          20 RECORDS.)
           (TOTAL DATA WRITTEN FOR DATA BLOCK =        2387 WORDS.)
 *** USER INFORMATION MESSAGE 4114 (OUTPX2)
     DATA BLOCK OUG1     WRITTEN ON FORTRAN UNIT    12 IN BINARY (LTLEND) FORMAT USING NDDL DESCRIPTION FOR OUG1, TRL =
                    101                 0              2208                 0                 0                 0                 3
     NAME OF DATA BLOCK WRITTEN ON FORTRAN UNIT IS OUG1    
        (MAXIMUM POSSIBLE FORTRAN RECORD SIZE =      131074 WORDS.)
     (MAXIMUM SIZE OF FORTRAN RECORDS WRITTEN =        2208 WORDS.)
           (NUMBER OF FORTRAN RECORDS WRITTEN =          20 RECORDS.)
           (TOTAL DATA WRITTEN FOR DATA BLOCK =        2387 WORDS.)
1                                                                              JUNE  20, 2025  MSC Nastran 11/21/24   PAGE    40
                                                                                                                                    
0                                                                                                                                   
 
                                             D I S P L A C E M E N T   V E C T O R
 
      POINT ID.   TYPE          T1             T2             T3             R1             R2             R3
             1      G      0.0            0.0            0.0            0.0            0.0            0.0
             2      G      8.333333E-07   0.0            0.0            0.0            0.0            0.0
             3      G      8.333333E-07  -8.333333E-08   0.0            0.0            0.0            0.0
             4      G      0.0           -8.333333E-08   0.0            0.0            0.0            0.0
             5      G      0.0            0.0           -4.444444E-07   0.0            0.0            0.0
             6      G      8.333333E-07   0.0           -4.444444E-07   0.0            0.0            0.0
             7      G      8.333333E-07  -8.333333E-08  -4.444444E-07   0.0            0.0            0.0
             8      G      0.0           -8.333333E-08  -4.444444E-07   0.0            0.0            0.0
             9      G      0.0            0.0            0.0            0.0            0.0            0.0
            10      G     -8.333333E-08   0.0            0.0            0.0            0.0            0.0
            11      G     -8.333333E-08   5.555556E-07   0.0            0.0            0.0            0.0
            12      G      0.0            5.555556E-07   0.0            0.0            0.0            0.0
            13      G      0.0            0.0           -1.111111E-07   0.0            0.0            0.0
            14      G     -8.333333E-08   0.0           -1.111111E-07   0.0            0.0            0.0
            15      G     -8.333333E-08   5.555556E-07  -1.111111E-07   0.0            0.0            0.0
            16      G      0.0            5.555556E-07  -1.111111E-07   0.0            0.0            0.0
            17      G      0.0            0.0            0.0            0.0            0.0            0.0
            18      G     -4.444444E-07   0.0            0.0            0.0            0.0            0.0
            19      G     -4.444444E-07  -1.111111E-07   0.0            0.0            0.0            0.0
            20      G      0.0           -1.111111E-07   0.0            0.0            0.0            0.0
            21      G      0.0            0.0            1.111111E-06   0.0            0.0            0.0
            22      G     -4.444444E-07   0.0            1.111111E-06   0.0            0.0            0.0
            23      G     -4.444444E-07  -1.111111E-07   1.111111E-06   0.0            0.0            0.0
            24      G      0.0           -1.111111E-07   1.111111E-06   0.0            0.0            0.0
            25      G      0.0            0.0            0.0            0.0            0.0            0.0
            26      G      8.333333E-07   0.0            0.0            0.0            0.0            0.0
            27      G      8.333333E-07  -8.333333E-08   0.0            0.0            0.0            0.0
            28      G      0.0           -8.333333E-08   0.0            0.0            0.0            0.0
            29      G      0.0            0.0           -4.444444E-07   0.0            0.0            0.0
            30      G      8.333333E-07   0.0           -4.444444E-07   0.0            0.0            0.0
            31      G      8.333333E-07  -8.333333E-08  -4.444444E-07   0.0            0.0            0.0
            32      G      0.0           -8.333333E-08  -4.444444E-07   0.0            0.0            0.0
            33      G      0.0            0.0            0.0            0.0            0.0            0.0
            34      G     -8.333333E-08   0.0            0.0            0.0            0.0            0.0
            35      G     -8.333333E-08   5.555556E-07   0.0            0.0            0.0            0.0
            36      G      0.0            5.555556E-07   0.0            0.0            0.0            0.0
            37      G      0.0            0.0           -1.111111E-07   0.0            0.0            0.0
            38      G     -8.333333E-08   0.0           -1.111111E-07   0.0            0.0            0.0
            39      G     -8.333333E-08   5.555556E-07  -1.111111E-07   0.0            0.0            0.0
            40      G      0.0            5.555556E-07  -1.111111E-07   0.0            0.0            0.0
            41      G      0.0            0.0            0.0            0.0            0.0            0.0
            42      G     -4.444444E-07   0.0            0.0            0.0            0.0            0.0
            43      G     -4.444444E-07  -1.111111E-07   0.0            0.0            0.0            0.0
            44      G      0.0           -1.111111E-07   0.0            0.0            0.0            0.0
            45      G      0.0            0.0            1.111111E-06   0.0            0.0            0.0
            46      G     -4.444444E-07   0.0            1.111111E-06   0.0            0.0            0.0
            47      G     -4.444444E-07  -1.111111E-07   1.111111E-06   0.0            0.0            0.0
            48      G      0.0           -1.111111E-07   1.111111E-06   0.0            0.0            0.0
            49      G      0.0            0.0            0.0            0.0            0.0            0.0
            50      G      8.333333E-07   0.0            0.0            0.0            0.0            0.0
1                                                                              JUNE  20, 2025  MSC Nastran 11/21/24   PAGE    41
                                                                                                                                    
0                                                                                                                                   
 
                                             D I S P L A C E M E N T   V E C T O R
 
      POINT ID.   TYPE          T1             T2             T3             R1             R2             R3
            51      G      8.333333E-07  -8.333333E-08   0.0            0.0            0.0            0.0
            52      G      0.0           -8.333333E-08   0.0            0.0            0.0            0.0
            53      G      0.0            0.0           -4.444444E-07   0.0            0.0            0.0
            54      G      8.333333E-07   0.0           -4.444444E-07   0.0            0.0            0.0
            55      G      8.333333E-07  -8.333333E-08  -4.444444E-07   0.0            0.0            0.0
            56      G      0.0           -8.333333E-08  -4.444444E-07   0.0            0.0            0.0
            57      G      0.0            0.0            0.0            0.0            0.0            0.0
            58      G     -8.333333E-08   0.0            0.0            0.0            0.0            0.0
            59      G     -8.333333E-08   5.555556E-07   0.0            0.0            0.0            0.0
            60      G      0.0            5.555556E-07   0.0            0.0            0.0            0.0
            61      G      0.0            0.0           -1.111111E-07   0.0            0.0            0.0
            62      G     -8.333333E-08   0.0           -1.111111E-07   0.0            0.0            0.0
            63      G     -8.333333E-08   5.555556E-07  -1.111111E-07   0.0            0.0            0.0
            64      G      0.0            5.555556E-07  -1.111111E-07   0.0            0.0            0.0
            65      G      0.0            0.0            0.0            0.0            0.0            0.0
            66      G     -4.444444E-07   0.0            0.0            0.0            0.0            0.0
            67      G     -4.444444E-07  -1.111111E-07   0.0            0.0            0.0            0.0
            68      G      0.0           -1.111111E-07   0.0            0.0            0.0            0.0
            69      G      0.0            0.0            1.111111E-06   0.0            0.0            0.0
            70      G     -4.444444E-07   0.0            1.111111E-06   0.0            0.0            0.0
            71      G     -4.444444E-07  -1.111111E-07   1.111111E-06   0.0            0.0            0.0
            72      G      0.0           -1.111111E-07   1.111111E-06   0.0            0.0            0.0
            73      G      0.0            0.0            0.0            0.0            0.0            0.0
            74      G      8.333333E-07   0.0            0.0            0.0            0.0            0.0
            75      G      8.333333E-07  -8.333333E-08   0.0            0.0            0.0            0.0
            76      G      0.0           -8.333333E-08   0.0            0.0            0.0            0.0
            77      G      0.0            0.0           -4.444444E-07   0.0            0.0            0.0
            78      G      8.333333E-07   0.0           -4.444444E-07   0.0            0.0            0.0
            79      G      8.333333E-07  -8.333333E-08  -4.444444E-07   0.0            0.0            0.0
            80      G      0.0           -8.333333E-08  -4.444444E-07   0.0            0.0            0.0
            81      G      0.0            0.0            0.0            0.0            0.0            0.0
            82      G     -8.333333E-08   0.0            0.0            0.0            0.0            0.0
            83      G     -8.333333E-08   5.555556E-07   0.0            0.0            0.0            0.0
            84      G      0.0            5.555556E-07   0.0            0.0            0.0            0.0
            85      G      0.0            0.0           -1.111111E-07   0.0            0.0            0.0
            86      G     -8.333333E-08   0.0           -1.111111E-07   0.0            0.0            0.0
            87      G     -8.333333E-08   5.555556E-07  -1.111111E-07   0.0            0.0            0.0
            88      G      0.0            5.555556E-07  -1.111111E-07   0.0            0.0            0.0
            89      G      0.0            0.0            0.0            0.0            0.0            0.0
            90      G     -4.444444E-07   0.0            0.0            0.0            0.0            0.0
            91      G     -4.444444E-07  -1.111111E-07   0.0            0.0            0.0            0.0
            92      G      0.0           -1.111111E-07   0.0            0.0            0.0            0.0
            93      G      0.0            0.0            1.111111E-06   0.0            0.0            0.0
            94      G     -4.444444E-07   0.0            1.111111E-06   0.0            0.0            0.0
            95      G     -4.444444E-07  -1.111111E-07   1.111111E-06   0.0            0.0            0.0
            96      G      0.0           -1.111111E-07   1.111111E-06   0.0            0.0            0.0
            97      G      0.0            0.0            0.0            0.0            0.0            0.0
            98      G      8.333333E-07   0.0            0.0            0.0            0.0            0.0
            99      G      8.333333E-07  -8.333333E-08   0.0            0.0            0.0            0.0
           100      G      0.0           -8.333333E-08   0.0            0.0            0.0            0.0
1                                                                              JUNE  20, 2025  MSC Nastran 11/21/24   PAGE    42
                                                                                                                                    
0                                                                                                                                   
 
                                             D I S P L A C E M E N T   V E C T O R
 
      POINT ID.   TYPE          T1             T2             T3             R1             R2             R3
           101      G      0.0            0.0           -4.444444E-07   0.0            0.0            0.0
           102      G      8.333333E-07   0.0           -4.444444E-07   0.0            0.0            0.0
           103      G      8.333333E-07  -8.333333E-08  -4.444444E-07   0.0            0.0            0.0
           104      G      0.0           -8.333333E-08  -4.444444E-07   0.0            0.0            0.0
           105      G      0.0            0.0            0.0            0.0            0.0            0.0
           106      G     -8.333333E-08   0.0            0.0            0.0            0.0            0.0
           107      G     -8.333333E-08   5.555556E-07   0.0            0.0            0.0            0.0
           108      G      0.0            5.555556E-07   0.0            0.0            0.0            0.0
           109      G      0.0            0.0           -1.111111E-07   0.0            0.0            0.0
           110      G     -8.333333E-08   0.0           -1.111111E-07   0.0            0.0            0.0
           111      G     -8.333333E-08   5.555556E-07  -1.111111E-07   0.0            0.0            0.0
           112      G      0.0            5.555556E-07  -1.111111E-07   0.0            0.0            0.0
           113      G      0.0            0.0            0.0            0.0            0.0            0.0
           114      G     -4.444444E-07   0.0            0.0            0.0            0.0            0.0
           115      G     -4.444444E-07  -1.111111E-07   0.0            0.0            0.0            0.0
           116      G      0.0           -1.111111E-07   0.0            0.0            0.0            0.0
           117      G      0.0            0.0            1.111111E-06   0.0            0.0            0.0
           118      G     -4.444444E-07   0.0            1.111111E-06   0.0            0.0            0.0
           119      G     -4.444444E-07  -1.111111E-07   1.111111E-06   0.0            0.0            0.0
           120      G      0.0           -1.111111E-07   1.111111E-06   0.0            0.0            0.0
           121      G      0.0            0.0            0.0            0.0            0.0            0.0
           122      G      8.333333E-07   0.0            0.0            0.0            0.0            0.0
           123      G      8.333333E-07  -8.333333E-08   0.0            0.0            0.0            0.0
           124      G      0.0           -8.333333E-08   0.0            0.0            0.0            0.0
           125      G      0.0            0.0           -4.444444E-07   0.0            0.0            0.0
           126      G      8.333333E-07   0.0           -4.444444E-07   0.0            0.0            0.0
           127      G      8.333333E-07  -8.333333E-08  -4.444444E-07   0.0            0.0            0.0
           128      G      0.0           -8.333333E-08  -4.444444E-07   0.0            0.0            0.0
           129      G      0.0            0.0            0.0            0.0            0.0            0.0
           130      G     -8.333333E-08   0.0            0.0            0.0            0.0            0.0
           131      G     -8.333333E-08   5.555556E-07   0.0            0.0            0.0            0.0
           132      G      0.0            5.555556E-07   0.0            0.0            0.0            0.0
           133      G      0.0            0.0           -1.111111E-07   0.0            0.0            0.0
           134      G     -8.333333E-08   0.0           -1.111111E-07   0.0            0.0            0.0
           135      G     -8.333333E-08   5.555556E-07  -1.111111E-07   0.0            0.0            0.0
           136      G      0.0            5.555556E-07  -1.111111E-07   0.0            0.0            0.0
           137      G      0.0            0.0            0.0            0.0            0.0            0.0
           138      G     -4.444444E-07   0.0            0.0            0.0            0.0            0.0
           139      G     -4.444444E-07  -1.111111E-07   0.0            0.0            0.0            0.0
           140      G      0.0           -1.111111E-07   0.0            0.0            0.0            0.0
           141      G      0.0            0.0            1.111111E-06   0.0            0.0            0.0
           142      G     -4.444444E-07   0.0            1.111111E-06   0.0            0.0            0.0
           143      G     -4.444444E-07  -1.111111E-07   1.111111E-06   0.0            0.0            0.0
           144      G      0.0           -1.111111E-07   1.111111E-06   0.0            0.0            0.0
           145      G      4.166667E-07   0.0            0.0            0.0            0.0            0.0
           146      G      8.333333E-07  -4.166667E-08   0.0            0.0            0.0            0.0
           147      G      4.166667E-07  -8.333333E-08   0.0            0.0            0.0            0.0
           148      G      0.0           -4.166667E-08   0.0            0.0            0.0            0.0
           149      G      0.0            0.0           -2.222222E-07   0.0            0.0            0.0
           150      G      8.333333E-07   0.0           -2.222222E-07   0.0            0.0            0.0
1                                                                              JUNE  20, 2025  MSC Nastran 11/21/24   PAGE    43
                                                                                                                                    
0                                                                                                                                   
 
                                             D I S P L A C E M E N T   V E C T O R
 
      POINT ID.   TYPE          T1             T2             T3             R1             R2             R3
           151      G      8.333333E-07  -8.333333E-08  -2.222222E-07   0.0            0.0            0.0
           152      G      0.0           -8.333333E-08  -2.222222E-07   0.0            0.0            0.0
           153      G      4.166667E-07   0.0           -4.444444E-07   0.0            0.0            0.0
           154      G      8.333333E-07  -4.166667E-08  -4.444444E-07   0.0            0.0            0.0
           155      G      4.166667E-07  -8.333333E-08  -4.444444E-07   0.0            0.0            0.0
           156      G      0.0           -4.166667E-08  -4.444444E-07   0.0            0.0            0.0
           157      G     -4.166667E-08   0.0            0.0            0.0            0.0            0.0
           158      G     -8.333333E-08   2.777778E-07   0.0            0.0            0.0            0.0
           159      G     -4.166667E-08   5.555556E-07   0.0            0.0            0.0            0.0
           160      G      0.0            2.777778E-07   0.0            0.0            0.0            0.0
           161      G      0.0            0.0           -5.555556E-08   0.0            0.0            0.0
           162      G     -8.333333E-08   0.0           -5.555556E-08   0.0            0.0            0.0
           163      G     -8.333333E-08   5.555556E-07  -5.555556E-08   0.0            0.0            0.0
           164      G      0.0            5.555556E-07  -5.555556E-08   0.0            0.0            0.0
           165      G     -4.166667E-08   0.0           -1.111111E-07   0.0            0.0            0.0
           166      G     -8.333333E-08   2.777778E-07  -1.111111E-07   0.0            0.0            0.0
           167      G     -4.166667E-08   5.555556E-07  -1.111111E-07   0.0            0.0            0.0
           168      G      0.0            2.777778E-07  -1.111111E-07   0.0            0.0            0.0
           169      G     -2.222222E-07   0.0            0.0            0.0            0.0            0.0
           170      G     -4.444444E-07  -5.555556E-08   0.0            0.0            0.0            0.0
           171      G     -2.222222E-07  -1.111111E-07   0.0            0.0            0.0            0.0
           172      G      0.0           -5.555556E-08   0.0            0.0            0.0            0.0
           173      G      0.0            0.0            5.555556E-07   0.0            0.0            0.0
           174      G     -4.444444E-07   0.0            5.555556E-07   0.0            0.0            0.0
           175      G     -4.444444E-07  -1.111111E-07   5.555556E-07   0.0            0.0            0.0
           176      G      0.0           -1.111111E-07   5.555556E-07   0.0            0.0            0.0
           177      G     -2.222222E-07   0.0            1.111111E-06   0.0            0.0            0.0
           178      G     -4.444444E-07  -5.555556E-08   1.111111E-06   0.0            0.0            0.0
           179      G     -2.222222E-07  -1.111111E-07   1.111111E-06   0.0            0.0            0.0
           180      G      0.0           -5.555556E-08   1.111111E-06   0.0            0.0            0.0
           181      G      8.333333E-07  -4.166667E-08  -4.444444E-07   0.0            0.0            0.0
           182      G      8.333333E-07  -8.333333E-08  -2.222222E-07   0.0            0.0            0.0
           183      G      8.333333E-07  -4.166667E-08  -2.222222E-07   0.0            0.0            0.0
           184      G      4.166667E-07  -4.166667E-08  -4.444444E-07   0.0            0.0            0.0
           185      G      4.166667E-07  -8.333333E-08  -4.444444E-07   0.0            0.0            0.0
           186      G      4.166667E-07  -8.333333E-08  -2.222222E-07   0.0            0.0            0.0
           187      G     -8.333333E-08   2.777778E-07  -1.111111E-07   0.0            0.0            0.0
           188      G     -8.333333E-08   5.555556E-07  -5.555556E-08   0.0            0.0            0.0
           189      G     -8.333333E-08   2.777778E-07  -5.555556E-08   0.0            0.0            0.0
           190      G     -4.166667E-08   2.777778E-07  -1.111111E-07   0.0            0.0            0.0
           191      G     -4.166667E-08   5.555556E-07  -1.111111E-07   0.0            0.0            0.0
           192      G     -4.166667E-08   5.555556E-07  -5.555556E-08   0.0            0.0            0.0
           193      G     -4.444444E-07  -5.555556E-08   1.111111E-06   0.0            0.0            0.0
           194      G     -4.444444E-07  -1.111111E-07   5.555556E-07   0.0            0.0            0.0
           195      G     -4.444444E-07  -5.555556E-08   5.555556E-07   0.0            0.0            0.0
           196      G     -2.222222E-07  -5.555556E-08   1.111111E-06   0.0            0.0            0.0
           197      G     -2.222222E-07  -1.111111E-07   1.111111E-06   0.0            0.0            0.0
           198      G     -2.222222E-07  -1.111111E-07   5.555556E-07   0.0            0.0            0.0
           199      G      4.166667E-07   0.0           -2.222222E-07   0.0            0.0            0.0
           200      G      0.0           -4.166667E-08  -2.222222E-07   0.0            0.0            0.0
1                                                                              JUNE  20, 2025  MSC Nastran 11/21/24   PAGE    44
                                                                                                                                    
0                                                                                                                                   
 
                                             D I S P L A C E M E N T   V E C T O R
 
      POINT ID.   TYPE          T1             T2             T3             R1             R2             R3
           201      G      0.0            0.0           -2.222222E-07   0.0            0.0            0.0
           202      G      4.166667E-07   0.0           -4.444444E-07   0.0            0.0            0.0
           203      G      0.0           -4.166667E-08  -4.444444E-07   0.0            0.0            0.0
           204      G      4.166667E-07  -4.166667E-08   0.0            0.0            0.0            0.0
           205      G      4.166667E-07  -8.333333E-08   0.0            0.0            0.0            0.0
           206      G      0.0           -4.166667E-08   0.0            0.0            0.0            0.0
           207      G      0.0           -8.333333E-08  -2.222222E-07   0.0            0.0            0.0
           208      G      4.166667E-07   0.0            0.0            0.0            0.0            0.0
           209      G      8.333333E-07  -4.166667E-08   0.0            0.0            0.0            0.0
           210      G      8.333333E-07   0.0           -2.222222E-07   0.0            0.0            0.0
           211      G     -4.166667E-08   0.0           -5.555556E-08   0.0            0.0            0.0
           212      G      0.0            2.777778E-07  -5.555556E-08   0.0            0.0            0.0
           213      G      0.0            0.0           -5.555556E-08   0.0            0.0            0.0
           214      G     -4.166667E-08   0.0           -1.111111E-07   0.0            0.0            0.0
           215      G      0.0            2.777778E-07  -1.111111E-07   0.0            0.0            0.0
           216      G     -4.166667E-08   2.777778E-07   0.0            0.0            0.0            0.0
           217      G     -4.166667E-08   5.555556E-07   0.0            0.0            0.0            0.0
           218      G      0.0            2.777778E-07   0.0            0.0            0.0            0.0
           219      G      0.0            5.555556E-07  -5.555556E-08   0.0            0.0            0.0
           220      G     -4.166667E-08   0.0            0.0            0.0            0.0            0.0
           221      G     -8.333333E-08   2.777778E-07   0.0            0.0            0.0            0.0
           222      G     -8.333333E-08   0.0           -5.555556E-08   0.0            0.0            0.0
           223      G     -2.222222E-07   0.0            5.555556E-07   0.0            0.0            0.0
           224      G      0.0           -5.555556E-08   5.555556E-07   0.0            0.0            0.0
           225      G      0.0            0.0            5.555556E-07   0.0            0.0            0.0
           226      G     -2.222222E-07   0.0            1.111111E-06   0.0            0.0            0.0
           227      G      0.0           -5.555556E-08   1.111111E-06   0.0            0.0            0.0
           228      G     -2.222222E-07  -5.555556E-08   0.0            0.0            0.0            0.0
           229      G     -2.222222E-07  -1.111111E-07   0.0            0.0            0.0            0.0
           230      G      0.0           -5.555556E-08   0.0            0.0            0.0            0.0
           231      G      0.0           -1.111111E-07   5.555556E-07   0.0            0.0            0.0
           232      G     -2.222222E-07   0.0            0.0            0.0            0.0            0.0
           233      G     -4.444444E-07  -5.555556E-08   0.0            0.0            0.0            0.0
           234      G     -4.444444E-07   0.0            5.555556E-07   0.0            0.0            0.0
           235      G      4.166667E-07  -8.333333E-08   0.0            0.0            0.0            0.0
           236      G      0.0           -4.166667E-08   0.0            0.0            0.0            0.0
           237      G      4.166667E-07  -4.166667E-08   0.0            0.0            0.0            0.0
           238      G      8.333333E-07  -8.333333E-08  -2.222222E-07   0.0            0.0            0.0
           239      G      0.0           -8.333333E-08  -2.222222E-07   0.0            0.0            0.0
           240      G      0.0            0.0           -2.222222E-07   0.0            0.0            0.0
           241      G      4.166667E-07  -8.333333E-08  -4.444444E-07   0.0            0.0            0.0
           242      G      0.0           -4.166667E-08  -4.444444E-07   0.0            0.0            0.0
           243      G      4.166667E-07  -4.166667E-08  -4.444444E-07   0.0            0.0            0.0
           244      G     -4.166667E-08   5.555556E-07   0.0            0.0            0.0            0.0
           245      G      0.0            2.777778E-07   0.0            0.0            0.0            0.0
           246      G     -4.166667E-08   2.777778E-07   0.0            0.0            0.0            0.0
           247      G     -8.333333E-08   5.555556E-07  -5.555556E-08   0.0            0.0            0.0
           248      G      0.0            5.555556E-07  -5.555556E-08   0.0            0.0            0.0
           249      G      0.0            0.0           -5.555556E-08   0.0            0.0            0.0
           250      G     -4.166667E-08   5.555556E-07  -1.111111E-07   0.0            0.0            0.0
1                                                                              JUNE  20, 2025  MSC Nastran 11/21/24   PAGE    45
                                                                                                                                    
0                                                                                                                                   
 
                                             D I S P L A C E M E N T   V E C T O R
 
      POINT ID.   TYPE          T1             T2             T3             R1             R2             R3
           251      G      0.0            2.777778E-07  -1.111111E-07   0.0            0.0            0.0
           252      G     -4.166667E-08   2.777778E-07  -1.111111E-07   0.0            0.0            0.0
           253      G     -2.222222E-07  -1.111111E-07   0.0            0.0            0.0            0.0
           254      G      0.0           -5.555556E-08   0.0            0.0            0.0            0.0
           255      G     -2.222222E-07  -5.555556E-08   0.0            0.0            0.0            0.0
           256      G     -4.444444E-07  -1.111111E-07   5.555556E-07   0.0            0.0            0.0
           257      G      0.0           -1.111111E-07   5.555556E-07   0.0            0.0            0.0
           258      G      0.0            0.0            5.555556E-07   0.0            0.0            0.0
           259      G     -2.222222E-07  -1.111111E-07   1.111111E-06   0.0            0.0            0.0
           260      G      0.0           -5.555556E-08   1.111111E-06   0.0            0.0            0.0
           261      G     -2.222222E-07  -5.555556E-08   1.111111E-06   0.0            0.0            0.0
           262      G      4.166667E-07   0.0            0.0            0.0            0.0            0.0
           263      G      8.333333E-07  -4.166667E-08   0.0            0.0            0.0            0.0
           264      G      8.333333E-07   0.0           -2.222222E-07   0.0            0.0            0.0
           265      G      4.166667E-07   0.0           -4.444444E-07   0.0            0.0            0.0
           266      G      8.333333E-07  -4.166667E-08  -4.444444E-07   0.0            0.0            0.0
           267      G     -4.166667E-08   0.0            0.0            0.0            0.0            0.0
           268      G     -8.333333E-08   2.777778E-07   0.0            0.0            0.0            0.0
           269      G     -8.333333E-08   0.0           -5.555556E-08   0.0            0.0            0.0
           270      G     -4.166667E-08   0.0           -1.111111E-07   0.0            0.0            0.0
           271      G     -8.333333E-08   2.777778E-07  -1.111111E-07   0.0            0.0            0.0
           272      G     -2.222222E-07   0.0            0.0            0.0            0.0            0.0
           273      G     -4.444444E-07  -5.555556E-08   0.0            0.0            0.0            0.0
           274      G     -4.444444E-07   0.0            5.555556E-07   0.0            0.0            0.0
           275      G     -2.222222E-07   0.0            1.111111E-06   0.0            0.0            0.0
           276      G     -4.444444E-07  -5.555556E-08   1.111111E-06   0.0            0.0            0.0
1                                                                              JUNE  20, 2025  MSC Nastran 11/21/24   PAGE    46
                                                                                                                                    
0                                                                                                                                   
 
                                                     L O A D   V E C T O R
 
      POINT ID.   TYPE          T1             T2             T3             R1             R2             R3
             2      G      4.166667E+04   0.0            0.0            0.0            0.0            0.0
             3      G      4.166667E+04   0.0            0.0            0.0            0.0            0.0
             6      G      4.166667E+04   0.0            0.0            0.0            0.0            0.0
             7      G      4.166667E+04   0.0            0.0            0.0            0.0            0.0
            11      G      0.0            4.166667E+04   0.0            0.0            0.0            0.0
            12      G      0.0            4.166667E+04   0.0            0.0            0.0            0.0
            15      G      0.0            4.166667E+04   0.0            0.0            0.0            0.0
            16      G      0.0            4.166667E+04   0.0            0.0            0.0            0.0
            21      G      0.0            0.0            4.166667E+04   0.0            0.0            0.0
            22      G      0.0            0.0            4.166667E+04   0.0            0.0            0.0
            23      G      0.0            0.0            4.166667E+04   0.0            0.0            0.0
            24      G      0.0            0.0            4.166667E+04   0.0            0.0            0.0
            26      G     -1.388889E+04   0.0            0.0            0.0            0.0            0.0
            27      G     -1.388889E+04   0.0            0.0            0.0            0.0            0.0
            30      G     -1.388889E+04   0.0            0.0            0.0            0.0            0.0
            31      G     -1.388889E+04   0.0            0.0            0.0            0.0            0.0
            35      G      0.0           -1.388889E+04   0.0            0.0            0.0            0.0
            36      G      0.0           -1.388889E+04   0.0            0.0            0.0            0.0
            39      G      0.0           -1.388889E+04   0.0            0.0            0.0            0.0
            40      G      0.0           -1.388889E+04   0.0            0.0            0.0            0.0
            45      G      0.0            0.0           -1.388889E+04   0.0            0.0            0.0
            46      G      0.0            0.0           -1.388889E+04   0.0            0.0            0.0
            47      G      0.0            0.0           -1.388889E+04   0.0            0.0            0.0
            48      G      0.0            0.0           -1.388889E+04   0.0            0.0            0.0
            50      G      2.777778E+04   0.0            0.0            0.0            0.0            0.0
            51      G      5.555556E+04   0.0            0.0            0.0            0.0            0.0
            54      G      5.555556E+04   0.0            0.0            0.0            0.0            0.0
            55      G      2.777778E+04   0.0            0.0            0.0            0.0            0.0
            59      G      0.0            5.555556E+04   0.0            0.0            0.0            0.0
            60      G      0.0            2.777778E+04   0.0            0.0            0.0            0.0
            63      G      0.0            2.777778E+04   0.0            0.0            0.0            0.0
            64      G      0.0            5.555556E+04   0.0            0.0            0.0            0.0
            69      G      0.0            0.0            2.777778E+04   0.0            0.0            0.0
            70      G      0.0            0.0            5.555556E+04   0.0            0.0            0.0
            71      G      0.0            0.0            2.777778E+04   0.0            0.0            0.0
            72      G      0.0            0.0            5.555556E+04   0.0            0.0            0.0
            74      G     -6.549330E-06   0.0            0.0            0.0            0.0            0.0
            75      G     -2.603716E-06   0.0            0.0            0.0            0.0            0.0
            78      G     -2.603735E-06   0.0            0.0            0.0            0.0            0.0
            79      G     -6.549334E-06   0.0            0.0            0.0            0.0            0.0
            83      G      0.0           -2.603734E-06   0.0            0.0            0.0            0.0
            84      G      0.0            3.945607E-06   0.0            0.0            0.0            0.0
            87      G      0.0           -6.549332E-06   0.0            0.0            0.0            0.0
            88      G      0.0           -1.309867E-05   0.0            0.0            0.0            0.0
            93      G      0.0            0.0           -6.549355E-06   0.0            0.0            0.0
            94      G      0.0            0.0           -2.603727E-06   0.0            0.0            0.0
            95      G      0.0            0.0           -6.549312E-06   0.0            0.0            0.0
            96      G      0.0            0.0           -2.603713E-06   0.0            0.0            0.0
            98      G      4.166667E+04   0.0            0.0            0.0            0.0            0.0
            99      G      4.166667E+04   0.0            0.0            0.0            0.0            0.0
1                                                                              JUNE  20, 2025  MSC Nastran 11/21/24   PAGE    47
                                                                                                                                    
0                                                                                                                                   
 
                                                     L O A D   V E C T O R
 
      POINT ID.   TYPE          T1             T2             T3             R1             R2             R3
           102      G      4.166667E+04   0.0            0.0            0.0            0.0            0.0
           103      G      4.166667E+04   0.0            0.0            0.0            0.0            0.0
           107      G      0.0            4.166667E+04   0.0            0.0            0.0            0.0
           108      G      0.0            4.166667E+04   0.0            0.0            0.0            0.0
           111      G      0.0            4.166667E+04   0.0            0.0            0.0            0.0
           112      G      0.0            4.166667E+04   0.0            0.0            0.0            0.0
           117      G      0.0            0.0            5.555556E+04   0.0            0.0            0.0
           118      G      0.0            0.0            2.777778E+04   0.0            0.0            0.0
           119      G      0.0            0.0            5.555556E+04   0.0            0.0            0.0
           120      G      0.0            0.0            2.777778E+04   0.0            0.0            0.0
           122      G     -1.388889E+04   0.0            0.0            0.0            0.0            0.0
           123      G     -1.388889E+04   0.0            0.0            0.0            0.0            0.0
           126      G     -1.388889E+04   0.0            0.0            0.0            0.0            0.0
           127      G     -1.388889E+04   0.0            0.0            0.0            0.0            0.0
           131      G      0.0           -1.388889E+04   0.0            0.0            0.0            0.0
           132      G      0.0           -1.388889E+04   0.0            0.0            0.0            0.0
           135      G      0.0           -1.388889E+04   0.0            0.0            0.0            0.0
           136      G      0.0           -1.388889E+04   0.0            0.0            0.0            0.0
           141      G      0.0            0.0           -2.603797E-06   0.0            0.0            0.0
           142      G      0.0            0.0           -6.549345E-06   0.0            0.0            0.0
           143      G      0.0            0.0           -2.603695E-06   0.0            0.0            0.0
           144      G      0.0            0.0           -6.549292E-06   0.0            0.0            0.0
           146      G      5.555556E+04   0.0            0.0            0.0            0.0            0.0
           150      G      5.555556E+04   0.0            0.0            0.0            0.0            0.0
           151      G      5.555556E+04   0.0            0.0            0.0            0.0            0.0
           154      G      5.555556E+04   0.0            0.0            0.0            0.0            0.0
           159      G      0.0            5.555556E+04   0.0            0.0            0.0            0.0
           163      G      0.0            5.555556E+04   0.0            0.0            0.0            0.0
           164      G      0.0            5.555556E+04   0.0            0.0            0.0            0.0
           167      G      0.0            5.555556E+04   0.0            0.0            0.0            0.0
           177      G      0.0            0.0            5.555556E+04   0.0            0.0            0.0
           178      G      0.0            0.0            5.555556E+04   0.0            0.0            0.0
           179      G      0.0            0.0            5.555556E+04   0.0            0.0            0.0
           180      G      0.0            0.0            5.555556E+04   0.0            0.0            0.0
           181      G      2.777778E+04   0.0            0.0            0.0            0.0            0.0
           182      G      2.777778E+04   0.0            0.0            0.0            0.0            0.0
           183      G      5.555556E+04   0.0            0.0            0.0            0.0            0.0
           188      G      0.0            2.777778E+04   0.0            0.0            0.0            0.0
           191      G      0.0            2.777778E+04   0.0            0.0            0.0            0.0
           192      G      0.0            5.555556E+04   0.0            0.0            0.0            0.0
           193      G      0.0            0.0            2.777778E+04   0.0            0.0            0.0
           196      G      0.0            0.0            5.555556E+04   0.0            0.0            0.0
           197      G      0.0            0.0            2.777778E+04   0.0            0.0            0.0
           209      G      2.777778E+04   0.0            0.0            0.0            0.0            0.0
           210      G      2.777778E+04   0.0            0.0            0.0            0.0            0.0
           217      G      0.0            2.777778E+04   0.0            0.0            0.0            0.0
           219      G      0.0            2.777778E+04   0.0            0.0            0.0            0.0
           226      G      0.0            0.0            2.777778E+04   0.0            0.0            0.0
           227      G      0.0            0.0            2.777778E+04   0.0            0.0            0.0
           238      G      5.555556E+04   0.0            0.0            0.0            0.0            0.0
1                                                                              JUNE  20, 2025  MSC Nastran 11/21/24   PAGE    48
                                                                                                                                    
0                                                                                                                                   
 
                                                     L O A D   V E C T O R
 
      POINT ID.   TYPE          T1             T2             T3             R1             R2             R3
           244      G      0.0            5.555556E+04   0.0            0.0            0.0            0.0
           247      G      0.0            5.555556E+04   0.0            0.0            0.0            0.0
           248      G      0.0            5.555556E+04   0.0            0.0            0.0            0.0
           250      G      0.0            5.555556E+04   0.0            0.0            0.0            0.0
           259      G      0.0            0.0            2.777778E+04   0.0            0.0            0.0
           260      G      0.0            0.0            2.777778E+04   0.0            0.0            0.0
           261      G      0.0            0.0            5.555556E+04   0.0            0.0            0.0
           263      G      5.555556E+04   0.0            0.0            0.0            0.0            0.0
           264      G      5.555556E+04   0.0            0.0            0.0            0.0            0.0
           266      G      5.555556E+04   0.0            0.0            0.0            0.0            0.0
           275      G      0.0            0.0            2.777778E+04   0.0            0.0            0.0
           276      G      0.0            0.0            2.777778E+04   0.0            0.0            0.0
1                                                                              JUNE  20, 2025  MSC Nastran 11/21/24   PAGE    49
                                                                                                                                    
0                                                                                                                                   
 
                               F O R C E S   O F   S I N G L E - P O I N T   C O N S T R A I N T
 
      POINT ID.   TYPE          T1             T2             T3             R1             R2             R3
             1      G     -4.166667E+04   2.046363E-12  -1.818989E-12   0.0            0.0            0.0
             2      G      0.0           -9.094947E-12   1.136868E-12   0.0            0.0            0.0
             3      G      0.0            0.0            3.637979E-12   0.0            0.0            0.0
             4      G     -4.166667E+04   0.0           -3.637979E-12   0.0            0.0            0.0
             5      G     -4.166667E+04   3.637979E-12   0.0            0.0            0.0            0.0
             6      G      0.0           -5.456968E-12   0.0            0.0            0.0            0.0
             8      G     -4.166667E+04   0.0            0.0            0.0            0.0            0.0
             9      G     -9.094947E-13  -4.166667E+04   3.637979E-12   0.0            0.0            0.0
            10      G      0.0           -4.166667E+04  -1.818989E-12   0.0            0.0            0.0
            11      G      0.0            0.0            3.183231E-12   0.0            0.0            0.0
            12      G     -2.728484E-12   0.0           -4.547474E-12   0.0            0.0            0.0
            13      G     -3.637979E-12  -4.166667E+04   0.0            0.0            0.0            0.0
            14      G      0.0           -4.166667E+04   0.0            0.0            0.0            0.0
            16      G     -1.818989E-12   0.0            0.0            0.0            0.0            0.0
            17      G     -1.818989E-12  -7.275958E-12  -4.166667E+04   0.0            0.0            0.0
            18      G      0.0            7.275958E-12  -4.166667E+04   0.0            0.0            0.0
            19      G      0.0            0.0           -4.166667E+04   0.0            0.0            0.0
            20      G     -9.094947E-13   0.0           -4.166667E+04   0.0            0.0            0.0
            21      G     -1.818989E-12   0.0            0.0            0.0            0.0            0.0
            24      G     -1.818989E-12   0.0            0.0            0.0            0.0            0.0
            25      G      1.388889E+04  -8.785400E-08  -9.242513E-08   0.0            0.0            0.0
            26      G      0.0           -1.160697E-07  -1.351918E-07   0.0            0.0            0.0
            27      G      0.0            0.0           -1.345943E-07   0.0            0.0            0.0
            28      G      1.388889E+04   0.0           -1.055814E-07   0.0            0.0            0.0
            29      G      1.388889E+04  -1.015915E-07   0.0            0.0            0.0            0.0
            30      G      0.0           -1.147782E-07   0.0            0.0            0.0            0.0
            32      G      1.388889E+04   0.0            0.0            0.0            0.0            0.0
            33      G     -7.829476E-08   1.388889E+04  -9.626046E-08   0.0            0.0            0.0
            34      G      0.0            1.388889E+04  -1.052449E-07   0.0            0.0            0.0
            35      G      0.0            0.0           -1.348344E-07   0.0            0.0            0.0
            36      G     -1.115786E-07   0.0           -1.403150E-07   0.0            0.0            0.0
            37      G     -9.099222E-08   1.388889E+04   0.0            0.0            0.0            0.0
            38      G      0.0            1.388889E+04   0.0            0.0            0.0            0.0
            40      G     -1.019944E-07   0.0            0.0            0.0            0.0            0.0
            41      G     -2.546585E-11  -4.001777E-11   1.388889E+04   0.0            0.0            0.0
            42      G      0.0           -2.910383E-11   1.388889E+04   0.0            0.0            0.0
            43      G      0.0            0.0            1.388889E+04   0.0            0.0            0.0
            44      G      3.637979E-12   0.0            1.388889E+04   0.0            0.0            0.0
            45      G      2.910383E-11   3.637979E-12   0.0            0.0            0.0            0.0
            46      G      0.0           -4.911271E-11   0.0            0.0            0.0            0.0
            48      G      1.091394E-11   0.0            0.0            0.0            0.0            0.0
            49      G     -5.555556E+04  -7.275958E-12  -1.455192E-11   0.0            0.0            0.0
            50      G      0.0            2.364686E-11   2.728484E-11   0.0            0.0            0.0
            51      G      0.0            0.0           -1.045919E-11   0.0            0.0            0.0
            52      G     -2.777778E+04   0.0            8.640200E-12   0.0            0.0            0.0
            53      G     -2.777778E+04  -1.364242E-11   0.0            0.0            0.0            0.0
            54      G      0.0            2.910383E-11   0.0            0.0            0.0            0.0
            56      G     -5.555556E+04   0.0            0.0            0.0            0.0            0.0
            57      G      1.818989E-12  -5.555556E+04   9.094947E-12   0.0            0.0            0.0
            58      G      0.0           -2.777778E+04  -5.229595E-12   0.0            0.0            0.0
1                                                                              JUNE  20, 2025  MSC Nastran 11/21/24   PAGE    50
                                                                                                                                    
0                                                                                                                                   
 
                               F O R C E S   O F   S I N G L E - P O I N T   C O N S T R A I N T
 
      POINT ID.   TYPE          T1             T2             T3             R1             R2             R3
            59      G      0.0            0.0           -3.637979E-12   0.0            0.0            0.0
            60      G      1.091394E-11   0.0           -7.275958E-12   0.0            0.0            0.0
            61      G     -1.818989E-11  -2.777778E+04   0.0            0.0            0.0            0.0
            62      G      0.0           -5.555556E+04   0.0            0.0            0.0            0.0
            64      G      2.364686E-11   0.0            0.0            0.0            0.0            0.0
            65      G      0.0           -1.455192E-11  -5.555556E+04   0.0            0.0            0.0
            66      G      0.0           -2.728484E-12  -2.777778E+04   0.0            0.0            0.0
            67      G      0.0            0.0           -5.555556E+04   0.0            0.0            0.0
            68      G     -2.046363E-12   0.0           -2.777778E+04   0.0            0.0            0.0
            69      G      7.275958E-12   9.094947E-12   0.0            0.0            0.0            0.0
            70      G      0.0           -1.091394E-11   0.0            0.0            0.0            0.0
            72      G     -2.137313E-11   0.0            0.0            0.0            0.0            0.0
            73      G     -4.050016E-07   1.824914E-06   5.754155E-07   0.0            0.0            0.0
            74      G      0.0            3.745805E-06   1.526761E-06   0.0            0.0            0.0
            75      G      0.0            0.0            2.157520E-06   0.0            0.0            0.0
            76      G      3.592500E-07   0.0            2.005190E-07   0.0            0.0            0.0
            77      G     -3.677560E-07   3.040295E-07   0.0            0.0            0.0            0.0
            78      G      0.0           -2.377697E-06   0.0            0.0            0.0            0.0
            80      G      7.747021E-07   0.0            0.0            0.0            0.0            0.0
            81      G      3.800005E-08  -4.242183E-06   4.942394E-07   0.0            0.0            0.0
            82      G      0.0           -7.845711E-07   1.453438E-07   0.0            0.0            0.0
            83      G      0.0            0.0           -4.337206E-06   0.0            0.0            0.0
            84      G     -2.907597E-06   0.0           -4.321106E-06   0.0            0.0            0.0
            85      G     -1.730430E-07   3.252407E-06   0.0            0.0            0.0            0.0
            86      G      0.0            5.173953E-06   0.0            0.0            0.0            0.0
            88      G      9.831765E-07   0.0            0.0            0.0            0.0            0.0
            89      G      5.910624E-07   3.598168E-06  -1.426783E-06   0.0            0.0            0.0
            90      G      0.0            4.491746E-07  -2.576908E-07   0.0            0.0            0.0
            91      G      0.0            0.0            3.325476E-08   0.0            0.0            0.0
            92      G     -6.544474E-08   0.0            2.469933E-07   0.0            0.0            0.0
            93      G      1.765344E-06   5.168562E-06   0.0            0.0            0.0            0.0
            94      G      0.0           -3.805453E-06   0.0            0.0            0.0            0.0
            96      G      2.463465E-06   0.0            0.0            0.0            0.0            0.0
            97      G     -4.166667E+04  -1.091394E-11   9.094947E-12   0.0            0.0            0.0
            98      G      0.0            1.273293E-11  -1.273293E-11   0.0            0.0            0.0
            99      G      0.0            0.0           -1.273293E-11   0.0            0.0            0.0
           100      G     -4.166667E+04   0.0            9.094947E-12   0.0            0.0            0.0
           101      G     -4.166667E+04   7.275958E-12   0.0            0.0            0.0            0.0
           102      G      0.0            7.275958E-12   0.0            0.0            0.0            0.0
           104      G     -4.166667E+04   0.0            0.0            0.0            0.0            0.0
           105      G      7.275958E-12  -4.166667E+04  -3.637979E-12   0.0            0.0            0.0
           106      G      0.0           -4.166667E+04   9.094947E-13   0.0            0.0            0.0
           107      G      0.0            0.0            3.183231E-12   0.0            0.0            0.0
           108      G     -1.818989E-12   0.0            1.818989E-12   0.0            0.0            0.0
           109      G      3.637979E-12  -4.166667E+04   0.0            0.0            0.0            0.0
           110      G      0.0           -4.166667E+04   0.0            0.0            0.0            0.0
           112      G      7.275958E-12   0.0            0.0            0.0            0.0            0.0
           113      G      3.637979E-12   1.455192E-11  -5.555556E+04   0.0            0.0            0.0
           114      G      0.0           -1.000444E-11  -2.777778E+04   0.0            0.0            0.0
           115      G      0.0            0.0           -5.555556E+04   0.0            0.0            0.0
1                                                                              JUNE  20, 2025  MSC Nastran 11/21/24   PAGE    51
                                                                                                                                    
0                                                                                                                                   
 
                               F O R C E S   O F   S I N G L E - P O I N T   C O N S T R A I N T
 
      POINT ID.   TYPE          T1             T2             T3             R1             R2             R3
           116      G      1.455192E-11   0.0           -2.777778E+04   0.0            0.0            0.0
           117      G      1.091394E-11   3.637979E-12   0.0            0.0            0.0            0.0
           118      G      0.0           -7.275958E-12   0.0            0.0            0.0            0.0
           120      G      7.275958E-12   0.0            0.0            0.0            0.0            0.0
           121      G      1.388889E+04  -3.075002E-08  -4.362664E-08   0.0            0.0            0.0
           122      G      0.0           -7.213384E-08  -1.350709E-07   0.0            0.0            0.0
           123      G      0.0            0.0           -1.538501E-08   0.0            0.0            0.0
           124      G      1.388889E+04   0.0           -1.263470E-08   0.0            0.0            0.0
           125      G      1.388889E+04  -6.073788E-08   0.0            0.0            0.0            0.0
           126      G      0.0           -5.409311E-08   0.0            0.0            0.0            0.0
           128      G      1.388889E+04   0.0            0.0            0.0            0.0            0.0
           129      G     -1.839453E-08   1.388889E+04  -7.684957E-08   0.0            0.0            0.0
           130      G      0.0            1.388889E+04  -5.597940E-09   0.0            0.0            0.0
           131      G      0.0            0.0           -3.364767E-08   0.0            0.0            0.0
           132      G     -6.441587E-08   0.0           -1.433273E-07   0.0            0.0            0.0
           133      G     -3.768764E-08   1.388889E+04   0.0            0.0            0.0            0.0
           134      G      0.0            1.388889E+04   0.0            0.0            0.0            0.0
           136      G     -4.713365E-08   0.0            0.0            0.0            0.0            0.0
           137      G      3.130677E-06  -1.887073E-06  -3.338369E-06   0.0            0.0            0.0
           138      G      0.0            2.275374E-07  -4.126632E-07   0.0            0.0            0.0
           139      G      0.0            0.0           -4.720932E-07   0.0            0.0            0.0
           140      G      2.921126E-06   0.0           -1.273394E-06   0.0            0.0            0.0
           141      G      4.799764E-06  -3.606081E-06   0.0            0.0            0.0            0.0
           142      G      0.0            3.006444E-07   0.0            0.0            0.0            0.0
           144      G      5.516315E-06   0.0            0.0            0.0            0.0            0.0
           145      G      0.0            1.839780E-07   1.896060E-07   0.0            0.0            0.0
           146      G      0.0            0.0           -1.863100E-08   0.0            0.0            0.0
           147      G      0.0            0.0            1.630306E-07   0.0            0.0            0.0
           148      G     -5.555556E+04   0.0            1.339340E-07   0.0            0.0            0.0
           149      G     -5.555556E+04   8.585630E-08   0.0            0.0            0.0            0.0
           150      G      0.0           -6.877599E-09   0.0            0.0            0.0            0.0
           152      G     -5.555556E+04   0.0            0.0            0.0            0.0            0.0
           153      G      0.0            1.572835E-07   0.0            0.0            0.0            0.0
           156      G     -5.555556E+04   0.0            0.0            0.0            0.0            0.0
           157      G      0.0           -5.555556E+04   1.032622E-07   0.0            0.0            0.0
           158      G      0.0            0.0            2.094366E-07   0.0            0.0            0.0
           159      G      0.0            0.0           -5.232141E-08   0.0            0.0            0.0
           160      G      1.773333E-07   0.0            2.163142E-07   0.0            0.0            0.0
           161      G      6.496521E-08  -5.555556E+04   0.0            0.0            0.0            0.0
           162      G      0.0           -5.555556E+04   0.0            0.0            0.0            0.0
           164      G     -2.950219E-08   0.0            0.0            0.0            0.0            0.0
           165      G      0.0           -5.555556E+04   0.0            0.0            0.0            0.0
           168      G      1.700664E-07   0.0            0.0            0.0            0.0            0.0
           169      G      0.0            7.094059E-11  -5.555556E+04   0.0            0.0            0.0
           170      G      0.0            0.0           -5.555556E+04   0.0            0.0            0.0
           171      G      0.0            0.0           -5.555556E+04   0.0            0.0            0.0
           172      G      3.092282E-11   0.0           -5.555556E+04   0.0            0.0            0.0
           173      G      7.275958E-12   2.546585E-11   0.0            0.0            0.0            0.0
           174      G      0.0            3.092282E-11   0.0            0.0            0.0            0.0
           176      G      1.909939E-11   0.0            0.0            0.0            0.0            0.0
1                                                                              JUNE  20, 2025  MSC Nastran 11/21/24   PAGE    52
                                                                                                                                    
0                                                                                                                                   
 
                               F O R C E S   O F   S I N G L E - P O I N T   C O N S T R A I N T
 
      POINT ID.   TYPE          T1             T2             T3             R1             R2             R3
           177      G      0.0            5.275069E-11   0.0            0.0            0.0            0.0
           180      G      7.275958E-12   0.0            0.0            0.0            0.0            0.0
           199      G      0.0           -9.308460E-06   0.0            0.0            0.0            0.0
           200      G     -5.555556E+04   0.0            0.0            0.0            0.0            0.0
           201      G     -2.777778E+04   2.133142E-06   0.0            0.0            0.0            0.0
           202      G      0.0            1.964130E-06   0.0            0.0            0.0            0.0
           203      G     -2.777778E+04   0.0            0.0            0.0            0.0            0.0
           204      G      0.0            0.0           -9.681717E-07   0.0            0.0            0.0
           205      G      0.0            0.0            7.887829E-07   0.0            0.0            0.0
           206      G     -2.777778E+04   0.0            1.228425E-06   0.0            0.0            0.0
           207      G     -2.777778E+04   0.0            0.0            0.0            0.0            0.0
           208      G      0.0           -6.792636E-06  -6.771552E-08   0.0            0.0            0.0
           209      G      0.0            0.0           -5.441503E-06   0.0            0.0            0.0
           210      G      0.0            8.506730E-06   0.0            0.0            0.0            0.0
           211      G      0.0           -5.555556E+04   0.0            0.0            0.0            0.0
           212      G      3.726773E-06   0.0            0.0            0.0            0.0            0.0
           213      G      1.255234E-06  -2.777778E+04   0.0            0.0            0.0            0.0
           214      G      0.0           -2.777778E+04   0.0            0.0            0.0            0.0
           215      G      3.146765E-07   0.0            0.0            0.0            0.0            0.0
           216      G      0.0            0.0            6.267652E-06   0.0            0.0            0.0
           217      G      0.0            0.0           -1.097013E-05   0.0            0.0            0.0
           218      G      1.361963E-06   0.0            2.556646E-06   0.0            0.0            0.0
           219      G     -4.599206E-06   0.0            0.0            0.0            0.0            0.0
           220      G      0.0           -2.777778E+04   4.610503E-06   0.0            0.0            0.0
           221      G      0.0            0.0            5.554104E-06   0.0            0.0            0.0
           222      G      0.0           -2.777778E+04   0.0            0.0            0.0            0.0
           223      G      0.0           -1.220191E-05   0.0            0.0            0.0            0.0
           224      G     -5.053298E-07   0.0            0.0            0.0            0.0            0.0
           225      G     -9.317446E-07  -1.009733E-05   0.0            0.0            0.0            0.0
           226      G      0.0            1.025223E-05   0.0            0.0            0.0            0.0
           227      G     -5.156631E-06   0.0            0.0            0.0            0.0            0.0
           228      G      0.0            0.0           -5.555556E+04   0.0            0.0            0.0
           229      G      0.0            0.0           -2.777778E+04   0.0            0.0            0.0
           230      G      1.430111E-06   0.0           -2.777778E+04   0.0            0.0            0.0
           231      G      4.092562E-07   0.0            0.0            0.0            0.0            0.0
           232      G      0.0            3.228247E-06  -2.777778E+04   0.0            0.0            0.0
           233      G      0.0            0.0           -2.777778E+04   0.0            0.0            0.0
           234      G      0.0            3.408400E-06   0.0            0.0            0.0            0.0
           235      G      0.0            0.0           -1.138324E-08   0.0            0.0            0.0
           236      G     -5.555556E+04   0.0            1.438821E-09   0.0            0.0            0.0
           237      G      0.0            0.0            1.770750E-07   0.0            0.0            0.0
           239      G     -5.555556E+04   0.0            0.0            0.0            0.0            0.0
           240      G     -5.555556E+04   7.903873E-08   0.0            0.0            0.0            0.0
           242      G     -5.555556E+04   0.0            0.0            0.0            0.0            0.0
           244      G      0.0            0.0           -1.801491E-07   0.0            0.0            0.0
           245      G      7.022481E-08   0.0            2.284633E-07   0.0            0.0            0.0
           246      G      0.0            0.0            1.861372E-07   0.0            0.0            0.0
           248      G     -1.314220E-08   0.0            0.0            0.0            0.0            0.0
           249      G      5.385118E-08  -5.555556E+04   0.0            0.0            0.0            0.0
           251      G      5.666880E-08   0.0            0.0            0.0            0.0            0.0
1                                                                              JUNE  20, 2025  MSC Nastran 11/21/24   PAGE    53
                                                                                                                                    
0                                                                                                                                   
 
                               F O R C E S   O F   S I N G L E - P O I N T   C O N S T R A I N T
 
      POINT ID.   TYPE          T1             T2             T3             R1             R2             R3
           253      G      0.0            0.0           -2.777778E+04   0.0            0.0            0.0
           254      G     -1.155782E-06   0.0           -2.777778E+04   0.0            0.0            0.0
           255      G      0.0            0.0           -5.555556E+04   0.0            0.0            0.0
           257      G     -7.928590E-06   0.0            0.0            0.0            0.0            0.0
           258      G     -1.037028E-05   3.506353E-06   0.0            0.0            0.0            0.0
           260      G      3.086803E-06   0.0            0.0            0.0            0.0            0.0
           262      G      0.0            8.767893E-08   1.764420E-07   0.0            0.0            0.0
           263      G      0.0            0.0           -1.368398E-07   0.0            0.0            0.0
           264      G      0.0           -1.157969E-08   0.0            0.0            0.0            0.0
           265      G      0.0            6.248592E-08   0.0            0.0            0.0            0.0
           267      G      0.0           -5.555556E+04  -6.981281E-09   0.0            0.0            0.0
           268      G      0.0            0.0            3.200694E-08   0.0            0.0            0.0
           269      G      0.0           -5.555556E+04   0.0            0.0            0.0            0.0
           270      G      0.0           -5.555556E+04   0.0            0.0            0.0            0.0
           272      G      0.0            1.359273E-06  -2.777778E+04   0.0            0.0            0.0
           273      G      0.0            0.0           -2.777778E+04   0.0            0.0            0.0
           274      G      0.0            4.338035E-07   0.0            0.0            0.0            0.0
           275      G      0.0           -3.344321E-07   0.0            0.0            0.0            0.0
1                                                                              JUNE  20, 2025  MSC Nastran 11/21/24   PAGE    54
                                                                                                                                    
0                                                                                                                                   
 
                        S T R A I N S   I N   H E X A H E D R O N   S O L I D   E L E M E N T S   ( H E X A )
0                CORNER        ------CENTER AND CORNER POINT  STRAINS---------       DIR.  COSINES       MEAN                   
  ELEMENT-ID    GRID-ID        NORMAL              SHEAR             PRINCIPAL       -A-  -B-  -C-     PRESSURE       VON MISES 
0         1           0GRID CS  8 GP
0                CENTER  X   8.333333E-07  XY  -1.058791E-22   A   8.333333E-07  LX 1.00-0.00-0.00  -1.018519E-07    7.606131E-07
                         Y  -8.333333E-08  YZ   0.0            B  -4.444444E-07  LY-0.00-0.00-1.00
                         Z  -4.444444E-07  ZX   3.970467E-23   C  -8.333333E-08  LZ 0.00 1.00-0.00
0                     1  X   8.333333E-07  XY   0.0            A   8.333333E-07  LX 1.00 0.0  0.0   -1.018519E-07    7.606131E-07
                         Y  -8.333333E-08  YZ   0.0            B  -4.444444E-07  LY 0.0  0.0 -1.00
                         Z  -4.444444E-07  ZX   0.0            C  -8.333333E-08  LZ 0.0  1.00 0.0
0                     2  X   8.333333E-07  XY  -1.058791E-22   A   8.333333E-07  LX 1.00-0.00-0.00  -1.018519E-07    7.606131E-07
                         Y  -8.333333E-08  YZ   0.0            B  -4.444444E-07  LY-0.00-0.00-1.00
                         Z  -4.444444E-07  ZX   4.235165E-22   C  -8.333333E-08  LZ 0.00 1.00-0.00
0                     3  X   8.333333E-07  XY   0.0            A   8.333333E-07  LX 1.00 0.0  0.0   -1.018519E-07    7.606131E-07
                         Y  -8.333333E-08  YZ  -1.058791E-22   B  -4.444444E-07  LY 0.0  0.00-1.00
                         Z  -4.444444E-07  ZX   0.0            C  -8.333333E-08  LZ 0.0  1.00 0.00
0                     4  X   8.333333E-07  XY   1.588187E-22   A   8.333333E-07  LX 1.00-0.00 0.00  -1.018519E-07    7.606131E-07
                         Y  -8.333333E-08  YZ  -5.293956E-23   B  -4.444444E-07  LY 0.00 0.00-1.00
                         Z  -4.444444E-07  ZX   0.0            C  -8.333333E-08  LZ-0.00 1.00 0.00
0                     5  X   8.333333E-07  XY   0.0            A   8.333333E-07  LX 1.00 0.00 0.00  -1.018519E-07    7.606131E-07
                         Y  -8.333333E-08  YZ  -2.646978E-22   B  -4.444444E-07  LY 0.00 0.00-1.00
                         Z  -4.444444E-07  ZX  -4.764560E-22   C  -8.333333E-08  LZ-0.00 1.00 0.00
0                     6  X   8.333333E-07  XY  -5.293956E-22   A   8.333333E-07  LX 1.00 0.00-0.00  -1.018519E-07    7.606131E-07
                         Y  -8.333333E-08  YZ   4.235165E-22   B  -4.444444E-07  LY-0.00-0.00-1.00
                         Z  -4.444444E-07  ZX  -5.293956E-23   C  -8.333333E-08  LZ-0.00 1.00-0.00
0                     7  X   8.333333E-07  XY  -4.235165E-22   A   8.333333E-07  LX 1.00-0.00-0.00  -1.018519E-07    7.606131E-07
                         Y  -8.333333E-08  YZ   3.176374E-22   B  -4.444444E-07  LY-0.00-0.00-1.00
                         Z  -4.444444E-07  ZX   2.117582E-22   C  -8.333333E-08  LZ 0.00 1.00-0.00
0                     8  X   8.333333E-07  XY   1.058791E-22   A   8.333333E-07  LX 1.00-0.00 0.00  -1.018519E-07    7.606131E-07
                         Y  -8.333333E-08  YZ  -3.176374E-22   B  -4.444444E-07  LY 0.00 0.00-1.00
                         Z  -4.444444E-07  ZX   2.117582E-22   C  -8.333333E-08  LZ 0.00 1.00 0.00
0         2           0GRID CS  8 GP
0                CENTER  X  -8.333333E-08  XY   0.0            A   5.555556E-07  LX 0.00 0.00-1.00  -1.203704E-07    4.354806E-07
                         Y   5.555556E-07  YZ  -2.977850E-23   B  -1.111111E-07  LY 1.00 0.00 0.00
                         Z  -1.111111E-07  ZX  -3.970467E-23   C  -8.333333E-08  LZ-0.00 1.00 0.00
0                     9  X  -8.333333E-08  XY   0.0            A   5.555556E-07  LX 0.0  0.0 -1.00  -1.203704E-07    4.354806E-07
                         Y   5.555556E-07  YZ   0.0            B  -1.111111E-07  LY 1.00 0.0  0.0
                         Z  -1.111111E-07  ZX   0.0            C  -8.333333E-08  LZ 0.0  1.00 0.0
1                                                                              JUNE  20, 2025  MSC Nastran 11/21/24   PAGE    55
                                                                                                                                    
0                                                                                                                                   
 
                        S T R A I N S   I N   H E X A H E D R O N   S O L I D   E L E M E N T S   ( H E X A )
0                CORNER        ------CENTER AND CORNER POINT  STRAINS---------       DIR.  COSINES       MEAN                   
  ELEMENT-ID    GRID-ID        NORMAL              SHEAR             PRINCIPAL       -A-  -B-  -C-     PRESSURE       VON MISES 
0                    10  X  -8.333333E-08  XY   1.191140E-22   A   5.555556E-07  LX 0.00 0.00-1.00  -1.203704E-07    4.354806E-07
                         Y   5.555556E-07  YZ   0.0            B  -1.111111E-07  LY 1.00-0.00 0.00
                         Z  -1.111111E-07  ZX  -1.323489E-23   C  -8.333333E-08  LZ-0.00 1.00 0.00
0                    11  X  -8.333333E-08  XY  -4.235165E-22   A   5.555556E-07  LX-0.00 0.00-1.00  -1.203704E-07    4.354806E-07
                         Y   5.555556E-07  YZ   4.235165E-22   B  -1.111111E-07  LY 1.00-0.00-0.00
                         Z  -1.111111E-07  ZX  -7.940934E-23   C  -8.333333E-08  LZ 0.00 1.00 0.00
0                    12  X  -8.333333E-08  XY  -5.293956E-22   A   5.555556E-07  LX-0.00 0.00-1.00  -1.203704E-07    4.354806E-07
                         Y   5.555556E-07  YZ  -4.235165E-22   B  -1.111111E-07  LY 1.00 0.00-0.00
                         Z  -1.111111E-07  ZX   0.0            C  -8.333333E-08  LZ-0.00 1.00 0.00
0                    13  X  -8.333333E-08  XY   0.0            A   5.555556E-07  LX 0.0  0.0 -1.00  -1.203704E-07    4.354806E-07
                         Y   5.555556E-07  YZ  -1.323489E-23   B  -1.111111E-07  LY 1.00 0.00 0.0
                         Z  -1.111111E-07  ZX   0.0            C  -8.333333E-08  LZ-0.00 1.00 0.0
0                    14  X  -8.333333E-08  XY   5.293956E-23   A   5.555556E-07  LX 0.00 0.00-1.00  -1.203704E-07    4.354806E-07
                         Y   5.555556E-07  YZ  -9.264423E-23   B  -1.111111E-07  LY 1.00 0.00 0.00
                         Z  -1.111111E-07  ZX  -1.323489E-23   C  -8.333333E-08  LZ-0.00 1.00 0.00
0                    15  X  -8.333333E-08  XY   3.176374E-22   A   5.555556E-07  LX 0.00 0.00-1.00  -1.203704E-07    4.354806E-07
                         Y   5.555556E-07  YZ   3.308722E-22   B  -1.111111E-07  LY 1.00-0.00 0.00
                         Z  -1.111111E-07  ZX  -1.588187E-22   C  -8.333333E-08  LZ 0.00 1.00 0.00
0                    16  X  -8.333333E-08  XY   3.176374E-22   A   5.555556E-07  LX 0.00 0.00-1.00  -1.203704E-07    4.354806E-07
                         Y   5.555556E-07  YZ  -4.499863E-22   B  -1.111111E-07  LY 1.00 0.00 0.00
                         Z  -1.111111E-07  ZX  -7.940934E-23   C  -8.333333E-08  LZ-0.00 1.00 0.00
0         3           0GRID CS  8 GP
0                CENTER  X  -4.444444E-07  XY   5.293956E-23   A   1.111111E-06  LX 0.00 1.00-0.00  -1.851852E-07    9.457145E-07
                         Y  -1.111111E-07  YZ   5.293956E-23   B  -4.444444E-07  LY 0.00-0.00-1.00
                         Z   1.111111E-06  ZX   5.293956E-23   C  -1.111111E-07  LZ 1.00-0.00 0.00
0                    17  X  -4.444444E-07  XY   0.0            A   1.111111E-06  LX 0.0  1.00 0.0   -1.851852E-07    9.457145E-07
                         Y  -1.111111E-07  YZ   0.0            B  -4.444444E-07  LY 0.0  0.0 -1.00
                         Z   1.111111E-06  ZX   0.0            C  -1.111111E-07  LZ 1.00 0.0  0.0
0                    18  X  -4.444444E-07  XY   0.0            A   1.111111E-06  LX-0.00 1.00 0.0   -1.851852E-07    9.457145E-07
                         Y  -1.111111E-07  YZ   0.0            B  -4.444444E-07  LY 0.0  0.0 -1.00
                         Z   1.111111E-06  ZX  -1.588187E-22   C  -1.111111E-07  LZ 1.00 0.00 0.0
0                    19  X  -4.444444E-07  XY  -1.588187E-22   A   1.111111E-06  LX 0.00 1.00 0.00  -1.851852E-07    9.457145E-07
                         Y  -1.111111E-07  YZ  -5.293956E-23   B  -4.444444E-07  LY-0.00 0.00-1.00
                         Z   1.111111E-06  ZX   2.117582E-22   C  -1.111111E-07  LZ 1.00-0.00-0.00
0                    20  X  -4.444444E-07  XY  -1.588187E-22   A   1.111111E-06  LX 0.00 1.00 0.00  -1.851852E-07    9.457145E-07
                         Y  -1.111111E-07  YZ  -1.588187E-22   B  -4.444444E-07  LY-0.00 0.00-1.00
                         Z   1.111111E-06  ZX   0.0            C  -1.111111E-07  LZ 1.00 0.00-0.00
1                                                                              JUNE  20, 2025  MSC Nastran 11/21/24   PAGE    56
                                                                                                                                    
0                                                                                                                                   
 
                        S T R A I N S   I N   H E X A H E D R O N   S O L I D   E L E M E N T S   ( H E X A )
0                CORNER        ------CENTER AND CORNER POINT  STRAINS---------       DIR.  COSINES       MEAN                   
  ELEMENT-ID    GRID-ID        NORMAL              SHEAR             PRINCIPAL       -A-  -B-  -C-     PRESSURE       VON MISES 
0                    21  X  -4.444444E-07  XY   0.0            A   1.111111E-06  LX 0.00 1.00 0.00  -1.851852E-07    9.457145E-07
                         Y  -1.111111E-07  YZ   8.470329E-22   B  -4.444444E-07  LY 0.00 0.00-1.00
                         Z   1.111111E-06  ZX   8.470329E-22   C  -1.111111E-07  LZ 1.00-0.00 0.00
0                    22  X  -4.444444E-07  XY   3.705769E-22   A   1.111111E-06  LX 0.00 1.00-0.00  -1.851852E-07    9.457145E-07
                         Y  -1.111111E-07  YZ  -6.352747E-22   B  -4.444444E-07  LY-0.00-0.00-1.00
                         Z   1.111111E-06  ZX   6.352747E-22   C  -1.111111E-07  LZ 1.00-0.00-0.00
0                    23  X  -4.444444E-07  XY   3.176374E-22   A   1.111111E-06  LX-0.00 1.00-0.00  -1.851852E-07    9.457145E-07
                         Y  -1.111111E-07  YZ  -6.352747E-22   B  -4.444444E-07  LY-0.00-0.00-1.00
                         Z   1.111111E-06  ZX  -4.235165E-22   C  -1.111111E-07  LZ 1.00 0.00-0.00
0                    24  X  -4.444444E-07  XY  -5.293956E-23   A   1.111111E-06  LX-0.00 1.00 0.00  -1.851852E-07    9.457145E-07
                         Y  -1.111111E-07  YZ   8.470329E-22   B  -4.444444E-07  LY 0.00 0.00-1.00
                         Z   1.111111E-06  ZX  -6.352747E-22   C  -1.111111E-07  LZ 1.00 0.00 0.00
0         4           0GRID CS 20 GP
0                CENTER  X   8.333333E-07  XY  -5.347028E-19   A   8.333333E-07  LX 1.00 0.00-0.00  -1.018519E-07    7.606131E-07
                         Y  -8.333333E-08  YZ  -7.321541E-20   B  -4.444444E-07  LY-0.00 0.00-1.00
                         Z  -4.444444E-07  ZX  -1.259247E-18   C  -8.333333E-08  LZ-0.00 1.00 0.00
0                    25  X   8.333333E-07  XY  -3.230790E-18   A   8.333333E-07  LX 1.00 0.00-0.00  -1.018519E-07    7.606131E-07
                         Y  -8.333333E-08  YZ   1.879619E-19   B  -4.444444E-07  LY-0.00-0.00-1.00
                         Z  -4.444444E-07  ZX  -4.197406E-18   C  -8.333333E-08  LZ-0.00 1.00-0.00
0                    26  X   8.333333E-07  XY  -1.508735E-17   A   8.333333E-07  LX 1.00 0.00-0.00  -1.018519E-07    7.606131E-07
                         Y  -8.333333E-08  YZ   1.912309E-19   B  -4.444444E-07  LY-0.00-0.00-1.00
                         Z  -4.444444E-07  ZX  -1.923119E-17   C  -8.333333E-08  LZ-0.00 1.00-0.00
0                    27  X   8.333333E-07  XY   1.022734E-17   A   8.333333E-07  LX 1.00 0.00 0.00  -1.018519E-07    7.606131E-07
                         Y  -8.333333E-08  YZ   8.801202E-20   B  -4.444444E-07  LY 0.00-0.00-1.00
                         Z  -4.444444E-07  ZX  -1.918002E-17   C  -8.333333E-08  LZ-0.00 1.00-0.00
0                    28  X   8.333333E-07  XY   4.953714E-18   A   8.333333E-07  LX 1.00 0.00 0.00  -1.018519E-07    7.606131E-07
                         Y  -8.333333E-08  YZ  -7.737117E-20   B  -4.444444E-07  LY 0.00 0.00-1.00
                         Z  -4.444444E-07  ZX  -4.200344E-18   C  -8.333333E-08  LZ-0.00 1.00 0.00
0                    29  X   8.333333E-07  XY  -3.213848E-18   A   8.333333E-07  LX 1.00-0.00-0.00  -1.018519E-07    7.606131E-07
                         Y  -8.333333E-08  YZ   1.262079E-19   B  -4.444444E-07  LY-0.00-0.00-1.00
                         Z  -4.444444E-07  ZX   5.292024E-18   C  -8.333333E-08  LZ 0.00 1.00-0.00
0                    30  X   8.333333E-07  XY  -1.501466E-17   A   8.333333E-07  LX 1.00-0.00-0.00  -1.018519E-07    7.606131E-07
                         Y  -8.333333E-08  YZ   3.042436E-19   B  -4.444444E-07  LY-0.00-0.00-1.00
                         Z  -4.444444E-07  ZX   1.158672E-17   C  -8.333333E-08  LZ 0.00 1.00-0.00
0                    31  X   8.333333E-07  XY   1.032549E-17   A   8.333333E-07  LX 1.00-0.00 0.00  -1.018519E-07    7.606131E-07
                         Y  -8.333333E-08  YZ  -8.517975E-19   B  -4.444444E-07  LY 0.00 0.00-1.00
                         Z  -4.444444E-07  ZX   1.168911E-17   C  -8.333333E-08  LZ 0.00 1.00 0.00
1                                                                              JUNE  20, 2025  MSC Nastran 11/21/24   PAGE    57
                                                                                                                                    
0                                                                                                                                   
 
                        S T R A I N S   I N   H E X A H E D R O N   S O L I D   E L E M E N T S   ( H E X A )
0                CORNER        ------CENTER AND CORNER POINT  STRAINS---------       DIR.  COSINES       MEAN                   
  ELEMENT-ID    GRID-ID        NORMAL              SHEAR             PRINCIPAL       -A-  -B-  -C-     PRESSURE       VON MISES 
0                    32  X   8.333333E-07  XY   5.077370E-18   A   8.333333E-07  LX 1.00-0.00 0.00  -1.018519E-07    7.606131E-07
                         Y  -8.333333E-08  YZ  -1.012840E-18   B  -4.444444E-07  LY 0.00 0.00-1.00
                         Z  -4.444444E-07  ZX   5.420349E-18   C  -8.333333E-08  LZ 0.00 1.00 0.00
0         5           0GRID CS 20 GP
0                CENTER  X  -8.333333E-08  XY  -5.510743E-19   A   5.555556E-07  LX-0.00 0.00-1.00  -1.203704E-07    4.354806E-07
                         Y   5.555556E-07  YZ  -3.457747E-19   B  -1.111111E-07  LY 1.00 0.00-0.00
                         Z  -1.111111E-07  ZX  -8.770761E-20   C  -8.333333E-08  LZ-0.00 1.00 0.00
0                    33  X  -8.333333E-08  XY  -3.129012E-18   A   5.555556E-07  LX-0.00-0.00-1.00  -1.203704E-07    4.354806E-07
                         Y   5.555556E-07  YZ  -1.879004E-18   B  -1.111111E-07  LY 1.00 0.00-0.00
                         Z  -1.111111E-07  ZX   1.312305E-19   C  -8.333333E-08  LZ-0.00 1.00-0.00
0                    34  X  -8.333333E-08  XY   4.773024E-18   A   5.555556E-07  LX 0.00 0.00-1.00  -1.203704E-07    4.354806E-07
                         Y   5.555556E-07  YZ  -1.907525E-18   B  -1.111111E-07  LY 1.00 0.00 0.00
                         Z  -1.111111E-07  ZX  -1.366933E-19   C  -8.333333E-08  LZ-0.00 1.00 0.00
0                    35  X  -8.333333E-08  XY   9.728663E-18   A   5.555556E-07  LX 0.00-0.00-1.00  -1.203704E-07    4.354806E-07
                         Y   5.555556E-07  YZ  -9.836934E-18   B  -1.111111E-07  LY 1.00 0.00 0.00
                         Z  -1.111111E-07  ZX   3.519389E-19   C  -8.333333E-08  LZ-0.00 1.00-0.00
0                    36  X  -8.333333E-08  XY  -1.475215E-17   A   5.555556E-07  LX-0.00-0.00-1.00  -1.203704E-07    4.354806E-07
                         Y   5.555556E-07  YZ  -9.808397E-18   B  -1.111111E-07  LY 1.00 0.00-0.00
                         Z  -1.111111E-07  ZX   2.349789E-19   C  -8.333333E-08  LZ-0.00 1.00-0.00
0                    37  X  -8.333333E-08  XY  -3.112317E-18   A   5.555556E-07  LX-0.00-0.00-1.00  -1.203704E-07    4.354806E-07
                         Y   5.555556E-07  YZ   2.801111E-18   B  -1.111111E-07  LY 1.00-0.00-0.00
                         Z  -1.111111E-07  ZX   1.233955E-19   C  -8.333333E-08  LZ 0.00 1.00-0.00
0                    38  X  -8.333333E-08  XY   5.070763E-18   A   5.555556E-07  LX 0.00 0.00-1.00  -1.203704E-07    4.354806E-07
                         Y   5.555556E-07  YZ   2.845422E-18   B  -1.111111E-07  LY 1.00-0.00 0.00
                         Z  -1.111111E-07  ZX  -1.136420E-18   C  -8.333333E-08  LZ 0.00 1.00 0.00
0                    39  X  -8.333333E-08  XY   9.947767E-18   A   5.555556E-07  LX 0.00 0.00-1.00  -1.203704E-07    4.354806E-07
                         Y   5.555556E-07  YZ   5.840160E-18   B  -1.111111E-07  LY 1.00-0.00 0.00
                         Z  -1.111111E-07  ZX  -6.345666E-19   C  -8.333333E-08  LZ 0.00 1.00 0.00
0                    40  X  -8.333333E-08  XY  -1.469277E-17   A   5.555556E-07  LX-0.00-0.00-1.00  -1.203704E-07    4.354806E-07
                         Y   5.555556E-07  YZ   5.832695E-18   B  -1.111111E-07  LY 1.00-0.00-0.00
                         Z  -1.111111E-07  ZX   4.736569E-19   C  -8.333333E-08  LZ 0.00 1.00-0.00
0         6           0GRID CS 20 GP
0                CENTER  X  -4.444444E-07  XY  -1.687448E-22   A   1.111111E-06  LX-0.00 1.00 0.00  -1.851852E-07    9.457145E-07
                         Y  -1.111111E-07  YZ  -9.926167E-24   B  -4.444444E-07  LY-0.00 0.00-1.00
                         Z   1.111111E-06  ZX  -2.117582E-22   C  -1.111111E-07  LZ 1.00 0.00-0.00
1                                                                              JUNE  20, 2025  MSC Nastran 11/21/24   PAGE    58
                                                                                                                                    
0                                                                                                                                   
 
                        S T R A I N S   I N   H E X A H E D R O N   S O L I D   E L E M E N T S   ( H E X A )
0                CORNER        ------CENTER AND CORNER POINT  STRAINS---------       DIR.  COSINES       MEAN                   
  ELEMENT-ID    GRID-ID        NORMAL              SHEAR             PRINCIPAL       -A-  -B-  -C-     PRESSURE       VON MISES 
0                    41  X  -4.444444E-07  XY   1.621274E-22   A   1.111111E-06  LX-0.00 1.00-0.00  -1.851852E-07    9.457145E-07
                         Y  -1.111111E-07  YZ  -5.293956E-23   B  -4.444444E-07  LY-0.00-0.00-1.00
                         Z   1.111111E-06  ZX  -2.117582E-22   C  -1.111111E-07  LZ 1.00 0.00-0.00
0                    42  X  -4.444444E-07  XY   3.937380E-22   A   1.111111E-06  LX 0.00 1.00-0.00  -1.851852E-07    9.457145E-07
                         Y  -1.111111E-07  YZ  -6.749794E-22   B  -4.444444E-07  LY-0.00-0.00-1.00
                         Z   1.111111E-06  ZX   9.529121E-22   C  -1.111111E-07  LZ 1.00-0.00-0.00
0                    43  X  -4.444444E-07  XY  -9.280966E-22   A   1.111111E-06  LX 0.00 1.00 0.00  -1.851852E-07    9.457145E-07
                         Y  -1.111111E-07  YZ   3.308722E-22   B  -4.444444E-07  LY 0.00 0.00-1.00
                         Z   1.111111E-06  ZX   1.058791E-22   C  -1.111111E-07  LZ 1.00-0.00 0.00
0                    44  X  -4.444444E-07  XY   6.997948E-22   A   1.111111E-06  LX-0.00 1.00-0.00  -1.851852E-07    9.457145E-07
                         Y  -1.111111E-07  YZ   8.470329E-22   B  -4.444444E-07  LY 0.00-0.00-1.00
                         Z   1.111111E-06  ZX  -5.823352E-22   C  -1.111111E-07  LZ 1.00 0.00 0.00
0                    45  X  -4.444444E-07  XY   1.952146E-22   A   1.111111E-06  LX-0.00 1.00-0.00  -1.851852E-07    9.457145E-07
                         Y  -1.111111E-07  YZ  -2.117582E-22   B  -4.444444E-07  LY-0.00-0.00-1.00
                         Z   1.111111E-06  ZX  -5.293956E-22   C  -1.111111E-07  LZ 1.00 0.00-0.00
0                    46  X  -4.444444E-07  XY  -2.349193E-22   A   1.111111E-06  LX 0.00 1.00 0.00  -1.851852E-07    9.457145E-07
                         Y  -1.111111E-07  YZ  -2.964615E-21   B  -4.444444E-07  LY-0.00 0.00-1.00
                         Z   1.111111E-06  ZX   2.329341E-21   C  -1.111111E-07  LZ 1.00-0.00-0.00
0                    47  X  -4.444444E-07  XY  -9.231336E-22   A   1.111111E-06  LX 0.00 1.00 0.00  -1.851852E-07    9.457145E-07
                         Y  -1.111111E-07  YZ   1.905824E-21   B  -4.444444E-07  LY 0.00 0.00-1.00
                         Z   1.111111E-06  ZX   1.270549E-21   C  -1.111111E-07  LZ 1.00-0.00 0.00
0                    48  X  -4.444444E-07  XY   8.966638E-22   A   1.111111E-06  LX-0.00 1.00-0.00  -1.851852E-07    9.457145E-07
                         Y  -1.111111E-07  YZ   1.270549E-21   B  -4.444444E-07  LY 0.00-0.00-1.00
                         Z   1.111111E-06  ZX  -1.588187E-21   C  -1.111111E-07  LZ 1.00 0.00 0.00
1                                                                              JUNE  20, 2025  MSC Nastran 11/21/24   PAGE    59
                                                                                                                                    
0                                                                                                                                   
 
                      S T R A I N S   I N   P E N T A H E D R O N   S O L I D   E L E M E N T S   ( P E N T A )
0                CORNER        ------CENTER AND CORNER POINT  STRAINS---------       DIR.  COSINES       MEAN                   
  ELEMENT-ID    GRID-ID        NORMAL              SHEAR             PRINCIPAL       -A-  -B-  -C-     PRESSURE       VON MISES 
0        13           0GRID CS  6 GP
0                CENTER  X   8.333333E-07  XY  -9.264423E-23   A   8.333333E-07  LX 1.00 0.00-0.00  -1.018519E-07    7.606131E-07
                         Y  -8.333333E-08  YZ   1.588187E-22   B  -4.444444E-07  LY-0.00-0.00-1.00
                         Z  -4.444444E-07  ZX  -1.729526E-22   C  -8.333333E-08  LZ-0.00 1.00-0.00
0                    99  X   8.333333E-07  XY  -2.249931E-22   A   8.333333E-07  LX 1.00 0.00-0.00  -1.018519E-07    7.606131E-07
                         Y  -8.333333E-08  YZ   2.646978E-22   B  -4.444444E-07  LY-0.00-0.00-1.00
                         Z  -4.444444E-07  ZX  -9.529121E-22   C  -8.333333E-08  LZ-0.00 1.00-0.00
0                   100  X   8.333333E-07  XY  -2.249931E-22   A   8.333333E-07  LX 1.00 0.0 -0.00  -1.018519E-07    7.606131E-07
                         Y  -8.333333E-08  YZ   0.0            B  -4.444444E-07  LY-0.00 0.0 -1.00
                         Z  -4.444444E-07  ZX   0.0            C  -8.333333E-08  LZ 0.0  1.00 0.0
0                    97  X   8.333333E-07  XY  -2.249931E-22   A   8.333333E-07  LX 1.00 0.0 -0.00  -1.018519E-07    7.606131E-07
                         Y  -8.333333E-08  YZ   0.0            B  -4.444444E-07  LY-0.00 0.0 -1.00
                         Z  -4.444444E-07  ZX   0.0            C  -8.333333E-08  LZ 0.0  1.00 0.0
0                   103  X   8.333333E-07  XY   3.970467E-23   A   8.333333E-07  LX 1.00 0.00 0.00  -1.018519E-07    7.606131E-07
                         Y  -8.333333E-08  YZ   3.176374E-22   B  -4.444444E-07  LY 0.00-0.00-1.00
                         Z  -4.444444E-07  ZX  -6.635426E-22   C  -8.333333E-08  LZ-0.00 1.00-0.00
0                   104  X   8.333333E-07  XY   3.970467E-23   A   8.333333E-07  LX 1.00-0.00 0.00  -1.018519E-07    7.606131E-07
                         Y  -8.333333E-08  YZ   5.293956E-23   B  -4.444444E-07  LY 0.00-0.00-1.00
                         Z  -4.444444E-07  ZX   2.893694E-22   C  -8.333333E-08  LZ 0.00 1.00-0.00
0                   101  X   8.333333E-07  XY   3.970467E-23   A   8.333333E-07  LX 1.00-0.00 0.00  -1.018519E-07    7.606131E-07
                         Y  -8.333333E-08  YZ   1.058791E-22   B  -4.444444E-07  LY 0.00-0.00-1.00
                         Z  -4.444444E-07  ZX   2.893694E-22   C  -8.333333E-08  LZ 0.00 1.00-0.00
0        14           0GRID CS  6 GP
0                CENTER  X  -8.333333E-08  XY   0.0            A   5.555556E-07  LX-0.00 0.00-1.00  -1.203704E-07    4.354806E-07
                         Y   5.555556E-07  YZ   2.646978E-23   B  -1.111111E-07  LY 1.00-0.00-0.00
                         Z  -1.111111E-07  ZX  -3.662072E-23   C  -8.333333E-08  LZ 0.00 1.00 0.00
0                   107  X  -8.333333E-08  XY  -2.117582E-22   A   5.555556E-07  LX-0.00-0.00-1.00  -1.203704E-07    4.354806E-07
                         Y   5.555556E-07  YZ   2.117582E-22   B  -1.111111E-07  LY 1.00-0.00-0.00
                         Z  -1.111111E-07  ZX   6.617445E-23   C  -8.333333E-08  LZ 0.00 1.00-0.00
0                   108  X  -8.333333E-08  XY  -2.117582E-22   A   5.555556E-07  LX-0.00 0.00-1.00  -1.203704E-07    4.354806E-07
                         Y   5.555556E-07  YZ  -2.117582E-22   B  -1.111111E-07  LY 1.00 0.00-0.00
                         Z  -1.111111E-07  ZX   0.0            C  -8.333333E-08  LZ-0.00 1.00 0.00
0                   105  X  -8.333333E-08  XY  -2.117582E-22   A   5.555556E-07  LX-0.00 0.0 -1.00  -1.203704E-07    4.354806E-07
                         Y   5.555556E-07  YZ   0.0            B  -1.111111E-07  LY 1.00 0.0 -0.00
                         Z  -1.111111E-07  ZX   0.0            C  -8.333333E-08  LZ 0.0  1.00 0.0
1                                                                              JUNE  20, 2025  MSC Nastran 11/21/24   PAGE    60
                                                                                                                                    
0                                                                                                                                   
 
                      S T R A I N S   I N   P E N T A H E D R O N   S O L I D   E L E M E N T S   ( P E N T A )
0                CORNER        ------CENTER AND CORNER POINT  STRAINS---------       DIR.  COSINES       MEAN                   
  ELEMENT-ID    GRID-ID        NORMAL              SHEAR             PRINCIPAL       -A-  -B-  -C-     PRESSURE       VON MISES 
0                   111  X  -8.333333E-08  XY   2.117582E-22   A   5.555556E-07  LX 0.00 0.00-1.00  -1.203704E-07    4.354806E-07
                         Y   5.555556E-07  YZ   2.646978E-22   B  -1.111111E-07  LY 1.00-0.00 0.00
                         Z  -1.111111E-07  ZX  -7.324143E-23   C  -8.333333E-08  LZ 0.00 1.00 0.00
0                   112  X  -8.333333E-08  XY   2.117582E-22   A   5.555556E-07  LX 0.00 0.00-1.00  -1.203704E-07    4.354806E-07
                         Y   5.555556E-07  YZ  -1.588187E-22   B  -1.111111E-07  LY 1.00 0.00 0.00
                         Z  -1.111111E-07  ZX  -1.261810E-22   C  -8.333333E-08  LZ-0.00 1.00 0.00
0                   109  X  -8.333333E-08  XY   2.117582E-22   A   5.555556E-07  LX 0.00 0.00-1.00  -1.203704E-07    4.354806E-07
                         Y   5.555556E-07  YZ   2.646978E-23   B  -1.111111E-07  LY 1.00-0.00 0.00
                         Z  -1.111111E-07  ZX  -1.261810E-22   C  -8.333333E-08  LZ 0.00 1.00 0.00
0        15           0GRID CS  6 GP
0                CENTER  X  -4.444444E-07  XY   6.617445E-23   A   1.111111E-06  LX 0.00 1.00-0.00  -1.851852E-07    9.457145E-07
                         Y  -1.111111E-07  YZ  -1.058791E-22   B  -4.444444E-07  LY-0.00-0.00-1.00
                         Z   1.111111E-06  ZX   2.867978E-22   C  -1.111111E-07  LZ 1.00-0.00-0.00
0                   115  X  -4.444444E-07  XY   2.249931E-22   A   1.111111E-06  LX 0.00 1.00-0.00  -1.851852E-07    9.457145E-07
                         Y  -1.111111E-07  YZ  -1.852885E-22   B  -4.444444E-07  LY-0.00-0.00-1.00
                         Z   1.111111E-06  ZX   5.293956E-22   C  -1.111111E-07  LZ 1.00-0.00-0.00
0                   116  X  -4.444444E-07  XY   2.249931E-22   A   1.111111E-06  LX 0.00 1.00-0.00  -1.851852E-07    9.457145E-07
                         Y  -1.111111E-07  YZ   1.323489E-22   B  -4.444444E-07  LY 0.00-0.00-1.00
                         Z   1.111111E-06  ZX   0.0            C  -1.111111E-07  LZ 1.00 0.00 0.00
0                   113  X  -4.444444E-07  XY   2.249931E-22   A   1.111111E-06  LX 0.0  1.00-0.00  -1.851852E-07    9.457145E-07
                         Y  -1.111111E-07  YZ   0.0            B  -4.444444E-07  LY 0.0 -0.00-1.00
                         Z   1.111111E-06  ZX   0.0            C  -1.111111E-07  LZ 1.00 0.0  0.0
0                   119  X  -4.444444E-07  XY  -9.264423E-23   A   1.111111E-06  LX 0.00 1.00 0.00  -1.851852E-07    9.457145E-07
                         Y  -1.111111E-07  YZ  -2.117582E-22   B  -4.444444E-07  LY-0.00 0.00-1.00
                         Z   1.111111E-06  ZX   6.794748E-22   C  -1.111111E-07  LZ 1.00-0.00-0.00
0                   120  X  -4.444444E-07  XY  -9.264423E-23   A   1.111111E-06  LX 0.00 1.00 0.00  -1.851852E-07    9.457145E-07
                         Y  -1.111111E-07  YZ   0.0            B  -4.444444E-07  LY-0.00 0.00-1.00
                         Z   1.111111E-06  ZX   1.500792E-22   C  -1.111111E-07  LZ 1.00-0.00-0.00
0                   117  X  -4.444444E-07  XY  -9.264423E-23   A   1.111111E-06  LX 0.00 1.00 0.00  -1.851852E-07    9.457145E-07
                         Y  -1.111111E-07  YZ  -2.117582E-22   B  -4.444444E-07  LY-0.00 0.00-1.00
                         Z   1.111111E-06  ZX   1.500792E-22   C  -1.111111E-07  LZ 1.00-0.00-0.00
0        16           0GRID CS 15 GP
0                CENTER  X   8.333333E-07  XY   2.411658E-18   A   8.333333E-07  LX 1.00 0.00 0.00  -1.018519E-07    7.606131E-07
                         Y  -8.333333E-08  YZ   8.380332E-20   B  -4.444444E-07  LY 0.00-0.00-1.00
                         Z  -4.444444E-07  ZX  -3.511481E-19   C  -8.333333E-08  LZ-0.00 1.00-0.00
1                                                                              JUNE  20, 2025  MSC Nastran 11/21/24   PAGE    61
                                                                                                                                    
0                                                                                                                                   
 
                      S T R A I N S   I N   P E N T A H E D R O N   S O L I D   E L E M E N T S   ( P E N T A )
0                CORNER        ------CENTER AND CORNER POINT  STRAINS---------       DIR.  COSINES       MEAN                   
  ELEMENT-ID    GRID-ID        NORMAL              SHEAR             PRINCIPAL       -A-  -B-  -C-     PRESSURE       VON MISES 
0                   123  X   8.333333E-07  XY   6.036698E-18   A   8.333333E-07  LX 1.00 0.00 0.00  -1.018519E-07    7.606131E-07
                         Y  -8.333333E-08  YZ   9.080723E-19   B  -4.444444E-07  LY 0.00-0.00-1.00
                         Z  -4.444444E-07  ZX  -2.974441E-17   C  -8.333333E-08  LZ-0.00 1.00-0.00
0                   124  X   8.333333E-07  XY  -5.887408E-19   A   8.333333E-07  LX 1.00-0.00-0.00  -1.018519E-07    7.606131E-07
                         Y  -8.333333E-08  YZ  -1.129942E-18   B  -4.444444E-07  LY-0.00 0.00-1.00
                         Z  -4.444444E-07  ZX   4.625929E-24   C  -8.333333E-08  LZ 0.00 1.00 0.00
0                   121  X   8.333333E-07  XY  -4.972348E-20   A   8.333333E-07  LX 1.00 0.0 -0.00  -1.018519E-07    7.606131E-07
                         Y  -8.333333E-08  YZ   0.0            B  -4.444444E-07  LY-0.00 0.0 -1.00
                         Z  -4.444444E-07  ZX   0.0            C  -8.333333E-08  LZ 0.0  1.00 0.0
0                   127  X   8.333333E-07  XY   5.313438E-18   A   8.333333E-07  LX 1.00-0.00 0.00  -1.018519E-07    7.606131E-07
                         Y  -8.333333E-08  YZ  -4.776419E-18   B  -4.444444E-07  LY 0.00 0.00-1.00
                         Z  -4.444444E-07  ZX   2.397151E-17   C  -8.333333E-08  LZ 0.00 1.00 0.00
0                   128  X   8.333333E-07  XY  -1.850238E-20   A   8.333333E-07  LX 1.00-0.00-0.00  -1.018519E-07    7.606131E-07
                         Y  -8.333333E-08  YZ  -1.092037E-18   B  -4.444444E-07  LY-0.00 0.00-1.00
                         Z  -4.444444E-07  ZX   1.523544E-18   C  -8.333333E-08  LZ 0.00 1.00 0.00
0                   125  X   8.333333E-07  XY   5.427893E-19   A   8.333333E-07  LX 1.00-0.00 0.00  -1.018519E-07    7.606131E-07
                         Y  -8.333333E-08  YZ  -1.684911E-18   B  -4.444444E-07  LY 0.00 0.00-1.00
                         Z  -4.444444E-07  ZX   2.934969E-18   C  -8.333333E-08  LZ 0.00 1.00 0.00
0        17           0GRID CS 15 GP
0                CENTER  X  -8.333333E-08  XY  -2.130341E-18   A   5.555556E-07  LX-0.00 0.00-1.00  -1.203704E-07    4.354806E-07
                         Y   5.555556E-07  YZ  -7.960786E-19   B  -1.111111E-07  LY 1.00 0.00-0.00
                         Z  -1.111111E-07  ZX  -2.489880E-19   C  -8.333333E-08  LZ-0.00 1.00 0.00
0                   131  X  -8.333333E-08  XY   1.668824E-17   A   5.555556E-07  LX 0.00-0.00-1.00  -1.203704E-07    4.354806E-07
                         Y   5.555556E-07  YZ  -1.504098E-17   B  -1.111111E-07  LY 1.00 0.00 0.00
                         Z  -1.111111E-07  ZX   1.821968E-18   C  -8.333333E-08  LZ-0.00 1.00-0.00
0                   132  X  -8.333333E-08  XY  -2.592090E-17   A   5.555556E-07  LX-0.00 0.00-1.00  -1.203704E-07    4.354806E-07
                         Y   5.555556E-07  YZ  -3.136076E-17   B  -1.111111E-07  LY 1.00 0.00-0.00
                         Z  -1.111111E-07  ZX  -3.083953E-23   C  -8.333333E-08  LZ-0.00 1.00 0.00
0                   129  X  -8.333333E-08  XY  -9.699586E-18   A   5.555556E-07  LX-0.00 0.0 -1.00  -1.203704E-07    4.354806E-07
                         Y   5.555556E-07  YZ   0.0            B  -1.111111E-07  LY 1.00 0.0 -0.00
                         Z  -1.111111E-07  ZX   0.0            C  -8.333333E-08  LZ 0.0  1.00 0.0
0                   135  X  -8.333333E-08  XY   1.768832E-17   A   5.555556E-07  LX 0.00-0.00-1.00  -1.203704E-07    4.354806E-07
                         Y   5.555556E-07  YZ   6.123307E-18   B  -1.111111E-07  LY 1.00-0.00 0.00
                         Z  -1.111111E-07  ZX   1.606357E-18   C  -8.333333E-08  LZ 0.00 1.00-0.00
0                   136  X  -8.333333E-08  XY  -2.802800E-17   A   5.555556E-07  LX-0.00-0.00-1.00  -1.203704E-07    4.354806E-07
                         Y   5.555556E-07  YZ   1.881239E-17   B  -1.111111E-07  LY 1.00-0.00-0.00
                         Z  -1.111111E-07  ZX   4.357547E-18   C  -8.333333E-08  LZ 0.00 1.00-0.00
1                                                                              JUNE  20, 2025  MSC Nastran 11/21/24   PAGE    62
                                                                                                                                    
0                                                                                                                                   
 
                      S T R A I N S   I N   P E N T A H E D R O N   S O L I D   E L E M E N T S   ( P E N T A )
0                CORNER        ------CENTER AND CORNER POINT  STRAINS---------       DIR.  COSINES       MEAN                   
  ELEMENT-ID    GRID-ID        NORMAL              SHEAR             PRINCIPAL       -A-  -B-  -C-     PRESSURE       VON MISES 
0                   133  X  -8.333333E-08  XY  -1.054683E-17   A   5.555556E-07  LX-0.00 0.00-1.00  -1.203704E-07    4.354806E-07
                         Y   5.555556E-07  YZ   2.629467E-18   B  -1.111111E-07  LY 1.00-0.00-0.00
                         Z  -1.111111E-07  ZX  -2.684618E-18   C  -8.333333E-08  LZ 0.00 1.00 0.00
0        18           0GRID CS 15 GP
0                CENTER  X  -4.444444E-07  XY   3.850538E-17   A   1.111111E-06  LX 0.00 1.00-0.00  -1.851852E-07    9.457145E-07
                         Y  -1.111111E-07  YZ   7.745777E-17   B  -4.444444E-07  LY 0.00-0.00-1.00
                         Z   1.111111E-06  ZX   3.253647E-16   C  -1.111111E-07  LZ 1.00-0.00 0.00
0                   139  X  -4.444444E-07  XY   1.229902E-16   A   1.111111E-06  LX-0.00 1.00-0.00  -1.851852E-07    9.457145E-07
                         Y  -1.111111E-07  YZ   1.870392E-17   B  -4.444444E-07  LY 0.00-0.00-1.00
                         Z   1.111111E-06  ZX  -5.664533E-19   C  -1.111111E-07  LZ 1.00 0.00 0.00
0                   140  X  -4.444444E-07  XY  -4.341960E-17   A   1.111111E-06  LX 0.00 1.00 0.00  -1.851852E-07    9.457145E-07
                         Y  -1.111111E-07  YZ  -1.305850E-16   B  -4.444444E-07  LY-0.00 0.00-1.00
                         Z   1.111111E-06  ZX   6.167906E-24   C  -1.111111E-07  LZ 1.00-0.00-0.00
0                   137  X  -4.444444E-07  XY  -1.434811E-16   A   1.111111E-06  LX 0.0  1.00 0.00  -1.851852E-07    9.457145E-07
                         Y  -1.111111E-07  YZ   0.0            B  -4.444444E-07  LY 0.0  0.00-1.00
                         Z   1.111111E-06  ZX   0.0            C  -1.111111E-07  LZ 1.00 0.0  0.0
0                   143  X  -4.444444E-07  XY  -8.003297E-18   A   1.111111E-06  LX-0.00 1.00 0.00  -1.851852E-07    9.457145E-07
                         Y  -1.111111E-07  YZ  -1.792855E-16   B  -4.444444E-07  LY-0.00 0.00-1.00
                         Z   1.111111E-06  ZX  -1.110904E-15   C  -1.111111E-07  LZ 1.00 0.00-0.00
0                   144  X  -4.444444E-07  XY  -1.301666E-16   A   1.111111E-06  LX 0.00 1.00 0.00  -1.851852E-07    9.457145E-07
                         Y  -1.111111E-07  YZ   2.056630E-16   B  -4.444444E-07  LY 0.00 0.00-1.00
                         Z   1.111111E-06  ZX   2.256955E-15   C  -1.111111E-07  LZ 1.00-0.00 0.00
0                   141  X  -4.444444E-07  XY  -2.881236E-18   A   1.111111E-06  LX 0.00 1.00 0.00  -1.851852E-07    9.457145E-07
                         Y  -1.111111E-07  YZ  -6.698677E-16   B  -4.444444E-07  LY-0.00 0.00-1.00
                         Z   1.111111E-06  ZX   2.209867E-15   C  -1.111111E-07  LZ 1.00-0.00-0.00
0        43           0GRID CS  6 GP
0                CENTER  X   8.333333E-07  XY   5.062659E-23   A   8.333333E-07  LX 1.00 0.00 0.00  -1.018519E-07    7.606131E-07
                         Y  -8.333333E-08  YZ  -7.940934E-23   B  -4.444444E-07  LY 0.00 0.00-1.00
                         Z  -4.444444E-07  ZX  -2.505638E-22   C  -8.333333E-08  LZ-0.00 1.00 0.00
0                    97  X   8.333333E-07  XY   1.058791E-22   A   8.333333E-07  LX 1.00 0.0  0.00  -1.018519E-07    7.606131E-07
                         Y  -8.333333E-08  YZ   0.0            B  -4.444444E-07  LY 0.00 0.0 -1.00
                         Z  -4.444444E-07  ZX   0.0            C  -8.333333E-08  LZ 0.0  1.00 0.0
0                    98  X   8.333333E-07  XY   1.058791E-22   A   8.333333E-07  LX 1.00 0.00 0.00  -1.018519E-07    7.606131E-07
                         Y  -8.333333E-08  YZ   0.0            B  -4.444444E-07  LY 0.00-0.00-1.00
                         Z  -4.444444E-07  ZX  -8.470329E-22   C  -8.333333E-08  LZ-0.00 1.00-0.00
1                                                                              JUNE  20, 2025  MSC Nastran 11/21/24   PAGE    63
                                                                                                                                    
0                                                                                                                                   
 
                      S T R A I N S   I N   P E N T A H E D R O N   S O L I D   E L E M E N T S   ( P E N T A )
0                CORNER        ------CENTER AND CORNER POINT  STRAINS---------       DIR.  COSINES       MEAN                   
  ELEMENT-ID    GRID-ID        NORMAL              SHEAR             PRINCIPAL       -A-  -B-  -C-     PRESSURE       VON MISES 
0                    99  X   8.333333E-07  XY   1.058791E-22   A   8.333333E-07  LX 1.00 0.00 0.00  -1.018519E-07    7.606131E-07
                         Y  -8.333333E-08  YZ   2.646978E-22   B  -4.444444E-07  LY 0.00-0.00-1.00
                         Z  -4.444444E-07  ZX  -9.529121E-22   C  -8.333333E-08  LZ-0.00 1.00-0.00
0                   101  X   8.333333E-07  XY  -4.625929E-24   A   8.333333E-07  LX 1.00-0.00-0.00  -1.018519E-07    7.606131E-07
                         Y  -8.333333E-08  YZ  -3.176374E-22   B  -4.444444E-07  LY-0.00 0.00-1.00
                         Z  -4.444444E-07  ZX   6.635426E-22   C  -8.333333E-08  LZ 0.00 1.00 0.00
0                   102  X   8.333333E-07  XY  -4.625929E-24   A   8.333333E-07  LX 1.00 0.00-0.00  -1.018519E-07    7.606131E-07
                         Y  -8.333333E-08  YZ  -3.176374E-22   B  -4.444444E-07  LY-0.00 0.00-1.00
                         Z  -4.444444E-07  ZX  -1.834903E-22   C  -8.333333E-08  LZ-0.00 1.00 0.00
0                   103  X   8.333333E-07  XY  -4.625929E-24   A   8.333333E-07  LX 1.00 0.00-0.00  -1.018519E-07    7.606131E-07
                         Y  -8.333333E-08  YZ  -5.293956E-23   B  -4.444444E-07  LY-0.00 0.00-1.00
                         Z  -4.444444E-07  ZX  -2.364299E-22   C  -8.333333E-08  LZ-0.00 1.00 0.00
0        44           0GRID CS  6 GP
0                CENTER  X  -8.333333E-08  XY   1.541976E-23   A   5.555556E-07  LX 0.00-0.00-1.00  -1.203704E-07    4.354806E-07
                         Y   5.555556E-07  YZ  -2.646978E-23   B  -1.111111E-07  LY 1.00 0.00 0.00
                         Z  -1.111111E-07  ZX   5.647305E-23   C  -8.333333E-08  LZ-0.00 1.00-0.00
0                   105  X  -8.333333E-08  XY   1.323489E-23   A   5.555556E-07  LX 0.00 0.0 -1.00  -1.203704E-07    4.354806E-07
                         Y   5.555556E-07  YZ   0.0            B  -1.111111E-07  LY 1.00 0.0  0.00
                         Z  -1.111111E-07  ZX   0.0            C  -8.333333E-08  LZ 0.0  1.00 0.0
0                   106  X  -8.333333E-08  XY   1.323489E-23   A   5.555556E-07  LX 0.00-0.00-1.00  -1.203704E-07    4.354806E-07
                         Y   5.555556E-07  YZ   0.0            B  -1.111111E-07  LY 1.00 0.00 0.00
                         Z  -1.111111E-07  ZX   6.617445E-23   C  -8.333333E-08  LZ 0.00 1.00-0.00
0                   107  X  -8.333333E-08  XY   1.323489E-23   A   5.555556E-07  LX 0.00-0.00-1.00  -1.203704E-07    4.354806E-07
                         Y   5.555556E-07  YZ   2.117582E-22   B  -1.111111E-07  LY 1.00-0.00 0.00
                         Z  -1.111111E-07  ZX   6.617445E-23   C  -8.333333E-08  LZ 0.00 1.00-0.00
0                   109  X  -8.333333E-08  XY   1.760464E-23   A   5.555556E-07  LX 0.00-0.00-1.00  -1.203704E-07    4.354806E-07
                         Y   5.555556E-07  YZ  -1.323489E-22   B  -1.111111E-07  LY 1.00 0.00 0.00
                         Z  -1.111111E-07  ZX   2.030187E-23   C  -8.333333E-08  LZ-0.00 1.00-0.00
0                   110  X  -8.333333E-08  XY   1.760464E-23   A   5.555556E-07  LX 0.00-0.00-1.00  -1.203704E-07    4.354806E-07
                         Y   5.555556E-07  YZ  -1.323489E-22   B  -1.111111E-07  LY 1.00 0.00 0.00
                         Z  -1.111111E-07  ZX   7.324143E-23   C  -8.333333E-08  LZ-0.00 1.00-0.00
0                   111  X  -8.333333E-08  XY   1.760464E-23   A   5.555556E-07  LX 0.00-0.00-1.00  -1.203704E-07    4.354806E-07
                         Y   5.555556E-07  YZ   5.293956E-23   B  -1.111111E-07  LY 1.00-0.00 0.00
                         Z  -1.111111E-07  ZX   8.647632E-23   C  -8.333333E-08  LZ 0.00 1.00-0.00
0        45           0GRID CS  6 GP
1                                                                              JUNE  20, 2025  MSC Nastran 11/21/24   PAGE    64
                                                                                                                                    
0                                                                                                                                   
 
                      S T R A I N S   I N   P E N T A H E D R O N   S O L I D   E L E M E N T S   ( P E N T A )
0                CORNER        ------CENTER AND CORNER POINT  STRAINS---------       DIR.  COSINES       MEAN                   
  ELEMENT-ID    GRID-ID        NORMAL              SHEAR             PRINCIPAL       -A-  -B-  -C-     PRESSURE       VON MISES 
0                CENTER  X  -4.444444E-07  XY  -2.955373E-23   A   1.111111E-06  LX 0.00 1.00 0.00  -1.851852E-07    9.457145E-07
                         Y  -1.111111E-07  YZ   1.058791E-22   B  -4.444444E-07  LY 0.00 0.00-1.00
                         Z   1.111111E-06  ZX   3.083953E-23   C  -1.111111E-07  LZ 1.00-0.00 0.00
0                   113  X  -4.444444E-07  XY  -1.058791E-22   A   1.111111E-06  LX 0.0  1.00 0.00  -1.851852E-07    9.457145E-07
                         Y  -1.111111E-07  YZ   0.0            B  -4.444444E-07  LY 0.0  0.00-1.00
                         Z   1.111111E-06  ZX   0.0            C  -1.111111E-07  LZ 1.00 0.0  0.0
0                   114  X  -4.444444E-07  XY  -1.058791E-22   A   1.111111E-06  LX 0.00 1.00 0.00  -1.851852E-07    9.457145E-07
                         Y  -1.111111E-07  YZ   0.0            B  -4.444444E-07  LY-0.00 0.00-1.00
                         Z   1.111111E-06  ZX   3.705769E-22   C  -1.111111E-07  LZ 1.00-0.00-0.00
0                   115  X  -4.444444E-07  XY  -1.058791E-22   A   1.111111E-06  LX 0.00 1.00 0.00  -1.851852E-07    9.457145E-07
                         Y  -1.111111E-07  YZ  -1.852885E-22   B  -4.444444E-07  LY-0.00 0.00-1.00
                         Z   1.111111E-06  ZX   5.293956E-22   C  -1.111111E-07  LZ 1.00-0.00-0.00
0                   117  X  -4.444444E-07  XY   4.677165E-23   A   1.111111E-06  LX-0.00 1.00-0.00  -1.851852E-07    9.457145E-07
                         Y  -1.111111E-07  YZ   4.235165E-22   B  -4.444444E-07  LY 0.00-0.00-1.00
                         Z   1.111111E-06  ZX  -3.618374E-22   C  -1.111111E-07  LZ 1.00 0.00 0.00
0                   118  X  -4.444444E-07  XY   4.677165E-23   A   1.111111E-06  LX-0.00 1.00-0.00  -1.851852E-07    9.457145E-07
                         Y  -1.111111E-07  YZ   4.235165E-22   B  -4.444444E-07  LY 0.00-0.00-1.00
                         Z   1.111111E-06  ZX  -4.420006E-23   C  -1.111111E-07  LZ 1.00 0.00 0.00
0                   119  X  -4.444444E-07  XY   4.677165E-23   A   1.111111E-06  LX 0.00 1.00-0.00  -1.851852E-07    9.457145E-07
                         Y  -1.111111E-07  YZ   2.117582E-22   B  -4.444444E-07  LY 0.00-0.00-1.00
                         Z   1.111111E-06  ZX   6.167906E-23   C  -1.111111E-07  LZ 1.00-0.00 0.00
0        46           0GRID CS 15 GP
0                CENTER  X   8.333333E-07  XY  -1.415018E-18   A   8.333333E-07  LX 1.00 0.00-0.00  -1.018519E-07    7.606131E-07
                         Y  -8.333333E-08  YZ  -2.574451E-19   B  -4.444444E-07  LY-0.00 0.00-1.00
                         Z  -4.444444E-07  ZX  -2.413991E-18   C  -8.333333E-08  LZ-0.00 1.00 0.00
0                   121  X   8.333333E-07  XY  -1.097056E-17   A   8.333333E-07  LX 1.00 0.0 -0.00  -1.018519E-07    7.606131E-07
                         Y  -8.333333E-08  YZ   0.0            B  -4.444444E-07  LY-0.00 0.0 -1.00
                         Z  -4.444444E-07  ZX   0.0            C  -8.333333E-08  LZ 0.0  1.00 0.0
0                   122  X   8.333333E-07  XY  -2.883427E-17   A   8.333333E-07  LX 1.00 0.00-0.00  -1.018519E-07    7.606131E-07
                         Y  -8.333333E-08  YZ   4.625929E-23   B  -4.444444E-07  LY-0.00-0.00-1.00
                         Z  -4.444444E-07  ZX  -5.492289E-17   C  -8.333333E-08  LZ-0.00 1.00-0.00
0                   123  X   8.333333E-07  XY   1.750563E-17   A   8.333333E-07  LX 1.00 0.00 0.00  -1.018519E-07    7.606131E-07
                         Y  -8.333333E-08  YZ   9.080723E-19   B  -4.444444E-07  LY 0.00-0.00-1.00
                         Z  -4.444444E-07  ZX  -2.974441E-17   C  -8.333333E-08  LZ-0.00 1.00-0.00
0                   125  X   8.333333E-07  XY  -1.091889E-17   A   8.333333E-07  LX 1.00-0.00-0.00  -1.018519E-07    7.606131E-07
                         Y  -8.333333E-08  YZ  -2.791609E-18   B  -4.444444E-07  LY-0.00 0.00-1.00
                         Z  -4.444444E-07  ZX   4.041992E-18   C  -8.333333E-08  LZ 0.00 1.00 0.00
1                                                                              JUNE  20, 2025  MSC Nastran 11/21/24   PAGE    65
                                                                                                                                    
0                                                                                                                                   
 
                      S T R A I N S   I N   P E N T A H E D R O N   S O L I D   E L E M E N T S   ( P E N T A )
0                CORNER        ------CENTER AND CORNER POINT  STRAINS---------       DIR.  COSINES       MEAN                   
  ELEMENT-ID    GRID-ID        NORMAL              SHEAR             PRINCIPAL       -A-  -B-  -C-     PRESSURE       VON MISES 
0                   126  X   8.333333E-07  XY  -3.165277E-17   A   8.333333E-07  LX 1.00-0.00-0.00  -1.018519E-07    7.606131E-07
                         Y  -8.333333E-08  YZ   5.179818E-18   B  -4.444444E-07  LY-0.00-0.00-1.00
                         Z  -4.444444E-07  ZX   3.726686E-17   C  -8.333333E-08  LZ 0.00 1.00-0.00
0                   127  X   8.333333E-07  XY   1.661222E-17   A   8.333333E-07  LX 1.00-0.00 0.00  -1.018519E-07    7.606131E-07
                         Y  -8.333333E-08  YZ   1.805613E-18   B  -4.444444E-07  LY 0.00-0.00-1.00
                         Z  -4.444444E-07  ZX   1.739001E-17   C  -8.333333E-08  LZ 0.00 1.00-0.00
0        47           0GRID CS 15 GP
0                CENTER  X  -8.333333E-08  XY   2.387839E-18   A   5.555556E-07  LX 0.00 0.00-1.00  -1.203704E-07    4.354806E-07
                         Y   5.555556E-07  YZ  -1.930176E-19   B  -1.111111E-07  LY 1.00 0.00 0.00
                         Z  -1.111111E-07  ZX  -8.817084E-20   C  -8.333333E-08  LZ-0.00 1.00 0.00
0                   129  X  -8.333333E-08  XY  -5.219841E-19   A   5.555556E-07  LX-0.00 0.0 -1.00  -1.203704E-07    4.354806E-07
                         Y   5.555556E-07  YZ   0.0            B  -1.111111E-07  LY 1.00 0.0 -0.00
                         Z  -1.111111E-07  ZX   0.0            C  -8.333333E-08  LZ 0.0  1.00 0.0
0                   130  X  -8.333333E-08  XY   1.725168E-19   A   5.555556E-07  LX 0.00 0.00-1.00  -1.203704E-07    4.354806E-07
                         Y   5.555556E-07  YZ  -4.625929E-24   B  -1.111111E-07  LY 1.00 0.00 0.00
                         Z  -1.111111E-07  ZX  -6.424216E-19   C  -8.333333E-08  LZ-0.00 1.00 0.00
0                   131  X  -8.333333E-08  XY   5.908584E-18   A   5.555556E-07  LX 0.00-0.00-1.00  -1.203704E-07    4.354806E-07
                         Y   5.555556E-07  YZ  -1.504098E-17   B  -1.111111E-07  LY 1.00 0.00 0.00
                         Z  -1.111111E-07  ZX   1.821968E-18   C  -8.333333E-08  LZ-0.00 1.00-0.00
0                   133  X  -8.333333E-08  XY   2.874618E-20   A   5.555556E-07  LX 0.00 0.00-1.00  -1.203704E-07    4.354806E-07
                         Y   5.555556E-07  YZ   1.532494E-18   B  -1.111111E-07  LY 1.00-0.00 0.00
                         Z  -1.111111E-07  ZX  -1.587511E-18   C  -8.333333E-08  LZ 0.00 1.00 0.00
0                   134  X  -8.333333E-08  XY   2.966204E-19   A   5.555556E-07  LX 0.00 0.00-1.00  -1.203704E-07    4.354806E-07
                         Y   5.555556E-07  YZ   1.978881E-19   B  -1.111111E-07  LY 1.00-0.00 0.00
                         Z  -1.111111E-07  ZX  -1.133766E-18   C  -8.333333E-08  LZ 0.00 1.00 0.00
0                   135  X  -8.333333E-08  XY   6.351900E-18   A   5.555556E-07  LX 0.00 0.00-1.00  -1.203704E-07    4.354806E-07
                         Y   5.555556E-07  YZ   1.052162E-17   B  -1.111111E-07  LY 1.00-0.00 0.00
                         Z  -1.111111E-07  ZX  -2.791715E-18   C  -8.333333E-08  LZ 0.00 1.00 0.00
0        48           0GRID CS 15 GP
0                CENTER  X  -4.444444E-07  XY   6.349684E-17   A   1.111111E-06  LX-0.00 1.00-0.00  -1.851852E-07    9.457145E-07
                         Y  -1.111111E-07  YZ  -8.172661E-17   B  -4.444444E-07  LY-0.00-0.00-1.00
                         Z   1.111111E-06  ZX  -2.419207E-16   C  -1.111111E-07  LZ 1.00 0.00-0.00
0                   137  X  -4.444444E-07  XY   1.198925E-16   A   1.111111E-06  LX 0.0  1.00-0.00  -1.851852E-07    9.457145E-07
                         Y  -1.111111E-07  YZ   0.0            B  -4.444444E-07  LY 0.0 -0.00-1.00
                         Z   1.111111E-06  ZX   0.0            C  -1.111111E-07  LZ 1.00 0.0  0.0
1                                                                              JUNE  20, 2025  MSC Nastran 11/21/24   PAGE    66
                                                                                                                                    
0                                                                                                                                   
 
                      S T R A I N S   I N   P E N T A H E D R O N   S O L I D   E L E M E N T S   ( P E N T A )
0                CORNER        ------CENTER AND CORNER POINT  STRAINS---------       DIR.  COSINES       MEAN                   
  ELEMENT-ID    GRID-ID        NORMAL              SHEAR             PRINCIPAL       -A-  -B-  -C-     PRESSURE       VON MISES 
0                   138  X  -4.444444E-07  XY   3.341280E-17   A   1.111111E-06  LX-0.00 1.00-0.00  -1.851852E-07    9.457145E-07
                         Y  -1.111111E-07  YZ  -2.467162E-23   B  -4.444444E-07  LY-0.00-0.00-1.00
                         Z   1.111111E-06  ZX  -5.173116E-16   C  -1.111111E-07  LZ 1.00 0.00-0.00
0                   139  X  -4.444444E-07  XY  -2.541107E-16   A   1.111111E-06  LX-0.00 1.00 0.00  -1.851852E-07    9.457145E-07
                         Y  -1.111111E-07  YZ   1.870392E-17   B  -4.444444E-07  LY 0.00 0.00-1.00
                         Z   1.111111E-06  ZX  -5.664533E-19   C  -1.111111E-07  LZ 1.00 0.00 0.00
0                   141  X  -4.444444E-07  XY   5.415823E-18   A   1.111111E-06  LX 0.00 1.00-0.00  -1.851852E-07    9.457145E-07
                         Y  -1.111111E-07  YZ  -1.751952E-16   B  -4.444444E-07  LY-0.00-0.00-1.00
                         Z   1.111111E-06  ZX   1.715195E-15   C  -1.111111E-07  LZ 1.00-0.00-0.00
0                   142  X  -4.444444E-07  XY  -2.549478E-16   A   1.111111E-06  LX-0.00 1.00 0.00  -1.851852E-07    9.457145E-07
                         Y  -1.111111E-07  YZ  -6.673264E-17   B  -4.444444E-07  LY-0.00 0.00-1.00
                         Z   1.111111E-06  ZX  -1.390827E-15   C  -1.111111E-07  LZ 1.00 0.00-0.00
0                   143  X  -4.444444E-07  XY  -7.898434E-17   A   1.111111E-06  LX-0.00 1.00 0.00  -1.851852E-07    9.457145E-07
                         Y  -1.111111E-07  YZ   5.558316E-16   B  -4.444444E-07  LY 0.00 0.00-1.00
                         Z   1.111111E-06  ZX  -1.846023E-15   C  -1.111111E-07  LZ 1.00 0.00 0.00
1                                                                              JUNE  20, 2025  MSC Nastran 11/21/24   PAGE    67
                                                                                                                                    
0                                                                                                                                   
 
                     S T R A I N S   I N    T E T R A H E D R O N   S O L I D   E L E M E N T S   ( C T E T R A )
0                CORNER        ------CENTER AND CORNER POINT  STRAINS---------       DIR.  COSINES       MEAN                   
  ELEMENT-ID    GRID-ID        NORMAL              SHEAR             PRINCIPAL       -A-  -B-  -C-     PRESSURE       VON MISES 
0         7           0GRID CS  4 GP
0                CENTER  X   8.333333E-07  XY  -5.625456E-22   A   8.333333E-07  LX 1.00 0.00-0.00  -1.018519E-07    7.606131E-07
                         Y  -8.333333E-08  YZ  -1.193714E-22   B  -4.444444E-07  LY-0.00 0.00-1.00
                         Z  -4.444444E-07  ZX  -2.646978E-22   C  -8.333333E-08  LZ-0.00 1.00 0.00
0                    54  X   8.333333E-07  XY  -5.625456E-22   A   8.333333E-07  LX 1.00 0.00-0.00  -1.018519E-07    7.606131E-07
                         Y  -8.333333E-08  YZ  -1.193714E-22   B  -4.444444E-07  LY-0.00 0.00-1.00
                         Z  -4.444444E-07  ZX  -2.646978E-22   C  -8.333333E-08  LZ-0.00 1.00 0.00
0                    55  X   8.333333E-07  XY  -5.625456E-22   A   8.333333E-07  LX 1.00 0.00-0.00  -1.018519E-07    7.606131E-07
                         Y  -8.333333E-08  YZ  -1.193714E-22   B  -4.444444E-07  LY-0.00 0.00-1.00
                         Z  -4.444444E-07  ZX  -2.646978E-22   C  -8.333333E-08  LZ-0.00 1.00 0.00
0                    51  X   8.333333E-07  XY  -5.625456E-22   A   8.333333E-07  LX 1.00 0.00-0.00  -1.018519E-07    7.606131E-07
                         Y  -8.333333E-08  YZ  -1.193714E-22   B  -4.444444E-07  LY-0.00 0.00-1.00
                         Z  -4.444444E-07  ZX  -2.646978E-22   C  -8.333333E-08  LZ-0.00 1.00 0.00
0                    56  X   8.333333E-07  XY  -5.625456E-22   A   8.333333E-07  LX 1.00 0.00-0.00  -1.018519E-07    7.606131E-07
                         Y  -8.333333E-08  YZ  -1.193714E-22   B  -4.444444E-07  LY-0.00 0.00-1.00
                         Z  -4.444444E-07  ZX  -2.646978E-22   C  -8.333333E-08  LZ-0.00 1.00 0.00
0         8           0GRID CS  4 GP
0                CENTER  X  -8.333333E-08  XY  -2.001934E-22   A   5.555556E-07  LX-0.00-0.00-1.00  -1.203704E-07    4.354806E-07
                         Y   5.555556E-07  YZ   2.163842E-22   B  -1.111111E-07  LY 1.00-0.00-0.00
                         Z  -1.111111E-07  ZX   1.985233E-22   C  -8.333333E-08  LZ 0.00 1.00-0.00
0                    62  X  -8.333333E-08  XY  -2.001934E-22   A   5.555556E-07  LX-0.00-0.00-1.00  -1.203704E-07    4.354806E-07
                         Y   5.555556E-07  YZ   2.163842E-22   B  -1.111111E-07  LY 1.00-0.00-0.00
                         Z  -1.111111E-07  ZX   1.985233E-22   C  -8.333333E-08  LZ 0.00 1.00-0.00
0                    63  X  -8.333333E-08  XY  -2.001934E-22   A   5.555556E-07  LX-0.00-0.00-1.00  -1.203704E-07    4.354806E-07
                         Y   5.555556E-07  YZ   2.163842E-22   B  -1.111111E-07  LY 1.00-0.00-0.00
                         Z  -1.111111E-07  ZX   1.985233E-22   C  -8.333333E-08  LZ 0.00 1.00-0.00
0                    59  X  -8.333333E-08  XY  -2.001934E-22   A   5.555556E-07  LX-0.00-0.00-1.00  -1.203704E-07    4.354806E-07
                         Y   5.555556E-07  YZ   2.163842E-22   B  -1.111111E-07  LY 1.00-0.00-0.00
                         Z  -1.111111E-07  ZX   1.985233E-22   C  -8.333333E-08  LZ 0.00 1.00-0.00
0                    64  X  -8.333333E-08  XY  -2.001934E-22   A   5.555556E-07  LX-0.00-0.00-1.00  -1.203704E-07    4.354806E-07
                         Y   5.555556E-07  YZ   2.163842E-22   B  -1.111111E-07  LY 1.00-0.00-0.00
                         Z  -1.111111E-07  ZX   1.985233E-22   C  -8.333333E-08  LZ 0.00 1.00-0.00
0         9           0GRID CS  4 GP
0                CENTER  X  -4.444444E-07  XY   2.946334E-22   A   1.111111E-06  LX-0.00 1.00-0.00  -1.851852E-07    9.457145E-07
                         Y  -1.111111E-07  YZ   4.528140E-22   B  -4.444444E-07  LY 0.00-0.00-1.00
                         Z   1.111111E-06  ZX  -4.235165E-22   C  -1.111111E-07  LZ 1.00 0.00 0.00
1                                                                              JUNE  20, 2025  MSC Nastran 11/21/24   PAGE    68
                                                                                                                                    
0                                                                                                                                   
 
                     S T R A I N S   I N    T E T R A H E D R O N   S O L I D   E L E M E N T S   ( C T E T R A )
0                CORNER        ------CENTER AND CORNER POINT  STRAINS---------       DIR.  COSINES       MEAN                   
  ELEMENT-ID    GRID-ID        NORMAL              SHEAR             PRINCIPAL       -A-  -B-  -C-     PRESSURE       VON MISES 
0                    70  X  -4.444444E-07  XY   2.946334E-22   A   1.111111E-06  LX-0.00 1.00-0.00  -1.851852E-07    9.457145E-07
                         Y  -1.111111E-07  YZ   4.528140E-22   B  -4.444444E-07  LY 0.00-0.00-1.00
                         Z   1.111111E-06  ZX  -4.235165E-22   C  -1.111111E-07  LZ 1.00 0.00 0.00
0                    71  X  -4.444444E-07  XY   2.946334E-22   A   1.111111E-06  LX-0.00 1.00-0.00  -1.851852E-07    9.457145E-07
                         Y  -1.111111E-07  YZ   4.528140E-22   B  -4.444444E-07  LY 0.00-0.00-1.00
                         Z   1.111111E-06  ZX  -4.235165E-22   C  -1.111111E-07  LZ 1.00 0.00 0.00
0                    67  X  -4.444444E-07  XY   2.946334E-22   A   1.111111E-06  LX-0.00 1.00-0.00  -1.851852E-07    9.457145E-07
                         Y  -1.111111E-07  YZ   4.528140E-22   B  -4.444444E-07  LY 0.00-0.00-1.00
                         Z   1.111111E-06  ZX  -4.235165E-22   C  -1.111111E-07  LZ 1.00 0.00 0.00
0                    72  X  -4.444444E-07  XY   2.946334E-22   A   1.111111E-06  LX-0.00 1.00-0.00  -1.851852E-07    9.457145E-07
                         Y  -1.111111E-07  YZ   4.528140E-22   B  -4.444444E-07  LY 0.00-0.00-1.00
                         Z   1.111111E-06  ZX  -4.235165E-22   C  -1.111111E-07  LZ 1.00 0.00 0.00
0        10           0GRID CS 10 GP
0                CENTER  X   8.333333E-07  XY  -3.877326E-16   A   8.333333E-07  LX 1.00-0.00-0.00  -1.018519E-07    7.606131E-07
                         Y  -8.333333E-08  YZ   6.266667E-17   B  -4.444444E-07  LY-0.00-0.00-1.00
                         Z  -4.444444E-07  ZX   4.125342E-17   C  -8.333333E-08  LZ 0.00 1.00-0.00
0                    78  X   8.333333E-07  XY   1.535410E-15   A   8.333333E-07  LX 1.00-0.00 0.00  -1.018519E-07    7.606131E-07
                         Y  -8.333333E-08  YZ  -3.456691E-16   B  -4.444444E-07  LY 0.00 0.00-1.00
                         Z  -4.444444E-07  ZX   5.887212E-16   C  -8.333333E-08  LZ 0.00 1.00 0.00
0                    79  X   8.333333E-07  XY  -1.240945E-15   A   8.333333E-07  LX 1.00-0.00-0.00  -1.018519E-07    7.606131E-07
                         Y  -8.333333E-08  YZ   1.993233E-16   B  -4.444444E-07  LY-0.00-0.00-1.00
                         Z  -4.444444E-07  ZX   4.230077E-16   C  -8.333333E-08  LZ 0.00 1.00-0.00
0                    75  X   8.333333E-07  XY  -1.177140E-15   A   8.333333E-07  LX 1.00 0.00-0.00  -1.018519E-07    7.606131E-07
                         Y  -8.333333E-08  YZ   4.840952E-16   B  -4.444444E-07  LY-0.00-0.00-1.00
                         Z  -4.444444E-07  ZX  -1.201699E-15   C  -8.333333E-08  LZ-0.00 1.00-0.00
0                    80  X   8.333333E-07  XY  -6.682553E-16   A   8.333333E-07  LX 1.00-0.00-0.00  -1.018519E-07    7.606131E-07
                         Y  -8.333333E-08  YZ  -8.708295E-17   B  -4.444444E-07  LY-0.00 0.00-1.00
                         Z  -4.444444E-07  ZX   3.549869E-16   C  -8.333333E-08  LZ 0.00 1.00 0.00
0        11           0GRID CS 10 GP
0                CENTER  X  -8.333333E-08  XY   1.130503E-16   A   5.555556E-07  LX 0.00 0.00-1.00  -1.203704E-07    4.354806E-07
                         Y   5.555556E-07  YZ  -1.390950E-16   B  -1.111111E-07  LY 1.00 0.00 0.00
                         Z  -1.111111E-07  ZX  -4.536023E-17   C  -8.333333E-08  LZ-0.00 1.00 0.00
0                    86  X  -8.333333E-08  XY   3.482752E-16   A   5.555556E-07  LX 0.00 0.00-1.00  -1.203704E-07    4.354806E-07
                         Y   5.555556E-07  YZ  -4.755933E-16   B  -1.111111E-07  LY 1.00 0.00 0.00
                         Z  -1.111111E-07  ZX  -1.591098E-17   C  -8.333333E-08  LZ-0.00 1.00 0.00
1                                                                              JUNE  20, 2025  MSC Nastran 11/21/24   PAGE    69
                                                                                                                                    
0                                                                                                                                   
 
                     S T R A I N S   I N    T E T R A H E D R O N   S O L I D   E L E M E N T S   ( C T E T R A )
0                CORNER        ------CENTER AND CORNER POINT  STRAINS---------       DIR.  COSINES       MEAN                   
  ELEMENT-ID    GRID-ID        NORMAL              SHEAR             PRINCIPAL       -A-  -B-  -C-     PRESSURE       VON MISES 
0                    87  X  -8.333333E-08  XY   9.012982E-17   A   5.555556E-07  LX 0.00-0.00-1.00  -1.203704E-07    4.354806E-07
                         Y   5.555556E-07  YZ  -6.149964E-16   B  -1.111111E-07  LY 1.00 0.00 0.00
                         Z  -1.111111E-07  ZX   7.137328E-17   C  -8.333333E-08  LZ-0.00 1.00-0.00
0                    83  X  -8.333333E-08  XY   3.911353E-16   A   5.555556E-07  LX 0.00 0.00-1.00  -1.203704E-07    4.354806E-07
                         Y   5.555556E-07  YZ   1.003762E-15   B  -1.111111E-07  LY 1.00-0.00 0.00
                         Z  -1.111111E-07  ZX  -4.387514E-16   C  -8.333333E-08  LZ 0.00 1.00 0.00
0                    88  X  -8.333333E-08  XY  -3.773397E-16   A   5.555556E-07  LX-0.00-0.00-1.00  -1.203704E-07    4.354806E-07
                         Y   5.555556E-07  YZ  -4.695531E-16   B  -1.111111E-07  LY 1.00 0.00-0.00
                         Z  -1.111111E-07  ZX   2.018485E-16   C  -8.333333E-08  LZ-0.00 1.00-0.00
0        12           0GRID CS 10 GP
0                CENTER  X  -4.444444E-07  XY   8.690239E-17   A   1.111111E-06  LX 0.00 1.00-0.00  -1.851852E-07    9.457145E-07
                         Y  -1.111111E-07  YZ  -2.620846E-16   B  -4.444444E-07  LY-0.00-0.00-1.00
                         Z   1.111111E-06  ZX   6.828324E-17   C  -1.111111E-07  LZ 1.00-0.00-0.00
0                    94  X  -4.444444E-07  XY  -4.335923E-16   A   1.111111E-06  LX 0.00 1.00 0.00  -1.851852E-07    9.457145E-07
                         Y  -1.111111E-07  YZ   1.206512E-15   B  -4.444444E-07  LY 0.00 0.00-1.00
                         Z   1.111111E-06  ZX   5.959814E-16   C  -1.111111E-07  LZ 1.00-0.00 0.00
0                    95  X  -4.444444E-07  XY   2.934032E-16   A   1.111111E-06  LX 0.00 1.00-0.00  -1.851852E-07    9.457145E-07
                         Y  -1.111111E-07  YZ  -9.050699E-16   B  -4.444444E-07  LY-0.00-0.00-1.00
                         Z   1.111111E-06  ZX   5.546773E-16   C  -1.111111E-07  LZ 1.00-0.00-0.00
0                    91  X  -4.444444E-07  XY  -2.255500E-16   A   1.111111E-06  LX 0.00 1.00 0.00  -1.851852E-07    9.457145E-07
                         Y  -1.111111E-07  YZ  -4.327952E-16   B  -4.444444E-07  LY-0.00 0.00-1.00
                         Z   1.111111E-06  ZX   4.313757E-16   C  -1.111111E-07  LZ 1.00-0.00-0.00
0                    96  X  -4.444444E-07  XY   7.133483E-16   A   1.111111E-06  LX-0.00 1.00-0.00  -1.851852E-07    9.457145E-07
                         Y  -1.111111E-07  YZ  -9.169865E-16   B  -4.444444E-07  LY-0.00-0.00-1.00
                         Z   1.111111E-06  ZX  -1.308905E-15   C  -1.111111E-07  LZ 1.00 0.00-0.00
0        19           0GRID CS  4 GP
0                CENTER  X   8.333333E-07  XY   3.261280E-22   A   8.333333E-07  LX 1.00 0.00 0.00  -1.018519E-07    7.606131E-07
                         Y  -8.333333E-08  YZ  -1.058791E-22   B  -4.444444E-07  LY 0.00 0.00-1.00
                         Z  -4.444444E-07  ZX  -2.646978E-22   C  -8.333333E-08  LZ-0.00 1.00 0.00
0                    49  X   8.333333E-07  XY   3.261280E-22   A   8.333333E-07  LX 1.00 0.00 0.00  -1.018519E-07    7.606131E-07
                         Y  -8.333333E-08  YZ  -1.058791E-22   B  -4.444444E-07  LY 0.00 0.00-1.00
                         Z  -4.444444E-07  ZX  -2.646978E-22   C  -8.333333E-08  LZ-0.00 1.00 0.00
0                    54  X   8.333333E-07  XY   3.261280E-22   A   8.333333E-07  LX 1.00 0.00 0.00  -1.018519E-07    7.606131E-07
                         Y  -8.333333E-08  YZ  -1.058791E-22   B  -4.444444E-07  LY 0.00 0.00-1.00
                         Z  -4.444444E-07  ZX  -2.646978E-22   C  -8.333333E-08  LZ-0.00 1.00 0.00
1                                                                              JUNE  20, 2025  MSC Nastran 11/21/24   PAGE    70
                                                                                                                                    
0                                                                                                                                   
 
                     S T R A I N S   I N    T E T R A H E D R O N   S O L I D   E L E M E N T S   ( C T E T R A )
0                CORNER        ------CENTER AND CORNER POINT  STRAINS---------       DIR.  COSINES       MEAN                   
  ELEMENT-ID    GRID-ID        NORMAL              SHEAR             PRINCIPAL       -A-  -B-  -C-     PRESSURE       VON MISES 
0                    56  X   8.333333E-07  XY   3.261280E-22   A   8.333333E-07  LX 1.00 0.00 0.00  -1.018519E-07    7.606131E-07
                         Y  -8.333333E-08  YZ  -1.058791E-22   B  -4.444444E-07  LY 0.00 0.00-1.00
                         Z  -4.444444E-07  ZX  -2.646978E-22   C  -8.333333E-08  LZ-0.00 1.00 0.00
0                    53  X   8.333333E-07  XY   3.261280E-22   A   8.333333E-07  LX 1.00 0.00 0.00  -1.018519E-07    7.606131E-07
                         Y  -8.333333E-08  YZ  -1.058791E-22   B  -4.444444E-07  LY 0.00 0.00-1.00
                         Z  -4.444444E-07  ZX  -2.646978E-22   C  -8.333333E-08  LZ-0.00 1.00 0.00
0        20           0GRID CS  4 GP
0                CENTER  X   8.333333E-07  XY   2.310329E-22   A   8.333333E-07  LX 1.00 0.00 0.00  -1.018519E-07    7.606131E-07
                         Y  -8.333333E-08  YZ   2.151033E-22   B  -4.444444E-07  LY 0.00-0.00-1.00
                         Z  -4.444444E-07  ZX  -9.251859E-23   C  -8.333333E-08  LZ-0.00 1.00-0.00
0                    49  X   8.333333E-07  XY   2.310329E-22   A   8.333333E-07  LX 1.00 0.00 0.00  -1.018519E-07    7.606131E-07
                         Y  -8.333333E-08  YZ   2.151033E-22   B  -4.444444E-07  LY 0.00-0.00-1.00
                         Z  -4.444444E-07  ZX  -9.251859E-23   C  -8.333333E-08  LZ-0.00 1.00-0.00
0                    51  X   8.333333E-07  XY   2.310329E-22   A   8.333333E-07  LX 1.00 0.00 0.00  -1.018519E-07    7.606131E-07
                         Y  -8.333333E-08  YZ   2.151033E-22   B  -4.444444E-07  LY 0.00-0.00-1.00
                         Z  -4.444444E-07  ZX  -9.251859E-23   C  -8.333333E-08  LZ-0.00 1.00-0.00
0                    52  X   8.333333E-07  XY   2.310329E-22   A   8.333333E-07  LX 1.00 0.00 0.00  -1.018519E-07    7.606131E-07
                         Y  -8.333333E-08  YZ   2.151033E-22   B  -4.444444E-07  LY 0.00-0.00-1.00
                         Z  -4.444444E-07  ZX  -9.251859E-23   C  -8.333333E-08  LZ-0.00 1.00-0.00
0                    56  X   8.333333E-07  XY   2.310329E-22   A   8.333333E-07  LX 1.00 0.00 0.00  -1.018519E-07    7.606131E-07
                         Y  -8.333333E-08  YZ   2.151033E-22   B  -4.444444E-07  LY 0.00-0.00-1.00
                         Z  -4.444444E-07  ZX  -9.251859E-23   C  -8.333333E-08  LZ-0.00 1.00-0.00
0        21           0GRID CS  4 GP
0                CENTER  X   8.333333E-07  XY   3.970467E-23   A   8.333333E-07  LX 1.00-0.00 0.00  -1.018519E-07    7.606131E-07
                         Y  -8.333333E-08  YZ  -1.588187E-22   B  -4.444444E-07  LY 0.00 0.00-1.00
                         Z  -4.444444E-07  ZX   1.058791E-22   C  -8.333333E-08  LZ 0.00 1.00 0.00
0                    49  X   8.333333E-07  XY   3.970467E-23   A   8.333333E-07  LX 1.00-0.00 0.00  -1.018519E-07    7.606131E-07
                         Y  -8.333333E-08  YZ  -1.588187E-22   B  -4.444444E-07  LY 0.00 0.00-1.00
                         Z  -4.444444E-07  ZX   1.058791E-22   C  -8.333333E-08  LZ 0.00 1.00 0.00
0                    54  X   8.333333E-07  XY   3.970467E-23   A   8.333333E-07  LX 1.00-0.00 0.00  -1.018519E-07    7.606131E-07
                         Y  -8.333333E-08  YZ  -1.588187E-22   B  -4.444444E-07  LY 0.00 0.00-1.00
                         Z  -4.444444E-07  ZX   1.058791E-22   C  -8.333333E-08  LZ 0.00 1.00 0.00
0                    51  X   8.333333E-07  XY   3.970467E-23   A   8.333333E-07  LX 1.00-0.00 0.00  -1.018519E-07    7.606131E-07
                         Y  -8.333333E-08  YZ  -1.588187E-22   B  -4.444444E-07  LY 0.00 0.00-1.00
                         Z  -4.444444E-07  ZX   1.058791E-22   C  -8.333333E-08  LZ 0.00 1.00 0.00
1                                                                              JUNE  20, 2025  MSC Nastran 11/21/24   PAGE    71
                                                                                                                                    
0                                                                                                                                   
 
                     S T R A I N S   I N    T E T R A H E D R O N   S O L I D   E L E M E N T S   ( C T E T R A )
0                CORNER        ------CENTER AND CORNER POINT  STRAINS---------       DIR.  COSINES       MEAN                   
  ELEMENT-ID    GRID-ID        NORMAL              SHEAR             PRINCIPAL       -A-  -B-  -C-     PRESSURE       VON MISES 
0                    56  X   8.333333E-07  XY   3.970467E-23   A   8.333333E-07  LX 1.00-0.00 0.00  -1.018519E-07    7.606131E-07
                         Y  -8.333333E-08  YZ  -1.588187E-22   B  -4.444444E-07  LY 0.00 0.00-1.00
                         Z  -4.444444E-07  ZX   1.058791E-22   C  -8.333333E-08  LZ 0.00 1.00 0.00
0        22           0GRID CS  4 GP
0                CENTER  X   8.333333E-07  XY   8.714508E-22   A   8.333333E-07  LX 1.00-0.00 0.00  -1.018519E-07    7.606131E-07
                         Y  -8.333333E-08  YZ   1.364649E-22   B  -4.444444E-07  LY 0.00-0.00-1.00
                         Z  -4.444444E-07  ZX   8.963762E-22   C  -8.333333E-08  LZ 0.00 1.00-0.00
0                    49  X   8.333333E-07  XY   8.714508E-22   A   8.333333E-07  LX 1.00-0.00 0.00  -1.018519E-07    7.606131E-07
                         Y  -8.333333E-08  YZ   1.364649E-22   B  -4.444444E-07  LY 0.00-0.00-1.00
                         Z  -4.444444E-07  ZX   8.963762E-22   C  -8.333333E-08  LZ 0.00 1.00-0.00
0                    50  X   8.333333E-07  XY   8.714508E-22   A   8.333333E-07  LX 1.00-0.00 0.00  -1.018519E-07    7.606131E-07
                         Y  -8.333333E-08  YZ   1.364649E-22   B  -4.444444E-07  LY 0.00-0.00-1.00
                         Z  -4.444444E-07  ZX   8.963762E-22   C  -8.333333E-08  LZ 0.00 1.00-0.00
0                    51  X   8.333333E-07  XY   8.714508E-22   A   8.333333E-07  LX 1.00-0.00 0.00  -1.018519E-07    7.606131E-07
                         Y  -8.333333E-08  YZ   1.364649E-22   B  -4.444444E-07  LY 0.00-0.00-1.00
                         Z  -4.444444E-07  ZX   8.963762E-22   C  -8.333333E-08  LZ 0.00 1.00-0.00
0                    54  X   8.333333E-07  XY   8.714508E-22   A   8.333333E-07  LX 1.00-0.00 0.00  -1.018519E-07    7.606131E-07
                         Y  -8.333333E-08  YZ   1.364649E-22   B  -4.444444E-07  LY 0.00-0.00-1.00
                         Z  -4.444444E-07  ZX   8.963762E-22   C  -8.333333E-08  LZ 0.00 1.00-0.00
0        23           0GRID CS  4 GP
0                CENTER  X  -8.333333E-08  XY   2.081668E-22   A   5.555556E-07  LX 0.00 0.00-1.00  -1.203704E-07    4.354806E-07
                         Y   5.555556E-07  YZ   1.323489E-22   B  -1.111111E-07  LY 1.00-0.00 0.00
                         Z  -1.111111E-07  ZX  -2.514629E-22   C  -8.333333E-08  LZ 0.00 1.00 0.00
0                    57  X  -8.333333E-08  XY   2.081668E-22   A   5.555556E-07  LX 0.00 0.00-1.00  -1.203704E-07    4.354806E-07
                         Y   5.555556E-07  YZ   1.323489E-22   B  -1.111111E-07  LY 1.00-0.00 0.00
                         Z  -1.111111E-07  ZX  -2.514629E-22   C  -8.333333E-08  LZ 0.00 1.00 0.00
0                    62  X  -8.333333E-08  XY   2.081668E-22   A   5.555556E-07  LX 0.00 0.00-1.00  -1.203704E-07    4.354806E-07
                         Y   5.555556E-07  YZ   1.323489E-22   B  -1.111111E-07  LY 1.00-0.00 0.00
                         Z  -1.111111E-07  ZX  -2.514629E-22   C  -8.333333E-08  LZ 0.00 1.00 0.00
0                    64  X  -8.333333E-08  XY   2.081668E-22   A   5.555556E-07  LX 0.00 0.00-1.00  -1.203704E-07    4.354806E-07
                         Y   5.555556E-07  YZ   1.323489E-22   B  -1.111111E-07  LY 1.00-0.00 0.00
                         Z  -1.111111E-07  ZX  -2.514629E-22   C  -8.333333E-08  LZ 0.00 1.00 0.00
0                    61  X  -8.333333E-08  XY   2.081668E-22   A   5.555556E-07  LX 0.00 0.00-1.00  -1.203704E-07    4.354806E-07
                         Y   5.555556E-07  YZ   1.323489E-22   B  -1.111111E-07  LY 1.00-0.00 0.00
                         Z  -1.111111E-07  ZX  -2.514629E-22   C  -8.333333E-08  LZ 0.00 1.00 0.00
0        24           0GRID CS  4 GP
1                                                                              JUNE  20, 2025  MSC Nastran 11/21/24   PAGE    72
                                                                                                                                    
0                                                                                                                                   
 
                     S T R A I N S   I N    T E T R A H E D R O N   S O L I D   E L E M E N T S   ( C T E T R A )
0                CORNER        ------CENTER AND CORNER POINT  STRAINS---------       DIR.  COSINES       MEAN                   
  ELEMENT-ID    GRID-ID        NORMAL              SHEAR             PRINCIPAL       -A-  -B-  -C-     PRESSURE       VON MISES 
0                CENTER  X  -8.333333E-08  XY   1.685829E-22   A   5.555556E-07  LX 0.00-0.00-1.00  -1.203704E-07    4.354806E-07
                         Y   5.555556E-07  YZ  -1.778348E-22   B  -1.111111E-07  LY 1.00 0.00 0.00
                         Z  -1.111111E-07  ZX   6.553400E-23   C  -8.333333E-08  LZ-0.00 1.00-0.00
0                    57  X  -8.333333E-08  XY   1.685829E-22   A   5.555556E-07  LX 0.00-0.00-1.00  -1.203704E-07    4.354806E-07
                         Y   5.555556E-07  YZ  -1.778348E-22   B  -1.111111E-07  LY 1.00 0.00 0.00
                         Z  -1.111111E-07  ZX   6.553400E-23   C  -8.333333E-08  LZ-0.00 1.00-0.00
0                    59  X  -8.333333E-08  XY   1.685829E-22   A   5.555556E-07  LX 0.00-0.00-1.00  -1.203704E-07    4.354806E-07
                         Y   5.555556E-07  YZ  -1.778348E-22   B  -1.111111E-07  LY 1.00 0.00 0.00
                         Z  -1.111111E-07  ZX   6.553400E-23   C  -8.333333E-08  LZ-0.00 1.00-0.00
0                    60  X  -8.333333E-08  XY   1.685829E-22   A   5.555556E-07  LX 0.00-0.00-1.00  -1.203704E-07    4.354806E-07
                         Y   5.555556E-07  YZ  -1.778348E-22   B  -1.111111E-07  LY 1.00 0.00 0.00
                         Z  -1.111111E-07  ZX   6.553400E-23   C  -8.333333E-08  LZ-0.00 1.00-0.00
0                    64  X  -8.333333E-08  XY   1.685829E-22   A   5.555556E-07  LX 0.00-0.00-1.00  -1.203704E-07    4.354806E-07
                         Y   5.555556E-07  YZ  -1.778348E-22   B  -1.111111E-07  LY 1.00 0.00 0.00
                         Z  -1.111111E-07  ZX   6.553400E-23   C  -8.333333E-08  LZ-0.00 1.00-0.00
0        25           0GRID CS  4 GP
0                CENTER  X  -8.333333E-08  XY   0.0            A   5.555556E-07  LX 0.00 0.00-1.00  -1.203704E-07    4.354806E-07
                         Y   5.555556E-07  YZ  -6.617445E-24   B  -1.111111E-07  LY 1.00 0.00 0.00
                         Z  -1.111111E-07  ZX  -1.985233E-23   C  -8.333333E-08  LZ-0.00 1.00 0.00
0                    57  X  -8.333333E-08  XY   0.0            A   5.555556E-07  LX 0.00 0.00-1.00  -1.203704E-07    4.354806E-07
                         Y   5.555556E-07  YZ  -6.617445E-24   B  -1.111111E-07  LY 1.00 0.00 0.00
                         Z  -1.111111E-07  ZX  -1.985233E-23   C  -8.333333E-08  LZ-0.00 1.00 0.00
0                    62  X  -8.333333E-08  XY   0.0            A   5.555556E-07  LX 0.00 0.00-1.00  -1.203704E-07    4.354806E-07
                         Y   5.555556E-07  YZ  -6.617445E-24   B  -1.111111E-07  LY 1.00 0.00 0.00
                         Z  -1.111111E-07  ZX  -1.985233E-23   C  -8.333333E-08  LZ-0.00 1.00 0.00
0                    59  X  -8.333333E-08  XY   0.0            A   5.555556E-07  LX 0.00 0.00-1.00  -1.203704E-07    4.354806E-07
                         Y   5.555556E-07  YZ  -6.617445E-24   B  -1.111111E-07  LY 1.00 0.00 0.00
                         Z  -1.111111E-07  ZX  -1.985233E-23   C  -8.333333E-08  LZ-0.00 1.00 0.00
0                    64  X  -8.333333E-08  XY   0.0            A   5.555556E-07  LX 0.00 0.00-1.00  -1.203704E-07    4.354806E-07
                         Y   5.555556E-07  YZ  -6.617445E-24   B  -1.111111E-07  LY 1.00 0.00 0.00
                         Z  -1.111111E-07  ZX  -1.985233E-23   C  -8.333333E-08  LZ-0.00 1.00 0.00
0        26           0GRID CS  4 GP
0                CENTER  X  -8.333333E-08  XY  -2.339876E-22   A   5.555556E-07  LX-0.00 0.00-1.00  -1.203704E-07    4.354806E-07
                         Y   5.555556E-07  YZ  -8.288123E-24   B  -1.111111E-07  LY 1.00 0.00-0.00
                         Z  -1.111111E-07  ZX  -9.354331E-23   C  -8.333333E-08  LZ-0.00 1.00 0.00
1                                                                              JUNE  20, 2025  MSC Nastran 11/21/24   PAGE    73
                                                                                                                                    
0                                                                                                                                   
 
                     S T R A I N S   I N    T E T R A H E D R O N   S O L I D   E L E M E N T S   ( C T E T R A )
0                CORNER        ------CENTER AND CORNER POINT  STRAINS---------       DIR.  COSINES       MEAN                   
  ELEMENT-ID    GRID-ID        NORMAL              SHEAR             PRINCIPAL       -A-  -B-  -C-     PRESSURE       VON MISES 
0                    57  X  -8.333333E-08  XY  -2.339876E-22   A   5.555556E-07  LX-0.00 0.00-1.00  -1.203704E-07    4.354806E-07
                         Y   5.555556E-07  YZ  -8.288123E-24   B  -1.111111E-07  LY 1.00 0.00-0.00
                         Z  -1.111111E-07  ZX  -9.354331E-23   C  -8.333333E-08  LZ-0.00 1.00 0.00
0                    58  X  -8.333333E-08  XY  -2.339876E-22   A   5.555556E-07  LX-0.00 0.00-1.00  -1.203704E-07    4.354806E-07
                         Y   5.555556E-07  YZ  -8.288123E-24   B  -1.111111E-07  LY 1.00 0.00-0.00
                         Z  -1.111111E-07  ZX  -9.354331E-23   C  -8.333333E-08  LZ-0.00 1.00 0.00
0                    59  X  -8.333333E-08  XY  -2.339876E-22   A   5.555556E-07  LX-0.00 0.00-1.00  -1.203704E-07    4.354806E-07
                         Y   5.555556E-07  YZ  -8.288123E-24   B  -1.111111E-07  LY 1.00 0.00-0.00
                         Z  -1.111111E-07  ZX  -9.354331E-23   C  -8.333333E-08  LZ-0.00 1.00 0.00
0                    62  X  -8.333333E-08  XY  -2.339876E-22   A   5.555556E-07  LX-0.00 0.00-1.00  -1.203704E-07    4.354806E-07
                         Y   5.555556E-07  YZ  -8.288123E-24   B  -1.111111E-07  LY 1.00 0.00-0.00
                         Z  -1.111111E-07  ZX  -9.354331E-23   C  -8.333333E-08  LZ-0.00 1.00 0.00
0        27           0GRID CS  4 GP
0                CENTER  X  -4.444444E-07  XY  -3.114792E-22   A   1.111111E-06  LX 0.00 1.00 0.00  -1.851852E-07    9.457145E-07
                         Y  -1.111111E-07  YZ   2.117582E-22   B  -4.444444E-07  LY 0.00 0.00-1.00
                         Z   1.111111E-06  ZX   4.235165E-22   C  -1.111111E-07  LZ 1.00-0.00 0.00
0                    65  X  -4.444444E-07  XY  -3.114792E-22   A   1.111111E-06  LX 0.00 1.00 0.00  -1.851852E-07    9.457145E-07
                         Y  -1.111111E-07  YZ   2.117582E-22   B  -4.444444E-07  LY 0.00 0.00-1.00
                         Z   1.111111E-06  ZX   4.235165E-22   C  -1.111111E-07  LZ 1.00-0.00 0.00
0                    70  X  -4.444444E-07  XY  -3.114792E-22   A   1.111111E-06  LX 0.00 1.00 0.00  -1.851852E-07    9.457145E-07
                         Y  -1.111111E-07  YZ   2.117582E-22   B  -4.444444E-07  LY 0.00 0.00-1.00
                         Z   1.111111E-06  ZX   4.235165E-22   C  -1.111111E-07  LZ 1.00-0.00 0.00
0                    72  X  -4.444444E-07  XY  -3.114792E-22   A   1.111111E-06  LX 0.00 1.00 0.00  -1.851852E-07    9.457145E-07
                         Y  -1.111111E-07  YZ   2.117582E-22   B  -4.444444E-07  LY 0.00 0.00-1.00
                         Z   1.111111E-06  ZX   4.235165E-22   C  -1.111111E-07  LZ 1.00-0.00 0.00
0                    69  X  -4.444444E-07  XY  -3.114792E-22   A   1.111111E-06  LX 0.00 1.00 0.00  -1.851852E-07    9.457145E-07
                         Y  -1.111111E-07  YZ   2.117582E-22   B  -4.444444E-07  LY 0.00 0.00-1.00
                         Z   1.111111E-06  ZX   4.235165E-22   C  -1.111111E-07  LZ 1.00-0.00 0.00
0        28           0GRID CS  4 GP
0                CENTER  X  -4.444444E-07  XY  -1.009970E-22   A   1.111111E-06  LX-0.00 1.00 0.00  -1.851852E-07    9.457145E-07
                         Y  -1.111111E-07  YZ  -1.010068E-22   B  -4.444444E-07  LY-0.00 0.00-1.00
                         Z   1.111111E-06  ZX  -1.048544E-22   C  -1.111111E-07  LZ 1.00 0.00-0.00
0                    65  X  -4.444444E-07  XY  -1.009970E-22   A   1.111111E-06  LX-0.00 1.00 0.00  -1.851852E-07    9.457145E-07
                         Y  -1.111111E-07  YZ  -1.010068E-22   B  -4.444444E-07  LY-0.00 0.00-1.00
                         Z   1.111111E-06  ZX  -1.048544E-22   C  -1.111111E-07  LZ 1.00 0.00-0.00
1                                                                              JUNE  20, 2025  MSC Nastran 11/21/24   PAGE    74
                                                                                                                                    
0                                                                                                                                   
 
                     S T R A I N S   I N    T E T R A H E D R O N   S O L I D   E L E M E N T S   ( C T E T R A )
0                CORNER        ------CENTER AND CORNER POINT  STRAINS---------       DIR.  COSINES       MEAN                   
  ELEMENT-ID    GRID-ID        NORMAL              SHEAR             PRINCIPAL       -A-  -B-  -C-     PRESSURE       VON MISES 
0                    67  X  -4.444444E-07  XY  -1.009970E-22   A   1.111111E-06  LX-0.00 1.00 0.00  -1.851852E-07    9.457145E-07
                         Y  -1.111111E-07  YZ  -1.010068E-22   B  -4.444444E-07  LY-0.00 0.00-1.00
                         Z   1.111111E-06  ZX  -1.048544E-22   C  -1.111111E-07  LZ 1.00 0.00-0.00
0                    68  X  -4.444444E-07  XY  -1.009970E-22   A   1.111111E-06  LX-0.00 1.00 0.00  -1.851852E-07    9.457145E-07
                         Y  -1.111111E-07  YZ  -1.010068E-22   B  -4.444444E-07  LY-0.00 0.00-1.00
                         Z   1.111111E-06  ZX  -1.048544E-22   C  -1.111111E-07  LZ 1.00 0.00-0.00
0                    72  X  -4.444444E-07  XY  -1.009970E-22   A   1.111111E-06  LX-0.00 1.00 0.00  -1.851852E-07    9.457145E-07
                         Y  -1.111111E-07  YZ  -1.010068E-22   B  -4.444444E-07  LY-0.00 0.00-1.00
                         Z   1.111111E-06  ZX  -1.048544E-22   C  -1.111111E-07  LZ 1.00 0.00-0.00
0        29           0GRID CS  4 GP
0                CENTER  X  -4.444444E-07  XY  -2.051408E-22   A   1.111111E-06  LX-0.00 1.00 0.00  -1.851852E-07    9.457145E-07
                         Y  -1.111111E-07  YZ   2.117582E-22   B  -4.444444E-07  LY 0.00 0.00-1.00
                         Z   1.111111E-06  ZX  -1.058791E-22   C  -1.111111E-07  LZ 1.00 0.00 0.00
0                    65  X  -4.444444E-07  XY  -2.051408E-22   A   1.111111E-06  LX-0.00 1.00 0.00  -1.851852E-07    9.457145E-07
                         Y  -1.111111E-07  YZ   2.117582E-22   B  -4.444444E-07  LY 0.00 0.00-1.00
                         Z   1.111111E-06  ZX  -1.058791E-22   C  -1.111111E-07  LZ 1.00 0.00 0.00
0                    70  X  -4.444444E-07  XY  -2.051408E-22   A   1.111111E-06  LX-0.00 1.00 0.00  -1.851852E-07    9.457145E-07
                         Y  -1.111111E-07  YZ   2.117582E-22   B  -4.444444E-07  LY 0.00 0.00-1.00
                         Z   1.111111E-06  ZX  -1.058791E-22   C  -1.111111E-07  LZ 1.00 0.00 0.00
0                    67  X  -4.444444E-07  XY  -2.051408E-22   A   1.111111E-06  LX-0.00 1.00 0.00  -1.851852E-07    9.457145E-07
                         Y  -1.111111E-07  YZ   2.117582E-22   B  -4.444444E-07  LY 0.00 0.00-1.00
                         Z   1.111111E-06  ZX  -1.058791E-22   C  -1.111111E-07  LZ 1.00 0.00 0.00
0                    72  X  -4.444444E-07  XY  -2.051408E-22   A   1.111111E-06  LX-0.00 1.00 0.00  -1.851852E-07    9.457145E-07
                         Y  -1.111111E-07  YZ   2.117582E-22   B  -4.444444E-07  LY 0.00 0.00-1.00
                         Z   1.111111E-06  ZX  -1.058791E-22   C  -1.111111E-07  LZ 1.00 0.00 0.00
0        30           0GRID CS  4 GP
0                CENTER  X  -4.444444E-07  XY  -3.253521E-22   A   1.111111E-06  LX-0.00 1.00 0.00  -1.851852E-07    9.457145E-07
                         Y  -1.111111E-07  YZ  -1.434038E-22   B  -4.444444E-07  LY-0.00 0.00-1.00
                         Z   1.111111E-06  ZX  -1.233581E-22   C  -1.111111E-07  LZ 1.00 0.00-0.00
0                    65  X  -4.444444E-07  XY  -3.253521E-22   A   1.111111E-06  LX-0.00 1.00 0.00  -1.851852E-07    9.457145E-07
                         Y  -1.111111E-07  YZ  -1.434038E-22   B  -4.444444E-07  LY-0.00 0.00-1.00
                         Z   1.111111E-06  ZX  -1.233581E-22   C  -1.111111E-07  LZ 1.00 0.00-0.00
0                    66  X  -4.444444E-07  XY  -3.253521E-22   A   1.111111E-06  LX-0.00 1.00 0.00  -1.851852E-07    9.457145E-07
                         Y  -1.111111E-07  YZ  -1.434038E-22   B  -4.444444E-07  LY-0.00 0.00-1.00
                         Z   1.111111E-06  ZX  -1.233581E-22   C  -1.111111E-07  LZ 1.00 0.00-0.00
1                                                                              JUNE  20, 2025  MSC Nastran 11/21/24   PAGE    75
                                                                                                                                    
0                                                                                                                                   
 
                     S T R A I N S   I N    T E T R A H E D R O N   S O L I D   E L E M E N T S   ( C T E T R A )
0                CORNER        ------CENTER AND CORNER POINT  STRAINS---------       DIR.  COSINES       MEAN                   
  ELEMENT-ID    GRID-ID        NORMAL              SHEAR             PRINCIPAL       -A-  -B-  -C-     PRESSURE       VON MISES 
0                    67  X  -4.444444E-07  XY  -3.253521E-22   A   1.111111E-06  LX-0.00 1.00 0.00  -1.851852E-07    9.457145E-07
                         Y  -1.111111E-07  YZ  -1.434038E-22   B  -4.444444E-07  LY-0.00 0.00-1.00
                         Z   1.111111E-06  ZX  -1.233581E-22   C  -1.111111E-07  LZ 1.00 0.00-0.00
0                    70  X  -4.444444E-07  XY  -3.253521E-22   A   1.111111E-06  LX-0.00 1.00 0.00  -1.851852E-07    9.457145E-07
                         Y  -1.111111E-07  YZ  -1.434038E-22   B  -4.444444E-07  LY-0.00 0.00-1.00
                         Z   1.111111E-06  ZX  -1.233581E-22   C  -1.111111E-07  LZ 1.00 0.00-0.00
0        31           0GRID CS 10 GP
0                CENTER  X   8.333333E-07  XY   2.763403E-17   A   8.333333E-07  LX 1.00-0.00 0.00  -1.018519E-07    7.606131E-07
                         Y  -8.333333E-08  YZ  -1.061403E-17   B  -4.444444E-07  LY 0.00 0.00-1.00
                         Z  -4.444444E-07  ZX   1.237891E-17   C  -8.333333E-08  LZ 0.00 1.00 0.00
0                    73  X   8.333333E-07  XY  -7.401487E-23   A   8.333333E-07  LX 1.00-0.00-0.00  -1.018519E-07    7.606131E-07
                         Y  -8.333333E-08  YZ  -7.032213E-17   B  -4.444444E-07  LY-0.00 0.00-1.00
                         Z  -4.444444E-07  ZX   3.366362E-17   C  -8.333333E-08  LZ 0.00 1.00 0.00
0                    78  X   8.333333E-07  XY   6.751342E-17   A   8.333333E-07  LX 1.00-0.00 0.00  -1.018519E-07    7.606131E-07
                         Y  -8.333333E-08  YZ  -9.391453E-17   B  -4.444444E-07  LY 0.00 0.00-1.00
                         Z  -4.444444E-07  ZX   1.266666E-16   C  -8.333333E-08  LZ 0.00 1.00 0.00
0                    80  X   8.333333E-07  XY   4.302164E-17   A   8.333333E-07  LX 1.00 0.00 0.00  -1.018519E-07    7.606131E-07
                         Y  -8.333333E-08  YZ   1.245162E-16   B  -4.444444E-07  LY 0.00-0.00-1.00
                         Z  -4.444444E-07  ZX  -1.009960E-16   C  -8.333333E-08  LZ-0.00 1.00-0.00
0                    77  X   8.333333E-07  XY   1.033124E-22   A   8.333333E-07  LX 1.00 0.00 0.00  -1.018519E-07    7.606131E-07
                         Y  -8.333333E-08  YZ  -2.735705E-18   B  -4.444444E-07  LY 0.00 0.00-1.00
                         Z  -4.444444E-07  ZX  -9.818360E-18   C  -8.333333E-08  LZ-0.00 1.00 0.00
0        32           0GRID CS 10 GP
0                CENTER  X   8.333333E-07  XY  -7.026365E-17   A   8.333333E-07  LX 1.00 0.00-0.00  -1.018519E-07    7.606131E-07
                         Y  -8.333333E-08  YZ  -2.437726E-17   B  -4.444444E-07  LY-0.00 0.00-1.00
                         Z  -4.444444E-07  ZX  -8.852063E-17   C  -8.333333E-08  LZ-0.00 1.00 0.00
0                    73  X   8.333333E-07  XY  -2.553361E-17   A   8.333333E-07  LX 1.00 0.00-0.00  -1.018519E-07    7.606131E-07
                         Y  -8.333333E-08  YZ   1.085012E-16   B  -4.444444E-07  LY-0.00-0.00-1.00
                         Z  -4.444444E-07  ZX  -5.204170E-23   C  -8.333333E-08  LZ-0.00 1.00-0.00
0                    75  X   8.333333E-07  XY  -5.091299E-17   A   8.333333E-07  LX 1.00 0.00-0.00  -1.018519E-07    7.606131E-07
                         Y  -8.333333E-08  YZ  -1.262232E-16   B  -4.444444E-07  LY-0.00 0.00-1.00
                         Z  -4.444444E-07  ZX  -2.275287E-16   C  -8.333333E-08  LZ-0.00 1.00 0.00
0                    76  X   8.333333E-07  XY  -2.094263E-17   A   8.333333E-07  LX 1.00-0.00-0.00  -1.018519E-07    7.606131E-07
                         Y  -8.333333E-08  YZ   3.649916E-17   B  -4.444444E-07  LY-0.00-0.00-1.00
                         Z  -4.444444E-07  ZX   4.397203E-22   C  -8.333333E-08  LZ 0.00 1.00-0.00
1                                                                              JUNE  20, 2025  MSC Nastran 11/21/24   PAGE    76
                                                                                                                                    
0                                                                                                                                   
 
                     S T R A I N S   I N    T E T R A H E D R O N   S O L I D   E L E M E N T S   ( C T E T R A )
0                CORNER        ------CENTER AND CORNER POINT  STRAINS---------       DIR.  COSINES       MEAN                   
  ELEMENT-ID    GRID-ID        NORMAL              SHEAR             PRINCIPAL       -A-  -B-  -C-     PRESSURE       VON MISES 
0                    80  X   8.333333E-07  XY  -1.836652E-16   A   8.333333E-07  LX 1.00 0.00-0.00  -1.018519E-07    7.606131E-07
                         Y  -8.333333E-08  YZ  -1.162854E-16   B  -4.444444E-07  LY-0.00 0.00-1.00
                         Z  -4.444444E-07  ZX  -1.265533E-16   C  -8.333333E-08  LZ-0.00 1.00 0.00
0        33           0GRID CS 10 GP
0                CENTER  X   8.333333E-07  XY   1.477555E-17   A   8.333333E-07  LX 1.00 0.00 0.00  -1.018519E-07    7.606131E-07
                         Y  -8.333333E-08  YZ  -2.633592E-17   B  -4.444444E-07  LY 0.00 0.00-1.00
                         Z  -4.444444E-07  ZX  -9.747212E-18   C  -8.333333E-08  LZ-0.00 1.00 0.00
0                    73  X   8.333333E-07  XY   1.550210E-16   A   8.333333E-07  LX 1.00 0.00 0.00  -1.018519E-07    7.606131E-07
                         Y  -8.333333E-08  YZ   1.502464E-17   B  -4.444444E-07  LY 0.00-0.00-1.00
                         Z  -4.444444E-07  ZX  -1.700458E-16   C  -8.333333E-08  LZ-0.00 1.00-0.00
0                    78  X   8.333333E-07  XY   5.426127E-16   A   8.333333E-07  LX 1.00 0.00 0.00  -1.018519E-07    7.606131E-07
                         Y  -8.333333E-08  YZ  -1.172793E-16   B  -4.444444E-07  LY 0.00 0.00-1.00
                         Z  -4.444444E-07  ZX  -1.244774E-16   C  -8.333333E-08  LZ-0.00 1.00 0.00
0                    75  X   8.333333E-07  XY  -3.343408E-16   A   8.333333E-07  LX 1.00-0.00-0.00  -1.018519E-07    7.606131E-07
                         Y  -8.333333E-08  YZ  -1.077695E-16   B  -4.444444E-07  LY-0.00 0.00-1.00
                         Z  -4.444444E-07  ZX   1.771221E-16   C  -8.333333E-08  LZ 0.00 1.00 0.00
0                    80  X   8.333333E-07  XY  -3.041918E-16   A   8.333333E-07  LX 1.00-0.00-0.00  -1.018519E-07    7.606131E-07
                         Y  -8.333333E-08  YZ   1.046804E-16   B  -4.444444E-07  LY-0.00-0.00-1.00
                         Z  -4.444444E-07  ZX   7.841280E-17   C  -8.333333E-08  LZ 0.00 1.00-0.00
0        34           0GRID CS 10 GP
0                CENTER  X   8.333333E-07  XY   5.879026E-16   A   8.333333E-07  LX 1.00 0.00 0.00  -1.018519E-07    7.606131E-07
                         Y  -8.333333E-08  YZ   4.724467E-17   B  -4.444444E-07  LY 0.00-0.00-1.00
                         Z  -4.444444E-07  ZX  -1.068296E-16   C  -8.333333E-08  LZ-0.00 1.00-0.00
0                    73  X   8.333333E-07  XY   1.429488E-16   A   8.333333E-07  LX 1.00 0.00 0.00  -1.018519E-07    7.606131E-07
                         Y  -8.333333E-08  YZ   2.471017E-22   B  -4.444444E-07  LY 0.00-0.00-1.00
                         Z  -4.444444E-07  ZX  -3.011282E-16   C  -8.333333E-08  LZ-0.00 1.00-0.00
0                    74  X   8.333333E-07  XY   1.655715E-15   A   8.333333E-07  LX 1.00 0.00 0.00  -1.018519E-07    7.606131E-07
                         Y  -8.333333E-08  YZ   1.796403E-22   B  -4.444444E-07  LY 0.00-0.00-1.00
                         Z  -4.444444E-07  ZX  -5.642199E-16   C  -8.333333E-08  LZ-0.00 1.00-0.00
0                    75  X   8.333333E-07  XY  -1.115388E-15   A   8.333333E-07  LX 1.00 0.00-0.00  -1.018519E-07    7.606131E-07
                         Y  -8.333333E-08  YZ   4.732471E-17   B  -4.444444E-07  LY-0.00-0.00-1.00
                         Z  -4.444444E-07  ZX  -5.516005E-16   C  -8.333333E-08  LZ-0.00 1.00-0.00
0                    78  X   8.333333E-07  XY   1.668335E-15   A   8.333333E-07  LX 1.00-0.00 0.00  -1.018519E-07    7.606131E-07
                         Y  -8.333333E-08  YZ   1.416546E-16   B  -4.444444E-07  LY 0.00-0.00-1.00
                         Z  -4.444444E-07  ZX   9.896323E-16   C  -8.333333E-08  LZ 0.00 1.00-0.00
0        35           0GRID CS 10 GP
1                                                                              JUNE  20, 2025  MSC Nastran 11/21/24   PAGE    77
                                                                                                                                    
0                                                                                                                                   
 
                     S T R A I N S   I N    T E T R A H E D R O N   S O L I D   E L E M E N T S   ( C T E T R A )
0                CORNER        ------CENTER AND CORNER POINT  STRAINS---------       DIR.  COSINES       MEAN                   
  ELEMENT-ID    GRID-ID        NORMAL              SHEAR             PRINCIPAL       -A-  -B-  -C-     PRESSURE       VON MISES 
0                CENTER  X  -8.333333E-08  XY  -8.904079E-18   A   5.555556E-07  LX-0.00-0.00-1.00  -1.203704E-07    4.354806E-07
                         Y   5.555556E-07  YZ  -8.871767E-17   B  -1.111111E-07  LY 1.00 0.00-0.00
                         Z  -1.111111E-07  ZX   2.238433E-17   C  -8.333333E-08  LZ-0.00 1.00-0.00
0                    81  X  -8.333333E-08  XY   5.371218E-23   A   5.555556E-07  LX 0.00-0.00-1.00  -1.203704E-07    4.354806E-07
                         Y   5.555556E-07  YZ  -2.301352E-16   B  -1.111111E-07  LY 1.00 0.00 0.00
                         Z  -1.111111E-07  ZX   2.350331E-16   C  -8.333333E-08  LZ-0.00 1.00-0.00
0                    86  X  -8.333333E-08  XY  -9.394003E-17   A   5.555556E-07  LX-0.00 0.00-1.00  -1.203704E-07    4.354806E-07
                         Y   5.555556E-07  YZ  -6.697083E-17   B  -1.111111E-07  LY 1.00 0.00-0.00
                         Z  -1.111111E-07  ZX  -7.732595E-17   C  -8.333333E-08  LZ-0.00 1.00 0.00
0                    88  X  -8.333333E-08  XY   5.832335E-17   A   5.555556E-07  LX 0.00 0.00-1.00  -1.203704E-07    4.354806E-07
                         Y   5.555556E-07  YZ  -8.251520E-17   B  -1.111111E-07  LY 1.00 0.00 0.00
                         Z  -1.111111E-07  ZX  -7.994498E-17   C  -8.333333E-08  LZ-0.00 1.00 0.00
0                    85  X  -8.333333E-08  XY   1.577956E-22   A   5.555556E-07  LX 0.00-0.00-1.00  -1.203704E-07    4.354806E-07
                         Y   5.555556E-07  YZ   2.474919E-17   B  -1.111111E-07  LY 1.00-0.00 0.00
                         Z  -1.111111E-07  ZX   1.177516E-17   C  -8.333333E-08  LZ 0.00 1.00-0.00
0        36           0GRID CS 10 GP
0                CENTER  X  -8.333333E-08  XY  -2.291719E-16   A   5.555556E-07  LX-0.00 0.00-1.00  -1.203704E-07    4.354806E-07
                         Y   5.555556E-07  YZ  -1.308726E-16   B  -1.111111E-07  LY 1.00 0.00-0.00
                         Z  -1.111111E-07  ZX  -5.182952E-17   C  -8.333333E-08  LZ-0.00 1.00 0.00
0                    81  X  -8.333333E-08  XY  -8.779169E-17   A   5.555556E-07  LX-0.00-0.00-1.00  -1.203704E-07    4.354806E-07
                         Y   5.555556E-07  YZ   3.983002E-16   B  -1.111111E-07  LY 1.00-0.00-0.00
                         Z  -1.111111E-07  ZX   5.628214E-23   C  -8.333333E-08  LZ 0.00 1.00-0.00
0                    83  X  -8.333333E-08  XY  -9.836850E-17   A   5.555556E-07  LX-0.00-0.00-1.00  -1.203704E-07    4.354806E-07
                         Y   5.555556E-07  YZ  -1.845509E-16   B  -1.111111E-07  LY 1.00 0.00-0.00
                         Z  -1.111111E-07  ZX   3.389172E-17   C  -8.333333E-08  LZ-0.00 1.00-0.00
0                    84  X  -8.333333E-08  XY  -3.479943E-16   A   5.555556E-07  LX-0.00 0.00-1.00  -1.203704E-07    4.354806E-07
                         Y   5.555556E-07  YZ  -1.500116E-16   B  -1.111111E-07  LY 1.00 0.00-0.00
                         Z  -1.111111E-07  ZX  -3.705883E-22   C  -8.333333E-08  LZ-0.00 1.00 0.00
0                    88  X  -8.333333E-08  XY  -3.825337E-16   A   5.555556E-07  LX-0.00 0.00-1.00  -1.203704E-07    4.354806E-07
                         Y   5.555556E-07  YZ  -5.872268E-16   B  -1.111111E-07  LY 1.00 0.00-0.00
                         Z  -1.111111E-07  ZX  -2.412106E-16   C  -8.333333E-08  LZ-0.00 1.00 0.00
0        37           0GRID CS 10 GP
0                CENTER  X  -8.333333E-08  XY  -3.188151E-17   A   5.555556E-07  LX-0.00-0.00-1.00  -1.203704E-07    4.354806E-07
                         Y   5.555556E-07  YZ  -6.780600E-17   B  -1.111111E-07  LY 1.00 0.00-0.00
                         Z  -1.111111E-07  ZX   5.894452E-17   C  -8.333333E-08  LZ-0.00 1.00-0.00
1                                                                              JUNE  20, 2025  MSC Nastran 11/21/24   PAGE    78
                                                                                                                                    
0                                                                                                                                   
 
                     S T R A I N S   I N    T E T R A H E D R O N   S O L I D   E L E M E N T S   ( C T E T R A )
0                CORNER        ------CENTER AND CORNER POINT  STRAINS---------       DIR.  COSINES       MEAN                   
  ELEMENT-ID    GRID-ID        NORMAL              SHEAR             PRINCIPAL       -A-  -B-  -C-     PRESSURE       VON MISES 
0                    81  X  -8.333333E-08  XY  -2.037985E-16   A   5.555556E-07  LX-0.00-0.00-1.00  -1.203704E-07    4.354806E-07
                         Y   5.555556E-07  YZ   1.046093E-17   B  -1.111111E-07  LY 1.00-0.00-0.00
                         Z  -1.111111E-07  ZX   1.933376E-16   C  -8.333333E-08  LZ 0.00 1.00-0.00
0                    86  X  -8.333333E-08  XY   1.991758E-16   A   5.555556E-07  LX 0.00-0.00-1.00  -1.203704E-07    4.354806E-07
                         Y   5.555556E-07  YZ  -9.691161E-17   B  -1.111111E-07  LY 1.00 0.00 0.00
                         Z  -1.111111E-07  ZX   1.426614E-16   C  -8.333333E-08  LZ-0.00 1.00-0.00
0                    83  X  -8.333333E-08  XY  -2.939499E-16   A   5.555556E-07  LX-0.00 0.00-1.00  -1.203704E-07    4.354806E-07
                         Y   5.555556E-07  YZ   1.030216E-17   B  -1.111111E-07  LY 1.00-0.00-0.00
                         Z  -1.111111E-07  ZX  -7.517240E-17   C  -8.333333E-08  LZ 0.00 1.00 0.00
0                    88  X  -8.333333E-08  XY   1.710464E-16   A   5.555556E-07  LX 0.00 0.00-1.00  -1.203704E-07    4.354806E-07
                         Y   5.555556E-07  YZ  -1.950754E-16   B  -1.111111E-07  LY 1.00 0.00 0.00
                         Z  -1.111111E-07  ZX  -2.504887E-17   C  -8.333333E-08  LZ-0.00 1.00 0.00
0        38           0GRID CS 10 GP
0                CENTER  X  -8.333333E-08  XY  -6.600517E-17   A   5.555556E-07  LX-0.00-0.00-1.00  -1.203704E-07    4.354806E-07
                         Y   5.555556E-07  YZ  -3.273835E-18   B  -1.111111E-07  LY 1.00 0.00-0.00
                         Z  -1.111111E-07  ZX   6.973689E-17   C  -8.333333E-08  LZ-0.00 1.00-0.00
0                    81  X  -8.333333E-08  XY   3.562673E-17   A   5.555556E-07  LX 0.00 0.00-1.00  -1.203704E-07    4.354806E-07
                         Y   5.555556E-07  YZ  -4.362508E-23   B  -1.111111E-07  LY 1.00 0.00 0.00
                         Z  -1.111111E-07  ZX  -4.286643E-17   C  -8.333333E-08  LZ-0.00 1.00 0.00
0                    82  X  -8.333333E-08  XY  -3.183140E-17   A   5.555556E-07  LX-0.00-0.00-1.00  -1.203704E-07    4.354806E-07
                         Y   5.555556E-07  YZ   2.627142E-22   B  -1.111111E-07  LY 1.00-0.00-0.00
                         Z  -1.111111E-07  ZX   1.181601E-17   C  -8.333333E-08  LZ 0.00 1.00-0.00
0                    83  X  -8.333333E-08  XY  -3.328528E-16   A   5.555556E-07  LX-0.00-0.00-1.00  -1.203704E-07    4.354806E-07
                         Y   5.555556E-07  YZ  -2.664371E-16   B  -1.111111E-07  LY 1.00 0.00-0.00
                         Z  -1.111111E-07  ZX   1.086845E-16   C  -8.333333E-08  LZ-0.00 1.00-0.00
0                    86  X  -8.333333E-08  XY   6.503689E-17   A   5.555556E-07  LX 0.00-0.00-1.00  -1.203704E-07    4.354806E-07
                         Y   5.555556E-07  YZ   2.533415E-16   B  -1.111111E-07  LY 1.00-0.00 0.00
                         Z  -1.111111E-07  ZX   2.013138E-16   C  -8.333333E-08  LZ 0.00 1.00-0.00
0        39           0GRID CS 10 GP
0                CENTER  X  -4.444444E-07  XY   6.435658E-17   A   1.111111E-06  LX-0.00 1.00-0.00  -1.851852E-07    9.457145E-07
                         Y  -1.111111E-07  YZ   4.003128E-16   B  -4.444444E-07  LY 0.00-0.00-1.00
                         Z   1.111111E-06  ZX  -9.797143E-17   C  -1.111111E-07  LZ 1.00 0.00 0.00
0                    89  X  -4.444444E-07  XY   4.934325E-23   A   1.111111E-06  LX-0.00 1.00-0.00  -1.851852E-07    9.457145E-07
                         Y  -1.111111E-07  YZ  -1.514048E-16   B  -4.444444E-07  LY-0.00-0.00-1.00
                         Z   1.111111E-06  ZX  -3.495273E-16   C  -1.111111E-07  LZ 1.00 0.00-0.00
1                                                                              JUNE  20, 2025  MSC Nastran 11/21/24   PAGE    79
                                                                                                                                    
0                                                                                                                                   
 
                     S T R A I N S   I N    T E T R A H E D R O N   S O L I D   E L E M E N T S   ( C T E T R A )
0                CORNER        ------CENTER AND CORNER POINT  STRAINS---------       DIR.  COSINES       MEAN                   
  ELEMENT-ID    GRID-ID        NORMAL              SHEAR             PRINCIPAL       -A-  -B-  -C-     PRESSURE       VON MISES 
0                    94  X  -4.444444E-07  XY   1.276423E-16   A   1.111111E-06  LX 0.00 1.00-0.00  -1.851852E-07    9.457145E-07
                         Y  -1.111111E-07  YZ   1.359895E-15   B  -4.444444E-07  LY 0.00-0.00-1.00
                         Z   1.111111E-06  ZX   1.064631E-15   C  -1.111111E-07  LZ 1.00-0.00 0.00
0                    96  X  -4.444444E-07  XY   1.297846E-16   A   1.111111E-06  LX-0.00 1.00-0.00  -1.851852E-07    9.457145E-07
                         Y  -1.111111E-07  YZ  -8.470397E-16   B  -4.444444E-07  LY-0.00-0.00-1.00
                         Z   1.111111E-06  ZX  -4.934475E-16   C  -1.111111E-07  LZ 1.00 0.00-0.00
0                    93  X  -4.444444E-07  XY   2.426043E-22   A   1.111111E-06  LX-0.00 1.00-0.00  -1.851852E-07    9.457145E-07
                         Y  -1.111111E-07  YZ   1.239798E-15   B  -4.444444E-07  LY 0.00-0.00-1.00
                         Z   1.111111E-06  ZX  -6.135433E-16   C  -1.111111E-07  LZ 1.00 0.00 0.00
0        40           0GRID CS 10 GP
0                CENTER  X  -4.444444E-07  XY  -4.028366E-17   A   1.111111E-06  LX-0.00 1.00 0.00  -1.851852E-07    9.457145E-07
                         Y  -1.111111E-07  YZ  -3.674217E-17   B  -4.444444E-07  LY-0.00 0.00-1.00
                         Z   1.111111E-06  ZX  -7.884617E-17   C  -1.111111E-07  LZ 1.00 0.00-0.00
0                    89  X  -4.444444E-07  XY   8.100578E-17   A   1.111111E-06  LX 0.00 1.00-0.00  -1.851852E-07    9.457145E-07
                         Y  -1.111111E-07  YZ  -1.855063E-17   B  -4.444444E-07  LY-0.00-0.00-1.00
                         Z   1.111111E-06  ZX   1.053684E-22   C  -1.111111E-07  LZ 1.00-0.00-0.00
0                    91  X  -4.444444E-07  XY  -8.510342E-17   A   1.111111E-06  LX-0.00 1.00 0.00  -1.851852E-07    9.457145E-07
                         Y  -1.111111E-07  YZ  -1.793202E-16   B  -4.444444E-07  LY-0.00 0.00-1.00
                         Z   1.111111E-06  ZX  -1.293444E-16   C  -1.111111E-07  LZ 1.00 0.00-0.00
0                    92  X  -4.444444E-07  XY   1.485114E-17   A   1.111111E-06  LX-0.00 1.00-0.00  -1.851852E-07    9.457145E-07
                         Y  -1.111111E-07  YZ   7.419868E-18   B  -4.444444E-07  LY 0.00-0.00-1.00
                         Z   1.111111E-06  ZX  -5.869790E-22   C  -1.111111E-07  LZ 1.00 0.00 0.00
0                    96  X  -4.444444E-07  XY  -1.718878E-16   A   1.111111E-06  LX-0.00 1.00 0.00  -1.851852E-07    9.457145E-07
                         Y  -1.111111E-07  YZ   4.347990E-17   B  -4.444444E-07  LY 0.00 0.00-1.00
                         Z   1.111111E-06  ZX  -1.860398E-16   C  -1.111111E-07  LZ 1.00 0.00 0.00
0        41           0GRID CS 10 GP
0                CENTER  X  -4.444444E-07  XY  -3.129375E-17   A   1.111111E-06  LX-0.00 1.00 0.00  -1.851852E-07    9.457145E-07
                         Y  -1.111111E-07  YZ  -4.053053E-19   B  -4.444444E-07  LY-0.00 0.00-1.00
                         Z   1.111111E-06  ZX  -7.537925E-18   C  -1.111111E-07  LZ 1.00 0.00-0.00
0                    89  X  -4.444444E-07  XY  -5.015777E-18   A   1.111111E-06  LX-0.00 1.00 0.00  -1.851852E-07    9.457145E-07
                         Y  -1.111111E-07  YZ   4.928299E-17   B  -4.444444E-07  LY 0.00 0.00-1.00
                         Z   1.111111E-06  ZX  -4.426750E-17   C  -1.111111E-07  LZ 1.00 0.00 0.00
0                    94  X  -4.444444E-07  XY  -1.639280E-16   A   1.111111E-06  LX-0.00 1.00 0.00  -1.851852E-07    9.457145E-07
                         Y  -1.111111E-07  YZ   2.249400E-16   B  -4.444444E-07  LY 0.00 0.00-1.00
                         Z   1.111111E-06  ZX  -7.846048E-17   C  -1.111111E-07  LZ 1.00 0.00 0.00
1                                                                              JUNE  20, 2025  MSC Nastran 11/21/24   PAGE    80
                                                                                                                                    
0                                                                                                                                   
 
                     S T R A I N S   I N    T E T R A H E D R O N   S O L I D   E L E M E N T S   ( C T E T R A )
0                CORNER        ------CENTER AND CORNER POINT  STRAINS---------       DIR.  COSINES       MEAN                   
  ELEMENT-ID    GRID-ID        NORMAL              SHEAR             PRINCIPAL       -A-  -B-  -C-     PRESSURE       VON MISES 
0                    91  X  -4.444444E-07  XY   1.199507E-16   A   1.111111E-06  LX-0.00 1.00-0.00  -1.851852E-07    9.457145E-07
                         Y  -1.111111E-07  YZ  -1.786058E-16   B  -4.444444E-07  LY-0.00-0.00-1.00
                         Z   1.111111E-06  ZX  -2.830572E-17   C  -1.111111E-07  LZ 1.00 0.00-0.00
0                    96  X  -4.444444E-07  XY  -7.618204E-17   A   1.111111E-06  LX 0.00 1.00 0.00  -1.851852E-07    9.457145E-07
                         Y  -1.111111E-07  YZ  -9.723917E-17   B  -4.444444E-07  LY-0.00 0.00-1.00
                         Z   1.111111E-06  ZX   1.208822E-16   C  -1.111111E-07  LZ 1.00-0.00-0.00
0        42           0GRID CS 10 GP
0                CENTER  X  -4.444444E-07  XY  -2.299394E-18   A   1.111111E-06  LX 0.00 1.00 0.00  -1.851852E-07    9.457145E-07
                         Y  -1.111111E-07  YZ  -1.388118E-17   B  -4.444444E-07  LY-0.00 0.00-1.00
                         Z   1.111111E-06  ZX   2.479691E-20   C  -1.111111E-07  LZ 1.00-0.00-0.00
0                    89  X  -4.444444E-07  XY  -5.732888E-17   A   1.111111E-06  LX 0.00 1.00 0.00  -1.851852E-07    9.457145E-07
                         Y  -1.111111E-07  YZ  -2.415763E-22   B  -4.444444E-07  LY-0.00 0.00-1.00
                         Z   1.111111E-06  ZX   5.225730E-17   C  -1.111111E-07  LZ 1.00-0.00-0.00
0                    90  X  -4.444444E-07  XY   6.345364E-18   A   1.111111E-06  LX-0.00 1.00-0.00  -1.851852E-07    9.457145E-07
                         Y  -1.111111E-07  YZ  -4.980584E-22   B  -4.444444E-07  LY-0.00-0.00-1.00
                         Z   1.111111E-06  ZX  -3.154130E-17   C  -1.111111E-07  LZ 1.00 0.00-0.00
0                    91  X  -4.444444E-07  XY   1.028637E-16   A   1.111111E-06  LX-0.00 1.00-0.00  -1.851852E-07    9.457145E-07
                         Y  -1.111111E-07  YZ   7.320141E-17   B  -4.444444E-07  LY 0.00-0.00-1.00
                         Z   1.111111E-06  ZX  -9.896536E-17   C  -1.111111E-07  LZ 1.00 0.00 0.00
0                    94  X  -4.444444E-07  XY  -6.107860E-17   A   1.111111E-06  LX 0.00 1.00 0.00  -1.851852E-07    9.457145E-07
                         Y  -1.111111E-07  YZ  -1.287261E-16   B  -4.444444E-07  LY-0.00 0.00-1.00
                         Z   1.111111E-06  ZX   7.834616E-17   C  -1.111111E-07  LZ 1.00-0.00-0.00
1                                                                              JUNE  20, 2025  MSC Nastran 11/21/24   PAGE    81
                                                                                                                                    
0                                                                                                                                   
 
                      S T R E S S E S   I N   H E X A H E D R O N   S O L I D   E L E M E N T S   ( H E X A )
0                CORNER        ------CENTER AND CORNER POINT STRESSES---------       DIR.  COSINES       MEAN                   
  ELEMENT-ID    GRID-ID        NORMAL              SHEAR             PRINCIPAL       -A-  -B-  -C-     PRESSURE       VON MISES 
0         1           0GRID CS  8 GP
0                CENTER  X   1.666667E+05  XY  -7.275958E-12   A   1.666667E+05  LX 1.00 0.0  0.0   -5.555556E+04    1.666667E+05
                         Y   4.547474E-12  YZ   0.0            B   7.275958E-12  LY-0.00 0.0  0.0
                         Z   7.275958E-12  ZX   2.728484E-12   C   7.275958E-12  LZ 0.00 0.0  0.0
0                     1  X   1.666667E+05  XY   0.0            A   1.666667E+05  LX 1.00 0.0  0.0   -5.555556E+04    1.666667E+05
                         Y   0.0           YZ   0.0            B   2.910383E-11  LY 0.0  0.0  0.0
                         Z   4.365575E-11  ZX   0.0            C   2.910383E-11  LZ 0.0  0.0  0.0
0                     2  X   1.666667E+05  XY   0.0            A   1.666667E+05  LX 1.00 0.0  0.0   -5.555556E+04    1.666667E+05
                         Y   2.182787E-11  YZ   0.0            B  -7.275958E-12  LY 0.0  0.0  0.0
                         Z  -4.365575E-11  ZX   2.910383E-11   C  -7.275958E-12  LZ 0.00 0.0  0.0
0                     3  X   1.666667E+05  XY   1.455192E-11   A   1.666667E+05  LX 1.00 0.0  0.0   -5.555556E+04    1.666667E+05
                         Y   4.001777E-11  YZ  -1.637090E-11   B   3.637979E-11  LY 0.00 0.0  0.0
                         Z   2.819434E-11  ZX   0.0            C   3.637979E-11  LZ-0.00 0.0  0.0
0                     4  X   1.666667E+05  XY   1.455192E-11   A   1.666667E+05  LX 1.00 0.0  0.0   -5.555556E+04    1.666667E+05
                         Y  -2.546585E-11  YZ  -7.275958E-12   B  -2.910383E-11  LY 0.00 0.0  0.0
                         Z  -2.910383E-11  ZX   0.0            C  -2.910383E-11  LZ-0.00 0.0  0.0
0                     5  X   1.666667E+05  XY   0.0            A   1.666667E+05  LX 1.00 0.0  0.0   -5.555556E+04    1.666667E+05
                         Y   7.275958E-12  YZ  -4.365575E-11   B   5.093170E-11  LY 0.00 0.0  0.0
                         Z   8.731149E-11  ZX  -3.274181E-11   C   5.093170E-11  LZ-0.00 0.0  0.0
0                     6  X   1.666667E+05  XY  -4.365575E-11   A   1.666667E+05  LX 1.00 0.0  0.0   -5.555556E+04    1.666667E+05
                         Y   1.091394E-11  YZ   7.275958E-11   B   7.275958E-12  LY-0.00 0.0  0.0
                         Z   0.0           ZX  -3.637979E-12   C   7.275958E-12  LZ-0.00 0.0  0.0
0                     7  X   1.666667E+05  XY  -4.365575E-11   A   1.666667E+05  LX 1.00 0.0  0.0   -5.555556E+04    1.666667E+05
                         Y   7.275958E-12  YZ   5.820766E-11   B   1.455192E-11  LY-0.00 0.0  0.0
                         Z   2.273737E-11  ZX   1.455192E-11   C   1.455192E-11  LZ 0.00 0.0  0.0
0                     8  X   1.666667E+05  XY   9.094947E-12   A   1.666667E+05  LX 1.00 0.0  0.0   -5.555556E+04    1.666667E+05
                         Y  -4.365575E-11  YZ  -5.820766E-11   B  -3.637979E-11  LY 0.00 0.0  0.0
                         Z  -2.910383E-11  ZX   1.455192E-11   C  -3.637979E-11  LZ 0.00 0.0  0.0
0         2           0GRID CS  8 GP
0                CENTER  X   5.002221E-12  XY   0.0            A   1.666667E+05  LX 0.00 0.0  0.0   -5.555556E+04    1.666667E+05
                         Y   1.666667E+05  YZ  -5.456968E-12   B   7.275958E-12  LY 1.00 0.0  0.0
                         Z   6.366463E-12  ZX  -2.728484E-12   C   7.275958E-12  LZ-0.00 0.0  0.0
0                     9  X   1.818989E-11  XY   0.0            A   1.666667E+05  LX 0.0  0.0  0.0   -5.555556E+04    1.666667E+05
                         Y   1.666667E+05  YZ   0.0            B   2.182787E-11  LY 1.00 0.0  0.0
                         Z   2.364686E-11  ZX   0.0            C   2.182787E-11  LZ 0.0  0.0  0.0
1                                                                              JUNE  20, 2025  MSC Nastran 11/21/24   PAGE    82
                                                                                                                                    
0                                                                                                                                   
 
                      S T R E S S E S   I N   H E X A H E D R O N   S O L I D   E L E M E N T S   ( H E X A )
0                CORNER        ------CENTER AND CORNER POINT STRESSES---------       DIR.  COSINES       MEAN                   
  ELEMENT-ID    GRID-ID        NORMAL              SHEAR             PRINCIPAL       -A-  -B-  -C-     PRESSURE       VON MISES 
0                    10  X  -1.818989E-11  XY   1.091394E-11   A   1.666667E+05  LX 0.00 0.0  0.0   -5.555556E+04    1.666667E+05
                         Y   1.666667E+05  YZ   0.0            B  -7.275958E-12  LY 1.00 0.0  0.0
                         Z  -7.275958E-12  ZX  -9.094947E-13   C  -7.275958E-12  LZ-0.00 0.0  0.0
0                    11  X   0.0           XY  -3.637979E-11   A   1.666667E+05  LX-0.00 0.0  0.0   -5.555556E+04    1.666667E+05
                         Y   1.666667E+05  YZ   5.820766E-11   B   0.0           LY 1.00 0.0  0.0
                         Z  -1.091394E-11  ZX  -5.456968E-12   C   0.0           LZ 0.00 0.0  0.0
0                    12  X   4.547474E-11  XY  -5.093170E-11   A   1.666667E+05  LX-0.00 0.0  0.0   -5.555556E+04    1.666667E+05
                         Y   1.666667E+05  YZ  -5.820766E-11   B   4.365575E-11  LY 1.00 0.0  0.0
                         Z   3.274181E-11  ZX   0.0            C   4.365575E-11  LZ-0.00 0.0  0.0
0                    13  X  -1.455192E-11  XY   0.0            A   1.666667E+05  LX 0.0  0.0  0.0   -5.555556E+04    1.666667E+05
                         Y   1.666667E+05  YZ  -3.637979E-12   B  -7.275958E-12  LY 1.00 0.0  0.0
                         Z  -3.637979E-12  ZX   0.0            C  -7.275958E-12  LZ-0.00 0.0  0.0
0                    14  X   7.275958E-12  XY   4.547474E-12   A   1.666667E+05  LX 0.00 0.0  0.0   -5.555556E+04    1.666667E+05
                         Y   1.666667E+05  YZ  -1.455192E-11   B   1.455192E-11  LY 1.00 0.0  0.0
                         Z   1.455192E-11  ZX  -9.094947E-13   C   1.455192E-11  LZ-0.00 0.0  0.0
0                    15  X   7.275958E-12  XY   2.910383E-11   A   1.666667E+05  LX 0.00 0.0  0.0   -5.555556E+04    1.666667E+05
                         Y   1.666667E+05  YZ   4.365575E-11   B   7.275958E-12  LY 1.00 0.0  0.0
                         Z   3.637979E-12  ZX  -1.091394E-11   C   7.275958E-12  LZ 0.00 0.0  0.0
0                    16  X  -5.456968E-12  XY   2.182787E-11   A   1.666667E+05  LX 0.00 0.0  0.0   -5.555556E+04    1.666667E+05
                         Y   1.666667E+05  YZ  -6.548362E-11   B  -7.275958E-12  LY 1.00 0.0  0.0
                         Z   0.0           ZX  -5.456968E-12   C  -7.275958E-12  LZ-0.00 0.0  0.0
0         3           0GRID CS  8 GP
0                CENTER  X   0.0           XY   3.637979E-12   A   1.666667E+05  LX 0.00 0.0  0.0   -5.555556E+04    1.666667E+05
                         Y   7.275958E-12  YZ   7.275958E-12   B   0.0           LY 0.00 0.0  0.0
                         Z   1.666667E+05  ZX   3.637979E-12   C   0.0           LZ 1.00 0.0  0.0
0                    17  X  -5.820766E-11  XY   0.0            A   1.666667E+05  LX 0.0  0.0  0.0   -5.555556E+04    1.666667E+05
                         Y   2.182787E-11  YZ   0.0            B  -2.182787E-11  LY 0.0  0.0  0.0
                         Z   1.666667E+05  ZX   0.0            C  -2.182787E-11  LZ 1.00 0.0  0.0
0                    18  X   4.365575E-11  XY   0.0            A   1.666667E+05  LX-0.00 0.0  0.0   -5.555556E+04    1.666667E+05
                         Y   2.182787E-11  YZ   0.0            B   3.637979E-11  LY 0.0  0.0  0.0
                         Z   1.666667E+05  ZX  -1.091394E-11   C   3.637979E-11  LZ 1.00 0.0  0.0
0                    19  X  -3.274181E-11  XY  -1.455192E-11   A   1.666667E+05  LX 0.00 0.0  0.0   -5.555556E+04    1.666667E+05
                         Y  -1.455192E-11  YZ  -1.091394E-11   B  -2.182787E-11  LY-0.00 0.0  0.0
                         Z   1.666667E+05  ZX   1.455192E-11   C  -2.182787E-11  LZ 1.00 0.0  0.0
0                    20  X   4.365575E-11  XY  -1.455192E-11   A   1.666667E+05  LX 0.00 0.0  0.0   -5.555556E+04    1.666667E+05
                         Y   7.275958E-11  YZ  -2.182787E-11   B   5.820766E-11  LY-0.00 0.0  0.0
                         Z   1.666667E+05  ZX   0.0            C   5.820766E-11  LZ 1.00 0.0  0.0
1                                                                              JUNE  20, 2025  MSC Nastran 11/21/24   PAGE    83
                                                                                                                                    
0                                                                                                                                   
 
                      S T R E S S E S   I N   H E X A H E D R O N   S O L I D   E L E M E N T S   ( H E X A )
0                CORNER        ------CENTER AND CORNER POINT STRESSES---------       DIR.  COSINES       MEAN                   
  ELEMENT-ID    GRID-ID        NORMAL              SHEAR             PRINCIPAL       -A-  -B-  -C-     PRESSURE       VON MISES 
0                    21  X  -1.018634E-10  XY   0.0            A   1.666667E+05  LX 0.00 0.0  0.0   -5.555556E+04    1.666667E+05
                         Y  -4.001777E-11  YZ   1.455192E-10   B  -7.275958E-11  LY 0.00 0.0  0.0
                         Z   1.666667E+05  ZX   5.820766E-11   C  -7.275958E-11  LZ 1.00 0.0  0.0
0                    22  X  -1.455192E-11  XY   3.637979E-11   A   1.666667E+05  LX 0.00 0.0  0.0   -5.555556E+04    1.666667E+05
                         Y  -7.275958E-12  YZ  -8.731149E-11   B  -1.455192E-11  LY-0.00 0.0  0.0
                         Z   1.666667E+05  ZX   4.365575E-11   C  -1.455192E-11  LZ 1.00 0.0  0.0
0                    23  X   2.182787E-11  XY   3.637979E-11   A   1.666667E+05  LX-0.00 0.0  0.0   -5.555556E+04    1.666667E+05
                         Y  -1.455192E-11  YZ  -8.731149E-11   B   0.0           LY-0.00 0.0  0.0
                         Z   1.666667E+05  ZX  -2.910383E-11   C   0.0           LZ 1.00 0.0  0.0
0                    24  X   1.018634E-10  XY  -3.637979E-12   A   1.666667E+05  LX-0.00 0.0  0.0   -5.555556E+04    1.666667E+05
                         Y   3.637979E-11  YZ   1.164153E-10   B   6.548362E-11  LY 0.00 0.0  0.0
                         Z   1.666667E+05  ZX  -4.365575E-11   C   6.548362E-11  LZ 1.00 0.0  0.0
0         4           0GRID CS 20 GP
0                CENTER  X   1.666667E+05  XY  -4.811773E-08   A   1.666667E+05  LX 1.00 0.0  0.0   -5.555556E+04    1.666667E+05
                         Y  -9.356518E-08  YZ  -1.099079E-08   B  -2.780944E-07  LY-0.00 0.0  0.0
                         Z  -4.626199E-07  ZX  -8.814641E-08   C  -2.780944E-07  LZ-0.00 0.0  0.0
0                    25  X   1.666667E+05  XY  -2.907702E-07   A   1.666667E+05  LX 1.00 0.0  0.0   -5.555556E+04    1.666667E+05
                         Y   4.345166E-07  YZ   2.819070E-08   B   3.598398E-07  LY-0.00 0.0  0.0
                         Z   2.851593E-07  ZX  -2.938223E-07   C   3.598398E-07  LZ-0.00 0.0  0.0
0                    26  X   1.666667E+05  XY  -1.357826E-06   A   1.666667E+05  LX 1.00 0.0  0.0   -5.555556E+04    1.666667E+05
                         Y  -6.386826E-07  YZ   2.868637E-08   B  -5.474794E-07  LY-0.00 0.0  0.0
                         Z  -4.562753E-07  ZX  -1.346189E-06   C  -5.474794E-07  LZ-0.00 0.0  0.0
0                    27  X   1.666667E+05  XY   9.204653E-07   A   1.666667E+05  LX 1.00 0.0  0.0   -5.555556E+04    1.666667E+05
                         Y  -7.536023E-07  YZ   1.319222E-08   B  -5.550319E-07  LY 0.00 0.0  0.0
                         Z  -3.564728E-07  ZX  -1.342591E-06   C  -5.550319E-07  LZ-0.00 0.0  0.0
0                    28  X   1.666667E+05  XY   4.458400E-07   A   1.666667E+05  LX 1.00 0.0  0.0   -5.555556E+04    1.666667E+05
                         Y   6.224745E-07  YZ  -1.160515E-08   B   5.746551E-07  LY 0.00 0.0  0.0
                         Z   5.268448E-07  ZX  -2.940187E-07   C   5.746551E-07  LZ-0.00 0.0  0.0
0                    29  X   1.666667E+05  XY  -2.892475E-07   A   1.666667E+05  LX 1.00 0.0  0.0   -5.555556E+04    1.666667E+05
                         Y   7.154667E-07  YZ   1.893204E-08   B   6.342088E-07  LY-0.00 0.0  0.0
                         Z   5.529364E-07  ZX   3.704463E-07   C   6.342088E-07  LZ 0.00 0.0  0.0
0                    30  X   1.666667E+05  XY  -1.351341E-06   A   1.666667E+05  LX 1.00 0.0  0.0   -5.555556E+04    1.666667E+05
                         Y  -5.112170E-07  YZ   4.563481E-08   B  -5.829934E-07  LY-0.00 0.0  0.0
                         Z  -6.547671E-07  ZX   8.110819E-07   C  -5.829934E-07  LZ 0.00 0.0  0.0
0                    31  X   1.666667E+05  XY   9.292642E-07   A   1.666667E+05  LX 1.00 0.0  0.0   -5.555556E+04    1.666667E+05
                         Y  -6.527553E-07  YZ  -1.277840E-07   B  -6.183400E-07  LY 0.00 0.0  0.0
                         Z  -5.839302E-07  ZX   8.182451E-07   C  -6.183400E-07  LZ 0.00 0.0  0.0
1                                                                              JUNE  20, 2025  MSC Nastran 11/21/24   PAGE    84
                                                                                                                                    
0                                                                                                                                   
 
                      S T R E S S E S   I N   H E X A H E D R O N   S O L I D   E L E M E N T S   ( H E X A )
0                CORNER        ------CENTER AND CORNER POINT STRESSES---------       DIR.  COSINES       MEAN                   
  ELEMENT-ID    GRID-ID        NORMAL              SHEAR             PRINCIPAL       -A-  -B-  -C-     PRESSURE       VON MISES 
0                    32  X   1.666667E+05  XY   4.569586E-07   A   1.666667E+05  LX 1.00 0.0  0.0   -5.555556E+04    1.666667E+05
                         Y   7.838789E-07  YZ  -1.518929E-07   B   7.345661E-07  LY 0.00 0.0  0.0
                         Z   6.852570E-07  ZX   3.794230E-07   C   7.345661E-07  LZ 0.00 0.0  0.0
0         5           0GRID CS 20 GP
0                CENTER  X  -3.403329E-09  XY  -4.960202E-08   A   1.666667E+05  LX-0.00 0.0  0.0   -5.555556E+04    1.666667E+05
                         Y   1.666667E+05  YZ  -5.186666E-08   B  -1.611625E-08  LY 1.00 0.0  0.0
                         Z  -2.882553E-08  ZX  -6.139089E-09   C  -1.611625E-08  LZ-0.00 0.0  0.0
0                    33  X   4.513049E-07  XY  -2.816059E-07   A   1.666667E+05  LX-0.00 0.0  0.0   -5.555556E+04    1.666667E+05
                         Y   1.666667E+05  YZ  -2.818533E-07   B   4.249305E-07  LY 1.00 0.0  0.0
                         Z   3.985497E-07  ZX   9.184987E-09   C   4.249305E-07  LZ-0.00 0.0  0.0
0                    34  X   6.272498E-07  XY   4.295739E-07   A   1.666667E+05  LX 0.00 0.0  0.0   -5.555556E+04    1.666667E+05
                         Y   1.666667E+05  YZ  -2.861345E-07   B   5.797192E-07  LY 1.00 0.0  0.0
                         Z   5.321690E-07  ZX  -9.568566E-09   C   5.797192E-07  LZ-0.00 0.0  0.0
0                    35  X  -6.791843E-07  XY   8.755678E-07   A   1.666667E+05  LX 0.00 0.0  0.0   -5.555556E+04    1.666667E+05
                         Y   1.666667E+05  YZ  -1.475570E-06   B  -5.763432E-07  LY 1.00 0.0  0.0
                         Z  -4.735102E-07  ZX   2.463639E-08   C  -5.763432E-07  LZ-0.00 0.0  0.0
0                    36  X  -5.235333E-07  XY  -1.327679E-06   A   1.666667E+05  LX-0.00 0.0  0.0   -5.555556E+04    1.666667E+05
                         Y   1.666667E+05  YZ  -1.471238E-06   B  -4.904359E-07  LY 1.00 0.0  0.0
                         Z  -4.573449E-07  ZX   1.644844E-08   C  -4.904359E-07  LZ-0.00 0.0  0.0
0                    37  X   6.448017E-07  XY  -2.801080E-07   A   1.666667E+05  LX-0.00 0.0  0.0   -5.555556E+04    1.666667E+05
                         Y   1.666667E+05  YZ   4.201756E-07   B   6.382616E-07  LY 1.00 0.0  0.0
                         Z   6.317259E-07  ZX   8.641564E-09   C   6.382616E-07  LZ 0.00 0.0  0.0
0                    38  X   7.302092E-07  XY   4.563826E-07   A   1.666667E+05  LX 0.00 0.0  0.0   -5.555556E+04    1.666667E+05
                         Y   1.666667E+05  YZ   4.268086E-07   B   7.148847E-07  LY 1.00 0.0  0.0
                         Z   6.995706E-07  ZX  -7.955077E-08   C   7.148847E-07  LZ 0.00 0.0  0.0
0                    39  X  -6.782536E-07  XY   8.953120E-07   A   1.666667E+05  LX 0.00 0.0  0.0   -5.555556E+04    1.666667E+05
                         Y   1.666667E+05  YZ   8.759916E-07   B  -6.696137E-07  LY 1.00 0.0  0.0
                         Z  -6.609780E-07  ZX  -4.442154E-08   C  -6.696137E-07  LZ 0.00 0.0  0.0
0                    40  X  -5.725306E-07  XY  -1.322342E-06   A   1.666667E+05  LX-0.00 0.0  0.0   -5.555556E+04    1.666667E+05
                         Y   1.666667E+05  YZ   8.749157E-07   B  -6.215269E-07  LY 1.00 0.0  0.0
                         Z  -6.705050E-07  ZX   3.315745E-08   C  -6.215269E-07  LZ 0.00 0.0  0.0
0         6           0GRID CS 20 GP
0                CENTER  X  -1.236913E-10  XY  -1.728040E-11   A   1.666667E+05  LX-0.00 0.0  0.0   -5.555556E+04    1.666667E+05
                         Y   7.275958E-12  YZ  -1.455192E-11   B  -6.548362E-11  LY-0.00 0.0  0.0
                         Z   1.666667E+05  ZX  -1.455192E-11   C  -6.548362E-11  LZ 1.00 0.0  0.0
1                                                                              JUNE  20, 2025  MSC Nastran 11/21/24   PAGE    85
                                                                                                                                    
0                                                                                                                                   
 
                      S T R E S S E S   I N   H E X A H E D R O N   S O L I D   E L E M E N T S   ( H E X A )
0                CORNER        ------CENTER AND CORNER POINT STRESSES---------       DIR.  COSINES       MEAN                   
  ELEMENT-ID    GRID-ID        NORMAL              SHEAR             PRINCIPAL       -A-  -B-  -C-     PRESSURE       VON MISES 
0                    41  X  -5.820766E-11  XY   1.580247E-11   A   1.666667E+05  LX-0.00 0.0  0.0   -5.555556E+04    1.666667E+05
                         Y   1.527951E-10  YZ  -7.275958E-12   B   5.093170E-11  LY-0.00 0.0  0.0
                         Z   1.666667E+05  ZX  -9.094947E-12   C   5.093170E-11  LZ 1.00 0.0  0.0
0                    42  X  -1.782610E-10  XY   5.138645E-11   A   1.666667E+05  LX 0.00 0.0  0.0   -5.555556E+04    1.666667E+05
                         Y   1.618901E-10  YZ  -1.055014E-10   B  -1.455192E-11  LY-0.00 0.0  0.0
                         Z   1.666667E+05  ZX   5.093170E-11   C  -1.455192E-11  LZ 1.00 0.0  0.0
0                    43  X   9.094947E-11  XY  -1.176659E-10   A   1.666667E+05  LX-0.00 0.0  0.0   -5.555556E+04    1.666667E+05
                         Y   2.055458E-10  YZ   4.001777E-11   B   1.455192E-10  LY 0.00 0.0  0.0
                         Z   1.666667E+05  ZX  -9.094947E-12   C   1.455192E-10  LZ 1.00 0.0  0.0
0                    44  X  -8.731149E-11  XY   6.059508E-11   A   1.666667E+05  LX-0.00 0.0  0.0   -5.555556E+04    1.666667E+05
                         Y   0.0           YZ   1.455192E-10   B  -4.365575E-11  LY 0.00 0.0  0.0
                         Z   1.666667E+05  ZX  -3.456080E-11   C  -4.365575E-11  LZ 1.00 0.0  0.0
0                    45  X  -5.820766E-11  XY   1.728040E-11   A   1.666667E+05  LX-0.00 0.0  0.0   -5.555556E+04    1.666667E+05
                         Y  -3.055902E-10  YZ  -5.820766E-11   B  -1.818989E-10  LY-0.00 0.0  0.0
                         Z   1.666667E+05  ZX  -2.182787E-11   C  -1.818989E-10  LZ 1.00 0.0  0.0
0                    46  X   8.003553E-11  XY  -2.864908E-11   A   1.666667E+05  LX 0.00 0.0  0.0   -5.555556E+04    1.666667E+05
                         Y  -1.346052E-10  YZ  -4.074536E-10   B  -2.182787E-11  LY-0.00 0.0  0.0
                         Z   1.666667E+05  ZX   1.382432E-10   C  -2.182787E-11  LZ 1.00 0.0  0.0
0                    47  X  -1.309672E-10  XY  -7.958079E-11   A   1.666667E+05  LX 0.00 0.0  0.0   -5.555556E+04    1.666667E+05
                         Y  -2.037268E-10  YZ   2.764864E-10   B  -1.673470E-10  LY 0.00 0.0  0.0
                         Z   1.666667E+05  ZX   6.548362E-11   C  -1.673470E-10  LZ 1.00 0.0  0.0
0                    48  X  -8.731149E-11  XY   8.049028E-11   A   1.666667E+05  LX-0.00 0.0  0.0   -5.555556E+04    1.666667E+05
                         Y  -2.692104E-10  YZ   1.746230E-10   B  -1.818989E-10  LY 0.00 0.0  0.0
                         Z   1.666667E+05  ZX  -1.382432E-10   C  -1.818989E-10  LZ 1.00 0.0  0.0
1                                                                              JUNE  20, 2025  MSC Nastran 11/21/24   PAGE    86
                                                                                                                                    
0                                                                                                                                   
 
                    S T R E S S E S   I N   P E N T A H E D R O N   S O L I D   E L E M E N T S   ( P E N T A )
0                CORNER        ------CENTER AND CORNER POINT STRESSES---------       DIR.  COSINES       MEAN                   
  ELEMENT-ID    GRID-ID        NORMAL              SHEAR             PRINCIPAL       -A-  -B-  -C-     PRESSURE       VON MISES 
0        13           0GRID CS  6 GP
0                CENTER  X   1.666667E+05  XY  -7.165565E-12   A   1.666667E+05  LX 1.00 0.0  0.0   -5.555556E+04    1.666667E+05
                         Y   1.091394E-11  YZ   2.182787E-11   B   7.275958E-12  LY-0.00 0.0  0.0
                         Z   0.0           ZX  -8.123668E-12   C   7.275958E-12  LZ-0.00 0.0  0.0
0                    99  X   1.666667E+05  XY  -1.909939E-11   A   1.666667E+05  LX 1.00 0.0  0.0   -5.555556E+04    1.666667E+05
                         Y   5.456968E-11  YZ   4.001777E-11   B   8.731149E-11  LY-0.00 0.0  0.0
                         Z   1.018634E-10  ZX  -6.548362E-11   C   8.731149E-11  LZ-0.00 0.0  0.0
0                   100  X   1.666667E+05  XY  -1.909939E-11   A   1.666667E+05  LX 1.00 0.0  0.0   -5.555556E+04    1.666667E+05
                         Y   3.574401E-11  YZ   0.0            B   2.910383E-11  LY-0.00 0.0  0.0
                         Z   2.894488E-11  ZX   0.0            C   2.910383E-11  LZ 0.0  0.0  0.0
0                    97  X   1.666667E+05  XY  -1.916117E-11   A   1.666667E+05  LX 1.00 0.0  0.0   -5.555556E+04    1.666667E+05
                         Y   3.637979E-11  YZ   0.0            B   2.910383E-11  LY-0.00 0.0  0.0
                         Z   2.910383E-11  ZX   0.0            C   2.910383E-11  LZ 0.0  0.0  0.0
0                   103  X   1.666667E+05  XY   4.547474E-12   A   1.666667E+05  LX 1.00 0.0  0.0   -5.555556E+04    1.666667E+05
                         Y  -4.273762E-12  YZ   4.365575E-11   B  -7.275958E-12  LY 0.00 0.0  0.0
                         Z  -1.589457E-13  ZX  -3.807521E-11   C  -7.275958E-12  LZ-0.00 0.0  0.0
0                   104  X   1.666667E+05  XY   4.547474E-12   A   1.666667E+05  LX 1.00 0.0  0.0   -5.555556E+04    1.666667E+05
                         Y  -2.182787E-11  YZ   1.455192E-11   B  -5.093170E-11  LY 0.00 0.0  0.0
                         Z  -7.275958E-11  ZX   2.740841E-11   C  -5.093170E-11  LZ 0.00 0.0  0.0
0                   101  X   1.666667E+05  XY   4.485689E-12   A   1.666667E+05  LX 1.00 0.0  0.0   -5.555556E+04    1.666667E+05
                         Y  -2.182787E-11  YZ   1.455192E-11   B  -5.093170E-11  LY 0.00 0.0  0.0
                         Z  -7.275958E-11  ZX   2.740841E-11   C  -5.093170E-11  LZ 0.00 0.0  0.0
0        14           0GRID CS  6 GP
0                CENTER  X  -1.455192E-11  XY   1.412851E-13   A   1.666667E+05  LX 0.00 0.0  0.0   -5.555556E+04    1.666667E+05
                         Y   1.666667E+05  YZ   3.637979E-12   B  -7.275958E-12  LY 1.00 0.0  0.0
                         Z  -5.456968E-12  ZX  -2.030917E-12   C  -7.275958E-12  LZ 0.00 0.0  0.0
0                   107  X  -2.364686E-11  XY  -1.455192E-11   A   1.666667E+05  LX-0.00 0.0  0.0   -5.555556E+04    1.666667E+05
                         Y   1.666667E+05  YZ   4.365575E-11   B  -2.182787E-11  LY 1.00 0.0  0.0
                         Z  -1.818989E-11  ZX   4.547474E-12   C  -2.182787E-11  LZ 0.00 0.0  0.0
0                   108  X  -1.273293E-11  XY  -1.455192E-11   A   1.666667E+05  LX-0.00 0.0  0.0   -5.555556E+04    1.666667E+05
                         Y   1.666667E+05  YZ  -4.365575E-11   B   0.0           LY 1.00 0.0  0.0
                         Z   4.697617E-12  ZX   1.615587E-27   C   0.0           LZ-0.00 0.0  0.0
0                   105  X  -1.273293E-11  XY  -1.433999E-11   A   1.666667E+05  LX-0.00 0.0  0.0   -5.555556E+04    1.666667E+05
                         Y   1.666667E+05  YZ   0.0            B   0.0           LY 1.00 0.0  0.0
                         Z   3.637979E-12  ZX   0.0            C   0.0           LZ 0.0  0.0  0.0
1                                                                              JUNE  20, 2025  MSC Nastran 11/21/24   PAGE    87
                                                                                                                                    
0                                                                                                                                   
 
                    S T R E S S E S   I N   P E N T A H E D R O N   S O L I D   E L E M E N T S   ( P E N T A )
0                CORNER        ------CENTER AND CORNER POINT STRESSES---------       DIR.  COSINES       MEAN                   
  ELEMENT-ID    GRID-ID        NORMAL              SHEAR             PRINCIPAL       -A-  -B-  -C-     PRESSURE       VON MISES 
0                   111  X  -2.000888E-11  XY   1.455192E-11   A   1.666667E+05  LX 0.00 0.0  0.0   -5.555556E+04    1.666667E+05
                         Y   1.666667E+05  YZ   4.365575E-11   B  -2.182787E-11  LY 1.00 0.0  0.0
                         Z  -2.076823E-11  ZX  -2.242845E-12   C  -2.182787E-11  LZ 0.00 0.0  0.0
0                   112  X  -9.094947E-12  XY   1.455192E-11   A   1.666667E+05  LX 0.00 0.0  0.0   -5.555556E+04    1.666667E+05
                         Y   1.666667E+05  YZ  -4.365575E-11   B  -7.275958E-12  LY 1.00 0.0  0.0
                         Z   0.0           ZX  -7.699813E-12   C  -7.275958E-12  LZ-0.00 0.0  0.0
0                   109  X  -9.094947E-12  XY   1.476384E-11   A   1.666667E+05  LX 0.00 0.0  0.0   -5.555556E+04    1.666667E+05
                         Y   1.666667E+05  YZ   3.637979E-12   B  -7.275958E-12  LY 1.00 0.0  0.0
                         Z   0.0           ZX  -7.699813E-12   C  -7.275958E-12  LZ 0.00 0.0  0.0
0        15           0GRID CS  6 GP
0                CENTER  X  -5.093170E-11  XY   4.044117E-12   A   1.666667E+05  LX 0.00 0.0  0.0   -5.555556E+04    1.666667E+05
                         Y  -1.818989E-11  YZ  -1.455192E-11   B  -3.637979E-11  LY-0.00 0.0  0.0
                         Z   1.666667E+05  ZX   1.303321E-11   C  -3.637979E-11  LZ 1.00 0.0  0.0
0                   115  X  -1.455192E-10  XY   1.818989E-11   A   1.666667E+05  LX 0.00 0.0  0.0   -5.555556E+04    1.666667E+05
                         Y  -5.820766E-11  YZ  -2.910383E-11   B  -9.458745E-11  LY-0.00 0.0  0.0
                         Z   1.666667E+05  ZX   3.637979E-11   C  -9.458745E-11  LZ 1.00 0.0  0.0
0                   116  X  -1.455192E-10  XY   1.818989E-11   A   1.666667E+05  LX 0.00 0.0  0.0   -5.555556E+04    1.666667E+05
                         Y  -5.905537E-11  YZ   1.818989E-11   B  -9.458745E-11  LY 0.00 0.0  0.0
                         Z   1.666667E+05  ZX  -1.009742E-27   C  -9.458745E-11  LZ 1.00 0.0  0.0
0                   113  X  -1.455192E-10  XY   1.788961E-11   A   1.666667E+05  LX 0.0  0.0  0.0   -5.555556E+04    1.666667E+05
                         Y  -5.820766E-11  YZ   0.0            B  -9.458745E-11  LY 0.0  0.0  0.0
                         Z   1.666667E+05  ZX   0.0            C  -9.458745E-11  LZ 1.00 0.0  0.0
0                   119  X   1.455192E-11  XY  -9.094947E-12   A   1.666667E+05  LX 0.00 0.0  0.0   -5.555556E+04    1.666667E+05
                         Y   1.370420E-11  YZ  -5.820766E-11   B   1.455192E-11  LY-0.00 0.0  0.0
                         Z   1.666667E+05  ZX   4.061834E-11   C   1.455192E-11  LZ 1.00 0.0  0.0
0                   120  X   1.455192E-11  XY  -9.094947E-12   A   1.666667E+05  LX 0.00 0.0  0.0   -5.555556E+04    1.666667E+05
                         Y   1.455192E-11  YZ   0.0            B   1.455192E-11  LY-0.00 0.0  0.0
                         Z   1.666667E+05  ZX   4.238553E-12   C   1.455192E-11  LZ 1.00 0.0  0.0
0                   117  X   1.455192E-11  XY  -9.395234E-12   A   1.666667E+05  LX 0.00 0.0  0.0   -5.555556E+04    1.666667E+05
                         Y   1.455192E-11  YZ  -2.910383E-11   B   1.455192E-11  LY-0.00 0.0  0.0
                         Z   1.666667E+05  ZX   4.238553E-12   C   1.455192E-11  LZ 1.00 0.0  0.0
0        16           0GRID CS 15 GP
0                CENTER  X   1.666667E+05  XY   2.170208E-07   A   1.666667E+05  LX 1.00 0.0  0.0   -5.555556E+04    1.666667E+05
                         Y   2.095658E-08  YZ   1.257285E-08   B   9.198266E-08  LY 0.00 0.0  0.0
                         Z   1.630033E-07  ZX  -2.458182E-08   C   9.198266E-08  LZ-0.00 0.0  0.0
1                                                                              JUNE  20, 2025  MSC Nastran 11/21/24   PAGE    88
                                                                                                                                    
0                                                                                                                                   
 
                    S T R E S S E S   I N   P E N T A H E D R O N   S O L I D   E L E M E N T S   ( P E N T A )
0                CORNER        ------CENTER AND CORNER POINT STRESSES---------       DIR.  COSINES       MEAN                   
  ELEMENT-ID    GRID-ID        NORMAL              SHEAR             PRINCIPAL       -A-  -B-  -C-     PRESSURE       VON MISES 
0                   123  X   1.666667E+05  XY   5.432994E-07   A   1.666667E+05  LX 1.00 0.0  0.0   -5.555556E+04    1.666667E+05
                         Y   1.743465E-07  YZ   1.362132E-07   B   3.655223E-07  LY 0.00 0.0  0.0
                         Z   5.566981E-07  ZX  -2.082117E-06   C   3.655223E-07  LZ-0.00 0.0  0.0
0                   124  X   1.666667E+05  XY  -5.298352E-08   A   1.666667E+05  LX 1.00 0.0  0.0   -5.555556E+04    1.666667E+05
                         Y   3.681983E-07  YZ  -1.694934E-07   B   9.743017E-07  LY-0.00 0.0  0.0
                         Z   1.580397E-06  ZX   8.620773E-24   C   9.743017E-07  LZ 0.00 0.0  0.0
0                   121  X   1.666667E+05  XY  -4.473804E-09   A   1.666667E+05  LX 1.00 0.0  0.0   -5.555556E+04    1.666667E+05
                         Y   7.282506E-07  YZ   0.0            B   2.441302E-07  LY-0.00 0.0  0.0
                         Z  -2.400047E-07  ZX   0.0            C   2.441302E-07  LZ 0.0  0.0  0.0
0                   127  X   1.666667E+05  XY   4.781785E-07   A   1.666667E+05  LX 1.00 0.0  0.0   -5.555556E+04    1.666667E+05
                         Y   2.032175E-07  YZ  -7.164199E-07   B   2.891247E-07  LY 0.00 0.0  0.0
                         Z   3.750138E-07  ZX   1.678026E-06   C   2.891247E-07  LZ 0.00 0.0  0.0
0                   128  X   1.666667E+05  XY  -1.658194E-09   A   1.666667E+05  LX 1.00 0.0  0.0   -5.555556E+04    1.666667E+05
                         Y   3.903915E-07  YZ  -1.637964E-07   B   6.778646E-07  LY-0.00 0.0  0.0
                         Z   9.653213E-07  ZX   1.066520E-07   C   6.778646E-07  LZ 0.00 0.0  0.0
0                   125  X   1.666667E+05  XY   4.885260E-08   A   1.666667E+05  LX 1.00 0.0  0.0   -5.555556E+04    1.666667E+05
                         Y   1.308061E-06  YZ  -2.527241E-07   B   1.204833E-06  LY 0.00 0.0  0.0
                         Z   1.101610E-06  ZX   2.054730E-07   C   1.204833E-06  LZ 0.00 0.0  0.0
0        17           0GRID CS 15 GP
0                CENTER  X  -2.957522E-07  XY  -1.916959E-07   A   1.666667E+05  LX-0.00 0.0  0.0   -5.555556E+04    1.666667E+05
                         Y   1.666667E+05  YZ  -1.194021E-07   B  -3.256209E-07  LY 1.00 0.0  0.0
                         Z  -3.554960E-07  ZX  -1.742592E-08   C  -3.256209E-07  LZ-0.00 0.0  0.0
0                   131  X  -2.155139E-07  XY   1.501910E-06   A   1.666667E+05  LX 0.00 0.0  0.0   -5.555556E+04    1.666667E+05
                         Y   1.666667E+05  YZ  -2.256129E-06   B  -4.696849E-07  LY 1.00 0.0  0.0
                         Z  -7.238632E-07  ZX   1.275366E-07   C  -4.696849E-07  LZ-0.00 0.0  0.0
0                   132  X  -9.815085E-07  XY  -2.332963E-06   A   1.666667E+05  LX-0.00 0.0  0.0   -5.555556E+04    1.666667E+05
                         Y   1.666667E+05  YZ  -4.704110E-06   B  -7.407580E-07  LY 1.00 0.0  0.0
                         Z  -5.000174E-07  ZX   2.392652E-22   C  -7.407580E-07  LZ-0.00 0.0  0.0
0                   129  X   9.976629E-07  XY  -8.729548E-07   A   1.666667E+05  LX-0.00 0.0  0.0   -5.555556E+04    1.666667E+05
                         Y   1.666667E+05  YZ   0.0            B   7.593189E-07  LY 1.00 0.0  0.0
                         Z   5.209695E-07  ZX   0.0            C   7.593189E-07  LZ 0.0  0.0  0.0
0                   135  X  -4.084868E-07  XY   1.591963E-06   A   1.666667E+05  LX 0.00 0.0  0.0   -5.555556E+04    1.666667E+05
                         Y   1.666667E+05  YZ   9.184732E-07   B  -7.046474E-07  LY 1.00 0.0  0.0
                         Z  -1.000801E-06  ZX   1.124429E-07   C  -7.046474E-07  LZ 0.00 0.0  0.0
0                   136  X  -1.604072E-06  XY  -2.522541E-06   A   1.666667E+05  LX-0.00 0.0  0.0   -5.555556E+04    1.666667E+05
                         Y   1.666667E+05  YZ   2.821835E-06   B  -1.881839E-06  LY 1.00 0.0  0.0
                         Z  -2.159599E-06  ZX   3.050311E-07   C  -1.881839E-06  LZ 0.00 0.0  0.0
1                                                                              JUNE  20, 2025  MSC Nastran 11/21/24   PAGE    89
                                                                                                                                    
0                                                                                                                                   
 
                    S T R E S S E S   I N   P E N T A H E D R O N   S O L I D   E L E M E N T S   ( P E N T A )
0                CORNER        ------CENTER AND CORNER POINT STRESSES---------       DIR.  COSINES       MEAN                   
  ELEMENT-ID    GRID-ID        NORMAL              SHEAR             PRINCIPAL       -A-  -B-  -C-     PRESSURE       VON MISES 
0                   133  X   1.685269E-06  XY  -9.492214E-07   A   1.666667E+05  LX-0.00 0.0  0.0   -5.555556E+04    1.666667E+05
                         Y   1.666667E+05  YZ   3.944331E-07   B   1.751723E-06  LY 1.00 0.0  0.0
                         Z   1.818167E-06  ZX  -1.879198E-07   C   1.751723E-06  LZ 0.00 0.0  0.0
0        18           0GRID CS 15 GP
0                CENTER  X  -3.459456E-06  XY   3.465485E-06   A   1.666667E+05  LX 0.00 0.0  0.0   -5.555556E+04    1.666667E+05
                         Y   2.952052E-06  YZ   1.161866E-05   B  -2.536981E-07  LY 0.00 0.0  0.0
                         Z   1.666667E+05  ZX   2.277552E-05   C  -2.536981E-07  LZ 1.00 0.0  0.0
0                   139  X  -1.362179E-04  XY   1.106913E-05   A   1.666667E+05  LX-0.00 0.0  0.0   -5.555556E+04    1.666667E+05
                         Y  -1.182878E-05  YZ   2.805609E-06   B  -7.402336E-05  LY 0.00 0.0  0.0
                         Z   1.666667E+05  ZX  -3.963942E-08   C  -7.402336E-05  LZ 1.00 0.0  0.0
0                   140  X   1.235010E-05  XY  -3.907753E-06   A   1.666667E+05  LX 0.00 0.0  0.0   -5.555556E+04    1.666667E+05
                         Y   1.728301E-05  YZ  -1.958775E-05   B   1.481656E-05  LY-0.00 0.0  0.0
                         Z   1.666667E+05  ZX   9.962845E-22   C   1.481656E-05  LZ 1.00 0.0  0.0
0                   137  X  -4.486852E-05  XY  -1.291330E-05   A   1.666667E+05  LX 0.0  0.0  0.0   -5.555556E+04    1.666667E+05
                         Y   1.557875E-05  YZ   0.0            B  -1.464488E-05  LY 0.0  0.0  0.0
                         Z   1.666667E+05  ZX   0.0            C  -1.464488E-05  LZ 1.00 0.0  0.0
0                   143  X   6.094259E-05  XY  -7.202873E-07   A   1.666667E+05  LX-0.00 0.0  0.0   -5.555556E+04    1.666667E+05
                         Y  -2.527548E-05  YZ  -2.689275E-05   B   1.783355E-05  LY-0.00 0.0  0.0
                         Z   1.666667E+05  ZX  -7.776331E-05   C   1.783355E-05  LZ 1.00 0.0  0.0
0                   144  X  -1.481584E-05  XY  -1.171499E-05   A   1.666667E+05  LX 0.00 0.0  0.0   -5.555556E+04    1.666667E+05
                         Y  -2.915294E-05  YZ   3.084948E-05   B  -2.198439E-05  LY 0.00 0.0  0.0
                         Z   1.666667E+05  ZX   1.579868E-04   C  -2.198439E-05  LZ 1.00 0.0  0.0
0                   141  X   6.788643E-05  XY  -2.593151E-07   A   1.666667E+05  LX 0.00 0.0  0.0   -5.555556E+04    1.666667E+05
                         Y  -1.243979E-05  YZ  -1.004801E-04   B   2.772332E-05  LY-0.00 0.0  0.0
                         Z   1.666667E+05  ZX   1.546907E-04   C   2.772332E-05  LZ 1.00 0.0  0.0
0        43           0GRID CS  6 GP
0                CENTER  X   1.666667E+05  XY   1.419870E-11   A   1.666667E+05  LX 1.00 0.0  0.0   -5.555556E+04    1.666667E+05
                         Y  -2.546585E-11  YZ  -7.275958E-12   B   0.0           LY 0.00 0.0  0.0
                         Z   1.091394E-11  ZX  -2.256073E-11   C   0.0           LZ-0.00 0.0  0.0
0                    97  X   1.666667E+05  XY   1.455192E-11   A   1.666667E+05  LX 1.00 0.0  0.0   -5.555556E+04    1.666667E+05
                         Y  -5.093170E-11  YZ   0.0            B  -2.182787E-11  LY 0.00 0.0  0.0
                         Z  -1.137300E-11  ZX   0.0            C  -2.182787E-11  LZ 0.0  0.0  0.0
0                    98  X   1.666667E+05  XY   1.455192E-11   A   1.666667E+05  LX 1.00 0.0  0.0   -5.555556E+04    1.666667E+05
                         Y  -1.818989E-11  YZ   0.0            B   3.637979E-11  LY 0.00 0.0  0.0
                         Z   1.018634E-10  ZX  -5.820766E-11   C   3.637979E-11  LZ-0.00 0.0  0.0
1                                                                              JUNE  20, 2025  MSC Nastran 11/21/24   PAGE    90
                                                                                                                                    
0                                                                                                                                   
 
                    S T R E S S E S   I N   P E N T A H E D R O N   S O L I D   E L E M E N T S   ( P E N T A )
0                CORNER        ------CENTER AND CORNER POINT STRESSES---------       DIR.  COSINES       MEAN                   
  ELEMENT-ID    GRID-ID        NORMAL              SHEAR             PRINCIPAL       -A-  -B-  -C-     PRESSURE       VON MISES 
0                    99  X   1.666667E+05  XY   1.539963E-11   A   1.666667E+05  LX 1.00 0.0  0.0   -5.555556E+04    1.666667E+05
                         Y  -3.274181E-11  YZ   4.001777E-11   B   7.275958E-12  LY 0.00 0.0  0.0
                         Z   5.820766E-11  ZX  -6.484784E-11   C   7.275958E-12  LZ-0.00 0.0  0.0
0                   101  X   1.666667E+05  XY   1.328035E-11   A   1.666667E+05  LX 1.00 0.0  0.0   -5.555556E+04    1.666667E+05
                         Y  -2.546585E-11  YZ  -4.365575E-11   B  -5.820766E-11  LY 0.00 0.0  0.0
                         Z  -8.549250E-11  ZX   4.535117E-11   C  -5.820766E-11  LZ 0.00 0.0  0.0
0                   102  X   1.666667E+05  XY   1.328035E-11   A   1.666667E+05  LX 1.00 0.0  0.0   -5.555556E+04    1.666667E+05
                         Y   7.275958E-12  YZ  -4.365575E-11   B   2.182787E-11  LY 0.00 0.0  0.0
                         Z   3.365130E-11  ZX  -1.285649E-11   C   2.182787E-11  LZ-0.00 0.0  0.0
0                   103  X   1.666667E+05  XY   1.412806E-11   A   1.666667E+05  LX 1.00 0.0  0.0   -5.555556E+04    1.666667E+05
                         Y  -7.275958E-12  YZ   0.0            B  -7.275958E-12  LY 0.00 0.0  0.0
                         Z  -1.455192E-11  ZX  -2.677263E-11   C  -7.275958E-12  LZ-0.00 0.0  0.0
0        44           0GRID CS  6 GP
0                CENTER  X  -1.546141E-11  XY   5.673437E-12   A   1.666667E+05  LX 0.00 0.0  0.0   -5.555556E+04    1.666667E+05
                         Y   1.666667E+05  YZ   3.637979E-12   B   0.0           LY 1.00 0.0  0.0
                         Z   3.637979E-12  ZX   3.169944E-12   C   0.0           LZ 0.00 0.0  0.0
0                   105  X  -2.792062E-11  XY   5.456968E-12   A   1.666667E+05  LX 0.00 0.0  0.0   -5.555556E+04    1.666667E+05
                         Y   1.666667E+05  YZ   0.0            B  -1.455192E-11  LY 1.00 0.0  0.0
                         Z   3.320087E-12  ZX   0.0            C  -1.455192E-11  LZ 0.0  0.0  0.0
0                   106  X  -2.728484E-11  XY   5.456968E-12   A   1.666667E+05  LX 0.00 0.0  0.0   -5.555556E+04    1.666667E+05
                         Y   1.666667E+05  YZ   0.0            B  -1.455192E-11  LY 1.00 0.0  0.0
                         Z   3.637979E-12  ZX   4.547474E-12   C  -1.455192E-11  LZ 0.00 0.0  0.0
0                   107  X  -3.819878E-11  XY   5.668896E-12   A   1.666667E+05  LX 0.00 0.0  0.0   -5.555556E+04    1.666667E+05
                         Y   1.666667E+05  YZ   4.365575E-11   B  -2.182787E-11  LY 1.00 0.0  0.0
                         Z  -1.818989E-11  ZX   4.856395E-12   C  -2.182787E-11  LZ 0.00 0.0  0.0
0                   109  X   7.275958E-12  XY   5.748621E-12   A   1.666667E+05  LX 0.00 0.0  0.0   -5.555556E+04    1.666667E+05
                         Y   1.666667E+05  YZ  -1.818989E-11   B   2.182787E-11  LY 1.00 0.0  0.0
                         Z   2.182787E-11  ZX   4.238553E-13   C   2.182787E-11  LZ-0.00 0.0  0.0
0                   110  X   7.275958E-12  XY   5.748621E-12   A   1.666667E+05  LX 0.00 0.0  0.0   -5.555556E+04    1.666667E+05
                         Y   1.666667E+05  YZ  -1.818989E-11   B   2.182787E-11  LY 1.00 0.0  0.0
                         Z   2.182787E-11  ZX   5.880823E-12   C   2.182787E-11  LZ-0.00 0.0  0.0
0                   111  X  -5.456968E-12  XY   5.960549E-12   A   1.666667E+05  LX 0.00 0.0  0.0   -5.555556E+04    1.666667E+05
                         Y   1.666667E+05  YZ   2.910383E-11   B   0.0           LY 1.00 0.0  0.0
                         Z   0.0           ZX   5.280250E-12   C   0.0           LZ 0.00 0.0  0.0
0        45           0GRID CS  6 GP
1                                                                              JUNE  20, 2025  MSC Nastran 11/21/24   PAGE    91
                                                                                                                                    
0                                                                                                                                   
 
                    S T R E S S E S   I N   P E N T A H E D R O N   S O L I D   E L E M E N T S   ( P E N T A )
0                CORNER        ------CENTER AND CORNER POINT STRESSES---------       DIR.  COSINES       MEAN                   
  ELEMENT-ID    GRID-ID        NORMAL              SHEAR             PRINCIPAL       -A-  -B-  -C-     PRESSURE       VON MISES 
0                CENTER  X  -6.548362E-11  XY  -8.830094E-12   A   1.666667E+05  LX 0.00 0.0  0.0   -5.555556E+04    1.666667E+05
                         Y   1.091394E-11  YZ   1.455192E-11   B  -2.910383E-11  LY 0.00 0.0  0.0
                         Z   1.666667E+05  ZX   1.275053E-11   C  -2.910383E-11  LZ 1.00 0.0  0.0
0                   113  X  -1.198062E-10  XY  -1.455192E-11   A   1.666667E+05  LX 0.0  0.0  0.0   -5.555556E+04    1.666667E+05
                         Y   2.910383E-11  YZ   0.0            B  -4.365575E-11  LY 0.0  0.0  0.0
                         Z   1.666667E+05  ZX   0.0            C  -4.365575E-11  LZ 1.00 0.0  0.0
0                   114  X  -1.309672E-10  XY  -1.455192E-11   A   1.666667E+05  LX 0.00 0.0  0.0   -5.555556E+04    1.666667E+05
                         Y   2.182787E-11  YZ   0.0            B  -5.093170E-11  LY-0.00 0.0  0.0
                         Z   1.666667E+05  ZX   2.546585E-11   C  -5.093170E-11  LZ 1.00 0.0  0.0
0                   115  X  -1.164153E-10  XY  -1.667119E-11   A   1.666667E+05  LX 0.00 0.0  0.0   -5.555556E+04    1.666667E+05
                         Y   2.910383E-11  YZ  -2.910383E-11   B  -4.365575E-11  LY-0.00 0.0  0.0
                         Z   1.666667E+05  ZX   3.722750E-11   C  -4.365575E-11  LZ 1.00 0.0  0.0
0                   117  X  -2.182787E-11  XY  -1.695421E-12   A   1.666667E+05  LX-0.00 0.0  0.0   -5.555556E+04    1.666667E+05
                         Y  -7.275958E-12  YZ   5.820766E-11   B  -1.455192E-11  LY 0.00 0.0  0.0
                         Z   1.666667E+05  ZX  -1.879047E-11   C  -1.455192E-11  LZ 1.00 0.0  0.0
0                   118  X  -4.001777E-11  XY  -1.695421E-12   A   1.666667E+05  LX 0.00 0.0  0.0   -5.555556E+04    1.666667E+05
                         Y  -2.182787E-11  YZ   5.820766E-11   B  -2.910383E-11  LY 0.00 0.0  0.0
                         Z   1.666667E+05  ZX   1.031336E-11   C  -2.910383E-11  LZ 1.00 0.0  0.0
0                   119  X  -1.455192E-11  XY  -3.814697E-12   A   1.666667E+05  LX 0.00 0.0  0.0   -5.555556E+04    1.666667E+05
                         Y  -1.455192E-11  YZ   0.0            B  -1.455192E-11  LY-0.00 0.0  0.0
                         Z   1.666667E+05  ZX   2.571299E-11   C  -1.455192E-11  LZ 1.00 0.0  0.0
0        46           0GRID CS 15 GP
0                CENTER  X   1.666667E+05  XY  -1.273075E-07   A   1.666667E+05  LX 1.00 0.0  0.0   -5.555556E+04    1.666667E+05
                         Y  -4.463054E-07  YZ  -3.861351E-08   B  -6.222544E-07  LY-0.00 0.0  0.0
                         Z  -7.982089E-07  ZX  -1.689805E-07   C  -6.222544E-07  LZ-0.00 0.0  0.0
0                   121  X   1.666667E+05  XY  -9.873183E-07   A   1.666667E+05  LX 1.00 0.0  0.0   -5.555556E+04    1.666667E+05
                         Y   1.398235E-06  YZ   0.0            B   1.196531E-06  LY-0.00 0.0  0.0
                         Z   9.948271E-07  ZX   0.0            C   1.196531E-06  LZ 0.0  0.0  0.0
0                   122  X   1.666667E+05  XY  -2.595087E-06   A   1.666667E+05  LX 1.00 0.0  0.0   -5.555556E+04    1.666667E+05
                         Y  -8.149364E-07  YZ   0.0            B   5.659240E-08  LY-0.00 0.0  0.0
                         Z   9.281212E-07  ZX  -3.844616E-06   C   5.659240E-08  LZ-0.00 0.0  0.0
0                   123  X   1.666667E+05  XY   1.575565E-06   A   1.666667E+05  LX 1.00 0.0  0.0   -5.555556E+04    1.666667E+05
                         Y  -5.915354E-08  YZ   1.362132E-07   B  -4.503963E-07  LY 0.00 0.0  0.0
                         Z  -8.416537E-07  ZX  -2.082117E-06   C  -4.503963E-07  LZ-0.00 0.0  0.0
0                   125  X   1.666667E+05  XY  -9.826934E-07   A   1.666667E+05  LX 1.00 0.0  0.0   -5.555556E+04    1.666667E+05
                         Y   2.164903E-06  YZ  -4.188041E-07   B   2.264693E-06  LY-0.00 0.0  0.0
                         Z   2.364472E-06  ZX   2.829610E-07   C   2.264693E-06  LZ 0.00 0.0  0.0
1                                                                              JUNE  20, 2025  MSC Nastran 11/21/24   PAGE    92
                                                                                                                                    
0                                                                                                                                   
 
                    S T R E S S E S   I N   P E N T A H E D R O N   S O L I D   E L E M E N T S   ( P E N T A )
0                CORNER        ------CENTER AND CORNER POINT STRESSES---------       DIR.  COSINES       MEAN                   
  ELEMENT-ID    GRID-ID        NORMAL              SHEAR             PRINCIPAL       -A-  -B-  -C-     PRESSURE       VON MISES 
0                   126  X   1.666667E+05  XY  -2.848802E-06   A   1.666667E+05  LX 1.00 0.0  0.0   -5.555556E+04    1.666667E+05
                         Y  -1.269647E-06  YZ   7.770723E-07   B  -1.040105E-06  LY-0.00 0.0  0.0
                         Z  -8.105562E-07  ZX   2.608644E-06   C  -1.040105E-06  LZ 0.00 0.0  0.0
0                   127  X   1.666667E+05  XY   1.495171E-06   A   1.666667E+05  LX 1.00 0.0  0.0   -5.555556E+04    1.666667E+05
                         Y   4.174563E-08  YZ   2.707685E-07   B  -4.877729E-07  LY 0.00 0.0  0.0
                         Z  -1.017296E-06  ZX   1.217340E-06   C  -4.877729E-07  LZ 0.00 0.0  0.0
0        47           0GRID CS 15 GP
0                CENTER  X   1.498856E-07  XY   2.149064E-07   A   1.666667E+05  LX 0.00 0.0  0.0   -5.555556E+04    1.666667E+05
                         Y   1.666667E+05  YZ  -2.895467E-08   B   2.216184E-07  LY 1.00 0.0  0.0
                         Z   2.933321E-07  ZX  -6.174560E-09   C   2.216184E-07  LZ-0.00 0.0  0.0
0                   129  X   5.302209E-07  XY  -4.697176E-08   A   1.666667E+05  LX-0.00 0.0  0.0   -5.555556E+04    1.666667E+05
                         Y   1.666667E+05  YZ   0.0            B   2.781599E-07  LY 1.00 0.0  0.0
                         Z   2.608431E-08  ZX   0.0            C   2.781599E-07  LZ 0.0  0.0  0.0
0                   130  X   1.689477E-07  XY   1.553690E-08   A   1.666667E+05  LX 0.00 0.0  0.0   -5.555556E+04    1.666667E+05
                         Y   1.666667E+05  YZ   0.0            B   4.543617E-07  LY 1.00 0.0  0.0
                         Z   7.397757E-07  ZX  -4.496178E-08   C   4.543617E-07  LZ-0.00 0.0  0.0
0                   131  X  -7.679773E-08  XY   5.317706E-07   A   1.666667E+05  LX 0.00 0.0  0.0   -5.555556E+04    1.666667E+05
                         Y   1.666667E+05  YZ  -2.256129E-06   B  -1.658118E-07  LY 1.00 0.0  0.0
                         Z  -2.548259E-07  ZX   1.275366E-07   C  -1.658118E-07  LZ-0.00 0.0  0.0
0                   133  X   1.018110E-06  XY   2.598100E-09   A   1.666667E+05  LX 0.00 0.0  0.0   -5.555556E+04    1.666667E+05
                         Y   1.666667E+05  YZ   2.298621E-07   B   1.115448E-06  LY 1.00 0.0  0.0
                         Z   1.212793E-06  ZX  -1.111223E-07   C   1.115448E-06  LZ 0.00 0.0  0.0
0                   134  X   1.795415E-07  XY   2.670880E-08   A   1.666667E+05  LX 0.00 0.0  0.0   -5.555556E+04    1.666667E+05
                         Y   1.666667E+05  YZ   2.968591E-08   B   3.005698E-07  LY 1.00 0.0  0.0
                         Z   4.216054E-07  ZX  -7.936639E-08   C   3.005698E-07  LZ 0.00 0.0  0.0
0                   135  X  -1.762649E-07  XY   5.716720E-07   A   1.666667E+05  LX 0.00 0.0  0.0   -5.555556E+04    1.666667E+05
                         Y   1.666667E+05  YZ   1.578166E-06   B  -3.300884E-07  LY 1.00 0.0  0.0
                         Z  -4.839233E-07  ZX  -1.954249E-07   C  -3.300884E-07  LZ 0.00 0.0  0.0
0        48           0GRID CS 15 GP
0                CENTER  X  -1.041988E-05  XY   5.714694E-06   A   1.666667E+05  LX-0.00 0.0  0.0   -5.555556E+04    1.666667E+05
                         Y   5.433758E-06  YZ  -1.225898E-05   B  -2.493063E-06  LY-0.00 0.0  0.0
                         Z   1.666667E+05  ZX  -1.693443E-05   C  -2.493063E-06  LZ 1.00 0.0  0.0
0                   137  X  -8.578252E-05  XY   1.079031E-05   A   1.666667E+05  LX 0.0  0.0  0.0   -5.555556E+04    1.666667E+05
                         Y  -3.794630E-05  YZ   0.0            B  -6.186440E-05  LY 0.0  0.0  0.0
                         Z   1.666667E+05  ZX   0.0            C  -6.186440E-05  LZ 1.00 0.0  0.0
1                                                                              JUNE  20, 2025  MSC Nastran 11/21/24   PAGE    93
                                                                                                                                    
0                                                                                                                                   
 
                    S T R E S S E S   I N   P E N T A H E D R O N   S O L I D   E L E M E N T S   ( P E N T A )
0                CORNER        ------CENTER AND CORNER POINT STRESSES---------       DIR.  COSINES       MEAN                   
  ELEMENT-ID    GRID-ID        NORMAL              SHEAR             PRINCIPAL       -A-  -B-  -C-     PRESSURE       VON MISES 
0                   138  X  -1.219450E-06  XY   3.007153E-06   A   1.666667E+05  LX-0.00 0.0  0.0   -5.555556E+04    1.666667E+05
                         Y   8.470910E-06  YZ   0.0            B   3.625733E-06  LY-0.00 0.0  0.0
                         Z   1.666667E+05  ZX  -3.621179E-05   C   3.625733E-06  LZ 1.00 0.0  0.0
0                   139  X  -4.082656E-05  XY  -2.287002E-05   A   1.666667E+05  LX-0.00 0.0  0.0   -5.555556E+04    1.666667E+05
                         Y   1.818262E-05  YZ   2.805609E-06   B  -1.132197E-05  LY 0.00 0.0  0.0
                         Z   1.666667E+05  ZX  -3.963942E-08   C  -1.132197E-05  LZ 1.00 0.0  0.0
0                   141  X   6.626339E-05  XY   4.874130E-07   A   1.666667E+05  LX 0.00 0.0  0.0   -5.555556E+04    1.666667E+05
                         Y  -1.370271E-05  YZ  -2.627936E-05   B   2.628034E-05  LY-0.00 0.0  0.0
                         Z   1.666667E+05  ZX   1.200636E-04   C   2.628034E-05  LZ 1.00 0.0  0.0
0                   142  X   4.786927E-05  XY  -2.294529E-05   A   1.666667E+05  LX-0.00 0.0  0.0   -5.555556E+04    1.666667E+05
                         Y  -4.958724E-05  YZ  -1.000986E-05   B  -8.589777E-07  LY-0.00 0.0  0.0
                         Z   1.666667E+05  ZX  -9.735790E-05   C  -8.589777E-07  LZ 1.00 0.0  0.0
0                   143  X   1.012168E-04  XY  -7.108632E-06   A   1.666667E+05  LX-0.00 0.0  0.0   -5.555556E+04    1.666667E+05
                         Y  -4.789713E-05  YZ   8.337482E-05   B   2.665985E-05  LY 0.00 0.0  0.0
                         Z   1.666667E+05  ZX  -1.292215E-04   C   2.665985E-05  LZ 1.00 0.0  0.0
1                                                                              JUNE  20, 2025  MSC Nastran 11/21/24   PAGE    94
                                                                                                                                    
0                                                                                                                                   
 
                   S T R E S S E S   I N    T E T R A H E D R O N   S O L I D   E L E M E N T S   ( C T E T R A )
0                CORNER        ------CENTER AND CORNER POINT STRESSES---------       DIR.  COSINES       MEAN                   
  ELEMENT-ID    GRID-ID        NORMAL              SHEAR             PRINCIPAL       -A-  -B-  -C-     PRESSURE       VON MISES 
0         7           0GRID CS  4 GP
0                CENTER  X   1.666667E+05  XY   5.518752E-12   A   1.666667E+05  LX 1.00 0.0  0.0   -5.555556E+04    1.666667E+05
                         Y  -1.152497E-10  YZ  -1.073722E-11   B  -3.637979E-11  LY 0.00 0.0  0.0
                         Z   2.673029E-11  ZX  -3.637979E-11   C  -3.637979E-11  LZ-0.00 0.0  0.0
0                    54  X   1.666667E+05  XY   5.518752E-12   A   1.666667E+05  LX 1.00 0.0  0.0   -5.555556E+04    1.666667E+05
                         Y  -1.152497E-10  YZ  -1.073722E-11   B  -3.637979E-11  LY 0.00 0.0  0.0
                         Z   2.673029E-11  ZX  -3.637979E-11   C  -3.637979E-11  LZ-0.00 0.0  0.0
0                    55  X   1.666667E+05  XY   5.518752E-12   A   1.666667E+05  LX 1.00 0.0  0.0   -5.555556E+04    1.666667E+05
                         Y  -1.152497E-10  YZ  -1.073722E-11   B  -3.637979E-11  LY 0.00 0.0  0.0
                         Z   2.673029E-11  ZX  -3.637979E-11   C  -3.637979E-11  LZ-0.00 0.0  0.0
0                    51  X   1.666667E+05  XY   5.518752E-12   A   1.666667E+05  LX 1.00 0.0  0.0   -5.555556E+04    1.666667E+05
                         Y  -1.152497E-10  YZ  -1.073722E-11   B  -3.637979E-11  LY 0.00 0.0  0.0
                         Z   2.673029E-11  ZX  -3.637979E-11   C  -3.637979E-11  LZ-0.00 0.0  0.0
0                    56  X   1.666667E+05  XY   5.518752E-12   A   1.666667E+05  LX 1.00 0.0  0.0   -5.555556E+04    1.666667E+05
                         Y  -1.152497E-10  YZ  -1.073722E-11   B  -3.637979E-11  LY 0.00 0.0  0.0
                         Z   2.673029E-11  ZX  -3.637979E-11   C  -3.637979E-11  LZ-0.00 0.0  0.0
0         8           0GRID CS  4 GP
0                CENTER  X  -4.754355E-11  XY   2.889190E-11   A   1.666667E+05  LX 0.00 0.0  0.0   -5.555556E+04    1.666667E+05
                         Y   1.666667E+05  YZ   3.885250E-11   B  -1.455192E-11  LY 1.00 0.0  0.0
                         Z   8.749388E-12  ZX   3.637979E-12   C  -1.455192E-11  LZ 0.00 0.0  0.0
0                    62  X  -4.754355E-11  XY   2.889190E-11   A   1.666667E+05  LX 0.00 0.0  0.0   -5.555556E+04    1.666667E+05
                         Y   1.666667E+05  YZ   3.885250E-11   B  -1.455192E-11  LY 1.00 0.0  0.0
                         Z   8.749388E-12  ZX   3.637979E-12   C  -1.455192E-11  LZ 0.00 0.0  0.0
0                    63  X  -4.754355E-11  XY   2.889190E-11   A   1.666667E+05  LX 0.00 0.0  0.0   -5.555556E+04    1.666667E+05
                         Y   1.666667E+05  YZ   3.885250E-11   B  -1.455192E-11  LY 1.00 0.0  0.0
                         Z   8.749388E-12  ZX   3.637979E-12   C  -1.455192E-11  LZ 0.00 0.0  0.0
0                    59  X  -4.754355E-11  XY   2.889190E-11   A   1.666667E+05  LX 0.00 0.0  0.0   -5.555556E+04    1.666667E+05
                         Y   1.666667E+05  YZ   3.885250E-11   B  -1.455192E-11  LY 1.00 0.0  0.0
                         Z   8.749388E-12  ZX   3.637979E-12   C  -1.455192E-11  LZ 0.00 0.0  0.0
0                    64  X  -4.754355E-11  XY   2.889190E-11   A   1.666667E+05  LX 0.00 0.0  0.0   -5.555556E+04    1.666667E+05
                         Y   1.666667E+05  YZ   3.885250E-11   B  -1.455192E-11  LY 1.00 0.0  0.0
                         Z   8.749388E-12  ZX   3.637979E-12   C  -1.455192E-11  LZ 0.00 0.0  0.0
0         9           0GRID CS  4 GP
0                CENTER  X   1.634028E-10  XY   2.394715E-11   A   1.666667E+05  LX-0.00 0.0  0.0   -5.555556E+04    1.666667E+05
                         Y   4.210251E-11  YZ   4.379658E-11   B   1.018634E-10  LY 0.00 0.0  0.0
                         Z   1.666667E+05  ZX  -4.365575E-11   C   1.018634E-10  LZ 1.00 0.0  0.0
1                                                                              JUNE  20, 2025  MSC Nastran 11/21/24   PAGE    95
                                                                                                                                    
0                                                                                                                                   
 
                   S T R E S S E S   I N    T E T R A H E D R O N   S O L I D   E L E M E N T S   ( C T E T R A )
0                CORNER        ------CENTER AND CORNER POINT STRESSES---------       DIR.  COSINES       MEAN                   
  ELEMENT-ID    GRID-ID        NORMAL              SHEAR             PRINCIPAL       -A-  -B-  -C-     PRESSURE       VON MISES 
0                    70  X   1.634028E-10  XY   2.394715E-11   A   1.666667E+05  LX-0.00 0.0  0.0   -5.555556E+04    1.666667E+05
                         Y   4.210251E-11  YZ   4.379658E-11   B   1.018634E-10  LY 0.00 0.0  0.0
                         Z   1.666667E+05  ZX  -4.365575E-11   C   1.018634E-10  LZ 1.00 0.0  0.0
0                    71  X   1.634028E-10  XY   2.394715E-11   A   1.666667E+05  LX-0.00 0.0  0.0   -5.555556E+04    1.666667E+05
                         Y   4.210251E-11  YZ   4.379658E-11   B   1.018634E-10  LY 0.00 0.0  0.0
                         Z   1.666667E+05  ZX  -4.365575E-11   C   1.018634E-10  LZ 1.00 0.0  0.0
0                    67  X   1.634028E-10  XY   2.394715E-11   A   1.666667E+05  LX-0.00 0.0  0.0   -5.555556E+04    1.666667E+05
                         Y   4.210251E-11  YZ   4.379658E-11   B   1.018634E-10  LY 0.00 0.0  0.0
                         Z   1.666667E+05  ZX  -4.365575E-11   C   1.018634E-10  LZ 1.00 0.0  0.0
0                    72  X   1.634028E-10  XY   2.394715E-11   A   1.666667E+05  LX-0.00 0.0  0.0   -5.555556E+04    1.666667E+05
                         Y   4.210251E-11  YZ   4.379658E-11   B   1.018634E-10  LY 0.00 0.0  0.0
                         Z   1.666667E+05  ZX  -4.365575E-11   C   1.018634E-10  LZ 1.00 0.0  0.0
0        10           0GRID CS 10 GP
0                CENTER  X   1.666667E+05  XY  -3.489591E-05   A   1.666667E+05  LX 1.00 0.0  0.0   -5.555556E+04    1.666667E+05
                         Y   2.549597E-05  YZ   9.400021E-06   B   6.604059E-06  LY-0.00 0.0  0.0
                         Z  -1.228785E-05  ZX   2.887735E-06   C   6.604059E-06  LZ 0.00 0.0  0.0
0                    78  X   1.666667E+05  XY   1.381869E-04   A   1.666667E+05  LX 1.00 0.0  0.0   -5.555556E+04    1.666667E+05
                         Y   9.743354E-05  YZ  -5.185024E-05   B   8.778628E-05  LY 0.00 0.0  0.0
                         Z   7.813902E-05  ZX   4.121043E-05   C   8.778628E-05  LZ 0.00 0.0  0.0
0                    79  X   1.666667E+05  XY  -1.116850E-04   A   1.666667E+05  LX 1.00 0.0  0.0   -5.555556E+04    1.666667E+05
                         Y   8.178634E-05  YZ   2.989848E-05   B   1.113842E-05  LY-0.00 0.0  0.0
                         Z  -5.950951E-05  ZX   2.961048E-05   C   1.113842E-05  LZ 0.00 0.0  0.0
0                    75  X   1.666667E+05  XY  -1.059425E-04   A   1.666667E+05  LX 1.00 0.0  0.0   -5.555556E+04    1.666667E+05
                         Y   1.008271E-04  YZ   7.261440E-05   B   1.835513E-06  LY-0.00 0.0  0.0
                         Z  -9.715613E-05  ZX  -8.411898E-05   C   1.835513E-06  LZ-0.00 0.0  0.0
0                    80  X   1.666667E+05  XY  -6.014293E-05   A   1.666667E+05  LX 1.00 0.0  0.0   -5.555556E+04    1.666667E+05
                         Y  -1.780635E-04  YZ  -1.306221E-05   B  -7.434406E-05  LY-0.00 0.0  0.0
                         Z   2.937537E-05  ZX   2.484909E-05   C  -7.434406E-05  LZ 0.00 0.0  0.0
0        11           0GRID CS 10 GP
0                CENTER  X  -6.999263E-06  XY   1.017458E-05   A   1.666667E+05  LX 0.00 0.0  0.0   -5.555556E+04    1.666667E+05
                         Y   1.666667E+05  YZ  -2.086425E-05   B   8.520095E-06  LY 1.00 0.0  0.0
                         Z   2.403945E-05  ZX  -3.175226E-06   C   8.520095E-06  LZ-0.00 0.0  0.0
0                    86  X   1.857879E-05  XY   3.134480E-05   A   1.666667E+05  LX 0.00 0.0  0.0   -5.555556E+04    1.666667E+05
                         Y   1.666667E+05  YZ  -7.133902E-05   B  -4.233755E-05  LY 1.00 0.0  0.0
                         Z  -1.032539E-04  ZX  -1.113767E-06   C  -4.233755E-05  LZ-0.00 0.0  0.0
1                                                                              JUNE  20, 2025  MSC Nastran 11/21/24   PAGE    96
                                                                                                                                    
0                                                                                                                                   
 
                   S T R E S S E S   I N    T E T R A H E D R O N   S O L I D   E L E M E N T S   ( C T E T R A )
0                CORNER        ------CENTER AND CORNER POINT STRESSES---------       DIR.  COSINES       MEAN                   
  ELEMENT-ID    GRID-ID        NORMAL              SHEAR             PRINCIPAL       -A-  -B-  -C-     PRESSURE       VON MISES 
0                    87  X  -1.310785E-05  XY   8.111794E-06   A   1.666667E+05  LX 0.00 0.0  0.0   -5.555556E+04    1.666667E+05
                         Y   1.666667E+05  YZ  -9.224954E-05   B   3.707282E-05  LY 1.00 0.0  0.0
                         Z   8.725348E-05  ZX   4.996110E-06   C   3.707282E-05  LZ-0.00 0.0  0.0
0                    83  X  -1.219430E-05  XY   3.520228E-05   A   1.666667E+05  LX 0.00 0.0  0.0   -5.555556E+04    1.666667E+05
                         Y   1.666667E+05  YZ   1.505644E-04   B   2.568260E-05  LY 1.00 0.0  0.0
                         Z   6.355949E-05  ZX  -3.071258E-05   C   2.568260E-05  LZ 0.00 0.0  0.0
0                    88  X  -2.127367E-05  XY  -3.396051E-05   A   1.666667E+05  LX-0.00 0.0  0.0   -5.555556E+04    1.666667E+05
                         Y   1.666667E+05  YZ  -7.043301E-05   B   1.366252E-05  LY 1.00 0.0  0.0
                         Z   4.859871E-05  ZX   1.412936E-05   C   1.366252E-05  LZ-0.00 0.0  0.0
0        12           0GRID CS 10 GP
0                CENTER  X  -1.260127E-05  XY   7.821243E-06   A   1.666667E+05  LX 0.00 0.0  0.0   -5.555556E+04    1.666667E+05
                         Y   3.149136E-05  YZ  -3.931276E-05   B   9.445044E-06  LY-0.00 0.0  0.0
                         Z   1.666667E+05  ZX   4.779817E-06   C   9.445044E-06  LZ 1.00 0.0  0.0
0                    94  X   5.499570E-05  XY  -3.902321E-05   A   1.666667E+05  LX 0.00 0.0  0.0   -5.555556E+04    1.666667E+05
                         Y   9.336643E-05  YZ   1.809766E-04   B   7.418107E-05  LY 0.00 0.0  0.0
                         Z   1.666667E+05  ZX   4.171875E-05   C   7.418107E-05  LZ 1.00 0.0  0.0
0                    95  X  -6.523439E-05  XY   2.640622E-05   A   1.666667E+05  LX 0.00 0.0  0.0   -5.555556E+04    1.666667E+05
                         Y   1.093538E-04  YZ  -1.357604E-04   B   2.205969E-05  LY-0.00 0.0  0.0
                         Z   1.666667E+05  ZX   3.882750E-05   C   2.205969E-05  LZ 1.00 0.0  0.0
0                    91  X   4.805109E-05  XY  -2.029952E-05   A   1.666667E+05  LX 0.00 0.0  0.0   -5.555556E+04    1.666667E+05
                         Y  -2.077923E-04  YZ  -6.491945E-05   B  -7.987063E-05  LY-0.00 0.0  0.0
                         Z   1.666667E+05  ZX   3.019633E-05   C  -7.987063E-05  LZ 1.00 0.0  0.0
0                    96  X  -8.821694E-05  XY   6.420141E-05   A   1.666667E+05  LX-0.00 0.0  0.0   -5.555556E+04    1.666667E+05
                         Y   1.310381E-04  YZ  -1.375481E-04   B   2.141056E-05  LY-0.00 0.0  0.0
                         Z   1.666667E+05  ZX  -9.162327E-05   C   2.141056E-05  LZ 1.00 0.0  0.0
0        19           0GRID CS  4 GP
0                CENTER  X   1.666667E+05  XY   7.147259E-11   A   1.666667E+05  LX 1.00 0.0  0.0   -5.555556E+04    1.666667E+05
                         Y  -4.729372E-11  YZ  -2.910383E-11   B   7.275958E-12  LY 0.00 0.0  0.0
                         Z   5.820766E-11  ZX   1.091394E-11   C   7.275958E-12  LZ 0.00 0.0  0.0
0                    49  X   1.666667E+05  XY   7.147259E-11   A   1.666667E+05  LX 1.00 0.0  0.0   -5.555556E+04    1.666667E+05
                         Y  -4.729372E-11  YZ  -2.910383E-11   B   7.275958E-12  LY 0.00 0.0  0.0
                         Z   5.820766E-11  ZX   1.091394E-11   C   7.275958E-12  LZ 0.00 0.0  0.0
0                    54  X   1.666667E+05  XY   7.147259E-11   A   1.666667E+05  LX 1.00 0.0  0.0   -5.555556E+04    1.666667E+05
                         Y  -4.729372E-11  YZ  -2.910383E-11   B   7.275958E-12  LY 0.00 0.0  0.0
                         Z   5.820766E-11  ZX   1.091394E-11   C   7.275958E-12  LZ 0.00 0.0  0.0
1                                                                              JUNE  20, 2025  MSC Nastran 11/21/24   PAGE    97
                                                                                                                                    
0                                                                                                                                   
 
                   S T R E S S E S   I N    T E T R A H E D R O N   S O L I D   E L E M E N T S   ( C T E T R A )
0                CORNER        ------CENTER AND CORNER POINT STRESSES---------       DIR.  COSINES       MEAN                   
  ELEMENT-ID    GRID-ID        NORMAL              SHEAR             PRINCIPAL       -A-  -B-  -C-     PRESSURE       VON MISES 
0                    56  X   1.666667E+05  XY   7.147259E-11   A   1.666667E+05  LX 1.00 0.0  0.0   -5.555556E+04    1.666667E+05
                         Y  -4.729372E-11  YZ  -2.910383E-11   B   7.275958E-12  LY 0.00 0.0  0.0
                         Z   5.820766E-11  ZX   1.091394E-11   C   7.275958E-12  LZ 0.00 0.0  0.0
0                    53  X   1.666667E+05  XY   7.147259E-11   A   1.666667E+05  LX 1.00 0.0  0.0   -5.555556E+04    1.666667E+05
                         Y  -4.729372E-11  YZ  -2.910383E-11   B   7.275958E-12  LY 0.00 0.0  0.0
                         Z   5.820766E-11  ZX   1.091394E-11   C   7.275958E-12  LZ 0.00 0.0  0.0
0        20           0GRID CS  4 GP
0                CENTER  X   1.666667E+05  XY  -1.322695E-11   A   1.666667E+05  LX 1.00 0.0  0.0   -5.555556E+04    1.666667E+05
                         Y  -5.093170E-11  YZ   1.511795E-11   B  -4.365575E-11  LY-0.00 0.0  0.0
                         Z  -2.910383E-11  ZX  -1.425213E-11   C  -4.365575E-11  LZ-0.00 0.0  0.0
0                    49  X   1.666667E+05  XY  -1.322695E-11   A   1.666667E+05  LX 1.00 0.0  0.0   -5.555556E+04    1.666667E+05
                         Y  -5.093170E-11  YZ   1.511795E-11   B  -4.365575E-11  LY-0.00 0.0  0.0
                         Z  -2.910383E-11  ZX  -1.425213E-11   C  -4.365575E-11  LZ-0.00 0.0  0.0
0                    51  X   1.666667E+05  XY  -1.322695E-11   A   1.666667E+05  LX 1.00 0.0  0.0   -5.555556E+04    1.666667E+05
                         Y  -5.093170E-11  YZ   1.511795E-11   B  -4.365575E-11  LY-0.00 0.0  0.0
                         Z  -2.910383E-11  ZX  -1.425213E-11   C  -4.365575E-11  LZ-0.00 0.0  0.0
0                    52  X   1.666667E+05  XY  -1.322695E-11   A   1.666667E+05  LX 1.00 0.0  0.0   -5.555556E+04    1.666667E+05
                         Y  -5.093170E-11  YZ   1.511795E-11   B  -4.365575E-11  LY-0.00 0.0  0.0
                         Z  -2.910383E-11  ZX  -1.425213E-11   C  -4.365575E-11  LZ-0.00 0.0  0.0
0                    56  X   1.666667E+05  XY  -1.322695E-11   A   1.666667E+05  LX 1.00 0.0  0.0   -5.555556E+04    1.666667E+05
                         Y  -5.093170E-11  YZ   1.511795E-11   B  -4.365575E-11  LY-0.00 0.0  0.0
                         Z  -2.910383E-11  ZX  -1.425213E-11   C  -4.365575E-11  LZ-0.00 0.0  0.0
0        21           0GRID CS  4 GP
0                CENTER  X   1.666667E+05  XY   5.456968E-12   A   1.666667E+05  LX 1.00 0.0  0.0   -5.555556E+04    1.666667E+05
                         Y   5.456968E-12  YZ  -2.182787E-11   B   2.910383E-11  LY 0.00 0.0  0.0
                         Z   4.365575E-11  ZX   7.275958E-12   C   2.910383E-11  LZ 0.00 0.0  0.0
0                    49  X   1.666667E+05  XY   5.456968E-12   A   1.666667E+05  LX 1.00 0.0  0.0   -5.555556E+04    1.666667E+05
                         Y   5.456968E-12  YZ  -2.182787E-11   B   2.910383E-11  LY 0.00 0.0  0.0
                         Z   4.365575E-11  ZX   7.275958E-12   C   2.910383E-11  LZ 0.00 0.0  0.0
0                    54  X   1.666667E+05  XY   5.456968E-12   A   1.666667E+05  LX 1.00 0.0  0.0   -5.555556E+04    1.666667E+05
                         Y   5.456968E-12  YZ  -2.182787E-11   B   2.910383E-11  LY 0.00 0.0  0.0
                         Z   4.365575E-11  ZX   7.275958E-12   C   2.910383E-11  LZ 0.00 0.0  0.0
0                    51  X   1.666667E+05  XY   5.456968E-12   A   1.666667E+05  LX 1.00 0.0  0.0   -5.555556E+04    1.666667E+05
                         Y   5.456968E-12  YZ  -2.182787E-11   B   2.910383E-11  LY 0.00 0.0  0.0
                         Z   4.365575E-11  ZX   7.275958E-12   C   2.910383E-11  LZ 0.00 0.0  0.0
1                                                                              JUNE  20, 2025  MSC Nastran 11/21/24   PAGE    98
                                                                                                                                    
0                                                                                                                                   
 
                   S T R E S S E S   I N    T E T R A H E D R O N   S O L I D   E L E M E N T S   ( C T E T R A )
0                CORNER        ------CENTER AND CORNER POINT STRESSES---------       DIR.  COSINES       MEAN                   
  ELEMENT-ID    GRID-ID        NORMAL              SHEAR             PRINCIPAL       -A-  -B-  -C-     PRESSURE       VON MISES 
0                    56  X   1.666667E+05  XY   5.456968E-12   A   1.666667E+05  LX 1.00 0.0  0.0   -5.555556E+04    1.666667E+05
                         Y   5.456968E-12  YZ  -2.182787E-11   B   2.910383E-11  LY 0.00 0.0  0.0
                         Z   4.365575E-11  ZX   7.275958E-12   C   2.910383E-11  LZ 0.00 0.0  0.0
0        22           0GRID CS  4 GP
0                CENTER  X   1.666667E+05  XY   1.156025E-10   A   1.666667E+05  LX 1.00 0.0  0.0   -5.555556E+04    1.666667E+05
                         Y  -3.637979E-12  YZ   8.583069E-12   B  -5.820766E-11  LY 0.00 0.0  0.0
                         Z  -1.018634E-10  ZX   5.213285E-11   C  -5.820766E-11  LZ 0.00 0.0  0.0
0                    49  X   1.666667E+05  XY   1.156025E-10   A   1.666667E+05  LX 1.00 0.0  0.0   -5.555556E+04    1.666667E+05
                         Y  -3.637979E-12  YZ   8.583069E-12   B  -5.820766E-11  LY 0.00 0.0  0.0
                         Z  -1.018634E-10  ZX   5.213285E-11   C  -5.820766E-11  LZ 0.00 0.0  0.0
0                    50  X   1.666667E+05  XY   1.156025E-10   A   1.666667E+05  LX 1.00 0.0  0.0   -5.555556E+04    1.666667E+05
                         Y  -3.637979E-12  YZ   8.583069E-12   B  -5.820766E-11  LY 0.00 0.0  0.0
                         Z  -1.018634E-10  ZX   5.213285E-11   C  -5.820766E-11  LZ 0.00 0.0  0.0
0                    51  X   1.666667E+05  XY   1.156025E-10   A   1.666667E+05  LX 1.00 0.0  0.0   -5.555556E+04    1.666667E+05
                         Y  -3.637979E-12  YZ   8.583069E-12   B  -5.820766E-11  LY 0.00 0.0  0.0
                         Z  -1.018634E-10  ZX   5.213285E-11   C  -5.820766E-11  LZ 0.00 0.0  0.0
0                    54  X   1.666667E+05  XY   1.156025E-10   A   1.666667E+05  LX 1.00 0.0  0.0   -5.555556E+04    1.666667E+05
                         Y  -3.637979E-12  YZ   8.583069E-12   B  -5.820766E-11  LY 0.00 0.0  0.0
                         Z  -1.018634E-10  ZX   5.213285E-11   C  -5.820766E-11  LZ 0.00 0.0  0.0
0        23           0GRID CS  4 GP
0                CENTER  X   2.728484E-11  XY   7.237328E-11   A   1.666667E+05  LX 0.00 0.0  0.0   -5.555556E+04    1.666667E+05
                         Y   1.666667E+05  YZ   3.637979E-12   B   1.455192E-11  LY 1.00 0.0  0.0
                         Z   0.0           ZX  -3.637979E-12   C   1.455192E-11  LZ 0.00 0.0  0.0
0                    57  X   2.728484E-11  XY   7.237328E-11   A   1.666667E+05  LX 0.00 0.0  0.0   -5.555556E+04    1.666667E+05
                         Y   1.666667E+05  YZ   3.637979E-12   B   1.455192E-11  LY 1.00 0.0  0.0
                         Z   0.0           ZX  -3.637979E-12   C   1.455192E-11  LZ 0.00 0.0  0.0
0                    62  X   2.728484E-11  XY   7.237328E-11   A   1.666667E+05  LX 0.00 0.0  0.0   -5.555556E+04    1.666667E+05
                         Y   1.666667E+05  YZ   3.637979E-12   B   1.455192E-11  LY 1.00 0.0  0.0
                         Z   0.0           ZX  -3.637979E-12   C   1.455192E-11  LZ 0.00 0.0  0.0
0                    64  X   2.728484E-11  XY   7.237328E-11   A   1.666667E+05  LX 0.00 0.0  0.0   -5.555556E+04    1.666667E+05
                         Y   1.666667E+05  YZ   3.637979E-12   B   1.455192E-11  LY 1.00 0.0  0.0
                         Z   0.0           ZX  -3.637979E-12   C   1.455192E-11  LZ 0.00 0.0  0.0
0                    61  X   2.728484E-11  XY   7.237328E-11   A   1.666667E+05  LX 0.00 0.0  0.0   -5.555556E+04    1.666667E+05
                         Y   1.666667E+05  YZ   3.637979E-12   B   1.455192E-11  LY 1.00 0.0  0.0
                         Z   0.0           ZX  -3.637979E-12   C   1.455192E-11  LZ 0.00 0.0  0.0
0        24           0GRID CS  4 GP
1                                                                              JUNE  20, 2025  MSC Nastran 11/21/24   PAGE    99
                                                                                                                                    
0                                                                                                                                   
 
                   S T R E S S E S   I N    T E T R A H E D R O N   S O L I D   E L E M E N T S   ( C T E T R A )
0                CORNER        ------CENTER AND CORNER POINT STRESSES---------       DIR.  COSINES       MEAN                   
  ELEMENT-ID    GRID-ID        NORMAL              SHEAR             PRINCIPAL       -A-  -B-  -C-     PRESSURE       VON MISES 
0                CENTER  X  -4.001777E-11  XY  -1.465788E-11   A   1.666667E+05  LX-0.00 0.0  0.0   -5.555556E+04    1.666667E+05
                         Y   1.666667E+05  YZ  -3.623828E-11   B  -2.182787E-11  LY 1.00 0.0  0.0
                         Z  -1.091394E-11  ZX  -5.616082E-12   C  -2.182787E-11  LZ-0.00 0.0  0.0
0                    57  X  -4.001777E-11  XY  -1.465788E-11   A   1.666667E+05  LX-0.00 0.0  0.0   -5.555556E+04    1.666667E+05
                         Y   1.666667E+05  YZ  -3.623828E-11   B  -2.182787E-11  LY 1.00 0.0  0.0
                         Z  -1.091394E-11  ZX  -5.616082E-12   C  -2.182787E-11  LZ-0.00 0.0  0.0
0                    59  X  -4.001777E-11  XY  -1.465788E-11   A   1.666667E+05  LX-0.00 0.0  0.0   -5.555556E+04    1.666667E+05
                         Y   1.666667E+05  YZ  -3.623828E-11   B  -2.182787E-11  LY 1.00 0.0  0.0
                         Z  -1.091394E-11  ZX  -5.616082E-12   C  -2.182787E-11  LZ-0.00 0.0  0.0
0                    60  X  -4.001777E-11  XY  -1.465788E-11   A   1.666667E+05  LX-0.00 0.0  0.0   -5.555556E+04    1.666667E+05
                         Y   1.666667E+05  YZ  -3.623828E-11   B  -2.182787E-11  LY 1.00 0.0  0.0
                         Z  -1.091394E-11  ZX  -5.616082E-12   C  -2.182787E-11  LZ-0.00 0.0  0.0
0                    64  X  -4.001777E-11  XY  -1.465788E-11   A   1.666667E+05  LX-0.00 0.0  0.0   -5.555556E+04    1.666667E+05
                         Y   1.666667E+05  YZ  -3.623828E-11   B  -2.182787E-11  LY 1.00 0.0  0.0
                         Z  -1.091394E-11  ZX  -5.616082E-12   C  -2.182787E-11  LZ-0.00 0.0  0.0
0        25           0GRID CS  4 GP
0                CENTER  X  -1.728040E-11  XY   0.0            A   1.666667E+05  LX 0.0  0.0  0.0   -5.555556E+04    1.666667E+05
                         Y   1.666667E+05  YZ   0.0            B   0.0           LY 1.00 0.0  0.0
                         Z   5.456968E-12  ZX  -1.364242E-12   C   0.0           LZ 0.0  0.0  0.0
0                    57  X  -1.728040E-11  XY   0.0            A   1.666667E+05  LX 0.0  0.0  0.0   -5.555556E+04    1.666667E+05
                         Y   1.666667E+05  YZ   0.0            B   0.0           LY 1.00 0.0  0.0
                         Z   5.456968E-12  ZX  -1.364242E-12   C   0.0           LZ 0.0  0.0  0.0
0                    62  X  -1.728040E-11  XY   0.0            A   1.666667E+05  LX 0.0  0.0  0.0   -5.555556E+04    1.666667E+05
                         Y   1.666667E+05  YZ   0.0            B   0.0           LY 1.00 0.0  0.0
                         Z   5.456968E-12  ZX  -1.364242E-12   C   0.0           LZ 0.0  0.0  0.0
0                    59  X  -1.728040E-11  XY   0.0            A   1.666667E+05  LX 0.0  0.0  0.0   -5.555556E+04    1.666667E+05
                         Y   1.666667E+05  YZ   0.0            B   0.0           LY 1.00 0.0  0.0
                         Z   5.456968E-12  ZX  -1.364242E-12   C   0.0           LZ 0.0  0.0  0.0
0                    64  X  -1.728040E-11  XY   0.0            A   1.666667E+05  LX 0.0  0.0  0.0   -5.555556E+04    1.666667E+05
                         Y   1.666667E+05  YZ   0.0            B   0.0           LY 1.00 0.0  0.0
                         Z   5.456968E-12  ZX  -1.364242E-12   C   0.0           LZ 0.0  0.0  0.0
0        26           0GRID CS  4 GP
0                CENTER  X   2.546585E-11  XY   8.335428E-12   A   1.666667E+05  LX 0.00 0.0  0.0   -5.555556E+04    1.666667E+05
                         Y   1.666667E+05  YZ   7.920795E-12   B   7.275958E-12  LY 1.00 0.0  0.0
                         Z  -1.455192E-11  ZX  -1.518703E-12   C   7.275958E-12  LZ 0.00 0.0  0.0
1                                                                              JUNE  20, 2025  MSC Nastran 11/21/24   PAGE   100
                                                                                                                                    
0                                                                                                                                   
 
                   S T R E S S E S   I N    T E T R A H E D R O N   S O L I D   E L E M E N T S   ( C T E T R A )
0                CORNER        ------CENTER AND CORNER POINT STRESSES---------       DIR.  COSINES       MEAN                   
  ELEMENT-ID    GRID-ID        NORMAL              SHEAR             PRINCIPAL       -A-  -B-  -C-     PRESSURE       VON MISES 
0                    57  X   2.546585E-11  XY   8.335428E-12   A   1.666667E+05  LX 0.00 0.0  0.0   -5.555556E+04    1.666667E+05
                         Y   1.666667E+05  YZ   7.920795E-12   B   7.275958E-12  LY 1.00 0.0  0.0
                         Z  -1.455192E-11  ZX  -1.518703E-12   C   7.275958E-12  LZ 0.00 0.0  0.0
0                    58  X   2.546585E-11  XY   8.335428E-12   A   1.666667E+05  LX 0.00 0.0  0.0   -5.555556E+04    1.666667E+05
                         Y   1.666667E+05  YZ   7.920795E-12   B   7.275958E-12  LY 1.00 0.0  0.0
                         Z  -1.455192E-11  ZX  -1.518703E-12   C   7.275958E-12  LZ 0.00 0.0  0.0
0                    59  X   2.546585E-11  XY   8.335428E-12   A   1.666667E+05  LX 0.00 0.0  0.0   -5.555556E+04    1.666667E+05
                         Y   1.666667E+05  YZ   7.920795E-12   B   7.275958E-12  LY 1.00 0.0  0.0
                         Z  -1.455192E-11  ZX  -1.518703E-12   C   7.275958E-12  LZ 0.00 0.0  0.0
0                    62  X   2.546585E-11  XY   8.335428E-12   A   1.666667E+05  LX 0.00 0.0  0.0   -5.555556E+04    1.666667E+05
                         Y   1.666667E+05  YZ   7.920795E-12   B   7.275958E-12  LY 1.00 0.0  0.0
                         Z  -1.455192E-11  ZX  -1.518703E-12   C   7.275958E-12  LZ 0.00 0.0  0.0
0        27           0GRID CS  4 GP
0                CENTER  X   2.910383E-11  XY  -1.165602E-11   A   1.666667E+05  LX 0.00 0.0  0.0   -5.555556E+04    1.666667E+05
                         Y   4.365575E-11  YZ   5.820766E-11   B   3.637979E-11  LY 0.00 0.0  0.0
                         Z   1.666667E+05  ZX   4.365575E-11   C   3.637979E-11  LZ 1.00 0.0  0.0
0                    65  X   2.910383E-11  XY  -1.165602E-11   A   1.666667E+05  LX 0.00 0.0  0.0   -5.555556E+04    1.666667E+05
                         Y   4.365575E-11  YZ   5.820766E-11   B   3.637979E-11  LY 0.00 0.0  0.0
                         Z   1.666667E+05  ZX   4.365575E-11   C   3.637979E-11  LZ 1.00 0.0  0.0
0                    70  X   2.910383E-11  XY  -1.165602E-11   A   1.666667E+05  LX 0.00 0.0  0.0   -5.555556E+04    1.666667E+05
                         Y   4.365575E-11  YZ   5.820766E-11   B   3.637979E-11  LY 0.00 0.0  0.0
                         Z   1.666667E+05  ZX   4.365575E-11   C   3.637979E-11  LZ 1.00 0.0  0.0
0                    72  X   2.910383E-11  XY  -1.165602E-11   A   1.666667E+05  LX 0.00 0.0  0.0   -5.555556E+04    1.666667E+05
                         Y   4.365575E-11  YZ   5.820766E-11   B   3.637979E-11  LY 0.00 0.0  0.0
                         Z   1.666667E+05  ZX   4.365575E-11   C   3.637979E-11  LZ 1.00 0.0  0.0
0                    69  X   2.910383E-11  XY  -1.165602E-11   A   1.666667E+05  LX 0.00 0.0  0.0   -5.555556E+04    1.666667E+05
                         Y   4.365575E-11  YZ   5.820766E-11   B   3.637979E-11  LY 0.00 0.0  0.0
                         Z   1.666667E+05  ZX   4.365575E-11   C   3.637979E-11  LZ 1.00 0.0  0.0
0        28           0GRID CS  4 GP
0                CENTER  X   8.731149E-11  XY  -6.182119E-12   A   1.666667E+05  LX-0.00 0.0  0.0   -5.555556E+04    1.666667E+05
                         Y   7.275958E-11  YZ  -2.688094E-11   B   8.731149E-11  LY-0.00 0.0  0.0
                         Z   1.666667E+05  ZX  -2.521939E-11   C   8.731149E-11  LZ 1.00 0.0  0.0
0                    65  X   8.731149E-11  XY  -6.182119E-12   A   1.666667E+05  LX-0.00 0.0  0.0   -5.555556E+04    1.666667E+05
                         Y   7.275958E-11  YZ  -2.688094E-11   B   8.731149E-11  LY-0.00 0.0  0.0
                         Z   1.666667E+05  ZX  -2.521939E-11   C   8.731149E-11  LZ 1.00 0.0  0.0
1                                                                              JUNE  20, 2025  MSC Nastran 11/21/24   PAGE   101
                                                                                                                                    
0                                                                                                                                   
 
                   S T R E S S E S   I N    T E T R A H E D R O N   S O L I D   E L E M E N T S   ( C T E T R A )
0                CORNER        ------CENTER AND CORNER POINT STRESSES---------       DIR.  COSINES       MEAN                   
  ELEMENT-ID    GRID-ID        NORMAL              SHEAR             PRINCIPAL       -A-  -B-  -C-     PRESSURE       VON MISES 
0                    67  X   8.731149E-11  XY  -6.182119E-12   A   1.666667E+05  LX-0.00 0.0  0.0   -5.555556E+04    1.666667E+05
                         Y   7.275958E-11  YZ  -2.688094E-11   B   8.731149E-11  LY-0.00 0.0  0.0
                         Z   1.666667E+05  ZX  -2.521939E-11   C   8.731149E-11  LZ 1.00 0.0  0.0
0                    68  X   8.731149E-11  XY  -6.182119E-12   A   1.666667E+05  LX-0.00 0.0  0.0   -5.555556E+04    1.666667E+05
                         Y   7.275958E-11  YZ  -2.688094E-11   B   8.731149E-11  LY-0.00 0.0  0.0
                         Z   1.666667E+05  ZX  -2.521939E-11   C   8.731149E-11  LZ 1.00 0.0  0.0
0                    72  X   8.731149E-11  XY  -6.182119E-12   A   1.666667E+05  LX-0.00 0.0  0.0   -5.555556E+04    1.666667E+05
                         Y   7.275958E-11  YZ  -2.688094E-11   B   8.731149E-11  LY-0.00 0.0  0.0
                         Z   1.666667E+05  ZX  -2.521939E-11   C   8.731149E-11  LZ 1.00 0.0  0.0
0        29           0GRID CS  4 GP
0                CENTER  X  -2.182787E-11  XY  -2.091838E-11   A   1.666667E+05  LX-0.00 0.0  0.0   -5.555556E+04    1.666667E+05
                         Y  -7.275958E-12  YZ   4.365575E-11   B  -1.455192E-11  LY 0.00 0.0  0.0
                         Z   1.666667E+05  ZX  -7.275958E-12   C  -1.455192E-11  LZ 1.00 0.0  0.0
0                    65  X  -2.182787E-11  XY  -2.091838E-11   A   1.666667E+05  LX-0.00 0.0  0.0   -5.555556E+04    1.666667E+05
                         Y  -7.275958E-12  YZ   4.365575E-11   B  -1.455192E-11  LY 0.00 0.0  0.0
                         Z   1.666667E+05  ZX  -7.275958E-12   C  -1.455192E-11  LZ 1.00 0.0  0.0
0                    70  X  -2.182787E-11  XY  -2.091838E-11   A   1.666667E+05  LX-0.00 0.0  0.0   -5.555556E+04    1.666667E+05
                         Y  -7.275958E-12  YZ   4.365575E-11   B  -1.455192E-11  LY 0.00 0.0  0.0
                         Z   1.666667E+05  ZX  -7.275958E-12   C  -1.455192E-11  LZ 1.00 0.0  0.0
0                    67  X  -2.182787E-11  XY  -2.091838E-11   A   1.666667E+05  LX-0.00 0.0  0.0   -5.555556E+04    1.666667E+05
                         Y  -7.275958E-12  YZ   4.365575E-11   B  -1.455192E-11  LY 0.00 0.0  0.0
                         Z   1.666667E+05  ZX  -7.275958E-12   C  -1.455192E-11  LZ 1.00 0.0  0.0
0                    72  X  -2.182787E-11  XY  -2.091838E-11   A   1.666667E+05  LX-0.00 0.0  0.0   -5.555556E+04    1.666667E+05
                         Y  -7.275958E-12  YZ   4.365575E-11   B  -1.455192E-11  LY 0.00 0.0  0.0
                         Z   1.666667E+05  ZX  -7.275958E-12   C  -1.455192E-11  LZ 1.00 0.0  0.0
0        30           0GRID CS  4 GP
0                CENTER  X   7.275958E-11  XY  -2.394580E-11   A   1.666667E+05  LX-0.00 0.0  0.0   -5.555556E+04    1.666667E+05
                         Y  -1.455192E-11  YZ  -2.606710E-11   B   2.910383E-11  LY-0.00 0.0  0.0
                         Z   1.666667E+05  ZX  -1.027883E-11   C   2.910383E-11  LZ 1.00 0.0  0.0
0                    65  X   7.275958E-11  XY  -2.394580E-11   A   1.666667E+05  LX-0.00 0.0  0.0   -5.555556E+04    1.666667E+05
                         Y  -1.455192E-11  YZ  -2.606710E-11   B   2.910383E-11  LY-0.00 0.0  0.0
                         Z   1.666667E+05  ZX  -1.027883E-11   C   2.910383E-11  LZ 1.00 0.0  0.0
0                    66  X   7.275958E-11  XY  -2.394580E-11   A   1.666667E+05  LX-0.00 0.0  0.0   -5.555556E+04    1.666667E+05
                         Y  -1.455192E-11  YZ  -2.606710E-11   B   2.910383E-11  LY-0.00 0.0  0.0
                         Z   1.666667E+05  ZX  -1.027883E-11   C   2.910383E-11  LZ 1.00 0.0  0.0
1                                                                              JUNE  20, 2025  MSC Nastran 11/21/24   PAGE   102
                                                                                                                                    
0                                                                                                                                   
 
                   S T R E S S E S   I N    T E T R A H E D R O N   S O L I D   E L E M E N T S   ( C T E T R A )
0                CORNER        ------CENTER AND CORNER POINT STRESSES---------       DIR.  COSINES       MEAN                   
  ELEMENT-ID    GRID-ID        NORMAL              SHEAR             PRINCIPAL       -A-  -B-  -C-     PRESSURE       VON MISES 
0                    67  X   7.275958E-11  XY  -2.394580E-11   A   1.666667E+05  LX-0.00 0.0  0.0   -5.555556E+04    1.666667E+05
                         Y  -1.455192E-11  YZ  -2.606710E-11   B   2.910383E-11  LY-0.00 0.0  0.0
                         Z   1.666667E+05  ZX  -1.027883E-11   C   2.910383E-11  LZ 1.00 0.0  0.0
0                    70  X   7.275958E-11  XY  -2.394580E-11   A   1.666667E+05  LX-0.00 0.0  0.0   -5.555556E+04    1.666667E+05
                         Y  -1.455192E-11  YZ  -2.606710E-11   B   2.910383E-11  LY-0.00 0.0  0.0
                         Z   1.666667E+05  ZX  -1.027883E-11   C   2.910383E-11  LZ 1.00 0.0  0.0
0        31           0GRID CS 10 GP
0                CENTER  X   1.666667E+05  XY   2.487115E-06   A   1.666667E+05  LX 1.00 0.0  0.0   -5.555556E+04    1.666667E+05
                         Y  -1.819525E-05  YZ  -1.592101E-06   B  -9.460440E-06  LY 0.00 0.0  0.0
                         Z  -7.256313E-07  ZX   8.665556E-07   C  -9.460440E-06  LZ 0.00 0.0  0.0
0                    73  X   1.666667E+05  XY   6.133883E-11   A   1.666667E+05  LX 1.00 0.0  0.0   -5.555556E+04    1.666667E+05
                         Y  -1.129993E-05  YZ  -1.054826E-05   B  -1.174566E-05  LY 0.00 0.0  0.0
                         Z  -1.219139E-05  ZX   2.356471E-06   C  -1.174566E-05  LZ 0.00 0.0  0.0
0                    78  X   1.666667E+05  XY   6.076238E-06   A   1.666667E+05  LX 1.00 0.0  0.0   -5.555556E+04    1.666667E+05
                         Y  -1.267500E-05  YZ  -1.408710E-05   B  -1.033725E-05  LY 0.00 0.0  0.0
                         Z  -7.999498E-06  ZX   8.866657E-06   C  -1.033725E-05  LZ 0.00 0.0  0.0
0                    80  X   1.666667E+05  XY   3.871980E-06   A   1.666667E+05  LX 1.00 0.0  0.0   -5.555556E+04    1.666667E+05
                         Y  -2.515860E-05  YZ   1.867732E-05   B  -3.386158E-06  LY 0.00 0.0  0.0
                         Z   1.838629E-05  ZX  -7.069655E-06   C  -3.386158E-06  LZ-0.00 0.0  0.0
0                    77  X   1.666667E+05  XY   7.872698E-11   A   1.666667E+05  LX 1.00 0.0  0.0   -5.555556E+04    1.666667E+05
                         Y  -2.364723E-05  YZ  -4.103058E-07   B  -1.237247E-05  LY 0.00 0.0  0.0
                         Z  -1.097714E-06  ZX  -6.872483E-07   C  -1.237247E-05  LZ-0.00 0.0  0.0
0        32           0GRID CS 10 GP
0                CENTER  X   1.666667E+05  XY  -6.323774E-06   A   1.666667E+05  LX 1.00 0.0  0.0   -5.555556E+04    1.666667E+05
                         Y  -9.980381E-06  YZ  -3.656605E-06   B  -7.347633E-06  LY-0.00 0.0  0.0
                         Z  -4.714891E-06  ZX  -6.196442E-06   C  -7.347633E-06  LZ-0.00 0.0  0.0
0                    73  X   1.666667E+05  XY  -2.298048E-06   A   1.666667E+05  LX 1.00 0.0  0.0   -5.555556E+04    1.666667E+05
                         Y  -2.235409E-05  YZ   1.627516E-05   B  -2.380621E-06  LY-0.00 0.0  0.0
                         Z   1.759285E-05  ZX  -2.577421E-11   C  -2.380621E-06  LZ-0.00 0.0  0.0
0                    75  X   1.666667E+05  XY  -4.582246E-06   A   1.666667E+05  LX 1.00 0.0  0.0   -5.555556E+04    1.666667E+05
                         Y   3.664248E-06  YZ  -1.893353E-05   B  -9.386276E-06  LY-0.00 0.0  0.0
                         Z  -2.243681E-05  ZX  -1.592705E-05   C  -9.386276E-06  LZ-0.00 0.0  0.0
0                    76  X   1.666667E+05  XY  -1.884884E-06   A   1.666667E+05  LX 1.00 0.0  0.0   -5.555556E+04    1.666667E+05
                         Y   3.589899E-06  YZ   5.474861E-06   B  -2.102752E-06  LY-0.00 0.0  0.0
                         Z  -7.795403E-06  ZX   9.389877E-12   C  -2.102752E-06  LZ 0.00 0.0  0.0
1                                                                              JUNE  20, 2025  MSC Nastran 11/21/24   PAGE   103
                                                                                                                                    
0                                                                                                                                   
 
                   S T R E S S E S   I N    T E T R A H E D R O N   S O L I D   E L E M E N T S   ( C T E T R A )
0                CORNER        ------CENTER AND CORNER POINT STRESSES---------       DIR.  COSINES       MEAN                   
  ELEMENT-ID    GRID-ID        NORMAL              SHEAR             PRINCIPAL       -A-  -B-  -C-     PRESSURE       VON MISES 
0                    80  X   1.666667E+05  XY  -1.652992E-05   A   1.666667E+05  LX 1.00 0.0  0.0   -5.555556E+04    1.666667E+05
                         Y  -2.482148E-05  YZ  -1.744286E-05   B  -1.552076E-05  LY-0.00 0.0  0.0
                         Z  -6.220042E-06  ZX  -8.858733E-06   C  -1.552076E-05  LZ-0.00 0.0  0.0
0        33           0GRID CS 10 GP
0                CENTER  X   1.666667E+05  XY   1.329784E-06   A   1.666667E+05  LX 1.00 0.0  0.0   -5.555556E+04    1.666667E+05
                         Y  -7.763903E-06  YZ  -3.950387E-06   B   2.349487E-06  LY 0.00 0.0  0.0
                         Z   1.246287E-05  ZX  -6.823052E-07   C   2.349487E-06  LZ-0.00 0.0  0.0
0                    73  X   1.666667E+05  XY   1.395191E-05   A   1.666667E+05  LX 1.00 0.0  0.0   -5.555556E+04    1.666667E+05
                         Y  -1.996162E-05  YZ   2.253708E-06   B  -7.304632E-06  LY 0.00 0.0  0.0
                         Z   5.352345E-06  ZX  -1.190320E-05   C  -7.304632E-06  LZ-0.00 0.0  0.0
0                    78  X   1.666667E+05  XY   4.883521E-05   A   1.666667E+05  LX 1.00 0.0  0.0   -5.555556E+04    1.666667E+05
                         Y   4.324391E-05  YZ  -1.759185E-05   B   3.090587E-05  LY 0.00 0.0  0.0
                         Z   1.856783E-05  ZX  -8.713414E-06   C   3.090587E-05  LZ-0.00 0.0  0.0
0                    75  X   1.666667E+05  XY  -3.009068E-05   A   1.666667E+05  LX 1.00 0.0  0.0   -5.555556E+04    1.666667E+05
                         Y   6.282829E-06  YZ  -1.616542E-05   B   1.501766E-05  LY-0.00 0.0  0.0
                         Z   2.375248E-05  ZX   1.239856E-05   C   1.501766E-05  LZ 0.00 0.0  0.0
0                    80  X   1.666667E+05  XY  -2.737726E-05   A   1.666667E+05  LX 1.00 0.0  0.0   -5.555556E+04    1.666667E+05
                         Y  -6.062074E-05  YZ   1.570204E-05   B  -2.922101E-05  LY-0.00 0.0  0.0
                         Z   2.178727E-06  ZX   5.488881E-06   C  -2.922101E-05  LZ 0.00 0.0  0.0
0        34           0GRID CS 10 GP
0                CENTER  X   1.666667E+05  XY   5.291126E-05   A   1.666667E+05  LX 1.00 0.0  0.0   -5.555556E+04    1.666667E+05
                         Y   1.820754E-05  YZ   7.086725E-06   B   5.505019E-06  LY 0.00 0.0  0.0
                         Z  -7.197494E-06  ZX  -7.478080E-06   C   5.505019E-06  LZ-0.00 0.0  0.0
0                    73  X   1.666667E+05  XY   1.286539E-05   A   1.666667E+05  LX 1.00 0.0  0.0   -5.555556E+04    1.666667E+05
                         Y  -3.354688E-05  YZ   2.777450E-11   B  -6.327718E-06  LY 0.00 0.0  0.0
                         Z   2.089145E-05  ZX  -2.107898E-05   C  -6.327718E-06  LZ-0.00 0.0  0.0
0                    74  X   1.666667E+05  XY   1.490143E-04   A   1.666667E+05  LX 1.00 0.0  0.0   -5.555556E+04    1.666667E+05
                         Y   9.023333E-06  YZ   3.525016E-11   B  -3.445376E-05  LY 0.00 0.0  0.0
                         Z  -7.793086E-05  ZX  -3.949538E-05   C  -3.445376E-05  LZ-0.00 0.0  0.0
0                    75  X   1.666667E+05  XY  -1.003848E-04   A   1.666667E+05  LX 1.00 0.0  0.0   -5.555556E+04    1.666667E+05
                         Y   8.483877E-05  YZ   7.098667E-06   B   1.006257E-04  LY-0.00 0.0  0.0
                         Z   1.164126E-04  ZX  -3.861207E-05   C   1.006257E-04  LZ-0.00 0.0  0.0
0                    78  X   1.666667E+05  XY   1.501502E-04   A   1.666667E+05  LX 1.00 0.0  0.0   -5.555556E+04    1.666667E+05
                         Y   1.251499E-05  YZ   2.124815E-05   B  -3.782416E-05  LY 0.00 0.0  0.0
                         Z  -8.816333E-05  ZX   6.927425E-05   C  -3.782416E-05  LZ 0.00 0.0  0.0
0        35           0GRID CS 10 GP
1                                                                              JUNE  20, 2025  MSC Nastran 11/21/24   PAGE   104
                                                                                                                                    
0                                                                                                                                   
 
                   S T R E S S E S   I N    T E T R A H E D R O N   S O L I D   E L E M E N T S   ( C T E T R A )
0                CORNER        ------CENTER AND CORNER POINT STRESSES---------       DIR.  COSINES       MEAN                   
  ELEMENT-ID    GRID-ID        NORMAL              SHEAR             PRINCIPAL       -A-  -B-  -C-     PRESSURE       VON MISES 
0                CENTER  X  -1.303239E-06  XY  -8.013170E-07   A   1.666667E+05  LX-0.00 0.0  0.0   -5.555556E+04    1.666667E+05
                         Y   1.666667E+05  YZ  -1.330766E-05   B  -6.522001E-06  LY 1.00 0.0  0.0
                         Z  -1.174076E-05  ZX   1.566917E-06   C  -6.522001E-06  LZ-0.00 0.0  0.0
0                    81  X  -1.361068E-05  XY   5.462581E-11   A   1.666667E+05  LX 0.00 0.0  0.0   -5.555556E+04    1.666667E+05
                         Y   1.666667E+05  YZ  -3.452028E-05   B  -3.705239E-05  LY 1.00 0.0  0.0
                         Z  -6.049411E-05  ZX   1.645233E-05   C  -3.705239E-05  LZ-0.00 0.0  0.0
0                    86  X   1.485868E-05  XY  -8.454555E-06   A   1.666667E+05  LX-0.00 0.0  0.0   -5.555556E+04    1.666667E+05
                         Y   1.666667E+05  YZ  -1.004566E-05   B  -3.845867E-06  LY 1.00 0.0  0.0
                         Z  -2.255042E-05  ZX  -5.412810E-06   C  -3.845867E-06  LZ-0.00 0.0  0.0
0                    88  X  -8.804847E-06  XY   5.249143E-06   A   1.666667E+05  LX 0.00 0.0  0.0   -5.555556E+04    1.666667E+05
                         Y   1.666667E+05  YZ  -1.237726E-05   B   1.136999E-05  LY 1.00 0.0  0.0
                         Z   3.154483E-05  ZX  -5.596125E-06   C   1.136999E-05  LZ-0.00 0.0  0.0
0                    85  X   2.344037E-06  XY   7.211942E-11   A   1.666667E+05  LX 0.00 0.0  0.0   -5.555556E+04    1.666667E+05
                         Y   1.666667E+05  YZ   3.712383E-06   B   3.440393E-06  LY 1.00 0.0  0.0
                         Z   4.536731E-06  ZX   8.242795E-07   C   3.440393E-06  LZ 0.00 0.0  0.0
0        36           0GRID CS 10 GP
0                CENTER  X   1.015992E-05  XY  -2.062549E-05   A   1.666667E+05  LX-0.00 0.0  0.0   -5.555556E+04    1.666667E+05
                         Y   1.666667E+05  YZ  -1.963086E-05   B   2.266211E-05  LY 1.00 0.0  0.0
                         Z   3.516431E-05  ZX  -3.628078E-06   C   2.266211E-05  LZ-0.00 0.0  0.0
0                    81  X  -4.356779E-05  XY  -7.901271E-06   A   1.666667E+05  LX-0.00 0.0  0.0   -5.555556E+04    1.666667E+05
                         Y   1.666667E+05  YZ   5.974503E-05   B  -8.208271E-05  LY 1.00 0.0  0.0
                         Z  -1.205976E-04  ZX   1.481716E-11   C  -8.208271E-05  LZ 0.00 0.0  0.0
0                    83  X   3.850171E-06  XY  -8.853199E-06   A   1.666667E+05  LX-0.00 0.0  0.0   -5.555556E+04    1.666667E+05
                         Y   1.666667E+05  YZ  -2.768260E-05   B   4.185906E-05  LY 1.00 0.0  0.0
                         Z   7.986794E-05  ZX   2.372443E-06   C   4.185906E-05  LZ-0.00 0.0  0.0
0                    84  X   8.306562E-05  XY  -3.131946E-05   A   1.666667E+05  LX-0.00 0.0  0.0   -5.555556E+04    1.666667E+05
                         Y   1.666667E+05  YZ  -2.250179E-05   B   1.206821E-04  LY 1.00 0.0  0.0
                         Z   1.582987E-04  ZX  -2.187045E-11   C   1.206821E-04  LZ-0.00 0.0  0.0
0                    88  X  -2.708464E-06  XY  -3.442798E-05   A   1.666667E+05  LX-0.00 0.0  0.0   -5.555556E+04    1.666667E+05
                         Y   1.666667E+05  YZ  -8.808402E-05   B   1.018985E-05  LY 1.00 0.0  0.0
                         Z   2.308818E-05  ZX  -1.688473E-05   C   1.018985E-05  LZ-0.00 0.0  0.0
0        37           0GRID CS 10 GP
0                CENTER  X  -3.991960E-07  XY  -2.869344E-06   A   1.666667E+05  LX-0.00 0.0  0.0   -5.555556E+04    1.666667E+05
                         Y   1.666667E+05  YZ  -1.017090E-05   B  -5.567075E-06  LY 1.00 0.0  0.0
                         Z  -1.073497E-05  ZX   4.126116E-06   C  -5.567075E-06  LZ-0.00 0.0  0.0
1                                                                              JUNE  20, 2025  MSC Nastran 11/21/24   PAGE   105
                                                                                                                                    
0                                                                                                                                   
 
                   S T R E S S E S   I N    T E T R A H E D R O N   S O L I D   E L E M E N T S   ( C T E T R A )
0                CORNER        ------CENTER AND CORNER POINT STRESSES---------       DIR.  COSINES       MEAN                   
  ELEMENT-ID    GRID-ID        NORMAL              SHEAR             PRINCIPAL       -A-  -B-  -C-     PRESSURE       VON MISES 
0                    81  X  -1.807539E-05  XY  -1.834186E-05   A   1.666667E+05  LX-0.00 0.0  0.0   -5.555556E+04    1.666667E+05
                         Y   1.666667E+05  YZ   1.569128E-06   B  -4.376272E-05  LY 1.00 0.0  0.0
                         Z  -6.945004E-05  ZX   1.353363E-05   C  -4.376272E-05  LZ 0.00 0.0  0.0
0                    86  X   1.033370E-05  XY   1.792583E-05   A   1.666667E+05  LX 0.00 0.0  0.0   -5.555556E+04    1.666667E+05
                         Y   1.666667E+05  YZ  -1.453673E-05   B  -2.139887E-05  LY 1.00 0.0  0.0
                         Z  -5.313143E-05  ZX   9.986306E-06   C  -2.139887E-05  LZ-0.00 0.0  0.0
0                    83  X   1.658732E-05  XY  -2.645551E-05   A   1.666667E+05  LX-0.00 0.0  0.0   -5.555556E+04    1.666667E+05
                         Y   1.666667E+05  YZ   1.545359E-06   B   3.265133E-05  LY 1.00 0.0  0.0
                         Z   4.871535E-05  ZX  -5.262068E-06   C   3.265133E-05  LZ 0.00 0.0  0.0
0                    88  X  -1.044245E-05  XY   1.539417E-05   A   1.666667E+05  LX 0.00 0.0  0.0   -5.555556E+04    1.666667E+05
                         Y   1.666667E+05  YZ  -2.926131E-05   B   1.024185E-05  LY 1.00 0.0  0.0
                         Z   3.092616E-05  ZX  -1.753420E-06   C   1.024185E-05  LZ-0.00 0.0  0.0
0        38           0GRID CS 10 GP
0                CENTER  X  -1.058866E-06  XY  -5.940425E-06   A   1.666667E+05  LX-0.00 0.0  0.0   -5.555556E+04    1.666667E+05
                         Y   1.666667E+05  YZ  -4.910653E-07   B  -1.352603E-05  LY 1.00 0.0  0.0
                         Z  -2.599320E-05  ZX   4.881588E-06   C  -1.352603E-05  LZ-0.00 0.0  0.0
0                    81  X  -6.067405E-06  XY   3.206443E-06   A   1.666667E+05  LX 0.00 0.0  0.0   -5.555556E+04    1.666667E+05
                         Y   1.666667E+05  YZ  -4.775347E-12   B  -2.113649E-05  LY 1.00 0.0  0.0
                         Z  -3.620558E-05  ZX  -3.000641E-06   C  -2.113649E-05  LZ-0.00 0.0  0.0
0                    82  X  -2.037694E-06  XY  -2.864776E-06   A   1.666667E+05  LX-0.00 0.0  0.0   -5.555556E+04    1.666667E+05
                         Y   1.666667E+05  YZ   3.892025E-11   B  -1.846840E-05  LY 1.00 0.0  0.0
                         Z  -3.489910E-05  ZX   8.271270E-07   C  -1.846840E-05  LZ 0.00 0.0  0.0
0                    83  X   4.277692E-06  XY  -2.995671E-05   A   1.666667E+05  LX-0.00 0.0  0.0   -5.555556E+04    1.666667E+05
                         Y   1.666667E+05  YZ  -3.996557E-05   B   4.363596E-06  LY 1.00 0.0  0.0
                         Z   4.449495E-06  ZX   7.607896E-06   C   4.363596E-06  LZ-0.00 0.0  0.0
0                    86  X  -4.082118E-07  XY   5.853376E-06   A   1.666667E+05  LX 0.00 0.0  0.0   -5.555556E+04    1.666667E+05
                         Y   1.666667E+05  YZ   3.800124E-05   B  -1.886296E-05  LY 1.00 0.0  0.0
                         Z  -3.731773E-05  ZX   1.409196E-05   C  -1.886296E-05  LZ 0.00 0.0  0.0
0        39           0GRID CS 10 GP
0                CENTER  X  -4.976988E-06  XY   5.792094E-06   A   1.666667E+05  LX-0.00 0.0  0.0   -5.555556E+04    1.666667E+05
                         Y   2.277883E-05  YZ   6.004693E-05   B   8.900919E-06  LY 0.00 0.0  0.0
                         Z   1.666667E+05  ZX  -6.857983E-06   C   8.900919E-06  LZ 1.00 0.0  0.0
0                    89  X   4.317290E-05  XY  -8.041017E-12   A   1.666667E+05  LX-0.00 0.0  0.0   -5.555556E+04    1.666667E+05
                         Y  -2.004465E-05  YZ  -2.271094E-05   B   1.156413E-05  LY-0.00 0.0  0.0
                         Z   1.666667E+05  ZX  -2.446689E-05   C   1.156413E-05  LZ 1.00 0.0  0.0
1                                                                              JUNE  20, 2025  MSC Nastran 11/21/24   PAGE   106
                                                                                                                                    
0                                                                                                                                   
 
                   S T R E S S E S   I N    T E T R A H E D R O N   S O L I D   E L E M E N T S   ( C T E T R A )
0                CORNER        ------CENTER AND CORNER POINT STRESSES---------       DIR.  COSINES       MEAN                   
  ELEMENT-ID    GRID-ID        NORMAL              SHEAR             PRINCIPAL       -A-  -B-  -C-     PRESSURE       VON MISES 
0                    94  X  -7.579906E-05  XY   1.148785E-05   A   1.666667E+05  LX 0.00 0.0  0.0   -5.555556E+04    1.666667E+05
                         Y   3.400334E-05  YZ   2.039844E-04   B  -2.089786E-05  LY 0.00 0.0  0.0
                         Z   1.666667E+05  ZX   7.452429E-05   C  -2.089786E-05  LZ 1.00 0.0  0.0
0                    96  X   1.009532E-04  XY   1.168066E-05   A   1.666667E+05  LX-0.00 0.0  0.0   -5.555556E+04    1.666667E+05
                         Y   7.771948E-05  YZ  -1.270557E-04   B   8.933632E-05  LY-0.00 0.0  0.0
                         Z   1.666667E+05  ZX  -3.454130E-05   C   8.933632E-05  LZ 1.00 0.0  0.0
0                    93  X  -8.823543E-05  XY  -2.515602E-11   A   1.666667E+05  LX-0.00 0.0  0.0   -5.555556E+04    1.666667E+05
                         Y  -5.631879E-07  YZ   1.859698E-04   B  -4.439931E-05  LY 0.00 0.0  0.0
                         Z   1.666667E+05  ZX  -4.294798E-05   C  -4.439931E-05  LZ 1.00 0.0  0.0
0        40           0GRID CS 10 GP
0                CENTER  X  -3.231679E-06  XY  -3.625524E-06   A   1.666667E+05  LX-0.00 0.0  0.0   -5.555556E+04    1.666667E+05
                         Y  -9.136848E-06  YZ  -5.511349E-06   B  -6.184266E-06  LY-0.00 0.0  0.0
                         Z   1.666667E+05  ZX  -5.519243E-06   C  -6.184266E-06  LZ 1.00 0.0  0.0
0                    89  X  -1.945686E-06  XY   7.290511E-06   A   1.666667E+05  LX 0.00 0.0  0.0   -5.555556E+04    1.666667E+05
                         Y  -2.959000E-05  YZ  -2.782596E-06   B  -1.576784E-05  LY-0.00 0.0  0.0
                         Z   1.666667E+05  ZX   6.520080E-13   C  -1.576784E-05  LZ 1.00 0.0  0.0
0                    91  X   7.144078E-06  XY  -7.659277E-06   A   1.666667E+05  LX-0.00 0.0  0.0   -5.555556E+04    1.666667E+05
                         Y  -2.139153E-05  YZ  -2.689803E-05   B  -7.123723E-06  LY-0.00 0.0  0.0
                         Z   1.666667E+05  ZX  -9.054108E-06   C  -7.123723E-06  LZ 1.00 0.0  0.0
0                    92  X  -1.825363E-06  XY   1.336613E-06   A   1.666667E+05  LX-0.00 0.0  0.0   -5.555556E+04    1.666667E+05
                         Y   2.449669E-06  YZ   1.112957E-06   B   3.121531E-07  LY 0.00 0.0  0.0
                         Z   1.666667E+05  ZX  -4.886930E-11   C   3.121531E-07  LZ 1.00 0.0  0.0
0                    96  X  -1.629977E-05  XY  -1.546992E-05   A   1.666667E+05  LX-0.00 0.0  0.0   -5.555556E+04    1.666667E+05
                         Y   1.198470E-05  YZ   6.521994E-06   B  -2.157540E-06  LY 0.00 0.0  0.0
                         Z   1.666667E+05  ZX  -1.302280E-05   C  -2.157540E-06  LZ 1.00 0.0  0.0
0        41           0GRID CS 10 GP
0                CENTER  X   1.050739E-05  XY  -2.816435E-06   A   1.666667E+05  LX-0.00 0.0  0.0   -5.555556E+04    1.666667E+05
                         Y  -1.220196E-05  YZ  -6.079790E-08   B  -8.472780E-07  LY-0.00 0.0  0.0
                         Z   1.666667E+05  ZX  -5.276574E-07   C  -8.472780E-07  LZ 1.00 0.0  0.0
0                    89  X   3.428782E-06  XY  -4.514166E-07   A   1.666667E+05  LX-0.00 0.0  0.0   -5.555556E+04    1.666667E+05
                         Y  -2.180172E-05  YZ   7.392471E-06   B  -9.186471E-06  LY 0.00 0.0  0.0
                         Z   1.666667E+05  ZX  -3.098712E-06   C  -9.186471E-06  LZ 1.00 0.0  0.0
0                    94  X   2.202965E-05  XY  -1.475351E-05   A   1.666667E+05  LX-0.00 0.0  0.0   -5.555556E+04    1.666667E+05
                         Y   5.042050E-05  YZ   3.374097E-05   B   3.622508E-05  LY 0.00 0.0  0.0
                         Z   1.666667E+05  ZX  -5.492200E-06   C   3.622508E-05  LZ 1.00 0.0  0.0
1                                                                              JUNE  20, 2025  MSC Nastran 11/21/24   PAGE   107
                                                                                                                                    
0                                                                                                                                   
 
                   S T R E S S E S   I N    T E T R A H E D R O N   S O L I D   E L E M E N T S   ( C T E T R A )
0                CORNER        ------CENTER AND CORNER POINT STRESSES---------       DIR.  COSINES       MEAN                   
  ELEMENT-ID    GRID-ID        NORMAL              SHEAR             PRINCIPAL       -A-  -B-  -C-     PRESSURE       VON MISES 
0                    91  X   1.017790E-06  XY   1.079559E-05   A   1.666667E+05  LX-0.00 0.0  0.0   -5.555556E+04    1.666667E+05
                         Y  -6.511553E-05  YZ  -2.679089E-05   B  -3.204886E-05  LY-0.00 0.0  0.0
                         Z   1.666667E+05  ZX  -1.981418E-06   C  -3.204886E-05  LZ 1.00 0.0  0.0
0                    96  X   1.555367E-05  XY  -6.856393E-06   A   1.666667E+05  LX 0.00 0.0  0.0   -5.555556E+04    1.666667E+05
                         Y  -1.231096E-05  YZ  -1.458591E-05   B   1.621353E-06  LY-0.00 0.0  0.0
                         Z   1.666667E+05  ZX   8.461750E-06   C   1.621353E-06  LZ 1.00 0.0  0.0
0        42           0GRID CS 10 GP
0                CENTER  X  -2.052402E-07  XY  -2.069382E-07   A   1.666667E+05  LX 0.00 0.0  0.0   -5.555556E+04    1.666667E+05
                         Y  -2.072972E-05  YZ  -2.082190E-06   B  -1.046748E-05  LY-0.00 0.0  0.0
                         Z   1.666667E+05  ZX   1.725647E-09   C  -1.046748E-05  LZ 1.00 0.0  0.0
0                    89  X  -3.959580E-06  XY  -5.159575E-06   A   1.666667E+05  LX 0.00 0.0  0.0   -5.555556E+04    1.666667E+05
                         Y  -1.133016E-05  YZ  -3.899167E-11   B  -7.644870E-06  LY-0.00 0.0  0.0
                         Z   1.666667E+05  ZX   3.657996E-06   C  -7.644870E-06  LZ 1.00 0.0  0.0
0                    90  X  -1.636606E-06  XY   5.711329E-07   A   1.666667E+05  LX-0.00 0.0  0.0   -5.555556E+04    1.666667E+05
                         Y  -3.550910E-05  YZ  -7.804425E-11   B  -1.857285E-05  LY-0.00 0.0  0.0
                         Z   1.666667E+05  ZX  -2.207898E-06   C  -1.857285E-05  LZ 1.00 0.0  0.0
0                    91  X   2.587185E-06  XY   9.257764E-06   A   1.666667E+05  LX-0.00 0.0  0.0   -5.555556E+04    1.666667E+05
                         Y  -2.973074E-05  YZ   1.098022E-05   B  -1.357178E-05  LY 0.00 0.0  0.0
                         Z   1.666667E+05  ZX  -6.927537E-06   C  -1.357178E-05  LZ 1.00 0.0  0.0
0                    94  X   2.188174E-06  XY  -5.496994E-06   A   1.666667E+05  LX 0.00 0.0  0.0   -5.555556E+04    1.666667E+05
                         Y  -6.349003E-06  YZ  -1.930888E-05   B  -2.080415E-06  LY-0.00 0.0  0.0
                         Z   1.666667E+05  ZX   5.484268E-06   C  -2.080415E-06  LZ 1.00 0.0  0.0
1                                                                              JUNE  20, 2025  MSC Nastran 11/21/24   PAGE   108
                                                                                                                                    
0                                                                                                                                   
 
                                          G R I D   P O I N T   F O R C E   B A L A N C E
 
   POINT-ID    ELEMENT-ID     SOURCE             T1             T2             T3             R1             R2             R3
          1                  F-OF-SPC      -4.166667E+04   2.046363E-12  -1.818989E-12   0.0            0.0            0.0
          1             1    HEXA           4.166667E+04  -1.818989E-12   4.547474E-12   0.0            0.0            0.0
          1                  *TOTALS*       0.0            2.273737E-13   2.728484E-12   0.0            0.0            0.0
0         2                  APP-LOAD       4.166667E+04   0.0            0.0            0.0            0.0            0.0
          2                  F-OF-SPC       0.0           -9.094947E-12   1.136868E-12   0.0            0.0            0.0
          2             1    HEXA          -4.166667E+04   1.273293E-11   0.0            0.0            0.0            0.0
          2                  *TOTALS*       0.0            3.637979E-12   1.136868E-12   0.0            0.0            0.0
0         3                  APP-LOAD       4.166667E+04   0.0            0.0            0.0            0.0            0.0
          3                  F-OF-SPC       0.0            0.0            3.637979E-12   0.0            0.0            0.0
          3             1    HEXA          -4.166667E+04   3.637979E-12  -5.456968E-12   0.0            0.0            0.0
          3                  *TOTALS*       0.0            3.637979E-12  -1.818989E-12   0.0            0.0            0.0
0         4                  F-OF-SPC      -4.166667E+04   0.0           -3.637979E-12   0.0            0.0            0.0
          4             1    HEXA           4.166667E+04  -1.818989E-12   2.728484E-12   0.0            0.0            0.0
          4                  *TOTALS*       0.0           -1.818989E-12  -9.094947E-13   0.0            0.0            0.0
0         5                  F-OF-SPC      -4.166667E+04   3.637979E-12   0.0            0.0            0.0            0.0
          5             1    HEXA           4.166667E+04  -9.094947E-13  -7.275958E-12   0.0            0.0            0.0
          5                  *TOTALS*       7.275958E-12   2.728484E-12  -7.275958E-12   0.0            0.0            0.0
0         6                  APP-LOAD       4.166667E+04   0.0            0.0            0.0            0.0            0.0
          6                  F-OF-SPC       0.0           -5.456968E-12   0.0            0.0            0.0            0.0
          6             1    HEXA          -4.166667E+04   3.637979E-12   7.275958E-12   0.0            0.0            0.0
          6                  *TOTALS*      -7.275958E-12  -1.818989E-12   7.275958E-12   0.0            0.0            0.0
0         7                  APP-LOAD       4.166667E+04   0.0            0.0            0.0            0.0            0.0
          7             1    HEXA          -4.166667E+04   0.0            4.547474E-13   0.0            0.0            0.0
          7                  *TOTALS*       0.0            0.0            4.547474E-13   0.0            0.0            0.0
0         8                  F-OF-SPC      -4.166667E+04   0.0            0.0            0.0            0.0            0.0
          8             1    HEXA           4.166667E+04  -1.818989E-12   5.456968E-12   0.0            0.0            0.0
          8                  *TOTALS*       0.0           -1.818989E-12   5.456968E-12   0.0            0.0            0.0
0         9                  F-OF-SPC      -9.094947E-13  -4.166667E+04   3.637979E-12   0.0            0.0            0.0
          9             2    HEXA           0.0            4.166667E+04  -3.637979E-12   0.0            0.0            0.0
          9                  *TOTALS*      -9.094947E-13  -7.275958E-12   0.0            0.0            0.0            0.0
0        10                  F-OF-SPC       0.0           -4.166667E+04  -1.818989E-12   0.0            0.0            0.0
         10             2    HEXA          -1.818989E-12   4.166667E+04  -4.547474E-13   0.0            0.0            0.0
         10                  *TOTALS*      -1.818989E-12   0.0           -2.273737E-12   0.0            0.0            0.0
0        11                  APP-LOAD       0.0            4.166667E+04   0.0            0.0            0.0            0.0
         11                  F-OF-SPC       0.0            0.0            3.183231E-12   0.0            0.0            0.0
         11             2    HEXA          -9.094947E-13  -4.166667E+04  -4.547474E-13   0.0            0.0            0.0
         11                  *TOTALS*      -9.094947E-13   7.275958E-12   2.728484E-12   0.0            0.0            0.0
0        12                  APP-LOAD       0.0            4.166667E+04   0.0            0.0            0.0            0.0
         12                  F-OF-SPC      -2.728484E-12   0.0           -4.547474E-12   0.0            0.0            0.0
1                                                                              JUNE  20, 2025  MSC Nastran 11/21/24   PAGE   109
                                                                                                                                    
0                                                                                                                                   
 
                                          G R I D   P O I N T   F O R C E   B A L A N C E
 
   POINT-ID    ELEMENT-ID     SOURCE             T1             T2             T3             R1             R2             R3
         12             2    HEXA           3.637979E-12  -4.166667E+04   5.002221E-12   0.0            0.0            0.0
         12                  *TOTALS*       9.094947E-13  -1.455192E-11   4.547474E-13   0.0            0.0            0.0
0        13                  F-OF-SPC      -3.637979E-12  -4.166667E+04   0.0            0.0            0.0            0.0
         13             2    HEXA           3.637979E-12   4.166667E+04  -2.160050E-12   0.0            0.0            0.0
         13                  *TOTALS*       0.0            7.275958E-12  -2.160050E-12   0.0            0.0            0.0
0        14                  F-OF-SPC       0.0           -4.166667E+04   0.0            0.0            0.0            0.0
         14             2    HEXA           1.818989E-12   4.166667E+04   1.591616E-12   0.0            0.0            0.0
         14                  *TOTALS*       1.818989E-12  -7.275958E-12   1.591616E-12   0.0            0.0            0.0
0        15                  APP-LOAD       0.0            4.166667E+04   0.0            0.0            0.0            0.0
         15             2    HEXA           1.818989E-12  -4.166667E+04   2.273737E-12   0.0            0.0            0.0
         15                  *TOTALS*       1.818989E-12   0.0            2.273737E-12   0.0            0.0            0.0
0        16                  APP-LOAD       0.0            4.166667E+04   0.0            0.0            0.0            0.0
         16                  F-OF-SPC      -1.818989E-12   0.0            0.0            0.0            0.0            0.0
         16             2    HEXA           1.818989E-12  -4.166667E+04   2.728484E-12   0.0            0.0            0.0
         16                  *TOTALS*       0.0            0.0            2.728484E-12   0.0            0.0            0.0
0        17                  F-OF-SPC      -1.818989E-12  -7.275958E-12  -4.166667E+04   0.0            0.0            0.0
         17             3    HEXA           0.0            7.275958E-12   4.166667E+04   0.0            0.0            0.0
         17                  *TOTALS*      -1.818989E-12   0.0            0.0            0.0            0.0            0.0
0        18                  F-OF-SPC       0.0            7.275958E-12  -4.166667E+04   0.0            0.0            0.0
         18             3    HEXA           0.0           -7.275958E-12   4.166667E+04   0.0            0.0            0.0
         18                  *TOTALS*       0.0            0.0            7.275958E-12   0.0            0.0            0.0
0        19                  F-OF-SPC       0.0            0.0           -4.166667E+04   0.0            0.0            0.0
         19             3    HEXA           3.637979E-12  -5.456968E-12   4.166667E+04   0.0            0.0            0.0
         19                  *TOTALS*       3.637979E-12  -5.456968E-12   7.275958E-12   0.0            0.0            0.0
0        20                  F-OF-SPC      -9.094947E-13   0.0           -4.166667E+04   0.0            0.0            0.0
         20             3    HEXA          -5.456968E-12  -1.818989E-12   4.166667E+04   0.0            0.0            0.0
         20                  *TOTALS*      -6.366463E-12  -1.818989E-12   0.0            0.0            0.0            0.0
0        21                  APP-LOAD       0.0            0.0            4.166667E+04   0.0            0.0            0.0
         21                  F-OF-SPC      -1.818989E-12   0.0            0.0            0.0            0.0            0.0
         21             3    HEXA           9.094947E-13   9.094947E-13  -4.166667E+04   0.0            0.0            0.0
         21                  *TOTALS*      -9.094947E-13   9.094947E-13   2.182787E-11   0.0            0.0            0.0
0        22                  APP-LOAD       0.0            0.0            4.166667E+04   0.0            0.0            0.0
         22             3    HEXA           1.091394E-11   0.0           -4.166667E+04   0.0            0.0            0.0
         22                  *TOTALS*       1.091394E-11   0.0           -1.455192E-11   0.0            0.0            0.0
0        23                  APP-LOAD       0.0            0.0            4.166667E+04   0.0            0.0            0.0
         23             3    HEXA           0.0            3.637979E-12  -4.166667E+04   0.0            0.0            0.0
         23                  *TOTALS*       0.0            3.637979E-12  -7.275958E-12   0.0            0.0            0.0
0        24                  APP-LOAD       0.0            0.0            4.166667E+04   0.0            0.0            0.0
1                                                                              JUNE  20, 2025  MSC Nastran 11/21/24   PAGE   110
                                                                                                                                    
0                                                                                                                                   
 
                                          G R I D   P O I N T   F O R C E   B A L A N C E
 
   POINT-ID    ELEMENT-ID     SOURCE             T1             T2             T3             R1             R2             R3
         24                  F-OF-SPC      -1.818989E-12   0.0            0.0            0.0            0.0            0.0
         24             3    HEXA           3.637979E-12   9.094947E-13  -4.166667E+04   0.0            0.0            0.0
         24                  *TOTALS*       1.818989E-12   9.094947E-13  -7.275958E-12   0.0            0.0            0.0
0        25                  F-OF-SPC       1.388889E+04  -8.785400E-08  -9.242513E-08   0.0            0.0            0.0
         25             4    HEXA          -1.388889E+04   8.785855E-08   9.243013E-08   0.0            0.0            0.0
         25                  *TOTALS*      -1.091394E-11   4.547474E-12   5.002221E-12   0.0            0.0            0.0
0        26                  APP-LOAD      -1.388889E+04   0.0            0.0            0.0            0.0            0.0
         26                  F-OF-SPC       0.0           -1.160697E-07  -1.351918E-07   0.0            0.0            0.0
         26             4    HEXA           1.388889E+04   1.160674E-07   1.351942E-07   0.0            0.0            0.0
         26                  *TOTALS*       5.456968E-12  -2.273737E-12   2.330580E-12   0.0            0.0            0.0
0        27                  APP-LOAD      -1.388889E+04   0.0            0.0            0.0            0.0            0.0
         27                  F-OF-SPC       0.0            0.0           -1.345943E-07   0.0            0.0            0.0
         27             4    HEXA           1.388889E+04   1.818989E-12   1.345949E-07   0.0            0.0            0.0
         27                  *TOTALS*      -1.637090E-11   1.818989E-12   6.252776E-13   0.0            0.0            0.0
0        28                  F-OF-SPC       1.388889E+04   0.0           -1.055814E-07   0.0            0.0            0.0
         28             4    HEXA          -1.388889E+04  -6.139089E-12   1.055760E-07   0.0            0.0            0.0
         28                  *TOTALS*       0.0           -6.139089E-12  -5.456968E-12   0.0            0.0            0.0
0        29                  F-OF-SPC       1.388889E+04  -1.015915E-07   0.0            0.0            0.0            0.0
         29             4    HEXA          -1.388889E+04   1.015960E-07  -7.275958E-12   0.0            0.0            0.0
         29                  *TOTALS*       1.818989E-12   4.547474E-12  -7.275958E-12   0.0            0.0            0.0
0        30                  APP-LOAD      -1.388889E+04   0.0            0.0            0.0            0.0            0.0
         30                  F-OF-SPC       0.0           -1.147782E-07   0.0            0.0            0.0            0.0
         30             4    HEXA           1.388889E+04   1.147728E-07   1.273293E-11   0.0            0.0            0.0
         30                  *TOTALS*       1.273293E-11  -5.456968E-12   1.273293E-11   0.0            0.0            0.0
0        31                  APP-LOAD      -1.388889E+04   0.0            0.0            0.0            0.0            0.0
         31             4    HEXA           1.388889E+04   3.183231E-12   7.275958E-12   0.0            0.0            0.0
         31                  *TOTALS*      -1.818989E-12   3.183231E-12   7.275958E-12   0.0            0.0            0.0
0        32                  F-OF-SPC       1.388889E+04   0.0            0.0            0.0            0.0            0.0
         32             4    HEXA          -1.388889E+04  -5.456968E-12  -3.637979E-12   0.0            0.0            0.0
         32                  *TOTALS*      -1.637090E-11  -5.456968E-12  -3.637979E-12   0.0            0.0            0.0
0        33                  F-OF-SPC      -7.829476E-08   1.388889E+04  -9.626046E-08   0.0            0.0            0.0
         33             5    HEXA           7.829328E-08  -1.388889E+04   9.625910E-08   0.0            0.0            0.0
         33                  *TOTALS*      -1.477929E-12   1.091394E-11  -1.364242E-12   0.0            0.0            0.0
0        34                  F-OF-SPC       0.0            1.388889E+04  -1.052449E-07   0.0            0.0            0.0
         34             5    HEXA           2.273737E-12  -1.388889E+04   1.052421E-07   0.0            0.0            0.0
         34                  *TOTALS*       2.273737E-12   1.818989E-11  -2.842171E-12   0.0            0.0            0.0
0        35                  APP-LOAD       0.0           -1.388889E+04   0.0            0.0            0.0            0.0
         35                  F-OF-SPC       0.0            0.0           -1.348344E-07   0.0            0.0            0.0
         35             5    HEXA           6.821210E-13   1.388889E+04   1.348292E-07   0.0            0.0            0.0
1                                                                              JUNE  20, 2025  MSC Nastran 11/21/24   PAGE   111
                                                                                                                                    
0                                                                                                                                   
 
                                          G R I D   P O I N T   F O R C E   B A L A N C E
 
   POINT-ID    ELEMENT-ID     SOURCE             T1             T2             T3             R1             R2             R3
         35                  *TOTALS*       6.821210E-13  -7.275958E-12  -5.201173E-12   0.0            0.0            0.0
0        36                  APP-LOAD       0.0           -1.388889E+04   0.0            0.0            0.0            0.0
         36                  F-OF-SPC      -1.115786E-07   0.0           -1.403150E-07   0.0            0.0            0.0
         36             5    HEXA           1.115789E-07   1.388889E+04   1.403187E-07   0.0            0.0            0.0
         36                  *TOTALS*       2.273737E-13  -4.183676E-11   3.637979E-12   0.0            0.0            0.0
0        37                  F-OF-SPC      -9.099222E-08   1.388889E+04   0.0            0.0            0.0            0.0
         37             5    HEXA           9.099125E-08  -1.388889E+04  -9.094947E-13   0.0            0.0            0.0
         37                  *TOTALS*      -9.663381E-13   0.0           -9.094947E-13   0.0            0.0            0.0
0        38                  F-OF-SPC       0.0            1.388889E+04   0.0            0.0            0.0            0.0
         38             5    HEXA          -1.591616E-12  -1.388889E+04  -3.637979E-12   0.0            0.0            0.0
         38                  *TOTALS*      -1.591616E-12   1.091394E-11  -3.637979E-12   0.0            0.0            0.0
0        39                  APP-LOAD       0.0           -1.388889E+04   0.0            0.0            0.0            0.0
         39             5    HEXA          -5.911716E-12   1.388889E+04   1.818989E-12   0.0            0.0            0.0
         39                  *TOTALS*      -5.911716E-12   1.455192E-11   1.818989E-12   0.0            0.0            0.0
0        40                  APP-LOAD       0.0           -1.388889E+04   0.0            0.0            0.0            0.0
         40                  F-OF-SPC      -1.019944E-07   0.0            0.0            0.0            0.0            0.0
         40             5    HEXA           1.019935E-07   1.388889E+04  -2.728484E-12   0.0            0.0            0.0
         40                  *TOTALS*      -8.526513E-13  -4.001777E-11  -2.728484E-12   0.0            0.0            0.0
0        41                  F-OF-SPC      -2.546585E-11  -4.001777E-11   1.388889E+04   0.0            0.0            0.0
         41             6    HEXA           1.637090E-11   4.365575E-11  -1.388889E+04   0.0            0.0            0.0
         41                  *TOTALS*      -9.094947E-12   3.637979E-12  -1.818989E-12   0.0            0.0            0.0
0        42                  F-OF-SPC       0.0           -2.910383E-11   1.388889E+04   0.0            0.0            0.0
         42             6    HEXA           0.0            2.910383E-11  -1.388889E+04   0.0            0.0            0.0
         42                  *TOTALS*       0.0            0.0            5.456968E-12   0.0            0.0            0.0
0        43                  F-OF-SPC       0.0            0.0            1.388889E+04   0.0            0.0            0.0
         43             6    HEXA           3.637979E-12  -5.456968E-12  -1.388889E+04   0.0            0.0            0.0
         43                  *TOTALS*       3.637979E-12  -5.456968E-12   9.094947E-12   0.0            0.0            0.0
0        44                  F-OF-SPC       3.637979E-12   0.0            1.388889E+04   0.0            0.0            0.0
         44             6    HEXA          -5.456968E-12   6.366463E-12  -1.388889E+04   0.0            0.0            0.0
         44                  *TOTALS*      -1.818989E-12   6.366463E-12   1.818989E-12   0.0            0.0            0.0
0        45                  APP-LOAD       0.0            0.0           -1.388889E+04   0.0            0.0            0.0
         45                  F-OF-SPC       2.910383E-11   3.637979E-12   0.0            0.0            0.0            0.0
         45             6    HEXA          -3.683454E-11  -1.455192E-11   1.388889E+04   0.0            0.0            0.0
         45                  *TOTALS*      -7.730705E-12  -1.091394E-11   3.819878E-11   0.0            0.0            0.0
0        46                  APP-LOAD       0.0            0.0           -1.388889E+04   0.0            0.0            0.0
         46                  F-OF-SPC       0.0           -4.911271E-11   0.0            0.0            0.0            0.0
         46             6    HEXA          -2.364686E-11   4.365575E-11   1.388889E+04   0.0            0.0            0.0
         46                  *TOTALS*      -2.364686E-11  -5.456968E-12   9.094947E-12   0.0            0.0            0.0
0        47                  APP-LOAD       0.0            0.0           -1.388889E+04   0.0            0.0            0.0
1                                                                              JUNE  20, 2025  MSC Nastran 11/21/24   PAGE   112
                                                                                                                                    
0                                                                                                                                   
 
                                          G R I D   P O I N T   F O R C E   B A L A N C E
 
   POINT-ID    ELEMENT-ID     SOURCE             T1             T2             T3             R1             R2             R3
         47             6    HEXA           1.455192E-11   1.455192E-11   1.388889E+04   0.0            0.0            0.0
         47                  *TOTALS*       1.455192E-11   1.455192E-11  -2.364686E-11   0.0            0.0            0.0
0        48                  APP-LOAD       0.0            0.0           -1.388889E+04   0.0            0.0            0.0
         48                  F-OF-SPC       1.091394E-11   0.0            0.0            0.0            0.0            0.0
         48             6    HEXA          -1.864464E-11  -3.637979E-12   1.388889E+04   0.0            0.0            0.0
         48                  *TOTALS*      -7.730705E-12  -3.637979E-12   2.364686E-11   0.0            0.0            0.0
0        49                  F-OF-SPC      -5.555556E+04  -7.275958E-12  -1.455192E-11   0.0            0.0            0.0
         49            19    TETRA         -9.094947E-13  -1.818989E-12   3.637979E-12   0.0            0.0            0.0
         49            20    TETRA          3.516569E-12  -6.366463E-12   6.304679E-12   0.0            0.0            0.0
         49            21    TETRA          2.777778E+04   0.0            1.818989E-12   0.0            0.0            0.0
         49            22    TETRA          2.777778E+04   2.052093E-11   1.091394E-11   0.0            0.0            0.0
         49                  *TOTALS*       3.637979E-12   5.059520E-12   8.123668E-12   0.0            0.0            0.0
0        50                  APP-LOAD       2.777778E+04   0.0            0.0            0.0            0.0            0.0
         50                  F-OF-SPC       0.0            2.364686E-11   2.728484E-11   0.0            0.0            0.0
         50            22    TETRA         -2.777778E+04  -2.091838E-11  -2.546585E-11   0.0            0.0            0.0
         50                  *TOTALS*       0.0            2.728484E-12   1.818989E-12   0.0            0.0            0.0
0        51                  APP-LOAD       5.555556E+04   0.0            0.0            0.0            0.0            0.0
         51                  F-OF-SPC       0.0            0.0           -1.045919E-11   0.0            0.0            0.0
         51             7    TETRA          3.637979E-12  -1.478966E-12   2.951373E-12   0.0            0.0            0.0
         51            20    TETRA         -2.777778E+04   1.927112E-12   2.569622E-12   0.0            0.0            0.0
         51            21    TETRA         -2.777778E+04  -6.821210E-12   8.185452E-12   0.0            0.0            0.0
         51            22    TETRA         -1.857628E-11   2.728484E-12  -2.529886E-12   0.0            0.0            0.0
         51                  *TOTALS*       6.889575E-12  -3.644581E-12   7.173722E-13   0.0            0.0            0.0
0        52                  F-OF-SPC      -2.777778E+04   0.0            8.640200E-12   0.0            0.0            0.0
         52            20    TETRA          2.777778E+04   0.0           -9.094947E-12   0.0            0.0            0.0
         52                  *TOTALS*      -3.637979E-12   0.0           -4.547474E-13   0.0            0.0            0.0
0        53                  F-OF-SPC      -2.777778E+04  -1.364242E-11   0.0            0.0            0.0            0.0
         53            19    TETRA          2.777778E+04   1.455192E-11  -3.637979E-12   0.0            0.0            0.0
         53                  *TOTALS*      -3.637979E-12   9.094947E-13  -3.637979E-12   0.0            0.0            0.0
0        54                  APP-LOAD       5.555556E+04   0.0            0.0            0.0            0.0            0.0
         54                  F-OF-SPC       0.0            2.910383E-11   0.0            0.0            0.0            0.0
         54             7    TETRA         -9.792542E-12  -1.450776E-11   1.071967E-11   0.0            0.0            0.0
         54            19    TETRA         -2.777778E+04  -1.376647E-11  -9.094947E-13   0.0            0.0            0.0
         54            21    TETRA         -2.777778E+04   4.092726E-12  -1.125500E-11   0.0            0.0            0.0
         54            22    TETRA         -1.370420E-11  -3.152423E-12   1.637090E-11   0.0            0.0            0.0
         54                  *TOTALS*       8.123668E-12   1.769904E-12   1.492608E-11   0.0            0.0            0.0
0        55                  APP-LOAD       2.777778E+04   0.0            0.0            0.0            0.0            0.0
         55             7    TETRA         -2.777778E+04  -4.084092E-13   0.0            0.0            0.0            0.0
         55                  *TOTALS*       1.818989E-11  -4.084092E-13   0.0            0.0            0.0            0.0
0        56                  F-OF-SPC      -5.555556E+04   0.0            0.0            0.0            0.0            0.0
         56             7    TETRA          2.777778E+04   1.622508E-12  -1.818989E-12   0.0            0.0            0.0
1                                                                              JUNE  20, 2025  MSC Nastran 11/21/24   PAGE   113
                                                                                                                                    
0                                                                                                                                   
 
                                          G R I D   P O I N T   F O R C E   B A L A N C E
 
   POINT-ID    ELEMENT-ID     SOURCE             T1             T2             T3             R1             R2             R3
         56            19    TETRA         -5.510118E-12   5.456968E-12   5.456968E-12   0.0            0.0            0.0
         56            20    TETRA          8.874469E-13  -5.995758E-12   3.637979E-12   0.0            0.0            0.0
         56            21    TETRA          2.777778E+04   1.818989E-12  -1.818989E-12   0.0            0.0            0.0
         56                  *TOTALS*       3.637979E-12   2.902708E-12   5.456968E-12   0.0            0.0            0.0
0        57                  F-OF-SPC       1.818989E-12  -5.555556E+04   9.094947E-12   0.0            0.0            0.0
         57            23    TETRA         -2.273737E-12   1.091394E-11  -4.547474E-13   0.0            0.0            0.0
         57            24    TETRA         -5.810237E-12   2.777778E+04  -7.064030E-12   0.0            0.0            0.0
         57            25    TETRA         -2.614797E-12   2.777778E+04   1.364242E-12   0.0            0.0            0.0
         57            26    TETRA          5.002221E-12  -1.867570E-12  -1.364242E-12   0.0            0.0            0.0
         57                  *TOTALS*      -3.877561E-12   5.408387E-12   1.576170E-12   0.0            0.0            0.0
0        58                  F-OF-SPC       0.0           -2.777778E+04  -5.229595E-12   0.0            0.0            0.0
         58            26    TETRA         -1.364242E-12   2.777778E+04   4.547474E-12   0.0            0.0            0.0
         58                  *TOTALS*      -1.364242E-12   0.0           -6.821210E-13   0.0            0.0            0.0
0        59                  APP-LOAD       0.0            5.555556E+04   0.0            0.0            0.0            0.0
         59                  F-OF-SPC       0.0            0.0           -3.637979E-12   0.0            0.0            0.0
         59             8    TETRA         -6.821210E-13  -3.373069E-12   3.408278E-12   0.0            0.0            0.0
         59            24    TETRA          4.092726E-12  -1.836706E-12  -6.534435E-13   0.0            0.0            0.0
         59            25    TETRA          1.364242E-12  -2.777778E+04   4.547474E-13   0.0            0.0            0.0
         59            26    TETRA         -1.877462E-12  -2.777778E+04  -1.132488E-12   0.0            0.0            0.0
         59                  *TOTALS*       2.897385E-12  -1.455192E-11  -1.560885E-12   0.0            0.0            0.0
0        60                  APP-LOAD       0.0            2.777778E+04   0.0            0.0            0.0            0.0
         60                  F-OF-SPC       1.091394E-11   0.0           -7.275958E-12   0.0            0.0            0.0
         60            24    TETRA         -1.182343E-11  -2.777778E+04   6.821210E-12   0.0            0.0            0.0
         60                  *TOTALS*      -9.094947E-13   1.091394E-11  -4.547474E-13   0.0            0.0            0.0
0        61                  F-OF-SPC      -1.818989E-11  -2.777778E+04   0.0            0.0            0.0            0.0
         61            23    TETRA          1.773515E-11   2.777778E+04   0.0            0.0            0.0            0.0
         61                  *TOTALS*      -4.547474E-13   0.0            0.0            0.0            0.0            0.0
0        62                  F-OF-SPC       0.0           -5.555556E+04   0.0            0.0            0.0            0.0
         62             8    TETRA          1.644591E-12   2.777778E+04   5.788161E-12   0.0            0.0            0.0
         62            23    TETRA         -2.273737E-12  -5.839048E-12   2.273737E-12   0.0            0.0            0.0
         62            25    TETRA          2.842171E-12   2.777778E+04  -1.477929E-12   0.0            0.0            0.0
         62            26    TETRA          1.462483E-12  -7.364485E-12   1.364242E-12   0.0            0.0            0.0
         62                  *TOTALS*       3.675508E-12  -7.364485E-12   7.948211E-12   0.0            0.0            0.0
0        63                  APP-LOAD       0.0            2.777778E+04   0.0            0.0            0.0            0.0
         63             8    TETRA         -2.046363E-12  -2.777778E+04   0.0            0.0            0.0            0.0
         63                  *TOTALS*      -2.046363E-12   7.275958E-12   0.0            0.0            0.0            0.0
0        64                  APP-LOAD       0.0            5.555556E+04   0.0            0.0            0.0            0.0
         64                  F-OF-SPC       2.364686E-11   0.0            0.0            0.0            0.0            0.0
         64             8    TETRA         -7.920879E-12   1.713026E-12   2.273737E-13   0.0            0.0            0.0
         64            23    TETRA         -1.343091E-11  -2.777778E+04  -1.364242E-12   0.0            0.0            0.0
         64            24    TETRA         -1.019902E-12  -3.090555E-12   4.092726E-12   0.0            0.0            0.0
         64            25    TETRA         -2.273737E-12  -2.777778E+04  -4.547474E-13   0.0            0.0            0.0
1                                                                              JUNE  20, 2025  MSC Nastran 11/21/24   PAGE   114
                                                                                                                                    
0                                                                                                                                   
 
                                          G R I D   P O I N T   F O R C E   B A L A N C E
 
   POINT-ID    ELEMENT-ID     SOURCE             T1             T2             T3             R1             R2             R3
         64                  *TOTALS*      -9.985686E-13   1.091394E-11   2.501110E-12   0.0            0.0            0.0
0        65                  F-OF-SPC       0.0           -1.455192E-11  -5.555556E+04   0.0            0.0            0.0
         65            27    TETRA          1.273293E-11   3.637979E-12   2.777778E+04   0.0            0.0            0.0
         65            28    TETRA          1.408422E-12   5.456968E-12   1.973450E-12   0.0            0.0            0.0
         65            29    TETRA         -1.091394E-11   0.0            2.777778E+04   0.0            0.0            0.0
         65            30    TETRA          0.0           -3.752577E-12   0.0            0.0            0.0            0.0
         65                  *TOTALS*       3.227411E-12  -9.209545E-12   0.0            0.0            0.0            0.0
0        66                  F-OF-SPC       0.0           -2.728484E-12  -2.777778E+04   0.0            0.0            0.0
         66            30    TETRA         -3.637979E-12   1.818989E-12   2.777778E+04   0.0            0.0            0.0
         66                  *TOTALS*      -3.637979E-12  -9.094947E-13   0.0            0.0            0.0            0.0
0        67                  F-OF-SPC       0.0            0.0           -5.555556E+04   0.0            0.0            0.0
         67             9    TETRA         -7.275958E-12  -1.607230E-12   2.777778E+04   0.0            0.0            0.0
         67            28    TETRA         -3.637979E-12   1.337891E-12  -7.064254E-14   0.0            0.0            0.0
         67            29    TETRA          1.091394E-11   1.091394E-11   2.777778E+04   0.0            0.0            0.0
         67            30    TETRA          3.999938E-12   0.0           -4.786032E-12   0.0            0.0            0.0
         67                  *TOTALS*       3.999938E-12   1.064460E-11  -1.148053E-12   0.0            0.0            0.0
0        68                  F-OF-SPC      -2.046363E-12   0.0           -2.777778E+04   0.0            0.0            0.0
         68            28    TETRA          0.0            0.0            2.777778E+04   0.0            0.0            0.0
         68                  *TOTALS*      -2.046363E-12   0.0           -3.637979E-12   0.0            0.0            0.0
0        69                  APP-LOAD       0.0            0.0            2.777778E+04   0.0            0.0            0.0
         69                  F-OF-SPC       7.275958E-12   9.094947E-12   0.0            0.0            0.0            0.0
         69            27    TETRA         -7.275958E-12  -7.275958E-12  -2.777778E+04   0.0            0.0            0.0
         69                  *TOTALS*       0.0            1.818989E-12  -3.637979E-12   0.0            0.0            0.0
0        70                  APP-LOAD       0.0            0.0            5.555556E+04   0.0            0.0            0.0
         70                  F-OF-SPC       0.0           -1.091394E-11   0.0            0.0            0.0            0.0
         70             9    TETRA          9.019945E-12   4.150221E-12  -2.256079E-11   0.0            0.0            0.0
         70            27    TETRA         -7.275958E-12   3.342275E-12  -9.094947E-12   0.0            0.0            0.0
         70            29    TETRA          4.092726E-12  -3.637979E-12  -2.777778E+04   0.0            0.0            0.0
         70            30    TETRA         -3.002869E-13   3.072951E-12  -2.777778E+04   0.0            0.0            0.0
         70                  *TOTALS*       5.536427E-12  -3.986468E-12  -3.274181E-11   0.0            0.0            0.0
0        71                  APP-LOAD       0.0            0.0            2.777778E+04   0.0            0.0            0.0
         71             9    TETRA         -1.273293E-11   7.728546E-12  -2.777778E+04   0.0            0.0            0.0
         71                  *TOTALS*      -1.273293E-11   7.728546E-12  -3.637979E-12   0.0            0.0            0.0
0        72                  APP-LOAD       0.0            0.0            5.555556E+04   0.0            0.0            0.0
         72                  F-OF-SPC      -2.137313E-11   0.0            0.0            0.0            0.0            0.0
         72             9    TETRA          1.898263E-11   5.834485E-12  -3.637979E-12   0.0            0.0            0.0
         72            27    TETRA          3.549788E-12  -9.094947E-12  -1.455192E-11   0.0            0.0            0.0
         72            28    TETRA          5.828010E-13   8.622931E-12  -2.777778E+04   0.0            0.0            0.0
         72            29    TETRA         -3.637979E-12  -7.275958E-12  -2.777778E+04   0.0            0.0            0.0
         72                  *TOTALS*      -1.895883E-12  -1.913488E-12  -1.455192E-11   0.0            0.0            0.0
0        73                  F-OF-SPC      -4.050016E-07   1.824914E-06   5.754155E-07   0.0            0.0            0.0
1                                                                              JUNE  20, 2025  MSC Nastran 11/21/24   PAGE   115
                                                                                                                                    
0                                                                                                                                   
 
                                          G R I D   P O I N T   F O R C E   B A L A N C E
 
   POINT-ID    ELEMENT-ID     SOURCE             T1             T2             T3             R1             R2             R3
         73            31    TETRA          4.967114E-08  -2.985413E-07  -3.822001E-07   0.0            0.0            0.0
         73            32    TETRA          1.341943E-07  -4.124567E-07   6.643902E-07   0.0            0.0            0.0
         73            33    TETRA         -1.149695E-06   2.209474E-07  -4.042454E-07   0.0            0.0            0.0
         73            34    TETRA          1.370840E-06  -1.334864E-06  -4.533628E-07   0.0            0.0            0.0
         73                  *TOTALS*       9.178821E-12  -8.173265E-13  -2.693023E-12   0.0            0.0            0.0
0        74                  APP-LOAD      -6.549330E-06   0.0            0.0            0.0            0.0            0.0
         74                  F-OF-SPC       0.0            3.745805E-06   1.526761E-06   0.0            0.0            0.0
         74            34    TETRA          6.549334E-06  -3.745807E-06  -1.526764E-06   0.0            0.0            0.0
         74                  *TOTALS*       3.069567E-12  -1.818989E-12  -2.273737E-12   0.0            0.0            0.0
0        75                  APP-LOAD      -2.603716E-06   0.0            0.0            0.0            0.0            0.0
         75                  F-OF-SPC       0.0            0.0            2.157520E-06   0.0            0.0            0.0
         75            10    TETRA         -2.900218E-06   2.107143E-06  -2.828940E-06   0.0            0.0            0.0
         75            32    TETRA          5.665816E-08  -5.805057E-08   3.243536E-07   0.0            0.0            0.0
         75            33    TETRA          3.374362E-07   1.719534E-07   3.474670E-07   0.0            0.0            0.0
         75            34    TETRA          5.109866E-06  -2.221047E-06  -3.974492E-10   0.0            0.0            0.0
         75                  *TOTALS*       2.713083E-11  -1.294111E-12   2.955858E-12   0.0            0.0            0.0
0        76                  F-OF-SPC       3.592500E-07   0.0            2.005190E-07   0.0            0.0            0.0
         76            32    TETRA         -3.592490E-07   4.547474E-13  -2.005181E-07   0.0            0.0            0.0
         76                  *TOTALS*       9.094947E-13   4.547474E-13   9.094947E-13   0.0            0.0            0.0
0        77                  F-OF-SPC      -3.677560E-07   3.040295E-07   0.0            0.0            0.0            0.0
         77            31    TETRA          3.677578E-07  -3.040295E-07   1.818989E-12   0.0            0.0            0.0
         77                  *TOTALS*       1.818989E-12   0.0            1.818989E-12   0.0            0.0            0.0
0        78                  APP-LOAD      -2.603735E-06   0.0            0.0            0.0            0.0            0.0
         78                  F-OF-SPC       0.0           -2.377697E-06   0.0            0.0            0.0            0.0
         78            10    TETRA          5.769436E-06   2.397923E-06  -2.041677E-06   0.0            0.0            0.0
         78            31    TETRA         -2.757920E-07  -1.196390E-07  -2.666716E-07   0.0            0.0            0.0
         78            33    TETRA         -3.315048E-07   5.714644E-07  -3.905088E-07   0.0            0.0            0.0
         78            34    TETRA         -2.558408E-06  -4.720473E-07   2.698854E-06   0.0            0.0            0.0
         78                  *TOTALS*      -4.463206E-12   3.531703E-12  -3.579390E-12   0.0            0.0            0.0
0        79                  APP-LOAD      -6.549334E-06   0.0            0.0            0.0            0.0            0.0
         79            10    TETRA          6.549311E-06  -1.421085E-12   1.045919E-11   0.0            0.0            0.0
         79                  *TOTALS*      -2.341949E-11  -1.421085E-12   1.045919E-11   0.0            0.0            0.0
0        80                  F-OF-SPC       7.747021E-07   0.0            0.0            0.0            0.0            0.0
         80            10    TETRA          5.637999E-07  -8.415624E-07   7.320471E-07   0.0            0.0            0.0
         80            31    TETRA         -4.616401E-08   2.321112E-07  -6.756491E-07   0.0            0.0            0.0
         80            32    TETRA          8.874417E-08   4.595413E-07   5.016773E-08   0.0            0.0            0.0
         80            33    TETRA         -1.381080E-06   1.499088E-07  -1.065719E-07   0.0            0.0            0.0
         80                  *TOTALS*       1.711778E-12  -1.059014E-12  -6.139089E-12   0.0            0.0            0.0
0        81                  F-OF-SPC       3.800005E-08  -4.242183E-06   4.942394E-07   0.0            0.0            0.0
         81            35    TETRA          4.961803E-07  -7.070903E-07  -1.625112E-06   0.0            0.0            0.0
         81            36    TETRA          4.241419E-07  -1.459488E-07   2.645862E-06   0.0            0.0            0.0
         81            37    TETRA         -7.913730E-07   4.790330E-06  -1.252249E-06   0.0            0.0            0.0
1                                                                              JUNE  20, 2025  MSC Nastran 11/21/24   PAGE   116
                                                                                                                                    
0                                                                                                                                   
 
                                          G R I D   P O I N T   F O R C E   B A L A N C E
 
   POINT-ID    ELEMENT-ID     SOURCE             T1             T2             T3             R1             R2             R3
         81            38    TETRA         -1.669507E-07   3.048900E-07  -2.627411E-07   0.0            0.0            0.0
         81                  *TOTALS*      -1.371695E-12  -1.223195E-12  -9.580755E-13   0.0            0.0            0.0
0        82                  F-OF-SPC       0.0           -7.845711E-07   1.453438E-07   0.0            0.0            0.0
         82            38    TETRA          2.557954E-13   7.845701E-07  -1.453435E-07   0.0            0.0            0.0
         82                  *TOTALS*       2.557954E-13  -9.094947E-13   3.410605E-13   0.0            0.0            0.0
0        83                  APP-LOAD       0.0           -2.603734E-06   0.0            0.0            0.0            0.0
         83                  F-OF-SPC       0.0            0.0           -4.337206E-06   0.0            0.0            0.0
         83            11    TETRA         -9.179125E-07   5.714294E-06   1.317332E-06   0.0            0.0            0.0
         83            36    TETRA          2.103240E-07  -3.924087E-07  -2.000199E-07   0.0            0.0            0.0
         83            37    TETRA         -9.295297E-08  -2.240385E-06   1.904076E-06   0.0            0.0            0.0
         83            38    TETRA          8.005413E-07  -4.777532E-07   1.315815E-06   0.0            0.0            0.0
         83                  *TOTALS*      -1.567241E-13   1.262257E-11  -2.472689E-12   0.0            0.0            0.0
0        84                  APP-LOAD       0.0            3.945607E-06   0.0            0.0            0.0            0.0
         84                  F-OF-SPC      -2.907597E-06   0.0           -4.321106E-06   0.0            0.0            0.0
         84            36    TETRA          2.907600E-06  -3.945606E-06   4.321108E-06   0.0            0.0            0.0
         84                  *TOTALS*       2.614797E-12   1.250554E-12   1.818989E-12   0.0            0.0            0.0
0        85                  F-OF-SPC      -1.730430E-07   3.252407E-06   0.0            0.0            0.0            0.0
         85            35    TETRA          1.730425E-07  -3.252405E-06  -4.547474E-13   0.0            0.0            0.0
         85                  *TOTALS*      -4.547474E-13   1.818989E-12  -4.547474E-13   0.0            0.0            0.0
0        86                  F-OF-SPC       0.0            5.173953E-06   0.0            0.0            0.0            0.0
         86            11    TETRA          7.056755E-07  -1.342607E-06  -1.682490E-06   0.0            0.0            0.0
         86            35    TETRA         -5.387294E-07   2.551132E-07   2.326574E-07   0.0            0.0            0.0
         86            37    TETRA          1.400674E-07  -2.803382E-06   1.072347E-06   0.0            0.0            0.0
         86            38    TETRA         -3.070128E-07  -1.283075E-06   3.774846E-07   0.0            0.0            0.0
         86                  *TOTALS*       8.145968E-13   1.899002E-12  -8.664259E-13   0.0            0.0            0.0
0        87                  APP-LOAD       0.0           -6.549332E-06   0.0            0.0            0.0            0.0
         87            11    TETRA          1.023182E-12   6.549326E-06  -8.526513E-12   0.0            0.0            0.0
         87                  *TOTALS*       1.023182E-12  -6.536981E-12  -8.526513E-12   0.0            0.0            0.0
0        88                  APP-LOAD       0.0           -1.309867E-05   0.0            0.0            0.0            0.0
         88                  F-OF-SPC       9.831765E-07   0.0            0.0            0.0            0.0            0.0
         88            11    TETRA         -4.758120E-07  -1.471171E-06   5.768175E-07   0.0            0.0            0.0
         88            35    TETRA         -2.016794E-07   4.966807E-06  -3.101241E-08   0.0            0.0            0.0
         88            36    TETRA          4.418883E-07   2.281774E-06   4.025369E-07   0.0            0.0            0.0
         88            37    TETRA         -7.475752E-07   7.321267E-06  -9.483410E-07   0.0            0.0            0.0
         88                  *TOTALS*      -1.760527E-12   1.753227E-12   9.663381E-13   0.0            0.0            0.0
0        89                  F-OF-SPC       5.910624E-07   3.598168E-06  -1.426783E-06   0.0            0.0            0.0
         89            39    TETRA         -5.869629E-07  -2.758591E-06   1.964345E-06   0.0            0.0            0.0
         89            40    TETRA          3.638690E-07  -6.817740E-07   9.096493E-08   0.0            0.0            0.0
         89            41    TETRA         -2.428211E-07   7.285962E-09  -7.503909E-07   0.0            0.0            0.0
         89            42    TETRA         -1.251442E-07  -1.650874E-07   1.218702E-07   0.0            0.0            0.0
         89                  *TOTALS*       3.229342E-12   2.092288E-12   6.509626E-12   0.0            0.0            0.0
0        90                  F-OF-SPC       0.0            4.491746E-07  -2.576908E-07   0.0            0.0            0.0
1                                                                              JUNE  20, 2025  MSC Nastran 11/21/24   PAGE   117
                                                                                                                                    
0                                                                                                                                   
 
                                          G R I D   P O I N T   F O R C E   B A L A N C E
 
   POINT-ID    ELEMENT-ID     SOURCE             T1             T2             T3             R1             R2             R3
         90            42    TETRA          8.185452E-12  -4.491749E-07   2.576935E-07   0.0            0.0            0.0
         90                  *TOTALS*       8.185452E-12  -2.273737E-13   2.728484E-12   0.0            0.0            0.0
0        91                  F-OF-SPC       0.0            0.0            3.325476E-08   0.0            0.0            0.0
         91            12    TETRA          8.472107E-07  -8.535523E-07   1.292553E-06   0.0            0.0            0.0
         91            40    TETRA         -3.458617E-07   1.344596E-07   1.178271E-07   0.0            0.0            0.0
         91            41    TETRA         -1.858689E-07   4.190530E-07  -1.008229E-06   0.0            0.0            0.0
         91            42    TETRA         -3.154871E-07   3.000391E-07  -4.354097E-07   0.0            0.0            0.0
         91                  *TOTALS*      -6.996639E-12  -6.016530E-13  -3.410605E-12   0.0            0.0            0.0
0        92                  F-OF-SPC      -6.544474E-08   0.0            2.469933E-07   0.0            0.0            0.0
         92            40    TETRA          6.544724E-08  -3.637979E-12  -2.469933E-07   0.0            0.0            0.0
         92                  *TOTALS*       2.501110E-12  -3.637979E-12   0.0            0.0            0.0            0.0
0        93                  APP-LOAD       0.0            0.0           -6.549355E-06   0.0            0.0            0.0
         93                  F-OF-SPC       1.765344E-06   5.168562E-06   0.0            0.0            0.0            0.0
         93            39    TETRA         -1.765344E-06  -5.168560E-06   6.549359E-06   0.0            0.0            0.0
         93                  *TOTALS*       0.0            1.818989E-12   3.296958E-12   0.0            0.0            0.0
0        94                  APP-LOAD       0.0            0.0           -2.603727E-06   0.0            0.0            0.0
         94                  F-OF-SPC       0.0           -3.805453E-06   0.0            0.0            0.0            0.0
         94            12    TETRA         -1.561487E-06   2.062497E-06   7.342984E-06   0.0            0.0            0.0
         94            39    TETRA          2.360733E-06  -1.898573E-07  -2.712740E-06   0.0            0.0            0.0
         94            41    TETRA         -6.164919E-07   1.358589E-06  -8.076063E-07   0.0            0.0            0.0
         94            42    TETRA         -1.827541E-07   5.742240E-07  -1.218917E-06   0.0            0.0            0.0
         94                  *TOTALS*      -6.446478E-14  -7.148598E-13  -7.138164E-12   0.0            0.0            0.0
0        95                  APP-LOAD       0.0            0.0           -6.549312E-06   0.0            0.0            0.0
         95            12    TETRA          2.319211E-11  -1.364242E-12   6.549302E-06   0.0            0.0            0.0
         95                  *TOTALS*       2.319211E-11  -1.364242E-12  -9.777113E-12   0.0            0.0            0.0
0        96                  APP-LOAD       0.0            0.0           -2.603713E-06   0.0            0.0            0.0
         96                  F-OF-SPC       2.463465E-06   0.0            0.0            0.0            0.0            0.0
         96            12    TETRA         -2.520530E-06   1.879337E-06  -3.213440E-06   0.0            0.0            0.0
         96            39    TETRA         -1.962838E-07  -1.831359E-06   6.236744E-06   0.0            0.0            0.0
         96            40    TETRA          2.501156E-07  -4.011163E-07  -4.423910E-07   0.0            0.0            0.0
         96            41    TETRA          3.229616E-09   3.531378E-07   2.280194E-08   0.0            0.0            0.0
         96                  *TOTALS*      -3.881541E-12  -1.075708E-12   1.705309E-12   0.0            0.0            0.0
0        97                  F-OF-SPC      -4.166667E+04  -1.091394E-11   9.094947E-12   0.0            0.0            0.0
         97            13    PENTA         -1.924953E-12   4.092726E-12  -9.094947E-13   0.0            0.0            0.0
         97            43    PENTA          4.166667E+04   6.366463E-12  -8.640200E-12   0.0            0.0            0.0
         97                  *TOTALS*       1.455192E-11  -4.547474E-13  -4.547474E-13   0.0            0.0            0.0
0        98                  APP-LOAD       4.166667E+04   0.0            0.0            0.0            0.0            0.0
         98                  F-OF-SPC       0.0            1.273293E-11  -1.273293E-11   0.0            0.0            0.0
         98            43    PENTA         -4.166667E+04  -1.182343E-11   1.455192E-11   0.0            0.0            0.0
         98                  *TOTALS*       0.0            9.094947E-13   1.818989E-12   0.0            0.0            0.0
0        99                  APP-LOAD       4.166667E+04   0.0            0.0            0.0            0.0            0.0
1                                                                              JUNE  20, 2025  MSC Nastran 11/21/24   PAGE   118
                                                                                                                                    
0                                                                                                                                   
 
                                          G R I D   P O I N T   F O R C E   B A L A N C E
 
   POINT-ID    ELEMENT-ID     SOURCE             T1             T2             T3             R1             R2             R3
         99                  F-OF-SPC       0.0            0.0           -1.273293E-11   0.0            0.0            0.0
         99            13    PENTA         -4.166667E+04   9.094947E-13   5.002221E-12   0.0            0.0            0.0
         99            43    PENTA          2.251731E-13  -9.094947E-13   5.002221E-12   0.0            0.0            0.0
         99                  *TOTALS*       2.251731E-13   0.0           -2.728484E-12   0.0            0.0            0.0
0       100                  F-OF-SPC      -4.166667E+04   0.0            9.094947E-12   0.0            0.0            0.0
        100            13    PENTA          4.166667E+04   1.818989E-12  -9.094947E-12   0.0            0.0            0.0
        100                  *TOTALS*       0.0            1.818989E-12   0.0            0.0            0.0            0.0
0       101                  F-OF-SPC      -4.166667E+04   7.275958E-12   0.0            0.0            0.0            0.0
        101            13    PENTA          4.547474E-13  -5.456968E-12   3.637979E-12   0.0            0.0            0.0
        101            43    PENTA          4.166667E+04  -2.728484E-12  -3.637979E-12   0.0            0.0            0.0
        101                  *TOTALS*       7.275958E-12  -9.094947E-13   0.0            0.0            0.0            0.0
0       102                  APP-LOAD       4.166667E+04   0.0            0.0            0.0            0.0            0.0
        102                  F-OF-SPC       0.0            7.275958E-12   0.0            0.0            0.0            0.0
        102            43    PENTA         -4.166667E+04  -5.911716E-12  -4.547474E-12   0.0            0.0            0.0
        102                  *TOTALS*       7.275958E-12   1.364242E-12  -4.547474E-12   0.0            0.0            0.0
0       103                  APP-LOAD       4.166667E+04   0.0            0.0            0.0            0.0            0.0
        103            13    PENTA         -4.166667E+04  -2.728484E-12   6.821210E-12   0.0            0.0            0.0
        103            43    PENTA          3.479033E-12   4.547474E-12  -3.637979E-12   0.0            0.0            0.0
        103                  *TOTALS*       3.479033E-12   1.818989E-12   3.183231E-12   0.0            0.0            0.0
0       104                  F-OF-SPC      -4.166667E+04   0.0            0.0            0.0            0.0            0.0
        104            13    PENTA          4.166667E+04   1.364242E-12  -3.637979E-12   0.0            0.0            0.0
        104                  *TOTALS*       0.0            1.364242E-12  -3.637979E-12   0.0            0.0            0.0
0       105                  F-OF-SPC       7.275958E-12  -4.166667E+04  -3.637979E-12   0.0            0.0            0.0
        105            14    PENTA         -3.664470E-12   4.166667E+04   1.705303E-12   0.0            0.0            0.0
        105            44    PENTA         -3.183231E-12   2.501110E-12   2.273737E-13   0.0            0.0            0.0
        105                  *TOTALS*       4.282564E-13  -4.774847E-12  -1.705303E-12   0.0            0.0            0.0
0       106                  F-OF-SPC       0.0           -4.166667E+04   9.094947E-13   0.0            0.0            0.0
        106            44    PENTA         -4.547474E-13   4.166667E+04  -4.547474E-13   0.0            0.0            0.0
        106                  *TOTALS*      -4.547474E-13   0.0            4.547474E-13   0.0            0.0            0.0
0       107                  APP-LOAD       0.0            4.166667E+04   0.0            0.0            0.0            0.0
        107                  F-OF-SPC       0.0            0.0            3.183231E-12   0.0            0.0            0.0
        107            14    PENTA         -4.547474E-13   2.728484E-12  -1.477929E-12   0.0            0.0            0.0
        107            44    PENTA         -2.075636E-12  -4.166667E+04  -3.183231E-12   0.0            0.0            0.0
        107                  *TOTALS*      -2.530384E-12   7.275958E-12  -1.477929E-12   0.0            0.0            0.0
0       108                  APP-LOAD       0.0            4.166667E+04   0.0            0.0            0.0            0.0
        108                  F-OF-SPC      -1.818989E-12   0.0            1.818989E-12   0.0            0.0            0.0
        108            14    PENTA          2.046363E-12  -4.166667E+04  -2.728484E-12   0.0            0.0            0.0
        108                  *TOTALS*       2.273737E-13   7.275958E-12  -9.094947E-13   0.0            0.0            0.0
0       109                  F-OF-SPC       3.637979E-12  -4.166667E+04   0.0            0.0            0.0            0.0
        109            14    PENTA          9.094947E-13   4.166667E+04  -9.094947E-13   0.0            0.0            0.0
1                                                                              JUNE  20, 2025  MSC Nastran 11/21/24   PAGE   119
                                                                                                                                    
0                                                                                                                                   
 
                                          G R I D   P O I N T   F O R C E   B A L A N C E
 
   POINT-ID    ELEMENT-ID     SOURCE             T1             T2             T3             R1             R2             R3
        109            44    PENTA         -4.320100E-12   2.955858E-12   1.818989E-12   0.0            0.0            0.0
        109                  *TOTALS*       2.273737E-13   2.955858E-12   9.094947E-13   0.0            0.0            0.0
0       110                  F-OF-SPC       0.0           -4.166667E+04   0.0            0.0            0.0            0.0
        110            44    PENTA         -1.818989E-12   4.166667E+04   1.136868E-12   0.0            0.0            0.0
        110                  *TOTALS*      -1.818989E-12   7.275958E-12   1.136868E-12   0.0            0.0            0.0
0       111                  APP-LOAD       0.0            4.166667E+04   0.0            0.0            0.0            0.0
        111            14    PENTA          2.273737E-13  -6.366463E-12   6.821210E-13   0.0            0.0            0.0
        111            44    PENTA          4.912039E-13  -4.166667E+04   0.0            0.0            0.0            0.0
        111                  *TOTALS*       7.185776E-13  -7.275958E-12   6.821210E-13   0.0            0.0            0.0
0       112                  APP-LOAD       0.0            4.166667E+04   0.0            0.0            0.0            0.0
        112                  F-OF-SPC       7.275958E-12   0.0            0.0            0.0            0.0            0.0
        112            14    PENTA         -8.867573E-12  -4.166667E+04  -1.136868E-12   0.0            0.0            0.0
        112                  *TOTALS*      -1.591616E-12   0.0           -1.136868E-12   0.0            0.0            0.0
0       113                  F-OF-SPC       3.637979E-12   1.455192E-11  -5.555556E+04   0.0            0.0            0.0
        113            15    PENTA          3.902888E-12  -7.275958E-12   2.777778E+04   0.0            0.0            0.0
        113            45    PENTA         -7.275958E-12  -3.637979E-12   2.777778E+04   0.0            0.0            0.0
        113                  *TOTALS*       2.649095E-13   3.637979E-12   3.637979E-12   0.0            0.0            0.0
0       114                  F-OF-SPC       0.0           -1.000444E-11  -2.777778E+04   0.0            0.0            0.0
        114            45    PENTA          0.0            1.091394E-11   2.777778E+04   0.0            0.0            0.0
        114                  *TOTALS*       0.0            9.094947E-13   0.0            0.0            0.0            0.0
0       115                  F-OF-SPC       0.0            0.0           -5.555556E+04   0.0            0.0            0.0
        115            15    PENTA          1.818989E-12  -1.818989E-12   2.777778E+04   0.0            0.0            0.0
        115            45    PENTA         -1.059638E-13   1.818989E-12   2.777778E+04   0.0            0.0            0.0
        115                  *TOTALS*       1.713026E-12   0.0           -3.637979E-12   0.0            0.0            0.0
0       116                  F-OF-SPC       1.455192E-11   0.0           -2.777778E+04   0.0            0.0            0.0
        116            15    PENTA         -1.637090E-11   3.637979E-12   2.777778E+04   0.0            0.0            0.0
        116                  *TOTALS*      -1.818989E-12   3.637979E-12   0.0            0.0            0.0            0.0
0       117                  APP-LOAD       0.0            0.0            5.555556E+04   0.0            0.0            0.0
        117                  F-OF-SPC       1.091394E-11   3.637979E-12   0.0            0.0            0.0            0.0
        117            15    PENTA          9.094947E-13   0.0           -2.777778E+04   0.0            0.0            0.0
        117            45    PENTA         -1.273293E-11  -1.818989E-12  -2.777778E+04   0.0            0.0            0.0
        117                  *TOTALS*      -9.094947E-13   1.818989E-12  -3.637979E-12   0.0            0.0            0.0
0       118                  APP-LOAD       0.0            0.0            2.777778E+04   0.0            0.0            0.0
        118                  F-OF-SPC       0.0           -7.275958E-12   0.0            0.0            0.0            0.0
        118            45    PENTA         -7.275958E-12   1.818989E-12  -2.777778E+04   0.0            0.0            0.0
        118                  *TOTALS*      -7.275958E-12  -5.456968E-12   3.637979E-12   0.0            0.0            0.0
0       119                  APP-LOAD       0.0            0.0            5.555556E+04   0.0            0.0            0.0
        119            15    PENTA          1.818989E-12   1.818989E-12  -2.777778E+04   0.0            0.0            0.0
        119            45    PENTA         -3.849906E-12  -3.637979E-12  -2.777778E+04   0.0            0.0            0.0
        119                  *TOTALS*      -2.030917E-12  -1.818989E-12  -1.455192E-11   0.0            0.0            0.0
1                                                                              JUNE  20, 2025  MSC Nastran 11/21/24   PAGE   120
                                                                                                                                    
0                                                                                                                                   
 
                                          G R I D   P O I N T   F O R C E   B A L A N C E
 
   POINT-ID    ELEMENT-ID     SOURCE             T1             T2             T3             R1             R2             R3
0       120                  APP-LOAD       0.0            0.0            2.777778E+04   0.0            0.0            0.0
        120                  F-OF-SPC       7.275958E-12   0.0            0.0            0.0            0.0            0.0
        120            15    PENTA         -5.456968E-12   1.818989E-12  -2.777778E+04   0.0            0.0            0.0
        120                  *TOTALS*       1.818989E-12   1.818989E-12   3.637979E-12   0.0            0.0            0.0
0       121                  F-OF-SPC       1.388889E+04  -3.075002E-08  -4.362664E-08   0.0            0.0            0.0
        121            16    PENTA         -8.757024E-08   4.797039E-08  -2.954221E-08   0.0            0.0            0.0
        121            46    PENTA         -1.388889E+04  -1.721946E-08   7.316885E-08   0.0            0.0            0.0
        121                  *TOTALS*      -1.091394E-11   9.094947E-13   0.0            0.0            0.0            0.0
0       122                  APP-LOAD      -1.388889E+04   0.0            0.0            0.0            0.0            0.0
        122                  F-OF-SPC       0.0           -7.213384E-08  -1.350709E-07   0.0            0.0            0.0
        122            46    PENTA          1.388889E+04   7.213112E-08   1.350691E-07   0.0            0.0            0.0
        122                  *TOTALS*       9.094947E-12  -2.728484E-12  -1.818989E-12   0.0            0.0            0.0
0       123                  APP-LOAD      -1.388889E+04   0.0            0.0            0.0            0.0            0.0
        123                  F-OF-SPC       0.0            0.0           -1.538501E-08   0.0            0.0            0.0
        123            16    PENTA          1.388889E+04   1.311673E-08   5.241873E-08   0.0            0.0            0.0
        123            46    PENTA         -3.918049E-07  -1.312492E-08  -3.703826E-08   0.0            0.0            0.0
        123                  *TOTALS*       1.273293E-11  -8.185452E-12  -4.547474E-12   0.0            0.0            0.0
0       124                  F-OF-SPC       1.388889E+04   0.0           -1.263470E-08   0.0            0.0            0.0
        124            16    PENTA         -1.388889E+04  -2.728484E-12   1.263288E-08   0.0            0.0            0.0
        124                  *TOTALS*       1.091394E-11  -2.728484E-12  -1.818989E-12   0.0            0.0            0.0
0       125                  F-OF-SPC       1.388889E+04  -6.073788E-08   0.0            0.0            0.0            0.0
        125            16    PENTA         -9.129053E-08   6.125038E-08  -1.169519E-08   0.0            0.0            0.0
        125            46    PENTA         -1.388889E+04  -5.220500E-10   1.168792E-08   0.0            0.0            0.0
        125                  *TOTALS*      -1.091394E-11  -9.549694E-12  -7.275958E-12   0.0            0.0            0.0
0       126                  APP-LOAD      -1.388889E+04   0.0            0.0            0.0            0.0            0.0
        126                  F-OF-SPC       0.0           -5.409311E-08   0.0            0.0            0.0            0.0
        126            46    PENTA          1.388889E+04   5.408947E-08  -1.818989E-11   0.0            0.0            0.0
        126                  *TOTALS*      -2.364686E-11  -3.637979E-12  -1.818989E-11   0.0            0.0            0.0
0       127                  APP-LOAD      -1.388889E+04   0.0            0.0            0.0            0.0            0.0
        127            16    PENTA          1.388889E+04   1.971603E-08  -3.895593E-08   0.0            0.0            0.0
        127            46    PENTA         -3.829809E-07  -1.971830E-08   3.895275E-08   0.0            0.0            0.0
        127                  *TOTALS*      -1.273293E-11  -2.273737E-12  -3.183231E-12   0.0            0.0            0.0
0       128                  F-OF-SPC       1.388889E+04   0.0            0.0            0.0            0.0            0.0
        128            16    PENTA         -1.388889E+04   1.818989E-12   0.0            0.0            0.0            0.0
        128                  *TOTALS*       1.818989E-12   1.818989E-12   0.0            0.0            0.0            0.0
0       129                  F-OF-SPC      -1.839453E-08   1.388889E+04  -7.684957E-08   0.0            0.0            0.0
        129            17    PENTA         -9.659402E-09  -1.388889E+04   9.604969E-08   0.0            0.0            0.0
        129            47    PENTA          2.805609E-08  -9.150517E-08  -1.919682E-08   0.0            0.0            0.0
        129                  *TOTALS*       2.160050E-12   1.546141E-11   3.296918E-12   0.0            0.0            0.0
0       130                  F-OF-SPC       0.0            1.388889E+04  -5.597940E-09   0.0            0.0            0.0
1                                                                              JUNE  20, 2025  MSC Nastran 11/21/24   PAGE   121
                                                                                                                                    
0                                                                                                                                   
 
                                          G R I D   P O I N T   F O R C E   B A L A N C E
 
   POINT-ID    ELEMENT-ID     SOURCE             T1             T2             T3             R1             R2             R3
        130            47    PENTA         -4.547474E-13  -1.388889E+04   5.598395E-09   0.0            0.0            0.0
        130                  *TOTALS*      -4.547474E-13   0.0            4.547474E-13   0.0            0.0            0.0
0       131                  APP-LOAD       0.0           -1.388889E+04   0.0            0.0            0.0            0.0
        131                  F-OF-SPC       0.0            0.0           -3.364767E-08   0.0            0.0            0.0
        131            17    PENTA          7.902372E-10  -3.995915E-07  -1.365845E-08   0.0            0.0            0.0
        131            47    PENTA         -7.900098E-10   1.388889E+04   4.730668E-08   0.0            0.0            0.0
        131                  *TOTALS*       2.273737E-13  -2.364686E-11   5.684342E-13   0.0            0.0            0.0
0       132                  APP-LOAD       0.0           -1.388889E+04   0.0            0.0            0.0            0.0
        132                  F-OF-SPC      -6.441587E-08   0.0           -1.433273E-07   0.0            0.0            0.0
        132            17    PENTA          6.441633E-08   1.388889E+04   1.433232E-07   0.0            0.0            0.0
        132                  *TOTALS*       4.547474E-13  -9.094947E-12  -4.092726E-12   0.0            0.0            0.0
0       133                  F-OF-SPC      -3.768764E-08   1.388889E+04   0.0            0.0            0.0            0.0
        133            17    PENTA         -3.801460E-09  -1.388889E+04   3.220043E-08   0.0            0.0            0.0
        133            47    PENTA          4.149058E-08  -9.835594E-08  -3.220214E-08   0.0            0.0            0.0
        133                  *TOTALS*       1.477929E-12   2.273737E-12  -1.705303E-12   0.0            0.0            0.0
0       134                  F-OF-SPC       0.0            1.388889E+04   0.0            0.0            0.0            0.0
        134            47    PENTA          3.183231E-12  -1.388889E+04   9.094947E-13   0.0            0.0            0.0
        134                  *TOTALS*       3.183231E-12   3.637979E-12   9.094947E-13   0.0            0.0            0.0
0       135                  APP-LOAD       0.0           -1.388889E+04   0.0            0.0            0.0            0.0
        135            17    PENTA          3.124683E-09  -3.905957E-07   2.778063E-08   0.0            0.0            0.0
        135            47    PENTA         -3.125251E-09   1.388889E+04  -2.778256E-08   0.0            0.0            0.0
        135                  *TOTALS*      -5.684342E-13  -1.091394E-11  -1.932676E-12   0.0            0.0            0.0
0       136                  APP-LOAD       0.0           -1.388889E+04   0.0            0.0            0.0            0.0
        136                  F-OF-SPC      -4.713365E-08   0.0            0.0            0.0            0.0            0.0
        136            17    PENTA          4.713411E-08   1.388889E+04  -9.094947E-13   0.0            0.0            0.0
        136                  *TOTALS*       4.547474E-13   3.637979E-12  -9.094947E-13   0.0            0.0            0.0
0       137                  F-OF-SPC       3.130677E-06  -1.887073E-06  -3.338369E-06   0.0            0.0            0.0
        137            18    PENTA         -5.157712E-06   1.981221E-06  -3.002682E-06   0.0            0.0            0.0
        137            48    PENTA          2.027037E-06  -9.414907E-08   6.341066E-06   0.0            0.0            0.0
        137                  *TOTALS*       2.728484E-12  -4.547474E-13   1.455192E-11   0.0            0.0            0.0
0       138                  F-OF-SPC       0.0            2.275374E-07  -4.126632E-07   0.0            0.0            0.0
        138            48    PENTA         -9.094947E-12  -2.275410E-07   4.126632E-07   0.0            0.0            0.0
        138                  *TOTALS*      -9.094947E-12  -3.637979E-12   0.0            0.0            0.0            0.0
0       139                  F-OF-SPC       0.0            0.0           -4.720932E-07   0.0            0.0            0.0
        139            18    PENTA         -3.104079E-06   1.133449E-06   6.021188E-06   0.0            0.0            0.0
        139            48    PENTA          3.104073E-06  -1.133450E-06  -5.549115E-06   0.0            0.0            0.0
        139                  *TOTALS*      -6.366463E-12  -1.818989E-12  -2.000888E-11   0.0            0.0            0.0
0       140                  F-OF-SPC       2.921126E-06   0.0           -1.273394E-06   0.0            0.0            0.0
        140            18    PENTA         -2.921124E-06  -3.637979E-12   1.273409E-06   0.0            0.0            0.0
        140                  *TOTALS*       1.818989E-12  -3.637979E-12   1.455192E-11   0.0            0.0            0.0
1                                                                              JUNE  20, 2025  MSC Nastran 11/21/24   PAGE   122
                                                                                                                                    
0                                                                                                                                   
 
                                          G R I D   P O I N T   F O R C E   B A L A N C E
 
   POINT-ID    ELEMENT-ID     SOURCE             T1             T2             T3             R1             R2             R3
0       141                  APP-LOAD       0.0            0.0           -2.603797E-06   0.0            0.0            0.0
        141                  F-OF-SPC       4.799764E-06  -3.606081E-06   0.0            0.0            0.0            0.0
        141            18    PENTA         -6.755967E-06   2.816227E-06  -4.742378E-06   0.0            0.0            0.0
        141            48    PENTA          1.956201E-06   7.898452E-07   7.346185E-06   0.0            0.0            0.0
        141                  *TOTALS*      -2.273737E-12  -9.094947E-12   1.034552E-11   0.0            0.0            0.0
0       142                  APP-LOAD       0.0            0.0           -6.549345E-06   0.0            0.0            0.0
        142                  F-OF-SPC       0.0            3.006444E-07   0.0            0.0            0.0            0.0
        142            48    PENTA          1.455192E-11  -3.006480E-07   6.549355E-06   0.0            0.0            0.0
        142                  *TOTALS*       1.455192E-11  -3.637979E-12   9.663379E-12   0.0            0.0            0.0
0       143                  APP-LOAD       0.0            0.0           -2.603695E-06   0.0            0.0            0.0
        143            18    PENTA         -4.678404E-06   1.036646E-06   8.774517E-06   0.0            0.0            0.0
        143            48    PENTA          4.678408E-06  -1.036651E-06  -6.170780E-06   0.0            0.0            0.0
        143                  *TOTALS*       4.092726E-12  -5.456968E-12   4.263252E-11   0.0            0.0            0.0
0       144                  APP-LOAD       0.0            0.0           -6.549292E-06   0.0            0.0            0.0
        144                  F-OF-SPC       5.516315E-06   0.0            0.0            0.0            0.0            0.0
        144            18    PENTA         -5.516315E-06  -5.456968E-12   6.549271E-06   0.0            0.0            0.0
        144                  *TOTALS*       0.0           -5.456968E-12  -2.046363E-11   0.0            0.0            0.0
0       145                  F-OF-SPC       0.0            1.839780E-07   1.896060E-07   0.0            0.0            0.0
        145             4    HEXA          -1.818989E-11  -1.839780E-07  -1.896060E-07   0.0            0.0            0.0
        145                  *TOTALS*      -1.818989E-11   0.0            0.0            0.0            0.0            0.0
0       146                  APP-LOAD       5.555556E+04   0.0            0.0            0.0            0.0            0.0
        146                  F-OF-SPC       0.0            0.0           -1.863100E-08   0.0            0.0            0.0
        146             4    HEXA          -5.555556E+04  -4.004409E-12   1.862725E-08   0.0            0.0            0.0
        146                  *TOTALS*      -7.275958E-12  -4.004409E-12  -3.751666E-12   0.0            0.0            0.0
0       147                  F-OF-SPC       0.0            0.0            1.630306E-07   0.0            0.0            0.0
        147             4    HEXA          -1.091394E-11  -5.456968E-12  -1.630306E-07   0.0            0.0            0.0
        147                  *TOTALS*      -1.091394E-11  -5.456968E-12   0.0            0.0            0.0            0.0
0       148                  F-OF-SPC      -5.555556E+04   0.0            1.339340E-07   0.0            0.0            0.0
        148             4    HEXA           5.555556E+04  -2.737286E-12  -1.339404E-07   0.0            0.0            0.0
        148                  *TOTALS*       7.275958E-12  -2.737286E-12  -6.366463E-12   0.0            0.0            0.0
0       149                  F-OF-SPC      -5.555556E+04   8.585630E-08   0.0            0.0            0.0            0.0
        149             4    HEXA           5.555556E+04  -8.585084E-08  -5.911716E-12   0.0            0.0            0.0
        149                  *TOTALS*       2.910383E-11   5.456968E-12  -5.911716E-12   0.0            0.0            0.0
0       150                  APP-LOAD       5.555556E+04   0.0            0.0            0.0            0.0            0.0
        150                  F-OF-SPC       0.0           -6.877599E-09   0.0            0.0            0.0            0.0
        150             4    HEXA          -5.555556E+04   6.873961E-09  -1.136868E-11   0.0            0.0            0.0
        150                  *TOTALS*      -3.637979E-11  -3.637979E-12  -1.136868E-11   0.0            0.0            0.0
0       151                  APP-LOAD       5.555556E+04   0.0            0.0            0.0            0.0            0.0
        151             4    HEXA          -5.555556E+04  -9.094947E-13   1.818989E-12   0.0            0.0            0.0
1                                                                              JUNE  20, 2025  MSC Nastran 11/21/24   PAGE   123
                                                                                                                                    
0                                                                                                                                   
 
                                          G R I D   P O I N T   F O R C E   B A L A N C E
 
   POINT-ID    ELEMENT-ID     SOURCE             T1             T2             T3             R1             R2             R3
        151                  *TOTALS*       3.637979E-11  -9.094947E-13   1.818989E-12   0.0            0.0            0.0
0       152                  F-OF-SPC      -5.555556E+04   0.0            0.0            0.0            0.0            0.0
        152             4    HEXA           5.555556E+04  -5.456968E-12   2.410161E-11   0.0            0.0            0.0
        152                  *TOTALS*       7.275958E-12  -5.456968E-12   2.410161E-11   0.0            0.0            0.0
0       153                  F-OF-SPC       0.0            1.572835E-07   0.0            0.0            0.0            0.0
        153             4    HEXA          -5.911716E-12  -1.572844E-07  -3.637979E-12   0.0            0.0            0.0
        153                  *TOTALS*      -5.911716E-12  -9.094947E-13  -3.637979E-12   0.0            0.0            0.0
0       154                  APP-LOAD       5.555556E+04   0.0            0.0            0.0            0.0            0.0
        154             4    HEXA          -5.555556E+04   2.848301E-12  -2.182787E-11   0.0            0.0            0.0
        154                  *TOTALS*       2.910383E-11   2.848301E-12  -2.182787E-11   0.0            0.0            0.0
0       155             4    HEXA           1.773515E-11  -6.366463E-12   5.456968E-12   0.0            0.0            0.0
        155                  *TOTALS*       1.773515E-11  -6.366463E-12   5.456968E-12   0.0            0.0            0.0
0       156                  F-OF-SPC      -5.555556E+04   0.0            0.0            0.0            0.0            0.0
        156             4    HEXA           5.555556E+04   2.075685E-13   0.0            0.0            0.0            0.0
        156                  *TOTALS*       7.275958E-12   2.075685E-13   0.0            0.0            0.0            0.0
0       157                  F-OF-SPC       0.0           -5.555556E+04   1.032622E-07   0.0            0.0            0.0
        157             5    HEXA          -1.818989E-12   5.555556E+04  -1.032590E-07   0.0            0.0            0.0
        157                  *TOTALS*      -1.818989E-12   1.455192E-11   3.183231E-12   0.0            0.0            0.0
0       158                  F-OF-SPC       0.0            0.0            2.094366E-07   0.0            0.0            0.0
        158             5    HEXA          -5.911716E-12   2.560162E-11  -2.094321E-07   0.0            0.0            0.0
        158                  *TOTALS*      -5.911716E-12   2.560162E-11   4.547474E-12   0.0            0.0            0.0
0       159                  APP-LOAD       0.0            5.555556E+04   0.0            0.0            0.0            0.0
        159                  F-OF-SPC       0.0            0.0           -5.232141E-08   0.0            0.0            0.0
        159             5    HEXA           0.0           -5.555556E+04   5.232050E-08   0.0            0.0            0.0
        159                  *TOTALS*       0.0            2.182787E-11  -9.094947E-13   0.0            0.0            0.0
0       160                  F-OF-SPC       1.773333E-07   0.0            2.163142E-07   0.0            0.0            0.0
        160             5    HEXA          -1.773302E-07   5.115688E-11  -2.163156E-07   0.0            0.0            0.0
        160                  *TOTALS*       3.069545E-12   5.115688E-11  -1.364242E-12   0.0            0.0            0.0
0       161                  F-OF-SPC       6.496521E-08  -5.555556E+04   0.0            0.0            0.0            0.0
        161             5    HEXA          -6.496862E-08   5.555556E+04   7.730705E-12   0.0            0.0            0.0
        161                  *TOTALS*      -3.410605E-12  -1.455192E-11   7.730705E-12   0.0            0.0            0.0
0       162                  F-OF-SPC       0.0           -5.555556E+04   0.0            0.0            0.0            0.0
        162             5    HEXA           3.637979E-12   5.555556E+04  -2.501110E-12   0.0            0.0            0.0
        162                  *TOTALS*       3.637979E-12  -1.455192E-11  -2.501110E-12   0.0            0.0            0.0
0       163                  APP-LOAD       0.0            5.555556E+04   0.0            0.0            0.0            0.0
        163             5    HEXA          -8.640200E-12  -5.555556E+04  -4.320100E-12   0.0            0.0            0.0
        163                  *TOTALS*      -8.640200E-12   2.182787E-11  -4.320100E-12   0.0            0.0            0.0
0       164                  APP-LOAD       0.0            5.555556E+04   0.0            0.0            0.0            0.0
1                                                                              JUNE  20, 2025  MSC Nastran 11/21/24   PAGE   124
                                                                                                                                    
0                                                                                                                                   
 
                                          G R I D   P O I N T   F O R C E   B A L A N C E
 
   POINT-ID    ELEMENT-ID     SOURCE             T1             T2             T3             R1             R2             R3
        164                  F-OF-SPC      -2.950219E-08   0.0            0.0            0.0            0.0            0.0
        164             5    HEXA           2.950514E-08  -5.555556E+04  -4.320100E-12   0.0            0.0            0.0
        164                  *TOTALS*       2.955858E-12  -1.455192E-11  -4.320100E-12   0.0            0.0            0.0
0       165                  F-OF-SPC       0.0           -5.555556E+04   0.0            0.0            0.0            0.0
        165             5    HEXA          -2.273737E-13   5.555556E+04   1.773515E-11   0.0            0.0            0.0
        165                  *TOTALS*      -2.273737E-13   7.275958E-12   1.773515E-11   0.0            0.0            0.0
0       166             5    HEXA          -2.160050E-12   7.760659E-12  -1.818989E-12   0.0            0.0            0.0
        166                  *TOTALS*      -2.160050E-12   7.760659E-12  -1.818989E-12   0.0            0.0            0.0
0       167                  APP-LOAD       0.0            5.555556E+04   0.0            0.0            0.0            0.0
        167             5    HEXA          -6.593837E-12  -5.555556E+04   4.547474E-13   0.0            0.0            0.0
        167                  *TOTALS*      -6.593837E-12   7.275958E-12   4.547474E-13   0.0            0.0            0.0
0       168                  F-OF-SPC       1.700664E-07   0.0            0.0            0.0            0.0            0.0
        168             5    HEXA          -1.700673E-07   2.961047E-11   3.637979E-12   0.0            0.0            0.0
        168                  *TOTALS*      -9.094947E-13   2.961047E-11   3.637979E-12   0.0            0.0            0.0
0       169                  F-OF-SPC       0.0            7.094059E-11  -5.555556E+04   0.0            0.0            0.0
        169             6    HEXA           2.182787E-11  -6.912160E-11   5.555556E+04   0.0            0.0            0.0
        169                  *TOTALS*       2.182787E-11   1.818989E-12   0.0            0.0            0.0            0.0
0       170                  F-OF-SPC       0.0            0.0           -5.555556E+04   0.0            0.0            0.0
        170             6    HEXA           0.0           -2.267156E-12   5.555556E+04   0.0            0.0            0.0
        170                  *TOTALS*       0.0           -2.267156E-12   0.0            0.0            0.0            0.0
0       171                  F-OF-SPC       0.0            0.0           -5.555556E+04   0.0            0.0            0.0
        171             6    HEXA          -7.275958E-12   3.637979E-12   5.555556E+04   0.0            0.0            0.0
        171                  *TOTALS*      -7.275958E-12   3.637979E-12   7.275958E-12   0.0            0.0            0.0
0       172                  F-OF-SPC       3.092282E-11   0.0           -5.555556E+04   0.0            0.0            0.0
        172             6    HEXA          -4.183676E-11   3.205237E-12   5.555556E+04   0.0            0.0            0.0
        172                  *TOTALS*      -1.091394E-11   3.205237E-12   7.275958E-12   0.0            0.0            0.0
0       173                  F-OF-SPC       7.275958E-12   2.546585E-11   0.0            0.0            0.0            0.0
        173             6    HEXA          -9.094947E-12  -2.910383E-11  -3.456080E-11   0.0            0.0            0.0
        173                  *TOTALS*      -1.818989E-12  -3.637979E-12  -3.456080E-11   0.0            0.0            0.0
0       174                  F-OF-SPC       0.0            3.092282E-11   0.0            0.0            0.0            0.0
        174             6    HEXA           1.091394E-11  -2.910383E-11   3.637979E-12   0.0            0.0            0.0
        174                  *TOTALS*       1.091394E-11   1.818989E-12   3.637979E-12   0.0            0.0            0.0
0       175             6    HEXA          -7.275958E-12   1.818989E-11   0.0            0.0            0.0            0.0
        175                  *TOTALS*      -7.275958E-12   1.818989E-11   0.0            0.0            0.0            0.0
0       176                  F-OF-SPC       1.909939E-11   0.0            0.0            0.0            0.0            0.0
        176             6    HEXA          -2.000888E-11   1.455192E-11  -5.093170E-11   0.0            0.0            0.0
        176                  *TOTALS*      -9.094947E-13   1.455192E-11  -5.093170E-11   0.0            0.0            0.0
0       177                  APP-LOAD       0.0            0.0            5.555556E+04   0.0            0.0            0.0
1                                                                              JUNE  20, 2025  MSC Nastran 11/21/24   PAGE   125
                                                                                                                                    
0                                                                                                                                   
 
                                          G R I D   P O I N T   F O R C E   B A L A N C E
 
   POINT-ID    ELEMENT-ID     SOURCE             T1             T2             T3             R1             R2             R3
        177                  F-OF-SPC       0.0            5.275069E-11   0.0            0.0            0.0            0.0
        177             6    HEXA          -1.455192E-11  -5.275069E-11  -5.555556E+04   0.0            0.0            0.0
        177                  *TOTALS*      -1.455192E-11   0.0           -7.275958E-12   0.0            0.0            0.0
0       178                  APP-LOAD       0.0            0.0            5.555556E+04   0.0            0.0            0.0
        178             6    HEXA           5.456968E-12   6.066920E-12  -5.555556E+04   0.0            0.0            0.0
        178                  *TOTALS*       5.456968E-12   6.066920E-12   7.275958E-11   0.0            0.0            0.0
0       179                  APP-LOAD       0.0            0.0            5.555556E+04   0.0            0.0            0.0
        179             6    HEXA          -2.728484E-12   9.094947E-12  -5.555556E+04   0.0            0.0            0.0
        179                  *TOTALS*      -2.728484E-12   9.094947E-12   0.0            0.0            0.0            0.0
0       180                  APP-LOAD       0.0            0.0            5.555556E+04   0.0            0.0            0.0
        180                  F-OF-SPC       7.275958E-12   0.0            0.0            0.0            0.0            0.0
        180             6    HEXA          -3.637979E-12   5.847542E-12  -5.555556E+04   0.0            0.0            0.0
        180                  *TOTALS*       3.637979E-12   5.847542E-12  -7.275958E-12   0.0            0.0            0.0
0       181                  APP-LOAD       2.777778E+04   0.0            0.0            0.0            0.0            0.0
        181            10    TETRA         -2.777778E+04  -4.062507E-13  -1.818989E-12   0.0            0.0            0.0
        181                  *TOTALS*      -3.274181E-11  -4.062507E-13  -1.818989E-12   0.0            0.0            0.0
0       182                  APP-LOAD       2.777778E+04   0.0            0.0            0.0            0.0            0.0
        182            10    TETRA         -2.777778E+04  -1.296030E-11  -8.185452E-12   0.0            0.0            0.0
        182                  *TOTALS*       7.275958E-12  -1.296030E-11  -8.185452E-12   0.0            0.0            0.0
0       183                  APP-LOAD       5.555556E+04   0.0            0.0            0.0            0.0            0.0
        183            10    TETRA         -6.425499E-06   6.285377E-06   4.640071E-06   0.0            0.0            0.0
        183            33    TETRA         -5.555556E+04  -2.259016E-06  -6.616898E-08   0.0            0.0            0.0
        183            34    TETRA         -9.775704E-06  -4.026360E-06  -4.573903E-06   0.0            0.0            0.0
        183                  *TOTALS*       5.437553E-11   2.273737E-13  -1.421085E-12   0.0            0.0            0.0
0       184            10    TETRA          2.777778E+04  -2.582542E-06   2.576631E-06   0.0            0.0            0.0
        184            31    TETRA         -2.777778E+04   2.387859E-06   8.019761E-07   0.0            0.0            0.0
        184            33    TETRA          2.064002E-06   1.946883E-07  -3.378581E-06   0.0            0.0            0.0
        184                  *TOTALS*      -1.227818E-11   5.002221E-12   2.637535E-11   0.0            0.0            0.0
0       185            10    TETRA         -1.637090E-11   1.273293E-11  -1.091394E-11   0.0            0.0            0.0
        185                  *TOTALS*      -1.637090E-11   1.273293E-11  -1.091394E-11   0.0            0.0            0.0
0       186            10    TETRA          2.777778E+04  -7.366276E-06  -3.078119E-06   0.0            0.0            0.0
        186            32    TETRA         -2.777778E+04   2.512830E-06   2.498028E-06   0.0            0.0            0.0
        186            33    TETRA          4.608868E-06   4.853441E-06   5.800830E-07   0.0            0.0            0.0
        186                  *TOTALS*       1.818989E-11  -4.679676E-12  -8.185452E-12   0.0            0.0            0.0
0       187            11    TETRA          6.821210E-12  -5.563100E-13   3.865352E-12   0.0            0.0            0.0
        187                  *TOTALS*       6.821210E-12  -5.563100E-13   3.865352E-12   0.0            0.0            0.0
0       188                  APP-LOAD       0.0            2.777778E+04   0.0            0.0            0.0            0.0
        188            11    TETRA         -6.821210E-12  -2.777778E+04  -8.867573E-12   0.0            0.0            0.0
        188                  *TOTALS*      -6.821210E-12  -1.091394E-11  -8.867573E-12   0.0            0.0            0.0
1                                                                              JUNE  20, 2025  MSC Nastran 11/21/24   PAGE   126
                                                                                                                                    
0                                                                                                                                   
 
                                          G R I D   P O I N T   F O R C E   B A L A N C E
 
   POINT-ID    ELEMENT-ID     SOURCE             T1             T2             T3             R1             R2             R3
0       189            11    TETRA          2.069536E-06   2.777778E+04   2.000382E-06   0.0            0.0            0.0
        189            37    TETRA         -1.762013E-06   6.186262E-06  -4.116597E-06   0.0            0.0            0.0
        189            38    TETRA         -3.075296E-07  -2.777778E+04   2.116213E-06   0.0            0.0            0.0
        189                  *TOTALS*      -6.940486E-12   0.0           -2.145839E-12   0.0            0.0            0.0
0       190            11    TETRA         -8.934933E-08   2.777778E+04  -5.590167E-06   0.0            0.0            0.0
        190            35    TETRA          8.559236E-07  -2.777778E+04   2.086827E-06   0.0            0.0            0.0
        190            37    TETRA         -7.665752E-07   4.361686E-07   3.503341E-06   0.0            0.0            0.0
        190                  *TOTALS*      -8.810730E-13  -1.045919E-11   7.958079E-13   0.0            0.0            0.0
0       191                  APP-LOAD       0.0            2.777778E+04   0.0            0.0            0.0            0.0
        191            11    TETRA          2.501110E-12  -2.777778E+04   0.0            0.0            0.0            0.0
        191                  *TOTALS*       2.501110E-12   7.275958E-12   0.0            0.0            0.0            0.0
0       192                  APP-LOAD       0.0            5.555556E+04   0.0            0.0            0.0            0.0
        192            11    TETRA         -1.292097E-06  -2.599662E-06   3.378098E-06   0.0            0.0            0.0
        192            36    TETRA         -8.597167E-07   7.437855E-06  -6.304275E-06   0.0            0.0            0.0
        192            37    TETRA          2.151815E-06  -5.555556E+04   2.926177E-06   0.0            0.0            0.0
        192                  *TOTALS*       9.094947E-13  -3.637979E-11   6.821210E-13   0.0            0.0            0.0
0       193                  APP-LOAD       0.0            0.0            2.777778E+04   0.0            0.0            0.0
        193            12    TETRA          0.0            6.927342E-12  -2.777778E+04   0.0            0.0            0.0
        193                  *TOTALS*       0.0            6.927342E-12   2.182787E-11   0.0            0.0            0.0
0       194            12    TETRA         -9.094947E-12  -8.185452E-12   7.275958E-12   0.0            0.0            0.0
        194                  *TOTALS*      -9.094947E-12  -8.185452E-12   7.275958E-12   0.0            0.0            0.0
0       195            12    TETRA          2.394110E-06  -1.936715E-06   2.777778E+04   0.0            0.0            0.0
        195            41    TETRA         -2.835628E-06  -9.504893E-07   2.419614E-06   0.0            0.0            0.0
        195            42    TETRA          4.415250E-07   2.887218E-06  -2.777778E+04   0.0            0.0            0.0
        195                  *TOTALS*       7.642346E-12   1.364242E-11  -1.818989E-11   0.0            0.0            0.0
0       196                  APP-LOAD       0.0            0.0            5.555556E+04   0.0            0.0            0.0
        196            12    TETRA          3.335899E-06   8.308842E-06  -7.798687E-06   0.0            0.0            0.0
        196            39    TETRA         -3.856709E-06  -5.332266E-06  -1.273997E-05   0.0            0.0            0.0
        196            41    TETRA          5.208276E-07  -2.976583E-06  -5.555556E+04   0.0            0.0            0.0
        196                  *TOTALS*       1.818989E-11  -7.275958E-12  -4.365575E-11   0.0            0.0            0.0
0       197                  APP-LOAD       0.0            0.0            2.777778E+04   0.0            0.0            0.0
        197            12    TETRA          3.637979E-12  -1.273293E-11  -2.777778E+04   0.0            0.0            0.0
        197                  *TOTALS*       3.637979E-12  -1.273293E-11   6.548362E-11   0.0            0.0            0.0
0       198            12    TETRA         -2.495251E-06  -9.460473E-06   2.777778E+04   0.0            0.0            0.0
        198            40    TETRA          2.011919E-06   2.630515E-06  -2.777778E+04   0.0            0.0            0.0
        198            41    TETRA          4.833200E-07   6.829971E-06   3.756017E-06   0.0            0.0            0.0
        198                  *TOTALS*      -1.273293E-11   1.351818E-11   2.546585E-11   0.0            0.0            0.0
0       199                  F-OF-SPC       0.0           -9.308460E-06   0.0            0.0            0.0            0.0
        199            31    TETRA         -2.777778E+04  -1.013467E-06  -5.574839E-07   0.0            0.0            0.0
1                                                                              JUNE  20, 2025  MSC Nastran 11/21/24   PAGE   127
                                                                                                                                    
0                                                                                                                                   
 
                                          G R I D   P O I N T   F O R C E   B A L A N C E
 
   POINT-ID    ELEMENT-ID     SOURCE             T1             T2             T3             R1             R2             R3
        199            33    TETRA          5.932975E-06  -7.930406E-07  -1.017872E-06   0.0            0.0            0.0
        199            34    TETRA          2.777778E+04   1.111496E-05   1.575348E-06   0.0            0.0            0.0
        199                  *TOTALS*      -4.365575E-11  -5.836308E-12  -8.185452E-12   0.0            0.0            0.0
0       200                  F-OF-SPC      -5.555556E+04   0.0            0.0            0.0            0.0            0.0
        200            31    TETRA         -4.517278E-07   3.212985E-06   1.080025E-06   0.0            0.0            0.0
        200            32    TETRA         -5.679804E-07  -2.213056E-06  -1.026750E-06   0.0            0.0            0.0
        200            33    TETRA          5.555556E+04  -9.999230E-07  -5.325654E-08   0.0            0.0            0.0
        200                  *TOTALS*      -7.275958E-12   5.456968E-12   1.801936E-11   0.0            0.0            0.0
0       201                  F-OF-SPC      -2.777778E+04   2.133142E-06   0.0            0.0            0.0            0.0
        201            31    TETRA          2.777778E+04  -2.133138E-06  -1.000444E-11   0.0            0.0            0.0
        201                  *TOTALS*      -3.637979E-12   3.637979E-12  -1.000444E-11   0.0            0.0            0.0
0       202                  F-OF-SPC       0.0            1.964130E-06   0.0            0.0            0.0            0.0
        202            31    TETRA         -1.818989E-12  -1.964129E-06   1.818989E-12   0.0            0.0            0.0
        202                  *TOTALS*      -1.818989E-12   9.094947E-13   1.818989E-12   0.0            0.0            0.0
0       203                  F-OF-SPC      -2.777778E+04   0.0            0.0            0.0            0.0            0.0
        203            31    TETRA          2.777778E+04   9.094947E-12   0.0            0.0            0.0            0.0
        203                  *TOTALS*       3.637979E-12   9.094947E-12   0.0            0.0            0.0            0.0
0       204                  F-OF-SPC       0.0            0.0           -9.681717E-07   0.0            0.0            0.0
        204            32    TETRA         -2.777778E+04  -2.887996E-07  -2.924589E-07   0.0            0.0            0.0
        204            33    TETRA          7.088292E-07  -2.110432E-06   4.489668E-06   0.0            0.0            0.0
        204            34    TETRA          2.777778E+04   2.399235E-06  -3.229039E-06   0.0            0.0            0.0
        204                  *TOTALS*       7.275958E-12   3.896245E-12  -1.818989E-12   0.0            0.0            0.0
0       205                  F-OF-SPC       0.0            0.0            7.887829E-07   0.0            0.0            0.0
        205            32    TETRA         -3.637979E-12   1.818989E-12  -7.887829E-07   0.0            0.0            0.0
        205                  *TOTALS*      -3.637979E-12   1.818989E-12   0.0            0.0            0.0            0.0
0       206                  F-OF-SPC      -2.777778E+04   0.0            1.228425E-06   0.0            0.0            0.0
        206            32    TETRA          2.777778E+04  -3.637979E-12  -1.228426E-06   0.0            0.0            0.0
        206                  *TOTALS*      -3.637979E-12  -3.637979E-12  -9.094947E-13   0.0            0.0            0.0
0       207                  F-OF-SPC      -2.777778E+04   0.0            0.0            0.0            0.0            0.0
        207            32    TETRA          2.777778E+04  -9.094947E-13   3.637979E-12   0.0            0.0            0.0
        207                  *TOTALS*       7.275958E-12  -9.094947E-13   3.637979E-12   0.0            0.0            0.0
0       208                  F-OF-SPC       0.0           -6.792636E-06  -6.771552E-08   0.0            0.0            0.0
        208            34    TETRA          9.017738E-12   6.792635E-06   6.771006E-08   0.0            0.0            0.0
        208                  *TOTALS*       9.017738E-12  -9.094947E-13  -5.456968E-12   0.0            0.0            0.0
0       209                  APP-LOAD       2.777778E+04   0.0            0.0            0.0            0.0            0.0
        209                  F-OF-SPC       0.0            0.0           -5.441503E-06   0.0            0.0            0.0
        209            34    TETRA         -2.777778E+04  -4.547474E-12   5.441503E-06   0.0            0.0            0.0
        209                  *TOTALS*       1.091394E-11  -4.547474E-12   0.0            0.0            0.0            0.0
0       210                  APP-LOAD       2.777778E+04   0.0            0.0            0.0            0.0            0.0
1                                                                              JUNE  20, 2025  MSC Nastran 11/21/24   PAGE   128
                                                                                                                                    
0                                                                                                                                   
 
                                          G R I D   P O I N T   F O R C E   B A L A N C E
 
   POINT-ID    ELEMENT-ID     SOURCE             T1             T2             T3             R1             R2             R3
        210                  F-OF-SPC       0.0            8.506730E-06   0.0            0.0            0.0            0.0
        210            34    TETRA         -2.777778E+04  -8.506730E-06  -9.094947E-12   0.0            0.0            0.0
        210                  *TOTALS*       0.0           -9.094947E-13  -9.094947E-12   0.0            0.0            0.0
0       211                  F-OF-SPC       0.0           -5.555556E+04   0.0            0.0            0.0            0.0
        211            35    TETRA          6.559490E-07  -2.002360E-06  -3.074445E-06   0.0            0.0            0.0
        211            37    TETRA          4.969993E-08   5.555556E+04  -2.718782E-06   0.0            0.0            0.0
        211            38    TETRA         -7.056408E-07  -5.314796E-07   5.793223E-06   0.0            0.0            0.0
        211                  *TOTALS*       8.096008E-12   7.275958E-12  -3.637979E-12   0.0            0.0            0.0
0       212                  F-OF-SPC       3.726773E-06   0.0            0.0            0.0            0.0            0.0
        212            35    TETRA          1.292251E-07  -2.777778E+04   2.411085E-06   0.0            0.0            0.0
        212            36    TETRA         -3.413912E-06   2.777778E+04  -6.222250E-06   0.0            0.0            0.0
        212            37    TETRA         -4.420838E-07  -1.288199E-05   3.811161E-06   0.0            0.0            0.0
        212                  *TOTALS*       1.790568E-12  -4.149570E-12  -4.206413E-12   0.0            0.0            0.0
0       213                  F-OF-SPC       1.255234E-06  -2.777778E+04   0.0            0.0            0.0            0.0
        213            35    TETRA         -1.255233E-06   2.777778E+04  -2.273737E-12   0.0            0.0            0.0
        213                  *TOTALS*       4.547474E-13  -3.637979E-12  -2.273737E-12   0.0            0.0            0.0
0       214                  F-OF-SPC       0.0           -2.777778E+04   0.0            0.0            0.0            0.0
        214            35    TETRA         -6.821210E-13   2.777778E+04  -5.456968E-12   0.0            0.0            0.0
        214                  *TOTALS*      -6.821210E-13  -7.275958E-12  -5.456968E-12   0.0            0.0            0.0
0       215                  F-OF-SPC       3.146765E-07   0.0            0.0            0.0            0.0            0.0
        215            35    TETRA         -3.146770E-07  -5.456968E-12  -1.818989E-12   0.0            0.0            0.0
        215                  *TOTALS*      -4.547474E-13  -5.456968E-12  -1.818989E-12   0.0            0.0            0.0
0       216                  F-OF-SPC       0.0            0.0            6.267652E-06   0.0            0.0            0.0
        216            36    TETRA         -2.947573E-06   2.777778E+04  -3.056461E-06   0.0            0.0            0.0
        216            37    TETRA          2.260988E-06  -4.376510E-06  -4.181136E-06   0.0            0.0            0.0
        216            38    TETRA          6.865903E-07  -2.777778E+04   9.699488E-07   0.0            0.0            0.0
        216                  *TOTALS*       5.090268E-12  -3.637979E-11   3.410605E-12   0.0            0.0            0.0
0       217                  APP-LOAD       0.0            2.777778E+04   0.0            0.0            0.0            0.0
        217                  F-OF-SPC       0.0            0.0           -1.097013E-05   0.0            0.0            0.0
        217            36    TETRA         -4.547474E-13  -2.777778E+04   1.097013E-05   0.0            0.0            0.0
        217                  *TOTALS*      -4.547474E-13   3.637979E-12   2.046363E-12   0.0            0.0            0.0
0       218                  F-OF-SPC       1.361963E-06   0.0            2.556646E-06   0.0            0.0            0.0
        218            36    TETRA         -1.361964E-06   6.821210E-13  -2.556646E-06   0.0            0.0            0.0
        218                  *TOTALS*      -1.364242E-12   6.821210E-13   3.410605E-13   0.0            0.0            0.0
0       219                  APP-LOAD       0.0            2.777778E+04   0.0            0.0            0.0            0.0
        219                  F-OF-SPC      -4.599206E-06   0.0            0.0            0.0            0.0            0.0
        219            36    TETRA          4.599208E-06  -2.777778E+04  -9.094947E-13   0.0            0.0            0.0
        219                  *TOTALS*       2.046363E-12   1.455192E-11  -9.094947E-13   0.0            0.0            0.0
0       220                  F-OF-SPC       0.0           -2.777778E+04   4.610503E-06   0.0            0.0            0.0
        220            38    TETRA          7.727229E-13   2.777778E+04  -4.610503E-06   0.0            0.0            0.0
1                                                                              JUNE  20, 2025  MSC Nastran 11/21/24   PAGE   129
                                                                                                                                    
0                                                                                                                                   
 
                                          G R I D   P O I N T   F O R C E   B A L A N C E
 
   POINT-ID    ELEMENT-ID     SOURCE             T1             T2             T3             R1             R2             R3
        220                  *TOTALS*       7.727229E-13   0.0            0.0            0.0            0.0            0.0
0       221                  F-OF-SPC       0.0            0.0            5.554104E-06   0.0            0.0            0.0
        221            38    TETRA         -9.094947E-13   1.091394E-11  -5.554105E-06   0.0            0.0            0.0
        221                  *TOTALS*      -9.094947E-13   1.091394E-11  -4.547474E-13   0.0            0.0            0.0
0       222                  F-OF-SPC       0.0           -2.777778E+04   0.0            0.0            0.0            0.0
        222            38    TETRA         -4.547474E-13   2.777778E+04   3.637979E-12   0.0            0.0            0.0
        222                  *TOTALS*      -4.547474E-13  -3.637979E-12   3.637979E-12   0.0            0.0            0.0
0       223                  F-OF-SPC       0.0           -1.220191E-05   0.0            0.0            0.0            0.0
        223            39    TETRA          7.942581E-07   1.403347E-05   2.777778E+04   0.0            0.0            0.0
        223            41    TETRA         -7.176447E-07  -1.898341E-06   4.288049E-06   0.0            0.0            0.0
        223            42    TETRA         -7.660128E-08   6.678601E-08  -2.777778E+04   0.0            0.0            0.0
        223                  *TOTALS*       1.210732E-11   1.403096E-12   3.637979E-12   0.0            0.0            0.0
0       224                  F-OF-SPC      -5.053298E-07   0.0            0.0            0.0            0.0            0.0
        224            39    TETRA         -2.838075E-06   1.402070E-06   2.777778E+04   0.0            0.0            0.0
        224            40    TETRA         -2.631741E-07   8.831194E-09  -2.777778E+04   0.0            0.0            0.0
        224            41    TETRA          3.606575E-06  -1.410906E-06   9.795930E-07   0.0            0.0            0.0
        224                  *TOTALS*      -3.637979E-12  -5.002221E-12  -1.648459E-11   0.0            0.0            0.0
0       225                  F-OF-SPC      -9.317446E-07  -1.009733E-05   0.0            0.0            0.0            0.0
        225            39    TETRA          9.317409E-07   1.009732E-05   1.818989E-12   0.0            0.0            0.0
        225                  *TOTALS*      -3.637979E-12  -3.637979E-12   1.818989E-12   0.0            0.0            0.0
0       226                  APP-LOAD       0.0            0.0            2.777778E+04   0.0            0.0            0.0
        226                  F-OF-SPC       0.0            1.025223E-05   0.0            0.0            0.0            0.0
        226            39    TETRA          7.275958E-12  -1.025222E-05  -2.777778E+04   0.0            0.0            0.0
        226                  *TOTALS*       7.275958E-12   1.637090E-11  -3.637979E-12   0.0            0.0            0.0
0       227                  APP-LOAD       0.0            0.0            2.777778E+04   0.0            0.0            0.0
        227                  F-OF-SPC      -5.156631E-06   0.0            0.0            0.0            0.0            0.0
        227            39    TETRA          5.156639E-06  -1.091394E-11  -2.777778E+04   0.0            0.0            0.0
        227                  *TOTALS*       7.275958E-12  -1.091394E-11   1.091394E-11   0.0            0.0            0.0
0       228                  F-OF-SPC       0.0            0.0           -5.555556E+04   0.0            0.0            0.0
        228            40    TETRA         -2.429603E-07  -1.690919E-06  -8.955521E-07   0.0            0.0            0.0
        228            41    TETRA         -1.552053E-08  -1.731714E-06   5.555556E+04   0.0            0.0            0.0
        228            42    TETRA          2.584711E-07   3.422629E-06   4.694994E-08   0.0            0.0            0.0
        228                  *TOTALS*      -9.691204E-12  -4.397330E-12  -1.818989E-12   0.0            0.0            0.0
0       229                  F-OF-SPC       0.0            0.0           -2.777778E+04   0.0            0.0            0.0
        229            40    TETRA          1.818989E-12  -5.456968E-12   2.777778E+04   0.0            0.0            0.0
        229                  *TOTALS*       1.818989E-12  -5.456968E-12   1.091394E-11   0.0            0.0            0.0
0       230                  F-OF-SPC       1.430111E-06   0.0           -2.777778E+04   0.0            0.0            0.0
        230            40    TETRA         -1.430113E-06   1.818989E-12   2.777778E+04   0.0            0.0            0.0
        230                  *TOTALS*      -1.818989E-12   1.818989E-12   3.637979E-12   0.0            0.0            0.0
0       231                  F-OF-SPC       4.092562E-07   0.0            0.0            0.0            0.0            0.0
1                                                                              JUNE  20, 2025  MSC Nastran 11/21/24   PAGE   130
                                                                                                                                    
0                                                                                                                                   
 
                                          G R I D   P O I N T   F O R C E   B A L A N C E
 
   POINT-ID    ELEMENT-ID     SOURCE             T1             T2             T3             R1             R2             R3
        231            40    TETRA         -4.092526E-07  -1.091394E-11   1.455192E-11   0.0            0.0            0.0
        231                  *TOTALS*       3.637979E-12  -1.091394E-11   1.455192E-11   0.0            0.0            0.0
0       232                  F-OF-SPC       0.0            3.228247E-06  -2.777778E+04   0.0            0.0            0.0
        232            42    TETRA         -9.439498E-12  -3.228248E-06   2.777778E+04   0.0            0.0            0.0
        232                  *TOTALS*      -9.439498E-12  -9.094947E-13   3.637979E-12   0.0            0.0            0.0
0       233                  F-OF-SPC       0.0            0.0           -2.777778E+04   0.0            0.0            0.0
        233            42    TETRA         -1.455192E-11   9.094947E-12   2.777778E+04   0.0            0.0            0.0
        233                  *TOTALS*      -1.455192E-11   9.094947E-12  -3.637979E-12   0.0            0.0            0.0
0       234                  F-OF-SPC       0.0            3.408400E-06   0.0            0.0            0.0            0.0
        234            42    TETRA         -1.091394E-11  -3.408401E-06   1.818989E-11   0.0            0.0            0.0
        234                  *TOTALS*      -1.091394E-11  -4.547474E-13   1.818989E-11   0.0            0.0            0.0
0       235                  F-OF-SPC       0.0            0.0           -1.138324E-08   0.0            0.0            0.0
        235            16    PENTA          2.728484E-12   0.0            1.138324E-08   0.0            0.0            0.0
        235                  *TOTALS*       2.728484E-12   0.0            0.0            0.0            0.0            0.0
0       236                  F-OF-SPC      -5.555556E+04   0.0            1.438821E-09   0.0            0.0            0.0
        236            16    PENTA          5.555556E+04  -7.275958E-12  -1.438821E-09   0.0            0.0            0.0
        236                  *TOTALS*      -1.455192E-11  -7.275958E-12   0.0            0.0            0.0            0.0
0       237                  F-OF-SPC       0.0            0.0            1.770750E-07   0.0            0.0            0.0
        237            16    PENTA         -5.555556E+04  -2.718662E-08   1.178960E-07   0.0            0.0            0.0
        237            46    PENTA          5.555556E+04   2.716479E-08  -2.949891E-07   0.0            0.0            0.0
        237                  *TOTALS*       2.910383E-11  -2.182787E-11  -1.818989E-11   0.0            0.0            0.0
0       238                  APP-LOAD       5.555556E+04   0.0            0.0            0.0            0.0            0.0
        238            16    PENTA         -5.555556E+04  -1.233348E-07   1.813441E-08   0.0            0.0            0.0
        238            46    PENTA          4.526082E-07   1.233457E-07  -1.811168E-08   0.0            0.0            0.0
        238                  *TOTALS*       7.275958E-12   1.091394E-11   2.273737E-11   0.0            0.0            0.0
0       239                  F-OF-SPC      -5.555556E+04   0.0            0.0            0.0            0.0            0.0
        239            16    PENTA          5.555556E+04   5.456968E-12  -7.275958E-12   0.0            0.0            0.0
        239                  *TOTALS*       0.0            5.456968E-12  -7.275958E-12   0.0            0.0            0.0
0       240                  F-OF-SPC      -5.555556E+04   7.903873E-08   0.0            0.0            0.0            0.0
        240            16    PENTA          1.879316E-07   1.122316E-09   4.240428E-08   0.0            0.0            0.0
        240            46    PENTA          5.555556E+04  -8.016468E-08  -4.240519E-08   0.0            0.0            0.0
        240                  *TOTALS*      -1.455192E-11  -3.637979E-12  -9.094947E-13   0.0            0.0            0.0
0       241            16    PENTA          6.821210E-12  -9.094947E-13  -7.275958E-12   0.0            0.0            0.0
        241                  *TOTALS*       6.821210E-12  -9.094947E-13  -7.275958E-12   0.0            0.0            0.0
0       242                  F-OF-SPC      -5.555556E+04   0.0            0.0            0.0            0.0            0.0
        242            16    PENTA          5.555556E+04  -9.094947E-13  -5.456968E-12   0.0            0.0            0.0
        242                  *TOTALS*       0.0           -9.094947E-13  -5.456968E-12   0.0            0.0            0.0
0       243            16    PENTA         -5.555556E+04   7.397830E-09  -1.732551E-07   0.0            0.0            0.0
1                                                                              JUNE  20, 2025  MSC Nastran 11/21/24   PAGE   131
                                                                                                                                    
0                                                                                                                                   
 
                                          G R I D   P O I N T   F O R C E   B A L A N C E
 
   POINT-ID    ELEMENT-ID     SOURCE             T1             T2             T3             R1             R2             R3
        243            46    PENTA          5.555556E+04  -7.386916E-09   1.732478E-07   0.0            0.0            0.0
        243                  *TOTALS*      -4.365575E-11   1.091394E-11  -7.275958E-12   0.0            0.0            0.0
0       244                  APP-LOAD       0.0            5.555556E+04   0.0            0.0            0.0            0.0
        244                  F-OF-SPC       0.0            0.0           -1.801491E-07   0.0            0.0            0.0
        244            17    PENTA          5.684342E-12  -5.555556E+04   1.801554E-07   0.0            0.0            0.0
        244                  *TOTALS*       5.684342E-12   0.0            6.366463E-12   0.0            0.0            0.0
0       245                  F-OF-SPC       7.022481E-08   0.0            2.284633E-07   0.0            0.0            0.0
        245            17    PENTA         -7.022663E-08  -7.958079E-12  -2.284642E-07   0.0            0.0            0.0
        245                  *TOTALS*      -1.818989E-12  -7.958079E-12  -9.094947E-13   0.0            0.0            0.0
0       246                  F-OF-SPC       0.0            0.0            1.861372E-07   0.0            0.0            0.0
        246            17    PENTA          1.288061E-08   5.555556E+04  -2.976149E-07   0.0            0.0            0.0
        246            47    PENTA         -1.286969E-08  -5.555556E+04   1.114799E-07   0.0            0.0            0.0
        246                  *TOTALS*       1.091394E-11   3.637979E-11   2.273737E-12   0.0            0.0            0.0
0       247                  APP-LOAD       0.0            5.555556E+04   0.0            0.0            0.0            0.0
        247            17    PENTA          9.153757E-08   4.873541E-07  -2.487718E-08   0.0            0.0            0.0
        247            47    PENTA         -9.153382E-08  -5.555556E+04   2.487650E-08   0.0            0.0            0.0
        247                  *TOTALS*       3.751666E-12   6.548362E-11  -6.821210E-13   0.0            0.0            0.0
0       248                  APP-LOAD       0.0            5.555556E+04   0.0            0.0            0.0            0.0
        248                  F-OF-SPC      -1.314220E-08   0.0            0.0            0.0            0.0            0.0
        248            17    PENTA          1.314720E-08  -5.555556E+04  -9.094947E-13   0.0            0.0            0.0
        248                  *TOTALS*       5.002221E-12  -1.455192E-11  -9.094947E-13   0.0            0.0            0.0
0       249                  F-OF-SPC       5.385118E-08  -5.555556E+04   0.0            0.0            0.0            0.0
        249            17    PENTA         -9.334553E-08   5.555556E+04  -4.616095E-08   0.0            0.0            0.0
        249            47    PENTA          3.949242E-08   1.896510E-07   4.616732E-08   0.0            0.0            0.0
        249                  *TOTALS*      -1.932676E-12  -2.592060E-11   6.366463E-12   0.0            0.0            0.0
0       250                  APP-LOAD       0.0            5.555556E+04   0.0            0.0            0.0            0.0
        250            17    PENTA          7.389644E-13  -5.555556E+04  -4.547474E-12   0.0            0.0            0.0
        250                  *TOTALS*       7.389644E-13  -5.093170E-11  -4.547474E-12   0.0            0.0            0.0
0       251                  F-OF-SPC       5.666880E-08   0.0            0.0            0.0            0.0            0.0
        251            17    PENTA         -5.667300E-08  -3.410605E-11   1.818989E-12   0.0            0.0            0.0
        251                  *TOTALS*      -4.206413E-12  -3.410605E-11   1.818989E-12   0.0            0.0            0.0
0       252            17    PENTA          7.157723E-10   5.555556E+04   1.312728E-07   0.0            0.0            0.0
        252            47    PENTA         -7.039489E-10  -5.555556E+04  -1.312765E-07   0.0            0.0            0.0
        252                  *TOTALS*       1.182343E-11   2.182787E-11  -3.637979E-12   0.0            0.0            0.0
0       253                  F-OF-SPC       0.0            0.0           -2.777778E+04   0.0            0.0            0.0
        253            18    PENTA         -7.275958E-12  -3.637979E-12   2.777778E+04   0.0            0.0            0.0
        253                  *TOTALS*      -7.275958E-12  -3.637979E-12  -7.275958E-12   0.0            0.0            0.0
0       254                  F-OF-SPC      -1.155782E-06   0.0           -2.777778E+04   0.0            0.0            0.0
        254            18    PENTA          1.155779E-06  -1.818989E-12   2.777778E+04   0.0            0.0            0.0
1                                                                              JUNE  20, 2025  MSC Nastran 11/21/24   PAGE   132
                                                                                                                                    
0                                                                                                                                   
 
                                          G R I D   P O I N T   F O R C E   B A L A N C E
 
   POINT-ID    ELEMENT-ID     SOURCE             T1             T2             T3             R1             R2             R3
        254                  *TOTALS*      -3.637979E-12  -1.818989E-12   0.0            0.0            0.0            0.0
0       255                  F-OF-SPC       0.0            0.0           -5.555556E+04   0.0            0.0            0.0
        255            18    PENTA          1.100292E-05   2.137567E-06   2.777778E+04   0.0            0.0            0.0
        255            48    PENTA         -1.100292E-05  -2.137574E-06   2.777778E+04   0.0            0.0            0.0
        255                  *TOTALS*      -7.275958E-12  -7.275958E-12  -1.455192E-11   0.0            0.0            0.0
0       256            18    PENTA          6.634746E-06  -3.759182E-06  -6.254460E-06   0.0            0.0            0.0
        256            48    PENTA         -6.634749E-06   3.759165E-06   6.254384E-06   0.0            0.0            0.0
        256                  *TOTALS*      -3.637979E-12  -1.637090E-11  -7.639755E-11   0.0            0.0            0.0
0       257                  F-OF-SPC      -7.928590E-06   0.0            0.0            0.0            0.0            0.0
        257            18    PENTA          7.928582E-06   7.275958E-12   7.275958E-12   0.0            0.0            0.0
        257                  *TOTALS*      -8.185452E-12   7.275958E-12   7.275958E-12   0.0            0.0            0.0
0       258                  F-OF-SPC      -1.037028E-05   3.506353E-06   0.0            0.0            0.0            0.0
        258            18    PENTA          1.154263E-05  -5.100976E-06   2.752015E-06   0.0            0.0            0.0
        258            48    PENTA         -1.172353E-06   1.594613E-06  -2.752000E-06   0.0            0.0            0.0
        258                  *TOTALS*      -3.637979E-12  -9.094947E-12   1.455192E-11   0.0            0.0            0.0
0       259                  APP-LOAD       0.0            0.0            2.777778E+04   0.0            0.0            0.0
        259            18    PENTA          1.818989E-12   1.455192E-11  -2.777778E+04   0.0            0.0            0.0
        259                  *TOTALS*       1.818989E-12   1.455192E-11   3.637979E-12   0.0            0.0            0.0
0       260                  APP-LOAD       0.0            0.0            2.777778E+04   0.0            0.0            0.0
        260                  F-OF-SPC       3.086803E-06   0.0            0.0            0.0            0.0            0.0
        260            18    PENTA         -3.086800E-06   5.456968E-12  -2.777778E+04   0.0            0.0            0.0
        260                  *TOTALS*       3.637979E-12   5.456968E-12  -7.275958E-12   0.0            0.0            0.0
0       261                  APP-LOAD       0.0            0.0            5.555556E+04   0.0            0.0            0.0
        261            18    PENTA         -7.044273E-06  -2.449924E-07  -2.777778E+04   0.0            0.0            0.0
        261            48    PENTA          7.044309E-06   2.449742E-07  -2.777778E+04   0.0            0.0            0.0
        261                  *TOTALS*       3.637979E-11  -1.818989E-11   1.455192E-11   0.0            0.0            0.0
0       262                  F-OF-SPC       0.0            8.767893E-08   1.764420E-07   0.0            0.0            0.0
        262            46    PENTA          9.094947E-13  -8.767893E-08  -1.764383E-07   0.0            0.0            0.0
        262                  *TOTALS*       9.094947E-13   0.0            3.637979E-12   0.0            0.0            0.0
0       263                  APP-LOAD       5.555556E+04   0.0            0.0            0.0            0.0            0.0
        263                  F-OF-SPC       0.0            0.0           -1.368398E-07   0.0            0.0            0.0
        263            46    PENTA         -5.555556E+04  -4.547474E-12   1.368408E-07   0.0            0.0            0.0
        263                  *TOTALS*      -7.275958E-12  -4.547474E-12   9.094947E-13   0.0            0.0            0.0
0       264                  APP-LOAD       5.555556E+04   0.0            0.0            0.0            0.0            0.0
        264                  F-OF-SPC       0.0           -1.157969E-08   0.0            0.0            0.0            0.0
        264            46    PENTA         -5.555556E+04   1.157241E-08   2.182787E-11   0.0            0.0            0.0
        264                  *TOTALS*       0.0           -7.275958E-12   2.182787E-11   0.0            0.0            0.0
0       265                  F-OF-SPC       0.0            6.248592E-08   0.0            0.0            0.0            0.0
        265            46    PENTA         -1.182343E-11  -6.248320E-08   1.818989E-11   0.0            0.0            0.0
1                                                                              JUNE  20, 2025  MSC Nastran 11/21/24   PAGE   133
                                                                                                                                    
0                                                                                                                                   
 
                                          G R I D   P O I N T   F O R C E   B A L A N C E
 
   POINT-ID    ELEMENT-ID     SOURCE             T1             T2             T3             R1             R2             R3
        265                  *TOTALS*      -1.182343E-11   2.728484E-12   1.818989E-11   0.0            0.0            0.0
0       266                  APP-LOAD       5.555556E+04   0.0            0.0            0.0            0.0            0.0
        266            46    PENTA         -5.555556E+04   3.637979E-12   5.456968E-12   0.0            0.0            0.0
        266                  *TOTALS*       2.182787E-11   3.637979E-12   5.456968E-12   0.0            0.0            0.0
0       267                  F-OF-SPC       0.0           -5.555556E+04  -6.981281E-09   0.0            0.0            0.0
        267            47    PENTA          1.591616E-12   5.555556E+04   6.986738E-09   0.0            0.0            0.0
        267                  *TOTALS*       1.591616E-12   7.275958E-12   5.456968E-12   0.0            0.0            0.0
0       268                  F-OF-SPC       0.0            0.0            3.200694E-08   0.0            0.0            0.0
        268            47    PENTA          9.094947E-13   4.320100E-12  -3.200466E-08   0.0            0.0            0.0
        268                  *TOTALS*       9.094947E-13   4.320100E-12   2.273737E-12   0.0            0.0            0.0
0       269                  F-OF-SPC       0.0           -5.555556E+04   0.0            0.0            0.0            0.0
        269            47    PENTA          2.273737E-12   5.555556E+04   4.547474E-12   0.0            0.0            0.0
        269                  *TOTALS*       2.273737E-12   2.182787E-11   4.547474E-12   0.0            0.0            0.0
0       270                  F-OF-SPC       0.0           -5.555556E+04   0.0            0.0            0.0            0.0
        270            47    PENTA          4.718004E-12   5.555556E+04   2.728484E-12   0.0            0.0            0.0
        270                  *TOTALS*       4.718004E-12   0.0            2.728484E-12   0.0            0.0            0.0
0       271            47    PENTA          2.387424E-12  -5.911716E-12  -2.728484E-12   0.0            0.0            0.0
        271                  *TOTALS*       2.387424E-12  -5.911716E-12  -2.728484E-12   0.0            0.0            0.0
0       272                  F-OF-SPC       0.0            1.359273E-06  -2.777778E+04   0.0            0.0            0.0
        272            48    PENTA          1.455192E-11  -1.359280E-06   2.777778E+04   0.0            0.0            0.0
        272                  *TOTALS*       1.455192E-11  -7.275958E-12  -1.818989E-11   0.0            0.0            0.0
0       273                  F-OF-SPC       0.0            0.0           -2.777778E+04   0.0            0.0            0.0
        273            48    PENTA          1.455192E-11   7.275958E-12   2.777778E+04   0.0            0.0            0.0
        273                  *TOTALS*       1.455192E-11   7.275958E-12   0.0            0.0            0.0            0.0
0       274                  F-OF-SPC       0.0            4.338035E-07   0.0            0.0            0.0            0.0
        274            48    PENTA         -1.091394E-11  -4.337926E-07  -2.182787E-11   0.0            0.0            0.0
        274                  *TOTALS*      -1.091394E-11   1.091394E-11  -2.182787E-11   0.0            0.0            0.0
0       275                  APP-LOAD       0.0            0.0            2.777778E+04   0.0            0.0            0.0
        275                  F-OF-SPC       0.0           -3.344321E-07   0.0            0.0            0.0            0.0
        275            48    PENTA          1.818989E-11   3.344321E-07  -2.777778E+04   0.0            0.0            0.0
        275                  *TOTALS*       1.818989E-11   0.0           -4.001777E-11   0.0            0.0            0.0
0       276                  APP-LOAD       0.0            0.0            2.777778E+04   0.0            0.0            0.0
        276            48    PENTA          1.818989E-12   9.094947E-13  -2.777778E+04   0.0            0.0            0.0
        276                  *TOTALS*       1.818989E-12   9.094947E-13  -7.275958E-12   0.0            0.0            0.0
1                                                                              JUNE  20, 2025  MSC Nastran 11/21/24   PAGE   134
                                                                                                                                    
0                                                                                                                                   
0                                                                                                                                   
                                                                                                                                    
                                                                                                                                    
 *** USER INFORMATION MESSAGE 4114 (OUTPX2)
     DATA BLOCK OGPFB1   WRITTEN ON FORTRAN UNIT    12 IN BINARY (LTLEND) FORMAT USING NDDL DESCRIPTION FOR OGPFB1, TRL =
                    101                 0                 1                 0                 0                 0                 3
     NAME OF DATA BLOCK WRITTEN ON FORTRAN UNIT IS OGPFB1  
        (MAXIMUM POSSIBLE FORTRAN RECORD SIZE =      131074 WORDS.)
     (MAXIMUM SIZE OF FORTRAN RECORDS WRITTEN =       10260 WORDS.)
           (NUMBER OF FORTRAN RECORDS WRITTEN =          20 RECORDS.)
           (TOTAL DATA WRITTEN FOR DATA BLOCK =       10434 WORDS.)
 *** USER INFORMATION MESSAGE 4114 (OUTPX2)
     DATA BLOCK OES1X1   WRITTEN ON FORTRAN UNIT    12 IN BINARY (LTLEND) FORMAT USING NDDL DESCRIPTION FOR OES1X1, TRL =
                    101                63                 6                20                25                 0                 3
     NAME OF DATA BLOCK WRITTEN ON FORTRAN UNIT IS OES1X1  
        (MAXIMUM POSSIBLE FORTRAN RECORD SIZE =      131074 WORDS.)
     (MAXIMUM SIZE OF FORTRAN RECORDS WRITTEN =        3270 WORDS.)
           (NUMBER OF FORTRAN RECORDS WRITTEN =          40 RECORDS.)
           (TOTAL DATA WRITTEN FOR DATA BLOCK =        6727 WORDS.)
 *** USER INFORMATION MESSAGE 4114 (OUTPX2)
     DATA BLOCK OSTR1X   WRITTEN ON FORTRAN UNIT    12 IN BINARY (LTLEND) FORMAT USING NDDL DESCRIPTION FOR OSTR1X, TRL =
                    101                63                 6                20                25                 0                 3
     NAME OF DATA BLOCK WRITTEN ON FORTRAN UNIT IS OSTR1X  
        (MAXIMUM POSSIBLE FORTRAN RECORD SIZE =      131074 WORDS.)
     (MAXIMUM SIZE OF FORTRAN RECORDS WRITTEN =        3270 WORDS.)
           (NUMBER OF FORTRAN RECORDS WRITTEN =          40 RECORDS.)
           (TOTAL DATA WRITTEN FOR DATA BLOCK =        6727 WORDS.)
 *** USER INFORMATION MESSAGE 4114 (OUTPX2)
     DATA BLOCK OPG1     WRITTEN ON FORTRAN UNIT    12 IN BINARY (LTLEND) FORMAT USING NDDL DESCRIPTION FOR OPG, TRL =
                    101                 0              2208                 0                 0                 0                 3
     NAME OF DATA BLOCK WRITTEN ON FORTRAN UNIT IS OPG1    
        (MAXIMUM POSSIBLE FORTRAN RECORD SIZE =      131074 WORDS.)
     (MAXIMUM SIZE OF FORTRAN RECORDS WRITTEN =        2208 WORDS.)
           (NUMBER OF FORTRAN RECORDS WRITTEN =          20 RECORDS.)
           (TOTAL DATA WRITTEN FOR DATA BLOCK =        2387 WORDS.)
 *** USER INFORMATION MESSAGE 4110 (OUTPX2)
                                 END-OF-DATA SIMULATION ON FORTRAN UNIT    12
                                 (MAXIMUM SIZE OF FORTRAN RECORDS WRITTEN =      1 WORDS.)
                                       (NUMBER OF FORTRAN RECORDS WRITTEN =      1 RECORDS.)
                                       (TOTAL DATA WRITTEN FOR EOF MARKER =      1 WORDS.)
1                                                                              JUNE  20, 2025  MSC Nastran 11/21/24   PAGE   135
                                                                                                                                    
0                                                                                                                                   
 * * * *  D B D I C T   P R I N T  * * * *      SUBDMAP = PRTSUM  ,  DMAP STATEMENT NO.     75



0                                   * * * *  A N A L Y S I S  S U M M A R Y  T A B L E  * * * *
0 SEID  PEID PROJ VERS APRCH      SEMG SEMR SEKR SELG SELR MODES DYNRED SOLLIN SOLNL LOOPID DESIGN CYCLE SENSITIVITY
 -------------------------------------------------------------------------------------------------------------------
     0     0    1    1 '        '    T    T    T    T    T     F      F      T     F     -1            0           F
0SEID = SUPERELEMENT ID.
 PEID = PRIMARY SUPERELEMENT ID OF IMAGE SUPERELEMENT.
 PROJ = PROJECT ID NUMBER.
 VERS = VERSION ID.
 APRCH = BLANK FOR STRUCTURAL ANALYSIS.  HEAT FOR HEAT TRANSFER ANALYSIS.
 SEMG = STIFFNESS AND MASS MATRIX GENERATION STEP.
 SEMR = MASS MATRIX REDUCTION STEP (INCLUDES EIGENVALUE SOLUTION FOR MODES).
 SEKR = STIFFNESS MATRIX REDUCTION STEP.
 SELG = LOAD MATRIX GENERATION STEP.
 SELR = LOAD MATRIX REDUCTION STEP. 
 MODES = T (TRUE) IF NORMAL MODES OR BUCKLING MODES CALCULATED.
 DYNRED = T (TRUE) MEANS GENERALIZED DYNAMIC AND/OR COMPONENT MODE REDUCTION PERFORMED.
 SOLLIN = T (TRUE) IF LINEAR SOLUTION EXISTS IN DATABASE.
 LOOPID = THE LAST LOOPID VALUE USED IN THE NONLINEAR ANALYSIS.  USEFUL FOR RESTARTS.
 SOLNL = T (TRUE) IF NONLINEAR SOLUTION EXISTS IN DATABASE.
 DESIGN CYCLE = THE LAST DESIGN CYCLE (ONLY VALID IN OPTIMIZATION).
 SENSITIVITY = SENSITIVITY MATRIX GENERATION FLAG.
 
 No PARAM values were set in the Control File.
 
1                                        * * * END OF JOB * * *
 
 
 No Symbolic Replacement variables or values were specified.

