1
 
 
 
 
                      Warning: This computer program is protected by copyright law and international treaties.       
                  Unauthorized use, reproduction or distribution of this computer program, or any portion of it, may 
                                          result in severe civil and criminal penalties.                             
                         Copyright (C) 2024 Hexagon AB and/or its subsidiaries. All rights reserved.                 
 
 
                                              * * * * * * * * * * * * * * * * * * * *
                                              * * * * * * * * * * * * * * * * * * * *
                                              * *                                 * *
                                              * *           Hexagon AB            * *
                                              * *                                 * *
                                              * *                                 * *
                                              * *      M S C   N a s t r a n      * *
                                              * *                                 * *
                                              * *                                 * *
                                              * *                                 * *
                                              * *     Version 2024.2-af13cbfd     * *
                                              * *                                 * *
                                              * *                                 * *
                                              * *                                 * *
                                              * *          NOV 21, 2024           * *
                                              * *                                 * *
                                              * *              Intel              * *
                                              * *MODEL Intel(R) Xeon(R) W-2223 CP * *
                                              * *     Windows 10 Pro 6.2 9200     * *
                                              * *        Compiled for 8664        * *
                                              * *                                 * *
                                              * * * * * * * * * * * * * * * * * * * *
                                              * * * * * * * * * * * * * * * * * * * *
1News file
  
               Welcome to MSC Nastran 2024.2
  
   MSC Nastran brings powerful new features and enhancements for engineering
   solutions in several releases through the year. Key enhancements in
   Version 2024.2 are summarized below. Addtional details can be found in
   the MSC Nastran Version 2024.2 Release Guide.
  
     MSC Nastran 2024.2 Features and Enhancements
  
     High Performance Computing (HPC) for NVH
     - Improved performance for ACMS, especially for large solid models
     - Improved performance for FASTFR, particularly when structural
       damping is present
     - General performance improvement for high frequency acoustics
     - Improved diagnostics for linear solution available in LOG file
       Information includes solver selection and memory use
  
     Topology Optimization
     - SOL 200 NEO Topology Optimization for generative design with support for
       manufacturing constraints. Optimized CAD geometry and mesh output for
       every design cycle.
  
     High Performance SOL 400 (NLPERF)
     - Support Lagrange Multiplier for MPC and Rigid Elements
     - Controls distributed surface load computation for shell elements with
       offsets and the use of an additional enhancement for computing the
       average nodal normal vector
     - GPFORCE and ESE can be requested in ANALYSIS=NLSTAT
     - OUTCTRL={STD,SOLUTION,INTERM} keyword in NLOPRM case control statement is
       available
  
     Linear
     - Global-Local analysis in SOL 101 and 103. Creates a local model based on
       a user-provided definition (CARVE) and replaces the rest of the model
       with an external superelement. Allows for detailed local studies without
       having to solve the entire model every time.
     - Multiple Output requests of the same result item in linear solutions
       (SOL 101, 103, 108, 109, 111, 112) through the use of repeated output
       request subcase, REPCASE.
  
     NVH (Vibroacoustics)
     Automated skinning of solid elements free surfaces
     - Identify residual structure solid elements' exposed surfaces, and create
       required triangular or quadilateral shell elements on top of it
     - Stress and strain data recovery available for skinned shell elements
     - Supported in Linear solution sequences
     Acoustic Fluid Grid Participation Factors from fluid skin grids in touch
       with either structure wetted surface or trim components
1    Mass matrix support in Cohesive elements
     - supports mass matrix in cohesive elements for glue line modeling.
     Improved solution time and reduced disk space for Nastran-PEM models
  
     Aeroelasticity
     - Flutter Perturbation Step available in SOL 400 Nonlinear
  
     HDF5 hybrid precision output file
     - Allows writing of 32-bit real and 64-bit integer data to H5 file
     - Combines small size of 32-bit and high value domain ID of 64-bit
  
      Inertia Relief with External Superelements
     - For external superelements, inertia relief is now supported for the
       following three options: EXTSEOUT MATDB(MATRIXDB), EXTSEOUT DMIGDB, and
       EXTSEOUT DMIGOP2 for INREL = -1 and INREL = -2.
     - For the above three external superelement options, checks are now
       performed internally to insure that the inertia relief specifications
       between external superelement and the assembly run are consistent.
     - When verifying results, the user is reminded that with inertia relief,
       the displacements are relative displacements and may not in any way match
       the results of say a model containing all the external superelements
       processed as standard part superelements. However, element results
       such as force or stress should match closely between the two types of runs
       if consistently modeled.
  
  
     Documentation
     - The complete documentation set is provided in a separate installer and
       when installed is available at: MSC_DOC_DIR/doc/pdf_nastran directory,
       where MSC_DOC_DIR is the directory where documentation was installed.
       This help set includes cross references between documents, and links to
       how-to videos, and example files
  
     Individual MSC Nastran documents are available for download from the
       Simcompanion Website at:
       http://simcompanion.hexagon.com/
  
     The documentation set includes the following:
  
         1.  MSC Nastran 2024.2 Installation and Operations Guide
         2.  MSC Nastran 2024.2 Quick Reference Guide
         3.  MSC Nastran 2024.2 Release Guide
         4.  MSC Nastran 2024.2 Linear Statics Analysis User's Guide
         5.  MSC Nastran 2024.2 Dynamic Analysis User's Guide
         6.  MSC Nastran 2024.2 Superelements User's Guide
         7.  MSC Nastran 2024.2 Rotordynamics User's Guide
         8.  MSC Nastran 2024.2 Demonstration Problems Manual
         9.  MSC Nastran 2024.2 Nastran Embedded Fatigue User's Guide
        10.  MSC Nastran 2024.2 Design Sensitivity and Optimization
        11.  MSC Nastran 2024.2 Nonlinear User's Guide SOL 400
1       12.  MSC Nastran 2024.2 DMAP Programmer's Guide
        13.  MSC Nastran 2024.2 High Performance Computing User's Guide
        14.  MSC Nastran 2024.2 New Verification Manual
        15.  MSC Nastran 2024.2 DEMATD Guide
        16.  MSC Nastran 2024.2 Explicit Nonlinear (SOL 700) User's Guide
        17.  MSC Nastran 2024.2 ACMS User's Guide
  
   Please refer to  MSC_DOC_DIR/doc/pdf_nastran/nastran_library.pdf
   for the complete document set:
  
  
   Additional information about the release can be found at the MSC Nastran
   Product Support page: http://simcompanion.hexagon.com
  
   The support page provides links to these valuable information:
      * A searchable Knowledge Base containing examples and answers to thousands
        of frequently asked questions written by MSC Software subject-matter
        experts.
      * Peer-to-peer Discussion Forums enabling you to post questions for your
        MSC Software products and receive answers from other users worldwide.
      * A list of known issues with the product and any workarounds.
      * Instructions on how to contact technical support
      * A mechanism for sending us product feedback or enhancement requests.
      * Hardware and software requirements.
      * Examples and Tutorials
      * and much more.
  
   For information on training, please visit our Training web site
  
      https://hexagon.com/support-success/manufacturing-intelligence/
      design-engineering-support/training-materials
  
1                                                                              JUNE  20, 2025  MSC Nastran 11/21/24   PAGE     1
                                                                                                                                    
0        N A S T R A N    F I L E    A N D    S Y S T E M    P A R A M E T E R    E C H O                                           
0                                                                                                                                   
                                                                                                                                    
                                                                                                                                    
     $ SYSFIELD=SCR*(RAW=YES,BUFFIO=YES,WNUM=16,WSIZE=16MB) $(C:/PROGRAM FILES/MSC.SO
     $ SYSFIELD=DBALL(RAW=YES,BUFFIO=YES,WNUM=16,WSIZE=16MB) $(C:/PROGRAM FILES/MSC.S
     NASTRAN BUFFSIZE=65537 $(C:/PROGRAM FILES/MSC.SOFTWARE/MSC_NASTRAN/2024.2/CONF/N
     NASTRAN PARALLEL=1 $([3])                                                       
     $ GENERATED BY MECWAY 29                                                        
     $-------------EXECUTIVE CONTROL SECTION-------------                            
1                                                                              JUNE  20, 2025  MSC Nastran 11/21/24   PAGE     2
                                                                                                                                    
0        N A S T R A N    E X E C U T I V E    C O N T R O L    E C H O                                                             
0                                                                                                                                   
                                                                                                                                    
                                                                                                                                    
     SOL 105                                                                                 
     CEND                                                                                    
1                                                                              JUNE  20, 2025  MSC Nastran 11/21/24   PAGE     3
                                                                                                                                    
0                                                                                                                                   
0                                        C A S E    C O N T R O L    E C H O                                                        
                 COMMAND                                                                                                            
                 COUNT                                                                                                              
                  1      $---------------CASE CONTROL SECTION----------------                                    
                  2      DISPLACEMENT = ALL                                                                      
                  3      $                                                                                       
                  4        ACCELERATION(PRINT,PLOT) = ALL                                                        
                  5        DISPLACEMENT(PRINT, PLOT) = ALL                                                       
 *** USER WARNING MESSAGE 602 (IFP1D)
     TWO OR MORE OF THE ABOVE CARD TYPES DETECTED WHERE ONLY ONE IS
     LEGAL.   THE LAST FOUND WILL BE USED.
                  6        GPFORCE(PRINT, PLOT) = ALL                                                            
                  7        MPCFORCES(PRINT, PLOT) = ALL                                                          
                  8        OLOAD(PRINT, PLOT)= ALL                                                               
                  9        SPCFORCES(PRINT, PLOT) = ALL                                                          
                 10        FORCE(PRINT, PLOT) = ALL                                                              
                 11        STRESS(PRINT, PLOT, CORNER)= ALL                                                      
                 12        STRAIN(PRINT, PLOT, CORNER)= ALL                                                      
                 13      $                                                                                       
                 14      SPC = 1                                                                                 
                 15      SUBCASE 1                                                                               
                 16      LOAD = 1                                                                                
                 17      SUBCASE 2                                                                               
                 18      METHOD = 1                                                                              
                 19      BEGIN BULK                                                                              
1                                                                              JUNE  20, 2025  MSC Nastran 11/21/24   PAGE     4
                                                                                                                                    
0                                                                                                                                   
                                              I N P U T   B U L K   D A T A   E C H O                                               
                 ENTRY                                                                                                              
                 COUNT        .   1  ..   2  ..   3  ..   4  ..   5  ..   6  ..   7  ..   8  ..   9  ..  10  .                      
 *** USER WARNING MESSAGE 9994 (BULKEF)
      The following lines could not be processed by the current IFPSTAR rule base.
      They are being passed to Classic IFP for an additional attempt at resolution.
                                PARAM, POST,-1
1                                                                              JUNE  20, 2025  MSC Nastran 11/21/24   PAGE     5
                                                                                                                                    
0                                                                                                                                   
                                                  S O R T E D   B U L K   D A T A   E C H O                                         
                 ENTRY                                                                                                              
                 COUNT        .   1  ..   2  ..   3  ..   4  ..   5  ..   6  ..   7  ..   8  ..   9  ..  10  .                      
                    1-        CQUAD4 *1               1               4               7               *
                    2-        *       12              3               0.              0.
                    3-        CQUAD4 *2               1               9               1               *
                    4-        *       2               10              0.              0.
                    5-        CQUAD4 *3               1               11              9               *
                    6-        *       10              14              0.              0.
                    7-        CQUAD4 *4               1               11              14              *
                    8-        *       18              13              -2.2489917832-150.
                    9-        CQUAD4 *5               1               13              18              *
                   10-        *       22              15              -2.2489917832-150.
                   11-        CQUAD4 *6               1               15              22              *
                   12-        *       8               17              -2.2489917832-150.
                   13-        CQUAD4 *7               1               17              8               *
                   14-        *       16              19              -2.2489917832-150.
                   15-        CQUAD4 *8               1               21              19              *
                   16-        *       16              6               0.              0.
                   17-        CQUAD4 *9               1               5               21              *
                   18-        *       6               20              0.              0.
                   19-        CQUAD4 *10              1               7               5               *
                   20-        *       20              12              0.              0.
                   21-        EIGRL  *1                                               3               *
                   22-        *       0                               10.             MASS
                   23-        FORCE  *1               3               0               1.              *
                   24-        *       0.              -5000.          0.
                   25-        FORCE  *1               4               0               1.              *
                   26-        *       0.              -5000.          0.
                   27-        GRID   *1               0               .014644660941   0.              *
                   28-        *       .035355339059   0
                   29-        GRID   *2               0               .05             0.              *
                   30-        *       0.              0
                   31-        GRID   *3               0               .05             1.              *
                   32-        *       0.              0
                   33-        GRID   *4               0               .014644660941   1.              *
                   34-        *       .035355339059   0
                   35-        GRID   *5               0               .014644660941   .76             *
                   36-        *       .035355339059   0
                   37-        GRID   *6               0               .05             .74             *
                   38-        *       0.              0
                   39-        GRID   *7               0               .014644660941   .86             *
                   40-        *       .035355339059   0
                   41-        GRID   *8               0               .05             .54             *
                   42-        *       0.              0
                   43-        GRID   *9               0               .014644660941   .06             *
                   44-        *       .035355339059   0
                   45-        GRID   *10              0               .05             .14             *
1                                                                              JUNE  20, 2025  MSC Nastran 11/21/24   PAGE     6
                                                                                                                                    
0                                                                                                                                   
                                                  S O R T E D   B U L K   D A T A   E C H O                                         
                 ENTRY                                                                                                              
                 COUNT        .   1  ..   2  ..   3  ..   4  ..   5  ..   6  ..   7  ..   8  ..   9  ..  10  .                      
                   46-        *       0.              0
                   47-        GRID   *11              0               .014644660941   .16             *
                   48-        *       .035355339059   0
                   49-        GRID   *12              0               .05             .94             *
                   50-        *       0.              0
                   51-        GRID   *13              0               .014644660941   .26             *
                   52-        *       .035355339059   0
                   53-        GRID   *14              0               .05             .24             *
                   54-        *       0.              0
                   55-        GRID   *15              0               .014644660941   .36             *
                   56-        *       .035355339059   0
                   57-        GRID   *16              0               .05             .64             *
                   58-        *       0.              0
                   59-        GRID   *17              0               .014644660941   .46             *
                   60-        *       .035355339059   0
                   61-        GRID   *18              0               .05             .34             *
                   62-        *       0.              0
                   63-        GRID   *19              0               .014644660941   .56             *
                   64-        *       .035355339059   0
                   65-        GRID   *20              0               .05             .84             *
                   66-        *       0.              0
                   67-        GRID   *21              0               .014644660941   .66             *
                   68-        *       .035355339059   0
                   69-        GRID   *22              0               .05             .44             *
                   70-        *       0.              0
                   71-        MAT1   *1               210000000000.   77777777778.    .35             *
                   72-        *       0.              0.              0.
                   73-        PARAM*  QUAD4TYP        MIN4T                                           +
                   74-        *
                   75-        PSHELL *1               1               .05             1               *
                   76-        *                       1                               0.
                   77-        SPC    *1               1               1               0.
                   78-        SPC    *1               1               2               0.
                   79-        SPC    *1               1               3               0.
                   80-        SPC    *1               1               4               0.
                   81-        SPC    *1               1               5               0.
                   82-        SPC    *1               1               6               0.
                   83-        SPC    *1               2               1               0.
                   84-        SPC    *1               2               2               0.
                   85-        SPC    *1               2               3               0.
                   86-        SPC    *1               2               4               0.
                   87-        SPC    *1               2               5               0.
                   88-        SPC    *1               2               6               0.
                              ENDDATA
                        TOTAL COUNT= 89
1                                                                              JUNE  20, 2025  MSC Nastran 11/21/24   PAGE     7
                                                                                                                                    
0                                                                                                                                   
                                                  S O R T E D   B U L K   D A T A   E C H O                                         
                 ENTRY                                                                                                              
                 COUNT        .   1  ..   2  ..   3  ..   4  ..   5  ..   6  ..   7  ..   8  ..   9  ..  10  .                      
                              INPUT BULK DATA ENTRY COUNT = 94
1                                                                              JUNE  20, 2025  MSC Nastran 11/21/24   PAGE     8
                                                                                                                                    
0                                                                                                                                   
                                        M O D E L   S U M M A R Y          BULK = 0
                                   ENTRY NAME        NUMBER OF ENTRIES
                                   ----------        -----------------
                                       CQUAD4                       10
                                        EIGRL                        1
                                        FORCE                        2
                                         GRID                       22
                                         MAT1                        1
                                        PARAM                        1
                                       PSHELL                        1
                                     REJ_BULK                        5
                                          SPC                       12

 ^^^     
 ^^^ >>> IFP OPERATIONS COMPLETE <<< 
 ^^^     
 *** USER INFORMATION MESSAGE 4109 (OUTPX2)
     THE LABEL IS XXXXXXXX FOR FORTRAN UNIT    12
     (MAXIMUM SIZE OF FORTRAN RECORDS WRITTEN =          7 WORDS.)
           (NUMBER OF FORTRAN RECORDS WRITTEN =          8 RECORDS.)
                (TOTAL DATA WRITTEN FOR LABEL =         17 WORDS.)
 *** USER INFORMATION MESSAGE 4114 (OUTPX2)
     DATA BLOCK GEOM1X   WRITTEN ON FORTRAN UNIT    12 IN BINARY (LTLEND) FORMAT USING NDDL DESCRIPTION FOR GEOM168, TRL =
                    101                 0                 0                 8                 0                 0                 0
     NAME OF DATA BLOCK WRITTEN ON FORTRAN UNIT IS GEOM1   
        (MAXIMUM POSSIBLE FORTRAN RECORD SIZE =      131074 WORDS.)
     (MAXIMUM SIZE OF FORTRAN RECORDS WRITTEN =         179 WORDS.)
           (NUMBER OF FORTRAN RECORDS WRITTEN =          20 RECORDS.)
           (TOTAL DATA WRITTEN FOR DATA BLOCK =         210 WORDS.)
 *** USER INFORMATION MESSAGE 4114 (OUTPX2)
     DATA BLOCK GEOM2X   WRITTEN ON FORTRAN UNIT    12 IN BINARY (LTLEND) FORMAT USING NDDL DESCRIPTION FOR GEOM201, TRL =
                    102                 0                 0                 0              8192                 0                 0
     NAME OF DATA BLOCK WRITTEN ON FORTRAN UNIT IS GEOM2   
        (MAXIMUM POSSIBLE FORTRAN RECORD SIZE =      131074 WORDS.)
     (MAXIMUM SIZE OF FORTRAN RECORDS WRITTEN =         143 WORDS.)
           (NUMBER OF FORTRAN RECORDS WRITTEN =          20 RECORDS.)
           (TOTAL DATA WRITTEN FOR DATA BLOCK =         174 WORDS.)
 *** USER INFORMATION MESSAGE 4114 (OUTPX2)
     DATA BLOCK GEOM3X   WRITTEN ON FORTRAN UNIT    12 IN BINARY (LTLEND) FORMAT USING NDDL DESCRIPTION FOR GEOM301, TRL =
                    103                 0                 0                64                 0                 0                 0
     NAME OF DATA BLOCK WRITTEN ON FORTRAN UNIT IS GEOM3   
        (MAXIMUM POSSIBLE FORTRAN RECORD SIZE =      131074 WORDS.)
     (MAXIMUM SIZE OF FORTRAN RECORDS WRITTEN =          17 WORDS.)
           (NUMBER OF FORTRAN RECORDS WRITTEN =          20 RECORDS.)
           (TOTAL DATA WRITTEN FOR DATA BLOCK =          48 WORDS.)
1                                                                              JUNE  20, 2025  MSC Nastran 11/21/24   PAGE     9
                                                                                                                                    
0                                                                                                                                   
0                                                                                                                                   
                                                                                                                                    
                                                                                                                                    
 *** USER INFORMATION MESSAGE 4114 (OUTPX2)
     DATA BLOCK GEOM4X   WRITTEN ON FORTRAN UNIT    12 IN BINARY (LTLEND) FORMAT USING NDDL DESCRIPTION FOR GEOM4705, TRL =
                    104                 0                 0                 0               512                 0                 0
     NAME OF DATA BLOCK WRITTEN ON FORTRAN UNIT IS GEOM4   
        (MAXIMUM POSSIBLE FORTRAN RECORD SIZE =      131074 WORDS.)
     (MAXIMUM SIZE OF FORTRAN RECORDS WRITTEN =          51 WORDS.)
           (NUMBER OF FORTRAN RECORDS WRITTEN =          20 RECORDS.)
           (TOTAL DATA WRITTEN FOR DATA BLOCK =          82 WORDS.)
 *** USER INFORMATION MESSAGE 4114 (OUTPX2)
     DATA BLOCK EPTX     WRITTEN ON FORTRAN UNIT    12 IN BINARY (LTLEND) FORMAT USING NDDL DESCRIPTION FOR EPT01, TRL =
                    105                 0               512                 0                 0                 0                 0
     NAME OF DATA BLOCK WRITTEN ON FORTRAN UNIT IS EPT     
        (MAXIMUM POSSIBLE FORTRAN RECORD SIZE =      131074 WORDS.)
     (MAXIMUM SIZE OF FORTRAN RECORDS WRITTEN =          14 WORDS.)
           (NUMBER OF FORTRAN RECORDS WRITTEN =          20 RECORDS.)
           (TOTAL DATA WRITTEN FOR DATA BLOCK =          45 WORDS.)
 *** USER INFORMATION MESSAGE 4114 (OUTPX2)
     DATA BLOCK MPTS     WRITTEN ON FORTRAN UNIT    12 IN BINARY (LTLEND) FORMAT USING NDDL DESCRIPTION FOR MPTS, TRL =
                    101             32768                 0                 0                 0                 0                 0
     NAME OF DATA BLOCK WRITTEN ON FORTRAN UNIT IS MPT     
        (MAXIMUM POSSIBLE FORTRAN RECORD SIZE =      131074 WORDS.)
     (MAXIMUM SIZE OF FORTRAN RECORDS WRITTEN =          15 WORDS.)
           (NUMBER OF FORTRAN RECORDS WRITTEN =          20 RECORDS.)
           (TOTAL DATA WRITTEN FOR DATA BLOCK =          46 WORDS.)
 *** USER INFORMATION MESSAGE 4114 (OUTPX2)
     DATA BLOCK DYNAMICS WRITTEN ON FORTRAN UNIT    12 IN BINARY (LTLEND) FORMAT USING NDDL DESCRIPTION FOR DYNAMICS, TRL =
                    103               256                 0                 0                 0                 0                 0
     NAME OF DATA BLOCK WRITTEN ON FORTRAN UNIT IS DYNAMICS
        (MAXIMUM POSSIBLE FORTRAN RECORD SIZE =      131074 WORDS.)
     (MAXIMUM SIZE OF FORTRAN RECORDS WRITTEN =          30 WORDS.)
           (NUMBER OF FORTRAN RECORDS WRITTEN =          20 RECORDS.)
           (TOTAL DATA WRITTEN FOR DATA BLOCK =          61 WORDS.)
 *** USER INFORMATION MESSAGE 4114 (OUTPX2)
     DATA BLOCK CASESO   WRITTEN ON FORTRAN UNIT    12 IN BINARY (LTLEND) FORMAT USING NDDL DESCRIPTION FOR CASES, TRL =
                    101                 2                 0              1000                 0                 0                 0
     NAME OF DATA BLOCK WRITTEN ON FORTRAN UNIT IS CASECC  
        (MAXIMUM POSSIBLE FORTRAN RECORD SIZE =      131074 WORDS.)
     (MAXIMUM SIZE OF FORTRAN RECORDS WRITTEN =        1000 WORDS.)
           (NUMBER OF FORTRAN RECORDS WRITTEN =          20 RECORDS.)
           (TOTAL DATA WRITTEN FOR DATA BLOCK =        2028 WORDS.)
1                                                                              JUNE  20, 2025  MSC Nastran 11/21/24   PAGE    10
                                                                                                                                    
0                                                                                                                                   
 *** USER INFORMATION MESSAGE 7310 (VECPRN)
     ORIGIN OF SUPERELEMENT OR MODULE BASIC COORDINATE SYSTEM WILL BE USED AS REFERENCE LOCATION.
     RESULTANTS ABOUT ORIGIN OF SUPERELEMENT OR MODULE BASIC COORDINATE SYSTEM IN SUPERELEMENT OR MODULE
     BASIC SYSTEM COORDINATES.
0                                                  OLOAD    RESULTANT       
  SUBCASE/    LOAD
  DAREA ID    TYPE       T1            T2            T3            R1            R2            R3
0        1     FX    0.000000E+00     ----          ----          ----       0.000000E+00  0.000000E+00                             
               FY       ----      -1.000000E+04     ----       1.767767E+02     ----      -3.232233E+02                             
               FZ       ----          ----       0.000000E+00  0.000000E+00  0.000000E+00     ----                                  
               MX       ----          ----          ----       0.000000E+00     ----          ----                                  
               MY       ----          ----          ----          ----       0.000000E+00     ----                                  
               MZ       ----          ----          ----          ----          ----       0.000000E+00                             
             TOTALS  0.000000E+00 -1.000000E+04  0.000000E+00  1.767767E+02  0.000000E+00 -3.232233E+02
1                                                                              JUNE  20, 2025  MSC Nastran 11/21/24   PAGE    11
                                                                                                                                    
0                                                                                                                                   
 *** USER INFORMATION MESSAGE 7310 (VECPRN)
     ORIGIN OF SUPERELEMENT OR MODULE BASIC COORDINATE SYSTEM WILL BE USED AS REFERENCE LOCATION.
     RESULTANTS ABOUT ORIGIN OF SUPERELEMENT OR MODULE BASIC COORDINATE SYSTEM IN SUPERELEMENT OR MODULE
     BASIC SYSTEM COORDINATES.
0                                                  OLOAD    RESULTANT       
  SUBCASE/    LOAD
  DAREA ID    TYPE       T1            T2            T3            R1            R2            R3
0        2     FX    0.000000E+00     ----          ----          ----       0.000000E+00  0.000000E+00                             
               FY       ----       0.000000E+00     ----       0.000000E+00     ----       0.000000E+00                             
               FZ       ----          ----       0.000000E+00  0.000000E+00  0.000000E+00     ----                                  
               MX       ----          ----          ----       0.000000E+00     ----          ----                                  
               MY       ----          ----          ----          ----       0.000000E+00     ----                                  
               MZ       ----          ----          ----          ----          ----       0.000000E+00                             
             TOTALS  0.000000E+00  0.000000E+00  0.000000E+00  0.000000E+00  0.000000E+00  0.000000E+00
1                                                                              JUNE  20, 2025  MSC Nastran 11/21/24   PAGE    12
                                                                                                                                    
0                                                                                                            SUBCASE 1              
 *** USER INFORMATION MESSAGE 5293 (SSG3B)
    FOR DATA BLOCK KLL     
    LOAD SEQ. NO.             EPSILON              EXTERNAL WORK      EPSILONS LARGER THAN 0.001 ARE FLAGGED WITH ASTERISKS
                1          2.5465604E-15          9.5164741E-02
1                                                                              JUNE  20, 2025  MSC Nastran 11/21/24   PAGE    13
                                                                                                                                    
0                                                                                                                                   
 *** USER INFORMATION MESSAGE 7310 (VECPRN)
     ORIGIN OF SUPERELEMENT OR MODULE BASIC COORDINATE SYSTEM WILL BE USED AS REFERENCE LOCATION.
     RESULTANTS ABOUT ORIGIN OF SUPERELEMENT OR MODULE BASIC COORDINATE SYSTEM IN SUPERELEMENT OR MODULE
     BASIC SYSTEM COORDINATES.
0                                                  SPCFORCE RESULTANT       
  SUBCASE/    LOAD
  DAREA ID    TYPE       T1            T2            T3            R1            R2            R3
0        1     FX   -1.313083E-10     ----          ----          ----       1.100314E+01  0.000000E+00                             
               FY       ----       1.000000E+04     ----      -1.767819E+02     ----       3.232181E+02                             
               FZ       ----          ----       6.866685E-11  0.000000E+00 -1.100314E+01     ----                                  
               MX       ----          ----          ----       5.245806E-03     ----          ----                                  
               MY       ----          ----          ----          ----      -8.082424E-14     ----                                  
               MZ       ----          ----          ----          ----          ----       5.245806E-03                             
             TOTALS -1.313083E-10  1.000000E+04  6.866685E-11 -1.767767E+02 -5.313083E-12  3.232233E+02
1                                                                              JUNE  20, 2025  MSC Nastran 11/21/24   PAGE    14
                                                                                                                                    
0                                                                                                                                   
 *** USER INFORMATION MESSAGE 7310 (VECPRN)
     ORIGIN OF SUPERELEMENT OR MODULE BASIC COORDINATE SYSTEM WILL BE USED AS REFERENCE LOCATION.
     RESULTANTS ABOUT ORIGIN OF SUPERELEMENT OR MODULE BASIC COORDINATE SYSTEM IN SUPERELEMENT OR MODULE
     BASIC SYSTEM COORDINATES.
0                                                  MPCFORCE RESULTANT       
  SUBCASE/    LOAD
  DAREA ID    TYPE       T1            T2            T3            R1            R2            R3
0        1     FX    0.000000E+00     ----          ----          ----       0.000000E+00  0.000000E+00                             
               FY       ----       0.000000E+00     ----       0.000000E+00     ----       0.000000E+00                             
               FZ       ----          ----       0.000000E+00  0.000000E+00  0.000000E+00     ----                                  
               MX       ----          ----          ----       0.000000E+00     ----          ----                                  
               MY       ----          ----          ----          ----       0.000000E+00     ----                                  
               MZ       ----          ----          ----          ----          ----       0.000000E+00                             
             TOTALS  0.000000E+00  0.000000E+00  0.000000E+00  0.000000E+00  0.000000E+00  0.000000E+00
 *** USER WARNING MESSAGE 6418 (SDR2A)
     THE BILIN OPTION FOR STRESSES OVERRIDES ALL OTHER OPTIONS IN STRAIN AND FORCE COMMANDS.
 *** USER INFORMATION MESSAGE 4114 (OUTPX2)
     DATA BLOCK OQG1     WRITTEN ON FORTRAN UNIT    12 IN BINARY (LTLEND) FORMAT USING NDDL DESCRIPTION FOR OQG1, TRL =
                    101                 0               176                 0                 0                 0                 3
     NAME OF DATA BLOCK WRITTEN ON FORTRAN UNIT IS OQG1    
        (MAXIMUM POSSIBLE FORTRAN RECORD SIZE =      131074 WORDS.)
     (MAXIMUM SIZE OF FORTRAN RECORDS WRITTEN =         176 WORDS.)
           (NUMBER OF FORTRAN RECORDS WRITTEN =          20 RECORDS.)
           (TOTAL DATA WRITTEN FOR DATA BLOCK =         355 WORDS.)
 *** USER INFORMATION MESSAGE 4114 (OUTPX2)
     DATA BLOCK OQMG1    WRITTEN ON FORTRAN UNIT    12 IN BINARY (LTLEND) FORMAT USING NDDL DESCRIPTION FOR OQMG1, TRL =
                    102                 0               176                 0                 0                 0                 3
     NAME OF DATA BLOCK WRITTEN ON FORTRAN UNIT IS OQMG1   
        (MAXIMUM POSSIBLE FORTRAN RECORD SIZE =      131074 WORDS.)
     (MAXIMUM SIZE OF FORTRAN RECORDS WRITTEN =         176 WORDS.)
           (NUMBER OF FORTRAN RECORDS WRITTEN =          20 RECORDS.)
           (TOTAL DATA WRITTEN FOR DATA BLOCK =         355 WORDS.)
 *** USER INFORMATION MESSAGE 4114 (OUTPX2)
     DATA BLOCK OUG1     WRITTEN ON FORTRAN UNIT    12 IN BINARY (LTLEND) FORMAT USING NDDL DESCRIPTION FOR OUG1, TRL =
                    101                 0               176                 0                 0                 0                 3
     NAME OF DATA BLOCK WRITTEN ON FORTRAN UNIT IS OUG1    
        (MAXIMUM POSSIBLE FORTRAN RECORD SIZE =      131074 WORDS.)
     (MAXIMUM SIZE OF FORTRAN RECORDS WRITTEN =         176 WORDS.)
           (NUMBER OF FORTRAN RECORDS WRITTEN =          20 RECORDS.)
           (TOTAL DATA WRITTEN FOR DATA BLOCK =         355 WORDS.)
1                                                                              JUNE  20, 2025  MSC Nastran 11/21/24   PAGE    15
                                                                                                                                    
0                                                                                                            SUBCASE 1              
 
                                             D I S P L A C E M E N T   V E C T O R
 
      POINT ID.   TYPE          T1             T2             T3             R1             R2             R3
             1      G      0.0            0.0            0.0            0.0            0.0            0.0
             2      G      0.0            0.0            0.0            0.0            0.0            0.0
             3      G      5.106968E-06  -1.921831E-05  -5.106968E-06  -5.242728E-06   5.188238E-18  -5.242728E-06
             4      G      4.871266E-06  -1.884759E-05  -4.871266E-06  -5.242728E-06   5.140537E-18  -5.242728E-06
             5      G      3.613011E-06  -1.427616E-05  -3.613011E-06  -5.242729E-06   4.672778E-18  -5.242729E-06
             6      G      3.743859E-06  -1.426593E-05  -3.743859E-06  -5.242727E-06   4.940436E-18  -5.242727E-06
             7      G      4.137284E-06  -1.618092E-05  -4.137284E-06  -5.242726E-06   5.207019E-18  -5.242726E-06
             8      G      2.695315E-06  -1.045640E-05  -2.695315E-06  -5.242725E-06   4.947877E-18  -5.242725E-06
             9      G     -5.900491E-08  -9.431464E-07   5.900491E-08  -4.791470E-06  -3.529689E-18  -4.791470E-06
            10      G      5.985736E-07  -2.837708E-06  -5.985736E-07  -4.557860E-06   4.398442E-18  -4.557860E-06
            11      G      4.679401E-07  -2.847496E-06  -4.679401E-07  -5.248445E-06   8.577402E-19  -5.248445E-06
            12      G      4.792404E-06  -1.807545E-05  -4.792404E-06  -5.242727E-06   5.075156E-18  -5.242727E-06
            13      G      9.914963E-07  -4.752377E-06  -9.914963E-07  -5.241170E-06   1.774318E-19  -5.241170E-06
            14      G      1.122402E-06  -4.742022E-06  -1.122402E-06  -5.242842E-06   3.004517E-18  -5.242842E-06
            15      G      1.515961E-06  -6.657107E-06  -1.515961E-06  -5.243144E-06   2.376942E-18  -5.243144E-06
            16      G      3.219586E-06  -1.236116E-05  -3.219586E-06  -5.242727E-06   4.753937E-18  -5.242727E-06
            17      G      2.040182E-06  -8.561877E-06  -2.040182E-06  -5.242615E-06   2.523458E-18  -5.242615E-06
            18      G      1.646793E-06  -6.646903E-06  -1.646793E-06  -5.242698E-06   4.636501E-18  -5.242698E-06
            19      G      2.564469E-06  -1.046664E-05  -2.564469E-06  -5.242757E-06   3.718720E-18  -5.242757E-06
            20      G      4.268132E-06  -1.617069E-05  -4.268132E-06  -5.242727E-06   5.223184E-18  -5.242727E-06
            21      G      3.088738E-06  -1.237140E-05  -3.088738E-06  -5.242719E-06   3.893722E-18  -5.242719E-06
            22      G      2.171034E-06  -8.551633E-06  -2.171034E-06  -5.242735E-06   4.303298E-18  -5.242735E-06
1                                                                              JUNE  20, 2025  MSC Nastran 11/21/24   PAGE    16
                                                                                                                                    
0                                                                                                            SUBCASE 1              
 
                                                     L O A D   V E C T O R
 
      POINT ID.   TYPE          T1             T2             T3             R1             R2             R3
             3      G      0.0           -5.000000E+03   0.0            0.0            0.0            0.0
             4      G      0.0           -5.000000E+03   0.0            0.0            0.0            0.0
1                                                                              JUNE  20, 2025  MSC Nastran 11/21/24   PAGE    17
                                                                                                                                    
0                                                                                                            SUBCASE 1              
 
                               F O R C E S   O F   S I N G L E - P O I N T   C O N S T R A I N T
 
      POINT ID.   TYPE          T1             T2             T3             R1             R2             R3
             1      G      3.112159E+02   5.000148E+03  -3.112159E+02  -5.736588E-04   2.239098E-12  -5.736588E-04
             2      G     -3.112159E+02   4.999852E+03   3.112159E+02   5.819465E-03  -2.319922E-12   5.819465E-03
1                                                                              JUNE  20, 2025  MSC Nastran 11/21/24   PAGE    18
                                                                                                                                    
0                                                                                                            SUBCASE 1              
 

                          F O R C E S   I N   Q U A D R I L A T E R A L   E L E M E N T S   ( Q U A D 4 )        OPTION = BILIN  
 
    ELEMENT                    - MEMBRANE  FORCES -                      - BENDING   MOMENTS -            - TRANSVERSE SHEAR FORCES -
      ID       GRID-ID     FX            FY            FXY           MX            MY            MXY           QX            QY
0         1    CEN/4 -1.938783E+05 -6.121650E+03  3.445077E+04 -5.786371E-13  1.743275E-12  8.620617E-13 -1.227818E-11  7.980816E-11
                   4 -1.938783E+05 -6.121651E+03  3.445077E+04 -1.331682E-12  6.715023E-13  1.509192E-12 -1.227818E-11  7.980816E-11
                   7 -1.938783E+05 -6.121649E+03  3.445077E+04 -6.782434E-13  2.800836E-12  3.570402E-13 -1.227818E-11  7.980816E-11
                  12 -1.938784E+05 -6.121647E+03  3.445077E+04  7.426683E-13  4.210918E-12 -6.100128E-13 -1.227818E-11  7.980816E-11
                   3 -1.938784E+05 -6.121653E+03  3.445077E+04 -7.346524E-13 -7.385796E-13  2.106762E-12 -1.227818E-11  7.980816E-11
0         2    CEN/4 -1.940442E+05 -1.041460E+04  3.372198E+04  5.284512E-10  4.007478E-11 -8.841886E-11 -5.591119E-10  2.914931E-10
                   9 -1.638431E+05  1.360751E+04  1.689596E+04  4.915497E-10 -7.174428E-11 -2.689516E-11 -5.591119E-10  2.914931E-10
                   1 -1.776692E+05 -3.296608E+04  4.227177E+04  5.578495E-10  1.516594E-10 -1.486103E-10 -5.591119E-10  2.914931E-10
                   2 -2.148154E+05 -2.095695E+04  4.232409E+04  5.455442E-10  8.803783E-11 -1.150237E-10 -5.591119E-10  2.914931E-10
                  10 -2.088899E+05 -9.968434E+02  3.144874E+04  5.171279E-10 -7.703539E-12 -6.283722E-11 -5.591119E-10  2.914931E-10
0         3    CEN/4 -1.606143E+05 -3.931228E+04  7.948771E+04  3.808728E-10  7.969585E-11 -1.811094E-10 -8.171810E-10  4.706635E-10
                  11 -1.606512E+05 -3.940562E+04  7.954578E+04  4.228174E-10  7.910931E-11 -1.967523E-10 -8.171810E-10  4.706635E-10
                   9 -1.605805E+05 -3.921969E+04  7.943114E+04  4.319383E-10  1.030908E-10 -2.115380E-10 -8.171810E-10  4.706635E-10
                  10 -1.605775E+05 -3.921895E+04  7.942964E+04  3.389141E-10  8.028240E-11 -1.654664E-10 -8.171810E-10  4.706635E-10
                  14 -1.606482E+05 -3.940488E+04  7.954428E+04  3.297790E-10  5.630088E-11 -1.506807E-10 -8.171810E-10  4.706635E-10
0         4    CEN/4 -3.938031E+04 -1.606398E+05 -7.952933E+04  7.193169E-11  3.052445E-10  1.443314E-10  4.316689E-10  7.371455E-10
                  11 -3.940554E+04 -1.606494E+05 -7.954488E+04  1.012368E-10  3.327199E-10  1.685952E-10  4.316689E-10  7.371455E-10
                  14 -3.940554E+04 -1.606494E+05 -7.954489E+04  9.241183E-11  2.967096E-10  1.507606E-10  4.316689E-10  7.371455E-10
                  18 -3.935507E+04 -1.606302E+05 -7.951378E+04  4.264792E-11  2.777976E-10  1.200605E-10  4.316689E-10  7.371455E-10
                  13 -3.935507E+04 -1.606302E+05 -7.951377E+04  5.144444E-11  3.137937E-10  1.378880E-10  4.316689E-10  7.371455E-10
0         5    CEN/4 -3.936183E+04 -1.606328E+05 -7.951794E+04  5.248711E-11  2.473295E-10  1.161798E-10  3.218474E-10  6.439222E-10
                  13 -3.935507E+04 -1.606302E+05 -7.951377E+04  6.822965E-11  2.765093E-10  1.346931E-10  3.218474E-10  6.439222E-10
                  18 -3.935507E+04 -1.606302E+05 -7.951377E+04  5.569568E-11  2.253644E-10  1.093587E-10  3.218474E-10  6.439222E-10
                  22 -3.936859E+04 -1.606354E+05 -7.952211E+04  3.672325E-11  2.181782E-10  9.766647E-11  3.218474E-10  6.439222E-10
                  15 -3.936859E+04 -1.606354E+05 -7.952211E+04  4.929986E-11  2.693231E-10  1.230044E-10  3.218474E-10  6.439222E-10
0         6    CEN/4 -3.936678E+04 -1.606347E+05 -7.952099E+04  4.285102E-11  1.903576E-10  9.012251E-11  3.643663E-10  6.318714E-10
                  15 -3.936859E+04 -1.606354E+05 -7.952211E+04  6.640959E-11  2.176186E-10  1.115697E-10  3.643663E-10  6.318714E-10
                  22 -3.936859E+04 -1.606354E+05 -7.952211E+04  5.649042E-11  1.772598E-10  9.159632E-11  3.643663E-10  6.318714E-10
                   8 -3.936497E+04 -1.606340E+05 -7.951988E+04  1.931377E-11  1.630966E-10  6.864693E-11  3.643663E-10  6.318714E-10
                  17 -3.936497E+04 -1.606340E+05 -7.951988E+04  2.921874E-11  2.034839E-10  8.865581E-11  3.643663E-10  6.318714E-10
0         7    CEN/4 -3.936545E+04 -1.606342E+05 -7.952018E+04  2.970768E-11  1.352876E-10  6.387735E-11  2.975185E-10  5.966285E-10
                  17 -3.936497E+04 -1.606340E+05 -7.951988E+04  4.613941E-11  1.609601E-10  8.139791E-11  2.975185E-10  5.966285E-10
                   8 -3.936497E+04 -1.606340E+05 -7.951988E+04  3.563759E-11  1.180717E-10  6.016690E-11  2.975185E-10  5.966285E-10
                  16 -3.936594E+04 -1.606343E+05 -7.952047E+04  1.326173E-11  1.095583E-10  4.633547E-11  2.975185E-10  5.966285E-10
                  19 -3.936594E+04 -1.606343E+05 -7.952048E+04  2.376355E-11  1.524467E-10  6.758425E-11  2.975185E-10  5.966285E-10
0         8    CEN/4 -1.606343E+05 -3.936581E+04  7.952039E+04  8.755896E-11  1.754442E-11 -4.166115E-11 -4.579306E-10  3.398100E-10
                  21 -1.606342E+05 -3.936568E+04  7.952031E+04  9.986741E-11  7.403532E-12 -4.153544E-11 -4.579306E-10  3.398100E-10
                  19 -1.606343E+05 -3.936594E+04  7.952047E+04  1.109055E-10  3.645341E-11 -5.943674E-11 -4.579306E-10  3.398100E-10
                  16 -1.606343E+05 -3.936594E+04  7.952048E+04  7.525050E-11  2.769953E-11 -4.177975E-11 -4.579306E-10  3.398100E-10
                   6 -1.606342E+05 -3.936568E+04  7.952031E+04  6.414132E-11 -1.336144E-12 -2.387490E-11 -4.579306E-10  3.398100E-10
0         9    CEN/4 -1.606343E+05 -3.936571E+04  7.952034E+04  4.164258E-11  6.803934E-12 -1.662052E-11 -4.442882E-10  2.909246E-10
1                                                                              JUNE  20, 2025  MSC Nastran 11/21/24   PAGE    19
                                                                                                                                    
0                                                                                                            SUBCASE 1              
 

                          F O R C E S   I N   Q U A D R I L A T E R A L   E L E M E N T S   ( Q U A D 4 )        OPTION = BILIN  
 
    ELEMENT                    - MEMBRANE  FORCES -                      - BENDING   MOMENTS -            - TRANSVERSE SHEAR FORCES -
      ID       GRID-ID     FX            FY            FXY           MX            MY            MXY           QX            QY
                   5 -1.606343E+05 -3.936575E+04  7.952036E+04  5.543581E-11 -1.591311E-12 -1.788878E-11 -4.442882E-10  2.909246E-10
                  21 -1.606342E+05 -3.936568E+04  7.952031E+04  6.526652E-11  2.435807E-11 -3.390097E-11 -4.442882E-10  2.909246E-10
                   6 -1.606342E+05 -3.936568E+04  7.952031E+04  2.783513E-11  1.520628E-11 -1.535225E-11 -4.442882E-10  2.909246E-10
                  20 -1.606343E+05 -3.936575E+04  7.952036E+04  1.797600E-11 -1.075731E-11  6.350699E-13 -4.442882E-10  2.909246E-10
0        10    CEN/4 -1.606343E+05 -3.936574E+04  7.952035E+04  9.964358E-12  1.116697E-12 -2.217564E-12 -2.894467E-10  1.008402E-10
                   7 -1.606343E+05 -3.936573E+04  7.952035E+04  1.598637E-11  1.503038E-13 -4.054924E-12 -2.894467E-10  1.008402E-10
                   5 -1.606343E+05 -3.936575E+04  7.952036E+04  1.808215E-11  5.557644E-12 -7.405695E-12 -2.894467E-10  1.008402E-10
                  20 -1.606343E+05 -3.936575E+04  7.952036E+04  3.885502E-12  2.104406E-12 -3.748743E-13 -2.894467E-10  1.008402E-10
                  12 -1.606343E+05 -3.936573E+04  7.952035E+04  1.832360E-12 -3.345566E-12  2.945698E-12 -2.894467E-10  1.008402E-10
1                                                                              JUNE  20, 2025  MSC Nastran 11/21/24   PAGE    20
                                                                                                                                    
0                                                                                                            SUBCASE 1              
 
                           S T R A I N S   I N   Q U A D R I L A T E R A L   E L E M E N T S   ( Q U A D 4 )        OPTION = BILIN  
 
    ELEMENT              STRAIN            STRAINS IN ELEMENT COORD SYSTEM         PRINCIPAL  STRAINS (ZERO SHEAR)               
      ID      GRID-ID   CURVATURE       NORMAL-X      NORMAL-Y      SHEAR-XY      ANGLE        MAJOR         MINOR       VON MISES 
0         1    CEN/4   0.0           -1.826055E-05  5.879597E-06  8.858769E-06    79.9241   6.666667E-06 -1.904762E-05  1.540909E-05
                      -1.000000E+00  -5.433439E-19  8.928928E-19  1.050630E-18     0.0      1.064521E-18 -7.149725E-19  1.033977E-18

                   4   0.0           -1.826055E-05  5.879597E-06  8.858769E-06    79.9241   6.666667E-06 -1.904762E-05  1.540909E-05
                      -1.000000E+00  -7.237186E-19  5.220109E-19  1.861936E-18     0.0      1.019263E-18 -1.220971E-18  1.295146E-18

                   7   0.0           -1.826055E-05  5.879597E-06  8.858769E-06    79.9241   6.666667E-06 -1.904762E-05  1.540909E-05
                      -1.000000E+00  -7.593805E-19  1.387441E-18  4.222829E-19     0.0      1.408010E-18 -7.799494E-19  1.280450E-18

                  12   0.0           -1.826055E-05  5.879598E-06  8.858769E-06    79.9241   6.666667E-06 -1.904762E-05  1.540909E-05
                      -1.000000E+00  -3.539918E-19  1.811929E-18 -7.227038E-19     0.0      1.870625E-18 -4.126874E-19  1.404996E-18

                   3   0.0           -1.826055E-05  5.879597E-06  8.858770E-06    79.9241   6.666667E-06 -1.904762E-05  1.540909E-05
                      -1.000000E+00  -2.346405E-19 -2.040206E-19  2.573242E-18     0.0      1.067381E-18 -1.506043E-18  1.492945E-18

0         2    CEN/4   0.0           -1.813324E-05  5.476273E-06  8.671365E-06    79.9163   6.247303E-06 -1.890427E-05  1.512175E-05
                      -1.000000E+00   2.351703E-16 -6.623146E-17 -1.091401E-16     0.0      2.447462E-16 -7.580736E-17  1.934494E-16

                   9   0.0           -1.605769E-05  6.757390E-06  4.344676E-06    84.6091   6.962387E-06 -1.626269E-05  1.376270E-05
                      -1.000000E+00   2.361820E-16 -1.114391E-16 -3.318298E-17     0.0      2.369721E-16 -1.122292E-16  2.058547E-16

                   1   0.0           -1.582201E-05  2.782680E-06  1.086988E-05    74.8521   4.254017E-06 -1.729334E-05  1.317780E-05
                      -1.000000E+00   2.307500E-16 -1.992777E-17 -1.834286E-16     0.0      2.607216E-16 -4.989936E-17  1.926142E-16

                   2   0.0           -1.976005E-05  5.164613E-06  1.088334E-05    78.2058   6.300865E-06 -2.089630E-05  1.643872E-05
                      -1.000000E+00   2.353049E-16 -4.704214E-17 -1.419594E-16     0.0      2.521442E-16 -6.388153E-17  1.929478E-16

                  10   0.0           -1.986105E-05  6.868060E-06  8.086819E-06    81.5835   7.466331E-06 -2.045932E-05  1.669446E-05
                      -1.000000E+00   2.376343E-16 -8.626104E-17 -7.756089E-17     0.0      2.422129E-16 -9.083956E-17  1.987979E-16

0         3    CEN/4   0.0           -1.398619E-05  1.609784E-06  2.043970E-05    63.6722   6.666908E-06 -1.904332E-05  1.540643E-05
                      -1.000000E+00   1.613507E-16 -2.450374E-17 -2.235415E-16     0.0      2.137788E-16 -7.693184E-17  1.739301E-16

                  11   0.0           -1.398659E-05  1.602124E-06  2.045463E-05    63.6557   6.666614E-06 -1.905108E-05  1.541131E-05
                      -1.000000E+00   1.806268E-16 -3.148165E-17 -2.428454E-16     0.0      2.357897E-16 -8.664459E-17  1.926816E-16

                   9   0.0           -1.398606E-05  1.617475E-06  2.042515E-05    63.6888   6.667333E-06 -1.903592E-05  1.540185E-05
                      -1.000000E+00   1.809805E-16 -2.197952E-17 -2.610938E-16     0.0      2.448507E-16 -8.584972E-17  1.981497E-16

                  10   0.0           -1.398580E-05  1.617445E-06  2.042476E-05    63.6888   6.667207E-06 -1.903556E-05  1.540156E-05
                      -1.000000E+00   1.420712E-16 -1.752074E-17 -2.042376E-16     0.0      1.918732E-16 -6.732279E-17  1.552992E-16

                  14   0.0           -1.398633E-05  1.602093E-06  2.045424E-05    63.6557   6.666488E-06 -1.905072E-05  1.541101E-05
                      -1.000000E+00   1.417513E-16 -2.702287E-17 -1.859960E-16     0.0      1.829421E-16 -6.821366E-17  1.499631E-16

1                                                                              JUNE  20, 2025  MSC Nastran 11/21/24   PAGE    21
                                                                                                                                    
0                                                                                                            SUBCASE 1              
 
                           S T R A I N S   I N   Q U A D R I L A T E R A L   E L E M E N T S   ( Q U A D 4 )        OPTION = BILIN  
 
    ELEMENT              STRAIN            STRAINS IN ELEMENT COORD SYSTEM         PRINCIPAL  STRAINS (ZERO SHEAR)               
      ID      GRID-ID   CURVATURE       NORMAL-X      NORMAL-Y      SHEAR-XY      ANGLE        MAJOR         MINOR       VON MISES 
0         4    CEN/4   0.0            1.604155E-06 -1.398635E-05 -2.045040E-05   -26.3398   6.666610E-06 -1.904881E-05  1.540983E-05
                      -1.000000E+00  -1.596167E-17  1.280345E-16  1.781400E-16     0.0      1.705667E-16 -5.849388E-17  1.374234E-16

                  11   0.0            1.602071E-06 -1.398642E-05 -2.045440E-05   -26.3443   6.666513E-06 -1.905087E-05  1.541112E-05
                      -1.000000E+00  -6.955464E-18  1.359015E-16  2.080923E-16     0.0      1.906777E-16 -6.173169E-17  1.519351E-16

                  14   0.0            1.602071E-06 -1.398643E-05 -2.045440E-05   -26.3443   6.666514E-06 -1.905087E-05  1.541112E-05
                      -1.000000E+00  -5.220741E-18  1.208582E-16  1.860864E-16     0.0      1.702065E-16 -5.456903E-17  1.353777E-16

                  18   0.0            1.606238E-06 -1.398628E-05 -2.044640E-05   -26.3353   6.666708E-06 -1.904675E-05  1.540855E-05
                      -1.000000E+00  -2.495433E-17  1.201608E-16  1.481877E-16     0.0      1.513071E-16 -5.610067E-17  1.238809E-16

                  13   0.0            1.606238E-06 -1.398628E-05 -2.044640E-05   -26.3353   6.666707E-06 -1.904675E-05  1.540855E-05
                      -1.000000E+00  -2.669583E-17  1.352176E-16  1.701936E-16     0.0      1.717150E-16 -6.319317E-17  1.403656E-16

0         5    CEN/4   0.0            1.605680E-06 -1.398630E-05 -2.044747E-05   -26.3365   6.666682E-06 -1.904730E-05  1.540889E-05
                      -1.000000E+00  -1.558089E-17  1.046692E-16  1.433910E-16     0.0      1.381138E-16 -4.902543E-17  1.120516E-16

                  13   0.0            1.606239E-06 -1.398628E-05 -2.044640E-05   -26.3353   6.666708E-06 -1.904675E-05  1.540855E-05
                      -1.000000E+00  -1.304979E-17  1.154980E-16  1.661804E-16     0.0      1.562723E-16 -5.382403E-17  1.260145E-16

                  18   0.0            1.606239E-06 -1.398628E-05 -2.044640E-05   -26.3353   6.666708E-06 -1.904675E-05  1.540855E-05
                      -1.000000E+00  -1.061033E-17  9.409180E-17  1.349655E-16     0.0      1.271489E-16 -4.366744E-17  1.024716E-16

                  22   0.0            1.605122E-06 -1.398632E-05 -2.044854E-05   -26.3377   6.666656E-06 -1.904785E-05  1.540924E-05
                      -1.000000E+00  -1.810521E-17  9.386081E-17  1.205407E-16     0.0      1.201372E-16 -4.438164E-17  9.828433E-17

                  15   0.0            1.605122E-06 -1.398632E-05 -2.044854E-05   -26.3377   6.666656E-06 -1.904785E-05  1.540924E-05
                      -1.000000E+00  -2.055822E-17  1.152399E-16  1.518200E-16     0.0      1.491869E-16 -5.450516E-17  1.217630E-16

0         6    CEN/4   0.0            1.605272E-06 -1.398631E-05 -2.044826E-05   -26.3374   6.666663E-06 -1.904770E-05  1.540915E-05
                      -1.000000E+00  -1.087462E-17  8.016428E-17  1.112362E-16     0.0      1.065155E-16 -3.722584E-17  8.614315E-17

                  15   0.0            1.605122E-06 -1.398632E-05 -2.044854E-05   -26.3377   6.666656E-06 -1.904785E-05  1.540924E-05
                      -1.000000E+00  -4.466395E-18  8.886171E-17  1.377621E-16     0.0      1.253970E-16 -4.100172E-17  1.001045E-16

                  22   0.0            1.605122E-06 -1.398632E-05 -2.044854E-05   -26.3377   6.666656E-06 -1.904785E-05  1.540924E-05
                      -1.000000E+00  -2.528384E-18  7.198882E-17  1.130423E-16     0.0      1.024269E-16 -3.296650E-17  8.152634E-17

                   8   0.0            1.605421E-06 -1.398631E-05 -2.044797E-05   -26.3371   6.666670E-06 -1.904756E-05  1.540905E-05
                      -1.000000E+00  -1.726252E-17  7.146685E-17  8.473059E-17     0.0      8.844582E-17 -3.424148E-17  7.310163E-17

                  17   0.0            1.605421E-06 -1.398631E-05 -2.044797E-05   -26.3371   6.666670E-06 -1.904756E-05  1.540905E-05
                      -1.000000E+00  -1.921408E-17  8.835330E-17  1.094301E-16     0.0      1.112926E-16 -4.215340E-17  9.154069E-17

1                                                                              JUNE  20, 2025  MSC Nastran 11/21/24   PAGE    22
                                                                                                                                    
0                                                                                                            SUBCASE 1              
 
                           S T R A I N S   I N   Q U A D R I L A T E R A L   E L E M E N T S   ( Q U A D 4 )        OPTION = BILIN  
 
    ELEMENT              STRAIN            STRAINS IN ELEMENT COORD SYSTEM         PRINCIPAL  STRAINS (ZERO SHEAR)               
      ID      GRID-ID   CURVATURE       NORMAL-X      NORMAL-Y      SHEAR-XY      ANGLE        MAJOR         MINOR       VON MISES 
0         7    CEN/4   0.0            1.605381E-06 -1.398631E-05 -2.044805E-05   -26.3372   6.666668E-06 -1.904760E-05  1.540908E-05
                      -1.000000E+00  -8.059714E-18  5.709364E-17  7.883765E-17     0.0      7.565485E-17 -2.662092E-17  6.126929E-17

                  17   0.0            1.605421E-06 -1.398631E-05 -2.044797E-05   -26.3371   6.666670E-06 -1.904756E-05  1.540905E-05
                      -1.000000E+00  -4.652777E-18  6.619693E-17  1.004599E-16     0.0      9.223726E-17 -3.069310E-17  7.387925E-17

                   8   0.0            1.605421E-06 -1.398631E-05 -2.044797E-05   -26.3371   6.666670E-06 -1.904756E-05  1.540905E-05
                      -1.000000E+00  -2.592793E-18  4.828049E-17  7.425947E-17     0.0      6.785096E-17 -2.216326E-17  5.415517E-17

                  16   0.0            1.605341E-06 -1.398631E-05 -2.044812E-05   -26.3373   6.666666E-06 -1.904764E-05  1.540910E-05
                      -1.000000E+00  -1.147343E-17  4.796325E-17  5.723573E-17     0.0      5.950217E-17 -2.301235E-17  4.916802E-17

                  19   0.0            1.605341E-06 -1.398631E-05 -2.044812E-05   -26.3373   6.666666E-06 -1.904764E-05  1.540910E-05
                      -1.000000E+00  -1.352664E-17  6.588647E-17  8.341921E-17     0.0      8.376725E-17 -3.140742E-17  6.874847E-17

0         8    CEN/4   0.0           -1.398631E-05  1.605352E-06  2.044810E-05    63.6627   6.666666E-06 -1.904763E-05  1.540910E-05
                      -1.000000E+00   3.721575E-17 -5.988044E-18 -5.141529E-17     0.0      4.919249E-17 -1.796478E-17  4.014622E-17

                  21   0.0           -1.398631E-05  1.605363E-06  2.044808E-05    63.6628   6.666667E-06 -1.904761E-05  1.540909E-05
                      -1.000000E+00   4.447412E-17 -1.259655E-17 -5.125775E-17     0.0      5.429376E-17 -2.241620E-17  4.554538E-17

                  19   0.0           -1.398631E-05  1.605341E-06  2.044812E-05    63.6627   6.666666E-06 -1.904764E-05  1.540910E-05
                      -1.000000E+00   4.486855E-17 -1.090543E-18 -7.337207E-17     0.0      6.517786E-17 -2.139985E-17  5.207218E-17

                  16   0.0           -1.398631E-05  1.605341E-06  2.044812E-05    63.6627   6.666666E-06 -1.904764E-05  1.540910E-05
                      -1.000000E+00   2.996078E-17  6.238517E-19 -5.156266E-17     0.0      4.495442E-17 -1.436980E-17  3.573593E-17

                   6   0.0           -1.398631E-05  1.605363E-06  2.044808E-05    63.6628   6.666667E-06 -1.904761E-05  1.540909E-05
                      -1.000000E+00   2.955956E-17 -1.088216E-17 -2.946528E-17     0.0      3.435737E-17 -1.567997E-17  2.955231E-17

0         9    CEN/4   0.0           -1.398631E-05  1.605360E-06  2.044809E-05    63.6628   6.666667E-06 -1.904762E-05  1.540909E-05
                      -1.000000E+00   1.793565E-17 -3.548793E-18 -2.052092E-17     0.0      2.204847E-17 -7.661617E-18  1.781089E-17

                   5   0.0           -1.398631E-05  1.605357E-06  2.044809E-05    63.6628   6.666667E-06 -1.904762E-05  1.540909E-05
                      -1.000000E+00   2.558604E-17 -9.584884E-18 -2.208733E-17     0.0      2.876620E-17 -1.276504E-17  2.456413E-17

                  21   0.0           -1.398631E-05  1.605363E-06  2.044808E-05    63.6628   6.666667E-06 -1.904761E-05  1.540909E-05
                      -1.000000E+00   2.594521E-17  6.983634E-19 -4.183796E-17     0.0      3.775443E-17 -1.111087E-17  2.957727E-17

                   6   0.0           -1.398631E-05  1.605363E-06  2.044808E-05    63.6628   6.666667E-06 -1.904761E-05  1.540909E-05
                      -1.000000E+00   1.029204E-17  2.500850E-18 -1.895113E-17     0.0      1.664154E-17 -3.848651E-18  1.257511E-17

                  20   0.0           -1.398631E-05  1.605357E-06  2.044809E-05    63.6628   6.666667E-06 -1.904762E-05  1.540909E-05
                      -1.000000E+00   9.932873E-18 -7.802726E-18  7.961127E-19     0.0      9.941802E-18 -7.811656E-18  1.027453E-17

1                                                                              JUNE  20, 2025  MSC Nastran 11/21/24   PAGE    23
                                                                                                                                    
0                                                                                                            SUBCASE 1              
 
                           S T R A I N S   I N   Q U A D R I L A T E R A L   E L E M E N T S   ( Q U A D 4 )        OPTION = BILIN  
 
    ELEMENT              STRAIN            STRAINS IN ELEMENT COORD SYSTEM         PRINCIPAL  STRAINS (ZERO SHEAR)               
      ID      GRID-ID   CURVATURE       NORMAL-X      NORMAL-Y      SHEAR-XY      ANGLE        MAJOR         MINOR       VON MISES 
0        10    CEN/4   0.0           -1.398631E-05  1.605357E-06  2.044809E-05    63.6628   6.666667E-06 -1.904762E-05  1.540909E-05
                      -1.000000E+00   4.370544E-18 -1.082885E-18 -2.736217E-18     0.0      4.694517E-18 -1.406858E-18  3.689159E-18

                   7   0.0           -1.398631E-05  1.605358E-06  2.044809E-05    63.6628   6.666667E-06 -1.904762E-05  1.540909E-05
                      -1.000000E+00   7.288972E-18 -2.490477E-18 -5.003849E-18     0.0      7.891882E-18 -3.093387E-18  6.540930E-18

                   5   0.0           -1.398631E-05  1.605357E-06  2.044809E-05    63.6628   6.666667E-06 -1.904762E-05  1.540909E-05
                      -1.000000E+00   7.354242E-18 -3.512263E-19 -9.125261E-18     0.0      9.473204E-18 -2.470188E-18  7.279928E-18

                  20   0.0           -1.398631E-05  1.605357E-06  2.044809E-05    63.6628   6.666667E-06 -1.904762E-05  1.540909E-05
                      -1.000000E+00   1.452117E-18  3.264000E-19 -4.651960E-19     0.0      1.498283E-18  2.802334E-19  9.197860E-19

                  12   0.0           -1.398631E-05  1.605358E-06  2.044809E-05    63.6628   6.666667E-06 -1.904762E-05  1.540909E-05
                      -1.000000E+00   1.373294E-18 -1.819627E-18  3.652828E-18     0.0      2.202627E-18 -2.648960E-18  2.805013E-18

1                                                                              JUNE  20, 2025  MSC Nastran 11/21/24   PAGE    24
                                                                                                                                    
0                                                                                                            SUBCASE 1              
 
                         S T R E S S E S   I N   Q U A D R I L A T E R A L   E L E M E N T S   ( Q U A D 4 )        OPTION = BILIN  
 
    ELEMENT              FIBER            STRESSES IN ELEMENT COORD SYSTEM         PRINCIPAL STRESSES (ZERO SHEAR)               
      ID      GRID-ID   DISTANCE        NORMAL-X      NORMAL-Y      SHEAR-XY      ANGLE        MAJOR         MINOR       VON MISES 
0         1    CEN/4  -2.500000E-02  -3.877567E+06 -1.224330E+05  6.890154E+05    79.9241   1.085995E-02 -4.000000E+06  4.000000E+06
                       2.500000E-02  -3.877567E+06 -1.224330E+05  6.890154E+05    79.9241   1.085994E-02 -4.000000E+06  4.000000E+06

                   4  -2.500000E-02  -3.877567E+06 -1.224330E+05  6.890154E+05    79.9241  -8.684570E-03 -4.000000E+06  4.000000E+06
                       2.500000E-02  -3.877567E+06 -1.224330E+05  6.890154E+05    79.9241  -8.684575E-03 -4.000000E+06  4.000000E+06

                   7  -2.500000E-02  -3.877567E+06 -1.224330E+05  6.890154E+05    79.9241   3.040448E-02 -4.000000E+06  4.000000E+06
                       2.500000E-02  -3.877567E+06 -1.224330E+05  6.890154E+05    79.9241   3.040446E-02 -4.000000E+06  4.000000E+06

                  12  -2.500000E-02  -3.877567E+06 -1.224329E+05  6.890154E+05    79.9241   5.646383E-02 -4.000000E+06  4.000000E+06
                       2.500000E-02  -3.877567E+06 -1.224329E+05  6.890154E+05    79.9241   5.646381E-02 -4.000000E+06  4.000000E+06

                   3  -2.500000E-02  -3.877567E+06 -1.224331E+05  6.890154E+05    79.9241  -3.474393E-02 -4.000000E+06  4.000000E+06
                       2.500000E-02  -3.877567E+06 -1.224331E+05  6.890154E+05    79.9241  -3.474393E-02 -4.000000E+06  4.000000E+06

0         2    CEN/4  -2.500000E-02  -3.880884E+06 -2.082920E+05  6.744395E+05    79.9163  -8.835393E+04 -4.000822E+06  3.957384E+06
                       2.500000E-02  -3.880884E+06 -2.082920E+05  6.744395E+05    79.9163  -8.835393E+04 -4.000822E+06  3.957384E+06

                   9  -2.500000E-02  -3.276862E+06  2.721501E+05  3.379192E+05    84.6091   3.040386E+05 -3.308750E+06  3.470772E+06
                       2.500000E-02  -3.276862E+06  2.721501E+05  3.379192E+05    84.6091   3.040386E+05 -3.308750E+06  3.470772E+06

                   1  -2.500000E-02  -3.553384E+06 -6.593216E+05  8.454353E+05    74.8521  -4.304470E+05 -3.782259E+06  3.586461E+06
                       2.500000E-02  -3.553384E+06 -6.593216E+05  8.454353E+05    74.8521  -4.304470E+05 -3.782259E+06  3.586461E+06

                   2  -2.500000E-02  -4.296308E+06 -4.191390E+05  8.464818E+05    78.2058  -2.423888E+05 -4.473058E+06  4.356924E+06
                       2.500000E-02  -4.296308E+06 -4.191390E+05  8.464818E+05    78.2058  -2.423888E+05 -4.473058E+06  4.356924E+06

                  10  -2.500000E-02  -4.177799E+06 -1.993687E+04  6.289748E+05    81.5835   7.312741E+04 -4.270863E+06  4.307892E+06
                       2.500000E-02  -4.177799E+06 -1.993687E+04  6.289748E+05    81.5835   7.312741E+04 -4.270863E+06  4.307892E+06

0         3    CEN/4  -2.500000E-02  -3.212287E+06 -7.862457E+05  1.589754E+06    63.6722   4.180881E+02 -3.998951E+06  3.999160E+06
                       2.500000E-02  -3.212287E+06 -7.862457E+05  1.589754E+06    63.6722   4.180881E+02 -3.998951E+06  3.999160E+06

                  11  -2.500000E-02  -3.213024E+06 -7.881124E+05  1.590916E+06    63.6557  -3.027996E+02 -4.000834E+06  4.000682E+06
                       2.500000E-02  -3.213024E+06 -7.881124E+05  1.590916E+06    63.6557  -3.027996E+02 -4.000834E+06  4.000682E+06

                   9  -2.500000E-02  -3.211610E+06 -7.843938E+05  1.588623E+06    63.6888   1.139641E+03 -3.997144E+06  3.997714E+06
                       2.500000E-02  -3.211610E+06 -7.843938E+05  1.588623E+06    63.6888   1.139641E+03 -3.997144E+06  3.997714E+06

                  10  -2.500000E-02  -3.211550E+06 -7.843789E+05  1.588593E+06    63.6888   1.139641E+03 -3.997068E+06  3.997638E+06
                       2.500000E-02  -3.211550E+06 -7.843789E+05  1.588593E+06    63.6888   1.139641E+03 -3.997068E+06  3.997638E+06

                  14  -2.500000E-02  -3.212963E+06 -7.880976E+05  1.590886E+06    63.6557  -3.027996E+02 -4.000758E+06  4.000607E+06
                       2.500000E-02  -3.212963E+06 -7.880976E+05  1.590886E+06    63.6557  -3.027996E+02 -4.000758E+06  4.000607E+06

1                                                                              JUNE  20, 2025  MSC Nastran 11/21/24   PAGE    25
                                                                                                                                    
0                                                                                                            SUBCASE 1              
 
                         S T R E S S E S   I N   Q U A D R I L A T E R A L   E L E M E N T S   ( Q U A D 4 )        OPTION = BILIN  
 
    ELEMENT              FIBER            STRESSES IN ELEMENT COORD SYSTEM         PRINCIPAL STRESSES (ZERO SHEAR)               
      ID      GRID-ID   DISTANCE        NORMAL-X      NORMAL-Y      SHEAR-XY      ANGLE        MAJOR         MINOR       VON MISES 
0         4    CEN/4  -2.500000E-02  -7.876061E+05 -3.212796E+06 -1.590587E+06   -26.3398  -1.130128E+02 -4.000289E+06  4.000233E+06
                       2.500000E-02  -7.876061E+05 -3.212796E+06 -1.590587E+06   -26.3398  -1.130128E+02 -4.000289E+06  4.000233E+06

                  11  -2.500000E-02  -7.881107E+05 -3.212988E+06 -1.590898E+06   -26.3443  -3.086112E+02 -4.000790E+06  4.000635E+06
                       2.500000E-02  -7.881107E+05 -3.212988E+06 -1.590898E+06   -26.3443  -3.086112E+02 -4.000790E+06  4.000635E+06

                  14  -2.500000E-02  -7.881108E+05 -3.212988E+06 -1.590898E+06   -26.3443  -3.086112E+02 -4.000790E+06  4.000636E+06
                       2.500000E-02  -7.881108E+05 -3.212988E+06 -1.590898E+06   -26.3443  -3.086112E+02 -4.000790E+06  4.000636E+06

                  18  -2.500000E-02  -7.871015E+05 -3.212604E+06 -1.590276E+06   -26.3353   8.263467E+01 -3.999788E+06  3.999830E+06
                       2.500000E-02  -7.871015E+05 -3.212604E+06 -1.590276E+06   -26.3353   8.263467E+01 -3.999788E+06  3.999830E+06

                  13  -2.500000E-02  -7.871014E+05 -3.212604E+06 -1.590275E+06   -26.3353   8.263467E+01 -3.999788E+06  3.999829E+06
                       2.500000E-02  -7.871014E+05 -3.212604E+06 -1.590275E+06   -26.3353   8.263467E+01 -3.999788E+06  3.999829E+06

0         5    CEN/4  -2.500000E-02  -7.872366E+05 -3.212656E+06 -1.590359E+06   -26.3365   3.028558E+01 -3.999923E+06  3.999938E+06
                       2.500000E-02  -7.872366E+05 -3.212656E+06 -1.590359E+06   -26.3365   3.028558E+01 -3.999923E+06  3.999938E+06

                  13  -2.500000E-02  -7.871014E+05 -3.212604E+06 -1.590275E+06   -26.3353   8.271575E+01 -3.999788E+06  3.999830E+06
                       2.500000E-02  -7.871014E+05 -3.212604E+06 -1.590275E+06   -26.3353   8.271575E+01 -3.999788E+06  3.999830E+06

                  18  -2.500000E-02  -7.871014E+05 -3.212604E+06 -1.590275E+06   -26.3353   8.271575E+01 -3.999788E+06  3.999830E+06
                       2.500000E-02  -7.871014E+05 -3.212604E+06 -1.590275E+06   -26.3353   8.271575E+01 -3.999788E+06  3.999830E+06

                  22  -2.500000E-02  -7.873718E+05 -3.212707E+06 -1.590442E+06   -26.3377  -2.214107E+01 -4.000057E+06  4.000046E+06
                       2.500000E-02  -7.873718E+05 -3.212707E+06 -1.590442E+06   -26.3377  -2.214107E+01 -4.000057E+06  4.000046E+06

                  15  -2.500000E-02  -7.873718E+05 -3.212707E+06 -1.590442E+06   -26.3377  -2.214107E+01 -4.000057E+06  4.000046E+06
                       2.500000E-02  -7.873718E+05 -3.212707E+06 -1.590442E+06   -26.3377  -2.214107E+01 -4.000057E+06  4.000046E+06

0         6    CEN/4  -2.500000E-02  -7.873356E+05 -3.212693E+06 -1.590420E+06   -26.3374  -8.115097E+00 -4.000021E+06  4.000017E+06
                       2.500000E-02  -7.873356E+05 -3.212693E+06 -1.590420E+06   -26.3374  -8.115097E+00 -4.000021E+06  4.000017E+06

                  15  -2.500000E-02  -7.873718E+05 -3.212707E+06 -1.590442E+06   -26.3377  -2.216291E+01 -4.000057E+06  4.000046E+06
                       2.500000E-02  -7.873718E+05 -3.212707E+06 -1.590442E+06   -26.3377  -2.216291E+01 -4.000057E+06  4.000046E+06

                  22  -2.500000E-02  -7.873718E+05 -3.212707E+06 -1.590442E+06   -26.3377  -2.216291E+01 -4.000057E+06  4.000046E+06
                       2.500000E-02  -7.873718E+05 -3.212707E+06 -1.590442E+06   -26.3377  -2.216291E+01 -4.000057E+06  4.000046E+06

                   8  -2.500000E-02  -7.872994E+05 -3.212680E+06 -1.590398E+06   -26.3371   5.932966E+00 -3.999985E+06  3.999988E+06
                       2.500000E-02  -7.872994E+05 -3.212680E+06 -1.590398E+06   -26.3371   5.932966E+00 -3.999985E+06  3.999988E+06

                  17  -2.500000E-02  -7.872994E+05 -3.212679E+06 -1.590398E+06   -26.3371   5.932966E+00 -3.999985E+06  3.999988E+06
                       2.500000E-02  -7.872994E+05 -3.212679E+06 -1.590398E+06   -26.3371   5.932966E+00 -3.999985E+06  3.999988E+06

1                                                                              JUNE  20, 2025  MSC Nastran 11/21/24   PAGE    26
                                                                                                                                    
0                                                                                                            SUBCASE 1              
 
                         S T R E S S E S   I N   Q U A D R I L A T E R A L   E L E M E N T S   ( Q U A D 4 )        OPTION = BILIN  
 
    ELEMENT              FIBER            STRESSES IN ELEMENT COORD SYSTEM         PRINCIPAL STRESSES (ZERO SHEAR)               
      ID      GRID-ID   DISTANCE        NORMAL-X      NORMAL-Y      SHEAR-XY      ANGLE        MAJOR         MINOR       VON MISES 
0         7    CEN/4  -2.500000E-02  -7.873091E+05 -3.212683E+06 -1.590404E+06   -26.3372   2.174571E+00 -3.999994E+06  3.999996E+06
                       2.500000E-02  -7.873091E+05 -3.212683E+06 -1.590404E+06   -26.3372   2.174571E+00 -3.999994E+06  3.999996E+06

                  17  -2.500000E-02  -7.872994E+05 -3.212679E+06 -1.590398E+06   -26.3371   5.938816E+00 -3.999985E+06  3.999988E+06
                       2.500000E-02  -7.872994E+05 -3.212679E+06 -1.590398E+06   -26.3371   5.938816E+00 -3.999985E+06  3.999988E+06

                   8  -2.500000E-02  -7.872994E+05 -3.212679E+06 -1.590398E+06   -26.3371   5.938816E+00 -3.999985E+06  3.999988E+06
                       2.500000E-02  -7.872994E+05 -3.212679E+06 -1.590398E+06   -26.3371   5.938816E+00 -3.999985E+06  3.999988E+06

                  16  -2.500000E-02  -7.873188E+05 -3.212687E+06 -1.590409E+06   -26.3373  -1.589657E+00 -4.000004E+06  4.000003E+06
                       2.500000E-02  -7.873188E+05 -3.212687E+06 -1.590409E+06   -26.3373  -1.589657E+00 -4.000004E+06  4.000003E+06

                  19  -2.500000E-02  -7.873188E+05 -3.212687E+06 -1.590410E+06   -26.3373  -1.589657E+00 -4.000004E+06  4.000003E+06
                       2.500000E-02  -7.873188E+05 -3.212687E+06 -1.590410E+06   -26.3373  -1.589657E+00 -4.000004E+06  4.000003E+06

0         8    CEN/4  -2.500000E-02  -3.212686E+06 -7.873162E+05  1.590408E+06    63.6627  -5.828647E-01 -4.000001E+06  4.000001E+06
                       2.500000E-02  -3.212686E+06 -7.873162E+05  1.590408E+06    63.6627  -5.828647E-01 -4.000001E+06  4.000001E+06

                  21  -2.500000E-02  -3.212685E+06 -7.873136E+05  1.590406E+06    63.6628   4.254968E-01 -3.999999E+06  3.999999E+06
                       2.500000E-02  -3.212685E+06 -7.873136E+05  1.590406E+06    63.6628   4.254968E-01 -3.999999E+06  3.999999E+06

                  19  -2.500000E-02  -3.212687E+06 -7.873188E+05  1.590409E+06    63.6627  -1.591225E+00 -4.000004E+06  4.000003E+06
                       2.500000E-02  -3.212687E+06 -7.873188E+05  1.590409E+06    63.6627  -1.591225E+00 -4.000004E+06  4.000003E+06

                  16  -2.500000E-02  -3.212687E+06 -7.873188E+05  1.590410E+06    63.6627  -1.591225E+00 -4.000004E+06  4.000003E+06
                       2.500000E-02  -3.212687E+06 -7.873188E+05  1.590410E+06    63.6627  -1.591225E+00 -4.000004E+06  4.000003E+06

                   6  -2.500000E-02  -3.212685E+06 -7.873136E+05  1.590406E+06    63.6628   4.254968E-01 -3.999999E+06  3.999999E+06
                       2.500000E-02  -3.212685E+06 -7.873136E+05  1.590406E+06    63.6628   4.254968E-01 -3.999999E+06  3.999999E+06

0         9    CEN/4  -2.500000E-02  -3.212685E+06 -7.873143E+05  1.590407E+06    63.6628   1.568207E-01 -4.000000E+06  4.000000E+06
                       2.500000E-02  -3.212685E+06 -7.873143E+05  1.590407E+06    63.6628   1.568207E-01 -4.000000E+06  4.000000E+06

                   5  -2.500000E-02  -3.212685E+06 -7.873150E+05  1.590407E+06    63.6628  -1.122758E-01 -4.000000E+06  4.000000E+06
                       2.500000E-02  -3.212685E+06 -7.873150E+05  1.590407E+06    63.6628  -1.122758E-01 -4.000000E+06  4.000000E+06

                  21  -2.500000E-02  -3.212685E+06 -7.873136E+05  1.590406E+06    63.6628   4.259173E-01 -3.999999E+06  3.999999E+06
                       2.500000E-02  -3.212685E+06 -7.873136E+05  1.590406E+06    63.6628   4.259173E-01 -3.999999E+06  3.999999E+06

                   6  -2.500000E-02  -3.212685E+06 -7.873136E+05  1.590406E+06    63.6628   4.259173E-01 -3.999999E+06  3.999999E+06
                       2.500000E-02  -3.212685E+06 -7.873136E+05  1.590406E+06    63.6628   4.259173E-01 -3.999999E+06  3.999999E+06

                  20  -2.500000E-02  -3.212685E+06 -7.873150E+05  1.590407E+06    63.6628  -1.122758E-01 -4.000000E+06  4.000000E+06
                       2.500000E-02  -3.212685E+06 -7.873150E+05  1.590407E+06    63.6628  -1.122757E-01 -4.000000E+06  4.000000E+06

1                                                                              JUNE  20, 2025  MSC Nastran 11/21/24   PAGE    27
                                                                                                                                    
0                                                                                                            SUBCASE 1              
 
                         S T R E S S E S   I N   Q U A D R I L A T E R A L   E L E M E N T S   ( Q U A D 4 )        OPTION = BILIN  
 
    ELEMENT              FIBER            STRESSES IN ELEMENT COORD SYSTEM         PRINCIPAL STRESSES (ZERO SHEAR)               
      ID      GRID-ID   DISTANCE        NORMAL-X      NORMAL-Y      SHEAR-XY      ANGLE        MAJOR         MINOR       VON MISES 
0        10    CEN/4  -2.500000E-02  -3.212685E+06 -7.873148E+05  1.590407E+06    63.6628  -4.439720E-02 -4.000000E+06  4.000000E+06
                       2.500000E-02  -3.212685E+06 -7.873148E+05  1.590407E+06    63.6628  -4.439721E-02 -4.000000E+06  4.000000E+06

                   7  -2.500000E-02  -3.212685E+06 -7.873146E+05  1.590407E+06    63.6628   2.359608E-02 -4.000000E+06  4.000000E+06
                       2.500000E-02  -3.212685E+06 -7.873146E+05  1.590407E+06    63.6628   2.359608E-02 -4.000000E+06  4.000000E+06

                   5  -2.500000E-02  -3.212685E+06 -7.873150E+05  1.590407E+06    63.6628  -1.123905E-01 -4.000000E+06  4.000000E+06
                       2.500000E-02  -3.212685E+06 -7.873150E+05  1.590407E+06    63.6628  -1.123905E-01 -4.000000E+06  4.000000E+06

                  20  -2.500000E-02  -3.212685E+06 -7.873150E+05  1.590407E+06    63.6628  -1.123905E-01 -4.000000E+06  4.000000E+06
                       2.500000E-02  -3.212685E+06 -7.873150E+05  1.590407E+06    63.6628  -1.123905E-01 -4.000000E+06  4.000000E+06

                  12  -2.500000E-02  -3.212685E+06 -7.873146E+05  1.590407E+06    63.6628   2.359609E-02 -4.000000E+06  4.000000E+06
                       2.500000E-02  -3.212685E+06 -7.873146E+05  1.590407E+06    63.6628   2.359609E-02 -4.000000E+06  4.000000E+06

1                                                                              JUNE  20, 2025  MSC Nastran 11/21/24   PAGE    28
                                                                                                                                    
0                                                                                                            SUBCASE 1              
 
                                          G R I D   P O I N T   F O R C E   B A L A N C E
 
   POINT-ID    ELEMENT-ID     SOURCE             T1             T2             T3             R1             R2             R3
          1                  F-OF-SPC       3.112159E+02   5.000148E+03  -3.112159E+02  -5.736588E-04   2.239098E-12  -5.736588E-04
          1             2    QUAD4         -3.112159E+02  -5.000148E+03   3.112159E+02   5.736588E-04  -2.240097E-12   5.736588E-04
          1                  *TOTALS*       1.705303E-13  -9.094947E-13   5.684342E-14  -4.440892E-16  -9.992007E-16  -4.440892E-16
0         2                  F-OF-SPC      -3.112159E+02   4.999852E+03   3.112159E+02   5.819465E-03  -2.319922E-12   5.819465E-03
          2             2    QUAD4          3.112159E+02  -4.999852E+03  -3.112159E+02  -5.819465E-03   2.319256E-12  -5.819465E-03
          2                  *TOTALS*      -2.273737E-13   9.094947E-13  -4.547474E-13   8.881784E-16  -6.661338E-16  -8.881784E-16
0         3                  APP-LOAD       0.0           -5.000000E+03   0.0            0.0            0.0            0.0
          3             1    QUAD4         -1.396927E-11   5.000000E+03   9.578116E-12   2.309264E-14  -7.860379E-14   3.019807E-14
          3                  *TOTALS*      -1.396927E-11   4.547474E-12   9.578116E-12   2.309264E-14  -7.860379E-14   3.019807E-14
0         4                  APP-LOAD       0.0           -5.000000E+03   0.0            0.0            0.0            0.0
          4             1    QUAD4          2.481926E-11   5.000000E+03  -2.247447E-11  -5.773160E-15  -2.100542E-13   1.998401E-14
          4                  *TOTALS*       2.481926E-11  -2.546585E-11  -2.247447E-11  -5.773160E-15  -2.100542E-13   1.998401E-14
0         5             9    QUAD4          1.185720E-04   5.000000E+03  -1.185721E-04  -7.247267E-09  -6.550316E-14  -7.245861E-09
          5            10    QUAD4         -1.185721E-04  -5.000000E+03   1.185721E-04   7.247184E-09   1.154632E-14   7.245842E-09
          5                  *TOTALS*      -2.486011E-11  -4.274625E-11   6.972201E-12  -8.337775E-14  -5.395684E-14  -1.965095E-14
0         6             8    QUAD4          4.358728E-04   5.000001E+03  -4.358728E-04   5.346461E-10  -2.855494E-13   5.369127E-10
          6             9    QUAD4         -4.358728E-04  -5.000001E+03   4.358728E-04  -5.346198E-10   7.988055E-14  -5.368964E-10
          6                  *TOTALS*       1.698197E-11   5.456968E-12  -3.697664E-11   2.631229E-14  -2.056688E-13   1.632028E-14
0         7             1    QUAD4          3.839571E-05  -5.000000E+03  -3.839571E-05  -2.322845E-09  -1.532108E-13  -2.323078E-09
          7            10    QUAD4         -3.839575E-05   5.000000E+03   3.839575E-05   2.322854E-09  -6.084022E-14   2.323029E-09
          7                  *TOTALS*      -4.441247E-11  -7.275958E-12   4.471801E-11   9.325873E-15  -2.140510E-13  -4.840572E-14
0         8             6    QUAD4          6.063391E-03   5.000014E+03  -6.063391E-03   7.017233E-09  -2.262635E-13   7.023817E-09
          8             7    QUAD4         -6.063391E-03  -5.000014E+03   6.063391E-03  -7.017234E-09   1.310063E-13  -7.023812E-09
          8                  *TOTALS*       2.245315E-12   2.819434E-11  -9.123369E-12  -6.661338E-16  -9.525714E-14   5.107026E-15
0         9             2    QUAD4         -1.162633E+00   4.997433E+03   1.162633E+00   9.084495E-04  -2.766676E-13   9.084496E-04
          9             3    QUAD4          1.162633E+00  -4.997433E+03  -1.162633E+00  -9.084495E-04   2.631229E-13  -9.084496E-04
          9                  *TOTALS*       1.207923E-13   3.637979E-12  -1.300293E-12   1.043610E-14  -1.354472E-14  -6.661338E-16
0        10             2    QUAD4          1.162633E+00   5.002567E+03  -1.162633E+00   1.332785E-03   7.682743E-14   1.332785E-03
         10             3    QUAD4         -1.162633E+00  -5.002567E+03   1.162633E+00  -1.332785E-03  -8.415491E-14  -1.332785E-03
         10                  *TOTALS*      -2.472689E-12   2.728484E-12   2.088996E-12   5.884182E-15  -7.327472E-15   3.885781E-15
0        11             3    QUAD4          3.151436E-01   5.000713E+03  -3.151436E-01  -1.939305E-05   1.932898E-13  -1.939304E-05
         11             4    QUAD4         -3.151436E-01  -5.000713E+03   3.151436E-01   1.939305E-05  -1.992295E-13   1.939304E-05
         11                  *TOTALS*       1.232792E-12  -4.547474E-12   9.983125E-13  -1.332268E-15  -5.939693E-15   1.376677E-14
0        12             1    QUAD4         -3.839570E-05  -5.000000E+03   3.839569E-05  -1.988513E-10   7.238654E-14  -1.990527E-10
         12            10    QUAD4          3.839567E-05   5.000000E+03  -3.839567E-05   1.990408E-10   7.793766E-14   1.990816E-10
         12                  *TOTALS*      -3.160494E-11  -1.818989E-12   1.408296E-11   1.895151E-13   1.503242E-13   2.897682E-14
0        13             4    QUAD4         -8.444567E-02   4.999809E+03   8.444567E-02   5.243958E-06  -1.558753E-13   5.243971E-06
         13             5    QUAD4          8.444567E-02  -4.999809E+03  -8.444567E-02  -5.243958E-06   2.072231E-13  -5.243971E-06
1                                                                              JUNE  20, 2025  MSC Nastran 11/21/24   PAGE    29
                                                                                                                                    
0                                                                                                            SUBCASE 1              
 
                                          G R I D   P O I N T   F O R C E   B A L A N C E
 
   POINT-ID    ELEMENT-ID     SOURCE             T1             T2             T3             R1             R2             R3
         13                  *TOTALS*      -3.595346E-12  -6.366463E-12  -7.261747E-12  -5.151435E-14   5.134781E-14   6.927792E-14
0        14             3    QUAD4         -3.151436E-01   4.999287E+03   3.151436E-01  -3.810111E-07  -4.654055E-13  -3.809965E-07
         14             4    QUAD4          3.151436E-01  -4.999287E+03  -3.151436E-01   3.810111E-07   4.440892E-13   3.809965E-07
         14                  *TOTALS*      -1.188738E-11   1.455192E-11   4.042988E-12  -4.440892E-15  -2.131628E-14  -6.217249E-15
0        15             5    QUAD4          2.262796E-02   5.000051E+03  -2.262796E-02  -1.405171E-06   3.819167E-14  -1.405161E-06
         15             6    QUAD4         -2.262796E-02  -5.000051E+03   2.262796E-02   1.405171E-06  -6.106227E-14   1.405161E-06
         15                  *TOTALS*       1.147527E-11  -1.091394E-11  -1.581313E-11  -8.326673E-15  -2.287059E-14   2.997602E-15
0        16             7    QUAD4         -1.624866E-03   4.999996E+03   1.624866E-03  -1.891422E-09  -9.903189E-14  -1.886797E-09
         16             8    QUAD4          1.624866E-03  -4.999996E+03  -1.624866E-03   1.891423E-09  -9.353629E-14   1.886814E-09
         16                  *TOTALS*      -1.652012E-12   7.275958E-12  -6.412648E-12   8.881784E-16  -1.925682E-13   1.687539E-14
0        17             6    QUAD4         -6.063392E-03   4.999986E+03   6.063392E-03   3.765225E-07   3.108624E-15   3.765304E-07
         17             7    QUAD4          6.063392E-03  -4.999986E+03  -6.063392E-03  -3.765225E-07   2.270406E-14  -3.765304E-07
         17                  *TOTALS*      -1.039879E-11   1.182343E-11  -1.755041E-12   2.220446E-15   2.581269E-14   3.108624E-15
0        18             4    QUAD4          8.444567E-02   5.000191E+03  -8.444567E-02   9.773341E-08  -1.871836E-13   9.774511E-08
         18             5    QUAD4         -8.444567E-02  -5.000191E+03   8.444567E-02  -9.773343E-08   1.696421E-13  -9.774512E-08
         18                  *TOTALS*       1.062972E-11   5.456968E-12  -1.080025E-12  -1.998401E-14  -1.754152E-14  -6.661338E-15
0        19             7    QUAD4          1.624866E-03   5.000004E+03  -1.624866E-03  -1.008963E-07   4.640732E-14  -1.008910E-07
         19             8    QUAD4         -1.624866E-03  -5.000004E+03   1.624866E-03   1.008963E-07  -1.297851E-13   1.008911E-07
         19                  *TOTALS*      -1.053024E-11  -9.094947E-12  -1.925571E-11  -9.214851E-15  -8.337775E-14   2.520206E-14
0        20             9    QUAD4         -1.185721E-04   5.000000E+03   1.185721E-04  -2.542651E-10  -1.809664E-13  -2.533955E-10
         20            10    QUAD4          1.185722E-04  -5.000000E+03  -1.185722E-04   2.542713E-10   1.442735E-13   2.533298E-10
         20                  *TOTALS*       6.539835E-11  -7.275958E-12  -4.612843E-11   6.217249E-15  -3.669287E-14  -6.572520E-14
0        21             8    QUAD4         -4.358729E-04   4.999999E+03   4.358729E-04   2.703412E-08   9.769963E-14   2.703767E-08
         21             9    QUAD4          4.358729E-04  -4.999999E+03  -4.358729E-04  -2.703412E-08  -1.348921E-13  -2.703767E-08
         21                  *TOTALS*       1.050893E-11   1.818989E-11   9.372059E-12  -2.442491E-15  -3.719247E-14  -1.110223E-15
0        22             5    QUAD4         -2.262796E-02   4.999949E+03   2.262796E-02  -2.619667E-08  -2.344791E-13  -2.618739E-08
         22             6    QUAD4          2.262796E-02  -4.999949E+03  -2.262796E-02   2.619665E-08   2.171596E-13   2.618740E-08
         22                  *TOTALS*       4.643397E-12  -1.818989E-11  -1.059064E-11  -1.731948E-14  -1.731948E-14   4.884981E-15
 *** USER INFORMATION MESSAGE 4114 (OUTPX2)
     DATA BLOCK OGPFB1   WRITTEN ON FORTRAN UNIT    12 IN BINARY (LTLEND) FORMAT USING NDDL DESCRIPTION FOR OGPFB1, TRL =
                    101                 0                 1                 0                 0                 0                 3
     NAME OF DATA BLOCK WRITTEN ON FORTRAN UNIT IS OGPFB1  
        (MAXIMUM POSSIBLE FORTRAN RECORD SIZE =      131074 WORDS.)
     (MAXIMUM SIZE OF FORTRAN RECORDS WRITTEN =         660 WORDS.)
           (NUMBER OF FORTRAN RECORDS WRITTEN =          20 RECORDS.)
           (TOTAL DATA WRITTEN FOR DATA BLOCK =         834 WORDS.)
1                                                                              JUNE  20, 2025  MSC Nastran 11/21/24   PAGE    30
                                                                                                                                    
0                                                                                                                                   
0                                                                                                                                   
                                                                                                                                    
                                                                                                                                    
 *** USER INFORMATION MESSAGE 4114 (OUTPX2)
     DATA BLOCK OEF1X    WRITTEN ON FORTRAN UNIT    12 IN BINARY (LTLEND) FORMAT USING NDDL DESCRIPTION FOR OEF1X, TRL =
                    101                63                 6                20                25                 0                 3
     NAME OF DATA BLOCK WRITTEN ON FORTRAN UNIT IS OEF1X   
        (MAXIMUM POSSIBLE FORTRAN RECORD SIZE =      131074 WORDS.)
     (MAXIMUM SIZE OF FORTRAN RECORDS WRITTEN =         470 WORDS.)
           (NUMBER OF FORTRAN RECORDS WRITTEN =          20 RECORDS.)
           (TOTAL DATA WRITTEN FOR DATA BLOCK =         649 WORDS.)
 *** USER INFORMATION MESSAGE 4114 (OUTPX2)
     DATA BLOCK OES1X1   WRITTEN ON FORTRAN UNIT    12 IN BINARY (LTLEND) FORMAT USING NDDL DESCRIPTION FOR OES1X1, TRL =
                    101                63                 6                20                25                 0                 3
     NAME OF DATA BLOCK WRITTEN ON FORTRAN UNIT IS OES1X1  
        (MAXIMUM POSSIBLE FORTRAN RECORD SIZE =      131074 WORDS.)
     (MAXIMUM SIZE OF FORTRAN RECORDS WRITTEN =         870 WORDS.)
           (NUMBER OF FORTRAN RECORDS WRITTEN =          20 RECORDS.)
           (TOTAL DATA WRITTEN FOR DATA BLOCK =        1049 WORDS.)
 *** USER INFORMATION MESSAGE 4114 (OUTPX2)
     DATA BLOCK OSTR1X   WRITTEN ON FORTRAN UNIT    12 IN BINARY (LTLEND) FORMAT USING NDDL DESCRIPTION FOR OSTR1X, TRL =
                    101                63                 6                20                25                 0                 3
     NAME OF DATA BLOCK WRITTEN ON FORTRAN UNIT IS OSTR1X  
        (MAXIMUM POSSIBLE FORTRAN RECORD SIZE =      131074 WORDS.)
     (MAXIMUM SIZE OF FORTRAN RECORDS WRITTEN =         870 WORDS.)
           (NUMBER OF FORTRAN RECORDS WRITTEN =          20 RECORDS.)
           (TOTAL DATA WRITTEN FOR DATA BLOCK =        1049 WORDS.)
 *** USER INFORMATION MESSAGE 4114 (OUTPX2)
     DATA BLOCK OPG1     WRITTEN ON FORTRAN UNIT    12 IN BINARY (LTLEND) FORMAT USING NDDL DESCRIPTION FOR OPG, TRL =
                    101                 0               176                 0                 0                 0                 3
     NAME OF DATA BLOCK WRITTEN ON FORTRAN UNIT IS OPG1    
        (MAXIMUM POSSIBLE FORTRAN RECORD SIZE =      131074 WORDS.)
     (MAXIMUM SIZE OF FORTRAN RECORDS WRITTEN =         176 WORDS.)
           (NUMBER OF FORTRAN RECORDS WRITTEN =          20 RECORDS.)
           (TOTAL DATA WRITTEN FOR DATA BLOCK =         355 WORDS.)
 ^^^     
 *** USER INFORMATION MESSAGE 22713 (SUBDMAP SEKDR)
     PARAMETER EXCLUDE IS NOT DEFINED DIFFERENTIAL STIFFNESS IS COMPUTED FOR ALL ELEMENTS.
 ^^^     
 *** USER INFORMATION MESSAGE 5010 (LNCILS)
     STURM SEQUENCE DATA FOR EIGENVALUE EXTRACTION.
     TRIAL EIGENVALUE = -1.000000D+01, CYCLES = 5.032921D-01 THE STURM COUNT = 0
 *** USER INFORMATION MESSAGE 5010 (LNCILS)
     STURM SEQUENCE DATA FOR EIGENVALUE EXTRACTION.
     TRIAL EIGENVALUE = -4.978700D+02, CYCLES = 3.551225D+00 THE STURM COUNT = 0
 *** USER INFORMATION MESSAGE 5010 (LNCILS)
     STURM SEQUENCE DATA FOR EIGENVALUE EXTRACTION.
     TRIAL EIGENVALUE = 2.566550D+02, CYCLES = 2.549734D+00 THE STURM COUNT = 3

 TABLE OF SHIFTS:  (LNNRIGL)
 SHIFT #        SHIFT VALUE         FREQUENCY, CYCLES     # EIGENVALUES BELOW    # NEW EIGENVALUES FOUND
     1.       -1.0000000E+01         -5.0329212E-01                 0                        3
     2.       -4.9787004E+02         -3.5512245E+00                 0                       20
     3.        2.5665495E+02          2.5497345E+00                 3                        0

1                                                                              JUNE  20, 2025  MSC Nastran 11/21/24   PAGE    31
                                                                                                                                    
0                                                                                                            SUBCASE 2              
0


                          E I G E N V A L U E  A N A L Y S I S   S U M M A R Y   (READ MODULE) 



                                     BLOCK SIZE USED ......................     6

                                     NUMBER OF DECOMPOSITIONS .............     3

                                     NUMBER OF ROOTS FOUND ................     3

                                     NUMBER OF SOLVES REQUIRED ............    21

1                                                                              JUNE  20, 2025  MSC Nastran 11/21/24   PAGE    32
                                                                                                                                    
0                                                                                                            SUBCASE 2              
 
                                              R E A L   E I G E N V A L U E S
   MODE    EXTRACTION      EIGENVALUE            RADIANS             CYCLES            GENERALIZED         GENERALIZED
    NO.       ORDER                                                                       MASS              STIFFNESS
        1         1        2.706881E+01        5.202769E+00        8.280464E-01        9.942725E+03        2.691377E+05
        2         2        3.018648E+01        5.494223E+00        8.744327E-01        9.486266E+03        2.863570E+05
        3         3        2.439350E+02        1.561842E+01        2.485749E+00        9.652019E+03        2.354465E+06
 *** USER WARNING MESSAGE 6418 (SDR2A)
     THE BILIN OPTION FOR STRESSES OVERRIDES ALL OTHER OPTIONS IN STRAIN AND FORCE COMMANDS.
 *** USER INFORMATION MESSAGE 4114 (OUTPX2)
     DATA BLOCK OQG1     WRITTEN ON FORTRAN UNIT    12 IN BINARY (LTLEND) FORMAT USING NDDL DESCRIPTION FOR OQG1, TRL =
                    101                 0               528                 0                 0                 0                 3
     NAME OF DATA BLOCK WRITTEN ON FORTRAN UNIT IS OQG1    
        (MAXIMUM POSSIBLE FORTRAN RECORD SIZE =      131074 WORDS.)
     (MAXIMUM SIZE OF FORTRAN RECORDS WRITTEN =         176 WORDS.)
           (NUMBER OF FORTRAN RECORDS WRITTEN =          40 RECORDS.)
           (TOTAL DATA WRITTEN FOR DATA BLOCK =        1015 WORDS.)
 *** USER INFORMATION MESSAGE 4114 (OUTPX2)
     DATA BLOCK OUG1     WRITTEN ON FORTRAN UNIT    12 IN BINARY (LTLEND) FORMAT USING NDDL DESCRIPTION FOR OUG1, TRL =
                    101                 0               528                 0                 0                 0                 3
     NAME OF DATA BLOCK WRITTEN ON FORTRAN UNIT IS OUG1    
        (MAXIMUM POSSIBLE FORTRAN RECORD SIZE =      131074 WORDS.)
     (MAXIMUM SIZE OF FORTRAN RECORDS WRITTEN =         176 WORDS.)
           (NUMBER OF FORTRAN RECORDS WRITTEN =          40 RECORDS.)
           (TOTAL DATA WRITTEN FOR DATA BLOCK =        1015 WORDS.)
1                                                                              JUNE  20, 2025  MSC Nastran 11/21/24   PAGE    33
                                                                                                                                    
0                                                                                                            SUBCASE 2              
      EIGENVALUE =  2.706881E+01
                                         R E A L   E I G E N V E C T O R   N O .          1
 
      POINT ID.   TYPE          T1             T2             T3             R1             R2             R3
             1      G      0.0            0.0            0.0            0.0            0.0            0.0
             2      G      0.0            0.0            0.0            0.0            0.0            0.0
             3      G      6.352451E-01   3.331139E-12   6.352451E-01   9.931805E-01   1.886152E-03  -9.931805E-01
             4      G      6.353813E-01  -3.307324E-12   6.353813E-01   1.000000E+00   4.527172E-03  -1.000000E+00
             5      G      4.011941E-01  -3.092587E-12   4.011941E-01   9.282410E-01  -4.504694E-03  -9.282410E-01
             6      G      3.827556E-01   2.970699E-12   3.827556E-01   9.162742E-01   1.037604E-02  -9.162742E-01
             7      G      4.966274E-01  -3.247374E-12   4.966274E-01   9.744090E-01  -3.108670E-03  -9.744090E-01
             8      G      2.147639E-01   2.314940E-12   2.147639E-01   7.485293E-01   1.552798E-02  -7.485293E-01
             9      G      2.748581E-03  -1.842854E-13   2.748581E-03   8.933364E-02  -3.493121E-02  -8.933364E-02
            10      G      1.514735E-02   3.005488E-13   1.514735E-02   2.176955E-01   2.967380E-02  -2.176955E-01
            11      G      1.976358E-02  -6.818535E-13   1.976358E-02   2.479932E-01  -8.018537E-03  -2.479932E-01
            12      G      5.755169E-01   3.294367E-12   5.755169E-01   9.928993E-01   6.474233E-03  -9.928993E-01
            13      G      5.191923E-02  -1.227745E-12   5.191923E-02   3.938219E-01  -2.223834E-02  -3.938219E-01
            14      G      4.428460E-02   8.759415E-13   4.428460E-02   3.645765E-01   1.373477E-02  -3.645765E-01
            15      G      9.848273E-02  -1.734812E-12   9.848273E-02   5.341755E-01  -1.204286E-02  -5.341755E-01
            16      G      2.945474E-01   2.676267E-12   2.945474E-01   8.424633E-01   1.146018E-02  -8.424633E-01
            17      G      1.583162E-01  -2.178126E-12   1.583162E-01   6.589675E-01  -1.478852E-02  -6.589675E-01
            18      G      8.808064E-02   1.397003E-12   8.808064E-02   5.076659E-01   2.099487E-02  -5.076659E-01
            19      G      2.299311E-01  -2.559071E-12   2.299311E-01   7.688225E-01  -9.677112E-03  -7.688225E-01
            20      G      4.772094E-01   3.165375E-12   4.772094E-01   9.670435E-01   5.749358E-03  -9.670435E-01
            21      G      3.115657E-01  -2.872271E-12   3.115657E-01   8.588487E-01  -8.837650E-03  -8.588487E-01
            22      G      1.453588E-01   1.896916E-12   1.453588E-01   6.350520E-01   1.477748E-02  -6.350520E-01
1                                                                              JUNE  20, 2025  MSC Nastran 11/21/24   PAGE    34
                                                                                                                                    
0                                                                                                            SUBCASE 2              
      EIGENVALUE =  3.018648E+01
                                         R E A L   E I G E N V E C T O R   N O .          2
 
      POINT ID.   TYPE          T1             T2             T3             R1             R2             R3
             1      G      0.0            0.0            0.0            0.0            0.0            0.0
             2      G      0.0            0.0            0.0            0.0            0.0            0.0
             3      G     -6.041443E-01   3.555005E-02   6.041443E-01   1.000000E+00  -5.273055E-12   1.000000E+00
             4      G     -6.038991E-01  -3.516953E-02   6.038991E-01   9.968853E-01  -5.310466E-12   9.968853E-01
             5      G     -3.694936E-01  -3.300285E-02   3.694936E-01   9.450895E-01  -3.169221E-12   9.450895E-01
             6      G     -3.511728E-01   3.164801E-02   3.511728E-01   8.780864E-01  -5.090329E-12   8.780864E-01
             7      G     -4.647888E-01  -3.460692E-02   4.647888E-01   9.870674E-01  -4.184122E-12   9.870674E-01
             8      G     -1.859945E-01   2.462974E-02   1.859945E-01   6.741703E-01  -5.212917E-12   6.741703E-01
             9      G     -2.020905E-03  -2.016596E-03   2.020905E-03   9.078835E-02   2.278074E-12   9.078835E-02
            10      G     -5.697050E-03   3.293120E-03   5.697050E-03   7.446590E-02  -3.990444E-12   7.446590E-02
            11      G     -8.646316E-03  -7.417056E-03   8.646316E-03   2.333104E-01  -6.350389E-13   2.333104E-01
            12      G     -5.441519E-01   3.520089E-02   5.441519E-01   9.839919E-01  -5.916801E-12   9.839919E-01
            13      G     -3.491001E-02  -1.314049E-02   3.491001E-02   3.976688E-01   2.135147E-13   3.976688E-01
            14      G     -2.847035E-02   9.500411E-03   2.847035E-02   2.389408E-01  -3.062514E-12   2.389408E-01
            15      G     -7.599222E-02  -1.835365E-02   7.599222E-02   5.421868E-01  -1.571327E-12   5.421868E-01
            16      G     -2.638900E-01   2.853214E-02   2.638900E-01   7.870541E-01  -4.841139E-12   7.870541E-01
            17      G     -1.318593E-01  -2.309424E-02   1.318593E-01   6.741440E-01  -1.855395E-12   6.741440E-01
            18      G     -6.657034E-02   1.491336E-02   6.657034E-02   3.963792E-01  -4.588592E-12   3.963793E-01
            19      G     -2.006778E-01  -2.718211E-02   2.006778E-01   7.868833E-01  -2.416194E-12   7.868833E-01
            20      G     -4.453655E-01   3.390742E-02   4.453655E-01   9.455258E-01  -5.415109E-12   9.455258E-01
            21      G     -2.806266E-01  -3.052099E-02   2.806266E-01   8.781043E-01  -2.996026E-12   8.781043E-01
            22      G     -1.196261E-01   2.006488E-02   1.196261E-01   5.427384E-01  -4.752539E-12   5.427384E-01
1                                                                              JUNE  20, 2025  MSC Nastran 11/21/24   PAGE    35
                                                                                                                                    
0                                                                                                            SUBCASE 2              
      EIGENVALUE =  2.439350E+02
                                         R E A L   E I G E N V E C T O R   N O .          3
 
      POINT ID.   TYPE          T1             T2             T3             R1             R2             R3
             1      G      0.0            0.0            0.0            0.0            0.0            0.0
             2      G      0.0            0.0            0.0            0.0            0.0            0.0
             3      G     -2.119285E-01   1.321912E-11  -2.119285E-01   9.431975E-01   1.246475E-02  -9.431975E-01
             4      G     -2.109454E-01  -6.243331E-13  -2.109454E-01   1.000000E+00   3.379488E-02  -1.000000E+00
             5      G     -4.022789E-01   2.313006E-12  -4.022789E-01   4.206759E-01  -4.400244E-02  -4.206759E-01
             6      G     -4.097320E-01   2.454054E-12  -4.097320E-01   3.375015E-01   6.095144E-02  -3.375015E-01
             7      G     -3.402887E-01   7.414878E-12  -3.402887E-01   7.830327E-01  -3.092848E-02  -7.830327E-01
             8      G     -3.856214E-01   4.252094E-12  -3.856214E-01  -5.571435E-01   3.808872E-02   5.571435E-01
             9      G     -8.175831E-03   1.746068E-12  -8.175831E-03  -2.557642E-01   9.984136E-02   2.557642E-01
            10      G     -4.375689E-02  -8.283896E-13  -4.375689E-02  -6.061888E-01  -8.213957E-02   6.061888E-01
            11      G     -5.625900E-02   1.226830E-12  -5.625900E-02  -6.741034E-01   4.419142E-03   6.741034E-01
            12      G     -2.696329E-01   3.639092E-12  -2.696329E-01   9.401238E-01   4.989662E-02  -9.401238E-01
            13      G     -1.383411E-01   1.728645E-12  -1.383411E-01  -9.246170E-01   2.241593E-02   9.246170E-01
            14      G     -1.202730E-01   1.152760E-12  -1.202730E-01  -8.885239E-01  -2.212105E-02   8.885239E-01
            15      G     -2.364521E-01   6.006574E-12  -2.364521E-01  -9.835049E-01  -2.857225E-02   9.835049E-01
            16      G     -4.206265E-01   4.739118E-12  -4.206265E-01  -1.233786E-01   5.357794E-02   1.233786E-01
            17      G     -3.290848E-01   4.118715E-12  -3.290848E-01  -8.205699E-01  -3.949663E-02   8.205699E-01
            18      G     -2.169703E-01   1.968863E-12  -2.169703E-01  -9.906095E-01  -2.014719E-02   9.906095E-01
            19      G     -3.958945E-01   2.347774E-12  -3.958945E-01  -4.802464E-01  -5.851173E-02   4.802464E-01
            20      G     -3.552082E-01   7.014477E-12  -3.552082E-01   7.243024E-01   4.046121E-02  -7.243024E-01
            21      G     -4.222024E-01   5.978785E-12  -4.222024E-01  -3.380342E-02  -5.934353E-02   3.380342E-02
            22      G     -3.123440E-01   5.420107E-13  -3.123440E-01  -8.669408E-01   1.919358E-02   8.669408E-01
1                                                                              JUNE  20, 2025  MSC Nastran 11/21/24   PAGE    36
                                                                                                                                    
0                                                                                                            SUBCASE 2              
      EIGENVALUE =  2.706881E+01
                               F O R C E S   O F   S I N G L E - P O I N T   C O N S T R A I N T
 
      POINT ID.   TYPE          T1             T2             T3             R1             R2             R3
             1      G     -4.819129E+04   4.719330E-04  -4.819129E+04  -9.450483E+04   2.144632E+04   9.450483E+04
             2      G      2.300695E+04  -4.738320E-04   2.300695E+04  -7.749354E+04  -1.898776E+04   7.749354E+04
1                                                                              JUNE  20, 2025  MSC Nastran 11/21/24   PAGE    37
                                                                                                                                    
0                                                                                                            SUBCASE 2              
      EIGENVALUE =  3.018648E+01
                               F O R C E S   O F   S I N G L E - P O I N T   C O N S T R A I N T
 
      POINT ID.   TYPE          T1             T2             T3             R1             R2             R3
             1      G      4.045285E+06   5.148651E+06  -4.045285E+06  -1.964768E+01  -1.648020E-06  -1.964769E+01
             2      G     -4.034282E+06  -5.151489E+06   4.034282E+06  -5.538798E+01   1.757188E-06  -5.538799E+01
1                                                                              JUNE  20, 2025  MSC Nastran 11/21/24   PAGE    38
                                                                                                                                    
0                                                                                                            SUBCASE 2              
      EIGENVALUE =  2.439350E+02
                               F O R C E S   O F   S I N G L E - P O I N T   C O N S T R A I N T
 
      POINT ID.   TYPE          T1             T2             T3             R1             R2             R3
             1      G      5.289712E+05  -3.287213E-03   5.289712E+05   2.742797E+05  -6.273362E+04  -2.742797E+05
             2      G      1.287153E+05  -3.467685E-03   1.287153E+05   2.421689E+05   5.006057E+04  -2.421689E+05
1                                                                              JUNE  20, 2025  MSC Nastran 11/21/24   PAGE    39
                                                                                                                                    
0                                                                                                            SUBCASE 2              
      EIGENVALUE =  2.706881E+01

                          F O R C E S   I N   Q U A D R I L A T E R A L   E L E M E N T S   ( Q U A D 4 )        OPTION = BILIN  
 
    ELEMENT                    - MEMBRANE  FORCES -                      - BENDING   MOMENTS -            - TRANSVERSE SHEAR FORCES -
      ID       GRID-ID     FX            FY            FXY           MX            MY            MXY           QX            QY
0         1    CEN/4 -8.975225E-04 -6.093108E-05  8.093308E-04  3.932494E+05  2.983459E+04 -6.966419E+04 -6.761232E+06  2.236178E+06
                   4 -5.071827E-03 -5.487103E-04  1.724400E-03  5.871649E+05 -2.282062E+03 -8.512573E+04 -6.761232E+06  2.236178E+06
                   7 -4.876199E-03  1.542819E-04  1.344216E-03  6.100837E+05  7.492055E+04 -1.271899E+05 -6.761232E+06  2.236178E+06
                  12  4.671090E-03  8.893190E-04 -5.826070E-04  1.514209E+05  1.114244E+05 -7.101660E+04 -6.761232E+06  2.236178E+06
                   3  4.186651E-03 -7.052197E-04  2.981313E-04  9.794361E+04 -6.871505E+04  2.713309E+04 -6.761232E+06  2.236178E+06
0         2    CEN/4  4.293902E-03 -7.109658E-03  4.456305E-04  4.660058E+06  4.012914E+05 -8.718508E+05  2.897519E+05  5.019958E+05
                   9 -1.645006E-02  1.213217E-02 -5.752218E-03  4.287564E+06 -5.209972E+05 -3.533482E+05  2.897519E+05  5.019958E+05
                   1 -2.837530E-02 -2.803788E-02  1.613466E-02  4.833288E+06  1.317288E+06 -1.354945E+06  2.897519E+05  5.019958E+05
                   2  2.216125E-02 -1.507264E-02  1.506685E-03  4.853189E+06  7.976154E+05 -1.100017E+06  2.897519E+05  5.019958E+05
                  10  2.727206E-02  2.143247E-03 -7.873378E-03  4.619307E+06  9.778743E+03 -6.707612E+05  2.897519E+05  5.019958E+05
0         3    CEN/4  1.782363E-03  4.399496E-03 -2.932316E-03  3.803162E+06  8.568998E+05 -1.868350E+06 -1.800717E+06  1.269507E+06
                  11 -4.659716E-02 -1.493771E-02  2.455165E-02  3.976911E+06  9.648837E+05 -1.985259E+06 -1.800717E+06  1.269507E+06
                   9 -4.032411E-02  1.561866E-03  1.437813E-02  3.922071E+06  8.206361E+05 -1.896318E+06 -1.800717E+06  1.269507E+06
                  10  5.016171E-02  2.373682E-02 -3.041604E-02  3.629413E+06  7.489160E+05 -1.751441E+06 -1.800717E+06  1.269507E+06
                  14  4.388895E-02  7.237185E-03 -2.024264E-02  3.684252E+06  8.931635E+05 -1.840382E+06 -1.800717E+06  1.269507E+06
0         4    CEN/4 -1.483909E-03 -4.820559E-04 -1.001184E-03  9.162357E+05  3.584685E+06  1.782938E+06  1.642357E+06  2.717913E+06
                  11 -1.460771E-02 -4.626860E-02 -2.456697E-02  1.047802E+06  3.665565E+06  1.875765E+06  1.642357E+06  2.717913E+06
                  14  7.444934E-03  4.371124E-02  1.997663E-02  1.031122E+06  3.597500E+06  1.842070E+06  1.642357E+06  2.717913E+06
                  18  1.163989E-02  4.530639E-02  2.256412E-02  7.846694E+05  3.503804E+06  1.690111E+06  1.642357E+06  2.717913E+06
                  13 -1.040894E-02 -4.467297E-02 -2.197995E-02  8.013495E+05  3.571869E+06  1.723806E+06  1.642357E+06  2.717913E+06
0         5    CEN/4 -6.539593E-05 -9.947989E-05 -2.865856E-04  7.939099E+05  3.326986E+06  1.644448E+06  1.806349E+06  3.473057E+06
                  13 -9.645295E-03 -4.224617E-02 -2.080110E-02  8.909515E+05  3.509970E+06  1.759691E+06  1.806349E+06  3.473057E+06
                  18  1.116597E-02  4.267548E-02  2.123801E-02  8.119916E+05  3.187770E+06  1.600188E+06  1.806349E+06  3.473057E+06
                  22  9.520225E-03  4.204912E-02  2.022459E-02  6.968682E+05  3.144002E+06  1.529205E+06  1.806349E+06  3.473057E+06
                  15 -1.129295E-02 -4.287348E-02 -2.181309E-02  7.758281E+05  3.466203E+06  1.688707E+06  1.806349E+06  3.473057E+06
0         6    CEN/4 -8.672335E-04 -5.783584E-04 -9.068353E-04  7.353567E+05  2.958117E+06  1.467529E+06  2.525496E+06  4.475780E+06
                  15 -9.673890E-03 -3.686404E-02 -1.883026E-02  8.993538E+05  3.147936E+06  1.616993E+06  2.525496E+06  4.475780E+06
                  22  8.131201E-03  3.577706E-02  1.712807E-02  8.304575E+05  2.866801E+06  1.477820E+06  2.525496E+06  4.475780E+06
                   8  7.945145E-03  3.570541E-02  1.701278E-02  5.713597E+05  2.768297E+06  1.318064E+06  2.525496E+06  4.475780E+06
                  17 -9.858039E-03 -3.693378E-02 -1.894460E-02  6.402560E+05  3.049433E+06  1.457237E+06  2.525496E+06  4.475780E+06
0         7    CEN/4 -4.678134E-04 -2.279179E-04 -8.384613E-04  6.146488E+05  2.531368E+06  1.253131E+06  2.802487E+06  5.156990E+06
                  17 -8.481995E-03 -3.165809E-02 -1.654343E-02  7.826416E+05  2.774601E+06  1.424741E+06  2.802487E+06  5.156990E+06
                   8  6.866184E-03  3.093996E-02  1.444509E-02  6.856971E+05  2.379014E+06  1.228910E+06  2.802487E+06  5.156990E+06
                  16  7.542554E-03  3.120034E-02  1.486651E-02  4.466560E+05  2.288135E+06  1.081520E+06  2.802487E+06  5.156990E+06
                  19 -7.794182E-03 -3.139961E-02 -1.612392E-02  5.436004E+05  2.683723E+06  1.277352E+06  2.802487E+06  5.156990E+06
0         8    CEN/4 -2.281405E-04 -1.155899E-03  8.487891E-04  2.034672E+06  4.995849E+05 -1.008184E+06 -5.836482E+06  3.236626E+06
                  21 -2.610349E-02 -8.099219E-03  1.394331E-02  2.177274E+06  3.941663E+05 -1.012470E+06 -5.836482E+06  3.236626E+06
                  19 -2.560054E-02 -6.776246E-03  1.312611E-02  2.294966E+06  7.037390E+05 -1.203348E+06 -5.836482E+06  3.236626E+06
                  16  2.564005E-02  5.793143E-03 -1.224526E-02  1.892070E+06  6.050034E+05 -1.003898E+06 -5.836482E+06  3.236626E+06
                   6  2.513997E-02  4.454912E-03 -1.142424E-02  1.774377E+06  2.954307E+05 -8.130203E+05 -5.836482E+06  3.236626E+06
0         9    CEN/4 -4.654657E-04 -4.076412E-04  9.696164E-04  1.491397E+06  3.684607E+05 -7.401822E+05 -6.295188E+06  3.452563E+06
1                                                                              JUNE  20, 2025  MSC Nastran 11/21/24   PAGE    40
                                                                                                                                    
0                                                                                                            SUBCASE 2              
      EIGENVALUE =  2.706881E+01

                          F O R C E S   I N   Q U A D R I L A T E R A L   E L E M E N T S   ( Q U A D 4 )        OPTION = BILIN  
 
    ELEMENT                    - MEMBRANE  FORCES -                      - BENDING   MOMENTS -            - TRANSVERSE SHEAR FORCES -
      ID       GRID-ID     FX            FY            FXY           MX            MY            MXY           QX            QY
                   5 -1.761465E-02 -3.806524E-03  9.080290E-03  1.666599E+06  2.774419E+05 -7.636349E+05 -6.295188E+06  3.452563E+06
                  21 -1.830229E-02 -5.604459E-03  1.018073E-02  1.778916E+06  5.728760E+05 -9.457952E+05 -6.295188E+06  3.452563E+06
                   6  1.669516E-02  2.983612E-03 -7.142487E-03  1.316194E+06  4.594794E+05 -7.167295E+05 -6.295188E+06  3.452563E+06
                  20  1.736373E-02  4.777733E-03 -8.248653E-03  1.203877E+06  1.640453E+05 -5.345692E+05 -6.295188E+06  3.452563E+06
0        10    CEN/4 -6.379466E-04 -9.758267E-04  8.931599E-04  9.008290E+05  2.026222E+05 -4.375086E+05 -6.766027E+06  3.888092E+06
                   7 -1.301441E-02 -4.989455E-03  7.488343E-03  1.076519E+06  6.282791E+04 -4.381051E+05 -6.766027E+06  3.888092E+06
                   5 -1.220766E-02 -2.815605E-03  6.144254E-03  1.229834E+06  4.660993E+05 -6.867564E+05 -6.766027E+06  3.888092E+06
                  20  1.172421E-02  3.053060E-03 -5.695348E-03  7.251388E+05  3.424165E+05 -4.369122E+05 -6.766027E+06  3.888092E+06
                  12  1.090984E-02  8.906543E-04 -4.362703E-03  5.718240E+05 -6.085489E+04 -1.882609E+05 -6.766027E+06  3.888092E+06
1                                                                              JUNE  20, 2025  MSC Nastran 11/21/24   PAGE    41
                                                                                                                                    
0                                                                                                            SUBCASE 2              
      EIGENVALUE =  3.018648E+01

                          F O R C E S   I N   Q U A D R I L A T E R A L   E L E M E N T S   ( Q U A D 4 )        OPTION = BILIN  
 
    ELEMENT                    - MEMBRANE  FORCES -                      - BENDING   MOMENTS -            - TRANSVERSE SHEAR FORCES -
      ID       GRID-ID     FX            FY            FXY           MX            MY            MXY           QX            QY
0         1    CEN/4 -8.131606E+06 -1.617225E+06  8.407719E+06 -8.395275E-05 -6.953039E-07  1.637033E-05  1.435816E-03 -2.611876E-04
                   4 -4.736771E+07 -5.301883E+06  1.659466E+07 -1.069927E-04  1.049558E-06  1.923494E-05  1.435816E-03 -2.611876E-04
                   7 -4.590182E+07 -3.640181E+05  1.390424E+07 -1.084773E-04 -3.937732E-06  2.195235E-05  1.435816E-03 -2.611876E-04
                  12  4.392887E+07  5.733412E+06 -3.677978E+06 -5.458610E-05 -5.534058E-06  1.401642E-05  1.435816E-03 -2.611876E-04
                   3  4.050848E+07 -5.788271E+06  2.599658E+06 -5.113314E-05  6.102953E-06  7.671305E-06  1.435816E-03 -2.611876E-04
0         2    CEN/4  4.680765E+07 -7.825233E+07  4.323625E+06 -3.960274E-04 -3.423626E-05  7.034599E-05 -7.859878E-04  1.154952E-04
                   9 -1.804335E+08  1.320094E+08 -6.331108E+07 -3.588707E-04  3.521402E-05  2.982634E-05 -7.859878E-04  1.154952E-04
                   1 -3.107542E+08 -3.069791E+08  1.758736E+08 -3.997930E-04 -1.026322E-04  1.049324E-04 -7.859878E-04  1.154952E-04
                   2  2.424829E+08 -1.652612E+08  1.584518E+07 -4.175637E-04 -6.417791E-05  8.870891E-05 -7.859878E-04  1.154952E-04
                  10  2.983346E+08  2.287677E+07 -8.666252E+07 -4.000258E-04 -5.100844E-06  5.652025E-05 -7.859878E-04  1.154952E-04
0         3    CEN/4  1.907125E+07  5.038860E+07 -3.036891E+07 -3.496706E-04 -7.513717E-05  1.687760E-04  1.176074E-04  2.012700E-04
                  11 -5.050306E+08 -1.606852E+08  2.681187E+08 -3.579979E-04 -9.074583E-05  1.793072E-04  1.176074E-04  2.012700E-04
                   9 -4.357432E+08  2.156486E+07  1.557460E+08 -3.466205E-04 -6.082166E-05  1.608560E-04  1.176074E-04  2.012700E-04
                  10  5.431731E+08  2.614624E+08 -3.288565E+08 -3.413457E-04 -5.952875E-05  1.582450E-04  1.176074E-04  2.012700E-04
                  14  4.738857E+08  7.921234E+07 -2.164838E+08 -3.527220E-04 -8.945362E-05  1.766960E-04  1.176074E-04  2.012700E-04
0         4    CEN/4 -1.694529E+07 -6.627604E+06 -1.198107E+07 -8.500618E-05 -3.448244E-04 -1.673433E-04 -2.050772E-04  1.637787E-04
                  11 -1.550849E+08 -4.849776E+08 -2.586625E+08 -9.717755E-05 -3.508246E-04 -1.753671E-04 -2.050772E-04  1.637787E-04
                  14  7.507100E+07  4.541873E+08  2.062615E+08 -9.643482E-05 -3.477978E-04 -1.738693E-04 -2.050772E-04  1.637787E-04
                  18  1.211943E+08  4.717224E+08  2.347004E+08 -7.283528E-05 -3.388242E-04 -1.593162E-04 -2.050772E-04  1.637787E-04
                  13 -1.089616E+08 -4.674426E+08 -2.302236E+08 -7.357848E-05 -3.418519E-04 -1.608168E-04 -2.050772E-04  1.637787E-04
0         5    CEN/4 -7.340845E+05 -5.513328E+05 -2.695233E+06 -7.419503E-05 -3.265241E-04 -1.560202E-04  3.349781E-05 -5.313754E-04
                  13 -1.003654E+08 -4.347526E+08 -2.144412E+08 -8.068216E-05 -3.407567E-04 -1.644809E-04  3.349781E-05 -5.313754E-04
                  18  1.138414E+08  4.393314E+08  2.182651E+08 -7.432309E-05 -3.148045E-04 -1.516352E-04  3.349781E-05 -5.313754E-04
                  22  9.889725E+07  4.336500E+08  2.090508E+08 -6.770977E-05 -3.122896E-04 -1.475581E-04  3.349781E-05 -5.313754E-04
                  15 -1.153096E+08 -4.404341E+08 -2.236556E+08 -7.406978E-05 -3.382418E-04 -1.604055E-04  3.349781E-05 -5.313754E-04
0         6    CEN/4 -6.816161E+06 -2.944595E+06 -7.114548E+06 -7.304344E-05 -3.029907E-04 -1.472761E-04 -3.542155E-04 -1.462698E-04
                  15 -1.037779E+08 -3.956284E+08 -2.018530E+08 -7.962168E-05 -3.104659E-04 -1.532188E-04 -3.542155E-04 -1.462698E-04
                  22  8.853786E+07  3.891279E+08  1.866326E+08 -7.693295E-05 -2.994968E-04 -1.477871E-04 -3.542155E-04 -1.462698E-04
                   8  9.014563E+07  3.897392E+08  1.876239E+08 -6.646427E-05 -2.955155E-04 -1.413320E-04 -3.542155E-04 -1.462698E-04
                  17 -1.021702E+08 -3.950171E+08 -2.008617E+08 -6.915393E-05 -3.064902E-04 -1.467647E-04 -3.542155E-04 -1.462698E-04
0         7    CEN/4 -6.622696E+06 -2.941852E+06 -7.578409E+06 -5.445593E-05 -2.647686E-04 -1.312074E-04 -1.927614E-04 -7.998347E-04
                  17 -8.806894E+07 -3.394370E+08 -1.736766E+08 -7.898409E-05 -2.987257E-04 -1.556762E-04 -1.927614E-04 -7.998347E-04
                   8  7.706592E+07  3.344058E+08  1.599024E+08 -6.567363E-05 -2.443979E-04 -1.287815E-04 -1.927614E-04 -7.998347E-04
                  16  7.482355E+07  3.335533E+08  1.585198E+08 -2.992590E-05 -2.308153E-04 -1.067385E-04 -1.927614E-04 -7.998347E-04
                  19 -9.031131E+07 -3.402895E+08 -1.750592E+08 -4.323636E-05 -2.851337E-04 -1.336323E-04 -1.927614E-04 -7.998347E-04
0         8    CEN/4 -3.623449E+06 -8.259626E+06  9.076456E+06 -2.081350E-04 -5.511665E-05  9.993181E-05  1.559556E-04 -3.123581E-04
                  21 -2.761567E+08 -7.590370E+07  1.443956E+08 -2.185294E-04 -4.854579E-05  1.007696E-04  1.559556E-04 -3.123581E-04
                  19 -2.754391E+08 -7.401606E+07  1.432317E+08 -2.261738E-04 -6.865566E-05  1.131649E-04  1.559556E-04 -3.123581E-04
                  16  2.689098E+08  5.938445E+07 -1.262427E+08 -1.977461E-04 -6.168564E-05  9.909448E-05  1.559556E-04 -3.123581E-04
                   6  2.681922E+08  5.749681E+07 -1.250788E+08 -1.900961E-04 -4.158136E-05  8.669778E-05  1.559556E-04 -3.123581E-04
0         9    CEN/4 -3.461404E+06 -7.712926E+06  9.116465E+06 -1.888655E-04 -3.842521E-05  9.177668E-05  2.938509E-04 -1.242459E-04
1                                                                              JUNE  20, 2025  MSC Nastran 11/21/24   PAGE    42
                                                                                                                                    
0                                                                                                            SUBCASE 2              
      EIGENVALUE =  3.018648E+01

                          F O R C E S   I N   Q U A D R I L A T E R A L   E L E M E N T S   ( Q U A D 4 )        OPTION = BILIN  
 
    ELEMENT                    - MEMBRANE  FORCES -                      - BENDING   MOMENTS -            - TRANSVERSE SHEAR FORCES -
      ID       GRID-ID     FX            FY            FXY           MX            MY            MXY           QX            QY
                   5 -2.029432E+08 -5.554667E+07  1.073709E+08 -1.922746E-04 -3.475055E-05  9.133356E-05  2.938509E-04 -1.242459E-04
                  21 -2.038254E+08 -5.786713E+07  1.088016E+08 -1.960530E-04 -4.470198E-05  9.747386E-05  2.938509E-04 -1.242459E-04
                   6  1.960204E+08  4.012082E+07 -8.913793E+07 -1.854545E-04 -4.210173E-05  9.221794E-05  2.938509E-04 -1.242459E-04
                  20  1.969026E+08  4.244127E+07 -9.056869E+07 -1.816743E-04 -3.215403E-05  8.608416E-05  2.938509E-04 -1.242459E-04
0        10    CEN/4 -5.411237E+06 -1.275796E+07  1.248968E+07 -1.419887E-04 -2.974870E-05  6.554757E-05  5.502105E-04 -4.734099E-04
                   7 -1.300367E+08 -4.913486E+07  7.694096E+07 -1.641195E-04 -1.464109E-05  6.680456E-05  5.502105E-04 -4.734099E-04
                   5 -1.251437E+08 -3.626447E+07  6.900527E+07 -1.813327E-04 -5.992510E-05  9.472386E-05  5.502105E-04 -4.734099E-04
                  20  1.192142E+08  2.361894E+07 -5.196161E+07 -1.198561E-04 -4.485444E-05  6.429057E-05  5.502105E-04 -4.734099E-04
                  12  1.143212E+08  1.074855E+07 -4.402592E+07 -1.026447E-04  4.221170E-07  3.637220E-05  5.502105E-04 -4.734099E-04
1                                                                              JUNE  20, 2025  MSC Nastran 11/21/24   PAGE    43
                                                                                                                                    
0                                                                                                            SUBCASE 2              
      EIGENVALUE =  2.439350E+02

                          F O R C E S   I N   Q U A D R I L A T E R A L   E L E M E N T S   ( Q U A D 4 )        OPTION = BILIN  
 
    ELEMENT                    - MEMBRANE  FORCES -                      - BENDING   MOMENTS -            - TRANSVERSE SHEAR FORCES -
      ID       GRID-ID     FX            FY            FXY           MX            MY            MXY           QX            QY
0         1    CEN/4  1.099385E-01  1.525562E-01 -4.856801E-02  3.343262E+06  2.581723E+05 -5.980879E+05 -5.701810E+07  1.774962E+07
                   4 -9.231743E-01 -4.923136E-01  4.391519E-01  4.972193E+06 -2.086594E+04 -7.233723E+05 -5.701810E+07  1.774962E+07
                   7 -5.562231E-01  7.437778E-01 -2.343392E-01  5.170261E+06  6.463304E+05 -1.086897E+06 -5.701810E+07  1.774962E+07
                  12  1.649119E+00  1.629751E+00 -1.031738E+00  1.314695E+06  9.652203E+05 -6.206773E+05 -5.701810E+07  1.774962E+07
                   3  7.928860E-01 -1.254468E+00  5.397417E-01  8.525367E+05 -5.915711E+05  2.275468E+05 -5.701810E+07  1.774962E+07
0         2    CEN/4  6.245470E-02 -2.928386E-02  4.458417E-02 -1.310130E+07 -1.047830E+06  2.356907E+06  1.698586E+07 -1.034616E+07
                   9  1.851787E-01 -2.139423E-01  1.164324E-01 -1.217512E+07  1.733953E+06  8.249829E+05  1.698586E+07 -1.034616E+07
                   1  2.981757E-01  1.666910E-01 -9.095717E-02 -1.382486E+07 -3.823216E+06  3.852829E+06  1.698586E+07 -1.034616E+07
                   2 -5.038400E-02  4.795217E-02  2.449676E-02 -1.353228E+07 -2.241098E+06  3.019497E+06  1.698586E+07 -1.034616E+07
                  10 -9.881125E-02 -1.151761E-01  1.133780E-01 -1.282525E+07  1.405459E+05  1.721849E+06  1.698586E+07 -1.034616E+07
0         3    CEN/4  8.954664E-02 -1.083706E-01 -1.736581E-03 -8.698689E+06 -1.910800E+06  4.295907E+06  3.798753E+07 -2.034309E+07
                  11  1.856465E-02 -4.359012E-02 -5.417905E-03 -1.013054E+07 -1.646811E+06  4.714263E+06  3.798753E+07 -2.034309E+07
                   9 -5.033776E-02 -2.248267E-01  1.063306E-01 -1.064611E+07 -3.002929E+06  5.550426E+06  3.798753E+07 -2.034309E+07
                  10  1.605274E-01 -1.731511E-01  1.944862E-03 -7.266835E+06 -2.174789E+06  3.877551E+06  3.798753E+07 -2.034309E+07
                  14  2.294303E-01  8.086379E-03 -1.098048E-01 -6.751269E+06 -8.186708E+05  3.041388E+06  3.798753E+07 -2.034309E+07
0         4    CEN/4 -2.862077E-02  1.036540E-01 -8.692610E-03 -1.170130E+06 -4.357361E+06 -2.191921E+06 -2.982214E+07 -5.487984E+07
                  11  3.134668E-02  1.144324E-01  2.372573E-02 -3.188609E+06 -6.796925E+06 -4.070700E+06 -2.982214E+07 -5.487984E+07
                  14  3.784398E-02  1.409372E-01  3.684476E-02 -2.284820E+06 -3.108959E+06 -2.245010E+06 -2.982214E+07 -5.487984E+07
                  18 -8.859013E-02  9.287461E-02 -4.111191E-02  8.483503E+05 -1.917797E+06 -3.131424E+05 -2.982214E+07 -5.487984E+07
                  13 -9.508360E-02  6.636790E-02 -5.423379E-02 -5.543885E+04 -5.605764E+06 -2.138832E+06 -2.982214E+07 -5.487984E+07
0         5    CEN/4 -2.683678E-01  7.732895E-02  6.546999E-02  2.561967E+05  7.967062E+05  4.085719E+05 -3.115439E+07 -5.877255E+07
                  13 -2.279102E-01  3.108441E-01  1.731405E-01 -1.736511E+06 -2.017552E+06 -1.600144E+06 -3.115439E+07 -5.877255E+07
                  18 -3.458186E-01 -1.702571E-01 -6.502379E-02 -6.249100E+05  2.518405E+06  6.453353E+05 -3.115439E+07 -5.877255E+07
                  22 -3.088101E-01 -1.561882E-01 -4.220238E-02  2.248905E+06  3.610964E+06  2.417287E+06 -3.115439E+07 -5.877255E+07
                  15 -1.909055E-01  3.249131E-01  1.959638E-01  1.137303E+06 -9.249922E+05  1.718086E+05 -3.115439E+07 -5.877255E+07
0         6    CEN/4  7.384939E-02  1.475338E-01 -6.000068E-03  1.386989E+06  5.858604E+06  2.913057E+06 -2.725763E+07 -5.069639E+07
                  15 -5.989268E-02 -1.173648E-01 -1.696490E-01 -4.068565E+05  3.522080E+06  1.179475E+06 -2.725763E+07 -5.069639E+07
                  22  5.579241E-02  3.547263E-01  6.405491E-02  4.873989E+05  7.171143E+06  2.985906E+06 -2.725763E+07 -5.069639E+07
                   8  2.075838E-01  4.124361E-01  1.576450E-01  3.180835E+06  8.195127E+06  4.646639E+06 -2.725763E+07 -5.069639E+07
                  17  9.189493E-02 -5.965884E-02 -7.605314E-02  2.286580E+06  4.546064E+06  2.840208E+06 -2.725763E+07 -5.069639E+07
0         7    CEN/4 -1.291211E-01 -3.004562E-02 -5.237153E-02  2.357455E+06  9.585201E+06  4.782401E+06 -1.653379E+07 -3.100435E+07
                  17  5.916025E-02 -4.481286E-02  3.096440E-02  1.285264E+06  8.124871E+06  3.722041E+06 -1.653379E+07 -3.100435E+07
                   8  1.058333E-01  1.456005E-01  1.252285E-01  1.854236E+06  1.044660E+07  4.871387E+06 -1.653379E+07 -3.100435E+07
                  16 -3.173871E-01 -1.527838E-02 -1.357132E-01  3.429646E+06  1.104553E+07  5.842761E+06 -1.653379E+07 -3.100435E+07
                  19 -3.640411E-01 -2.057032E-01 -2.299830E-01  2.860673E+06  8.723806E+06  4.693415E+06 -1.653379E+07 -3.100435E+07
0         8    CEN/4  5.512530E-02  4.779674E-02 -3.187000E-02  1.124106E+07  2.705865E+06 -5.596879E+06  4.701147E+06 -2.516650E+06
                  21  4.441456E-01  4.760089E-01 -3.817006E-01  1.110311E+07  2.770818E+06 -5.575241E+06  4.701147E+06 -2.516650E+06
                  19  1.650201E-01 -2.581593E-01  7.097619E-02  1.102030E+07  2.553003E+06 -5.440939E+06  4.701147E+06 -2.516650E+06
                  16 -3.338926E-01 -3.804345E-01  3.179654E-01  1.137902E+07  2.640912E+06 -5.618518E+06  4.701147E+06 -2.516650E+06
                   6 -5.477859E-02  3.537527E-01 -1.347152E-01  1.146183E+07  2.858726E+06 -5.752819E+06  4.701147E+06 -2.516650E+06
0         9    CEN/4  1.744516E-01 -1.154783E-01  8.464028E-02  1.040961E+07  2.580671E+06 -5.204172E+06 -2.270037E+07  1.214379E+07
1                                                                              JUNE  20, 2025  MSC Nastran 11/21/24   PAGE    44
                                                                                                                                    
0                                                                                                            SUBCASE 2              
      EIGENVALUE =  2.439350E+02

                          F O R C E S   I N   Q U A D R I L A T E R A L   E L E M E N T S   ( Q U A D 4 )        OPTION = BILIN  
 
    ELEMENT                    - MEMBRANE  FORCES -                      - BENDING   MOMENTS -            - TRANSVERSE SHEAR FORCES -
      ID       GRID-ID     FX            FY            FXY           MX            MY            MXY           QX            QY
                   5 -3.782207E-01 -7.418092E-01  5.901260E-01  1.105186E+07  2.264458E+06 -5.298381E+06 -2.270037E+07  1.214379E+07
                  21  3.338519E-02  3.408492E-01 -7.741835E-02  1.144896E+07  3.308984E+06 -5.942421E+06 -2.270037E+07  1.214379E+07
                   6  7.271236E-01  5.108602E-01 -4.208512E-01  9.767367E+06  2.896884E+06 -5.109963E+06 -2.270037E+07  1.214379E+07
                  20  3.155234E-01 -5.718096E-01  2.466989E-01  9.370262E+06  1.852359E+06 -4.465924E+06 -2.270037E+07  1.214379E+07
0        10    CEN/4  9.953678E-02 -4.577982E-01  1.959319E-02  7.222177E+06  1.580072E+06 -3.514871E+06 -4.618523E+07  2.622416E+07
                   7  6.247321E-01  7.100740E-02 -4.293967E-01  8.487593E+06  5.662200E+05 -3.515871E+06 -4.618523E+07  2.622416E+07
                   5  2.892608E-01 -8.113813E-01  1.146718E-01  9.597700E+06  3.486189E+06 -5.316281E+06 -4.618523E+07  2.622416E+07
                  20 -4.256420E-01 -9.865808E-01  4.685819E-01  5.956760E+06  2.593924E+06 -3.513871E+06 -4.618523E+07  2.622416E+07
                  12 -9.018416E-02 -1.041998E-01 -7.548856E-02  4.846653E+06 -3.260446E+05 -1.713460E+06 -4.618523E+07  2.622416E+07
1                                                                              JUNE  20, 2025  MSC Nastran 11/21/24   PAGE    45
                                                                                                                                    
0                                                                                                            SUBCASE 2              
      EIGENVALUE =  2.706881E+01
                           S T R A I N S   I N   Q U A D R I L A T E R A L   E L E M E N T S   ( Q U A D 4 )        OPTION = BILIN  
 
    ELEMENT              STRAIN            STRAINS IN ELEMENT COORD SYSTEM         PRINCIPAL  STRAINS (ZERO SHEAR)               
      ID      GRID-ID   CURVATURE       NORMAL-X      NORMAL-Y      SHEAR-XY      ANGLE        MAJOR         MINOR       VON MISES 
0         1    CEN/4   0.0           -8.319704E-14  2.287344E-14  2.079053E-13    58.5150   8.653820E-14 -1.468618E-13  1.362455E-13
                      -1.000000E+00   1.749976E-01 -4.928123E-02 -8.598551E-02   -10.4881   1.829566E-01 -5.724022E-02  1.448709E-01

                   4   0.0           -4.652187E-13  1.165473E-13  4.428728E-13    71.3598   1.912420E-13 -5.399133E-13  4.378401E-13
                      -1.000000E+00   2.687834E-01 -9.498961E-02 -1.050695E-01    -8.0552   2.762183E-01 -1.024245E-01  2.261552E-01

                   7   0.0           -4.688205E-13  1.767770E-13  3.457370E-13    75.9148   2.201511E-13 -5.121946E-13  4.338817E-13
                      -1.000000E+00   2.669081E-01 -6.336400E-02 -1.569887E-01   -12.7116   2.846143E-01 -8.107016E-02  2.217620E-01

                  12   0.0            4.144685E-13 -7.014819E-14 -1.465883E-13    -8.4148   4.253111E-13 -8.099072E-14  3.140384E-13
                      -1.000000E+00   5.139306E-02  2.670952E-02 -8.765478E-02   -37.1364   8.458325E-02 -6.480666E-03  5.866849E-02

                   3   0.0            4.226138E-13 -2.090557E-13  8.124617E-14     3.6646   4.252156E-13 -2.116575E-13  3.745262E-13
                      -1.000000E+00   5.576863E-02 -4.708357E-02  3.348999E-02     9.0180   5.842615E-02 -4.974110E-02  6.251746E-02

0         2    CEN/4   0.0            6.459300E-13 -8.202137E-13  1.145872E-13     2.2344   6.481655E-13 -8.224492E-13  8.510449E-13
                      -1.000000E+00   2.066106E+00 -5.621618E-01 -1.076113E+00   -11.1330   2.171990E+00 -6.680465E-01  1.714619E+00

                   9   0.0           -1.971090E-12  1.703794E-12 -1.479151E-12   -79.0375   1.847050E-12 -2.114346E-12  2.288848E-12
                      -1.000000E+00   2.043389E+00 -9.241803E-01 -4.361326E-01    -4.1803   2.059327E+00 -9.401189E-01  1.771461E+00

                   1   0.0           -1.767812E-12 -1.724440E-12  4.148900E-12    45.2995   3.284374E-13 -3.820689E-12  2.663364E-12
                      -1.000000E+00   1.998737E+00 -1.711372E-01 -1.672390E+00   -18.8113   2.283585E+00 -4.559849E-01  1.694955E+00

                   2   0.0            2.613017E-12 -2.174200E-12  3.874345E-13     2.3135   2.620843E-12 -2.182026E-12  2.776793E-12
                      -1.000000E+00   2.090982E+00 -4.118861E-01 -1.357735E+00   -14.2393   2.263258E+00 -5.841614E-01  1.736623E+00

                  10   0.0            2.525899E-12 -7.049571E-13 -2.024584E-12   -16.0365   2.816866E-12 -9.959242E-13  2.283466E-12
                      -1.000000E+00   2.110119E+00 -7.346189E-01 -8.279109E-01    -8.1134   2.169132E+00 -7.936319E-01  1.770935E+00

0         3    CEN/4   0.0            2.308643E-14  3.595907E-13 -7.540413E-13   -57.0248   6.041985E-13 -2.215214E-13  4.935002E-13
                      -1.000000E+00   1.601484E+00 -2.167803E-01 -2.306078E+00   -25.8727   2.160691E+00 -7.759871E-01  1.757196E+00

                  11   0.0           -3.939910E-12  1.305974E-13  6.313216E-12    61.4061   1.851196E-12 -5.660509E-12  4.518948E-12
                      -1.000000E+00   1.663635E+00 -1.952161E-01 -2.450377E+00   -26.4081   2.272039E+00 -8.036197E-01  1.841958E+00

                   9   0.0           -3.892495E-12  1.492938E-12  3.697215E-12    72.7648   2.066423E-12 -4.465980E-12  3.855368E-12
                      -1.000000E+00   1.661645E+00 -2.523834E-01 -2.340598E+00   -25.3627   2.216410E+00 -8.071485E-01  1.807753E+00

                  10   0.0            3.986055E-12  5.886047E-13 -7.821312E-12   -33.2603   6.551002E-12 -1.976342E-12  5.154009E-12
                      -1.000000E+00   1.539334E+00 -2.383445E-01 -2.161778E+00   -25.2844   2.049907E+00 -7.489182E-01  1.673082E+00

                  14   0.0            3.938641E-12 -7.737078E-13 -5.205256E-12   -23.9226   5.093197E-12 -1.928264E-12  4.188868E-12
                      -1.000000E+00   1.541324E+00 -1.811771E-01 -2.271557E+00   -26.4136   2.105466E+00 -7.453195E-01  1.707205E+00

1                                                                              JUNE  20, 2025  MSC Nastran 11/21/24   PAGE    46
                                                                                                                                    
0                                                                                                            SUBCASE 2              
      EIGENVALUE =  2.706881E+01
                           S T R A I N S   I N   Q U A D R I L A T E R A L   E L E M E N T S   ( Q U A D 4 )        OPTION = BILIN  
 
    ELEMENT              STRAIN            STRAINS IN ELEMENT COORD SYSTEM         PRINCIPAL  STRAINS (ZERO SHEAR)               
      ID      GRID-ID   CURVATURE       NORMAL-X      NORMAL-Y      SHEAR-XY      ANGLE        MAJOR         MINOR       VON MISES 
0         4    CEN/4   0.0           -1.253386E-13  3.628459E-15 -2.575597E-13   -58.2992   8.316707E-14 -2.048772E-13  1.711795E-13
                      -1.000000E+00  -1.546989E-01  1.492115E+00  2.200655E+00    63.4043   2.043015E+00 -7.055988E-01  1.648343E+00

                  11   0.0            1.511128E-13 -3.919658E-12 -6.317157E-12   -28.6012   1.873308E-12 -5.641853E-12  4.517065E-12
                      -1.000000E+00  -1.074951E-01  1.508038E+00  2.315230E+00    62.4534   2.111852E+00 -7.113087E-01  1.695492E+00

                  14   0.0           -7.481847E-13  3.914781E-12  5.136961E-12    66.1155   5.052146E-12 -1.885550E-12  4.142224E-12
                      -1.000000E+00  -1.042300E-01  1.479592E+00  2.273641E+00    62.4306   2.073135E+00 -6.977733E-01  1.664179E+00

                  18   0.0           -4.017345E-13  3.926859E-12  5.802259E-12    63.3618   5.382056E-12 -1.856931E-12  4.341471E-12
                      -1.000000E+00  -2.019027E-01  1.476192E+00  2.086080E+00    64.4070   1.975776E+00 -7.014863E-01  1.603018E+00

                  13   0.0            4.976185E-13 -3.907579E-12 -5.651970E-12   -26.0334   1.877984E-12 -5.287945E-12  4.290551E-12
                      -1.000000E+00  -2.051678E-01  1.504638E+00  2.127669E+00    64.3928   2.014507E+00 -7.150368E-01  1.634349E+00

0         5    CEN/4   0.0           -2.844756E-15 -7.223192E-15 -7.409011E-14   -43.3090   3.207571E-14 -4.214366E-14  4.298179E-14
                      -1.000000E+00  -1.693876E-01  1.393882E+00  2.029718E+00    63.8016   1.893221E+00 -6.687258E-01  1.534423E+00

                  13   0.0            4.892796E-13 -3.702015E-12 -5.348538E-12   -25.9583   1.791198E-12 -5.003934E-12  4.066709E-12
                      -1.000000E+00  -1.543031E-01  1.462006E+00  2.171961E+00    63.3278   2.007538E+00 -6.998352E-01  1.622744E+00

                  18   0.0           -3.591942E-13  3.692163E-12  5.461420E-12    63.2843   5.066506E-12 -1.733538E-12  4.080175E-12
                      -1.000000E+00  -1.388470E-01  1.327347E+00  1.975090E+00    63.2940   1.824159E+00 -6.356588E-01  1.474398E+00

                  22   0.0           -4.948581E-13  3.687458E-12  5.201024E-12    64.4020   4.933305E-12 -1.740706E-12  3.997499E-12
                      -1.000000E+00  -1.844720E-01  1.325759E+00  1.887476E+00    64.3322   1.779296E+00 -6.380089E-01  1.446553E+00

                  15   0.0            3.535047E-13 -3.706609E-12 -5.609711E-12   -27.0521   1.785867E-12 -5.138971E-12  4.151351E-12
                      -1.000000E+00  -1.999282E-01  1.460417E+00  2.084347E+00    64.2700   1.962653E+00 -7.021640E-01  1.594873E+00

0         6    CEN/4   0.0           -6.296527E-14 -2.628843E-14 -2.335052E-13   -49.4633   7.355720E-14 -1.628109E-13  1.396726E-13
                      -1.000000E+00  -1.371356E-01  1.234625E+00  1.811350E+00    63.5686   1.684825E+00 -5.873357E-01  1.361887E+00

                  15   0.0            3.074326E-13 -3.188321E-12 -4.842037E-12   -27.0861   1.545591E-12 -4.426479E-12  3.579205E-12
                      -1.000000E+00  -9.253662E-02  1.295160E+00  1.995832E+00    62.4054   1.816738E+00 -6.141148E-01  1.459583E+00

                  22   0.0           -4.182919E-13  3.136321E-12  4.404415E-12    64.4528   4.188951E-12 -1.470921E-12  3.391003E-12
                      -1.000000E+00  -7.905038E-02  1.177664E+00  1.824052E+00    62.2828   1.656838E+00 -5.582238E-01  1.330265E+00

                   8   0.0           -4.342513E-13  3.135744E-12  4.375026E-12    64.6071   4.174118E-12 -1.472626E-12  3.382228E-12
                      -1.000000E+00  -1.817346E-01  1.174090E+00  1.626868E+00    64.9038   1.555064E+00 -5.627083E-01  1.266651E+00

                  17   0.0            2.921394E-13 -3.188898E-12 -4.871203E-12   -27.2249   1.545207E-12 -4.441966E-12  3.589026E-12
                      -1.000000E+00  -1.952208E-01  1.291586E+00  1.798647E+00    64.7890   1.714986E+00 -6.186215E-01  1.395994E+00

1                                                                              JUNE  20, 2025  MSC Nastran 11/21/24   PAGE    47
                                                                                                                                    
0                                                                                                            SUBCASE 2              
      EIGENVALUE =  2.706881E+01
                           S T R A I N S   I N   Q U A D R I L A T E R A L   E L E M E N T S   ( Q U A D 4 )        OPTION = BILIN  
 
    ELEMENT              STRAIN            STRAINS IN ELEMENT COORD SYSTEM         PRINCIPAL  STRAINS (ZERO SHEAR)               
      ID      GRID-ID   CURVATURE       NORMAL-X      NORMAL-Y      SHEAR-XY      ANGLE        MAJOR         MINOR       VON MISES 
0         7    CEN/4   0.0           -3.626073E-14 -6.319665E-15 -2.155564E-13   -48.9539   8.752273E-14 -1.301031E-13  1.264455E-13
                      -1.000000E+00  -1.240366E-01  1.058853E+00  1.546721E+00    63.7039   1.441007E+00 -5.061901E-01  1.166600E+00

                  17   0.0            2.482797E-13 -2.732614E-12 -4.254056E-12   -27.4902   1.355078E-12 -3.839412E-12  3.111272E-12
                      -1.000000E+00  -8.615720E-02  1.143166E+00  1.758538E+00    62.4779   1.601315E+00 -5.443061E-01  1.287907E+00

                   8   0.0           -3.775391E-13  2.717863E-12  3.713976E-12    64.9047   3.587554E-12 -1.247230E-12  2.898324E-12
                      -1.000000E+00  -6.718063E-02  9.778375E-01  1.516826E+00    62.2825   1.376309E+00 -4.656524E-01  1.105932E+00

                  16   0.0           -3.214672E-13  2.719864E-12  3.823832E-12    64.2487   3.642116E-12 -1.243719E-12  2.931940E-12
                      -1.000000E+00  -1.619161E-01  9.745398E-01  1.334905E+00    65.2045   1.282882E+00 -4.702587E-01  1.047795E+00

                  19   0.0            3.041295E-13 -2.730503E-12 -4.145977E-12   -26.8989   1.355768E-12 -3.782142E-12  3.074657E-12
                      -1.000000E+00  -1.808927E-01  1.139869E+00  1.576617E+00    64.9768   1.507852E+00 -5.488763E-01  1.229726E+00

0         8    CEN/4   0.0            1.646984E-14 -1.019837E-13  2.177034E-13    30.7246   8.116443E-14 -1.666783E-13  1.459035E-13
                      -1.000000E+00   8.502022E-01 -9.716586E-02 -1.244387E+00   -26.3588   1.158504E+00 -4.054675E-01  9.371992E-01

                  21   0.0           -2.216412E-12  9.922012E-14  3.585899E-12    61.4264   1.075697E-12 -3.192889E-12  2.563526E-12
                      -1.000000E+00   9.322586E-01 -1.681735E-01 -1.249677E+00   -24.3169   1.214605E+00 -4.505204E-01  9.945272E-01

                  19   0.0           -2.212657E-12  2.089330E-13  3.374591E-12    62.8315   1.074912E-12 -3.078636E-12  2.489328E-12
                      -1.000000E+00   9.365293E-01 -4.548537E-02 -1.485275E+00   -28.2643   1.335802E+00 -4.447583E-01  1.070054E+00

                  16   0.0            2.248686E-12 -3.028544E-13 -3.147605E-12   -25.4854   2.998859E-12 -1.053027E-12  2.427609E-12
                      -1.000000E+00   7.681457E-01 -2.615820E-02 -1.239097E+00   -28.6694   1.106908E+00 -3.649208E-01  8.850228E-01

                   6   0.0            2.245319E-12 -4.129003E-13 -2.938074E-12   -23.9314   2.897270E-12 -1.064851E-12  2.367675E-12
                      -1.000000E+00   7.638750E-01 -1.488463E-01 -1.003499E+00   -23.8561   9.857605E-01 -3.707318E-01  8.095591E-01

0         9    CEN/4   0.0           -3.043082E-14 -2.382825E-14  2.489328E-13    45.7597   9.738066E-14 -1.516397E-13  1.449051E-13
                      -1.000000E+00   6.228276E-01 -7.018429E-02 -9.135963E-01   -26.4089   8.496722E-01 -2.970290E-01  6.871993E-01

                   5   0.0           -1.551332E-12  2.254822E-13  2.334975E-12    63.6348   8.041450E-13 -2.129995E-12  1.750727E-12
                      -1.000000E+00   7.174830E-01 -1.398252E-01 -9.425437E-01   -23.8557   9.258858E-01 -3.482280E-01  7.603936E-01

                  21   0.0           -1.556621E-12  7.706537E-14  2.618701E-12    60.9791   8.034757E-13 -2.283032E-12  1.848984E-12
                      -1.000000E+00   7.215587E-01 -2.274041E-02 -1.167382E+00   -28.7396   1.041645E+00 -3.428265E-01  8.325749E-01

                   6   0.0            1.490470E-12 -2.722505E-13 -1.836332E-12   -23.0859   1.881833E-12 -6.636135E-13  1.524684E-12
                      -1.000000E+00   5.281721E-01 -5.433719E-04 -8.846490E-01   -29.5676   7.791162E-01 -2.514875E-01  6.204679E-01

                  20   0.0            1.495982E-12 -1.242778E-13 -2.120058E-12   -26.3055   2.020008E-12 -6.483039E-13  1.606972E-12
                      -1.000000E+00   5.240965E-01 -1.176282E-01 -6.598111E-01   -22.8981   6.634410E-01 -2.569726E-01  5.484017E-01

1                                                                              JUNE  20, 2025  MSC Nastran 11/21/24   PAGE    48
                                                                                                                                    
0                                                                                                            SUBCASE 2              
      EIGENVALUE =  2.706881E+01
                           S T R A I N S   I N   Q U A D R I L A T E R A L   E L E M E N T S   ( Q U A D 4 )        OPTION = BILIN  
 
    ELEMENT              STRAIN            STRAINS IN ELEMENT COORD SYSTEM         PRINCIPAL  STRAINS (ZERO SHEAR)               
      ID      GRID-ID   CURVATURE       NORMAL-X      NORMAL-Y      SHEAR-XY      ANGLE        MAJOR         MINOR       VON MISES 
0        10    CEN/4   0.0           -2.998034E-14 -6.979675E-14  2.297629E-13    40.0843   6.670514E-14 -1.664822E-13  1.386781E-13
                      -1.000000E+00   3.793880E-01 -5.150534E-02 -5.400107E-01   -25.7062   5.093688E-01 -1.814862E-01  4.135683E-01

                   7   0.0           -1.074601E-12 -4.125723E-14  1.924981E-12    59.1136   5.344707E-13 -1.650329E-12  1.315092E-12
                      -1.000000E+00   4.820706E-01 -1.435217E-01 -5.407469E-01   -20.4197   5.827272E-01 -2.441784E-01  4.905704E-01

                   5   0.0           -1.068203E-12  1.383933E-13  1.581420E-12    63.6715   5.296761E-13 -1.459485E-12  1.189530E-12
                      -1.000000E+00   4.876339E-01  1.630055E-02 -8.476536E-01   -30.4620   7.369084E-01 -2.329739E-01  5.846143E-01

                  20   0.0            1.015529E-12 -9.989059E-14 -1.465899E-12   -26.3660   1.378827E-12 -4.631885E-13  1.106418E-12
                      -1.000000E+00   2.767054E-01  4.051107E-02 -5.392745E-01   -33.1736   4.529739E-01 -1.357575E-01  3.559713E-01

                  12   0.0            1.009352E-12 -2.795411E-13 -1.122338E-12   -20.5243   1.219436E-12 -4.896250E-13  1.016273E-12
                      -1.000000E+00   2.711421E-01 -1.193112E-01 -2.323678E-01   -15.3789   3.030985E-01 -1.512676E-01  2.671658E-01

1                                                                              JUNE  20, 2025  MSC Nastran 11/21/24   PAGE    49
                                                                                                                                    
0                                                                                                            SUBCASE 2              
      EIGENVALUE =  3.018648E+01
                           S T R A I N S   I N   Q U A D R I L A T E R A L   E L E M E N T S   ( Q U A D 4 )        OPTION = BILIN  
 
    ELEMENT              STRAIN            STRAINS IN ELEMENT COORD SYSTEM         PRINCIPAL  STRAINS (ZERO SHEAR)               
      ID      GRID-ID   CURVATURE       NORMAL-X      NORMAL-Y      SHEAR-XY      ANGLE        MAJOR         MINOR       VON MISES 
0         1    CEN/4   0.0           -7.205312E-04  1.170321E-04  2.161985E-03    55.5883   8.575272E-04 -1.461026E-03  1.353649E-03
                      -1.000000E+00  -3.826786E-11  1.311484E-11  2.020551E-11    79.2667   1.502985E-11 -4.018287E-11  3.296127E-11

                   4   0.0           -4.334481E-03  1.073982E-03  4.267197E-03    70.8635   1.814328E-03 -5.074826E-03  4.123270E-03
                      -1.000000E+00  -4.907819E-11  1.759692E-11  2.374138E-11    80.2002   1.964730E-11 -5.112857E-11  4.218839E-11

                   7   0.0           -4.359468E-03  1.495392E-03  3.575376E-03    74.2945   1.998075E-03 -4.862151E-03  4.074188E-03
                      -1.000000E+00  -4.895589E-11  1.555389E-11  2.709864E-11    78.6071   1.828417E-11 -5.168617E-11  4.190364E-11

                  12   0.0            3.992589E-03 -9.182565E-04 -9.457657E-04    -5.4505   4.037710E-03 -9.633776E-04  3.063842E-03
                      -1.000000E+00  -2.406812E-11  6.206031E-12  1.729962E-11    75.1275   8.503126E-12 -2.636521E-11  2.099327E-11

                   3   0.0            4.050893E-03 -1.901547E-03  6.684834E-04     3.2039   4.069602E-03 -1.920256E-03  3.531681E-03
                      -1.000000E+00  -2.435232E-11  1.097289E-11  9.470759E-12    82.4959   1.159666E-11 -2.497608E-11  2.158113E-11

0         2    CEN/4   0.0            7.066283E-03 -9.012858E-03  1.111789E-03     1.9777   7.085478E-03 -9.032054E-03  9.328056E-03
                      -1.000000E+00  -1.755633E-10  4.771351E-11  8.682694E-11    79.3751   5.585767E-11 -1.837074E-10  1.447296E-10

                   9   0.0           -2.158445E-02  1.858677E-02 -1.627999E-02   -78.9695   2.017353E-02 -2.317121E-02  2.504503E-02
                      -1.000000E+00  -1.696893E-10  7.351712E-11  3.681367E-11    85.6963   7.490233E-11 -1.710745E-10  1.455880E-10

                   1   0.0           -1.936300E-02 -1.887763E-02  4.522463E-02    45.3075   3.493302E-03 -4.173393E-02  2.905713E-02
                      -1.000000E+00  -1.663411E-10  1.704921E-11  1.295165E-10    72.3845   3.761105E-11 -1.869029E-10  1.388475E-10

                   2   0.0            2.860232E-02 -2.382192E-02  4.074476E-03     2.2221   2.868137E-02 -2.390097E-02  3.040022E-02
                      -1.000000E+00  -1.806178E-10  3.747173E-11  1.094920E-10    76.6705   5.044289E-11 -1.935890E-10  1.487524E-10

                  10   0.0            2.765026E-02 -7.765749E-03 -2.228465E-02   -16.0896   3.086413E-02 -1.097962E-02  2.505126E-02
                      -1.000000E+00  -1.820527E-10  6.167232E-11  6.976239E-11    82.0135   6.656614E-11 -1.869465E-10  1.517664E-10

0         3    CEN/4   0.0            1.366898E-04  4.163206E-03 -7.809149E-03   -58.6382   6.543000E-03 -2.243105E-03  5.271264E-03
                      -1.000000E+00  -1.478280E-10  2.159908E-11  2.083178E-10    64.5609   7.114446E-11 -1.973734E-10  1.606373E-10

                  11   0.0           -4.274198E-02  1.531004E-03  6.894481E-02    61.3533   2.036244E-02 -6.157341E-02  4.925985E-02
                      -1.000000E+00  -1.491362E-10  1.579540E-11  2.213161E-10    63.3473   7.133618E-11 -2.046769E-10  1.654386E-10

                   9   0.0           -4.221818E-02  1.657857E-02  4.004897E-02    72.8698   2.275047E-02 -4.839008E-02  4.195278E-02
                      -1.000000E+00  -1.487234E-10  2.765499E-11  1.985424E-10    65.8084   7.225175E-11 -1.933202E-10  1.585500E-10

                  10   0.0            4.301536E-02  6.795408E-03 -8.456311E-02   -33.4068   7.090213E-02 -2.109137E-02  5.564723E-02
                      -1.000000E+00  -1.465192E-10  2.740208E-11  1.953197E-10    65.8416   7.120688E-11 -1.903240E-10  1.561282E-10

                  14   0.0            4.249156E-02 -8.252159E-03 -5.566727E-02   -23.8246   5.478192E-02 -2.054251E-02  4.496128E-02
                      -1.000000E+00  -1.469320E-10  1.554294E-11  2.180936E-10    63.3427   7.028608E-11 -2.016752E-10  1.630105E-10

1                                                                              JUNE  20, 2025  MSC Nastran 11/21/24   PAGE    50
                                                                                                                                    
0                                                                                                            SUBCASE 2              
      EIGENVALUE =  3.018648E+01
                           S T R A I N S   I N   Q U A D R I L A T E R A L   E L E M E N T S   ( Q U A D 4 )        OPTION = BILIN  
 
    ELEMENT              STRAIN            STRAINS IN ELEMENT COORD SYSTEM         PRINCIPAL  STRAINS (ZERO SHEAR)               
      ID      GRID-ID   CURVATURE       NORMAL-X      NORMAL-Y      SHEAR-XY      ANGLE        MAJOR         MINOR       VON MISES 
0         4    CEN/4   0.0           -1.392917E-03 -6.635731E-05 -3.080848E-03   -56.6479   9.475168E-04 -2.406791E-03  1.996765E-03
                      -1.000000E+00   1.631172E-11 -1.440330E-10 -2.065491E-10   -26.0888   6.688049E-11 -1.946018E-10  1.568551E-10

                  11   0.0            1.395933E-03 -4.101885E-02 -6.651322E-02   -28.7374   1.963161E-02 -5.925452E-02  4.742133E-02
                      -1.000000E+00   1.170786E-11 -1.448277E-10 -2.164536E-10   -27.0631   6.700240E-11 -2.001222E-10  1.604811E-10

                  14   0.0           -7.989959E-03  4.075357E-02  5.303866E-02    66.2918   5.239927E-02 -1.963566E-02  4.299942E-02
                      -1.000000E+00   1.156331E-11 -1.435629E-10 -2.146042E-10   -27.0694   6.640028E-11 -1.983999E-10  1.590881E-10

                  18   0.0           -4.181768E-03  4.088613E-02  6.035153E-02    63.3754   5.601324E-02 -1.930888E-02  4.517556E-02
                      -1.000000E+00   2.091558E-11 -1.432379E-10 -1.966442E-10   -25.0729   6.691625E-11 -1.892386E-10  1.534089E-10

                  13   0.0            5.204124E-03 -4.088629E-02 -5.920035E-02   -26.0487   1.967228E-02 -5.535444E-02  4.491998E-02
                      -1.000000E+00   2.106036E-11 -1.445031E-10 -1.984940E-10   -25.0843   6.751787E-11 -1.909606E-10  1.548015E-10

0         5    CEN/4   0.0           -5.153505E-05 -2.803840E-05 -6.930599E-04   -45.9709   3.069423E-04 -3.865158E-04  4.012459E-04
                      -1.000000E+00   1.832574E-11 -1.373956E-10 -1.925734E-10   -25.5199   6.429324E-11 -1.833631E-10  1.483908E-10

                  13   0.0            4.933143E-03 -3.805950E-02 -5.514203E-02   -26.0287   1.839755E-02 -5.152391E-02  4.185210E-02
                      -1.000000E+00   1.763852E-11 -1.428662E-10 -2.030203E-10   -25.8353   6.678766E-11 -1.920154E-10  1.551411E-10

                  18   0.0           -3.802339E-03  3.804637E-02  5.612532E-02    63.3547   5.212689E-02 -1.788286E-02  4.200099E-02
                      -1.000000E+00   1.639374E-11 -1.320198E-10 -1.871605E-10   -25.7932   6.161859E-11 -1.772446E-10  1.431923E-10

                  22   0.0           -5.036213E-03  3.800342E-02  5.375591E-02    64.3412   5.091509E-02 -1.794788E-02  4.124879E-02
                      -1.000000E+00   1.901429E-11 -1.319267E-10 -1.821275E-10   -25.1746   6.181636E-11 -1.747287E-10  1.416608E-10

                  15   0.0            3.699269E-03 -3.810245E-02 -5.751144E-02   -26.9944   1.834749E-02 -5.275067E-02  4.262032E-02
                      -1.000000E+00   2.025863E-11 -1.427740E-10 -1.979868E-10   -25.2651   6.697881E-11 -1.894942E-10  1.536031E-10

0         6    CEN/4   0.0           -5.510050E-04 -5.323222E-05 -1.829455E-03   -52.6105   6.458639E-04 -1.250101E-03  1.113012E-03
                      -1.000000E+00   1.508783E-11 -1.268227E-10 -1.817798E-10   -26.0109   5.943920E-11 -1.711741E-10  1.382559E-10

                  15   0.0            3.303998E-03 -3.421963E-02 -5.190506E-02   -27.0679   1.656623E-02 -4.748186E-02  3.838728E-02
                      -1.000000E+00   1.327705E-11 -1.291881E-10 -1.891127E-10   -26.5040   6.042936E-11 -1.763404E-10  1.420544E-10

                  22   0.0           -4.538754E-03  3.410854E-02  4.799123E-02    64.4222   4.559387E-02 -1.602408E-02  3.691535E-02
                      -1.000000E+00   1.275036E-11 -1.246042E-10 -1.824105E-10   -26.5102   5.824384E-11 -1.700977E-10  1.370040E-10

                   8   0.0           -4.406008E-03  3.411316E-02  4.824615E-02    64.3017   4.572191E-02 -1.601476E-02  3.699364E-02
                      -1.000000E+00   1.689860E-11 -1.244591E-10 -1.744425E-10   -25.4904   5.848303E-11 -1.660435E-10  1.344973E-10

                  17   0.0            3.436744E-03 -3.421501E-02 -5.165014E-02   -26.9544   1.656940E-02 -4.734766E-02  3.830213E-02
                      -1.000000E+00   1.742529E-11 -1.290447E-10 -1.811500E-10   -25.5212   6.066858E-11 -1.722880E-10  1.395490E-10

1                                                                              JUNE  20, 2025  MSC Nastran 11/21/24   PAGE    51
                                                                                                                                    
0                                                                                                            SUBCASE 2              
      EIGENVALUE =  3.018648E+01
                           S T R A I N S   I N   Q U A D R I L A T E R A L   E L E M E N T S   ( Q U A D 4 )        OPTION = BILIN  
 
    ELEMENT              STRAIN            STRAINS IN ELEMENT COORD SYSTEM         PRINCIPAL  STRAINS (ZERO SHEAR)               
      ID      GRID-ID   CURVATURE       NORMAL-X      NORMAL-Y      SHEAR-XY      ANGLE        MAJOR         MINOR       VON MISES 
0         7    CEN/4   0.0           -5.326713E-04 -5.941981E-05 -1.948734E-03   -51.8250   7.066421E-04 -1.298733E-03  1.174505E-03
                      -1.000000E+00   1.746909E-11 -1.123232E-10 -1.619473E-10   -25.6448   5.634308E-11 -1.511972E-10  1.239248E-10

                  17   0.0            2.927049E-03 -2.939170E-02 -4.465970E-02   -27.0540   1.433119E-02 -4.079584E-02  3.302751E-02
                      -1.000000E+00   1.168894E-11 -1.239215E-10 -1.921475E-10   -27.3935   6.147502E-11 -1.737076E-10  1.408422E-10

                   8   0.0           -3.807249E-03  2.927931E-02  4.111776E-02    64.4114   3.912443E-02 -1.365237E-02  3.163155E-02
                      -1.000000E+00   9.081244E-12 -1.012170E-10 -1.589523E-10   -27.6215   5.066827E-11 -1.428040E-10  1.158465E-10

                  16   0.0           -3.992391E-03  2.927286E-02  4.076223E-02    64.6086   3.894678E-02 -1.366630E-02  3.152338E-02
                      -1.000000E+00   2.325013E-11 -1.007240E-10 -1.317436E-10   -23.3701   5.171464E-11 -1.291886E-10  1.075898E-10

                  19   0.0            2.741906E-03 -2.939815E-02 -4.501522E-02   -27.2369   1.432759E-02 -4.098383E-02  3.314717E-02
                      -1.000000E+00   2.585604E-11 -1.234286E-10 -1.649419E-10   -23.9263   6.244742E-11 -1.600199E-10  1.324955E-10

0         8    CEN/4   0.0           -6.976952E-05 -6.658494E-04  2.333946E-03    37.8366   8.366213E-04 -1.572240E-03  1.412208E-03
                      -1.000000E+00  -8.632919E-11  8.105351E-12  1.233458E-10    63.7190   3.856057E-11 -1.167844E-10  9.340186E-11

                  21   0.0           -2.377051E-02  1.976300E-03  3.713029E-02    62.3691   1.169469E-02 -3.348890E-02  2.707943E-02
                      -1.000000E+00  -9.213354E-11  1.277420E-11  1.243777E-10    65.0732   4.167672E-11 -1.210360E-10  9.759567E-11

                  19   0.0           -2.376509E-02  2.132153E-03  3.683100E-02    62.5562   1.169569E-02 -3.332863E-02  2.697644E-02
                      -1.000000E+00  -9.240734E-11  4.803406E-12  1.396862E-10    62.4175   4.128940E-11 -1.288933E-10  1.025025E-10

                  16   0.0            2.363098E-02 -3.307999E-03 -3.246240E-02   -25.1562   3.125364E-02 -1.093066E-02  2.527970E-02
                      -1.000000E+00  -8.052706E-11  3.437388E-12  1.223108E-10    62.2345   3.563392E-11 -1.127236E-10  8.942574E-11

                   6   0.0            2.362555E-02 -3.463852E-03 -3.216311E-02   -24.9471   3.110644E-02 -1.094474E-02  2.519126E-02
                      -1.000000E+00  -8.024971E-11  1.140818E-11  1.070107E-10    65.2905   3.602861E-11 -1.048701E-10  8.452253E-11

0         9    CEN/4   0.0           -7.255995E-05 -6.191843E-04  2.344234E-03    38.4372   8.576883E-04 -1.549432E-03  1.408750E-03
                      -1.000000E+00  -8.019114E-11  1.265258E-11  1.132778E-10    64.6692   3.946293E-11 -1.070015E-10  8.750678E-11

                   5   0.0           -1.747637E-02  1.474614E-03  2.760965E-02    62.2327   8.743021E-03 -2.474477E-02  2.005646E-02
                      -1.000000E+00  -8.233655E-11  1.487803E-11  1.127327E-10    65.3864   4.070080E-11 -1.081593E-10  8.883735E-11

                  21   0.0           -1.748304E-02  1.283024E-03  2.797756E-02    61.9259   8.744198E-03 -2.494421E-02  2.018571E-02
                      -1.000000E+00  -8.247418E-11  1.093606E-11  1.203005E-10    63.9142   4.038485E-11 -1.119230E-10  9.111088E-11

                   6   0.0            1.733125E-02 -2.712982E-03 -2.292118E-02   -24.4154   2.253371E-02 -7.915450E-03  1.824265E-02
                      -1.000000E+00  -7.804395E-11  1.042624E-11  1.138248E-10    63.9281   3.827278E-11 -1.058905E-10  8.623051E-11

                  20   0.0            1.733792E-02 -2.521393E-03 -2.328909E-02   -24.7724   2.271164E-02 -7.895119E-03  1.834803E-02
                      -1.000000E+00  -7.790809E-11  1.436999E-11  1.062526E-10    65.4868   3.859580E-11 -1.021339E-10  8.396536E-11

1                                                                              JUNE  20, 2025  MSC Nastran 11/21/24   PAGE    52
                                                                                                                                    
0                                                                                                            SUBCASE 2              
      EIGENVALUE =  3.018648E+01
                           S T R A I N S   I N   Q U A D R I L A T E R A L   E L E M E N T S   ( Q U A D 4 )        OPTION = BILIN  
 
    ELEMENT              STRAIN            STRAINS IN ELEMENT COORD SYSTEM         PRINCIPAL  STRAINS (ZERO SHEAR)               
      ID      GRID-ID   CURVATURE       NORMAL-X      NORMAL-Y      SHEAR-XY      ANGLE        MAJOR         MINOR       VON MISES 
0        10    CEN/4   0.0           -9.009054E-05 -1.034669E-03  3.211631E-03    36.8054   1.111448E-03 -2.236208E-03  1.968798E-03
                      -1.000000E+00  -6.014961E-11  9.120360E-12  8.090502E-11    65.2849   2.773937E-11 -7.876862E-11  6.380163E-11

                   7   0.0           -1.074662E-02 -3.449538E-04  1.978482E-02    58.8663   5.630457E-03 -1.672203E-02  1.342437E-02
                      -1.000000E+00  -7.268491E-11  1.956599E-11  8.245603E-11    69.1045   3.530576E-11 -8.842469E-11  7.359747E-11

                   5   0.0           -1.070963E-02  7.176963E-04  1.774421E-02    61.3908   5.556768E-03 -1.554870E-02  1.263224E-02
                      -1.000000E+00  -7.330576E-11  1.619491E-12  1.169160E-10    61.3268   3.358873E-11 -1.052750E-10  8.365825E-11

                  20   0.0            1.056644E-02 -1.724385E-03 -1.336156E-02   -23.6951   1.349841E-02 -4.656356E-03  1.088816E-02
                      -1.000000E+00  -4.761609E-11 -1.326597E-12  7.935267E-11    60.1283   2.146221E-11 -7.040489E-11  5.549182E-11

                  12   0.0            1.052945E-02 -2.787035E-03 -1.132095E-02   -20.1847   1.261038E-02 -4.867967E-03  1.041592E-02
                      -1.000000E+00  -4.698991E-11  1.661812E-11  4.488786E-11    72.3948   2.374000E-11 -5.411179E-11  4.607379E-11

1                                                                              JUNE  20, 2025  MSC Nastran 11/21/24   PAGE    53
                                                                                                                                    
0                                                                                                            SUBCASE 2              
      EIGENVALUE =  2.439350E+02
                           S T R A I N S   I N   Q U A D R I L A T E R A L   E L E M E N T S   ( Q U A D 4 )        OPTION = BILIN  
 
    ELEMENT              STRAIN            STRAINS IN ELEMENT COORD SYSTEM         PRINCIPAL  STRAINS (ZERO SHEAR)               
      ID      GRID-ID   CURVATURE       NORMAL-X      NORMAL-Y      SHEAR-XY      ANGLE        MAJOR         MINOR       VON MISES 
0         1    CEN/4   0.0            5.385054E-12  1.086529E-11 -1.248895E-11   -56.8461   1.494439E-11  1.305958E-12  9.557394E-12
                      -1.000000E+00   1.487041E+00 -4.169003E-01 -7.382113E-01   -10.5964   1.556093E+00 -4.859522E-01  1.231758E+00

                   4   0.0           -7.151087E-11 -1.611489E-11  1.129243E-10    58.0653   1.907715E-11 -1.067029E-10  7.827312E-11
                      -1.000000E+00   2.276341E+00 -8.050895E-01 -8.928481E-01    -8.0795   2.339714E+00 -8.684622E-01  1.916065E+00

                   7   0.0           -7.776586E-11  8.937706E-11 -6.025953E-11   -80.0872   9.464248E-11 -8.303129E-11  1.026530E-10
                      -1.000000E+00   2.260135E+00 -5.317764E-01 -1.341541E+00   -12.8324   2.412929E+00 -6.845704E-01  1.878851E+00

                  12   0.0            1.027335E-10  1.002439E-10 -2.653048E-10   -44.7312   2.341469E-10 -3.116951E-11  1.674575E-10
                      -1.000000E+00   4.465682E-01  2.308924E-01 -7.660931E-01   -37.1383   7.366670E-01 -5.920648E-02  5.119892E-01

                   3   0.0            1.173288E-10 -1.459024E-10  1.387911E-10    13.9004   1.345030E-10 -1.630766E-10  1.720715E-10
                      -1.000000E+00   4.843824E-01 -4.068384E-01  2.808578E-01     8.7458   5.059860E-01 -4.284420E-01  5.401111E-01

0         2    CEN/4   0.0            6.924222E-12 -4.870777E-12  1.146449E-11    22.0929   9.251023E-12 -7.197578E-12  9.521240E-12
                      -1.000000E+00  -5.821511E+00  1.617199E+00  2.909097E+00    79.3204   1.891503E+00 -6.095815E+00  4.819728E+00

                   9   0.0            2.476747E-11 -2.654806E-11  2.993977E-11    15.1306   2.881523E-11 -3.059582E-11  3.430612E-11
                      -1.000000E+00  -5.843203E+00  2.740684E+00  1.018265E+00    86.6174   2.770776E+00 -5.873295E+00  5.096682E+00

                   1   0.0            2.284132E-11  5.936130E-12 -2.338896E-11   -27.0706   2.881811E-11 -4.066523E-14  1.922564E-11
                      -1.000000E+00  -5.708220E+00  4.642213E-01  4.755491E+00    71.1940   1.273951E+00 -6.517950E+00  4.826325E+00

                   2   0.0           -6.396893E-12  6.246341E-12  6.299171E-12    76.7582   6.987494E-12 -7.138047E-12  8.155540E-12
                      -1.000000E+00  -5.827609E+00  1.140663E+00  3.726922E+00    75.9301   1.607690E+00 -6.294636E+00  4.822491E+00

                  10   0.0           -5.571397E-12 -7.675468E-12  2.915433E-11    42.9361   7.991647E-12 -2.123851E-11  1.744415E-11
                      -1.000000E+00  -5.885459E+00  2.116290E+00  2.125253E+00    82.5629   2.255001E+00 -6.024170E+00  4.942342E+00

0         3    CEN/4   0.0            1.214054E-11 -1.330589E-11 -4.467270E-13    -0.5029   1.214250E-11 -1.330785E-11  1.469890E-11
                      -1.000000E+00  -3.670816E+00  5.182818E-01  5.302377E+00    64.1551   1.802481E+00 -4.955014E+00  4.040485E+00

                  11   0.0            3.221073E-12 -4.770257E-12 -1.393169E-12    -4.9446   3.281338E-12 -4.830522E-12  4.711768E-12
                      -1.000000E+00  -4.367616E+00  8.680593E-01  5.818748E+00    65.9903   2.163983E+00 -5.663540E+00  4.667348E+00

                   9   0.0            2.700173E-12 -1.973419E-11  2.734208E-11    25.3154   9.166953E-12 -2.620097E-11  2.119441E-11
                      -1.000000E+00  -4.386324E+00  3.306101E-01  6.850812E+00    62.2741   2.130962E+00 -6.186676E+00  4.988855E+00

                  10   0.0            2.106003E-11 -2.184158E-11  4.997980E-13     0.3337   2.106148E-11 -2.184304E-11  2.477231E-11
                      -1.000000E+00  -2.974015E+00  1.685044E-01  4.786005E+00    61.6446   1.459991E+00 -4.265502E+00  3.435351E+00

                  14   0.0            2.158095E-11 -6.877506E-12 -2.823556E-11   -22.3874   2.739624E-11 -1.269279E-11  2.365865E-11
                      -1.000000E+00  -2.955307E+00  7.059536E-01  3.753942E+00    67.1420   1.497198E+00 -3.746552E+00  3.118944E+00

1                                                                              JUNE  20, 2025  MSC Nastran 11/21/24   PAGE    54
                                                                                                                                    
0                                                                                                            SUBCASE 2              
      EIGENVALUE =  2.439350E+02
                           S T R A I N S   I N   Q U A D R I L A T E R A L   E L E M E N T S   ( Q U A D 4 )        OPTION = BILIN  
 
    ELEMENT              STRAIN            STRAINS IN ELEMENT COORD SYSTEM         PRINCIPAL  STRAINS (ZERO SHEAR)               
      ID      GRID-ID   CURVATURE       NORMAL-X      NORMAL-Y      SHEAR-XY      ANGLE        MAJOR         MINOR       VON MISES 
0         4    CEN/4   0.0           -6.181156E-12  1.082586E-11 -2.235716E-12   -86.2555   1.089902E-11 -6.254317E-12  1.002377E-11
                      -1.000000E+00   1.622614E-01 -1.804716E+00 -2.705457E+00   -26.9907   8.512332E-01 -2.493688E+00  2.007296E+00

                  11   0.0           -8.291900E-13  9.853703E-12  6.100125E-12    75.1364   1.066319E-11 -1.638673E-12  7.713257E-12
                      -1.000000E+00  -3.701421E-01 -2.596988E+00 -5.024406E+00   -33.0484   1.264321E+00 -4.231451E+00  3.323559E+00

                  14   0.0           -1.093854E-12  1.216157E-11  9.474523E-12    72.2221   1.368053E-11 -2.612811E-12  1.010452E-11
                      -1.000000E+00  -5.470559E-01 -1.055667E+00 -2.770983E+00   -39.7996   6.072756E-01 -2.209998E+00  1.712043E+00

                  18   0.0           -1.153290E-11  1.179801E-11 -1.057156E-11   -77.8120   1.293968E-11 -1.267456E-11  1.478865E-11
                      -1.000000E+00   6.946649E-01 -1.012443E+00 -3.865071E-01    -6.3786   7.162688E-01 -1.034047E+00  1.016082E+00

                  13   0.0           -1.126801E-11  9.490368E-12 -1.394551E-11   -73.0534   1.161505E-11 -1.339270E-11  1.445039E-11
                      -1.000000E+00   8.715787E-01 -2.553765E+00 -2.639930E+00   -18.8108   1.321210E+00 -3.003396E+00  2.559001E+00

0         5    CEN/4   0.0           -2.813542E-11  1.631033E-11  1.683453E-11    79.6275   1.785101E-11 -2.967610E-11  2.772145E-11
                      -1.000000E+00  -1.035449E-02  3.232171E-01  5.042945E-01    61.7416   4.587486E-01 -1.458860E-01  3.643307E-01

                  13   0.0           -3.206741E-11  3.720155E-11  4.452169E-11    73.6348   4.373857E-11 -3.860443E-11  4.757155E-11
                      -1.000000E+00  -4.710254E-01 -6.444677E-01 -1.975034E+00   -42.4907   4.335711E-01 -1.549064E+00  1.203553E+00

                  18   0.0           -2.725935E-11 -4.687146E-12 -1.672054E-11   -71.7352  -1.927955E-12 -3.001854E-11  1.940166E-11
                      -1.000000E+00  -6.886179E-01  1.251256E+00  7.965281E-01    78.8383   1.329838E+00 -7.671998E-01  1.225165E+00

                  22   0.0           -2.420409E-11 -4.581007E-12 -1.085353E-11   -75.5265  -3.180229E-12 -2.560487E-11  1.611478E-11
                      -1.000000E+00   4.503164E-01  1.290902E+00  2.983623E+00    52.8671   2.420496E+00 -6.792773E-01  1.881418E+00

                  15   0.0           -2.901238E-11  3.730791E-11  5.039004E-11    71.3862   4.579371E-11 -3.749817E-11  4.816802E-11
                      -1.000000E+00   6.679089E-01 -6.048221E-01  2.120609E-01     4.7298   6.766818E-01 -6.135950E-01  7.452384E-01

0         6    CEN/4   0.0            2.115329E-12  1.158901E-11 -1.543311E-12   -85.3737   1.165145E-11  2.052887E-12  7.181814E-12
                      -1.000000E+00  -3.033243E-01  2.456301E+00  3.595545E+00    63.7533   3.342733E+00 -1.189757E+00  2.713459E+00

                  15   0.0           -1.792277E-12 -9.181240E-12 -4.362315E-11   -40.1932   1.663549E-11 -2.760901E-11  2.580514E-11
                      -1.000000E+00  -7.495243E-01  1.675191E+00  1.455809E+00    74.5096   1.876925E+00 -9.512586E-01  1.661750E+00

                  22   0.0           -6.509407E-12  3.192340E-11  1.647214E-11    78.4001   3.361400E-11 -8.200011E-12  2.558451E-11
                      -1.000000E+00  -9.245720E-01  3.200253E+00  3.685461E+00    69.1099   3.903559E+00 -1.627878E+00  3.282430E+00

                   8   0.0            6.021602E-12  3.235970E-11  4.053831E-11    61.5061   4.336217E-11 -4.980869E-12  3.070337E-11
                      -1.000000E+00   1.428757E-01  3.237410E+00  5.735281E+00    59.1748   4.948578E+00 -1.568292E+00  3.927610E+00

                  17   0.0            1.074051E-11 -8.744717E-12 -1.955698E-11   -22.5527   1.480142E-11 -1.280563E-11  1.595282E-11
                      -1.000000E+00   3.179233E-01  1.712348E+00  3.505628E+00    55.8455   2.901524E+00 -8.712530E-01  2.280924E+00

1                                                                              JUNE  20, 2025  MSC Nastran 11/21/24   PAGE    55
                                                                                                                                    
0                                                                                                            SUBCASE 2              
      EIGENVALUE =  2.439350E+02
                           S T R A I N S   I N   Q U A D R I L A T E R A L   E L E M E N T S   ( Q U A D 4 )        OPTION = BILIN  
 
    ELEMENT              STRAIN            STRAINS IN ELEMENT COORD SYSTEM         PRINCIPAL  STRAINS (ZERO SHEAR)               
      ID      GRID-ID   CURVATURE       NORMAL-X      NORMAL-Y      SHEAR-XY      ANGLE        MAJOR         MINOR       VON MISES 
0         7    CEN/4   0.0           -1.129444E-11  1.442045E-12 -1.346632E-11   -66.7023   4.341485E-12 -1.419388E-11  1.119399E-11
                      -1.000000E+00  -4.559384E-01  4.004613E+00  5.902849E+00    63.5385   5.473667E+00 -1.924992E+00  4.432375E+00

                  17   0.0            7.127592E-12 -6.239974E-12  7.963465E-12    15.3918   8.223729E-12 -7.336111E-12  8.988349E-12
                      -1.000000E+00  -7.124299E-01  3.508584E+00  4.594062E+00    66.2884   4.517467E+00 -1.721312E+00  3.720597E+00

                   8   0.0            5.224550E-12  1.034029E-11  3.220240E-11    49.5133   2.408553E-11 -8.520687E-12  1.952708E-11
                      -1.000000E+00  -8.238044E-01  4.478909E+00  6.012683E+00    65.7049   5.836016E+00 -2.180912E+00  4.786244E+00

                  16   0.0           -2.971692E-11  9.123619E-12 -3.489743E-11   -69.0305   1.581091E-11 -3.640420E-11  3.091806E-11
                      -1.000000E+00  -1.994470E-01  4.500642E+00  7.211637E+00    61.5469   6.454623E+00 -2.153428E+00  5.172533E+00

                  19   0.0           -2.781432E-11 -7.456201E-12 -5.913637E-11   -54.4982   1.363598E-11 -4.890650E-11  3.797470E-11
                      -1.000000E+00  -8.807248E-02  3.530318E+00  5.793015E+00    60.9947   5.136228E+00 -1.693983E+00  4.106964E+00

0         8    CEN/4   0.0            3.656353E-12  2.714223E-12 -8.195963E-12   -41.7213   7.310255E-12 -9.396789E-13  5.215026E-12
                      -1.000000E+00   4.705834E+00 -5.616035E-01 -6.908148E+00   -26.3373   6.415743E+00 -2.271513E+00  5.202348E+00

                  21   0.0            2.643210E-11  3.053044E-11 -9.815254E-11   -46.1955   7.760031E-11 -2.063776E-11  5.981163E-11
                      -1.000000E+00   4.632376E+00 -5.098381E-01 -6.881440E+00   -26.6154   6.356516E+00 -2.233978E+00  5.146575E+00

                  19   0.0            2.432191E-11 -3.008725E-11  1.825197E-11     9.2722   2.581180E-11 -3.157715E-11  3.318921E-11
                      -1.000000E+00   4.629372E+00 -5.961611E-01 -6.715674E+00   -26.0566   6.271205E+00 -2.237994E+00  5.093418E+00

                  16   0.0           -1.911879E-11 -2.510111E-11  8.176073E-11    42.9076   1.887970E-11 -6.309959E-11  4.957286E-11
                      -1.000000E+00   4.779291E+00 -6.133689E-01 -6.934857E+00   -26.0654   6.475369E+00 -2.309448E+00  5.258580E+00

                   6   0.0           -1.700831E-11  3.551659E-11 -3.464245E-11   -73.2967   4.071429E-11 -2.220601E-11  3.684721E-11
                      -1.000000E+00   4.782295E+00 -5.270459E-01 -7.100623E+00   -26.6067   6.560681E+00 -2.305431E+00  5.311737E+00

0         9    CEN/4   0.0            2.046426E-11 -1.681310E-11  2.176433E-11    15.1392   2.340849E-11 -1.975733E-11  2.495150E-11
                      -1.000000E+00   4.345773E+00 -4.858026E-01 -6.423436E+00   -26.5251   5.948836E+00 -2.088866E+00  4.815638E+00

                   5   0.0           -1.129359E-11 -5.804098E-11  1.517461E-10    36.4389   4.472445E-11 -1.140590E-10  9.454208E-11
                      -1.000000E+00   4.689965E+00 -7.331165E-01 -6.539716E+00   -25.1663   6.226297E+00 -2.269449E+00  5.079258E+00

                  21   0.0           -8.182029E-12  3.134837E-11 -1.990842E-11   -76.6346   3.371345E-11 -1.054711E-11  2.669513E-11
                      -1.000000E+00   4.704374E+00 -3.191558E-01 -7.334645E+00   -27.7963   6.637631E+00 -2.252412E+00  5.336757E+00

                   6   0.0            5.222138E-11  2.441522E-11 -1.082178E-10   -37.7949   9.418485E-11 -1.754825E-11  6.938301E-11
                      -1.000000E+00   4.001581E+00 -2.384887E-01 -6.307155E+00   -28.0443   5.681493E+00 -1.918401E+00  4.563576E+00

                  20   0.0            4.910994E-11 -6.497369E-11  6.343575E-11    14.5380   5.733521E-11 -7.319896E-11  7.554922E-11
                      -1.000000E+00   3.987171E+00 -6.524493E-01 -5.512226E+00   -24.9564   5.269815E+00 -1.935094E+00  4.305713E+00

1                                                                              JUNE  20, 2025  MSC Nastran 11/21/24   PAGE    56
                                                                                                                                    
0                                                                                                            SUBCASE 2              
      EIGENVALUE =  2.439350E+02
                           S T R A I N S   I N   Q U A D R I L A T E R A L   E L E M E N T S   ( Q U A D 4 )        OPTION = BILIN  
 
    ELEMENT              STRAIN            STRAINS IN ELEMENT COORD SYSTEM         PRINCIPAL  STRAINS (ZERO SHEAR)               
      ID      GRID-ID   CURVATURE       NORMAL-X      NORMAL-Y      SHEAR-XY      ANGLE        MAJOR         MINOR       VON MISES 
0        10    CEN/4   0.0            2.473962E-11 -4.691776E-11  5.037060E-12     2.0105   2.482803E-11 -4.700617E-11  4.212723E-11
                      -1.000000E+00   3.048755E+00 -4.332296E-01 -4.338354E+00   -25.6247   4.089198E+00 -1.473673E+00  3.327955E+00

                   7   0.0            5.713095E-11 -1.406227E-11 -1.104163E-10   -28.5936   8.722344E-11 -4.415476E-11  7.719788E-11
                      -1.000000E+00   3.789448E+00 -1.099172E+00 -4.339589E+00   -20.7976   4.613571E+00 -1.923295E+00  3.879139E+00

                   5   0.0            5.459487E-11 -8.691689E-11  2.948697E-11     5.8852   5.611461E-11 -8.843662E-11  8.414927E-11
                      -1.000000E+00   3.829730E+00  5.805434E-02 -6.561809E+00   -30.0550   5.728165E+00 -1.840381E+00  4.557820E+00

                  20   0.0           -7.652039E-12 -7.977259E-11  1.204924E-10    29.5487   2.650128E-11 -1.139259E-10  8.615390E-11
                      -1.000000E+00   2.308062E+00  2.327123E-01 -4.337120E+00   -32.2142   3.674430E+00 -1.133656E+00  2.902271E+00

                  12   0.0           -5.115957E-12 -6.917527E-12 -1.941129E-11   -42.3488   3.730615E-12 -1.576410E-11  1.194867E-11
                      -1.000000E+00   2.267780E+00 -9.245135E-01 -2.114900E+00   -16.7623   2.586283E+00 -1.243017E+00  2.255733E+00

1                                                                              JUNE  20, 2025  MSC Nastran 11/21/24   PAGE    57
                                                                                                                                    
0                                                                                                            SUBCASE 2              
      EIGENVALUE =  2.706881E+01
                         S T R E S S E S   I N   Q U A D R I L A T E R A L   E L E M E N T S   ( Q U A D 4 )        OPTION = BILIN  
 
    ELEMENT              FIBER            STRESSES IN ELEMENT COORD SYSTEM         PRINCIPAL STRESSES (ZERO SHEAR)               
      ID      GRID-ID   DISTANCE        NORMAL-X      NORMAL-Y      SHEAR-XY      ANGLE        MAJOR         MINOR       VON MISES 
0         1    CEN/4  -2.500000E-02   9.437986E+08  7.160302E+07 -1.671940E+08   -10.4881   9.747502E+08  4.065142E+07  9.550735E+08
                       2.500000E-02  -9.437986E+08 -7.160302E+07  1.671940E+08    79.5119  -4.065142E+07 -9.747502E+08  9.550735E+08

                   4  -2.500000E-02   1.409196E+09 -5.476950E+06 -2.043018E+08    -8.0552   1.438109E+09 -3.439050E+07  1.455609E+09
                       2.500000E-02  -1.409196E+09  5.476949E+06  2.043018E+08    81.9448   3.439050E+07 -1.438109E+09  1.455609E+09

                   7  -2.500000E-02   1.464201E+09  1.798093E+08 -3.052557E+08   -12.7116   1.533058E+09  1.109520E+08  1.480703E+09
                       2.500000E-02  -1.464201E+09 -1.798093E+08  3.052557E+08    77.2884  -1.109520E+08 -1.533058E+09  1.480703E+09

                  12  -2.500000E-02   3.634101E+08  2.674185E+08 -1.704398E+08   -37.1364   4.924830E+08  1.383456E+08  4.399388E+08
                       2.500000E-02  -3.634101E+08 -2.674185E+08  1.704398E+08    52.8636  -1.383456E+08 -4.924830E+08  4.399388E+08

                   3  -2.500000E-02   2.350647E+08 -1.649161E+08  6.511942E+07     9.0180   2.453995E+08 -1.752509E+08  3.659785E+08
                       2.500000E-02  -2.350647E+08  1.649161E+08 -6.511942E+07   -80.9820   1.752509E+08 -2.453995E+08  3.659785E+08

0         2    CEN/4  -2.500000E-02   1.118414E+10  9.630993E+08 -2.092442E+09   -11.1330   1.159591E+10  5.513257E+08  1.133032E+10
                       2.500000E-02  -1.118414E+10 -9.630993E+08  2.092442E+09    78.8670  -5.513257E+08 -1.159591E+10  1.133032E+10

                   9  -2.500000E-02   1.029015E+10 -1.250393E+09 -8.480357E+08    -4.1803   1.035214E+10 -1.312377E+09  1.106684E+10
                       2.500000E-02  -1.029015E+10  1.250393E+09  8.480357E+08    85.8197   1.312377E+09 -1.035214E+10  1.106684E+10

                   1  -2.500000E-02   1.159989E+10  3.161492E+09 -3.251869E+09   -18.8113   1.270763E+10  2.053751E+09  1.181539E+10
                       2.500000E-02  -1.159989E+10 -3.161492E+09  3.251869E+09    71.1887  -2.053751E+09 -1.270763E+10  1.181539E+10

                   2  -2.500000E-02   1.164765E+10  1.914277E+09 -2.640041E+09   -14.2393   1.231761E+10  1.244317E+09  1.174499E+10
                       2.500000E-02  -1.164765E+10 -1.914277E+09  2.640041E+09    75.7607  -1.244317E+09 -1.231761E+10  1.174499E+10

                  10  -2.500000E-02   1.108634E+10  2.346898E+07 -1.609827E+09    -8.1134   1.131583E+10 -2.060261E+08  1.142024E+10
                       2.500000E-02  -1.108634E+10 -2.346898E+07  1.609827E+09    81.8866   2.060261E+08 -1.131583E+10  1.142024E+10

0         3    CEN/4  -2.500000E-02   9.127588E+09  2.056560E+09 -4.484040E+09   -25.8727   1.130228E+10 -1.181338E+08  1.136181E+10
                       2.500000E-02  -9.127588E+09 -2.056560E+09  4.484040E+09    64.1273   1.181338E+08 -1.130228E+10  1.136181E+10

                  11  -2.500000E-02   9.544586E+09  2.315721E+09 -4.764622E+09   -26.4081   1.191060E+10 -5.029338E+07  1.193583E+10
                       2.500000E-02  -9.544586E+09 -2.315721E+09  4.764622E+09    63.5919   5.029338E+07 -1.191060E+10  1.193583E+10

                   9  -2.500000E-02   9.412971E+09  1.969527E+09 -4.551164E+09   -25.3627   1.157039E+10 -1.878927E+08  1.166547E+10
                       2.500000E-02  -9.412971E+09 -1.969527E+09  4.551164E+09    64.6373   1.878927E+08 -1.157039E+10  1.166547E+10

                  10  -2.500000E-02   8.710591E+09  1.797398E+09 -4.203457E+09   -25.2844   1.069616E+10 -1.881660E+08  1.079147E+10
                       2.500000E-02  -8.710591E+09 -1.797398E+09  4.203457E+09    64.7156   1.881660E+08 -1.069616E+10  1.079147E+10

                  14  -2.500000E-02   8.842206E+09  2.143592E+09 -4.416916E+09   -26.4136   1.103609E+10 -5.029482E+07  1.106133E+10
                       2.500000E-02  -8.842206E+09 -2.143592E+09  4.416916E+09    63.5864   5.029482E+07 -1.103609E+10  1.106133E+10

1                                                                              JUNE  20, 2025  MSC Nastran 11/21/24   PAGE    58
                                                                                                                                    
0                                                                                                            SUBCASE 2              
      EIGENVALUE =  2.706881E+01
                         S T R E S S E S   I N   Q U A D R I L A T E R A L   E L E M E N T S   ( Q U A D 4 )        OPTION = BILIN  
 
    ELEMENT              FIBER            STRESSES IN ELEMENT COORD SYSTEM         PRINCIPAL STRESSES (ZERO SHEAR)               
      ID      GRID-ID   DISTANCE        NORMAL-X      NORMAL-Y      SHEAR-XY      ANGLE        MAJOR         MINOR       VON MISES 
0         4    CEN/4  -2.500000E-02   2.198966E+09  8.603243E+09  4.279051E+09    63.4043   1.074563E+10  5.657736E+07  1.071745E+10
                       2.500000E-02  -2.198966E+09 -8.603243E+09 -4.279051E+09   -26.5957  -5.657736E+07 -1.074563E+10  1.071745E+10

                  11  -2.500000E-02   2.514725E+09  8.797355E+09  4.501835E+09    62.4534   1.114552E+10  1.665609E+08  1.106318E+10
                       2.500000E-02  -2.514725E+09 -8.797355E+09 -4.501835E+09   -27.5466  -1.665609E+08 -1.114552E+10  1.106318E+10

                  14  -2.500000E-02   2.474693E+09  8.634000E+09  4.420968E+09    62.4306   1.094222E+10  1.664686E+08  1.085995E+10
                       2.500000E-02  -2.474693E+09 -8.634000E+09 -4.420968E+09   -27.5694  -1.664686E+08 -1.094222E+10  1.085995E+10

                  18  -2.500000E-02   1.883206E+09  8.409131E+09  4.056267E+09    64.4070   1.035196E+10 -5.961862E+07  1.038189E+10
                       2.500000E-02  -1.883206E+09 -8.409131E+09 -4.056267E+09   -25.5930   5.961862E+07 -1.035196E+10  1.038189E+10

                  13  -2.500000E-02   1.923239E+09  8.572485E+09  4.137134E+09    64.3928   1.055531E+10 -5.958496E+07  1.058523E+10
                       2.500000E-02  -1.923239E+09 -8.572485E+09 -4.137134E+09   -25.6072   5.958496E+07 -1.055531E+10  1.058523E+10

0         5    CEN/4  -2.500000E-02   1.905384E+09  7.984767E+09  3.946675E+09    63.8016   9.926638E+09 -3.648733E+07  9.944932E+09
                       2.500000E-02  -1.905384E+09 -7.984767E+09 -3.946675E+09   -26.1984   3.648733E+07 -9.926638E+09  9.944932E+09

                  13  -2.500000E-02   2.138284E+09  8.423929E+09  4.223257E+09    63.3278   1.054544E+10  1.676989E+07  1.053707E+10
                       2.500000E-02  -2.138284E+09 -8.423929E+09 -4.223257E+09   -26.6722  -1.676989E+07 -1.054544E+10  1.053707E+10

                  18  -2.500000E-02   1.948780E+09  7.650647E+09  3.840452E+09    63.2940   9.582693E+09  1.673366E+07  9.574337E+09
                       2.500000E-02  -1.948780E+09 -7.650647E+09 -3.840452E+09   -26.7060  -1.673366E+07 -9.582693E+09  9.574337E+09

                  22  -2.500000E-02   1.672484E+09  7.545605E+09  3.670092E+09    64.3322   9.309360E+09 -9.127087E+07  9.355329E+09
                       2.500000E-02  -1.672484E+09 -7.545605E+09 -3.670092E+09   -25.6678   9.127087E+07 -9.309360E+09  9.355329E+09

                  15  -2.500000E-02   1.861988E+09  8.318887E+09  4.052897E+09    64.2700   1.027203E+10 -9.115165E+07  1.031790E+10
                       2.500000E-02  -1.861988E+09 -8.318887E+09 -4.052897E+09   -25.7300   9.115165E+07 -1.027203E+10  1.031790E+10

0         6    CEN/4  -2.500000E-02   1.764856E+09  7.099480E+09  3.522069E+09    63.5686   8.850258E+09  1.407799E+07  8.843228E+09
                       2.500000E-02  -1.764856E+09 -7.099480E+09 -3.522069E+09   -26.4314  -1.407799E+07 -8.850258E+09  8.843228E+09

                  15  -2.500000E-02   2.158449E+09  7.555047E+09  3.880784E+09    62.4054   9.583406E+09  1.300896E+08  9.519028E+09
                       2.500000E-02  -2.158449E+09 -7.555047E+09 -3.880784E+09   -27.5946  -1.300896E+08 -9.583406E+09  9.519028E+09

                  22  -2.500000E-02   1.993098E+09  6.880321E+09  3.546768E+09    62.2828   8.743774E+09  1.296457E+08  8.679677E+09
                       2.500000E-02  -1.993098E+09 -6.880321E+09 -3.546768E+09   -27.7172  -1.296457E+08 -8.743774E+09  8.679677E+09

                   8  -2.500000E-02   1.371263E+09  6.643914E+09  3.163354E+09    64.9038   8.125478E+09 -1.103014E+08  8.181187E+09
                       2.500000E-02  -1.371263E+09 -6.643914E+09 -3.163354E+09   -25.0962   1.103014E+08 -8.125478E+09  8.181187E+09

                  17  -2.500000E-02   1.536614E+09  7.318639E+09  3.497370E+09    64.7890   8.965197E+09 -1.099437E+08  9.020672E+09
                       2.500000E-02  -1.536614E+09 -7.318639E+09 -3.497370E+09   -25.2110   1.099437E+08 -8.965197E+09  9.020672E+09

1                                                                              JUNE  20, 2025  MSC Nastran 11/21/24   PAGE    59
                                                                                                                                    
0                                                                                                            SUBCASE 2              
      EIGENVALUE =  2.706881E+01
                         S T R E S S E S   I N   Q U A D R I L A T E R A L   E L E M E N T S   ( Q U A D 4 )        OPTION = BILIN  
 
    ELEMENT              FIBER            STRESSES IN ELEMENT COORD SYSTEM         PRINCIPAL STRESSES (ZERO SHEAR)               
      ID      GRID-ID   DISTANCE        NORMAL-X      NORMAL-Y      SHEAR-XY      ANGLE        MAJOR         MINOR       VON MISES 
0         7    CEN/4  -2.500000E-02   1.475157E+09  6.075284E+09  3.007514E+09    63.7039   7.561436E+09 -1.099546E+07  7.566940E+09
                       2.500000E-02  -1.475157E+09 -6.075284E+09 -3.007514E+09   -26.2961   1.099546E+07 -7.561436E+09  7.566940E+09

                  17  -2.500000E-02   1.878340E+09  6.659043E+09  3.419379E+09    62.4779   8.440733E+09  9.664952E+07  8.392826E+09
                       2.500000E-02  -1.878340E+09 -6.659043E+09 -3.419379E+09   -27.5221  -9.664952E+07 -8.440733E+09  8.392826E+09

                   8  -2.500000E-02   1.645673E+09  5.709632E+09  2.949383E+09    62.2825   7.259245E+09  9.606073E+07  7.211694E+09
                       2.500000E-02  -1.645673E+09 -5.709632E+09 -2.949383E+09   -27.7175  -9.606073E+07 -7.259245E+09  7.211694E+09

                  16  -2.500000E-02   1.071974E+09  5.491525E+09  2.595649E+09    65.2045   6.690635E+09 -1.271357E+08  6.755100E+09
                       2.500000E-02  -1.071974E+09 -5.491525E+09 -2.595649E+09   -24.7955   1.271357E+08 -6.690635E+09  6.755100E+09

                  19  -2.500000E-02   1.304641E+09  6.440935E+09  3.065645E+09    64.9768   7.871983E+09 -1.264064E+08  7.935941E+09
                       2.500000E-02  -1.304641E+09 -6.440935E+09 -3.065645E+09   -25.0232   1.264064E+08 -7.871983E+09  7.935941E+09

0         8    CEN/4  -2.500000E-02   4.883213E+09  1.199004E+09 -2.419642E+09   -26.3588   6.082163E+09  5.293962E+04  6.082137E+09
                       2.500000E-02  -4.883213E+09 -1.199004E+09  2.419642E+09    63.6412  -5.293963E+04 -6.082163E+09  6.082137E+09

                  21  -2.500000E-02   5.225457E+09  9.459990E+08 -2.429928E+09   -24.3169   6.323473E+09 -1.520167E+08  6.400835E+09
                       2.500000E-02  -5.225457E+09 -9.459990E+08  2.429928E+09    65.6831   1.520167E+08 -6.323473E+09  6.400835E+09

                  19  -2.500000E-02   5.507919E+09  1.688974E+09 -2.888035E+09   -28.2643   7.060647E+09  1.362456E+08  6.993520E+09
                       2.500000E-02  -5.507919E+09 -1.688974E+09  2.888035E+09    61.7357  -1.362456E+08 -7.060647E+09  6.993520E+09

                  16  -2.500000E-02   4.540968E+09  1.452008E+09 -2.409356E+09   -28.6694   5.858378E+09  1.345981E+08  5.792252E+09
                       2.500000E-02  -4.540968E+09 -1.452008E+09  2.409356E+09    61.3306  -1.345981E+08 -5.858378E+09  5.792252E+09

                   6  -2.500000E-02   4.258506E+09  7.090337E+08 -1.951249E+09   -23.8561   5.121394E+09 -1.538541E+08  5.200028E+09
                       2.500000E-02  -4.258506E+09 -7.090337E+08  1.951249E+09    66.1439   1.538541E+08 -5.121394E+09  5.200028E+09

0         9    CEN/4  -2.500000E-02   3.579352E+09  8.843056E+08 -1.776437E+09   -26.4089   4.461525E+09  2.131805E+06  4.460460E+09
                       2.500000E-02  -3.579352E+09 -8.843056E+08  1.776437E+09    63.5911  -2.131805E+06 -4.461525E+09  4.460460E+09

                   5  -2.500000E-02   3.999837E+09  6.658607E+08 -1.832724E+09   -23.8557   4.810292E+09 -1.445946E+08  4.884195E+09
                       2.500000E-02  -3.999837E+09 -6.658607E+08  1.832724E+09    66.1443   1.445946E+08 -4.810292E+09  4.884195E+09

                  21  -2.500000E-02   4.269399E+09  1.374902E+09 -2.269909E+09   -28.7396   5.514178E+09  1.301231E+08  5.450282E+09
                       2.500000E-02  -4.269399E+09 -1.374902E+09  2.269909E+09    61.2604  -1.301231E+08 -5.514178E+09  5.450282E+09

                   6  -2.500000E-02   3.158866E+09  1.102750E+09 -1.720151E+09   -29.5676   4.134760E+09  1.268568E+08  4.072814E+09
                       2.500000E-02  -3.158866E+09 -1.102750E+09  1.720151E+09    60.4324  -1.268568E+08 -4.134760E+09  4.072814E+09

                  20  -2.500000E-02   2.889304E+09  3.937087E+08 -1.282966E+09   -22.8981   3.431200E+09 -1.481865E+08  3.507641E+09
                       2.500000E-02  -2.889304E+09 -3.937087E+08  1.282966E+09    67.1019   1.481865E+08 -3.431200E+09  3.507641E+09

1                                                                              JUNE  20, 2025  MSC Nastran 11/21/24   PAGE    60
                                                                                                                                    
0                                                                                                            SUBCASE 2              
      EIGENVALUE =  2.706881E+01
                         S T R E S S E S   I N   Q U A D R I L A T E R A L   E L E M E N T S   ( Q U A D 4 )        OPTION = BILIN  
 
    ELEMENT              FIBER            STRESSES IN ELEMENT COORD SYSTEM         PRINCIPAL STRESSES (ZERO SHEAR)               
      ID      GRID-ID   DISTANCE        NORMAL-X      NORMAL-Y      SHEAR-XY      ANGLE        MAJOR         MINOR       VON MISES 
0        10    CEN/4  -2.500000E-02   2.161990E+09  4.862933E+08 -1.050021E+09   -25.7062   2.667471E+09 -1.918765E+07  2.677116E+09
                       2.500000E-02  -2.161990E+09 -4.862933E+08  1.050021E+09    64.2938   1.918765E+07 -2.667471E+09  2.677116E+09

                   7  -2.500000E-02   2.583646E+09  1.507870E+08 -1.051452E+09   -20.4197   2.975089E+09 -2.406556E+08  3.102425E+09
                       2.500000E-02  -2.583646E+09 -1.507870E+08  1.051452E+09    69.5803   2.406556E+08 -2.975089E+09  3.102425E+09

                   5  -2.500000E-02   2.951601E+09  1.118638E+09 -1.648215E+09   -30.4620   3.921002E+09  1.492376E+08  3.848554E+09
                       2.500000E-02  -2.951601E+09 -1.118638E+09  1.648215E+09    59.5380  -1.492376E+08 -3.921002E+09  3.848554E+09

                  20  -2.500000E-02   1.740333E+09  8.217997E+08 -1.048589E+09   -33.1736   2.425822E+09  1.363108E+08  2.360620E+09
                       2.500000E-02  -1.740333E+09 -8.217997E+08  1.048589E+09    56.8264  -1.363108E+08 -2.425822E+09  2.360620E+09

                  12  -2.500000E-02   1.372378E+09 -1.460517E+08 -4.518262E+08   -15.3789   1.496653E+09 -2.703267E+08  1.648524E+09
                       2.500000E-02  -1.372378E+09  1.460517E+08  4.518262E+08    74.6211   2.703267E+08 -1.496653E+09  1.648524E+09

1                                                                              JUNE  20, 2025  MSC Nastran 11/21/24   PAGE    61
                                                                                                                                    
0                                                                                                            SUBCASE 2              
      EIGENVALUE =  3.018648E+01
                         S T R E S S E S   I N   Q U A D R I L A T E R A L   E L E M E N T S   ( Q U A D 4 )        OPTION = BILIN  
 
    ELEMENT              FIBER            STRESSES IN ELEMENT COORD SYSTEM         PRINCIPAL STRESSES (ZERO SHEAR)               
      ID      GRID-ID   DISTANCE        NORMAL-X      NORMAL-Y      SHEAR-XY      ANGLE        MAJOR         MINOR       VON MISES 
0         1    CEN/4  -2.500000E-02  -1.626321E+08 -3.234449E+07  1.681544E+08    55.5883   8.284363E+07 -2.778202E+08  3.272045E+08
                       2.500000E-02  -1.626321E+08 -3.234449E+07  1.681544E+08    55.5883   8.284363E+07 -2.778202E+08  3.272045E+08

                   4  -2.500000E-02  -9.473541E+08 -1.060377E+08  3.318931E+08    70.8635   9.127225E+06 -1.062519E+09  1.067112E+09
                       2.500000E-02  -9.473541E+08 -1.060377E+08  3.318931E+08    70.8635   9.127225E+06 -1.062519E+09  1.067112E+09

                   7  -2.500000E-02  -9.180364E+08 -7.280361E+06  2.780848E+08    74.2945   7.091477E+07 -9.962316E+08  1.033515E+09
                       2.500000E-02  -9.180364E+08 -7.280361E+06  2.780848E+08    74.2945   7.091477E+07 -9.962316E+08  1.033515E+09

                  12  -2.500000E-02   8.785775E+08  1.146682E+08 -7.355956E+07    -5.4505   8.855963E+08  1.076494E+08  8.369799E+08
                       2.500000E-02   8.785775E+08  1.146682E+08 -7.355956E+07    -5.4505   8.855963E+08  1.076494E+08  8.369799E+08

                   3  -2.500000E-02   8.101696E+08 -1.157654E+08  5.199316E+07     3.2039   8.130800E+08 -1.186758E+08  8.784509E+08
                       2.500000E-02   8.101696E+08 -1.157654E+08  5.199316E+07     3.2039   8.130800E+08 -1.186758E+08  8.784509E+08

0         2    CEN/4  -2.500000E-02   9.361530E+08 -1.565047E+09  8.647250E+07     1.9777   9.391390E+08 -1.568033E+09  2.193926E+09
                       2.500000E-02   9.361530E+08 -1.565047E+09  8.647250E+07     1.9777   9.391390E+08 -1.568033E+09  2.193926E+09

                   9  -2.500000E-02  -3.608669E+09  2.640188E+09 -1.266222E+09   -78.9695   2.887016E+09 -3.855498E+09  5.859233E+09
                       2.500000E-02  -3.608669E+09  2.640188E+09 -1.266222E+09   -78.9695   2.887016E+09 -3.855498E+09  5.859233E+09

                   1  -2.500000E-02  -6.215084E+09 -6.139581E+09  3.517471E+09    45.3075  -2.659659E+09 -9.695006E+09  8.676492E+09
                       2.500000E-02  -6.215084E+09 -6.139581E+09  3.517471E+09    45.3075  -2.659659E+09 -9.695006E+09  8.676492E+09

                   2  -2.500000E-02   4.849658E+09 -3.305223E+09  3.169037E+08     2.2221   4.861955E+09 -3.317520E+09  7.125600E+09
                       2.500000E-02   4.849658E+09 -3.305223E+09  3.169037E+08     2.2221   4.861955E+09 -3.317520E+09  7.125600E+09

                  10  -2.500000E-02   5.966693E+09  4.575353E+08 -1.733250E+09   -16.0896   6.466628E+09 -4.239985E+07  6.487932E+09
                       2.500000E-02   5.966693E+09  4.575353E+08 -1.733250E+09   -16.0896   6.466628E+09 -4.239985E+07  6.487932E+09

0         3    CEN/4  -2.500000E-02   3.814251E+08  1.007772E+09 -6.073783E+08   -58.6382   1.377962E+09  1.123481E+07  1.372379E+09
                       2.500000E-02   3.814251E+08  1.007772E+09 -6.073783E+08   -58.6382   1.377962E+09  1.123481E+07  1.372379E+09

                  11  -2.500000E-02  -1.010061E+10 -3.213703E+09  5.362374E+09    61.3533  -2.843694E+08 -1.302995E+10  1.289011E+10
                       2.500000E-02  -1.010061E+10 -3.213703E+09  5.362374E+09    61.3533  -2.843694E+08 -1.302995E+10  1.289011E+10

                   9  -2.500000E-02  -8.714865E+09  4.312972E+08  3.114920E+09    72.8698   1.391370E+09 -9.674938E+09  1.044039E+10
                       2.500000E-02  -8.714865E+09  4.312972E+08  3.114920E+09    72.8698   1.391370E+09 -9.674938E+09  1.044039E+10

                  10  -2.500000E-02   1.086346E+10  5.229247E+09 -6.577130E+09   -33.4068   1.520140E+10  8.913049E+08  1.477593E+10
                       2.500000E-02   1.086346E+10  5.229247E+09 -6.577130E+09   -33.4068   1.520140E+10  8.913049E+08  1.477593E+10

                  14  -2.500000E-02   9.477715E+09  1.584247E+09 -4.329676E+09   -23.8246   1.138955E+10 -3.275861E+08  1.155682E+10
                       2.500000E-02   9.477715E+09  1.584247E+09 -4.329676E+09   -23.8246   1.138955E+10 -3.275861E+08  1.155682E+10

1                                                                              JUNE  20, 2025  MSC Nastran 11/21/24   PAGE    62
                                                                                                                                    
0                                                                                                            SUBCASE 2              
      EIGENVALUE =  3.018648E+01
                         S T R E S S E S   I N   Q U A D R I L A T E R A L   E L E M E N T S   ( Q U A D 4 )        OPTION = BILIN  
 
    ELEMENT              FIBER            STRESSES IN ELEMENT COORD SYSTEM         PRINCIPAL STRESSES (ZERO SHEAR)               
      ID      GRID-ID   DISTANCE        NORMAL-X      NORMAL-Y      SHEAR-XY      ANGLE        MAJOR         MINOR       VON MISES 
0         4    CEN/4  -2.500000E-02  -3.389059E+08 -1.325521E+08 -2.396215E+08   -56.6479   2.516166E+07 -4.966196E+08  5.096665E+08
                       2.500000E-02  -3.389059E+08 -1.325521E+08 -2.396215E+08   -56.6479   2.516166E+07 -4.966196E+08  5.096665E+08

                  11  -2.500000E-02  -3.101697E+09 -9.699552E+09 -5.173251E+09   -28.7374  -2.650361E+08 -1.253621E+10  1.240582E+10
                       2.500000E-02  -3.101697E+09 -9.699552E+09 -5.173251E+09   -28.7374  -2.650361E+08 -1.253621E+10  1.240582E+10

                  14  -2.500000E-02   1.501420E+09  9.083747E+09  4.125229E+09    66.2918   1.089530E+10 -3.101332E+08  1.105363E+10
                       2.500000E-02   1.501420E+09  9.083747E+09  4.125229E+09    66.2918   1.089530E+10 -3.101332E+08  1.105363E+10

                  18  -2.500000E-02   2.423885E+09  9.434447E+09  4.694008E+09    63.3754   1.178755E+10  7.077900E+07  1.175232E+10
                       2.500000E-02   2.423885E+09  9.434447E+09  4.694008E+09    63.3754   1.178755E+10  7.077900E+07  1.175232E+10

                  13  -2.500000E-02  -2.179232E+09 -9.348851E+09 -4.604472E+09   -26.0487   7.136965E+07 -1.159945E+10  1.163530E+10
                       2.500000E-02  -2.179232E+09 -9.348851E+09 -4.604472E+09   -26.0487   7.136965E+07 -1.159945E+10  1.163530E+10

0         5    CEN/4  -2.500000E-02  -1.468169E+07 -1.102666E+07 -5.390466E+07   -45.9709   4.108145E+07 -6.678980E+07  9.429944E+07
                       2.500000E-02  -1.468169E+07 -1.102665E+07 -5.390466E+07   -45.9709   4.108145E+07 -6.678980E+07  9.429944E+07

                  13  -2.500000E-02  -2.007308E+09 -8.695053E+09 -4.288825E+09   -26.0287   8.715534E+07 -1.078952E+10  1.083336E+10
                       2.500000E-02  -2.007308E+09 -8.695053E+09 -4.288825E+09   -26.0287   8.715534E+07 -1.078952E+10  1.083336E+10

                  18  -2.500000E-02   2.276829E+09  8.786628E+09  4.365302E+09    63.3547   1.097693E+10  8.652511E+07  1.093393E+10
                       2.500000E-02   2.276829E+09  8.786628E+09  4.365302E+09    63.3547   1.097693E+10  8.652511E+07  1.093393E+10

                  22  -2.500000E-02   1.977945E+09  8.672999E+09  4.181015E+09    64.3412   1.068148E+10 -3.053628E+07  1.069678E+10
                       2.500000E-02   1.977945E+09  8.672999E+09  4.181015E+09    64.3412   1.068148E+10 -3.053628E+07  1.069678E+10

                  15  -2.500000E-02  -2.306192E+09 -8.808681E+09 -4.473112E+09   -26.9944  -2.757942E+07 -1.108729E+10  1.107353E+10
                       2.500000E-02  -2.306192E+09 -8.808681E+09 -4.473112E+09   -26.9944  -2.757942E+07 -1.108729E+10  1.107353E+10

0         6    CEN/4  -2.500000E-02  -1.363232E+08 -5.889189E+07 -1.422910E+08   -52.6105   4.985640E+07 -2.450715E+08  2.734302E+08
                       2.500000E-02  -1.363232E+08 -5.889189E+07 -1.422910E+08   -52.6105   4.985640E+07 -2.450715E+08  2.734302E+08

                  15  -2.500000E-02  -2.075559E+09 -7.912567E+09 -4.037060E+09   -27.0679  -1.254534E+07 -9.975581E+09  9.969314E+09
                       2.500000E-02  -2.075559E+09 -7.912567E+09 -4.037060E+09   -27.0679  -1.254534E+07 -9.975581E+09  9.969314E+09

                  22  -2.500000E-02   1.770757E+09  7.782559E+09  3.732651E+09    64.4222   9.569165E+09 -1.584943E+07  9.577100E+09
                       2.500000E-02   1.770757E+09  7.782559E+09  3.732651E+09    64.4222   9.569165E+09 -1.584943E+07  9.577100E+09

                   8  -2.500000E-02   1.802913E+09  7.794783E+09  3.752478E+09    64.3017   9.600589E+09 -2.893431E+06  9.602036E+09
                       2.500000E-02   1.802913E+09  7.794783E+09  3.752478E+09    64.3017   9.600589E+09 -2.893431E+06  9.602036E+09

                  17  -2.500000E-02  -2.043404E+09 -7.900342E+09 -4.017233E+09   -26.9544  -5.454932E+05 -9.943201E+09  9.942928E+09
                       2.500000E-02  -2.043404E+09 -7.900342E+09 -4.017233E+09   -26.9544  -5.454932E+05 -9.943201E+09  9.942928E+09

1                                                                              JUNE  20, 2025  MSC Nastran 11/21/24   PAGE    63
                                                                                                                                    
0                                                                                                            SUBCASE 2              
      EIGENVALUE =  3.018648E+01
                         S T R E S S E S   I N   Q U A D R I L A T E R A L   E L E M E N T S   ( Q U A D 4 )        OPTION = BILIN  
 
    ELEMENT              FIBER            STRESSES IN ELEMENT COORD SYSTEM         PRINCIPAL STRESSES (ZERO SHEAR)               
      ID      GRID-ID   DISTANCE        NORMAL-X      NORMAL-Y      SHEAR-XY      ANGLE        MAJOR         MINOR       VON MISES 
0         7    CEN/4  -2.500000E-02  -1.324539E+08 -5.883703E+07 -1.515682E+08   -51.8250   6.032816E+07 -2.516191E+08  2.865857E+08
                       2.500000E-02  -1.324539E+08 -5.883703E+07 -1.515682E+08   -51.8250   6.032816E+07 -2.516191E+08  2.865857E+08

                  17  -2.500000E-02  -1.761379E+09 -6.788740E+09 -3.473532E+09   -27.0540   1.259888E+07 -8.562718E+09  8.569024E+09
                       2.500000E-02  -1.761379E+09 -6.788740E+09 -3.473532E+09   -27.0540   1.259888E+07 -8.562718E+09  8.569024E+09

                   8  -2.500000E-02   1.541318E+09  6.688116E+09  3.198048E+09    64.4114   8.219579E+09  9.855326E+06  8.214656E+09
                       2.500000E-02   1.541318E+09  6.688116E+09  3.198048E+09    64.4114   8.219579E+09  9.855326E+06  8.214656E+09

                  16  -2.500000E-02   1.496471E+09  6.671066E+09  3.170395E+09    64.6086   8.175897E+09 -8.360071E+06  8.180080E+09
                       2.500000E-02   1.496471E+09  6.671066E+09  3.170395E+09    64.6086   8.175897E+09 -8.360071E+06  8.180080E+09

                  19  -2.500000E-02  -1.806226E+09 -6.805790E+09 -3.501184E+09   -27.2369  -4.008624E+06 -8.608008E+09  8.606004E+09
                       2.500000E-02  -1.806226E+09 -6.805790E+09 -3.501184E+09   -27.2369  -4.008624E+06 -8.608008E+09  8.606004E+09

0         8    CEN/4  -2.500000E-02  -7.246898E+07 -1.651925E+08  1.815291E+08    37.8366   6.852515E+07 -3.061867E+08  3.455828E+08
                       2.500000E-02  -7.246898E+07 -1.651925E+08  1.815291E+08    37.8366   6.852515E+07 -3.061867E+08  3.455828E+08

                  21  -2.500000E-02  -5.523134E+09 -1.518074E+09  2.887911E+09    62.3691  -6.324787E+06 -7.034883E+09  7.031723E+09
                       2.500000E-02  -5.523134E+09 -1.518074E+09  2.887911E+09    62.3691  -6.324787E+06 -7.034883E+09  7.031723E+09

                  19  -2.500000E-02  -5.508781E+09 -1.480321E+09  2.864634E+09    62.5562   7.340786E+06 -6.996443E+09  7.000117E+09
                       2.500000E-02  -5.508781E+09 -1.480321E+09  2.864634E+09    62.5562   7.340786E+06 -6.996443E+09  7.000117E+09

                  16  -2.500000E-02   5.378196E+09  1.187689E+09 -2.524853E+09   -25.1562   6.563944E+09  1.941019E+06  6.562974E+09
                       2.500000E-02   5.378196E+09  1.187689E+09 -2.524853E+09   -25.1562   6.563944E+09  1.941019E+06  6.562974E+09

                   6  -2.500000E-02   5.363843E+09  1.149936E+09 -2.501575E+09   -24.9471   6.527537E+09 -1.375732E+07  6.534426E+09
                       2.500000E-02   5.363843E+09  1.149936E+09 -2.501575E+09   -24.9471   6.527537E+09 -1.375732E+07  6.534426E+09

0         9    CEN/4  -2.500000E-02  -6.922807E+07 -1.542585E+08  1.823293E+08    38.4372   7.547721E+07 -2.989638E+08  3.429885E+08
                       2.500000E-02  -6.922807E+07 -1.542585E+08  1.823293E+08    38.4372   7.547721E+07 -2.989638E+08  3.429885E+08

                   5  -2.500000E-02  -4.058864E+09 -1.110933E+09  2.147417E+09    62.2327   1.970768E+07 -5.189505E+09  5.199387E+09
                       2.500000E-02  -4.058864E+09 -1.110933E+09  2.147417E+09    62.2327   1.970768E+07 -5.189505E+09  5.199387E+09

                  21  -2.500000E-02  -4.076507E+09 -1.157343E+09  2.176032E+09    61.9259   3.284481E+06 -5.237134E+09  5.238777E+09
                       2.500000E-02  -4.076507E+09 -1.157343E+09  2.176032E+09    61.9259   3.284481E+06 -5.237134E+09  5.238777E+09

                   6  -2.500000E-02   3.920408E+09  8.024163E+08 -1.782759E+09   -24.4154   4.729680E+09 -6.856468E+06  4.733112E+09
                       2.500000E-02   3.920408E+09  8.024163E+08 -1.782759E+09   -24.4154   4.729680E+09 -6.856468E+06  4.733112E+09

                  20  -2.500000E-02   3.938051E+09  8.488255E+08 -1.811374E+09   -24.7724   4.773964E+09  1.291243E+07  4.767521E+09
                       2.500000E-02   3.938051E+09  8.488255E+08 -1.811374E+09   -24.7724   4.773964E+09  1.291243E+07  4.767521E+09

1                                                                              JUNE  20, 2025  MSC Nastran 11/21/24   PAGE    64
                                                                                                                                    
0                                                                                                            SUBCASE 2              
      EIGENVALUE =  3.018648E+01
                         S T R E S S E S   I N   Q U A D R I L A T E R A L   E L E M E N T S   ( Q U A D 4 )        OPTION = BILIN  
 
    ELEMENT              FIBER            STRESSES IN ELEMENT COORD SYSTEM         PRINCIPAL STRESSES (ZERO SHEAR)               
      ID      GRID-ID   DISTANCE        NORMAL-X      NORMAL-Y      SHEAR-XY      ANGLE        MAJOR         MINOR       VON MISES 
0        10    CEN/4  -2.500000E-02  -1.082247E+08 -2.551592E+08  2.497935E+08    36.8054   7.868129E+07 -4.420652E+08  4.862044E+08
                       2.500000E-02  -1.082247E+08 -2.551592E+08  2.497935E+08    36.8054   7.868129E+07 -4.420652E+08  4.862044E+08

                   7  -2.500000E-02  -2.600734E+09 -9.826972E+08  1.538819E+09    58.8663  -5.318886E+07 -3.530242E+09  3.503951E+09
                       2.500000E-02  -2.600734E+09 -9.826972E+08  1.538819E+09    58.8663  -5.318886E+07 -3.530242E+09  3.503951E+09

                   5  -2.500000E-02  -2.502873E+09 -7.252895E+08  1.380105E+09    61.3908   2.745502E+07 -3.255618E+09  3.269432E+09
                       2.500000E-02  -2.502873E+09 -7.252895E+08  1.380105E+09    61.3908   2.745502E+07 -3.255618E+09  3.269432E+09

                  20  -2.500000E-02   2.384285E+09  4.723788E+08 -1.039232E+09   -23.6951   2.840369E+09  1.629436E+07  2.832257E+09
                       2.500000E-02   2.384285E+09  4.723788E+08 -1.039232E+09   -23.6951   2.840369E+09  1.629436E+07  2.832257E+09

                  12  -2.500000E-02   2.286424E+09  2.149711E+08 -8.805183E+08   -20.1847   2.610125E+09 -1.087295E+08  2.666153E+09
                       2.500000E-02   2.286424E+09  2.149711E+08 -8.805183E+08   -20.1847   2.610125E+09 -1.087295E+08  2.666153E+09

1                                                                              JUNE  20, 2025  MSC Nastran 11/21/24   PAGE    65
                                                                                                                                    
0                                                                                                            SUBCASE 2              
      EIGENVALUE =  2.439350E+02
                         S T R E S S E S   I N   Q U A D R I L A T E R A L   E L E M E N T S   ( Q U A D 4 )        OPTION = BILIN  
 
    ELEMENT              FIBER            STRESSES IN ELEMENT COORD SYSTEM         PRINCIPAL STRESSES (ZERO SHEAR)               
      ID      GRID-ID   DISTANCE        NORMAL-X      NORMAL-Y      SHEAR-XY      ANGLE        MAJOR         MINOR       VON MISES 
0         1    CEN/4  -2.500000E-02   8.023829E+09  6.196134E+08 -1.435411E+09   -10.5964   8.292364E+09  3.510781E+08  8.122517E+09
                       2.500000E-02  -8.023829E+09 -6.196134E+08  1.435411E+09    79.4036  -3.510781E+08 -8.292364E+09  8.122517E+09

                   4  -2.500000E-02   1.193326E+10 -5.007827E+07 -1.736094E+09    -8.0795   1.217971E+10 -2.965274E+08  1.233065E+10
                       2.500000E-02  -1.193326E+10  5.007825E+07  1.736094E+09    81.9205   2.965274E+08 -1.217971E+10  1.233065E+10

                   7  -2.500000E-02   1.240863E+10  1.551193E+09 -2.608553E+09   -12.8324   1.300282E+10  9.569940E+08  1.255172E+10
                       2.500000E-02  -1.240863E+10 -1.551193E+09  2.608553E+09    77.1676  -9.569940E+08 -1.300282E+10  1.255172E+10

                  12  -2.500000E-02   3.155268E+09  2.316529E+09 -1.489625E+09   -37.1383   4.283430E+09  1.188367E+09  3.830105E+09
                       2.500000E-02  -3.155268E+09 -2.316529E+09  1.489625E+09    52.8617  -1.188367E+09 -4.283430E+09  3.830105E+09

                   3  -2.500000E-02   2.046088E+09 -1.419771E+09  5.461123E+08     8.7458   2.130102E+09 -1.503785E+09  3.162581E+09
                       2.500000E-02  -2.046088E+09  1.419771E+09 -5.461123E+08   -81.2542   1.503785E+09 -2.130102E+09  3.162581E+09

0         2    CEN/4  -2.500000E-02  -3.144311E+10 -2.514792E+09  5.656577E+09    79.3204  -1.448054E+09 -3.250985E+10  3.181055E+10
                       2.500000E-02   3.144311E+10  2.514792E+09 -5.656577E+09   -10.6796   3.250985E+10  1.448054E+09  3.181055E+10

                   9  -2.500000E-02  -2.922029E+10  4.161487E+09  1.979959E+09    86.6174   4.278514E+09 -2.933732E+10  3.169391E+10
                       2.500000E-02   2.922029E+10 -4.161487E+09 -1.979959E+09    -3.3826   2.933732E+10 -4.278514E+09  3.169391E+10

                   1  -2.500000E-02  -3.317965E+10 -9.175717E+09  9.246788E+09    71.1940  -6.026767E+09 -3.632860E+10  3.372159E+10
                       2.500000E-02   3.317965E+10  9.175717E+09 -9.246788E+09   -18.8060   3.632860E+10  6.026767E+09  3.372159E+10

                   2  -2.500000E-02  -3.247747E+10 -5.378635E+09  7.246793E+09    75.9301  -3.562418E+09 -3.429369E+10  3.265853E+10
                       2.500000E-02   3.247747E+10  5.378635E+09 -7.246793E+09   -14.0699   3.429369E+10  3.562418E+09  3.265853E+10

                  10  -2.500000E-02  -3.078060E+10  3.373101E+08  4.132437E+09    82.5629   8.767437E+08 -3.132003E+10  3.176748E+10
                       2.500000E-02   3.078060E+10 -3.373101E+08 -4.132437E+09    -7.4371   3.132003E+10 -8.767437E+08  3.176748E+10

0         3    CEN/4  -2.500000E-02  -2.087685E+10 -4.585919E+09  1.031018E+10    64.1551   4.081867E+08 -2.587096E+10  2.607745E+10
                       2.500000E-02   2.087685E+10  4.585919E+09 -1.031018E+10   -25.8449   2.587096E+10 -4.081867E+08  2.607745E+10

                  11  -2.500000E-02  -2.431330E+10 -3.952345E+09  1.131423E+10    65.9903   1.087360E+09 -2.935301E+10  2.991152E+10
                       2.500000E-02   2.431330E+10  3.952345E+09 -1.131423E+10   -24.0097   2.935301E+10 -1.087360E+09  2.991152E+10

                   9  -2.500000E-02  -2.555066E+10 -7.207029E+09  1.332102E+10    62.2741  -2.056621E+08 -3.255203E+10  3.244969E+10
                       2.500000E-02   2.555066E+10  7.207029E+09 -1.332102E+10   -27.7259   3.255203E+10  2.056621E+08  3.244969E+10

                  10  -2.500000E-02  -1.744040E+10 -5.219493E+09  9.306122E+09    61.6446  -1.970437E+08 -2.246285E+10  2.236498E+10
                       2.500000E-02   1.744040E+10  5.219493E+09 -9.306122E+09   -28.3554   2.246285E+10  1.970437E+08  2.236498E+10

                  14  -2.500000E-02  -1.620305E+10 -1.964810E+09  7.299331E+09    67.1420   1.112252E+09 -1.928011E+10  1.985961E+10
                       2.500000E-02   1.620305E+10  1.964810E+09 -7.299331E+09   -22.8580   1.928011E+10 -1.112252E+09  1.985961E+10

1                                                                              JUNE  20, 2025  MSC Nastran 11/21/24   PAGE    66
                                                                                                                                    
0                                                                                                            SUBCASE 2              
      EIGENVALUE =  2.439350E+02
                         S T R E S S E S   I N   Q U A D R I L A T E R A L   E L E M E N T S   ( Q U A D 4 )        OPTION = BILIN  
 
    ELEMENT              FIBER            STRESSES IN ELEMENT COORD SYSTEM         PRINCIPAL STRESSES (ZERO SHEAR)               
      ID      GRID-ID   DISTANCE        NORMAL-X      NORMAL-Y      SHEAR-XY      ANGLE        MAJOR         MINOR       VON MISES 
0         4    CEN/4  -2.500000E-02  -2.808311E+09 -1.045767E+10 -5.260610E+09   -26.9907  -1.289762E+08 -1.313700E+10  1.307299E+10
                       2.500000E-02   2.808311E+09  1.045767E+10  5.260610E+09    63.0093   1.313700E+10  1.289762E+08  1.307299E+10

                  11  -2.500000E-02  -7.652663E+09 -1.631262E+10 -9.769679E+09   -33.0484  -1.296419E+09 -2.266886E+10  2.204926E+10
                       2.500000E-02   7.652663E+09  1.631262E+10  9.769679E+09    56.9516   2.266886E+10  1.296419E+09  2.204926E+10

                  14  -2.500000E-02  -5.483569E+09 -7.461501E+09 -5.388023E+09   -39.7996  -9.945017E+08 -1.195057E+10  1.148565E+10
                       2.500000E-02   5.483569E+09  7.461501E+09  5.388023E+09    50.2004   1.195057E+10  9.945017E+08  1.148565E+10

                  18  -2.500000E-02   2.036041E+09 -4.602714E+09 -7.515417E+08    -6.3786   2.120056E+09 -4.686729E+09  6.032926E+09
                       2.500000E-02  -2.036041E+09  4.602714E+09  7.515417E+08    83.6214   4.686729E+09 -2.120056E+09  6.032926E+09

                  13  -2.500000E-02  -1.330533E+08 -1.345383E+10 -5.133198E+09   -18.8108   1.615511E+09 -1.520240E+10  1.607117E+10
                       2.500000E-02   1.330532E+08  1.345383E+10  5.133198E+09    71.1892   1.520240E+10 -1.615511E+09  1.607117E+10

0         5    CEN/4  -2.500000E-02   6.148721E+08  1.912095E+09  9.805726E+08    61.7416   2.439162E+09  8.780527E+07  2.396466E+09
                       2.500000E-02  -6.148722E+08 -1.912095E+09 -9.805726E+08   -28.2584  -8.780528E+07 -2.439162E+09  2.396466E+09

                  13  -2.500000E-02  -4.167627E+09 -4.842125E+09 -3.840345E+09   -42.4907  -6.497516E+08 -8.360000E+09  8.054804E+09
                       2.500000E-02   4.167627E+09  4.842125E+09  3.840345E+09    47.5093   8.360000E+09  6.497516E+08  8.054804E+09

                  18  -2.500000E-02  -1.499784E+09  6.044171E+09  1.548805E+09    78.8383   6.349768E+09 -1.805381E+09  7.419076E+09
                       2.500000E-02   1.499784E+09 -6.044171E+09 -1.548805E+09   -11.1617   1.805381E+09 -6.349768E+09  7.419076E+09

                  22  -2.500000E-02   5.397371E+09  8.666315E+09  5.801490E+09    52.8671   1.305918E+10  1.004507E+09  1.258702E+10
                       2.500000E-02  -5.397371E+09 -8.666315E+09 -5.801490E+09   -37.1329  -1.004507E+09 -1.305918E+10  1.258702E+10

                  15  -2.500000E-02   2.729528E+09 -2.219981E+09  4.123406E+08     4.7298   2.763645E+09 -2.254098E+09  4.352955E+09
                       2.500000E-02  -2.729528E+09  2.219981E+09 -4.123406E+08   -85.2702   2.254098E+09 -2.763645E+09  4.352955E+09

0         6    CEN/4  -2.500000E-02   3.328774E+09  1.406065E+10  6.991337E+09    63.7533   1.750789E+10 -1.184645E+08  1.756742E+10
                       2.500000E-02  -3.328774E+09 -1.406065E+10 -6.991337E+09   -26.2467   1.184645E+08 -1.750789E+10  1.756742E+10

                  15  -2.500000E-02  -9.764556E+08  8.452992E+09  2.830739E+09    74.5096   9.237514E+09 -1.760978E+09  1.023229E+10
                       2.500000E-02   9.764556E+08 -8.452992E+09 -2.830739E+09   -15.4904   1.760978E+09 -9.237514E+09  1.023229E+10

                  22  -2.500000E-02   1.169757E+09  1.721074E+10  7.166174E+09    69.1099   1.994582E+10 -1.565323E+09  2.077277E+10
                       2.500000E-02  -1.169757E+09 -1.721074E+10 -7.166174E+09   -20.8901   1.565323E+09 -1.994582E+10  2.077277E+10

                   8  -2.500000E-02   7.634004E+09  1.966831E+10  1.115193E+10    59.1748   2.632285E+10  9.794641E+08  2.584704E+10
                       2.500000E-02  -7.634004E+09 -1.966831E+10 -1.115193E+10   -30.8252  -9.794641E+08 -2.632285E+10  2.584704E+10

                  17  -2.500000E-02   5.487791E+09  1.091055E+10  6.816499E+09    55.8455   1.553513E+10  8.632166E+08  1.512201E+10
                       2.500000E-02  -5.487791E+09 -1.091055E+10 -6.816499E+09   -34.1545  -8.632166E+08 -1.553513E+10  1.512201E+10

1                                                                              JUNE  20, 2025  MSC Nastran 11/21/24   PAGE    67
                                                                                                                                    
0                                                                                                            SUBCASE 2              
      EIGENVALUE =  2.439350E+02
                         S T R E S S E S   I N   Q U A D R I L A T E R A L   E L E M E N T S   ( Q U A D 4 )        OPTION = BILIN  
 
    ELEMENT              FIBER            STRESSES IN ELEMENT COORD SYSTEM         PRINCIPAL STRESSES (ZERO SHEAR)               
      ID      GRID-ID   DISTANCE        NORMAL-X      NORMAL-Y      SHEAR-XY      ANGLE        MAJOR         MINOR       VON MISES 
0         7    CEN/4  -2.500000E-02   5.657892E+09  2.300448E+10  1.147776E+10    63.5385   2.871747E+10 -5.509428E+07  2.874505E+10
                       2.500000E-02  -5.657892E+09 -2.300448E+10 -1.147776E+10   -26.4615   5.509428E+07 -2.871747E+10  2.874505E+10

                  17  -2.500000E-02   3.084634E+09  1.949969E+10  8.932898E+09    66.2884   2.342312E+10 -8.387976E+08  2.385358E+10
                       2.500000E-02  -3.084634E+09 -1.949969E+10 -8.932898E+09   -23.7116   8.387976E+08 -2.342312E+10  2.385358E+10

                   8  -2.500000E-02   4.450167E+09  2.507183E+10  1.169133E+10    65.7049   3.034947E+10 -8.274722E+08  3.077155E+10
                       2.500000E-02  -4.450167E+09 -2.507183E+10 -1.169133E+10   -24.2951   8.274722E+08 -3.034947E+10  3.077155E+10

                  16  -2.500000E-02   8.231149E+09  2.650927E+10  1.402263E+10    61.5469   3.410809E+10  6.323344E+08  3.379636E+10
                       2.500000E-02  -8.231149E+09 -2.650927E+10 -1.402263E+10   -28.4531  -6.323344E+08 -3.410809E+10  3.379636E+10

                  19  -2.500000E-02   6.865616E+09  2.093713E+10  1.126420E+10    60.9947   2.718234E+10  6.204105E+08  2.687751E+10
                       2.500000E-02  -6.865616E+09 -2.093713E+10 -1.126420E+10   -29.0053  -6.204105E+08 -2.718234E+10  2.687751E+10

0         8    CEN/4  -2.500000E-02   2.697855E+10  6.494075E+09 -1.343251E+10   -26.3373   3.362820E+10 -1.555717E+08  3.370625E+10
                       2.500000E-02  -2.697855E+10 -6.494075E+09  1.343251E+10    63.6627   1.555717E+08 -3.362820E+10  3.370625E+10

                  21  -2.500000E-02   2.664746E+10  6.649962E+09 -1.338058E+10   -26.6154   3.335245E+10 -5.502547E+07  3.338000E+10
                       2.500000E-02  -2.664746E+10 -6.649962E+09  1.338058E+10    63.3846   5.502548E+07 -3.335245E+10  3.338000E+10

                  19  -2.500000E-02   2.644872E+10  6.127207E+09 -1.305825E+10   -26.0566   3.283363E+10 -2.576992E+08  3.296323E+10
                       2.500000E-02  -2.644872E+10 -6.127207E+09  1.305825E+10    63.9434   2.576992E+08 -3.283363E+10  3.296323E+10

                  16  -2.500000E-02   2.730964E+10  6.338188E+09 -1.348444E+10   -26.0654   3.390550E+10 -2.576743E+08  3.403507E+10
                       2.500000E-02  -2.730964E+10 -6.338188E+09  1.348444E+10    63.9346   2.576743E+08 -3.390550E+10  3.403507E+10

                   6  -2.500000E-02   2.750838E+10  6.860943E+09 -1.380677E+10   -26.6067   3.442432E+10 -5.500100E+07  3.445186E+10
                       2.500000E-02  -2.750838E+10 -6.860943E+09  1.380677E+10    63.3933   5.500100E+07 -3.442432E+10  3.445186E+10

0         9    CEN/4  -2.500000E-02   2.498307E+10  6.193611E+09 -1.249001E+10   -26.5251   3.121720E+10 -4.052330E+07  3.123749E+10
                       2.500000E-02  -2.498307E+10 -6.193611E+09  1.249001E+10    63.4749   4.052330E+07 -3.121720E+10  3.123749E+10

                   5  -2.500000E-02   2.652446E+10  5.434699E+09 -1.271612E+10   -25.1663   3.249909E+10 -5.399265E+08  3.277238E+10
                       2.500000E-02  -2.652446E+10 -5.434699E+09  1.271612E+10    64.8337   5.399265E+08 -3.249909E+10  3.277238E+10

                  21  -2.500000E-02   2.747751E+10  7.941561E+09 -1.426181E+10   -27.7963   3.499573E+10  4.233412E+08  3.478599E+10
                       2.500000E-02  -2.747751E+10 -7.941561E+09  1.426181E+10    62.2037  -4.233412E+08 -3.499573E+10  3.478599E+10

                   6  -2.500000E-02   2.344168E+10  6.952523E+09 -1.226391E+10   -28.0443   2.997467E+10  4.195298E+08  2.976713E+10
                       2.500000E-02  -2.344168E+10 -6.952523E+09  1.226391E+10    61.9557  -4.195298E+08 -2.997467E+10  2.976713E+10

                  20  -2.500000E-02   2.248863E+10  4.445661E+09 -1.071822E+10   -24.9564   2.747669E+10 -5.424009E+08  2.775187E+10
                       2.500000E-02  -2.248863E+10 -4.445661E+09  1.071822E+10    65.0436   5.424009E+08 -2.747669E+10  2.775187E+10

1                                                                              JUNE  20, 2025  MSC Nastran 11/21/24   PAGE    68
                                                                                                                                    
0                                                                                                            SUBCASE 2              
      EIGENVALUE =  2.439350E+02
                         S T R E S S E S   I N   Q U A D R I L A T E R A L   E L E M E N T S   ( Q U A D 4 )        OPTION = BILIN  
 
    ELEMENT              FIBER            STRESSES IN ELEMENT COORD SYSTEM         PRINCIPAL STRESSES (ZERO SHEAR)               
      ID      GRID-ID   DISTANCE        NORMAL-X      NORMAL-Y      SHEAR-XY      ANGLE        MAJOR         MINOR       VON MISES 
0        10    CEN/4  -2.500000E-02   1.733322E+10  3.792173E+09 -8.435689E+09   -25.6247   2.137939E+10 -2.539954E+08  2.150752E+10
                       2.500000E-02  -1.733322E+10 -3.792173E+09  8.435689E+09    64.3753   2.539954E+08 -2.137939E+10  2.150752E+10

                   7  -2.500000E-02   2.037022E+10  1.358928E+09 -8.438089E+09   -20.7976   2.357515E+10 -1.845998E+09  2.455026E+10
                       2.500000E-02  -2.037022E+10 -1.358928E+09  8.438089E+09    69.2024   1.845998E+09 -2.357515E+10  2.455026E+10

                   5  -2.500000E-02   2.303448E+10  8.366853E+09 -1.275907E+10   -30.0550   3.041728E+10  9.840510E+08  2.993739E+10
                       2.500000E-02  -2.303448E+10 -8.366853E+09  1.275907E+10    59.9450  -9.840511E+08 -3.041728E+10  2.993739E+10

                  20  -2.500000E-02   1.429622E+10  6.225418E+09 -8.433289E+09   -32.2142   1.960988E+10  9.117652E+08  1.917026E+10
                       2.500000E-02  -1.429622E+10 -6.225418E+09  8.433289E+09    57.7858  -9.117652E+08 -1.960988E+10  1.917026E+10

                  12  -2.500000E-02   1.163197E+10 -7.825071E+08 -4.112305E+09   -16.7623   1.287059E+10 -2.021131E+09  1.399108E+10
                       2.500000E-02  -1.163197E+10  7.825071E+08  4.112305E+09    73.2377   2.021131E+09 -1.287059E+10  1.399108E+10

1                                                                              JUNE  20, 2025  MSC Nastran 11/21/24   PAGE    69
                                                                                                                                    
0                                                                                                            SUBCASE 2              
      EIGENVALUE =  2.706881E+01
      CYCLES =  8.280464E-01
                   MODE               1
                                          G R I D   P O I N T   F O R C E   B A L A N C E
 
   POINT-ID    ELEMENT-ID     SOURCE             T1             T2             T3             R1             R2             R3
          1                  F-OF-SPC      -4.819129E+04   4.719330E-04  -4.819129E+04  -9.450483E+04   2.144632E+04   9.450483E+04
          1             2    QUAD4          4.819129E+04  -4.719328E-04   4.819129E+04   9.450483E+04  -2.144632E+04  -9.450483E+04
          1                  *TOTALS*      -1.418812E-09   2.125022E-10   6.766641E-10   2.910383E-11   2.910383E-11   0.0
0         2                  F-OF-SPC       2.300695E+04  -4.738320E-04   2.300695E+04  -7.749354E+04  -1.898776E+04   7.749354E+04
          2             2    QUAD4         -2.300695E+04   4.738326E-04  -2.300695E+04   7.749354E+04   1.898776E+04  -7.749354E+04
          2                  *TOTALS*      -4.762114E-09   6.065785E-10   1.564331E-10   1.455192E-11   2.182787E-11  -1.455192E-11
0         3             1    QUAD4         -1.344807E+05  -3.301811E-07  -1.344807E+05  -6.984919E-09  -8.440111E-09   2.793968E-09
          3                  *TOTALS*      -1.344807E+05  -3.301811E-07  -1.344807E+05  -6.984919E-09  -8.440111E-09   2.793968E-09
0         4             1    QUAD4         -1.342466E+05   5.992622E-06  -1.342466E+05   2.392335E-08   1.329463E-07  -4.115282E-08
          4                  *TOTALS*      -1.342466E+05   5.992622E-06  -1.342466E+05   2.392335E-08   1.329463E-07  -4.115282E-08
0         5             9    QUAD4         -1.202544E+05   1.704907E-04  -1.202544E+05  -2.929813E+04   8.613220E+02   2.929813E+04
          5            10    QUAD4          1.279807E+05  -1.550764E-04   1.279807E+05   2.929813E+04  -8.613220E+02  -2.929813E+04
          5                  *TOTALS*       7.726287E+03   1.541435E-05   7.726287E+03   3.509922E-08   9.709038E-08  -1.647277E-08
0         6             8    QUAD4         -1.219300E+05  -2.228538E-04  -1.219300E+05  -3.613641E+04  -1.104542E+03   3.613641E+04
          6             9    QUAD4          1.304997E+05   2.110190E-04   1.304997E+05   3.613641E+04   1.104542E+03  -3.613641E+04
          6                  *TOTALS*       8.569666E+03  -1.183471E-05   8.569666E+03  -8.946517E-08  -1.273147E-07   8.725328E-08
0         7             1    QUAD4          1.233667E+05  -6.765127E-05   1.233667E+05   1.683670E+04  -1.311164E+03  -1.683670E+04
          7            10    QUAD4         -1.184753E+05   8.850812E-05  -1.184753E+05  -1.683670E+04   1.311164E+03   1.683670E+04
          7                  *TOTALS*       4.891404E+03   2.085685E-05   4.891404E+03  -7.188646E-09   2.800662E-07   1.836452E-08
0         8             6    QUAD4         -9.847161E+04  -3.350648E-04  -9.847161E+04  -5.835707E+04  -7.262384E+02   5.835707E+04
          8             7    QUAD4          1.126112E+05   3.584623E-04   1.126112E+05   5.835707E+04   7.262384E+02  -5.835707E+04
          8                  *TOTALS*       1.413957E+04   2.339757E-05   1.413957E+04   1.021108E-07  -1.043009E-07  -1.065346E-07
0         9             2    QUAD4         -3.078709E+04   2.336355E-04  -3.078709E+04  -8.568285E+04  -2.297557E+03   8.568285E+04
          9             3    QUAD4          4.117579E+04  -2.399962E-04   4.117579E+04   8.568285E+04   2.297557E+03  -8.568285E+04
          9                  *TOTALS*       1.038870E+04  -6.360727E-06   1.038870E+04   2.965680E-08   2.444722E-09  -2.980232E-08
0        10             2    QUAD4          5.602756E+03  -2.355353E-04   5.602756E+03  -8.525268E+04   3.525464E+03   8.525268E+04
         10             3    QUAD4          2.124720E+04   2.460577E-04   2.124720E+04   8.525268E+04  -3.525464E+03  -8.525268E+04
         10                  *TOTALS*       2.684996E+04   1.052236E-05   2.684996E+04  -5.657785E-08   1.157787E-07   5.710172E-08
0        11             3    QUAD4         -2.377124E+04   5.217595E-04  -2.377124E+04  -8.252797E+04   1.978064E+03   8.252797E+04
         11             4    QUAD4          4.426438E+04  -5.352225E-04   4.426438E+04   8.252797E+04  -1.978064E+03  -8.252797E+04
         11                  *TOTALS*       2.049313E+04  -1.346301E-05   2.049313E+04  -1.731678E-09  -3.799505E-08   1.848093E-09
0        12             1    QUAD4          1.453605E+05   6.222725E-05   1.453605E+05   9.156274E+03   2.080484E+03  -9.156274E+03
         12            10    QUAD4         -1.437413E+05  -7.073784E-05  -1.437413E+05  -9.156274E+03  -2.080484E+03   9.156274E+03
         12                  *TOTALS*       1.619200E+03  -8.510588E-06   1.619200E+03  -6.752089E-09  -4.103640E-08   2.817251E-08
0        13             4    QUAD4         -3.534404E+04   4.346616E-04  -3.534404E+04  -7.757677E+04  -7.037711E+02   7.757677E+04
         13             5    QUAD4          5.477554E+04  -4.415098E-04   5.477554E+04   7.757677E+04   7.037711E+02  -7.757677E+04
1                                                                              JUNE  20, 2025  MSC Nastran 11/21/24   PAGE    70
                                                                                                                                    
0                                                                                                            SUBCASE 2              
      EIGENVALUE =  2.706881E+01
      CYCLES =  8.280464E-01
                   MODE               1
                                          G R I D   P O I N T   F O R C E   B A L A N C E
 
   POINT-ID    ELEMENT-ID     SOURCE             T1             T2             T3             R1             R2             R3
         13                  *TOTALS*       1.943150E+04  -6.848219E-06   1.943150E+04  -1.503213E-08   2.248271E-08   1.561421E-08
0        14             3    QUAD4         -3.865174E+04  -5.278116E-04  -3.865174E+04  -8.077290E+04  -1.980844E+03   8.077290E+04
         14             4    QUAD4          5.854235E+04   5.418360E-04   5.854235E+04   8.077290E+04   1.980844E+03  -8.077290E+04
         14                  *TOTALS*       1.989060E+04   1.402441E-05   1.989060E+04  -7.450581E-09   1.597800E-08   6.810296E-09
0        15             5    QUAD4         -6.190135E+04   4.255137E-04  -6.190135E+04  -7.119324E+04   1.066033E+03   7.119324E+04
         15             6    QUAD4          7.978640E+04  -4.162945E-04   7.978640E+04   7.119324E+04  -1.066033E+03  -7.119324E+04
         15                  *TOTALS*       1.788505E+04   9.219206E-06   1.788505E+04   2.331217E-08  -4.032336E-08  -1.947046E-08
0        16             7    QUAD4         -1.096551E+05  -2.985624E-04  -1.096551E+05  -4.792956E+04  -1.079707E+03   4.792956E+04
         16             8    QUAD4          1.211642E+05   3.108703E-04   1.211642E+05   4.792956E+04   1.079707E+03  -4.792956E+04
         16                  *TOTALS*       1.150908E+04   1.230788E-05   1.150908E+04   6.693881E-10  -8.585630E-10   6.082701E-09
0        17             6    QUAD4         -7.644574E+04   3.499220E-04  -7.644574E+04  -6.270649E+04   3.603454E+02   6.270649E+04
         17             7    QUAD4          9.229729E+04  -3.577374E-04   9.229729E+04   6.270649E+04  -3.603454E+02  -6.270649E+04
         17                  *TOTALS*       1.585155E+04  -7.815348E-06   1.585155E+04  -1.391163E-08   1.128719E-07   1.775334E-08
0        18             4    QUAD4         -6.746268E+04  -4.413645E-04  -6.746268E+04  -7.472980E+04   7.022766E+01   7.472980E+04
         18             5    QUAD4          8.576536E+04   4.381537E-04   8.576536E+04   7.472980E+04  -7.022766E+01  -7.472980E+04
         18                  *TOTALS*       1.830268E+04  -3.210728E-06   1.830268E+04  -1.951412E-08   9.530049E-08   1.980516E-08
0        19             7    QUAD4         -9.525338E+04   2.971222E-04  -9.525338E+04  -5.287964E+04   9.228407E+02   5.287964E+04
         19             8    QUAD4          1.087080E+05  -2.948269E-04   1.087080E+05   5.287964E+04  -9.228407E+02  -5.287964E+04
         19                  *TOTALS*       1.345460E+04   2.295244E-06   1.345460E+04  -1.146109E-07   7.794006E-08   1.174049E-07
0        20             9    QUAD4         -1.288899E+05  -1.544757E-04  -1.288899E+05  -2.367693E+04  -9.585113E+02   2.367693E+04
         20            10    QUAD4          1.342359E+05   1.372614E-04   1.342359E+05   2.367693E+04   9.585113E+02  -2.367693E+04
         20                  *TOTALS*       5.346035E+03  -1.721429E-05   5.346035E+03  -8.119969E-09  -1.026201E-07  -6.199116E-09
0        21             8    QUAD4         -1.079421E+05   2.064602E-04  -1.079421E+05  -4.162430E+04   8.935221E+02   4.162430E+04
         21             9    QUAD4          1.186446E+05  -2.270564E-04   1.186446E+05   4.162430E+04  -8.935221E+02  -4.162430E+04
         21                  *TOTALS*       1.070249E+04  -2.059623E-05   1.070249E+04  -6.589107E-08  -1.182343E-07   6.449409E-08
0        22             5    QUAD4         -7.863955E+04  -4.222620E-04  -7.863955E+04  -6.762930E+04  -1.195706E+03   6.762930E+04
         22             6    QUAD4          9.513095E+04   4.015565E-04   9.513095E+04   6.762930E+04   1.195706E+03  -6.762930E+04
         22                  *TOTALS*       1.649140E+04  -2.070552E-05   1.649140E+04   5.579204E-08  -8.047209E-08  -5.032052E-08
1                                                                              JUNE  20, 2025  MSC Nastran 11/21/24   PAGE    71
                                                                                                                                    
0                                                                                                            SUBCASE 2              
      EIGENVALUE =  3.018648E+01
      CYCLES =  8.744327E-01
                   MODE               2
                                          G R I D   P O I N T   F O R C E   B A L A N C E
 
   POINT-ID    ELEMENT-ID     SOURCE             T1             T2             T3             R1             R2             R3
          1                  F-OF-SPC       4.045285E+06   5.148651E+06  -4.045285E+06  -1.964768E+01  -1.648020E-06  -1.964769E+01
          1             2    QUAD4         -4.045285E+06  -5.148651E+06   4.045285E+06   1.964768E+01   1.648021E-06   1.964769E+01
          1                  *TOTALS*       0.0            0.0           -9.313226E-10  -3.751666E-12   1.267953E-12  -3.524292E-12
0         2                  F-OF-SPC      -4.034282E+06  -5.151489E+06   4.034282E+06  -5.538798E+01   1.757188E-06  -5.538799E+01
          2             2    QUAD4          4.034282E+06   5.151489E+06  -4.034282E+06   5.538798E+01  -1.757180E-06   5.538799E+01
          2                  *TOTALS*      -3.725290E-09   0.0            0.0           -3.296918E-12   7.818763E-12   3.296918E-12
0         3             1    QUAD4          1.505337E+05   4.619245E+01  -1.505337E+05  -4.936010E-08   5.439506E-08   8.509960E-08
          3                  *TOTALS*       1.505337E+05   4.619245E+01  -1.505337E+05  -4.936010E-08   5.439506E-08   8.509960E-08
0         4             1    QUAD4          1.501924E+05  -4.533962E+00  -1.501924E+05  -9.080395E-08  -2.912711E-07   8.149073E-08
          4                  *TOTALS*       1.501924E+05  -4.533962E+00  -1.501924E+05  -9.080395E-08  -2.912711E-07   8.149073E-08
0         5             9    QUAD4          1.567208E+05   1.724737E+06  -1.567208E+05  -2.642055E+01  -2.806482E-07  -2.642056E+01
          5            10    QUAD4         -1.659228E+05  -1.725172E+06   1.659228E+05   2.642055E+01   1.152803E-07   2.642056E+01
          5                  *TOTALS*      -9.202007E+03  -4.347613E+02   9.202006E+03   1.068111E-07  -1.653680E-07  -1.096050E-07
0         6             8    QUAD4          1.351602E+05  -2.445670E+06  -1.351602E+05  -3.830065E+01   7.636845E-08  -3.830066E+01
          6             9    QUAD4         -1.461109E+05   2.446032E+06   1.461109E+05   3.830065E+01   1.271255E-07   3.830066E+01
          6                  *TOTALS*      -1.095066E+04   3.618720E+02   1.095066E+04   2.055313E-07   2.034940E-07  -2.051820E-07
0         7             1    QUAD4         -7.383154E+04  -6.767648E+05   7.383154E+04   1.536420E+01  -5.966285E-07   1.536420E+01
          7            10    QUAD4          6.833636E+04   6.762064E+05  -6.833636E+04  -1.536420E+01   2.320885E-07  -1.536420E+01
          7                  *TOTALS*      -5.495185E+03  -5.583842E+02   5.495185E+03   1.308217E-07  -3.645400E-07  -1.433946E-07
0         8             6    QUAD4          1.026437E+05  -3.785032E+06  -1.026437E+05  -5.967761E+01   3.695168E-07  -5.967763E+01
          8             7    QUAD4         -1.204307E+05   3.785313E+06   1.204307E+05   5.967761E+01   1.757871E-07   5.967763E+01
          8                  *TOTALS*      -1.778701E+04   2.813569E+02   1.778701E+04  -5.456968E-08   5.453039E-07   6.062328E-08
0         9             2    QUAD4         -1.111994E+06   2.588173E+06   1.111994E+06  -2.028770E+01   5.377879E-07  -2.028772E+01
          9             3    QUAD4          1.104320E+06  -2.590716E+06  -1.104320E+06   2.028770E+01  -7.916242E-07   2.028772E+01
          9                  *TOTALS*      -7.674446E+03  -2.542385E+03   7.674446E+03   2.162051E-08  -2.538363E-07  -2.111119E-08
0        10             2    QUAD4          1.122997E+06  -2.591012E+06  -1.122997E+06  -8.134039E+01  -2.720844E-07  -8.134041E+01
         10             3    QUAD4         -1.148289E+06   2.591538E+06   1.148289E+06   8.134039E+01  -9.443465E-08   8.134041E+01
         10                  *TOTALS*      -2.529181E+04   5.258965E+02   2.529181E+04   4.633403E-07  -3.665191E-07  -4.632820E-07
0        11             3    QUAD4          3.151961E+05   5.676242E+06  -3.151961E+05  -9.724014E+01  -3.087662E-07  -9.724015E+01
         11             4    QUAD4         -3.445420E+05  -5.676732E+06   3.445420E+05   9.724014E+01   4.419780E-07   9.724015E+01
         11                  *TOTALS*      -2.934589E+04  -4.893340E+02   2.934589E+04  -2.318702E-07   1.332119E-07   2.309680E-07
0        12             1    QUAD4         -2.268945E+05   6.767231E+05   2.268945E+05   7.313861E+00  -4.678732E-07   7.313865E+00
         12            10    QUAD4          2.247736E+05  -6.759229E+05  -2.247736E+05  -7.313861E+00   5.530892E-07  -7.313865E+00
         12                  *TOTALS*      -2.120859E+03   8.001543E+02   2.120859E+03   1.362205E-07   8.521602E-08  -1.397129E-07
0        13             4    QUAD4         -3.638239E+04   4.540498E+06   3.638239E+04  -6.922811E+01   5.275942E-07  -6.922812E+01
         13             5    QUAD4          1.418475E+04  -4.540601E+06  -1.418475E+04   6.922811E+01  -5.949405E-07   6.922812E+01
1                                                                              JUNE  20, 2025  MSC Nastran 11/21/24   PAGE    72
                                                                                                                                    
0                                                                                                            SUBCASE 2              
      EIGENVALUE =  3.018648E+01
      CYCLES =  8.744327E-01
                   MODE               2
                                          G R I D   P O I N T   F O R C E   B A L A N C E
 
   POINT-ID    ELEMENT-ID     SOURCE             T1             T2             T3             R1             R2             R3
         13                  *TOTALS*      -2.219763E+04  -1.026908E+02   2.219763E+04  -1.417357E-08  -6.734626E-08   1.324224E-08
0        14             3    QUAD4         -2.712268E+05  -5.677065E+06   2.712268E+05  -7.887342E+01   1.688022E-09  -7.887344E+01
         14             4    QUAD4          2.472348E+05   5.676428E+06  -2.472348E+05   7.887342E+01  -1.775334E-08   7.887344E+01
         14                  *TOTALS*      -2.399201E+04  -6.366777E+02   2.399201E+04   1.751469E-07  -1.606531E-08  -1.750886E-07
0        15             5    QUAD4          8.800241E+04   4.369998E+06  -8.800241E+04  -6.927205E+01  -1.597218E-07  -6.927206E+01
         15             6    QUAD4         -1.099978E+05  -4.370252E+06   1.099978E+05   6.927205E+01   3.100940E-07   6.927206E+01
         15                  *TOTALS*      -2.199537E+04  -2.535391E+02   2.199537E+04  -2.944580E-07   1.503722E-07   2.880552E-07
0        16             7    QUAD4          1.113673E+05  -3.179721E+06  -1.113673E+05  -4.995826E+01   1.141889E-07  -4.995827E+01
         16             8    QUAD4         -1.260057E+05   3.180024E+06   1.260057E+05   4.995826E+01  -1.463777E-07   4.995827E+01
         16                  *TOTALS*      -1.463847E+04   3.027973E+02   1.463847E+04   4.947651E-08  -3.218884E-08  -4.249159E-08
0        17             6    QUAD4          8.195302E+04   3.785189E+06  -8.195302E+04  -5.936797E+01   4.215108E-07  -5.936798E+01
         17             7    QUAD4         -1.011202E+05  -3.785476E+06   1.011202E+05   5.936797E+01  -4.442045E-07   5.936798E+01
         17                  *TOTALS*      -1.916721E+04  -2.867892E+02   1.916721E+04  -3.897003E-08  -2.269371E-08   3.640889E-08
0        18             4    QUAD4          1.336896E+05  -4.540194E+06  -1.336896E+05  -7.413940E+01   3.727109E-07  -7.413942E+01
         18             5    QUAD4         -1.563132E+05   4.540555E+06   1.563132E+05   7.413940E+01  -6.165938E-07   7.413942E+01
         18                  *TOTALS*      -2.262359E+04   3.604714E+02   2.262359E+04   3.604073E-07  -2.438828E-07  -3.610767E-07
0        19             7    QUAD4          1.101837E+05   3.179884E+06  -1.101837E+05  -4.998678E+01  -9.656069E-07  -4.998680E+01
         19             8    QUAD4         -1.265341E+05  -3.180221E+06   1.265341E+05   4.998678E+01   5.600159E-07   4.998680E+01
         19                  *TOTALS*      -1.635042E+04  -3.375649E+02   1.635042E+04   1.434237E-07  -4.055910E-07  -1.478475E-07
0        20             9    QUAD4          1.197118E+05  -1.724544E+06  -1.197118E+05  -2.764227E+01   2.800953E-07  -2.764227E+01
         20            10    QUAD4         -1.271872E+05   1.724888E+06   1.271872E+05   2.764227E+01  -1.458975E-07   2.764227E+01
         20                  *TOTALS*      -7.475426E+03   3.445031E+02   7.475426E+03   1.068693E-07   1.341978E-07  -9.103678E-08
0        21             8    QUAD4          1.173796E+05   2.445867E+06  -1.173796E+05  -3.863909E+01   5.212933E-07  -3.863909E+01
         21             9    QUAD4         -1.303217E+05  -2.446225E+06   1.303217E+05   3.863909E+01  -2.996821E-07   3.863909E+01
         21                  *TOTALS*      -1.294206E+04  -3.577712E+02   1.294206E+04   1.400185E-07   2.216111E-07  -1.348963E-07
0        22             5    QUAD4          5.412602E+04  -4.369952E+06  -5.412602E+04  -6.794087E+01  -9.616633E-08  -6.794089E+01
         22             6    QUAD4         -7.459895E+04   4.370095E+06   7.459895E+04   6.794087E+01   1.225853E-07   6.794089E+01
         22                  *TOTALS*      -2.047293E+04   1.424406E+02   2.047293E+04  -1.322187E-07   2.641900E-08   1.287844E-07
1                                                                              JUNE  20, 2025  MSC Nastran 11/21/24   PAGE    73
                                                                                                                                    
0                                                                                                            SUBCASE 2              
      EIGENVALUE =  2.439350E+02
      CYCLES =  2.485749E+00
                   MODE               3
                                          G R I D   P O I N T   F O R C E   B A L A N C E
 
   POINT-ID    ELEMENT-ID     SOURCE             T1             T2             T3             R1             R2             R3
          1                  F-OF-SPC       5.289712E+05  -3.287213E-03   5.289712E+05   2.742797E+05  -6.273362E+04  -2.742797E+05
          1             2    QUAD4         -5.289712E+05   3.287215E-03  -5.289712E+05  -2.742797E+05   6.273362E+04   2.742797E+05
          1                  *TOTALS*       2.793968E-09   1.554164E-09   6.984919E-09   1.164153E-10   2.182787E-11  -1.164153E-10
0         2                  F-OF-SPC       1.287153E+05  -3.467685E-03   1.287153E+05   2.421689E+05   5.006057E+04  -2.421689E+05
          2             2    QUAD4         -1.287153E+05   3.467687E-03  -1.287153E+05  -2.421689E+05  -5.006057E+04   2.421689E+05
          2                  *TOTALS*      -7.712515E-10   2.541908E-09   1.280569E-08  -1.164153E-10  -2.182787E-11   1.164153E-10
0         3             1    QUAD4         -1.153481E+06  -1.378981E-03  -1.153481E+06   7.535564E-07  -1.332301E-06  -9.104842E-07
          3                  *TOTALS*      -1.153481E+06  -1.378981E-03  -1.153481E+06   7.535564E-07  -1.332301E-06  -9.104842E-07
0         4             1    QUAD4         -1.135204E+06  -9.556135E-04  -1.135204E+06  -5.694747E-07  -4.246423E-06   5.513139E-07
          4                  *TOTALS*      -1.135204E+06  -9.556135E-04  -1.135204E+06  -5.694747E-07  -4.246423E-06   5.513139E-07
0         5             9    QUAD4         -1.497048E+05  -1.824529E-02  -1.497048E+05  -2.150238E+05   1.772951E+02   2.150238E+05
          5            10    QUAD4          6.561553E+05  -3.831111E-03   6.561554E+05   2.150238E+05  -1.772951E+02  -2.150238E+05
          5                  *TOTALS*       5.064505E+05  -2.207640E-02   5.064506E+05  -6.339396E-07  -3.619018E-06   3.741006E-07
0         6             8    QUAD4         -2.498125E+05  -3.348406E-03  -2.498125E+05  -2.394433E+05  -7.462986E+03   2.394433E+05
          6             9    QUAD4          7.835128E+05   1.424436E-02   7.835128E+05   2.394433E+05   7.462986E+03  -2.394433E+05
          6                  *TOTALS*       5.337004E+05   1.089596E-02   5.337004E+05   2.491695E-06   3.336951E-06  -2.464803E-06
0         7             1    QUAD4          9.762394E+05   6.247550E-03   9.762393E+05   1.402397E+05  -9.035325E+03  -1.402397E+05
          7            10    QUAD4         -6.113052E+05  -1.951703E-02  -6.113052E+05  -1.402397E+05   9.035325E+03   1.402397E+05
          7                  *TOTALS*       3.649341E+05  -1.326948E-02   3.649342E+05   2.681045E-07  -6.691436E-06  -3.803289E-07
0         8             6    QUAD4          8.089231E+05  -6.110374E-03   8.089231E+05  -1.939932E+05   2.824000E+03   1.939932E+05
          8             7    QUAD4         -3.496127E+05   2.920866E-03  -3.496127E+05   1.939932E+05  -2.824000E+03  -1.939932E+05
          8                  *TOTALS*       4.593104E+05  -3.189508E-03   4.593104E+05  -3.038353E-06   2.964924E-06   3.044406E-06
0         9             2    QUAD4          2.428264E+05  -9.053125E-03   2.428264E+05   2.343510E+05   7.862401E+03  -2.343510E+05
          9             3    QUAD4         -4.960173E+05  -1.508091E-03  -4.960172E+05  -2.343510E+05  -7.862401E+03   2.343510E+05
          9                  *TOTALS*      -2.531908E+05  -1.056122E-02  -2.531908E+05  -9.433716E-07   2.972374E-07   9.555952E-07
0        10             2    QUAD4          4.148601E+05   2.298220E-03   4.148601E+05   2.094477E+05  -3.019668E+02  -2.094477E+05
         10             3    QUAD4         -1.022815E+06   1.031799E-02  -1.022815E+06  -2.094477E+05   3.019668E+02   2.094477E+05
         10                  *TOTALS*      -6.079554E+05   1.261621E-02  -6.079554E+05   8.903735E-07  -3.213121E-06  -8.895586E-07
0        11             3    QUAD4          5.368449E+05  -6.256082E-03   5.368449E+05   1.698453E+05  -1.050801E+04  -1.698453E+05
         11             4    QUAD4         -9.438930E+05   1.705187E-03  -9.438930E+05  -1.698453E+05   1.050801E+04   1.698453E+05
         11                  *TOTALS*      -4.070481E+05  -4.550895E-03  -4.070481E+05   5.661277E-07   1.203494E-06  -5.761394E-07
0        12             1    QUAD4          1.312445E+06  -3.912881E-03   1.312445E+06   7.518053E+04   2.027579E+04  -7.518053E+04
         12            10    QUAD4         -1.188516E+06   2.125474E-03  -1.188516E+06  -7.518053E+04  -2.027579E+04   7.518053E+04
         12                  *TOTALS*       1.239293E+05  -1.787407E-03   1.239293E+05   5.788170E-07   1.343869E-06  -6.194459E-07
0        13             4    QUAD4          9.754438E+05  -7.490958E-03   9.754438E+05   6.752771E+04  -6.178999E+03  -6.752771E+04
         13             5    QUAD4         -1.160464E+06   2.860424E-03  -1.160464E+06  -6.752771E+04   6.178999E+03   6.752771E+04
1                                                                              JUNE  20, 2025  MSC Nastran 11/21/24   PAGE    74
                                                                                                                                    
0                                                                                                            SUBCASE 2              
      EIGENVALUE =  2.439350E+02
      CYCLES =  2.485749E+00
                   MODE               3
                                          G R I D   P O I N T   F O R C E   B A L A N C E
 
   POINT-ID    ELEMENT-ID     SOURCE             T1             T2             T3             R1             R2             R3
         13                  *TOTALS*      -1.850207E+05  -4.630534E-03  -1.850207E+05   3.449386E-07  -2.016022E-07  -3.526220E-07
0        14             3    QUAD4          9.819878E+05  -2.553837E-03   9.819878E+05   1.253363E+05   1.518149E+04  -1.253363E+05
         14             4    QUAD4         -1.236755E+06   6.458700E-03  -1.236755E+06  -1.253363E+05  -1.518149E+04   1.253363E+05
         14                  *TOTALS*      -2.547673E+05   3.904863E-03  -2.547673E+05   1.583248E-08  -5.690381E-07  -1.036096E-08
0        15             5    QUAD4          1.243878E+06  -1.263695E-02   1.243878E+06  -4.825773E+04  -1.289678E+04   4.825773E+04
         15             6    QUAD4         -1.167032E+06  -3.564628E-04  -1.167032E+06   4.825773E+04   1.289678E+04  -4.825773E+04
         15                  *TOTALS*       7.684623E+04  -1.299342E-02   7.684626E+04  -1.761509E-07   1.877866E-06   1.284207E-07
0        16             7    QUAD4          3.118757E+05   4.191791E-03   3.118757E+05  -2.433611E+05  -8.001578E+02   2.433611E+05
         16             8    QUAD4          2.447022E+05   1.709000E-03   2.447022E+05   2.433611E+05   8.001578E+02  -2.433611E+05
         16                  *TOTALS*       5.565779E+05   5.900791E-03   5.565779E+05   1.955777E-08  -2.706656E-08  -9.825453E-08
0        17             6    QUAD4          1.214631E+06  -2.939193E-03   1.214631E+06  -1.542295E+05  -9.645467E+03   1.542295E+05
         17             7    QUAD4         -8.922014E+05  -1.790281E-03  -8.922014E+05   1.542295E+05   9.645467E+03  -1.542295E+05
         17                  *TOTALS*       3.224292E+05  -4.729474E-03   3.224292E+05   8.735224E-07  -3.367775E-06  -9.543146E-07
0        18             4    QUAD4          1.205204E+06  -6.729590E-04   1.205204E+06   1.211311E+04   8.621502E+03  -1.211311E+04
         18             5    QUAD4         -1.199427E+06   8.028626E-03  -1.199427E+06  -1.211311E+04  -8.621502E+03   1.211311E+04
         18                  *TOTALS*       5.777652E+03   7.355667E-03   5.777621E+03  -3.512250E-07  -2.873450E-06   3.179302E-07
0        19             7    QUAD4          9.299384E+05  -5.321780E-03   9.299384E+05  -2.260240E+05  -8.689721E+03   2.260240E+05
         19             8    QUAD4         -4.326939E+05   9.306744E-04  -4.326939E+05   2.260240E+05   8.689721E+03  -2.260240E+05
         19                  *TOTALS*       4.972445E+05  -4.391106E-03   4.972445E+05   3.440189E-06  -2.768546E-06  -3.433088E-06
0        20             9    QUAD4         -7.583095E+05   2.414342E-03  -7.583095E+05  -1.839665E+05  -8.246377E+03   1.839665E+05
         20            10    QUAD4          1.143666E+06   2.122293E-02   1.143666E+06   1.839665E+05   8.246377E+03  -1.839665E+05
         20                  *TOTALS*       3.853561E+05   2.363727E-02   3.853561E+05  -1.034350E-07   3.831199E-06   3.034365E-07
0        21             8    QUAD4          4.378041E+05   7.087396E-04   4.378041E+05  -2.483322E+05  -2.388242E+03   2.483322E+05
         21             9    QUAD4          1.245014E+05   1.586638E-03   1.245014E+05   2.483322E+05   2.388242E+03  -2.483322E+05
         21                  *TOTALS*       5.623056E+05   2.295378E-03   5.623056E+05   2.167188E-06   2.575427E-06  -2.093613E-06
0        22             5    QUAD4          1.116013E+06   1.748201E-03   1.116013E+06  -1.014175E+05   9.441053E+03   1.014175E+05
         22             6    QUAD4         -8.565218E+05   9.405613E-03  -8.565218E+05   1.014175E+05  -9.441053E+03  -1.014175E+05
         22                  *TOTALS*       2.594912E+05   1.115381E-02   2.594912E+05  -1.645996E-06   2.331726E-06   1.545413E-06
 *** USER INFORMATION MESSAGE 4114 (OUTPX2)
     DATA BLOCK OGPFB1   WRITTEN ON FORTRAN UNIT    12 IN BINARY (LTLEND) FORMAT USING NDDL DESCRIPTION FOR OGPFB1, TRL =
                    101                 0                 3                 0                 0                 0                 3
     NAME OF DATA BLOCK WRITTEN ON FORTRAN UNIT IS OGPFB1  
        (MAXIMUM POSSIBLE FORTRAN RECORD SIZE =      131074 WORDS.)
     (MAXIMUM SIZE OF FORTRAN RECORDS WRITTEN =         640 WORDS.)
           (NUMBER OF FORTRAN RECORDS WRITTEN =          40 RECORDS.)
           (TOTAL DATA WRITTEN FOR DATA BLOCK =        2402 WORDS.)
1                                                                              JUNE  20, 2025  MSC Nastran 11/21/24   PAGE    75
                                                                                                                                    
0                                                                                                            SUBCASE 2              
0                                                                                                                                   
                                                                                                                                    
                                                                                                                                    
 *** USER INFORMATION MESSAGE 4114 (OUTPX2)
     DATA BLOCK OEF1X    WRITTEN ON FORTRAN UNIT    12 IN BINARY (LTLEND) FORMAT USING NDDL DESCRIPTION FOR OEF1X, TRL =
                    101                63                 6                20                25                 0                 3
     NAME OF DATA BLOCK WRITTEN ON FORTRAN UNIT IS OEF1X   
        (MAXIMUM POSSIBLE FORTRAN RECORD SIZE =      131074 WORDS.)
     (MAXIMUM SIZE OF FORTRAN RECORDS WRITTEN =         470 WORDS.)
           (NUMBER OF FORTRAN RECORDS WRITTEN =          40 RECORDS.)
           (TOTAL DATA WRITTEN FOR DATA BLOCK =        1897 WORDS.)
 *** USER INFORMATION MESSAGE 4114 (OUTPX2)
     DATA BLOCK OES1X1   WRITTEN ON FORTRAN UNIT    12 IN BINARY (LTLEND) FORMAT USING NDDL DESCRIPTION FOR OES1X1, TRL =
                    101                63                 6                20                25                 0                 3
     NAME OF DATA BLOCK WRITTEN ON FORTRAN UNIT IS OES1X1  
        (MAXIMUM POSSIBLE FORTRAN RECORD SIZE =      131074 WORDS.)
     (MAXIMUM SIZE OF FORTRAN RECORDS WRITTEN =         870 WORDS.)
           (NUMBER OF FORTRAN RECORDS WRITTEN =          40 RECORDS.)
           (TOTAL DATA WRITTEN FOR DATA BLOCK =        3097 WORDS.)
 *** USER INFORMATION MESSAGE 4114 (OUTPX2)
     DATA BLOCK OSTR1X   WRITTEN ON FORTRAN UNIT    12 IN BINARY (LTLEND) FORMAT USING NDDL DESCRIPTION FOR OSTR1X, TRL =
                    101                63                 6                20                25                 0                 3
     NAME OF DATA BLOCK WRITTEN ON FORTRAN UNIT IS OSTR1X  
        (MAXIMUM POSSIBLE FORTRAN RECORD SIZE =      131074 WORDS.)
     (MAXIMUM SIZE OF FORTRAN RECORDS WRITTEN =         870 WORDS.)
           (NUMBER OF FORTRAN RECORDS WRITTEN =          40 RECORDS.)
           (TOTAL DATA WRITTEN FOR DATA BLOCK =        3097 WORDS.)
 *** USER INFORMATION MESSAGE 4110 (OUTPX2)
                                 END-OF-DATA SIMULATION ON FORTRAN UNIT    12
                                 (MAXIMUM SIZE OF FORTRAN RECORDS WRITTEN =      1 WORDS.)
                                       (NUMBER OF FORTRAN RECORDS WRITTEN =      1 RECORDS.)
                                       (TOTAL DATA WRITTEN FOR EOF MARKER =      1 WORDS.)
1                                                                              JUNE  20, 2025  MSC Nastran 11/21/24   PAGE    76
                                                                                                                                    
0                                                                                                            SUBCASE 2              
 * * * *  D B D I C T   P R I N T  * * * *      SUBDMAP = PRTSUM  ,  DMAP STATEMENT NO.     75



0                                   * * * *  A N A L Y S I S  S U M M A R Y  T A B L E  * * * *
0 SEID  PEID PROJ VERS APRCH      SEMG SEMR SEKR SELG SELR MODES DYNRED SOLLIN SOLNL LOOPID DESIGN CYCLE SENSITIVITY
 -------------------------------------------------------------------------------------------------------------------
     0     0    1    1 '        '    T    T    T    T    T     T      F      T     F     -1            0           F
0SEID = SUPERELEMENT ID.
 PEID = PRIMARY SUPERELEMENT ID OF IMAGE SUPERELEMENT.
 PROJ = PROJECT ID NUMBER.
 VERS = VERSION ID.
 APRCH = BLANK FOR STRUCTURAL ANALYSIS.  HEAT FOR HEAT TRANSFER ANALYSIS.
 SEMG = STIFFNESS AND MASS MATRIX GENERATION STEP.
 SEMR = MASS MATRIX REDUCTION STEP (INCLUDES EIGENVALUE SOLUTION FOR MODES).
 SEKR = STIFFNESS MATRIX REDUCTION STEP.
 SELG = LOAD MATRIX GENERATION STEP.
 SELR = LOAD MATRIX REDUCTION STEP. 
 MODES = T (TRUE) IF NORMAL MODES OR BUCKLING MODES CALCULATED.
 DYNRED = T (TRUE) MEANS GENERALIZED DYNAMIC AND/OR COMPONENT MODE REDUCTION PERFORMED.
 SOLLIN = T (TRUE) IF LINEAR SOLUTION EXISTS IN DATABASE.
 LOOPID = THE LAST LOOPID VALUE USED IN THE NONLINEAR ANALYSIS.  USEFUL FOR RESTARTS.
 SOLNL = T (TRUE) IF NONLINEAR SOLUTION EXISTS IN DATABASE.
 DESIGN CYCLE = THE LAST DESIGN CYCLE (ONLY VALID IN OPTIMIZATION).
 SENSITIVITY = SENSITIVITY MATRIX GENERATION FLAG.
 
 No PARAM values were set in the Control File.
 
1                                        * * * END OF JOB * * *
 
 
 No Symbolic Replacement variables or values were specified.

