   604115553

 MYSTRAN Version 18.0.0   APR 20 2026 MYSTRAN developed by Dr Bill Case
*** Please report any problems to mystransolver@gmail.com ***                                                                                                                                                                                                   

 >> MYSTRAN BEGIN  :  6/ 4/2026 at 11:55:53.855 The input file is C:\Users\victo\Documents\Git\MYSTRAN_Validation\working\S30 mitc4 flat membrane normal force.bdf                                                                                                                                                                


 >> LINK  0 BEGIN


SOL 101                                                                                                                                                                                                                                                         
CEND                                                                                                                                                                                                                                                            
DISPLACEMENT = ALL                                                                                                                                                                                                                                              
SPCFORCES = ALL                                                                                                                                                                                                                                                 
MPCFORCES = ALL                                                                                                                                                                                                                                                 
STRESS(CORNER) = ALL                                                                                                                                                                                                                                            
STRAIN(CORNER) = ALL                                                                                                                                                                                                                                            
FORCE(CORNER) = ALL                                                                                                                                                                                                                                             
SPC = 1                                                                                                                                                                                                                                                         
LOAD = 1                                                                                                                                                                                                                                                        
BEGIN BULK                                                                                                                                                                                                                                                      
ECHO: loadb GRID           1       0   0.0+0   0.0+0   0.0+0       0                                                                                                                                                                                                        
ECHO: loadb GRID           2       0   3.0-2   0.0+0   0.0+0       0                                                                                                                                                                                                        
ECHO: loadb GRID           3       0   3.0-2   2.1-2   0.0+0       0                                                                                                                                                                                                        
ECHO: loadb GRID           4       0   0.0+0   2.1-2   0.0+0       0                                                                                                                                                                                                        
ECHO: loadb GRID           5       0   6.0-2   0.0+0   0.0+0       0                                                                                                                                                                                                        
ECHO: loadb GRID           6       0   9.0-2   0.0+0   0.0+0       0                                                                                                                                                                                                        
ECHO: loadb GRID           7       0   9.0-2   2.1-2   0.0+0       0                                                                                                                                                                                                        
ECHO: loadb GRID           8       0   6.0-2   2.1-2   0.0+0       0                                                                                                                                                                                                        
ECHO: loadb GRID           9       0   1.2-1   0.0+0   0.0+0       0                                                                                                                                                                                                        
ECHO: loadb GRID          10       0   1.5-1   0.0+0   0.0+0       0                                                                                                                                                                                                        
ECHO: loadb GRID          11       0   1.5-1   2.1-2   0.0+0       0                                                                                                                                                                                                        
ECHO: loadb GRID          12       0   1.2-1   2.1-2   0.0+0       0                                                                                                                                                                                                        
ECHO: loadb GRID          13       0   1.8-1   0.0+0   0.0+0       0                                                                                                                                                                                                        
ECHO: loadb GRID          14       0   2.1-1   0.0+0   0.0+0       0                                                                                                                                                                                                        
ECHO: loadb GRID          15       0   2.1-1   2.1-2   0.0+0       0                                                                                                                                                                                                        
ECHO: loadb GRID          16       0   1.8-1   2.1-2   0.0+0       0                                                                                                                                                                                                        
ECHO: loadb GRID          17       0  -1.0-1   0.0+0   2.8-1       0                                                                                                                                                                                                        
ECHO: loadb GRID          18       0  -1.0-1   0.0+0   3.1-1       0                                                                                                                                                                                                        
ECHO: loadb GRID          19       0  -1.0-1   2.1-2   3.1-1       0                                                                                                                                                                                                        
ECHO: loadb GRID          20       0  -1.0-1   2.1-2   2.8-1       0                                                                                                                                                                                                        
ECHO: loadb GRID          21       0  -1.0-1   0.0+0   2.2-1       0                                                                                                                                                                                                        
ECHO: loadb GRID          22       0  -1.0-1   0.0+0   2.5-1       0                                                                                                                                                                                                        
ECHO: loadb GRID          23       0  -1.0-1   2.1-2   2.5-1       0                                                                                                                                                                                                        
ECHO: loadb GRID          24       0  -1.0-1   2.1-2   2.2-1       0                                                                                                                                                                                                        
ECHO: loadb GRID          25       0  -1.0-1   0.0+0   1.6-1       0                                                                                                                                                                                                        
ECHO: loadb GRID          26       0  -1.0-1   0.0+0   1.9-1       0                                                                                                                                                                                                        
ECHO: loadb GRID          27       0  -1.0-1   2.1-2   1.9-1       0                                                                                                                                                                                                        
ECHO: loadb GRID          28       0  -1.0-1   2.1-2   1.6-1       0                                                                                                                                                                                                        
ECHO: loadb GRID          29       0  -1.0-1   0.0+0   1.0-1       0                                                                                                                                                                                                        
ECHO: loadb GRID          30       0  -1.0-1   0.0+0   1.3-1       0                                                                                                                                                                                                        
ECHO: loadb GRID          31       0  -1.0-1   2.1-2   1.3-1       0                                                                                                                                                                                                        
ECHO: loadb GRID          32       0  -1.0-1   2.1-2   1.0-1       0                                                                                                                                                                                                        
ECHO: loadb GRID*                 33               0-6.03073792141-3 3.42020143326-2*                                                                                                                                                                                       
ECHO: loadb *                  0.0+0               1                                                                                                                                                                                                                        
ECHO: loadb GRID*                 34               0 2.21600407022-2 4.44626186323-2*                                                                                                                                                                                       
ECHO: loadb *                  0.0+0               0                                                                                                                                                                                                                        
ECHO: loadb GRID*                 35               0 1.49776176923-2 6.41961636688-2*                                                                                                                                                                                       
ECHO: loadb *                  0.0+0               0                                                                                                                                                                                                                        
ECHO: loadb GRID*                 36               0-1.32131609312-2 5.39355593691-2*                                                                                                                                                                                       
ECHO: loadb *                  0.0+0               1                                                                                                                                                                                                                        
ECHO: loadb GRID*                 37               0 5.03508193257-2 5.47232229321-2*                                                                                                                                                                                       
ECHO: loadb *                  0.0+0               1                                                                                                                                                                                                                        
ECHO: loadb GRID*                 38               0 7.85415979493-2 6.49838272319-2*                                                                                                                                                                                       
ECHO: loadb *                  0.0+0               0                                                                                                                                                                                                                        
ECHO: loadb GRID*                 39               0 7.13591749395-2 8.47173722684-2*                                                                                                                                                                                       
ECHO: loadb *                  0.0+0               0                                                                                                                                                                                                                        
ECHO: loadb GRID*                 40               0 4.31683963159-2 7.44567679686-2*                                                                                                                                                                                       
ECHO: loadb *                  0.0+0               1                                                                                                                                                                                                                        
ECHO: loadb GRID*                 41               0 1.06732376573-1 7.52444315316-2*                                                                                                                                                                                       
ECHO: loadb *                  0.0+0               1                                                                                                                                                                                                                        
ECHO: loadb GRID*                 42               0 1.34923155196-1 8.55050358314-2*                                                                                                                                                                                       
ECHO: loadb *                  0.0+0               0                                                                                                                                                                                                                        
ECHO: loadb GRID*                 43               0 1.27740732187-1 1.05238580868-1*                                                                                                                                                                                       
ECHO: loadb *                  0.0+0               0                                                                                                                                                                                                                        
ECHO: loadb GRID*                 44               0 9.95499535631-2 9.49779765682-2*                                                                                                                                                                                       
ECHO: loadb *                  0.0+0               1                                                                                                                                                                                                                        
ECHO: loadb GRID*                 45               0  1.6311393382-1 9.57656401312-2*                                                                                                                                                                                       
ECHO: loadb *                  0.0+0               1                                                                                                                                                                                                                        
ECHO: loadb GRID*                 46               0 1.91304712444-1 1.06026244431-1*                                                                                                                                                                                       
ECHO: loadb *                  0.0+0               0                                                                                                                                                                                                                        
ECHO: loadb GRID*                 47               0 1.84122289434-1 1.25759789467-1*                                                                                                                                                                                       
ECHO: loadb *                  0.0+0               0                                                                                                                                                                                                                        
ECHO: loadb GRID*                 48               0  1.5593151081-1 1.15499185168-1*                                                                                                                                                                                       
ECHO: loadb *                  0.0+0               1                                                                                                                                                                                                                        
ECHO: loadb PARAM   QUAD4TYP  MITC4+                                                                                                                                                                                                                                        
ECHO: loadb PARAM    STR_CID      -2                                                                                                                                                                                                                                        
ECHO: loadb MAT1*                  1          2.0+11 7.1428571429+10           4.0-1*                                                                                                                                                                                       
ECHO: loadb *                  0.0+0           0.0+0           0.0+0                                                                                                                                                                                                        
ECHO: loadb CORD2R*                1               0           0.0+0           0.0+0*                                                                                                                                                                                       
ECHO: loadb *                  0.0+0           0.0+0           0.0+0           1.0+0*                                                                                                                                                                                       
ECHO nextc2: *        9.39692620786-1 3.42020143326-1           0.0+0                *                                                                                                                                                                                       
ECHO nextc2: *                                                                                                                                                                                                                                                               
ECHO: loadb SPC            1       1       2   0.0+0                                                                                                                                                                                                                        
ECHO: loadb SPC            1       1       3   0.0+0                                                                                                                                                                                                                        
ECHO: loadb SPC            1       1       1   0.0+0                                                                                                                                                                                                                        
ECHO: loadb SPC            1       1       5   0.0+0                                                                                                                                                                                                                        
ECHO: loadb SPC            1       1       6   0.0+0                                                                                                                                                                                                                        
ECHO: loadb SPC            1       4       1   0.0+0                                                                                                                                                                                                                        
ECHO: loadb SPC            1       4       3   0.0+0                                                                                                                                                                                                                        
ECHO: loadb SPC            1       4       5   0.0+0                                                                                                                                                                                                                        
ECHO: loadb SPC            1       4       6   0.0+0                                                                                                                                                                                                                        
ECHO: loadb SPC            1       5       2   0.0+0                                                                                                                                                                                                                        
ECHO: loadb SPC            1       5       3   0.0+0                                                                                                                                                                                                                        
ECHO: loadb SPC            1       5       1   0.0+0                                                                                                                                                                                                                        
ECHO: loadb SPC            1       5       5   0.0+0                                                                                                                                                                                                                        
ECHO: loadb SPC            1       5       6   0.0+0                                                                                                                                                                                                                        
ECHO: loadb SPC            1       8       1   0.0+0                                                                                                                                                                                                                        
ECHO: loadb SPC            1       8       3   0.0+0                                                                                                                                                                                                                        
ECHO: loadb SPC            1       8       5   0.0+0                                                                                                                                                                                                                        
ECHO: loadb SPC            1       8       6   0.0+0                                                                                                                                                                                                                        
ECHO: loadb SPC            1       9       2   0.0+0                                                                                                                                                                                                                        
ECHO: loadb SPC            1       9       3   0.0+0                                                                                                                                                                                                                        
ECHO: loadb SPC            1       9       1   0.0+0                                                                                                                                                                                                                        
ECHO: loadb SPC            1       9       5   0.0+0                                                                                                                                                                                                                        
ECHO: loadb SPC            1       9       6   0.0+0                                                                                                                                                                                                                        
ECHO: loadb SPC            1      12       1   0.0+0                                                                                                                                                                                                                        
ECHO: loadb SPC            1      12       3   0.0+0                                                                                                                                                                                                                        
ECHO: loadb SPC            1      12       5   0.0+0                                                                                                                                                                                                                        
ECHO: loadb SPC            1      12       6   0.0+0                                                                                                                                                                                                                        
ECHO: loadb SPC            1      13       2   0.0+0                                                                                                                                                                                                                        
ECHO: loadb SPC            1      13       3   0.0+0                                                                                                                                                                                                                        
ECHO: loadb SPC            1      13       1   0.0+0                                                                                                                                                                                                                        
ECHO: loadb SPC            1      13       5   0.0+0                                                                                                                                                                                                                        
ECHO: loadb SPC            1      13       6   0.0+0                                                                                                                                                                                                                        
ECHO: loadb SPC            1      16       1   0.0+0                                                                                                                                                                                                                        
ECHO: loadb SPC            1      16       3   0.0+0                                                                                                                                                                                                                        
ECHO: loadb SPC            1      16       5   0.0+0                                                                                                                                                                                                                        
ECHO: loadb SPC            1      16       6   0.0+0                                                                                                                                                                                                                        
ECHO: loadb SPC            1      17       2   0.0+0                                                                                                                                                                                                                        
ECHO: loadb SPC            1      17       1   0.0+0                                                                                                                                                                                                                        
ECHO: loadb SPC            1      17       3   0.0+0                                                                                                                                                                                                                        
ECHO: loadb SPC            1      17       5   0.0+0                                                                                                                                                                                                                        
ECHO: loadb SPC            1      17       4   0.0+0                                                                                                                                                                                                                        
ECHO: loadb SPC            1      20       3   0.0+0                                                                                                                                                                                                                        
ECHO: loadb SPC            1      20       1   0.0+0                                                                                                                                                                                                                        
ECHO: loadb SPC            1      20       5   0.0+0                                                                                                                                                                                                                        
ECHO: loadb SPC            1      20       4   0.0+0                                                                                                                                                                                                                        
ECHO: loadb SPC            1      21       2   0.0+0                                                                                                                                                                                                                        
ECHO: loadb SPC            1      21       1   0.0+0                                                                                                                                                                                                                        
ECHO: loadb SPC            1      21       3   0.0+0                                                                                                                                                                                                                        
ECHO: loadb SPC            1      21       5   0.0+0                                                                                                                                                                                                                        
ECHO: loadb SPC            1      21       4   0.0+0                                                                                                                                                                                                                        
ECHO: loadb SPC            1      24       3   0.0+0                                                                                                                                                                                                                        
ECHO: loadb SPC            1      24       1   0.0+0                                                                                                                                                                                                                        
ECHO: loadb SPC            1      24       5   0.0+0                                                                                                                                                                                                                        
ECHO: loadb SPC            1      24       4   0.0+0                                                                                                                                                                                                                        
ECHO: loadb SPC            1      25       2   0.0+0                                                                                                                                                                                                                        
ECHO: loadb SPC            1      25       1   0.0+0                                                                                                                                                                                                                        
ECHO: loadb SPC            1      25       3   0.0+0                                                                                                                                                                                                                        
ECHO: loadb SPC            1      25       5   0.0+0                                                                                                                                                                                                                        
ECHO: loadb SPC            1      25       4   0.0+0                                                                                                                                                                                                                        
ECHO: loadb SPC            1      28       3   0.0+0                                                                                                                                                                                                                        
ECHO: loadb SPC            1      28       1   0.0+0                                                                                                                                                                                                                        
ECHO: loadb SPC            1      28       5   0.0+0                                                                                                                                                                                                                        
ECHO: loadb SPC            1      28       4   0.0+0                                                                                                                                                                                                                        
ECHO: loadb SPC            1      29       2   0.0+0                                                                                                                                                                                                                        
ECHO: loadb SPC            1      29       1   0.0+0                                                                                                                                                                                                                        
ECHO: loadb SPC            1      29       3   0.0+0                                                                                                                                                                                                                        
ECHO: loadb SPC            1      29       5   0.0+0                                                                                                                                                                                                                        
ECHO: loadb SPC            1      29       4   0.0+0                                                                                                                                                                                                                        
ECHO: loadb SPC            1      32       3   0.0+0                                                                                                                                                                                                                        
ECHO: loadb SPC            1      32       1   0.0+0                                                                                                                                                                                                                        
ECHO: loadb SPC            1      32       5   0.0+0                                                                                                                                                                                                                        
ECHO: loadb SPC            1      32       4   0.0+0                                                                                                                                                                                                                        
ECHO: loadb SPC            1      33       2   0.0+0                                                                                                                                                                                                                        
ECHO: loadb SPC            1      33       3   0.0+0                                                                                                                                                                                                                        
ECHO: loadb SPC            1      33       1   0.0+0                                                                                                                                                                                                                        
ECHO: loadb SPC            1      33       5   0.0+0                                                                                                                                                                                                                        
ECHO: loadb SPC            1      33       6   0.0+0                                                                                                                                                                                                                        
ECHO: loadb SPC            1      36       1   0.0+0                                                                                                                                                                                                                        
ECHO: loadb SPC            1      36       3   0.0+0                                                                                                                                                                                                                        
ECHO: loadb SPC            1      36       5   0.0+0                                                                                                                                                                                                                        
ECHO: loadb SPC            1      36       6   0.0+0                                                                                                                                                                                                                        
ECHO: loadb SPC            1      37       2   0.0+0                                                                                                                                                                                                                        
ECHO: loadb SPC            1      37       3   0.0+0                                                                                                                                                                                                                        
ECHO: loadb SPC            1      37       1   0.0+0                                                                                                                                                                                                                        
ECHO: loadb SPC            1      37       5   0.0+0                                                                                                                                                                                                                        
ECHO: loadb SPC            1      37       6   0.0+0                                                                                                                                                                                                                        
ECHO: loadb SPC            1      40       1   0.0+0                                                                                                                                                                                                                        
ECHO: loadb SPC            1      40       3   0.0+0                                                                                                                                                                                                                        
ECHO: loadb SPC            1      40       5   0.0+0                                                                                                                                                                                                                        
ECHO: loadb SPC            1      40       6   0.0+0                                                                                                                                                                                                                        
ECHO: loadb SPC            1      41       2   0.0+0                                                                                                                                                                                                                        
ECHO: loadb SPC            1      41       3   0.0+0                                                                                                                                                                                                                        
ECHO: loadb SPC            1      41       1   0.0+0                                                                                                                                                                                                                        
ECHO: loadb SPC            1      41       5   0.0+0                                                                                                                                                                                                                        
ECHO: loadb SPC            1      41       6   0.0+0                                                                                                                                                                                                                        
ECHO: loadb SPC            1      44       1   0.0+0                                                                                                                                                                                                                        
ECHO: loadb SPC            1      44       3   0.0+0                                                                                                                                                                                                                        
ECHO: loadb SPC            1      44       5   0.0+0                                                                                                                                                                                                                        
ECHO: loadb SPC            1      44       6   0.0+0                                                                                                                                                                                                                        
ECHO: loadb SPC            1      45       2   0.0+0                                                                                                                                                                                                                        
ECHO: loadb SPC            1      45       3   0.0+0                                                                                                                                                                                                                        
ECHO: loadb SPC            1      45       1   0.0+0                                                                                                                                                                                                                        
ECHO: loadb SPC            1      45       5   0.0+0                                                                                                                                                                                                                        
ECHO: loadb SPC            1      45       6   0.0+0                                                                                                                                                                                                                        
ECHO: loadb SPC            1      48       1   0.0+0                                                                                                                                                                                                                        
ECHO: loadb SPC            1      48       3   0.0+0                                                                                                                                                                                                                        
ECHO: loadb SPC            1      48       5   0.0+0                                                                                                                                                                                                                        
ECHO: loadb SPC            1      48       6   0.0+0                                                                                                                                                                                                                        
ECHO: loadb PSHELL         2       1   1.0-3       1               1           0.0+0                                                                                                                                                                                        
ECHO: loadb CQUAD4         1       2       1       2       3       4   0.0+0   0.0+0                                                                                                                                                                                        
ECHO: loadb CQUAD4         2       2       6       7       8       5   0.0+0   0.0+0                                                                                                                                                                                        
ECHO: loadb CQUAD4         3       2      11      12       9      10   0.0+0   0.0+0                                                                                                                                                                                        
ECHO: loadb CQUAD4         4       2      16      13      14      15   0.0+0   0.0+0                                                                                                                                                                                        
ECHO: loadb CQUAD4         5       2      20      17      18      19   0.0+0   0.0+0                                                                                                                                                                                        
ECHO: loadb CQUAD4         6       2      23      24      21      22   0.0+0   0.0+0                                                                                                                                                                                        
ECHO: loadb CQUAD4         7       2      26      27      28      25   0.0+0   0.0+0                                                                                                                                                                                        
ECHO: loadb CQUAD4         8       2      29      30      31      32   0.0+0   0.0+0                                                                                                                                                                                        
ECHO: loadb CQUAD4         9       2      33      34      35      36   0.0+0   0.0+0                                                                                                                                                                                        
ECHO: loadb CQUAD4        10       2      38      39      40      37   0.0+0   0.0+0                                                                                                                                                                                        
ECHO: loadb CQUAD4        11       2      43      44      41      42   0.0+0   0.0+0                                                                                                                                                                                        
ECHO: loadb CQUAD4        12       2      48      45      46      47   0.0+0   0.0+0                                                                                                                                                                                        
ECHO: loadb FORCE          2       2       0   1.0+0  5.25+2   0.0+0   0.0+0                                                                                                                                                                                                
ECHO: loadb FORCE          2       3       0   1.0+0  5.25+2   0.0+0   0.0+0                                                                                                                                                                                                
ECHO: loadb FORCE          2       6       0   1.0+0  5.25+2   0.0+0   0.0+0                                                                                                                                                                                                
ECHO: loadb FORCE          2       7       0   1.0+0  5.25+2   0.0+0   0.0+0                                                                                                                                                                                                
ECHO: loadb FORCE          2      11       0   1.0+0  5.25+2   0.0+0   0.0+0                                                                                                                                                                                                
ECHO: loadb FORCE          2      10       0   1.0+0  5.25+2   0.0+0   0.0+0                                                                                                                                                                                                
ECHO: loadb FORCE          2      14       0   1.0+0  5.25+2   0.0+0   0.0+0                                                                                                                                                                                                
ECHO: loadb FORCE          2      15       0   1.0+0  5.25+2   0.0+0   0.0+0                                                                                                                                                                                                
ECHO: loadb FORCE          2      30       0   1.0+0   0.0+0   0.0+0  5.25+2                                                                                                                                                                                                
ECHO: loadb FORCE          2      31       0   1.0+0   0.0+0   0.0+0  5.25+2                                                                                                                                                                                                
ECHO: loadb FORCE          2      26       0   1.0+0   0.0+0   0.0+0  5.25+2                                                                                                                                                                                                
ECHO: loadb FORCE          2      27       0   1.0+0   0.0+0   0.0+0  5.25+2                                                                                                                                                                                                
ECHO: loadb FORCE          2      23       0   1.0+0   0.0+0   0.0+0  5.25+2                                                                                                                                                                                                
ECHO: loadb FORCE          2      22       0   1.0+0   0.0+0   0.0+0  5.25+2                                                                                                                                                                                                
ECHO: loadb FORCE          2      18       0   1.0+0   0.0+0   0.0+0  5.25+2                                                                                                                                                                                                
ECHO: loadb FORCE          2      19       0   1.0+0   0.0+0   0.0+0  5.25+2                                                                                                                                                                                                
ECHO: loadb FORCE*                 2              34               0           1.0+0*                                                                                                                                                                                       
ECHO: loadb *        4.93338625913+2 1.79560575246+2           0.0+0                                                                                                                                                                                                        
ECHO: loadb FORCE*                 2              35               0           1.0+0*                                                                                                                                                                                       
ECHO: loadb *        4.93338625913+2 1.79560575246+2           0.0+0                                                                                                                                                                                                        
ECHO: loadb FORCE*                 2              38               0           1.0+0*                                                                                                                                                                                       
ECHO: loadb *        4.93338625913+2 1.79560575246+2           0.0+0                                                                                                                                                                                                        
ECHO: loadb FORCE*                 2              39               0           1.0+0*                                                                                                                                                                                       
ECHO: loadb *        4.93338625913+2 1.79560575246+2           0.0+0                                                                                                                                                                                                        
ECHO: loadb FORCE*                 2              43               0           1.0+0*                                                                                                                                                                                       
ECHO: loadb *        4.93338625913+2 1.79560575246+2           0.0+0                                                                                                                                                                                                        
ECHO: loadb FORCE*                 2              42               0           1.0+0*                                                                                                                                                                                       
ECHO: loadb *        4.93338625913+2 1.79560575246+2           0.0+0                                                                                                                                                                                                        
ECHO: loadb FORCE*                 2              46               0           1.0+0*                                                                                                                                                                                       
ECHO: loadb *        4.93338625913+2 1.79560575246+2           0.0+0                                                                                                                                                                                                        
ECHO: loadb FORCE*                 2              47               0           1.0+0*                                                                                                                                                                                       
ECHO: loadb *        4.93338625913+2 1.79560575246+2           0.0+0                                                                                                                                                                                                        
ECHO: loadb LOAD           1   1.0+0   1.0+0       2                                                                                                                                                                                                                        
ECHO: loadb ENDDATA                                                                                                                                                                                                                                                         




 >> LINK  0 END


 >> LINK  1 BEGIN

               DEALLOCATED  1.11E-01 MB MEMORY FROM ARRAY STF3


 *INFORMATION: AUTOSPC Summary, Stage 1 after identification of AUTOSPC's at the grid level                                                 

                                     AUTOSPC_RAT = 1.000000E-08

                       Number of DOF's identified for AUTOSPC in component  1         =            0
                       Number of DOF's identified for AUTOSPC in component  2         =            0
                       Number of DOF's identified for AUTOSPC in component  3         =            0
                       Number of DOF's identified for AUTOSPC in component  4         =            8
                       Number of DOF's identified for AUTOSPC in component  5         =            0
                       Number of DOF's identified for AUTOSPC in component  6         =           16
                                                                                        ------------
                       Total number of DOF's identified in this stage                 =           24

               DEALLOCATED  1.15E-03 MB MEMORY FROM ARRAY STFKEY
               DEALLOCATED  1.11E-01 MB MEMORY FROM ARRAY STF3

 >> LINK  1 END


 >> LINK  2 BEGIN



 *INFORMATION: AUTOSPC Summary, Overall: after identification of all AUTOSPC's                                                               

                                     AUTOSPC_RAT = 1.000000E-08

                       Number of DOF's identified for AUTOSPC in component  1         =            0
                       Number of DOF's identified for AUTOSPC in component  2         =            0
                       Number of DOF's identified for AUTOSPC in component  3         =            0
                       Number of DOF's identified for AUTOSPC in component  4         =            8
                       Number of DOF's identified for AUTOSPC in component  5         =            0
                       Number of DOF's identified for AUTOSPC in component  6         =           16
                                                                                        ------------
                       Total number of DOF's identified overall                       =           24


 >> LINK  2 END


 >> LINK  3 BEGIN

 SUPERLU FACTORIZATION OF MATRIX KLL SUCCEEDED IN SUBR SYM_MAT_DECOMP_SUPRLU          

 *INFORMATION: FOR INTERNAL SUBCASE NUMBER        1 EPSILON ERROR ESTIMATE            =  2.412007E-17 Based on U'*(K*U - P)/(U'*P)


 >> LINK  3 END


 >> LINK  5 BEGIN


 >> LINK  5 END


 >> LINK  9 BEGIN



 OUTPUT FOR SUBCASE        1

                                                       D I S P L A C E M E N T S
                                              (in global coordinate system at each grid)
           GRID     COORD      T1            T2            T3            R1            R2            R3
                     SYS
              1        0  0.0           0.0           0.0           0.0           0.0           0.0         
              2        0  7.500000E-06  2.568325E-21  0.0           0.0           0.0           0.0         
              3        0  7.500000E-06 -2.100000E-06  0.0           0.0           0.0           0.0         
              4        0  0.0          -2.100000E-06  0.0           0.0           0.0           0.0         
              5        0  0.0           0.0           0.0           0.0           0.0           0.0         
              6        0  7.500000E-06  7.191310E-21  0.0           0.0           0.0           0.0         
              7        0  7.500000E-06 -2.100000E-06  0.0           0.0           0.0           0.0         
              8        0  0.0          -2.100000E-06  0.0           0.0           0.0           0.0         
              9        0  0.0           0.0           0.0           0.0           0.0           0.0         
             10        0  7.500000E-06  7.704975E-22  0.0           0.0           0.0           0.0         
             11        0  7.500000E-06 -2.100000E-06  0.0           0.0           0.0           0.0         
             12        0  0.0          -2.100000E-06  0.0           0.0           0.0           0.0         
             13        0  0.0           0.0           0.0           0.0           0.0           0.0         
             14        0  7.500000E-06  0.0           0.0           0.0           0.0           0.0         
             15        0  7.500000E-06 -2.100000E-06  0.0           0.0           0.0           0.0         
             16        0  0.0          -2.100000E-06  0.0           0.0           0.0           0.0         
             17        0  0.0           0.0           0.0           0.0           0.0           0.0         
             18        0  0.0           8.742092E-22  7.500000E-06  0.0           0.0           0.0         
             19        0  0.0          -2.100000E-06  7.500000E-06  0.0           0.0           0.0         
             20        0  0.0          -2.100000E-06  0.0           0.0           0.0           0.0         
             21        0  0.0           0.0           0.0           0.0           0.0           0.0         
             22        0  0.0          -2.622627E-21  7.500000E-06  0.0           0.0           0.0         
             23        0  0.0          -2.100000E-06  7.500000E-06  0.0           0.0           0.0         
             24        0  0.0          -2.100000E-06  0.0           0.0           0.0           0.0         
             25        0  0.0           0.0           0.0           0.0           0.0           0.0         
             26        0  0.0           2.622627E-21  7.500000E-06  0.0           0.0           0.0         
             27        0  0.0          -2.100000E-06  7.500000E-06  0.0           0.0           0.0         
             28        0  0.0          -2.100000E-06  0.0           0.0           0.0           0.0         
             29        0  0.0           0.0           0.0           0.0           0.0           0.0         
             30        0  0.0          -4.371046E-22  7.500000E-06  0.0           0.0           0.0         
             31        0  0.0          -2.100000E-06  7.500000E-06  0.0           0.0           0.0         
             32        0  0.0          -2.100000E-06  0.0           0.0           0.0           0.0         
             33        1  0.0           0.0           0.0           0.0           0.0           0.0         
             34        0  7.047695E-06  2.565151E-06  0.0           0.0           0.0           0.0         
             35        0  7.765937E-06  5.917966E-07  0.0           0.0           0.0           0.0         
             36        1  0.0          -2.100000E-06  0.0           0.0           0.0           0.0         
             37        1  0.0           0.0           0.0           0.0           0.0           0.0         
             38        0  7.047695E-06  2.565151E-06  0.0           0.0           0.0           0.0         
             39        0  7.765937E-06  5.917966E-07  0.0           0.0           0.0           0.0         
             40        1  0.0          -2.100000E-06  0.0           0.0           0.0           0.0         
             41        1  0.0           0.0           0.0           0.0           0.0           0.0         
             42        0  7.047695E-06  2.565151E-06  0.0           0.0           0.0           0.0         
             43        0  7.765937E-06  5.917966E-07  0.0           0.0           0.0           0.0         
             44        1  0.0          -2.100000E-06  0.0           0.0           0.0           0.0         
             45        1  0.0           0.0           0.0           0.0           0.0           0.0         
             46        0  7.047695E-06  2.565151E-06  0.0           0.0           0.0           0.0         
             47        0  7.765937E-06  5.917966E-07  0.0           0.0           0.0           0.0         
             48        1  0.0          -2.100000E-06  0.0           0.0           0.0           0.0         
                         ------------- ------------- ------------- ------------- ------------- -------------
                MAX* :    7.765937E-06  2.565151E-06  7.500000E-06  0.0           0.0           0.0         
                MIN* :    0.0          -2.100000E-06  0.0           0.0           0.0           0.0         

                ABS* :    7.765937E-06  2.565151E-06  7.500000E-06  0.0           0.0           0.0         
                *for output set


 OUTPUT FOR SUBCASE        1

                                                          S P C   F O R C E S
                                              (in global coordinate system at each grid)
           GRID     COORD      T1            T2            T3            R1            R2            R3
                     SYS
              1        0 -5.250000E+02 -2.842171E-13  0.0           0.0           0.0           0.0         
              4        0 -5.250000E+02  0.0           0.0           0.0           0.0           0.0         
              5        0 -5.250000E+02 -5.684342E-14  0.0           0.0           0.0           0.0         
              8        0 -5.250000E+02  0.0           0.0           0.0           0.0           0.0         
              9        0 -5.250000E+02 -2.842171E-14  0.0           0.0           0.0           0.0         
             12        0 -5.250000E+02  0.0           0.0           0.0           0.0           0.0         
             13        0 -5.250000E+02 -2.842171E-14  0.0           0.0           0.0           0.0         
             16        0 -5.250000E+02  0.0           0.0           0.0           0.0           0.0         
             17        0  0.0          -5.684342E-14 -5.250000E+02  0.0           0.0           0.0         
             20        0  0.0           0.0          -5.250000E+02  0.0           0.0           0.0         
             21        0  0.0           2.842171E-14 -5.250000E+02  0.0           0.0           0.0         
             24        0  0.0           0.0          -5.250000E+02  0.0           0.0           0.0         
             25        0  0.0           5.684342E-14 -5.250000E+02  0.0           0.0           0.0         
             28        0  0.0           0.0          -5.250000E+02  0.0           0.0           0.0         
             29        0  0.0          -1.136868E-13 -5.250000E+02  0.0           0.0           0.0         
             32        0  0.0           0.0          -5.250000E+02  0.0           0.0           0.0         
             33        1 -5.250000E+02  5.213394E-10  0.0           0.0           0.0           0.0         
             36        1 -5.250000E+02  0.0           0.0           0.0           0.0           0.0         
             37        1 -5.250000E+02  5.212542E-10  0.0           0.0           0.0           0.0         
             40        1 -5.250000E+02  0.0           0.0           0.0           0.0           0.0         
             41        1 -5.250000E+02  5.210268E-10  0.0           0.0           0.0           0.0         
             44        1 -5.250000E+02  0.0           0.0           0.0           0.0           0.0         
             45        1 -5.250000E+02  5.215099E-10  0.0           0.0           0.0           0.0         
             48        1 -5.250000E+02  0.0           0.0           0.0           0.0           0.0         
                         ------------- ------------- ------------- ------------- ------------- -------------
                MAX* :    0.0           5.215099E-10  0.0           0.0           0.0           0.0         
                MIN* :   -5.250000E+02 -2.842171E-13 -5.250000E+02  0.0           0.0           0.0         

                ABS* :    5.250000E+02  5.215099E-10  5.250000E+02  0.0           0.0           0.0         
                *for output set
                         ------------- ------------- ------------- ------------- ------------- -------------
     SPC FORCE TOTALS: not printed since all grids do not have the same global coordinate system

                                                    SPC Force Summary on AUTOSPC'd DOF's
                                                 (in global coordinate system at each grid)
        For detailed information on the SPC forces for the AUTOSPC DOF's, set field 7 (AUTOSPC_SPCF) on the PARAM AUTOSPC entry to Y

                              T1             T2             T3             R1             R2             R3

 ABS AUTOSPC FORCES  :   0.000000E+00   0.000000E+00   0.000000E+00   0.000000E+00   0.000000E+00   0.000000E+00
                       -------------- -------------- -------------- -------------- -------------- --------------
 AUTOSPC FORCE TOTALS: not printed since all grids do not have the same global coordinate system


 OUTPUT FOR SUBCASE        1

                                                       E L E M E N T   E N G I N E E R I N G   F O R C E S
                                                           F O R   E L E M E N T   T Y P E   Q U A D 4  
  Element Location               N o r m a l   F o r c e s                       M o m e n t s                   T r a n s v e r s e
     ID                                                                                                        S h e a r   F o r c e s
                              Nxx           Nyy           Nxy           Mxx           Myy           Mxy            Qx           Qy
        1                 5.000000E+04  7.450581E-12  2.420094E-12  0.000000E+00  0.000000E+00  0.000000E+00  0.000000E+00  0.000000E+00
           GRD       1    5.000000E+04  2.035536E-11  6.683026E-12  0.000000E+00  0.000000E+00  0.000000E+00  0.000000E+00  0.000000E+00
           GRD       2    5.000000E+04 -5.454204E-12 -2.373537E-14  0.000000E+00  0.000000E+00  0.000000E+00  0.000000E+00  0.000000E+00
           GRD       3    5.000000E+04 -5.454204E-12 -5.472979E-12  0.000000E+00  0.000000E+00  0.000000E+00  0.000000E+00  0.000000E+00
           GRD       4    5.000000E+04  2.035536E-11  1.233782E-12  0.000000E+00  0.000000E+00  0.000000E+00  0.000000E+00  0.000000E+00
        2                 0.000000E+00  5.000000E+04 -1.452056E-12  0.000000E+00  0.000000E+00  0.000000E+00  0.000000E+00  0.000000E+00
           GRD       6    1.290478E-11  5.000000E+04  1.371487E-11  0.000000E+00  0.000000E+00  0.000000E+00  0.000000E+00  0.000000E+00
           GRD       7   -1.935718E-11  5.000000E+04  1.476280E-11  0.000000E+00  0.000000E+00  0.000000E+00  0.000000E+00  0.000000E+00
           GRD       8   -1.290478E-11  5.000000E+04 -1.625597E-11  0.000000E+00  0.000000E+00  0.000000E+00  0.000000E+00  0.000000E+00
           GRD       5    1.935718E-11  5.000000E+04 -1.730390E-11  0.000000E+00  0.000000E+00  0.000000E+00  0.000000E+00  0.000000E+00
        3                 5.000000E+04 -3.725290E-12  2.853334E-12  0.000000E+00  0.000000E+00  0.000000E+00  0.000000E+00  0.000000E+00
           GRD      11    5.000000E+04 -1.017768E-11  4.693120E-12  0.000000E+00  0.000000E+00  0.000000E+00  0.000000E+00  0.000000E+00
           GRD      12    5.000000E+04  2.727102E-12 -1.175296E-12  0.000000E+00  0.000000E+00  0.000000E+00  0.000000E+00  0.000000E+00
           GRD       9    5.000000E+04  2.727102E-12  1.497567E-12  0.000000E+00  0.000000E+00  0.000000E+00  0.000000E+00  0.000000E+00
           GRD      10    5.000000E+04 -1.017768E-11  7.365983E-12  0.000000E+00  0.000000E+00  0.000000E+00  0.000000E+00  0.000000E+00
        4                -3.725290E-12  5.000000E+04  0.000000E+00  0.000000E+00  0.000000E+00  0.000000E+00  0.000000E+00  0.000000E+00
           GRD      16    1.363551E-12  5.000000E+04 -1.080355E-12  0.000000E+00  0.000000E+00  0.000000E+00  0.000000E+00  0.000000E+00
           GRD      13   -5.088841E-12  5.000000E+04 -2.420094E-13  0.000000E+00  0.000000E+00  0.000000E+00  0.000000E+00  0.000000E+00
           GRD      14   -5.088841E-12  5.000000E+04  5.963358E-13  0.000000E+00  0.000000E+00  0.000000E+00  0.000000E+00  0.000000E+00
           GRD      15    1.363551E-12  5.000000E+04 -2.420094E-13  0.000000E+00  0.000000E+00  0.000000E+00  0.000000E+00  0.000000E+00
        5                 7.450581E-12  5.000000E+04 -1.936075E-12  0.000000E+00  0.000000E+00  0.000000E+00  0.000000E+00  0.000000E+00
           GRD      20    1.154123E-11  5.000000E+04  3.318630E-12  0.000000E+00  0.000000E+00  0.000000E+00  0.000000E+00  0.000000E+00
           GRD      17   -1.363551E-12  5.000000E+04 -1.711441E-12  0.000000E+00  0.000000E+00  0.000000E+00  0.000000E+00  0.000000E+00
           GRD      18   -7.815943E-12  5.000000E+04 -1.009489E-11  0.000000E+00  0.000000E+00  0.000000E+00  0.000000E+00  0.000000E+00
           GRD      19    5.088841E-12  5.000000E+04 -5.064822E-12  0.000000E+00  0.000000E+00  0.000000E+00  0.000000E+00  0.000000E+00
        6                 5.000000E+04 -7.450581E-12 -3.122176E-12  0.000000E+00  0.000000E+00  0.000000E+00  0.000000E+00  0.000000E+00
           GRD      23    5.000000E+04 -5.088841E-12 -5.531466E-12  0.000000E+00  0.000000E+00  0.000000E+00  0.000000E+00  0.000000E+00
           GRD      24    5.000000E+04  1.426834E-11 -6.369811E-12  0.000000E+00  0.000000E+00  0.000000E+00  0.000000E+00  0.000000E+00
           GRD      21    5.000000E+04  1.363551E-12 -5.069055E-12  0.000000E+00  0.000000E+00  0.000000E+00  0.000000E+00  0.000000E+00
           GRD      22    5.000000E+04 -1.799363E-11 -4.230710E-12  0.000000E+00  0.000000E+00  0.000000E+00  0.000000E+00  0.000000E+00
        7                -7.450581E-12  5.000000E+04 -1.936075E-12  0.000000E+00  0.000000E+00  0.000000E+00  0.000000E+00  0.000000E+00
           GRD      26    2.727102E-12  5.000000E+04  5.791702E-12  0.000000E+00  0.000000E+00  0.000000E+00  0.000000E+00  0.000000E+00
           GRD      27   -1.017768E-11  5.000000E+04  6.420461E-12  0.000000E+00  0.000000E+00  0.000000E+00  0.000000E+00  0.000000E+00
           GRD      28   -1.017768E-11  5.000000E+04 -6.154717E-12  0.000000E+00  0.000000E+00  0.000000E+00  0.000000E+00  0.000000E+00
           GRD      25    2.727102E-12  5.000000E+04 -6.783476E-12  0.000000E+00  0.000000E+00  0.000000E+00  0.000000E+00  0.000000E+00
        8                 5.000000E+04  0.000000E+00 -4.840188E-13  0.000000E+00  0.000000E+00  0.000000E+00  0.000000E+00  0.000000E+00
           GRD      29    5.000000E+04  1.017768E-11  5.141141E-13  0.000000E+00  0.000000E+00  0.000000E+00  0.000000E+00  0.000000E+00
           GRD      30    5.000000E+04 -2.727102E-12 -3.242311E-13  0.000000E+00  0.000000E+00  0.000000E+00  0.000000E+00  0.000000E+00
           GRD      31    5.000000E+04 -2.727102E-12 -5.354302E-12  0.000000E+00  0.000000E+00  0.000000E+00  0.000000E+00  0.000000E+00
           GRD      32    5.000000E+04  1.017768E-11 -4.515957E-12  0.000000E+00  0.000000E+00  0.000000E+00  0.000000E+00  0.000000E+00
        9                 5.000000E+04 -8.687377E-09  4.882927E-08  0.000000E+00  0.000000E+00  0.000000E+00  0.000000E+00  0.000000E+00
           GRD      33    5.000000E+04  6.025184E-08  1.422649E-07  0.000000E+00  0.000000E+00  0.000000E+00  0.000000E+00  0.000000E+00
           GRD      34    5.000000E+04  1.057154E-07 -5.415185E-08  0.000000E+00  0.000000E+00  0.000000E+00  0.000000E+00  0.000000E+00
           GRD      35    5.000000E+04 -7.762287E-08 -4.460792E-08  0.000000E+00  0.000000E+00  0.000000E+00  0.000000E+00  0.000000E+00
           GRD      36    5.000000E+04 -1.230864E-07  1.518088E-07  0.000000E+00  0.000000E+00  0.000000E+00  0.000000E+00  0.000000E+00
       10                -8.691102E-09  5.000000E+04  5.954234E-09  0.000000E+00  0.000000E+00  0.000000E+00  0.000000E+00  0.000000E+00
           GRD      38   -3.352766E-08  5.000000E+04 -4.024469E-08  0.000000E+00  0.000000E+00  0.000000E+00  0.000000E+00  0.000000E+00
           GRD      39    6.162900E-08  5.000000E+04 -4.978779E-08  0.000000E+00  0.000000E+00  0.000000E+00  0.000000E+00  0.000000E+00
           GRD      40    1.616222E-08  5.000000E+04  5.214892E-08  0.000000E+00  0.000000E+00  0.000000E+00  0.000000E+00  0.000000E+00
           GRD      37   -7.899444E-08  5.000000E+04  6.169202E-08  0.000000E+00  0.000000E+00  0.000000E+00  0.000000E+00  0.000000E+00
       11                 5.000000E+04 -8.679926E-09  2.209571E-07  0.000000E+00  0.000000E+00  0.000000E+00  0.000000E+00  0.000000E+00
           GRD      43    5.000000E+04  1.525220E-07  3.741132E-07  0.000000E+00  0.000000E+00  0.000000E+00  0.000000E+00  0.000000E+00
           GRD      44    5.000000E+04  1.070908E-07  7.735073E-08  0.000000E+00  0.000000E+00  0.000000E+00  0.000000E+00  0.000000E+00
           GRD      41    5.000000E+04 -1.698782E-07  6.780769E-08  0.000000E+00  0.000000E+00  0.000000E+00  0.000000E+00  0.000000E+00
           GRD      42    5.000000E+04 -1.244469E-07  3.645702E-07  0.000000E+00  0.000000E+00  0.000000E+00  0.000000E+00  0.000000E+00
       12                -8.702278E-09  5.000000E+04 -3.935596E-07  0.000000E+00  0.000000E+00  0.000000E+00  0.000000E+00  0.000000E+00
           GRD      48   -8.923757E-07  5.000000E+04 -1.320762E-06  0.000000E+00  0.000000E+00  0.000000E+00  0.000000E+00  0.000000E+00
           GRD      45    8.295258E-07  5.000000E+04 -1.311217E-06  0.000000E+00  0.000000E+00  0.000000E+00  0.000000E+00  0.000000E+00
           GRD      46    8.749990E-07  5.000000E+04  5.336460E-07  0.000000E+00  0.000000E+00  0.000000E+00  0.000000E+00  0.000000E+00
           GRD      47   -8.469024E-07  5.000000E+04  5.241015E-07  0.000000E+00  0.000000E+00  0.000000E+00  0.000000E+00  0.000000E+00
                          ------------- ------------- ------------- ------------- ------------- ------------- ------------- -------------
                MAX* :    5.000000E+04  5.000000E+04  5.336460E-07  0.000000E+00  0.000000E+00  0.000000E+00  0.000000E+00  0.000000E+00
                MIN* :   -8.923757E-07 -1.698782E-07 -1.320762E-06  0.000000E+00  0.000000E+00  0.000000E+00  0.000000E+00  0.000000E+00

                ABS* :    5.000000E+04  5.000000E+04  1.320762E-06  0.000000E+00  0.000000E+00  0.000000E+00  0.000000E+00  0.000000E+00
                *for output set


 OUTPUT FOR SUBCASE        1

                                          E L E M E N T   S T R E S S E S   I N   L O C A L   E L E M E N T   C O O R D I N A T E   S Y S T E M
                                                                       F O R   E L E M E N T   T Y P E   Q U A D 4  
    Elem  Location       Fibre       Stresses In Element Coord System     Principal Stresses (Zero Shear)               Transverse   Transverse   % Poly
     ID                 Distance    Normal-X     Normal-Y     Shear-XY     Angle     Major        Minor      von Mises    Shear-XZ     Shear-YZ    Fit Err
                                                                                                                         (max through thickness)

        1  CENTER      -5.000E-04  5.00000E+07  7.45058E-09  2.42009E-09    0.00  5.00000E+07  7.45058E-09  5.00000E+07  0.00000E+00  0.00000E+00
                        5.000E-04  5.00000E+07  7.45058E-09  2.42009E-09    0.00  5.00000E+07  7.45058E-09  5.00000E+07

           GRD       1 -5.000E-04  5.00000E+07  2.03554E-08  6.68303E-09    0.00  5.00000E+07  2.23517E-08  5.00000E+07  0.00000E+00  0.00000E+00  0.0E+00
                        5.000E-04  5.00000E+07  2.03554E-08  6.68303E-09    0.00  5.00000E+07  2.23517E-08  5.00000E+07

           GRD       2 -5.000E-04  5.00000E+07 -5.45420E-09 -2.37354E-11   -0.00  5.00000E+07 -7.45058E-09  5.00000E+07  0.00000E+00  0.00000E+00  0.0E+00
                        5.000E-04  5.00000E+07 -5.45420E-09 -2.37354E-11   -0.00  5.00000E+07 -7.45058E-09  5.00000E+07

           GRD       3 -5.000E-04  5.00000E+07 -5.45420E-09 -5.47298E-09   -0.00  5.00000E+07 -7.45058E-09  5.00000E+07  0.00000E+00  0.00000E+00 -0.2E-13
                        5.000E-04  5.00000E+07 -5.45420E-09 -5.47298E-09   -0.00  5.00000E+07 -7.45058E-09  5.00000E+07

           GRD       4 -5.000E-04  5.00000E+07  2.03554E-08  1.23378E-09    0.00  5.00000E+07  2.23517E-08  5.00000E+07  0.00000E+00  0.00000E+00 -0.2E-13
                        5.000E-04  5.00000E+07  2.03554E-08  1.23378E-09    0.00  5.00000E+07  2.23517E-08  5.00000E+07

        2  CENTER      -5.000E-04  0.00000E+00  5.00000E+07 -1.45206E-09  -90.00  5.00000E+07  0.00000E+00  5.00000E+07  0.00000E+00  0.00000E+00
                        5.000E-04  0.00000E+00  5.00000E+07 -1.45206E-09  -90.00  5.00000E+07  0.00000E+00  5.00000E+07

           GRD       6 -5.000E-04  1.29048E-08  5.00000E+07  1.37149E-08   90.00  5.00000E+07  1.49012E-08  5.00000E+07  0.00000E+00  0.00000E+00  0.2E+01(3)
                        5.000E-04  1.29048E-08  5.00000E+07  1.37149E-08   90.00  5.00000E+07  1.49012E-08  5.00000E+07

           GRD       7 -5.000E-04 -1.93572E-08  5.00000E+07  1.47628E-08   90.00  5.00000E+07 -2.23517E-08  5.00000E+07  0.00000E+00  0.00000E+00 -0.3E+01(3)
                        5.000E-04 -1.93572E-08  5.00000E+07  1.47628E-08   90.00  5.00000E+07 -2.23517E-08  5.00000E+07

           GRD       8 -5.000E-04 -1.29048E-08  5.00000E+07 -1.62560E-08  -90.00  5.00000E+07 -1.49012E-08  5.00000E+07  0.00000E+00  0.00000E+00 -0.2E+01(3)
                        5.000E-04 -1.29048E-08  5.00000E+07 -1.62560E-08  -90.00  5.00000E+07 -1.49012E-08  5.00000E+07

           GRD       5 -5.000E-04  1.93572E-08  5.00000E+07 -1.73039E-08  -90.00  5.00000E+07  2.23517E-08  5.00000E+07  0.00000E+00  0.00000E+00  0.2E+01(3)
                        5.000E-04  1.93572E-08  5.00000E+07 -1.73039E-08  -90.00  5.00000E+07  2.23517E-08  5.00000E+07

        3  CENTER      -5.000E-04  5.00000E+07 -3.72529E-09  2.85333E-09    0.00  5.00000E+07 -7.45058E-09  5.00000E+07  0.00000E+00  0.00000E+00
                        5.000E-04  5.00000E+07 -3.72529E-09  2.85333E-09    0.00  5.00000E+07 -7.45058E-09  5.00000E+07

           GRD      11 -5.000E-04  5.00000E+07 -1.01777E-08  4.69312E-09    0.00  5.00000E+07 -7.45058E-09  5.00000E+07  0.00000E+00  0.00000E+00  0.5E+01(3)
                        5.000E-04  5.00000E+07 -1.01777E-08  4.69312E-09    0.00  5.00000E+07 -7.45058E-09  5.00000E+07

           GRD      12 -5.000E-04  5.00000E+07  2.72710E-09 -1.17530E-09   -0.00  5.00000E+07  0.00000E+00  5.00000E+07  0.00000E+00  0.00000E+00 -0.5E+01(3)
                        5.000E-04  5.00000E+07  2.72710E-09 -1.17530E-09   -0.00  5.00000E+07  0.00000E+00  5.00000E+07

           GRD       9 -5.000E-04  5.00000E+07  2.72710E-09  1.49757E-09    0.00  5.00000E+07  0.00000E+00  5.00000E+07  0.00000E+00  0.00000E+00 -0.5E+01(3)
                        5.000E-04  5.00000E+07  2.72710E-09  1.49757E-09    0.00  5.00000E+07  0.00000E+00  5.00000E+07

           GRD      10 -5.000E-04  5.00000E+07 -1.01777E-08  7.36598E-09    0.00  5.00000E+07 -7.45058E-09  5.00000E+07  0.00000E+00  0.00000E+00  0.5E+01(3)
                        5.000E-04  5.00000E+07 -1.01777E-08  7.36598E-09    0.00  5.00000E+07 -7.45058E-09  5.00000E+07

        4  CENTER      -5.000E-04 -3.72529E-09  5.00000E+07  0.00000E+00   90.00  5.00000E+07 -7.45058E-09  5.00000E+07  0.00000E+00  0.00000E+00
                        5.000E-04 -3.72529E-09  5.00000E+07  0.00000E+00   90.00  5.00000E+07 -7.45058E-09  5.00000E+07

           GRD      16 -5.000E-04  1.36355E-09  5.00000E+07 -1.08035E-09  -90.00  5.00000E+07  0.00000E+00  5.00000E+07  0.00000E+00  0.00000E+00 -0.2E-07
                        5.000E-04  1.36355E-09  5.00000E+07 -1.08035E-09  -90.00  5.00000E+07  0.00000E+00  5.00000E+07

           GRD      13 -5.000E-04 -5.08884E-09  5.00000E+07 -2.42009E-10  -90.00  5.00000E+07 -7.45058E-09  5.00000E+07  0.00000E+00  0.00000E+00  0.2E-07
                        5.000E-04 -5.08884E-09  5.00000E+07 -2.42009E-10  -90.00  5.00000E+07 -7.45058E-09  5.00000E+07

           GRD      14 -5.000E-04 -5.08884E-09  5.00000E+07  5.96336E-10   90.00  5.00000E+07 -7.45058E-09  5.00000E+07  0.00000E+00  0.00000E+00  0.2E-07
                        5.000E-04 -5.08884E-09  5.00000E+07  5.96336E-10   90.00  5.00000E+07 -7.45058E-09  5.00000E+07

           GRD      15 -5.000E-04  1.36355E-09  5.00000E+07 -2.42009E-10  -90.00  5.00000E+07  0.00000E+00  5.00000E+07  0.00000E+00  0.00000E+00 -0.2E-07
                        5.000E-04  1.36355E-09  5.00000E+07 -2.42009E-10  -90.00  5.00000E+07  0.00000E+00  5.00000E+07

        5  CENTER      -5.000E-04  7.45058E-09  5.00000E+07 -1.93608E-09  -90.00  5.00000E+07  7.45058E-09  5.00000E+07  0.00000E+00  0.00000E+00
                        5.000E-04  7.45058E-09  5.00000E+07 -1.93608E-09  -90.00  5.00000E+07  7.45058E-09  5.00000E+07

           GRD      20 -5.000E-04  1.15412E-08  5.00000E+07  3.31863E-09   90.00  5.00000E+07  1.49012E-08  5.00000E+07  0.00000E+00  0.00000E+00 -0.6E+01(3)
                        5.000E-04  1.15412E-08  5.00000E+07  3.31863E-09   90.00  5.00000E+07  1.49012E-08  5.00000E+07

           GRD      17 -5.000E-04 -1.36355E-09  5.00000E+07 -1.71144E-09  -90.00  5.00000E+07  0.00000E+00  5.00000E+07  0.00000E+00  0.00000E+00  0.6E+01(3)
                        5.000E-04 -1.36355E-09  5.00000E+07 -1.71144E-09  -90.00  5.00000E+07  0.00000E+00  5.00000E+07

           GRD      18 -5.000E-04 -7.81594E-09  5.00000E+07 -1.00949E-08  -90.00  5.00000E+07 -7.45058E-09  5.00000E+07  0.00000E+00  0.00000E+00  0.6E+01(3)
                        5.000E-04 -7.81594E-09  5.00000E+07 -1.00949E-08  -90.00  5.00000E+07 -7.45058E-09  5.00000E+07

           GRD      19 -5.000E-04  5.08884E-09  5.00000E+07 -5.06482E-09  -90.00  5.00000E+07  7.45058E-09  5.00000E+07  0.00000E+00  0.00000E+00 -0.6E+01(3)
                        5.000E-04  5.08884E-09  5.00000E+07 -5.06482E-09  -90.00  5.00000E+07  7.45058E-09  5.00000E+07

        6  CENTER      -5.000E-04  5.00000E+07 -7.45058E-09 -3.12218E-09   -0.00  5.00000E+07 -7.45058E-09  5.00000E+07  0.00000E+00  0.00000E+00
                        5.000E-04  5.00000E+07 -7.45058E-09 -3.12218E-09   -0.00  5.00000E+07 -7.45058E-09  5.00000E+07

           GRD      23 -5.000E-04  5.00000E+07 -5.08884E-09 -5.53147E-09   -0.00  5.00000E+07 -7.45058E-09  5.00000E+07  0.00000E+00  0.00000E+00  0.5E+01(3)
                        5.000E-04  5.00000E+07 -5.08884E-09 -5.53147E-09   -0.00  5.00000E+07 -7.45058E-09  5.00000E+07

           GRD      24 -5.000E-04  5.00000E+07  1.42683E-08 -6.36981E-09   -0.00  5.00000E+07  1.49012E-08  5.00000E+07  0.00000E+00  0.00000E+00 -0.5E+01(3)
                        5.000E-04  5.00000E+07  1.42683E-08 -6.36981E-09   -0.00  5.00000E+07  1.49012E-08  5.00000E+07

           GRD      21 -5.000E-04  5.00000E+07  1.36355E-09 -5.06906E-09   -0.00  5.00000E+07  0.00000E+00  5.00000E+07  0.00000E+00  0.00000E+00 -0.5E+01(3)
                        5.000E-04  5.00000E+07  1.36355E-09 -5.06906E-09   -0.00  5.00000E+07  0.00000E+00  5.00000E+07

           GRD      22 -5.000E-04  5.00000E+07 -1.79936E-08 -4.23071E-09   -0.00  5.00000E+07 -1.49012E-08  5.00000E+07  0.00000E+00  0.00000E+00  0.5E+01(3)
                        5.000E-04  5.00000E+07 -1.79936E-08 -4.23071E-09   -0.00  5.00000E+07 -1.49012E-08  5.00000E+07

        7  CENTER      -5.000E-04 -7.45058E-09  5.00000E+07 -1.93608E-09  -90.00  5.00000E+07 -7.45058E-09  5.00000E+07  0.00000E+00  0.00000E+00
                        5.000E-04 -7.45058E-09  5.00000E+07 -1.93608E-09  -90.00  5.00000E+07 -7.45058E-09  5.00000E+07

           GRD      26 -5.000E-04  2.72710E-09  5.00000E+07  5.79170E-09   90.00  5.00000E+07  0.00000E+00  5.00000E+07  0.00000E+00  0.00000E+00  0.7E+01(3)
                        5.000E-04  2.72710E-09  5.00000E+07  5.79170E-09   90.00  5.00000E+07  0.00000E+00  5.00000E+07

           GRD      27 -5.000E-04 -1.01777E-08  5.00000E+07  6.42046E-09   90.00  5.00000E+07 -7.45058E-09  5.00000E+07  0.00000E+00  0.00000E+00 -0.7E+01(3)
                        5.000E-04 -1.01777E-08  5.00000E+07  6.42046E-09   90.00  5.00000E+07 -7.45058E-09  5.00000E+07

           GRD      28 -5.000E-04 -1.01777E-08  5.00000E+07 -6.15472E-09  -90.00  5.00000E+07 -7.45058E-09  5.00000E+07  0.00000E+00  0.00000E+00 -0.7E+01(3)
                        5.000E-04 -1.01777E-08  5.00000E+07 -6.15472E-09  -90.00  5.00000E+07 -7.45058E-09  5.00000E+07

           GRD      25 -5.000E-04  2.72710E-09  5.00000E+07 -6.78348E-09  -90.00  5.00000E+07  0.00000E+00  5.00000E+07  0.00000E+00  0.00000E+00  0.7E+01(3)
                        5.000E-04  2.72710E-09  5.00000E+07 -6.78348E-09  -90.00  5.00000E+07  0.00000E+00  5.00000E+07

        8  CENTER      -5.000E-04  5.00000E+07  0.00000E+00 -4.84019E-10   -0.00  5.00000E+07  0.00000E+00  5.00000E+07  0.00000E+00  0.00000E+00
                        5.000E-04  5.00000E+07  0.00000E+00 -4.84019E-10   -0.00  5.00000E+07  0.00000E+00  5.00000E+07

           GRD      29 -5.000E-04  5.00000E+07  1.01777E-08  5.14114E-10    0.00  5.00000E+07  7.45058E-09  5.00000E+07  0.00000E+00  0.00000E+00 -0.6E+01(3)
                        5.000E-04  5.00000E+07  1.01777E-08  5.14114E-10    0.00  5.00000E+07  7.45058E-09  5.00000E+07

           GRD      30 -5.000E-04  5.00000E+07 -2.72710E-09 -3.24231E-10   -0.00  5.00000E+07  0.00000E+00  5.00000E+07  0.00000E+00  0.00000E+00  0.6E+01(3)
                        5.000E-04  5.00000E+07 -2.72710E-09 -3.24231E-10   -0.00  5.00000E+07  0.00000E+00  5.00000E+07

           GRD      31 -5.000E-04  5.00000E+07 -2.72710E-09 -5.35430E-09   -0.00  5.00000E+07  0.00000E+00  5.00000E+07  0.00000E+00  0.00000E+00  0.6E+01(3)
                        5.000E-04  5.00000E+07 -2.72710E-09 -5.35430E-09   -0.00  5.00000E+07  0.00000E+00  5.00000E+07

           GRD      32 -5.000E-04  5.00000E+07  1.01777E-08 -4.51596E-09   -0.00  5.00000E+07  7.45058E-09  5.00000E+07  0.00000E+00  0.00000E+00 -0.6E+01(3)
                        5.000E-04  5.00000E+07  1.01777E-08 -4.51596E-09   -0.00  5.00000E+07  7.45058E-09  5.00000E+07

        9  CENTER      -5.000E-04  5.00000E+07 -8.68738E-06  4.88293E-05    0.00  5.00000E+07 -8.68738E-06  5.00000E+07  0.00000E+00  0.00000E+00
                        5.000E-04  5.00000E+07 -8.68738E-06  4.88293E-05    0.00  5.00000E+07 -8.68738E-06  5.00000E+07

           GRD      33 -5.000E-04  5.00000E+07  6.02518E-05  1.42265E-04    0.00  5.00000E+07  6.02528E-05  5.00000E+07  0.00000E+00  0.00000E+00 -0.3E-02
                        5.000E-04  5.00000E+07  6.02518E-05  1.42265E-04    0.00  5.00000E+07  6.02528E-05  5.00000E+07

           GRD      34 -5.000E-04  5.00000E+07  1.05715E-04 -5.41518E-05   -0.00  5.00000E+07  1.05716E-04  5.00000E+07  0.00000E+00  0.00000E+00  0.3E-02
                        5.000E-04  5.00000E+07  1.05715E-04 -5.41518E-05   -0.00  5.00000E+07  1.05716E-04  5.00000E+07

           GRD      35 -5.000E-04  5.00000E+07 -7.76229E-05 -4.46079E-05   -0.00  5.00000E+07 -7.76201E-05  5.00000E+07  0.00000E+00  0.00000E+00  0.3E-02
                        5.000E-04  5.00000E+07 -7.76229E-05 -4.46079E-05   -0.00  5.00000E+07 -7.76201E-05  5.00000E+07

           GRD      36 -5.000E-04  5.00000E+07 -1.23086E-04  1.51809E-04    0.00  5.00000E+07 -1.23084E-04  5.00000E+07  0.00000E+00  0.00000E+00 -0.3E-02
                        5.000E-04  5.00000E+07 -1.23086E-04  1.51809E-04    0.00  5.00000E+07 -1.23084E-04  5.00000E+07

       10  CENTER      -5.000E-04 -8.69110E-06  5.00000E+07  5.95423E-06   90.00  5.00000E+07 -8.68738E-06  5.00000E+07  0.00000E+00  0.00000E+00
                        5.000E-04 -8.69110E-06  5.00000E+07  5.95423E-06   90.00  5.00000E+07 -8.68738E-06  5.00000E+07

           GRD      38 -5.000E-04 -3.35277E-05  5.00000E+07 -4.02447E-05  -90.00  5.00000E+07 -3.35276E-05  5.00000E+07  0.00000E+00  0.00000E+00  0.3E-02
                        5.000E-04 -3.35277E-05  5.00000E+07 -4.02447E-05  -90.00  5.00000E+07 -3.35276E-05  5.00000E+07

           GRD      39 -5.000E-04  6.16290E-05  5.00000E+07 -4.97878E-05  -90.00  5.00000E+07  6.16312E-05  5.00000E+07  0.00000E+00  0.00000E+00 -0.3E-02
                        5.000E-04  6.16290E-05  5.00000E+07 -4.97878E-05  -90.00  5.00000E+07  6.16312E-05  5.00000E+07

           GRD      40 -5.000E-04  1.61622E-05  5.00000E+07  5.21489E-05   90.00  5.00000E+07  1.61603E-05  5.00000E+07  0.00000E+00  0.00000E+00 -0.3E-02
                        5.000E-04  1.61622E-05  5.00000E+07  5.21489E-05   90.00  5.00000E+07  1.61603E-05  5.00000E+07

           GRD      37 -5.000E-04 -7.89944E-05  5.00000E+07  6.16920E-05   90.00  5.00000E+07 -7.89911E-05  5.00000E+07  0.00000E+00  0.00000E+00  0.3E-02
                        5.000E-04 -7.89944E-05  5.00000E+07  6.16920E-05   90.00  5.00000E+07 -7.89911E-05  5.00000E+07

       11  CENTER      -5.000E-04  5.00000E+07 -8.67993E-06  2.20957E-04    0.00  5.00000E+07 -8.67993E-06  5.00000E+07  0.00000E+00  0.00000E+00
                        5.000E-04  5.00000E+07 -8.67993E-06  2.20957E-04    0.00  5.00000E+07 -8.67993E-06  5.00000E+07

           GRD      43 -5.000E-04  5.00000E+07  1.52522E-04  3.74113E-04    0.00  5.00000E+07  1.52521E-04  5.00000E+07  0.00000E+00  0.00000E+00 -0.2E-02
                        5.000E-04  5.00000E+07  1.52522E-04  3.74113E-04    0.00  5.00000E+07  1.52521E-04  5.00000E+07

           GRD      44 -5.000E-04  5.00000E+07  1.07091E-04  7.73507E-05    0.00  5.00000E+07  1.07087E-04  5.00000E+07  0.00000E+00  0.00000E+00  0.2E-02
                        5.000E-04  5.00000E+07  1.07091E-04  7.73507E-05    0.00  5.00000E+07  1.07087E-04  5.00000E+07

           GRD      41 -5.000E-04  5.00000E+07 -1.69878E-04  6.78077E-05    0.00  5.00000E+07 -1.69881E-04  5.00000E+07  0.00000E+00  0.00000E+00  0.2E-02
                        5.000E-04  5.00000E+07 -1.69878E-04  6.78077E-05    0.00  5.00000E+07 -1.69881E-04  5.00000E+07

           GRD      42 -5.000E-04  5.00000E+07 -1.24447E-04  3.64570E-04    0.00  5.00000E+07 -1.24447E-04  5.00000E+07  0.00000E+00  0.00000E+00 -0.2E-02
                        5.000E-04  5.00000E+07 -1.24447E-04  3.64570E-04    0.00  5.00000E+07 -1.24447E-04  5.00000E+07

       12  CENTER      -5.000E-04 -8.70228E-06  5.00000E+07 -3.93560E-04  -90.00  5.00000E+07 -8.70228E-06  5.00000E+07  0.00000E+00  0.00000E+00
                        5.000E-04 -8.70228E-06  5.00000E+07 -3.93560E-04  -90.00  5.00000E+07 -8.70228E-06  5.00000E+07

           GRD      48 -5.000E-04 -8.92376E-04  5.00000E+07 -1.32076E-03  -90.00  5.00000E+07 -8.92378E-04  5.00000E+07  0.00000E+00  0.00000E+00  0.9E-03
                        5.000E-04 -8.92376E-04  5.00000E+07 -1.32076E-03  -90.00  5.00000E+07 -8.92378E-04  5.00000E+07

           GRD      45 -5.000E-04  8.29526E-04  5.00000E+07 -1.31122E-03  -90.00  5.00000E+07  8.29525E-04  5.00000E+07  0.00000E+00  0.00000E+00 -0.9E-03
                        5.000E-04  8.29526E-04  5.00000E+07 -1.31122E-03  -90.00  5.00000E+07  8.29525E-04  5.00000E+07

           GRD      46 -5.000E-04  8.74999E-04  5.00000E+07  5.33646E-04   90.00  5.00000E+07  8.74996E-04  5.00000E+07  0.00000E+00  0.00000E+00 -0.9E-03
                        5.000E-04  8.74999E-04  5.00000E+07  5.33646E-04   90.00  5.00000E+07  8.74996E-04  5.00000E+07

           GRD      47 -5.000E-04 -8.46902E-04  5.00000E+07  5.24101E-04   90.00  5.00000E+07 -8.46900E-04  5.00000E+07  0.00000E+00  0.00000E+00  0.9E-03
                        5.000E-04 -8.46902E-04  5.00000E+07  5.24101E-04   90.00  5.00000E+07 -8.46900E-04  5.00000E+07
                                  ------------ ------------ ------------         ------------ ------------ ------------ ------------ ------------ --------
 MAX* :                            5.00000E+07  5.00000E+07  5.33646E-04          5.00000E+07  8.74996E-04  5.00000E+07  0.00000E+00  0.00000E+00  0.7E+01
 MIN* :                           -8.92376E-04 -1.69878E-04 -1.32076E-03          5.00000E+07 -8.92378E-04  5.00000E+07  0.00000E+00  0.00000E+00 -0.7E+01

 ABS* :                            5.00000E+07  5.00000E+07  1.32076E-03          5.00000E+07  8.92378E-04  5.00000E+07  0.00000E+00  0.00000E+00  0.7E+01
 *for output set
 NOTE: Explanation of errors in the polynomial fit to extrapolate element corner point stresses from values at the Gauss points:
       (3): Polynomial fit error is in XY shear   stress


 OUTPUT FOR SUBCASE        1

                                           E L E M E N T   S T R A I N S   I N   L O C A L   E L E M E N T   C O O R D I N A T E   S Y S T E M
                                                                       F O R   E L E M E N T   T Y P E   Q U A D 4  
  Elem  Location         Fibre      Strains In Element Coord System       Principal Strains (Zero Shear)                 Transverse   Transverse   % Poly
   ID                   Distance   Normal-X     Normal-Y     Shear-XY     Angle      Major        Minor      von Mises    Shear-XZ     Shear-YZ    Fit Err 

        1  CENTER      -5.000E-04  2.50000E-04 -1.00000E-04  3.38813E-20    0.00  2.50000E-04 -1.00000E-04  3.12250E-04  0.00000E+00  0.00000E+00
                        5.000E-04  2.50000E-04 -1.00000E-04  3.38813E-20    0.00  2.50000E-04 -1.00000E-04  3.12250E-04

           GRD       1 -5.000E-04  2.50000E-04 -1.00000E-04  9.35624E-20    0.00  2.50000E-04 -1.00000E-04  3.12250E-04  0.00000E+00  0.00000E+00  0.2E-13
                        5.000E-04  2.50000E-04 -1.00000E-04  9.35624E-20    0.00  2.50000E-04 -1.00000E-04  3.12250E-04

           GRD       2 -5.000E-04  2.50000E-04 -1.00000E-04 -3.32295E-22   -0.00  2.50000E-04 -1.00000E-04  3.12250E-04  0.00000E+00  0.00000E+00  0.2E-13
                        5.000E-04  2.50000E-04 -1.00000E-04 -3.32295E-22   -0.00  2.50000E-04 -1.00000E-04  3.12250E-04

           GRD       3 -5.000E-04  2.50000E-04 -1.00000E-04 -7.66217E-20   -0.00  2.50000E-04 -1.00000E-04  3.12250E-04  0.00000E+00  0.00000E+00  0.5E-14
                        5.000E-04  2.50000E-04 -1.00000E-04 -7.66217E-20   -0.00  2.50000E-04 -1.00000E-04  3.12250E-04

           GRD       4 -5.000E-04  2.50000E-04 -1.00000E-04  1.72730E-20    0.00  2.50000E-04 -1.00000E-04  3.12250E-04  0.00000E+00  0.00000E+00  0.0E+00
                        5.000E-04  2.50000E-04 -1.00000E-04  1.72730E-20    0.00  2.50000E-04 -1.00000E-04  3.12250E-04

        2  CENTER      -5.000E-04 -1.00000E-04  2.50000E-04 -2.03288E-20  -90.00  2.50000E-04 -1.00000E-04  3.12250E-04  0.00000E+00  0.00000E+00
                        5.000E-04 -1.00000E-04  2.50000E-04 -2.03288E-20  -90.00  2.50000E-04 -1.00000E-04  3.12250E-04

           GRD       6 -5.000E-04 -1.00000E-04  2.50000E-04  1.92008E-19   90.00  2.50000E-04 -1.00000E-04  3.12250E-04  0.00000E+00  0.00000E+00  0.2E+01(3)
                        5.000E-04 -1.00000E-04  2.50000E-04  1.92008E-19   90.00  2.50000E-04 -1.00000E-04  3.12250E-04

           GRD       7 -5.000E-04 -1.00000E-04  2.50000E-04  2.06679E-19   90.00  2.50000E-04 -1.00000E-04  3.12250E-04  0.00000E+00  0.00000E+00 -0.3E+01(3)
                        5.000E-04 -1.00000E-04  2.50000E-04  2.06679E-19   90.00  2.50000E-04 -1.00000E-04  3.12250E-04

           GRD       8 -5.000E-04 -1.00000E-04  2.50000E-04 -2.27584E-19  -90.00  2.50000E-04 -1.00000E-04  3.12250E-04  0.00000E+00  0.00000E+00 -0.2E+01(3)
                        5.000E-04 -1.00000E-04  2.50000E-04 -2.27584E-19  -90.00  2.50000E-04 -1.00000E-04  3.12250E-04

           GRD       5 -5.000E-04 -1.00000E-04  2.50000E-04 -2.42255E-19  -90.00  2.50000E-04 -1.00000E-04  3.12250E-04  0.00000E+00  0.00000E+00  0.2E+01(3)
                        5.000E-04 -1.00000E-04  2.50000E-04 -2.42255E-19  -90.00  2.50000E-04 -1.00000E-04  3.12250E-04

        3  CENTER      -5.000E-04  2.50000E-04 -1.00000E-04  3.99467E-20    0.00  2.50000E-04 -1.00000E-04  3.12250E-04  0.00000E+00  0.00000E+00
                        5.000E-04  2.50000E-04 -1.00000E-04  3.99467E-20    0.00  2.50000E-04 -1.00000E-04  3.12250E-04

           GRD      11 -5.000E-04  2.50000E-04 -1.00000E-04  6.57037E-20    0.00  2.50000E-04 -1.00000E-04  3.12250E-04  0.00000E+00  0.00000E+00  0.5E+01(3)
                        5.000E-04  2.50000E-04 -1.00000E-04  6.57037E-20    0.00  2.50000E-04 -1.00000E-04  3.12250E-04

           GRD      12 -5.000E-04  2.50000E-04 -1.00000E-04 -1.64541E-20   -0.00  2.50000E-04 -1.00000E-04  3.12250E-04  0.00000E+00  0.00000E+00 -0.5E+01(3)
                        5.000E-04  2.50000E-04 -1.00000E-04 -1.64541E-20   -0.00  2.50000E-04 -1.00000E-04  3.12250E-04

           GRD       9 -5.000E-04  2.50000E-04 -1.00000E-04  2.09659E-20    0.00  2.50000E-04 -1.00000E-04  3.12250E-04  0.00000E+00  0.00000E+00 -0.5E+01(3)
                        5.000E-04  2.50000E-04 -1.00000E-04  2.09659E-20    0.00  2.50000E-04 -1.00000E-04  3.12250E-04

           GRD      10 -5.000E-04  2.50000E-04 -1.00000E-04  1.03124E-19    0.00  2.50000E-04 -1.00000E-04  3.12250E-04  0.00000E+00  0.00000E+00  0.5E+01(3)
                        5.000E-04  2.50000E-04 -1.00000E-04  1.03124E-19    0.00  2.50000E-04 -1.00000E-04  3.12250E-04

        4  CENTER      -5.000E-04 -1.00000E-04  2.50000E-04  0.00000E+00   90.00  2.50000E-04 -1.00000E-04  3.12250E-04  0.00000E+00  0.00000E+00
                        5.000E-04 -1.00000E-04  2.50000E-04  0.00000E+00   90.00  2.50000E-04 -1.00000E-04  3.12250E-04

           GRD      16 -5.000E-04 -1.00000E-04  2.50000E-04 -1.51250E-20  -90.00  2.50000E-04 -1.00000E-04  3.12250E-04  0.00000E+00  0.00000E+00  0.1E-13
                        5.000E-04 -1.00000E-04  2.50000E-04 -1.51250E-20  -90.00  2.50000E-04 -1.00000E-04  3.12250E-04

           GRD      13 -5.000E-04 -1.00000E-04  2.50000E-04 -3.38813E-21  -90.00  2.50000E-04 -1.00000E-04  3.12250E-04  0.00000E+00  0.00000E+00  0.1E-13
                        5.000E-04 -1.00000E-04  2.50000E-04 -3.38813E-21  -90.00  2.50000E-04 -1.00000E-04  3.12250E-04

           GRD      14 -5.000E-04 -1.00000E-04  2.50000E-04  8.34870E-21   90.00  2.50000E-04 -1.00000E-04  3.12250E-04  0.00000E+00  0.00000E+00  0.3E-18
                        5.000E-04 -1.00000E-04  2.50000E-04  8.34870E-21   90.00  2.50000E-04 -1.00000E-04  3.12250E-04

           GRD      15 -5.000E-04 -1.00000E-04  2.50000E-04 -3.38813E-21  -90.00  2.50000E-04 -1.00000E-04  3.12250E-04  0.00000E+00  0.00000E+00 -0.3E-18
                        5.000E-04 -1.00000E-04  2.50000E-04 -3.38813E-21  -90.00  2.50000E-04 -1.00000E-04  3.12250E-04

        5  CENTER      -5.000E-04 -1.00000E-04  2.50000E-04 -2.71051E-20  -90.00  2.50000E-04 -1.00000E-04  3.12250E-04  0.00000E+00  0.00000E+00
                        5.000E-04 -1.00000E-04  2.50000E-04 -2.71051E-20  -90.00  2.50000E-04 -1.00000E-04  3.12250E-04

           GRD      20 -5.000E-04 -1.00000E-04  2.50000E-04  4.64608E-20   90.00  2.50000E-04 -1.00000E-04  3.12250E-04  0.00000E+00  0.00000E+00 -0.6E+01(3)
                        5.000E-04 -1.00000E-04  2.50000E-04  4.64608E-20   90.00  2.50000E-04 -1.00000E-04  3.12250E-04

           GRD      17 -5.000E-04 -1.00000E-04  2.50000E-04 -2.39602E-20  -90.00  2.50000E-04 -1.00000E-04  3.12250E-04  0.00000E+00  0.00000E+00  0.6E+01(3)
                        5.000E-04 -1.00000E-04  2.50000E-04 -2.39602E-20  -90.00  2.50000E-04 -1.00000E-04  3.12250E-04

           GRD      18 -5.000E-04 -1.00000E-04  2.50000E-04 -1.41329E-19  -90.00  2.50000E-04 -1.00000E-04  3.12250E-04  0.00000E+00  0.00000E+00  0.6E+01(3)
                        5.000E-04 -1.00000E-04  2.50000E-04 -1.41329E-19  -90.00  2.50000E-04 -1.00000E-04  3.12250E-04

           GRD      19 -5.000E-04 -1.00000E-04  2.50000E-04 -7.09075E-20  -90.00  2.50000E-04 -1.00000E-04  3.12250E-04  0.00000E+00  0.00000E+00 -0.6E+01(3)
                        5.000E-04 -1.00000E-04  2.50000E-04 -7.09075E-20  -90.00  2.50000E-04 -1.00000E-04  3.12250E-04

        6  CENTER      -5.000E-04  2.50000E-04 -1.00000E-04 -4.37105E-20   -0.00  2.50000E-04 -1.00000E-04  3.12250E-04  0.00000E+00  0.00000E+00
                        5.000E-04  2.50000E-04 -1.00000E-04 -4.37105E-20   -0.00  2.50000E-04 -1.00000E-04  3.12250E-04

           GRD      23 -5.000E-04  2.50000E-04 -1.00000E-04 -7.74405E-20   -0.00  2.50000E-04 -1.00000E-04  3.12250E-04  0.00000E+00  0.00000E+00  0.5E+01(3)
                        5.000E-04  2.50000E-04 -1.00000E-04 -7.74405E-20   -0.00  2.50000E-04 -1.00000E-04  3.12250E-04

           GRD      24 -5.000E-04  2.50000E-04 -1.00000E-04 -8.91774E-20   -0.00  2.50000E-04 -1.00000E-04  3.12250E-04  0.00000E+00  0.00000E+00 -0.5E+01(3)
                        5.000E-04  2.50000E-04 -1.00000E-04 -8.91774E-20   -0.00  2.50000E-04 -1.00000E-04  3.12250E-04

           GRD      21 -5.000E-04  2.50000E-04 -1.00000E-04 -7.09668E-20   -0.00  2.50000E-04 -1.00000E-04  3.12250E-04  0.00000E+00  0.00000E+00 -0.5E+01(3)
                        5.000E-04  2.50000E-04 -1.00000E-04 -7.09668E-20   -0.00  2.50000E-04 -1.00000E-04  3.12250E-04

           GRD      22 -5.000E-04  2.50000E-04 -1.00000E-04 -5.92299E-20   -0.00  2.50000E-04 -1.00000E-04  3.12250E-04  0.00000E+00  0.00000E+00  0.5E+01(3)
                        5.000E-04  2.50000E-04 -1.00000E-04 -5.92299E-20   -0.00  2.50000E-04 -1.00000E-04  3.12250E-04

        7  CENTER      -5.000E-04 -1.00000E-04  2.50000E-04 -2.71051E-20  -90.00  2.50000E-04 -1.00000E-04  3.12250E-04  0.00000E+00  0.00000E+00
                        5.000E-04 -1.00000E-04  2.50000E-04 -2.71051E-20  -90.00  2.50000E-04 -1.00000E-04  3.12250E-04

           GRD      26 -5.000E-04 -1.00000E-04  2.50000E-04  8.10838E-20   90.00  2.50000E-04 -1.00000E-04  3.12250E-04  0.00000E+00  0.00000E+00  0.7E+01(3)
                        5.000E-04 -1.00000E-04  2.50000E-04  8.10838E-20   90.00  2.50000E-04 -1.00000E-04  3.12250E-04

           GRD      27 -5.000E-04 -1.00000E-04  2.50000E-04  8.98865E-20   90.00  2.50000E-04 -1.00000E-04  3.12250E-04  0.00000E+00  0.00000E+00 -0.7E+01(3)
                        5.000E-04 -1.00000E-04  2.50000E-04  8.98865E-20   90.00  2.50000E-04 -1.00000E-04  3.12250E-04

           GRD      28 -5.000E-04 -1.00000E-04  2.50000E-04 -8.61660E-20  -90.00  2.50000E-04 -1.00000E-04  3.12250E-04  0.00000E+00  0.00000E+00 -0.7E+01(3)
                        5.000E-04 -1.00000E-04  2.50000E-04 -8.61660E-20  -90.00  2.50000E-04 -1.00000E-04  3.12250E-04

           GRD      25 -5.000E-04 -1.00000E-04  2.50000E-04 -9.49687E-20  -90.00  2.50000E-04 -1.00000E-04  3.12250E-04  0.00000E+00  0.00000E+00  0.7E+01(3)
                        5.000E-04 -1.00000E-04  2.50000E-04 -9.49687E-20  -90.00  2.50000E-04 -1.00000E-04  3.12250E-04

        8  CENTER      -5.000E-04  2.50000E-04 -1.00000E-04 -6.77626E-21   -0.00  2.50000E-04 -1.00000E-04  3.12250E-04  0.00000E+00  0.00000E+00
                        5.000E-04  2.50000E-04 -1.00000E-04 -6.77626E-21   -0.00  2.50000E-04 -1.00000E-04  3.12250E-04

           GRD      29 -5.000E-04  2.50000E-04 -1.00000E-04  7.19760E-21    0.00  2.50000E-04 -1.00000E-04  3.12250E-04  0.00000E+00  0.00000E+00 -0.6E+01(3)
                        5.000E-04  2.50000E-04 -1.00000E-04  7.19760E-21    0.00  2.50000E-04 -1.00000E-04  3.12250E-04

           GRD      30 -5.000E-04  2.50000E-04 -1.00000E-04 -4.53924E-21   -0.00  2.50000E-04 -1.00000E-04  3.12250E-04  0.00000E+00  0.00000E+00  0.6E+01(3)
                        5.000E-04  2.50000E-04 -1.00000E-04 -4.53924E-21   -0.00  2.50000E-04 -1.00000E-04  3.12250E-04

           GRD      31 -5.000E-04  2.50000E-04 -1.00000E-04 -7.49602E-20   -0.00  2.50000E-04 -1.00000E-04  3.12250E-04  0.00000E+00  0.00000E+00  0.6E+01(3)
                        5.000E-04  2.50000E-04 -1.00000E-04 -7.49602E-20   -0.00  2.50000E-04 -1.00000E-04  3.12250E-04

           GRD      32 -5.000E-04  2.50000E-04 -1.00000E-04 -6.32234E-20   -0.00  2.50000E-04 -1.00000E-04  3.12250E-04  0.00000E+00  0.00000E+00 -0.6E+01(3)
                        5.000E-04  2.50000E-04 -1.00000E-04 -6.32234E-20   -0.00  2.50000E-04 -1.00000E-04  3.12250E-04

        9  CENTER      -5.000E-04  2.50000E-04 -1.00000E-04  6.83610E-16    0.00  2.50000E-04 -1.00000E-04  3.12250E-04  0.00000E+00  0.00000E+00
                        5.000E-04  2.50000E-04 -1.00000E-04  6.83610E-16    0.00  2.50000E-04 -1.00000E-04  3.12250E-04

           GRD      33 -5.000E-04  2.50000E-04 -1.00000E-04  1.99171E-15    0.00  2.50000E-04 -1.00000E-04  3.12250E-04  0.00000E+00  0.00000E+00 -0.5E-10
                        5.000E-04  2.50000E-04 -1.00000E-04  1.99171E-15    0.00  2.50000E-04 -1.00000E-04  3.12250E-04

           GRD      34 -5.000E-04  2.50000E-04 -1.00000E-04 -7.58126E-16   -0.00  2.50000E-04 -1.00000E-04  3.12250E-04  0.00000E+00  0.00000E+00  0.5E-10
                        5.000E-04  2.50000E-04 -1.00000E-04 -7.58126E-16   -0.00  2.50000E-04 -1.00000E-04  3.12250E-04

           GRD      35 -5.000E-04  2.50000E-04 -1.00000E-04 -6.24511E-16   -0.00  2.50000E-04 -1.00000E-04  3.12250E-04  0.00000E+00  0.00000E+00  0.5E-10
                        5.000E-04  2.50000E-04 -1.00000E-04 -6.24511E-16   -0.00  2.50000E-04 -1.00000E-04  3.12250E-04

           GRD      36 -5.000E-04  2.50000E-04 -1.00000E-04  2.12532E-15    0.00  2.50000E-04 -1.00000E-04  3.12250E-04  0.00000E+00  0.00000E+00 -0.5E-10
                        5.000E-04  2.50000E-04 -1.00000E-04  2.12532E-15    0.00  2.50000E-04 -1.00000E-04  3.12250E-04

       10  CENTER      -5.000E-04 -1.00000E-04  2.50000E-04  8.33593E-17   90.00  2.50000E-04 -1.00000E-04  3.12250E-04  0.00000E+00  0.00000E+00
                        5.000E-04 -1.00000E-04  2.50000E-04  8.33593E-17   90.00  2.50000E-04 -1.00000E-04  3.12250E-04

           GRD      38 -5.000E-04 -1.00000E-04  2.50000E-04 -5.63426E-16  -90.00  2.50000E-04 -1.00000E-04  3.12250E-04  0.00000E+00  0.00000E+00  0.6E-03
                        5.000E-04 -1.00000E-04  2.50000E-04 -5.63426E-16  -90.00  2.50000E-04 -1.00000E-04  3.12250E-04

           GRD      39 -5.000E-04 -1.00000E-04  2.50000E-04 -6.97029E-16  -90.00  2.50000E-04 -1.00000E-04  3.12250E-04  0.00000E+00  0.00000E+00 -0.6E-03
                        5.000E-04 -1.00000E-04  2.50000E-04 -6.97029E-16  -90.00  2.50000E-04 -1.00000E-04  3.12250E-04

           GRD      40 -5.000E-04 -1.00000E-04  2.50000E-04  7.30085E-16   90.00  2.50000E-04 -1.00000E-04  3.12250E-04  0.00000E+00  0.00000E+00 -0.6E-03
                        5.000E-04 -1.00000E-04  2.50000E-04  7.30085E-16   90.00  2.50000E-04 -1.00000E-04  3.12250E-04

           GRD      37 -5.000E-04 -1.00000E-04  2.50000E-04  8.63688E-16   90.00  2.50000E-04 -1.00000E-04  3.12250E-04  0.00000E+00  0.00000E+00  0.6E-03
                        5.000E-04 -1.00000E-04  2.50000E-04  8.63688E-16   90.00  2.50000E-04 -1.00000E-04  3.12250E-04

       11  CENTER      -5.000E-04  2.50000E-04 -1.00000E-04  3.09340E-15    0.00  2.50000E-04 -1.00000E-04  3.12250E-04  0.00000E+00  0.00000E+00
                        5.000E-04  2.50000E-04 -1.00000E-04  3.09340E-15    0.00  2.50000E-04 -1.00000E-04  3.12250E-04

           GRD      43 -5.000E-04  2.50000E-04 -1.00000E-04  5.23758E-15    0.00  2.50000E-04 -1.00000E-04  3.12250E-04  0.00000E+00  0.00000E+00 -0.2E-09
                        5.000E-04  2.50000E-04 -1.00000E-04  5.23758E-15    0.00  2.50000E-04 -1.00000E-04  3.12250E-04

           GRD      44 -5.000E-04  2.50000E-04 -1.00000E-04  1.08291E-15    0.00  2.50000E-04 -1.00000E-04  3.12250E-04  0.00000E+00  0.00000E+00  0.2E-09
                        5.000E-04  2.50000E-04 -1.00000E-04  1.08291E-15    0.00  2.50000E-04 -1.00000E-04  3.12250E-04

           GRD      41 -5.000E-04  2.50000E-04 -1.00000E-04  9.49308E-16    0.00  2.50000E-04 -1.00000E-04  3.12250E-04  0.00000E+00  0.00000E+00  0.2E-09
                        5.000E-04  2.50000E-04 -1.00000E-04  9.49308E-16    0.00  2.50000E-04 -1.00000E-04  3.12250E-04

           GRD      42 -5.000E-04  2.50000E-04 -1.00000E-04  5.10398E-15    0.00  2.50000E-04 -1.00000E-04  3.12250E-04  0.00000E+00  0.00000E+00 -0.2E-09
                        5.000E-04  2.50000E-04 -1.00000E-04  5.10398E-15    0.00  2.50000E-04 -1.00000E-04  3.12250E-04

       12  CENTER      -5.000E-04 -1.00000E-04  2.50000E-04 -5.50983E-15  -90.00  2.50000E-04 -1.00000E-04  3.12250E-04  0.00000E+00  0.00000E+00
                        5.000E-04 -1.00000E-04  2.50000E-04 -5.50983E-15  -90.00  2.50000E-04 -1.00000E-04  3.12250E-04

           GRD      48 -5.000E-04 -1.00000E-04  2.50000E-04 -1.84907E-14  -90.00  2.50000E-04 -1.00000E-04  3.12250E-04  0.00000E+00  0.00000E+00 -0.2E-03
                        5.000E-04 -1.00000E-04  2.50000E-04 -1.84907E-14  -90.00  2.50000E-04 -1.00000E-04  3.12250E-04

           GRD      45 -5.000E-04 -1.00000E-04  2.50000E-04 -1.83570E-14  -90.00  2.50000E-04 -1.00000E-04  3.12250E-04  0.00000E+00  0.00000E+00  0.2E-03
                        5.000E-04 -1.00000E-04  2.50000E-04 -1.83570E-14  -90.00  2.50000E-04 -1.00000E-04  3.12250E-04

           GRD      46 -5.000E-04 -1.00000E-04  2.50000E-04  7.47104E-15   90.00  2.50000E-04 -1.00000E-04  3.12250E-04  0.00000E+00  0.00000E+00  0.2E-03
                        5.000E-04 -1.00000E-04  2.50000E-04  7.47104E-15   90.00  2.50000E-04 -1.00000E-04  3.12250E-04

           GRD      47 -5.000E-04 -1.00000E-04  2.50000E-04  7.33742E-15   90.00  2.50000E-04 -1.00000E-04  3.12250E-04  0.00000E+00  0.00000E+00 -0.2E-03
                        5.000E-04 -1.00000E-04  2.50000E-04  7.33742E-15   90.00  2.50000E-04 -1.00000E-04  3.12250E-04
                                  ------------ ------------ ------------         ------------ ------------ ------------ ------------ ------------ --------
 MAX* :                            2.50000E-04  2.50000E-04  7.47104E-15          2.50000E-04 -1.00000E-04  3.12250E-04  0.00000E+00  0.00000E+00  0.7E+01
 MIN* :                           -1.00000E-04 -1.00000E-04 -1.84907E-14          2.50000E-04 -1.00000E-04  3.12250E-04  0.00000E+00  0.00000E+00 -0.7E+01

 ABS* :                            2.50000E-04  2.50000E-04  1.84907E-14          2.50000E-04  1.00000E-04  3.12250E-04  0.00000E+00  0.00000E+00  0.7E+01
 *for output set
 NOTE: Explanation of errors in the polynomial fit to extrapolate element corner point strains from values at the Gauss points:
       (3): Polynomial fit error is in XY shear   strain

 >> LINK  9 END

    Total CPU time =  6.25E-02 seconds

 >> MYSTRAN END    :  6/ 4/2026 at 11:55:53.971
