   604115629

 MYSTRAN Version 18.0.0   APR 20 2026 MYSTRAN developed by Dr Bill Case
*** Please report any problems to mystransolver@gmail.com ***                                                                                                                                                                                                   

 >> MYSTRAN BEGIN  :  6/ 4/2026 at 11:56:29.496 The input file is C:\Users\victo\Documents\Git\MYSTRAN_Validation\working\B30 pinned support hex20.bdf                                                                                                                                                                            


 >> LINK  0 BEGIN


SOL 105                                                                                                                                                                                                                                                         
CEND                                                                                                                                                                                                                                                            
DISPLACEMENT = ALL                                                                                                                                                                                                                                              
SPC = 1                                                                                                                                                                                                                                                         
MPC = 1                                                                                                                                                                                                                                                         
SUBCASE 1                                                                                                                                                                                                                                                       
LOAD = 1                                                                                                                                                                                                                                                        
SUBCASE 2                                                                                                                                                                                                                                                       
METHOD = 1                                                                                                                                                                                                                                                      
BEGIN BULK                                                                                                                                                                                                                                                      
ECHO: loadb GRID           1       0   0.0+0   0.0+0   0.0+0       0                                                                                                                                                                                                        
ECHO: loadb GRID           2       0  1.25-1   2.0+0  1.25-1       0                                                                                                                                                                                                        
ECHO: loadb GRID           3       0   0.0+0   4.0+0  1.25-1       0                                                                                                                                                                                                        
ECHO: loadb GRID           4       0   0.0+0   4.0+0   0.0+0       0                                                                                                                                                                                                        
ECHO: loadb GRID           5       0   0.0+0   2.0+0   0.0+0       0                                                                                                                                                                                                        
ECHO: loadb GRID           6       0  1.25-1   4.0+0  1.25-1       0                                                                                                                                                                                                        
ECHO: loadb GRID           7       0  1.25-1   4.0+0   0.0+0       0                                                                                                                                                                                                        
ECHO: loadb GRID           8       0   0.0+0   2.0+0  1.25-1       0                                                                                                                                                                                                        
ECHO: loadb GRID           9       0  1.25-1   2.0+0   0.0+0       0                                                                                                                                                                                                        
ECHO: loadb GRID          10       0  1.25-1   0.0+0   0.0+0       0                                                                                                                                                                                                        
ECHO: loadb GRID          11       0  1.25-1   0.0+0  1.25-1       0                                                                                                                                                                                                        
ECHO: loadb GRID          12       0   0.0+0   0.0+0  1.25-1       0                                                                                                                                                                                                        
ECHO: loadb GRID          13       0   0.0+0   2.4+0   0.0+0       0                                                                                                                                                                                                        
ECHO: loadb GRID          14       0   0.0+0   2.4+0  1.25-1       0                                                                                                                                                                                                        
ECHO: loadb GRID          15       0   0.0+0   2.8+0   0.0+0       0                                                                                                                                                                                                        
ECHO: loadb GRID          16       0   0.0+0   2.8+0  1.25-1       0                                                                                                                                                                                                        
ECHO: loadb GRID          17       0   0.0+0   3.2+0   0.0+0       0                                                                                                                                                                                                        
ECHO: loadb GRID          18       0   0.0+0   3.2+0  1.25-1       0                                                                                                                                                                                                        
ECHO: loadb GRID          19       0   0.0+0   3.6+0   0.0+0       0                                                                                                                                                                                                        
ECHO: loadb GRID          20       0   0.0+0   3.6+0  1.25-1       0                                                                                                                                                                                                        
ECHO: loadb GRID          21       0  1.25-1   2.4+0   0.0+0       0                                                                                                                                                                                                        
ECHO: loadb GRID          22       0  1.25-1   2.4+0  1.25-1       0                                                                                                                                                                                                        
ECHO: loadb GRID          23       0  1.25-1   2.8+0   0.0+0       0                                                                                                                                                                                                        
ECHO: loadb GRID          24       0  1.25-1   2.8+0  1.25-1       0                                                                                                                                                                                                        
ECHO: loadb GRID          25       0  1.25-1   3.2+0   0.0+0       0                                                                                                                                                                                                        
ECHO: loadb GRID          26       0  1.25-1   3.2+0  1.25-1       0                                                                                                                                                                                                        
ECHO: loadb GRID          27       0  1.25-1   3.6+0   0.0+0       0                                                                                                                                                                                                        
ECHO: loadb GRID          28       0  1.25-1   3.6+0  1.25-1       0                                                                                                                                                                                                        
ECHO: loadb GRID          29       0   0.0+0   4.0-1   0.0+0       0                                                                                                                                                                                                        
ECHO: loadb GRID          30       0   0.0+0   4.0-1  1.25-1       0                                                                                                                                                                                                        
ECHO: loadb GRID          31       0   0.0+0   8.0-1   0.0+0       0                                                                                                                                                                                                        
ECHO: loadb GRID          32       0   0.0+0   8.0-1  1.25-1       0                                                                                                                                                                                                        
ECHO: loadb GRID          33       0   0.0+0   1.2+0   0.0+0       0                                                                                                                                                                                                        
ECHO: loadb GRID          34       0   0.0+0   1.2+0  1.25-1       0                                                                                                                                                                                                        
ECHO: loadb GRID          35       0   0.0+0   1.6+0   0.0+0       0                                                                                                                                                                                                        
ECHO: loadb GRID          36       0   0.0+0   1.6+0  1.25-1       0                                                                                                                                                                                                        
ECHO: loadb GRID          37       0  1.25-1   4.0-1   0.0+0       0                                                                                                                                                                                                        
ECHO: loadb GRID          38       0  1.25-1   4.0-1  1.25-1       0                                                                                                                                                                                                        
ECHO: loadb GRID          39       0  1.25-1   8.0-1   0.0+0       0                                                                                                                                                                                                        
ECHO: loadb GRID          40       0  1.25-1   8.0-1  1.25-1       0                                                                                                                                                                                                        
ECHO: loadb GRID          41       0  1.25-1   1.2+0   0.0+0       0                                                                                                                                                                                                        
ECHO: loadb GRID          42       0  1.25-1   1.2+0  1.25-1       0                                                                                                                                                                                                        
ECHO: loadb GRID          43       0  1.25-1   1.6+0   0.0+0       0                                                                                                                                                                                                        
ECHO: loadb GRID          44       0  1.25-1   1.6+0  1.25-1       0                                                                                                                                                                                                        
ECHO: loadb GRID          45       0  6.25-2   3.6+0   0.0+0       0                                                                                                                                                                                                        
ECHO: loadb GRID          46       0  1.25-1   3.8+0   0.0+0       0                                                                                                                                                                                                        
ECHO: loadb GRID          47       0  6.25-2   4.0+0   0.0+0       0                                                                                                                                                                                                        
ECHO: loadb GRID          48       0   0.0+0   3.8+0   0.0+0       0                                                                                                                                                                                                        
ECHO: loadb GRID          49       0   0.0+0   3.6+0  6.25-2       0                                                                                                                                                                                                        
ECHO: loadb GRID          50       0  1.25-1   3.6+0  6.25-2       0                                                                                                                                                                                                        
ECHO: loadb GRID          51       0  1.25-1   4.0+0  6.25-2       0                                                                                                                                                                                                        
ECHO: loadb GRID          52       0   0.0+0   4.0+0  6.25-2       0                                                                                                                                                                                                        
ECHO: loadb GRID          53       0  6.25-2   3.6+0  1.25-1       0                                                                                                                                                                                                        
ECHO: loadb GRID          54       0  1.25-1   3.8+0  1.25-1       0                                                                                                                                                                                                        
ECHO: loadb GRID          55       0  6.25-2   4.0+0  1.25-1       0                                                                                                                                                                                                        
ECHO: loadb GRID          56       0   0.0+0   3.8+0  1.25-1       0                                                                                                                                                                                                        
ECHO: loadb GRID          57       0  6.25-2   1.6+0   0.0+0       0                                                                                                                                                                                                        
ECHO: loadb GRID          58       0  1.25-1   1.8+0   0.0+0       0                                                                                                                                                                                                        
ECHO: loadb GRID          59       0  6.25-2   2.0+0   0.0+0       0                                                                                                                                                                                                        
ECHO: loadb GRID          60       0   0.0+0   1.8+0   0.0+0       0                                                                                                                                                                                                        
ECHO: loadb GRID          61       0   0.0+0   1.6+0  6.25-2       0                                                                                                                                                                                                        
ECHO: loadb GRID          62       0  1.25-1   1.6+0  6.25-2       0                                                                                                                                                                                                        
ECHO: loadb GRID          63       0  1.25-1   2.0+0  6.25-2       0                                                                                                                                                                                                        
ECHO: loadb GRID          64       0   0.0+0   2.0+0  6.25-2       0                                                                                                                                                                                                        
ECHO: loadb GRID          65       0  6.25-2   1.6+0  1.25-1       0                                                                                                                                                                                                        
ECHO: loadb GRID          66       0  1.25-1   1.8+0  1.25-1       0                                                                                                                                                                                                        
ECHO: loadb GRID          67       0  6.25-2   2.0+0  1.25-1       0                                                                                                                                                                                                        
ECHO: loadb GRID          68       0   0.0+0   1.8+0  1.25-1       0                                                                                                                                                                                                        
ECHO: loadb GRID          69       0  1.25-1   2.2+0   0.0+0       0                                                                                                                                                                                                        
ECHO: loadb GRID          70       0  6.25-2   2.4+0   0.0+0       0                                                                                                                                                                                                        
ECHO: loadb GRID          71       0   0.0+0   2.2+0   0.0+0       0                                                                                                                                                                                                        
ECHO: loadb GRID          72       0  1.25-1   2.4+0  6.25-2       0                                                                                                                                                                                                        
ECHO: loadb GRID          73       0   0.0+0   2.4+0  6.25-2       0                                                                                                                                                                                                        
ECHO: loadb GRID          74       0  1.25-1   2.2+0  1.25-1       0                                                                                                                                                                                                        
ECHO: loadb GRID          75       0  6.25-2   2.4+0  1.25-1       0                                                                                                                                                                                                        
ECHO: loadb GRID          76       0   0.0+0   2.2+0  1.25-1       0                                                                                                                                                                                                        
ECHO: loadb GRID          77       0  1.25-1   2.6+0   0.0+0       0                                                                                                                                                                                                        
ECHO: loadb GRID          78       0  6.25-2   2.8+0   0.0+0       0                                                                                                                                                                                                        
ECHO: loadb GRID          79       0   0.0+0   2.6+0   0.0+0       0                                                                                                                                                                                                        
ECHO: loadb GRID          80       0  1.25-1   2.8+0  6.25-2       0                                                                                                                                                                                                        
ECHO: loadb GRID          81       0   0.0+0   2.8+0  6.25-2       0                                                                                                                                                                                                        
ECHO: loadb GRID          82       0  1.25-1   2.6+0  1.25-1       0                                                                                                                                                                                                        
ECHO: loadb GRID          83       0  6.25-2   2.8+0  1.25-1       0                                                                                                                                                                                                        
ECHO: loadb GRID          84       0   0.0+0   2.6+0  1.25-1       0                                                                                                                                                                                                        
ECHO: loadb GRID          85       0  1.25-1   3.0+0   0.0+0       0                                                                                                                                                                                                        
ECHO: loadb GRID          86       0  6.25-2   3.2+0   0.0+0       0                                                                                                                                                                                                        
ECHO: loadb GRID          87       0   0.0+0   3.0+0   0.0+0       0                                                                                                                                                                                                        
ECHO: loadb GRID          88       0  1.25-1   3.2+0  6.25-2       0                                                                                                                                                                                                        
ECHO: loadb GRID          89       0   0.0+0   3.2+0  6.25-2       0                                                                                                                                                                                                        
ECHO: loadb GRID          90       0  1.25-1   3.0+0  1.25-1       0                                                                                                                                                                                                        
ECHO: loadb GRID          91       0  6.25-2   3.2+0  1.25-1       0                                                                                                                                                                                                        
ECHO: loadb GRID          92       0   0.0+0   3.0+0  1.25-1       0                                                                                                                                                                                                        
ECHO: loadb GRID          93       0  1.25-1   3.4+0   0.0+0       0                                                                                                                                                                                                        
ECHO: loadb GRID          94       0   0.0+0   3.4+0   0.0+0       0                                                                                                                                                                                                        
ECHO: loadb GRID          95       0  1.25-1   3.4+0  1.25-1       0                                                                                                                                                                                                        
ECHO: loadb GRID          96       0   0.0+0   3.4+0  1.25-1       0                                                                                                                                                                                                        
ECHO: loadb GRID          97       0  6.25-2   0.0+0   0.0+0       0                                                                                                                                                                                                        
ECHO: loadb GRID          98       0  1.25-1   2.0-1   0.0+0       0                                                                                                                                                                                                        
ECHO: loadb GRID          99       0  6.25-2   4.0-1   0.0+0       0                                                                                                                                                                                                        
ECHO: loadb GRID         100       0   0.0+0   2.0-1   0.0+0       0                                                                                                                                                                                                        
ECHO: loadb GRID         101       0   0.0+0   0.0+0  6.25-2       0                                                                                                                                                                                                        
ECHO: loadb GRID         102       0  1.25-1   0.0+0  6.25-2       0                                                                                                                                                                                                        
ECHO: loadb GRID         103       0  1.25-1   4.0-1  6.25-2       0                                                                                                                                                                                                        
ECHO: loadb GRID         104       0   0.0+0   4.0-1  6.25-2       0                                                                                                                                                                                                        
ECHO: loadb GRID         105       0  6.25-2   0.0+0  1.25-1       0                                                                                                                                                                                                        
ECHO: loadb GRID         106       0  1.25-1   2.0-1  1.25-1       0                                                                                                                                                                                                        
ECHO: loadb GRID         107       0  6.25-2   4.0-1  1.25-1       0                                                                                                                                                                                                        
ECHO: loadb GRID         108       0   0.0+0   2.0-1  1.25-1       0                                                                                                                                                                                                        
ECHO: loadb GRID         109       0  1.25-1   6.0-1   0.0+0       0                                                                                                                                                                                                        
ECHO: loadb GRID         110       0  6.25-2   8.0-1   0.0+0       0                                                                                                                                                                                                        
ECHO: loadb GRID         111       0   0.0+0   6.0-1   0.0+0       0                                                                                                                                                                                                        
ECHO: loadb GRID         112       0  1.25-1   8.0-1  6.25-2       0                                                                                                                                                                                                        
ECHO: loadb GRID         113       0   0.0+0   8.0-1  6.25-2       0                                                                                                                                                                                                        
ECHO: loadb GRID         114       0  1.25-1   6.0-1  1.25-1       0                                                                                                                                                                                                        
ECHO: loadb GRID         115       0  6.25-2   8.0-1  1.25-1       0                                                                                                                                                                                                        
ECHO: loadb GRID         116       0   0.0+0   6.0-1  1.25-1       0                                                                                                                                                                                                        
ECHO: loadb GRID         117       0  1.25-1   1.0+0   0.0+0       0                                                                                                                                                                                                        
ECHO: loadb GRID         118       0  6.25-2   1.2+0   0.0+0       0                                                                                                                                                                                                        
ECHO: loadb GRID         119       0   0.0+0   1.0+0   0.0+0       0                                                                                                                                                                                                        
ECHO: loadb GRID         120       0  1.25-1   1.2+0  6.25-2       0                                                                                                                                                                                                        
ECHO: loadb GRID         121       0   0.0+0   1.2+0  6.25-2       0                                                                                                                                                                                                        
ECHO: loadb GRID         122       0  1.25-1   1.0+0  1.25-1       0                                                                                                                                                                                                        
ECHO: loadb GRID         123       0  6.25-2   1.2+0  1.25-1       0                                                                                                                                                                                                        
ECHO: loadb GRID         124       0   0.0+0   1.0+0  1.25-1       0                                                                                                                                                                                                        
ECHO: loadb GRID         125       0  1.25-1   1.4+0   0.0+0       0                                                                                                                                                                                                        
ECHO: loadb GRID         126       0   0.0+0   1.4+0   0.0+0       0                                                                                                                                                                                                        
ECHO: loadb GRID         127       0  1.25-1   1.4+0  1.25-1       0                                                                                                                                                                                                        
ECHO: loadb GRID         128       0   0.0+0   1.4+0  1.25-1       0                                                                                                                                                                                                        
ECHO: loadb PARAM    STR_CID      -2                                                                                                                                                                                                                                        
ECHO: loadb MAT1           1  2.1+11 1.05+11   0.0+0   0.0+0   0.0+0   0.0+0                                                                                                                                                                                                
ECHO: loadb SPC            1       3       1   0.0+0                                                                                                                                                                                                                        
ECHO: loadb SPC            1       3       3   0.0+0                                                                                                                                                                                                                        
ECHO: loadb SPC            1       4       1   0.0+0                                                                                                                                                                                                                        
ECHO: loadb SPC            1       4       3   0.0+0                                                                                                                                                                                                                        
ECHO: loadb SPC            1       6       1   0.0+0                                                                                                                                                                                                                        
ECHO: loadb SPC            1       6       3   0.0+0                                                                                                                                                                                                                        
ECHO: loadb SPC            1       7       1   0.0+0                                                                                                                                                                                                                        
ECHO: loadb SPC            1       7       3   0.0+0                                                                                                                                                                                                                        
ECHO: loadb SPC            1      47       1   0.0+0                                                                                                                                                                                                                        
ECHO: loadb SPC            1      47       3   0.0+0                                                                                                                                                                                                                        
ECHO: loadb SPC            1      51       1   0.0+0                                                                                                                                                                                                                        
ECHO: loadb SPC            1      51       3   0.0+0                                                                                                                                                                                                                        
ECHO: loadb SPC            1      52       1   0.0+0                                                                                                                                                                                                                        
ECHO: loadb SPC            1      52       3   0.0+0                                                                                                                                                                                                                        
ECHO: loadb SPC            1      55       1   0.0+0                                                                                                                                                                                                                        
ECHO: loadb SPC            1      55       3   0.0+0                                                                                                                                                                                                                        
ECHO: loadb MPC*                   1             105               1 5.20833333333-3*                                                                                                                                                                                       
ECHO: loadb *                      1               1-1.30208333333-3                *                                                                                                                                                                                       
ECHO nextc2: *                                     97               1 5.20833333333-3*                                                                                                                                                                                       
ECHO nextc2: *                     10               1-1.30208333333-3                *                                                                                                                                                                                       
ECHO nextc2: *                                    102               1 5.20833333333-3*                                                                                                                                                                                       
ECHO nextc2: *                     11               1-1.30208333333-3                *                                                                                                                                                                                       
ECHO nextc2: *                                     12               1-1.30208333333-3*                                                                                                                                                                                       
ECHO nextc2: *                    101               1 5.20833333333-3                                                                                                                                                                                                        
ECHO: loadb MPC*                   1             105               2 5.20833333333-3*                                                                                                                                                                                       
ECHO: loadb *                      1               2-1.30208333333-3                *                                                                                                                                                                                       
ECHO nextc2: *                                     97               2 5.20833333333-3*                                                                                                                                                                                       
ECHO nextc2: *                     10               2-1.30208333333-3                *                                                                                                                                                                                       
ECHO nextc2: *                                    102               2 5.20833333333-3*                                                                                                                                                                                       
ECHO nextc2: *                     11               2-1.30208333333-3                *                                                                                                                                                                                       
ECHO nextc2: *                                     12               2-1.30208333333-3*                                                                                                                                                                                       
ECHO nextc2: *                    101               2 5.20833333333-3                                                                                                                                                                                                        
ECHO: loadb MPC*                   1             105               3 5.20833333333-3*                                                                                                                                                                                       
ECHO: loadb *                      1               3-1.30208333333-3                *                                                                                                                                                                                       
ECHO nextc2: *                                     97               3 5.20833333333-3*                                                                                                                                                                                       
ECHO nextc2: *                     10               3-1.30208333333-3                *                                                                                                                                                                                       
ECHO nextc2: *                                    102               3 5.20833333333-3*                                                                                                                                                                                       
ECHO nextc2: *                     11               3-1.30208333333-3                *                                                                                                                                                                                       
ECHO nextc2: *                                     12               3-1.30208333333-3*                                                                                                                                                                                       
ECHO nextc2: *                    101               3 5.20833333333-3                                                                                                                                                                                                        
ECHO: loadb PSOLID         1       1       0       3               1                                                                                                                                                                                                        
ECHO: loadb CHEXA          1       1      19      27       7       4      20      28+                                                                                                                                                                                       
ECHO:  nextc +              6       3      45      46      47      48      49      50+                                                                                                                                                                                       
ECHO:  nextc +             51      52      53      54      55      56                                                                                                                                                                                                        
ECHO: loadb CHEXA          2       1      35      43       9       5      36      44+                                                                                                                                                                                       
ECHO:  nextc +              2       8      57      58      59      60      61      62+                                                                                                                                                                                       
ECHO:  nextc +             63      64      65      66      67      68                                                                                                                                                                                                        
ECHO: loadb CHEXA          3       1       5       9      21      13       8       2+                                                                                                                                                                                       
ECHO:  nextc +             22      14      59      69      70      71      64      63+                                                                                                                                                                                       
ECHO:  nextc +             72      73      67      74      75      76                                                                                                                                                                                                        
ECHO: loadb CHEXA          4       1      13      21      23      15      14      22+                                                                                                                                                                                       
ECHO:  nextc +             24      16      70      77      78      79      73      72+                                                                                                                                                                                       
ECHO:  nextc +             80      81      75      82      83      84                                                                                                                                                                                                        
ECHO: loadb CHEXA          5       1      15      23      25      17      16      24+                                                                                                                                                                                       
ECHO:  nextc +             26      18      78      85      86      87      81      80+                                                                                                                                                                                       
ECHO:  nextc +             88      89      83      90      91      92                                                                                                                                                                                                        
ECHO: loadb CHEXA          6       1      17      25      27      19      18      26+                                                                                                                                                                                       
ECHO:  nextc +             28      20      86      93      45      94      89      88+                                                                                                                                                                                       
ECHO:  nextc +             50      49      91      95      53      96                                                                                                                                                                                                        
ECHO: loadb CHEXA          7       1       1      10      37      29      12      11+                                                                                                                                                                                       
ECHO:  nextc +             38      30      97      98      99     100     101     102+                                                                                                                                                                                       
ECHO:  nextc +            103     104     105     106     107     108                                                                                                                                                                                                        
ECHO: loadb CHEXA          8       1      29      37      39      31      30      38+                                                                                                                                                                                       
ECHO:  nextc +             40      32      99     109     110     111     104     103+                                                                                                                                                                                       
ECHO:  nextc +            112     113     107     114     115     116                                                                                                                                                                                                        
ECHO: loadb CHEXA          9       1      31      39      41      33      32      40+                                                                                                                                                                                       
ECHO:  nextc +             42      34     110     117     118     119     113     112+                                                                                                                                                                                       
ECHO:  nextc +            120     121     115     122     123     124                                                                                                                                                                                                        
ECHO: loadb CHEXA         10       1      33      41      43      35      34      42+                                                                                                                                                                                       
ECHO:  nextc +             44      36     118     125      57     126     121     120+                                                                                                                                                                                       
ECHO:  nextc +             62      61     123     127      65     128                                                                                                                                                                                                        
ECHO: loadb FORCE*                 2               7               0           1.0+0*                                                                                                                                                                                       
ECHO: loadb *                  0.0+0 8.33333333333-2           0.0+0                                                                                                                                                                                                        
ECHO: loadb FORCE*                 2               4               0           1.0+0*                                                                                                                                                                                       
ECHO: loadb *                  0.0+0 8.33333333333-2           0.0+0                                                                                                                                                                                                        
ECHO: loadb FORCE*                 2               6               0           1.0+0*                                                                                                                                                                                       
ECHO: loadb *                  0.0+0 8.33333333333-2           0.0+0                                                                                                                                                                                                        
ECHO: loadb FORCE*                 2               3               0           1.0+0*                                                                                                                                                                                       
ECHO: loadb *                  0.0+0 8.33333333333-2           0.0+0                                                                                                                                                                                                        
ECHO: loadb FORCE*                 2              47               0           1.0+0*                                                                                                                                                                                       
ECHO: loadb *                  0.0+0-3.33333333333-1           0.0+0                                                                                                                                                                                                        
ECHO: loadb FORCE*                 2              51               0           1.0+0*                                                                                                                                                                                       
ECHO: loadb *                  0.0+0-3.33333333333-1           0.0+0                                                                                                                                                                                                        
ECHO: loadb FORCE*                 2              52               0           1.0+0*                                                                                                                                                                                       
ECHO: loadb *                  0.0+0-3.33333333333-1           0.0+0                                                                                                                                                                                                        
ECHO: loadb FORCE*                 2              55               0           1.0+0*                                                                                                                                                                                       
ECHO: loadb *                  0.0+0-3.33333333333-1           0.0+0                                                                                                                                                                                                        
ECHO: loadb EIGRL          1                       4       0           1.0+5    MASS                                                                                                                                                                                        
ECHO: loadb LOAD           1   1.0+0   1.0+0       2                                                                                                                                                                                                                        
ECHO: loadb ENDDATA                                                                                                                                                                                                                                                         





 >> LINK  0 END


 >> LINK  1 BEGIN

               DEALLOCATED  2.30E+00 MB MEMORY FROM ARRAY STF3


 *INFORMATION: AUTOSPC Summary, Stage 1 after identification of AUTOSPC's at the grid level                                                 

                                     AUTOSPC_RAT = 1.000000E-08

                       Number of DOF's identified for AUTOSPC in component  1         =            0
                       Number of DOF's identified for AUTOSPC in component  2         =            0
                       Number of DOF's identified for AUTOSPC in component  3         =            0
                       Number of DOF's identified for AUTOSPC in component  4         =          121
                       Number of DOF's identified for AUTOSPC in component  5         =          121
                       Number of DOF's identified for AUTOSPC in component  6         =          121
                                                                                        ------------
                       Total number of DOF's identified in this stage                 =          363

               DEALLOCATED  3.07E-03 MB MEMORY FROM ARRAY STFKEY
               DEALLOCATED  2.30E+00 MB MEMORY FROM ARRAY STF3

 >> LINK  1 END


 >> LINK  2 BEGIN



 *INFORMATION: AUTOSPC Summary, Stage 2 after identification of AUTOSPC's to eliminate null rows in the N-set stiffness matrix              

                       Number of DOF's identified for AUTOSPC in component  1         =            0
                       Number of DOF's identified for AUTOSPC in component  2         =            0
                       Number of DOF's identified for AUTOSPC in component  3         =            0
                       Number of DOF's identified for AUTOSPC in component  4         =            7
                       Number of DOF's identified for AUTOSPC in component  5         =            7
                       Number of DOF's identified for AUTOSPC in component  6         =            7
                                                                                        ------------
                       Total number of DOF's identified in this stage                 =           21


 *INFORMATION: AUTOSPC Summary, Overall: after identification of all AUTOSPC's                                                               

                                     AUTOSPC_RAT = 1.000000E-08

                       Number of DOF's identified for AUTOSPC in component  1         =            0
                       Number of DOF's identified for AUTOSPC in component  2         =            0
                       Number of DOF's identified for AUTOSPC in component  3         =            0
                       Number of DOF's identified for AUTOSPC in component  4         =          128
                       Number of DOF's identified for AUTOSPC in component  5         =          128
                       Number of DOF's identified for AUTOSPC in component  6         =          128
                                                                                        ------------
                       Total number of DOF's identified overall                       =          384


 >> LINK  2 END


 >> LINK  3 BEGIN

 SUPERLU FACTORIZATION OF MATRIX KLL SUCCEEDED IN SUBR SYM_MAT_DECOMP_SUPRLU          

 *INFORMATION: FOR INTERNAL SUBCASE NUMBER        1 EPSILON ERROR ESTIMATE            = -3.011827E-14 Based on U'*(K*U - P)/(U'*P)

 *WARNING    : CANNOT CALCULATE EPSILON ERROR ESTIMATE FOR INTERNAL SUBCASE NUMBER        2
               THE DOT PRODUCT OF DISPL AND LOAD VECTORS                     =    0.000000E+00 CANNOT BE INVERTED.
               IT IS TOO SMALL COMPARED TO MACHINE SAFE MINIMUM (MACH_SFMIN) =    2.225074-308


 >> LINK  3 END


 >> LINK  5 BEGIN


 >> LINK  5 END


 >> LINK  9 BEGIN



 OUTPUT FOR SUBCASE        1

                                                       D I S P L A C E M E N T S
                                              (in global coordinate system at each grid)
           GRID     COORD      T1            T2            T3            R1            R2            R3
                     SYS
              1        0 -1.563499E-23 -1.365169E-22  1.075537E-23  0.0           0.0           0.0         
              2        0  1.187023E-21 -6.095238E-10 -5.223626E-21  0.0           0.0           0.0         
              3        0  0.0          -1.219048E-09  0.0           0.0           0.0           0.0         
              4        0  0.0          -1.219048E-09  0.0           0.0           0.0           0.0         
              5        0  1.172640E-21 -6.095238E-10 -5.209184E-21  0.0           0.0           0.0         
              6        0  0.0          -1.219048E-09  0.0           0.0           0.0           0.0         
              7        0  0.0          -1.219048E-09  0.0           0.0           0.0           0.0         
              8        0  1.187772E-21 -6.095238E-10 -5.208997E-21  0.0           0.0           0.0         
              9        0  1.172613E-21 -6.095238E-10 -5.223825E-21  0.0           0.0           0.0         
             10        0 -1.083590E-23 -3.280645E-22 -1.564107E-23  0.0           0.0           0.0         
             11        0  1.566109E-23  1.556064E-22 -1.081118E-23  0.0           0.0           0.0         
             12        0  1.083321E-23  3.471066E-22  1.571735E-23  0.0           0.0           0.0         
             13        0  8.286760E-22 -7.314286E-10 -5.115373E-21  0.0           0.0           0.0         
             14        0  8.300507E-22 -7.314286E-10 -5.114522E-21  0.0           0.0           0.0         
             15        0  5.026795E-22 -8.533333E-10 -4.432201E-21  0.0           0.0           0.0         
             16        0  4.997376E-22 -8.533333E-10 -4.432344E-21  0.0           0.0           0.0         
             17        0  2.862988E-22 -9.752381E-10 -3.210189E-21  0.0           0.0           0.0         
             18        0  2.804777E-22 -9.752381E-10 -3.209899E-21  0.0           0.0           0.0         
             19        0  1.478423E-22 -1.097143E-09 -1.664029E-21  0.0           0.0           0.0         
             20        0  1.490103E-22 -1.097143E-09 -1.664635E-21  0.0           0.0           0.0         
             21        0  8.286258E-22 -7.314286E-10 -5.116207E-21  0.0           0.0           0.0         
             22        0  8.300884E-22 -7.314286E-10 -5.116543E-21  0.0           0.0           0.0         
             23        0  5.029402E-22 -8.533333E-10 -4.429017E-21  0.0           0.0           0.0         
             24        0  4.998772E-22 -8.533333E-10 -4.429437E-21  0.0           0.0           0.0         
             25        0  2.866461E-22 -9.752381E-10 -3.203655E-21  0.0           0.0           0.0         
             26        0  2.799251E-22 -9.752381E-10 -3.203169E-21  0.0           0.0           0.0         
             27        0  1.484691E-22 -1.097143E-09 -1.664911E-21  0.0           0.0           0.0         
             28        0  1.492004E-22 -1.097143E-09 -1.665370E-21  0.0           0.0           0.0         
             29        0  5.830043E-22 -1.219048E-10 -1.509439E-21  0.0           0.0           0.0         
             30        0  6.098026E-22 -1.219048E-10 -1.508989E-21  0.0           0.0           0.0         
             31        0  1.094685E-21 -2.438095E-10 -2.907415E-21  0.0           0.0           0.0         
             32        0  1.122947E-21 -2.438095E-10 -2.907076E-21  0.0           0.0           0.0         
             33        0  1.417886E-21 -3.657143E-10 -4.056562E-21  0.0           0.0           0.0         
             34        0  1.446626E-21 -3.657143E-10 -4.056836E-21  0.0           0.0           0.0         
             35        0  1.438864E-21 -4.876190E-10 -4.843753E-21  0.0           0.0           0.0         
             36        0  1.471151E-21 -4.876190E-10 -4.841484E-21  0.0           0.0           0.0         
             37        0  5.834456E-22 -1.219048E-10 -1.536221E-21  0.0           0.0           0.0         
             38        0  6.102503E-22 -1.219048E-10 -1.535833E-21  0.0           0.0           0.0         
             39        0  1.094736E-21 -2.438095E-10 -2.935489E-21  0.0           0.0           0.0         
             40        0  1.122851E-21 -2.438095E-10 -2.935254E-21  0.0           0.0           0.0         
             41        0  1.418285E-21 -3.657143E-10 -4.085130E-21  0.0           0.0           0.0         
             42        0  1.446615E-21 -3.657143E-10 -4.085309E-21  0.0           0.0           0.0         
             43        0  1.438753E-21 -4.876190E-10 -4.871907E-21  0.0           0.0           0.0         
             44        0  1.467524E-21 -4.876190E-10 -4.871611E-21  0.0           0.0           0.0         
             45        0  1.481817E-22 -1.097143E-09 -1.664812E-21  0.0           0.0           0.0         
             46        0  7.312681E-23 -1.158095E-09 -8.380881E-22  0.0           0.0           0.0         
             47        0  0.0          -1.219048E-09  0.0           0.0           0.0           0.0         
             48        0  7.251701E-23 -1.158095E-09 -8.367164E-22  0.0           0.0           0.0         
             49        0  1.486497E-22 -1.097143E-09 -1.664335E-21  0.0           0.0           0.0         
             50        0  1.486135E-22 -1.097143E-09 -1.665122E-21  0.0           0.0           0.0         
             51        0  0.0          -1.219048E-09  0.0           0.0           0.0           0.0         
             52        0  0.0          -1.219048E-09  0.0           0.0           0.0           0.0         
             53        0  1.490854E-22 -1.097143E-09 -1.664774E-21  0.0           0.0           0.0         
             54        0  7.432481E-23 -1.158095E-09 -8.380212E-22  0.0           0.0           0.0         
             55        0  0.0          -1.219048E-09  0.0           0.0           0.0           0.0         
             56        0  7.392929E-23 -1.158095E-09 -8.367978E-22  0.0           0.0           0.0         
             57        0  1.438943E-21 -4.876190E-10 -4.857238E-21  0.0           0.0           0.0         
             58        0  1.329455E-21 -5.485714E-10 -5.100596E-21  0.0           0.0           0.0         
             59        0  1.172660E-21 -6.095238E-10 -5.216426E-21  0.0           0.0           0.0         
             60        0  1.330142E-21 -5.485714E-10 -5.078276E-21  0.0           0.0           0.0         
             61        0  1.453847E-21 -4.876190E-10 -4.842520E-21  0.0           0.0           0.0         
             62        0  1.453606E-21 -4.876190E-10 -4.871789E-21  0.0           0.0           0.0         
             63        0  1.180076E-21 -6.095238E-10 -5.223756E-21  0.0           0.0           0.0         
             64        0  1.180233E-21 -6.095238E-10 -5.209107E-21  0.0           0.0           0.0         
             65        0  1.469021E-21 -4.876190E-10 -4.857426E-21  0.0           0.0           0.0         
             66        0  1.351940E-21 -5.485714E-10 -5.100159E-21  0.0           0.0           0.0         
             67        0  1.187536E-21 -6.095238E-10 -5.216376E-21  0.0           0.0           0.0         
             68        0  1.352337E-21 -5.485714E-10 -5.077801E-21  0.0           0.0           0.0         
             69        0  9.997011E-22 -6.704762E-10 -5.236358E-21  0.0           0.0           0.0         
             70        0  8.286584E-22 -7.314286E-10 -5.115691E-21  0.0           0.0           0.0         
             71        0  9.997104E-22 -6.704762E-10 -5.228234E-21  0.0           0.0           0.0         
             72        0  8.292880E-22 -7.314286E-10 -5.116350E-21  0.0           0.0           0.0         
             73        0  8.292603E-22 -7.314286E-10 -5.114915E-21  0.0           0.0           0.0         
             74        0  1.007930E-21 -6.704762E-10 -5.236275E-21  0.0           0.0           0.0         
             75        0  8.300717E-22 -7.314286E-10 -5.115630E-21  0.0           0.0           0.0         
             76        0  1.007837E-21 -6.704762E-10 -5.228137E-21  0.0           0.0           0.0         
             77        0  6.616117E-22 -7.923810E-10 -4.852603E-21  0.0           0.0           0.0         
             78        0  5.028056E-22 -8.533333E-10 -4.430804E-21  0.0           0.0           0.0         
             79        0  6.615465E-22 -7.923810E-10 -4.852580E-21  0.0           0.0           0.0         
             80        0  5.013116E-22 -8.533333E-10 -4.429257E-21  0.0           0.0           0.0         
             81        0  5.013423E-22 -8.533333E-10 -4.432252E-21  0.0           0.0           0.0         
             82        0  6.617167E-22 -7.923810E-10 -4.852679E-21  0.0           0.0           0.0         
             83        0  4.998178E-22 -8.533333E-10 -4.430674E-21  0.0           0.0           0.0         
             84        0  6.617867E-22 -7.923810E-10 -4.852803E-21  0.0           0.0           0.0         
             85        0  3.720982E-22 -9.142857E-10 -3.868617E-21  0.0           0.0           0.0         
             86        0  2.864733E-22 -9.752381E-10 -3.206717E-21  0.0           0.0           0.0         
             87        0  3.717950E-22 -9.142857E-10 -3.874060E-21  0.0           0.0           0.0         
             88        0  2.833773E-22 -9.752381E-10 -3.203426E-21  0.0           0.0           0.0         
             89        0  2.833835E-22 -9.752381E-10 -3.210001E-21  0.0           0.0           0.0         
             90        0  3.663875E-22 -9.142857E-10 -3.868549E-21  0.0           0.0           0.0         
             91        0  2.802026E-22 -9.752381E-10 -3.206770E-21  0.0           0.0           0.0         
             92        0  3.663342E-22 -9.142857E-10 -3.874162E-21  0.0           0.0           0.0         
             93        0  2.208617E-22 -1.036190E-09 -2.460151E-21  0.0           0.0           0.0         
             94        0  2.208270E-22 -1.036190E-09 -2.462312E-21  0.0           0.0           0.0         
             95        0  2.187112E-22 -1.036190E-09 -2.460308E-21  0.0           0.0           0.0         
             96        0  2.185907E-22 -1.036190E-09 -2.462337E-21  0.0           0.0           0.0         
             97        0 -1.323192E-23 -2.393934E-22 -2.429159E-24  0.0           0.0           0.0         
             98        0  2.893969E-22 -6.095238E-11 -7.818524E-22  0.0           0.0           0.0         
             99        0  5.832159E-22 -1.219048E-10 -1.522845E-21  0.0           0.0           0.0         
            100        0  2.910389E-22 -6.095238E-11 -7.552519E-22  0.0           0.0           0.0         
            101        0 -2.424874E-24  9.812213E-23  1.323846E-23  0.0           0.0           0.0         
            102        0  2.421755E-24 -9.336196E-23 -1.323025E-23  0.0           0.0           0.0         
            103        0  5.968314E-22 -1.219048E-10 -1.536029E-21  0.0           0.0           0.0         
            104        0  5.964233E-22 -1.219048E-10 -1.509214E-21  0.0           0.0           0.0         
            105        0  1.324089E-23  2.441662E-22  2.426068E-24  0.0           0.0           0.0         
            106        0  3.159977E-22 -6.095238E-11 -7.835036E-22  0.0           0.0           0.0         
            107        0  6.100409E-22 -1.219048E-10 -1.522387E-21  0.0           0.0           0.0         
            108        0  3.176480E-22 -6.095238E-11 -7.569045E-22  0.0           0.0           0.0         
            109        0  8.549737E-22 -1.828571E-10 -2.258634E-21  0.0           0.0           0.0         
            110        0  1.094726E-21 -2.438095E-10 -2.921368E-21  0.0           0.0           0.0         
            111        0  8.547910E-22 -1.828571E-10 -2.231219E-21  0.0           0.0           0.0         
            112        0  1.108845E-21 -2.438095E-10 -2.935367E-21  0.0           0.0           0.0         
            113        0  1.108704E-21 -2.438095E-10 -2.907243E-21  0.0           0.0           0.0         
            114        0  8.824181E-22 -1.828571E-10 -2.258367E-21  0.0           0.0           0.0         
            115        0  1.122871E-21 -2.438095E-10 -2.921269E-21  0.0           0.0           0.0         
            116        0  8.821828E-22 -1.828571E-10 -2.230903E-21  0.0           0.0           0.0         
            117        0  1.287831E-21 -3.047619E-10 -3.549846E-21  0.0           0.0           0.0         
            118        0  1.418044E-21 -3.657143E-10 -4.071032E-21  0.0           0.0           0.0         
            119        0  1.287841E-21 -3.047619E-10 -3.521096E-21  0.0           0.0           0.0         
            120        0  1.432321E-21 -3.657143E-10 -4.085215E-21  0.0           0.0           0.0         
            121        0  1.432569E-21 -3.657143E-10 -4.056716E-21  0.0           0.0           0.0         
            122        0  1.316535E-21 -3.047619E-10 -3.549967E-21  0.0           0.0           0.0         
            123        0  1.446701E-21 -3.657143E-10 -4.070840E-21  0.0           0.0           0.0         
            124        0  1.316491E-21 -3.047619E-10 -3.521332E-21  0.0           0.0           0.0         
            125        0  1.471928E-21 -4.266667E-10 -4.529718E-21  0.0           0.0           0.0         
            126        0  1.472312E-21 -4.266667E-10 -4.500569E-21  0.0           0.0           0.0         
            127        0  1.501360E-21 -4.266667E-10 -4.529496E-21  0.0           0.0           0.0         
            128        0  1.501498E-21 -4.266667E-10 -4.500129E-21  0.0           0.0           0.0         
                         ------------- ------------- ------------- ------------- ------------- -------------
                MAX* :    1.501498E-21  3.471066E-22  1.571735E-23  0.0           0.0           0.0         
                MIN* :   -1.563499E-23 -1.219048E-09 -5.236358E-21  0.0           0.0           0.0         

                ABS* :    1.501498E-21  1.219048E-09  5.236358E-21  0.0           0.0           0.0         
                *for output set

                                                    SPC Force Summary on AUTOSPC'd DOF's
                                                 (in global coordinate system at each grid)
        For detailed information on the SPC forces for the AUTOSPC DOF's, set field 7 (AUTOSPC_SPCF) on the PARAM AUTOSPC entry to Y

                              T1             T2             T3             R1             R2             R3

 ABS AUTOSPC FORCES  :   0.000000E+00   0.000000E+00   0.000000E+00   0.000000E+00   0.000000E+00   0.000000E+00
 AUTOSPC FORCE TOTALS:   0.000000E+00   0.000000E+00   0.000000E+00   0.000000E+00   0.000000E+00   0.000000E+00
     (for output set)

 >> LINK  9 END

 >> LINK  1 BEGIN

               DEALLOCATED  2.30E+00 MB MEMORY FROM ARRAY STF3
               DEALLOCATED  3.07E-03 MB MEMORY FROM ARRAY STFKEY
               DEALLOCATED  2.30E+00 MB MEMORY FROM ARRAY STF3

 >> LINK  1 END


 >> LINK  2 BEGIN

 *INFORMATION: MAX DIAGONAL TERM IN THE KGGD MATRIX IS =  0.00E+00 WHICH IS TOO SMALL FOR CALCULATION OF MATRIX STATS
               IN SUBR GET_MATRIX_DIAG_STATS          
 *INFORMATION: MAX DIAGONAL TERM IN THE KNND MATRIX IS =  0.00E+00 WHICH IS TOO SMALL FOR CALCULATION OF MATRIX STATS
               IN SUBR GET_MATRIX_DIAG_STATS          
 *INFORMATION: MAX DIAGONAL TERM IN THE KAAD MATRIX IS =  0.00E+00 WHICH IS TOO SMALL FOR CALCULATION OF MATRIX STATS
               IN SUBR GET_MATRIX_DIAG_STATS          
 *INFORMATION: MAX DIAGONAL TERM IN THE KLLD MATRIX IS =  0.00E+00 WHICH IS TOO SMALL FOR CALCULATION OF MATRIX STATS
               IN SUBR GET_MATRIX_DIAG_STATS          

 >> LINK  2 END


 >> LINK  4 BEGIN

 SUPERLU FACTORIZATION OF MATRIX KMSM SUCCEEDED IN SUBR SYM_MAT_DECOMP_SUPRLU          


                           E I G E N V A L U E   A N A L Y S I S   S U M M A R Y   (LANCZOS  Mode 2 DGB, Shift eigen =  1.00E+05)
                                                                      (SPARSE solution)

                                NUMBER OF EIGENVALUES EXTRACTED  . . . . . .         4

                                LARGEST OFF-DIAGONAL GENERALIZED MASS TERM     6.6E-05 (Vecs renormed to 1.0 for gen masses)

                                                                       . . .         3
                                          MODE PAIR . . . . . . . . . .
                                                                       . . .         2

                                NUMBER OF OFF DIAGONAL GENERALIZED MASS
                                TERMS FAILING CRITERION OF  1.0E-04. . . . .         0



                                            R E A L   E I G E N V A L U E S
                                           (subcase 1 buckling load factors)

                                         MODE  EXTRACTION      EIGENVALUE
                                        NUMBER   ORDER

                                             1       1        2.645393E+06
                                             2       2        2.645393E+06
                                             3       3        1.070142E+07
                                             4       4        1.070142E+07



 >> LINK  4 END


 >> LINK  5 BEGIN


 >> LINK  5 END


 >> LINK  9 BEGIN



 OUTPUT FOR EIGENVECTOR        1

                                                         E I G E N V E C T O R
                                              (in global coordinate system at each grid)
           GRID     COORD      T1            T2            T3            R1            R2            R3
                     SYS
              1        0 -8.263817E-13  4.382001E-02  8.257109E-13  0.0           0.0           0.0         
              2        0  9.006001E-01  1.534126E-13 -1.091518E-02  0.0           0.0           0.0         
              3        0  0.0          -4.489523E-02  0.0           0.0           0.0           0.0         
              4        0  0.0          -4.382001E-02  0.0           0.0           0.0           0.0         
              5        0  9.006001E-01 -1.477561E-13 -1.091518E-02  0.0           0.0           0.0         
              6        0  0.0           4.382001E-02  0.0           0.0           0.0           0.0         
              7        0  0.0           4.489523E-02  0.0           0.0           0.0           0.0         
              8        0  9.006001E-01  6.186511E-14 -1.091518E-02  0.0           0.0           0.0         
              9        0  9.006001E-01 -5.967815E-14 -1.091518E-02  0.0           0.0           0.0         
             10        0 -8.287697E-13 -4.489523E-02 -8.257351E-13  0.0           0.0           0.0         
             11        0  8.291448E-13 -4.382001E-02 -8.284494E-13  0.0           0.0           0.0         
             12        0  8.263194E-13  4.489523E-02  8.281837E-13  0.0           0.0           0.0         
             13        0  8.565216E-01 -1.354113E-02 -1.038095E-02  0.0           0.0           0.0         
             14        0  8.565216E-01 -1.387339E-02 -1.038095E-02  0.0           0.0           0.0         
             15        0  7.286008E-01 -2.575676E-02 -8.830567E-03  0.0           0.0           0.0         
             16        0  7.286008E-01 -2.638875E-02 -8.830567E-03  0.0           0.0           0.0         
             17        0  5.293594E-01 -3.545113E-02 -6.415783E-03  0.0           0.0           0.0         
             18        0  5.293594E-01 -3.632100E-02 -6.415783E-03  0.0           0.0           0.0         
             19        0  2.783007E-01 -4.167531E-02 -3.372977E-03  0.0           0.0           0.0         
             20        0  2.783007E-01 -4.269790E-02 -3.372977E-03  0.0           0.0           0.0         
             21        0  8.565216E-01  1.387339E-02 -1.038095E-02  0.0           0.0           0.0         
             22        0  8.565216E-01  1.354113E-02 -1.038095E-02  0.0           0.0           0.0         
             23        0  7.286008E-01  2.638875E-02 -8.830567E-03  0.0           0.0           0.0         
             24        0  7.286008E-01  2.575676E-02 -8.830567E-03  0.0           0.0           0.0         
             25        0  5.293594E-01  3.632100E-02 -6.415783E-03  0.0           0.0           0.0         
             26        0  5.293594E-01  3.545113E-02 -6.415783E-03  0.0           0.0           0.0         
             27        0  2.783007E-01  4.269790E-02 -3.372977E-03  0.0           0.0           0.0         
             28        0  2.783007E-01  4.167531E-02 -3.372977E-03  0.0           0.0           0.0         
             29        0  2.783007E-01  4.167531E-02 -3.372977E-03  0.0           0.0           0.0         
             30        0  2.783007E-01  4.269790E-02 -3.372977E-03  0.0           0.0           0.0         
             31        0  5.293594E-01  3.545113E-02 -6.415783E-03  0.0           0.0           0.0         
             32        0  5.293594E-01  3.632100E-02 -6.415783E-03  0.0           0.0           0.0         
             33        0  7.286008E-01  2.575676E-02 -8.830567E-03  0.0           0.0           0.0         
             34        0  7.286008E-01  2.638875E-02 -8.830567E-03  0.0           0.0           0.0         
             35        0  8.565216E-01  1.354113E-02 -1.038095E-02  0.0           0.0           0.0         
             36        0  8.565216E-01  1.387339E-02 -1.038095E-02  0.0           0.0           0.0         
             37        0  2.783007E-01 -4.269790E-02 -3.372977E-03  0.0           0.0           0.0         
             38        0  2.783007E-01 -4.167531E-02 -3.372977E-03  0.0           0.0           0.0         
             39        0  5.293594E-01 -3.632100E-02 -6.415783E-03  0.0           0.0           0.0         
             40        0  5.293594E-01 -3.545113E-02 -6.415783E-03  0.0           0.0           0.0         
             41        0  7.286008E-01 -2.638875E-02 -8.830567E-03  0.0           0.0           0.0         
             42        0  7.286008E-01 -2.575676E-02 -8.830567E-03  0.0           0.0           0.0         
             43        0  8.565216E-01 -1.387339E-02 -1.038095E-02  0.0           0.0           0.0         
             44        0  8.565216E-01 -1.354113E-02 -1.038095E-02  0.0           0.0           0.0         
             45        0  2.783007E-01  5.112974E-04 -3.372977E-03  0.0           0.0           0.0         
             46        0  1.408886E-01  4.406579E-02 -1.707555E-03  0.0           0.0           0.0         
             47        0  0.0           5.376099E-04  0.0           0.0           0.0           0.0         
             48        0  1.408886E-01 -4.301043E-02 -1.707555E-03  0.0           0.0           0.0         
             49        0  2.783007E-01 -4.218660E-02 -3.372977E-03  0.0           0.0           0.0         
             50        0  2.783007E-01  4.218660E-02 -3.372977E-03  0.0           0.0           0.0         
             51        0  0.0           4.435762E-02  0.0           0.0           0.0           0.0         
             52        0  0.0          -4.435762E-02  0.0           0.0           0.0           0.0         
             53        0  2.783007E-01 -5.112974E-04 -3.372977E-03  0.0           0.0           0.0         
             54        0  1.408886E-01  4.301043E-02 -1.707555E-03  0.0           0.0           0.0         
             55        0  0.0          -5.376099E-04  0.0           0.0           0.0           0.0         
             56        0  1.408886E-01 -4.406579E-02 -1.707555E-03  0.0           0.0           0.0         
             57        0  8.565216E-01 -1.661306E-04 -1.038095E-02  0.0           0.0           0.0         
             58        0  8.895355E-01 -6.979335E-03 -1.078108E-02  0.0           0.0           0.0         
             59        0  9.006001E-01 -1.068171E-13 -1.091518E-02  0.0           0.0           0.0         
             60        0  8.895355E-01  6.812183E-03 -1.078108E-02  0.0           0.0           0.0         
             61        0  8.565216E-01  1.370726E-02 -1.038095E-02  0.0           0.0           0.0         
             62        0  8.565216E-01 -1.370726E-02 -1.038095E-02  0.0           0.0           0.0         
             63        0  9.006001E-01  4.623006E-14 -1.091518E-02  0.0           0.0           0.0         
             64        0  9.006001E-01 -4.343946E-14 -1.091518E-02  0.0           0.0           0.0         
             65        0  8.565216E-01  1.661306E-04 -1.038095E-02  0.0           0.0           0.0         
             66        0  8.895355E-01 -6.812183E-03 -1.078108E-02  0.0           0.0           0.0         
             67        0  9.006001E-01  1.100618E-13 -1.091518E-02  0.0           0.0           0.0         
             68        0  8.895355E-01  6.979335E-03 -1.078108E-02  0.0           0.0           0.0         
             69        0  8.895355E-01  6.979335E-03 -1.078108E-02  0.0           0.0           0.0         
             70        0  8.565216E-01  1.661306E-04 -1.038095E-02  0.0           0.0           0.0         
             71        0  8.895355E-01 -6.812183E-03 -1.078108E-02  0.0           0.0           0.0         
             72        0  8.565216E-01  1.370726E-02 -1.038095E-02  0.0           0.0           0.0         
             73        0  8.565216E-01 -1.370726E-02 -1.038095E-02  0.0           0.0           0.0         
             74        0  8.895355E-01  6.812183E-03 -1.078108E-02  0.0           0.0           0.0         
             75        0  8.565216E-01 -1.661306E-04 -1.038095E-02  0.0           0.0           0.0         
             76        0  8.895355E-01 -6.979335E-03 -1.078108E-02  0.0           0.0           0.0         
             77        0  8.024615E-01  2.025482E-02 -9.725752E-03  0.0           0.0           0.0         
             78        0  7.286008E-01  3.159991E-04 -8.830567E-03  0.0           0.0           0.0         
             79        0  8.024615E-01 -1.976973E-02 -9.725752E-03  0.0           0.0           0.0         
             80        0  7.286008E-01  2.607276E-02 -8.830567E-03  0.0           0.0           0.0         
             81        0  7.286008E-01 -2.607276E-02 -8.830567E-03  0.0           0.0           0.0         
             82        0  8.024615E-01  1.976973E-02 -9.725752E-03  0.0           0.0           0.0         
             83        0  7.286008E-01 -3.159991E-04 -8.830567E-03  0.0           0.0           0.0         
             84        0  8.024615E-01 -2.025482E-02 -9.725752E-03  0.0           0.0           0.0         
             85        0  6.368371E-01  3.154762E-02 -7.718401E-03  0.0           0.0           0.0         
             86        0  5.293594E-01  4.349355E-04 -6.415783E-03  0.0           0.0           0.0         
             87        0  6.368371E-01 -3.079207E-02 -7.718401E-03  0.0           0.0           0.0         
             88        0  5.293594E-01  3.588607E-02 -6.415783E-03  0.0           0.0           0.0         
             89        0  5.293594E-01 -3.588607E-02 -6.415783E-03  0.0           0.0           0.0         
             90        0  6.368371E-01  3.079207E-02 -7.718401E-03  0.0           0.0           0.0         
             91        0  5.293594E-01 -4.349355E-04 -6.415783E-03  0.0           0.0           0.0         
             92        0  6.368371E-01 -3.154762E-02 -7.718401E-03  0.0           0.0           0.0         
             93        0  4.088746E-01  3.975232E-02 -4.955518E-03  0.0           0.0           0.0         
             94        0  4.088746E-01 -3.880027E-02 -4.955518E-03  0.0           0.0           0.0         
             95        0  4.088746E-01  3.880027E-02 -4.955518E-03  0.0           0.0           0.0         
             96        0  4.088746E-01 -3.975232E-02 -4.955518E-03  0.0           0.0           0.0         
             97        0 -8.277454E-13 -5.376099E-04  7.624270E-17  0.0           0.0           0.0         
             98        0  1.408886E-01 -4.406579E-02 -1.707555E-03  0.0           0.0           0.0         
             99        0  2.783007E-01 -5.112974E-04 -3.372977E-03  0.0           0.0           0.0         
            100        0  1.408886E-01  4.301043E-02 -1.707555E-03  0.0           0.0           0.0         
            101        0 -1.667398E-16  4.435762E-02  8.269844E-13  0.0           0.0           0.0         
            102        0  1.075253E-16 -4.435762E-02 -8.270899E-13  0.0           0.0           0.0         
            103        0  2.783007E-01 -4.218660E-02 -3.372977E-03  0.0           0.0           0.0         
            104        0  2.783007E-01  4.218660E-02 -3.372977E-03  0.0           0.0           0.0         
            105        0  8.278828E-13  5.376099E-04 -4.319309E-17  0.0           0.0           0.0         
            106        0  1.408886E-01 -4.301043E-02 -1.707555E-03  0.0           0.0           0.0         
            107        0  2.783007E-01  5.112974E-04 -3.372977E-03  0.0           0.0           0.0         
            108        0  1.408886E-01  4.406579E-02 -1.707555E-03  0.0           0.0           0.0         
            109        0  4.088746E-01 -3.975232E-02 -4.955518E-03  0.0           0.0           0.0         
            110        0  5.293594E-01 -4.349355E-04 -6.415783E-03  0.0           0.0           0.0         
            111        0  4.088746E-01  3.880027E-02 -4.955518E-03  0.0           0.0           0.0         
            112        0  5.293594E-01 -3.588607E-02 -6.415783E-03  0.0           0.0           0.0         
            113        0  5.293594E-01  3.588607E-02 -6.415783E-03  0.0           0.0           0.0         
            114        0  4.088746E-01 -3.880027E-02 -4.955518E-03  0.0           0.0           0.0         
            115        0  5.293594E-01  4.349355E-04 -6.415783E-03  0.0           0.0           0.0         
            116        0  4.088746E-01  3.975232E-02 -4.955518E-03  0.0           0.0           0.0         
            117        0  6.368371E-01 -3.154762E-02 -7.718401E-03  0.0           0.0           0.0         
            118        0  7.286008E-01 -3.159991E-04 -8.830567E-03  0.0           0.0           0.0         
            119        0  6.368371E-01  3.079207E-02 -7.718401E-03  0.0           0.0           0.0         
            120        0  7.286008E-01 -2.607276E-02 -8.830567E-03  0.0           0.0           0.0         
            121        0  7.286008E-01  2.607276E-02 -8.830567E-03  0.0           0.0           0.0         
            122        0  6.368371E-01 -3.079207E-02 -7.718401E-03  0.0           0.0           0.0         
            123        0  7.286008E-01  3.159991E-04 -8.830567E-03  0.0           0.0           0.0         
            124        0  6.368371E-01  3.154762E-02 -7.718401E-03  0.0           0.0           0.0         
            125        0  8.024615E-01 -2.025482E-02 -9.725752E-03  0.0           0.0           0.0         
            126        0  8.024615E-01  1.976973E-02 -9.725752E-03  0.0           0.0           0.0         
            127        0  8.024615E-01 -1.976973E-02 -9.725752E-03  0.0           0.0           0.0         
            128        0  8.024615E-01  2.025482E-02 -9.725752E-03  0.0           0.0           0.0         
                         ------------- ------------- ------------- ------------- ------------- -------------
                MAX* :    9.006001E-01  4.489523E-02  8.281837E-13  0.0           0.0           0.0         
                MIN* :   -8.287697E-13 -4.489523E-02 -1.091518E-02  0.0           0.0           0.0         

                ABS* :    9.006001E-01  4.489523E-02  1.091518E-02  0.0           0.0           0.0         
                *for output set

                                                    SPC Force Summary on AUTOSPC'd DOF's
                                                 (in global coordinate system at each grid)
        For detailed information on the SPC forces for the AUTOSPC DOF's, set field 7 (AUTOSPC_SPCF) on the PARAM AUTOSPC entry to Y

                              T1             T2             T3             R1             R2             R3

 ABS AUTOSPC FORCES  :   0.000000E+00   0.000000E+00   0.000000E+00   0.000000E+00   0.000000E+00   0.000000E+00
 AUTOSPC FORCE TOTALS:   0.000000E+00   0.000000E+00   0.000000E+00   0.000000E+00   0.000000E+00   0.000000E+00
     (for output set)


 OUTPUT FOR EIGENVECTOR        2

                                                         E I G E N V E C T O R
                                              (in global coordinate system at each grid)
           GRID     COORD      T1            T2            T3            R1            R2            R3
                     SYS
              1        0  5.932387E-15 -4.489523E-02 -5.716900E-15  0.0           0.0           0.0         
              2        0 -1.091518E-02 -4.211983E-14 -9.006001E-01  0.0           0.0           0.0         
              3        0  0.0          -4.382001E-02  0.0           0.0           0.0           0.0         
              4        0  0.0           4.489523E-02  0.0           0.0           0.0           0.0         
              5        0 -1.091518E-02  3.038985E-14 -9.006001E-01  0.0           0.0           0.0         
              6        0  0.0          -4.489523E-02  0.0           0.0           0.0           0.0         
              7        0  0.0           4.382001E-02  0.0           0.0           0.0           0.0         
              8        0 -1.091518E-02  9.223680E-14 -9.006001E-01  0.0           0.0           0.0         
              9        0 -1.091518E-02 -1.024951E-13 -9.006001E-01  0.0           0.0           0.0         
             10        0  7.084000E-15 -4.382001E-02  5.903587E-15  0.0           0.0           0.0         
             11        0 -7.169005E-15  4.489523E-02  6.764207E-15  0.0           0.0           0.0         
             12        0 -6.161729E-15  4.382001E-02 -6.566378E-15  0.0           0.0           0.0         
             13        0 -1.038095E-02  1.387339E-02 -8.565216E-01  0.0           0.0           0.0         
             14        0 -1.038095E-02 -1.354113E-02 -8.565216E-01  0.0           0.0           0.0         
             15        0 -8.830567E-03  2.638875E-02 -7.286008E-01  0.0           0.0           0.0         
             16        0 -8.830567E-03 -2.575676E-02 -7.286008E-01  0.0           0.0           0.0         
             17        0 -6.415783E-03  3.632100E-02 -5.293594E-01  0.0           0.0           0.0         
             18        0 -6.415783E-03 -3.545113E-02 -5.293594E-01  0.0           0.0           0.0         
             19        0 -3.372977E-03  4.269790E-02 -2.783007E-01  0.0           0.0           0.0         
             20        0 -3.372977E-03 -4.167531E-02 -2.783007E-01  0.0           0.0           0.0         
             21        0 -1.038095E-02  1.354113E-02 -8.565216E-01  0.0           0.0           0.0         
             22        0 -1.038095E-02 -1.387339E-02 -8.565216E-01  0.0           0.0           0.0         
             23        0 -8.830567E-03  2.575676E-02 -7.286008E-01  0.0           0.0           0.0         
             24        0 -8.830567E-03 -2.638875E-02 -7.286008E-01  0.0           0.0           0.0         
             25        0 -6.415783E-03  3.545113E-02 -5.293594E-01  0.0           0.0           0.0         
             26        0 -6.415783E-03 -3.632100E-02 -5.293594E-01  0.0           0.0           0.0         
             27        0 -3.372977E-03  4.167531E-02 -2.783007E-01  0.0           0.0           0.0         
             28        0 -3.372977E-03 -4.269790E-02 -2.783007E-01  0.0           0.0           0.0         
             29        0 -3.372977E-03 -4.269790E-02 -2.783007E-01  0.0           0.0           0.0         
             30        0 -3.372977E-03  4.167531E-02 -2.783007E-01  0.0           0.0           0.0         
             31        0 -6.415783E-03 -3.632100E-02 -5.293594E-01  0.0           0.0           0.0         
             32        0 -6.415783E-03  3.545113E-02 -5.293594E-01  0.0           0.0           0.0         
             33        0 -8.830567E-03 -2.638875E-02 -7.286008E-01  0.0           0.0           0.0         
             34        0 -8.830567E-03  2.575676E-02 -7.286008E-01  0.0           0.0           0.0         
             35        0 -1.038095E-02 -1.387339E-02 -8.565216E-01  0.0           0.0           0.0         
             36        0 -1.038095E-02  1.354113E-02 -8.565216E-01  0.0           0.0           0.0         
             37        0 -3.372977E-03 -4.167531E-02 -2.783007E-01  0.0           0.0           0.0         
             38        0 -3.372977E-03  4.269790E-02 -2.783007E-01  0.0           0.0           0.0         
             39        0 -6.415783E-03 -3.545113E-02 -5.293594E-01  0.0           0.0           0.0         
             40        0 -6.415783E-03  3.632100E-02 -5.293594E-01  0.0           0.0           0.0         
             41        0 -8.830567E-03 -2.575676E-02 -7.286008E-01  0.0           0.0           0.0         
             42        0 -8.830567E-03  2.638875E-02 -7.286008E-01  0.0           0.0           0.0         
             43        0 -1.038095E-02 -1.354113E-02 -8.565216E-01  0.0           0.0           0.0         
             44        0 -1.038095E-02  1.387339E-02 -8.565216E-01  0.0           0.0           0.0         
             45        0 -3.372977E-03  4.218660E-02 -2.783007E-01  0.0           0.0           0.0         
             46        0 -1.707555E-03  4.301043E-02 -1.408886E-01  0.0           0.0           0.0         
             47        0  0.0           4.435762E-02  0.0           0.0           0.0           0.0         
             48        0 -1.707555E-03  4.406579E-02 -1.408886E-01  0.0           0.0           0.0         
             49        0 -3.372977E-03  5.112974E-04 -2.783007E-01  0.0           0.0           0.0         
             50        0 -3.372977E-03 -5.112974E-04 -2.783007E-01  0.0           0.0           0.0         
             51        0  0.0          -5.376099E-04  0.0           0.0           0.0           0.0         
             52        0  0.0           5.376099E-04  0.0           0.0           0.0           0.0         
             53        0 -3.372977E-03 -4.218660E-02 -2.783007E-01  0.0           0.0           0.0         
             54        0 -1.707555E-03 -4.406579E-02 -1.408886E-01  0.0           0.0           0.0         
             55        0  0.0          -4.435762E-02  0.0           0.0           0.0           0.0         
             56        0 -1.707555E-03 -4.301043E-02 -1.408886E-01  0.0           0.0           0.0         
             57        0 -1.038095E-02 -1.370726E-02 -8.565216E-01  0.0           0.0           0.0         
             58        0 -1.078108E-02 -6.812183E-03 -8.895355E-01  0.0           0.0           0.0         
             59        0 -1.091518E-02 -3.480076E-14 -9.006001E-01  0.0           0.0           0.0         
             60        0 -1.078108E-02 -6.979335E-03 -8.895355E-01  0.0           0.0           0.0         
             61        0 -1.038095E-02 -1.661306E-04 -8.565216E-01  0.0           0.0           0.0         
             62        0 -1.038095E-02  1.661306E-04 -8.565216E-01  0.0           0.0           0.0         
             63        0 -1.091518E-02 -7.214481E-14 -9.006001E-01  0.0           0.0           0.0         
             64        0 -1.091518E-02  6.150809E-14 -9.006001E-01  0.0           0.0           0.0         
             65        0 -1.038095E-02  1.370726E-02 -8.565216E-01  0.0           0.0           0.0         
             66        0 -1.078108E-02  6.979335E-03 -8.895355E-01  0.0           0.0           0.0         
             67        0 -1.091518E-02  2.408160E-14 -9.006001E-01  0.0           0.0           0.0         
             68        0 -1.078108E-02  6.812183E-03 -8.895355E-01  0.0           0.0           0.0         
             69        0 -1.078108E-02  6.812183E-03 -8.895355E-01  0.0           0.0           0.0         
             70        0 -1.038095E-02  1.370726E-02 -8.565216E-01  0.0           0.0           0.0         
             71        0 -1.078108E-02  6.979335E-03 -8.895355E-01  0.0           0.0           0.0         
             72        0 -1.038095E-02 -1.661306E-04 -8.565216E-01  0.0           0.0           0.0         
             73        0 -1.038095E-02  1.661306E-04 -8.565216E-01  0.0           0.0           0.0         
             74        0 -1.078108E-02 -6.979335E-03 -8.895355E-01  0.0           0.0           0.0         
             75        0 -1.038095E-02 -1.370726E-02 -8.565216E-01  0.0           0.0           0.0         
             76        0 -1.078108E-02 -6.812183E-03 -8.895355E-01  0.0           0.0           0.0         
             77        0 -9.725752E-03  1.976973E-02 -8.024615E-01  0.0           0.0           0.0         
             78        0 -8.830567E-03  2.607276E-02 -7.286008E-01  0.0           0.0           0.0         
             79        0 -9.725752E-03  2.025482E-02 -8.024615E-01  0.0           0.0           0.0         
             80        0 -8.830567E-03 -3.159991E-04 -7.286008E-01  0.0           0.0           0.0         
             81        0 -8.830567E-03  3.159991E-04 -7.286008E-01  0.0           0.0           0.0         
             82        0 -9.725752E-03 -2.025482E-02 -8.024615E-01  0.0           0.0           0.0         
             83        0 -8.830567E-03 -2.607276E-02 -7.286008E-01  0.0           0.0           0.0         
             84        0 -9.725752E-03 -1.976973E-02 -8.024615E-01  0.0           0.0           0.0         
             85        0 -7.718401E-03  3.079207E-02 -6.368371E-01  0.0           0.0           0.0         
             86        0 -6.415783E-03  3.588607E-02 -5.293594E-01  0.0           0.0           0.0         
             87        0 -7.718401E-03  3.154762E-02 -6.368371E-01  0.0           0.0           0.0         
             88        0 -6.415783E-03 -4.349355E-04 -5.293594E-01  0.0           0.0           0.0         
             89        0 -6.415783E-03  4.349355E-04 -5.293594E-01  0.0           0.0           0.0         
             90        0 -7.718401E-03 -3.154762E-02 -6.368371E-01  0.0           0.0           0.0         
             91        0 -6.415783E-03 -3.588607E-02 -5.293594E-01  0.0           0.0           0.0         
             92        0 -7.718401E-03 -3.079207E-02 -6.368371E-01  0.0           0.0           0.0         
             93        0 -4.955518E-03  3.880027E-02 -4.088746E-01  0.0           0.0           0.0         
             94        0 -4.955518E-03  3.975232E-02 -4.088746E-01  0.0           0.0           0.0         
             95        0 -4.955518E-03 -3.975232E-02 -4.088746E-01  0.0           0.0           0.0         
             96        0 -4.955518E-03 -3.880027E-02 -4.088746E-01  0.0           0.0           0.0         
             97        0  6.552768E-15 -4.435762E-02 -2.212675E-16  0.0           0.0           0.0         
             98        0 -1.707555E-03 -4.301043E-02 -1.408886E-01  0.0           0.0           0.0         
             99        0 -3.372977E-03 -4.218660E-02 -2.783007E-01  0.0           0.0           0.0         
            100        0 -1.707555E-03 -4.406579E-02 -1.408886E-01  0.0           0.0           0.0         
            101        0  1.195818E-16 -5.376099E-04 -6.228361E-15  0.0           0.0           0.0         
            102        0 -7.175424E-17  5.376099E-04  6.373993E-15  0.0           0.0           0.0         
            103        0 -3.372977E-03  5.112974E-04 -2.783007E-01  0.0           0.0           0.0         
            104        0 -3.372977E-03 -5.112974E-04 -2.783007E-01  0.0           0.0           0.0         
            105        0 -6.679182E-15  4.435762E-02  1.717644E-16  0.0           0.0           0.0         
            106        0 -1.707555E-03  4.406579E-02 -1.408886E-01  0.0           0.0           0.0         
            107        0 -3.372977E-03  4.218660E-02 -2.783007E-01  0.0           0.0           0.0         
            108        0 -1.707555E-03  4.301043E-02 -1.408886E-01  0.0           0.0           0.0         
            109        0 -4.955518E-03 -3.880027E-02 -4.088746E-01  0.0           0.0           0.0         
            110        0 -6.415783E-03 -3.588607E-02 -5.293594E-01  0.0           0.0           0.0         
            111        0 -4.955518E-03 -3.975232E-02 -4.088746E-01  0.0           0.0           0.0         
            112        0 -6.415783E-03  4.349355E-04 -5.293594E-01  0.0           0.0           0.0         
            113        0 -6.415783E-03 -4.349355E-04 -5.293594E-01  0.0           0.0           0.0         
            114        0 -4.955518E-03  3.975232E-02 -4.088746E-01  0.0           0.0           0.0         
            115        0 -6.415783E-03  3.588607E-02 -5.293594E-01  0.0           0.0           0.0         
            116        0 -4.955518E-03  3.880027E-02 -4.088746E-01  0.0           0.0           0.0         
            117        0 -7.718401E-03 -3.079207E-02 -6.368371E-01  0.0           0.0           0.0         
            118        0 -8.830567E-03 -2.607276E-02 -7.286008E-01  0.0           0.0           0.0         
            119        0 -7.718401E-03 -3.154762E-02 -6.368371E-01  0.0           0.0           0.0         
            120        0 -8.830567E-03  3.159991E-04 -7.286008E-01  0.0           0.0           0.0         
            121        0 -8.830567E-03 -3.159991E-04 -7.286008E-01  0.0           0.0           0.0         
            122        0 -7.718401E-03  3.154762E-02 -6.368371E-01  0.0           0.0           0.0         
            123        0 -8.830567E-03  2.607276E-02 -7.286008E-01  0.0           0.0           0.0         
            124        0 -7.718401E-03  3.079207E-02 -6.368371E-01  0.0           0.0           0.0         
            125        0 -9.725752E-03 -1.976973E-02 -8.024615E-01  0.0           0.0           0.0         
            126        0 -9.725752E-03 -2.025482E-02 -8.024615E-01  0.0           0.0           0.0         
            127        0 -9.725752E-03  2.025482E-02 -8.024615E-01  0.0           0.0           0.0         
            128        0 -9.725752E-03  1.976973E-02 -8.024615E-01  0.0           0.0           0.0         
                         ------------- ------------- ------------- ------------- ------------- -------------
                MAX* :    7.084000E-15  4.489523E-02  6.764207E-15  0.0           0.0           0.0         
                MIN* :   -1.091518E-02 -4.489523E-02 -9.006001E-01  0.0           0.0           0.0         

                ABS* :    1.091518E-02  4.489523E-02  9.006001E-01  0.0           0.0           0.0         
                *for output set

                                                    SPC Force Summary on AUTOSPC'd DOF's
                                                 (in global coordinate system at each grid)
        For detailed information on the SPC forces for the AUTOSPC DOF's, set field 7 (AUTOSPC_SPCF) on the PARAM AUTOSPC entry to Y

                              T1             T2             T3             R1             R2             R3

 ABS AUTOSPC FORCES  :   0.000000E+00   0.000000E+00   0.000000E+00   0.000000E+00   0.000000E+00   0.000000E+00
 AUTOSPC FORCE TOTALS:   0.000000E+00   0.000000E+00   0.000000E+00   0.000000E+00   0.000000E+00   0.000000E+00
     (for output set)


 OUTPUT FOR EIGENVECTOR        3

                                                         E I G E N V E C T O R
                                              (in global coordinate system at each grid)
           GRID     COORD      T1            T2            T3            R1            R2            R3
                     SYS
              1        0 -2.739987E-13  4.361436E-02  2.750587E-13  0.0           0.0           0.0         
              2        0 -5.777786E-12  4.361436E-02  9.971596E-12  0.0           0.0           0.0         
              3        0  0.0           4.608729E-02  0.0           0.0           0.0           0.0         
              4        0  0.0           4.361436E-02  0.0           0.0           0.0           0.0         
              5        0 -6.127270E-12 -4.361436E-02  1.032505E-11  0.0           0.0           0.0         
              6        0  0.0          -4.361436E-02  0.0           0.0           0.0           0.0         
              7        0  0.0          -4.608729E-02  0.0           0.0           0.0           0.0         
              8        0 -5.776021E-12 -4.608729E-02  1.032082E-11  0.0           0.0           0.0         
              9        0 -6.127623E-12  4.608729E-02  9.969213E-12  0.0           0.0           0.0         
             10        0 -2.726878E-13 -4.608729E-02 -2.759560E-13  0.0           0.0           0.0         
             11        0  2.717448E-13 -4.361436E-02 -2.722054E-13  0.0           0.0           0.0         
             12        0  2.738080E-13  4.608729E-02  2.726497E-13  0.0           0.0           0.0         
             13        0 -2.648642E-01 -3.528476E-02  7.301883E-03  0.0           0.0           0.0         
             14        0 -2.648642E-01 -3.728540E-02  7.301883E-03  0.0           0.0           0.0         
             15        0 -4.285592E-01 -1.347758E-02  1.181469E-02  0.0           0.0           0.0         
             16        0 -4.285592E-01 -1.424176E-02  1.181469E-02  0.0           0.0           0.0         
             17        0 -4.285592E-01  1.347758E-02  1.181469E-02  0.0           0.0           0.0         
             18        0 -4.285592E-01  1.424176E-02  1.181469E-02  0.0           0.0           0.0         
             19        0 -2.648642E-01  3.528476E-02  7.301883E-03  0.0           0.0           0.0         
             20        0 -2.648642E-01  3.728540E-02  7.301883E-03  0.0           0.0           0.0         
             21        0 -2.648642E-01  3.728540E-02  7.301883E-03  0.0           0.0           0.0         
             22        0 -2.648642E-01  3.528476E-02  7.301883E-03  0.0           0.0           0.0         
             23        0 -4.285592E-01  1.424176E-02  1.181469E-02  0.0           0.0           0.0         
             24        0 -4.285592E-01  1.347758E-02  1.181469E-02  0.0           0.0           0.0         
             25        0 -4.285592E-01 -1.424176E-02  1.181469E-02  0.0           0.0           0.0         
             26        0 -4.285592E-01 -1.347758E-02  1.181469E-02  0.0           0.0           0.0         
             27        0 -2.648642E-01 -3.728540E-02  7.301883E-03  0.0           0.0           0.0         
             28        0 -2.648642E-01 -3.528476E-02  7.301883E-03  0.0           0.0           0.0         
             29        0  2.648642E-01  3.528476E-02 -7.301883E-03  0.0           0.0           0.0         
             30        0  2.648642E-01  3.728540E-02 -7.301883E-03  0.0           0.0           0.0         
             31        0  4.285592E-01  1.347758E-02 -1.181469E-02  0.0           0.0           0.0         
             32        0  4.285592E-01  1.424176E-02 -1.181469E-02  0.0           0.0           0.0         
             33        0  4.285592E-01 -1.347758E-02 -1.181469E-02  0.0           0.0           0.0         
             34        0  4.285592E-01 -1.424176E-02 -1.181469E-02  0.0           0.0           0.0         
             35        0  2.648642E-01 -3.528476E-02 -7.301883E-03  0.0           0.0           0.0         
             36        0  2.648642E-01 -3.728540E-02 -7.301883E-03  0.0           0.0           0.0         
             37        0  2.648642E-01 -3.728540E-02 -7.301883E-03  0.0           0.0           0.0         
             38        0  2.648642E-01 -3.528476E-02 -7.301883E-03  0.0           0.0           0.0         
             39        0  4.285592E-01 -1.424176E-02 -1.181469E-02  0.0           0.0           0.0         
             40        0  4.285592E-01 -1.347758E-02 -1.181469E-02  0.0           0.0           0.0         
             41        0  4.285592E-01  1.424176E-02 -1.181469E-02  0.0           0.0           0.0         
             42        0  4.285592E-01  1.347758E-02 -1.181469E-02  0.0           0.0           0.0         
             43        0  2.648642E-01  3.728540E-02 -7.301883E-03  0.0           0.0           0.0         
             44        0  2.648642E-01  3.528476E-02 -7.301883E-03  0.0           0.0           0.0         
             45        0 -2.648642E-01 -1.000322E-03  7.301883E-03  0.0           0.0           0.0         
             46        0 -1.393071E-01 -4.273804E-02  3.840474E-03  0.0           0.0           0.0         
             47        0  0.0          -1.236466E-03  0.0           0.0           0.0           0.0         
             48        0 -1.393071E-01  4.044482E-02  3.840474E-03  0.0           0.0           0.0         
             49        0 -2.648642E-01  3.628508E-02  7.301883E-03  0.0           0.0           0.0         
             50        0 -2.648642E-01 -3.628508E-02  7.301883E-03  0.0           0.0           0.0         
             51        0  0.0          -4.485083E-02  0.0           0.0           0.0           0.0         
             52        0  0.0           4.485083E-02  0.0           0.0           0.0           0.0         
             53        0 -2.648642E-01  1.000322E-03  7.301883E-03  0.0           0.0           0.0         
             54        0 -1.393071E-01 -4.044482E-02  3.840474E-03  0.0           0.0           0.0         
             55        0  0.0           1.236466E-03  0.0           0.0           0.0           0.0         
             56        0 -1.393071E-01  4.273804E-02  3.840474E-03  0.0           0.0           0.0         
             57        0  2.648642E-01  1.000322E-03 -7.301883E-03  0.0           0.0           0.0         
             58        0  1.393071E-01  4.273804E-02 -3.840474E-03  0.0           0.0           0.0         
             59        0 -6.128329E-12  1.236466E-03  1.014563E-11  0.0           0.0           0.0         
             60        0  1.393071E-01 -4.044482E-02 -3.840474E-03  0.0           0.0           0.0         
             61        0  2.648642E-01 -3.628508E-02 -7.301883E-03  0.0           0.0           0.0         
             62        0  2.648642E-01  3.628508E-02 -7.301883E-03  0.0           0.0           0.0         
             63        0 -5.951116E-12  4.485083E-02  9.971596E-12  0.0           0.0           0.0         
             64        0 -5.952528E-12 -4.485083E-02  1.032099E-11  0.0           0.0           0.0         
             65        0  2.648642E-01 -1.000322E-03 -7.301883E-03  0.0           0.0           0.0         
             66        0  1.393071E-01  4.044482E-02 -3.840474E-03  0.0           0.0           0.0         
             67        0 -5.776727E-12 -1.236466E-03  1.014740E-11  0.0           0.0           0.0         
             68        0  1.393071E-01 -4.273804E-02 -3.840474E-03  0.0           0.0           0.0         
             69        0 -1.393071E-01  4.273804E-02  3.840474E-03  0.0           0.0           0.0         
             70        0 -2.648642E-01  1.000322E-03  7.301883E-03  0.0           0.0           0.0         
             71        0 -1.393071E-01 -4.044482E-02  3.840474E-03  0.0           0.0           0.0         
             72        0 -2.648642E-01  3.628508E-02  7.301883E-03  0.0           0.0           0.0         
             73        0 -2.648642E-01 -3.628508E-02  7.301883E-03  0.0           0.0           0.0         
             74        0 -1.393071E-01  4.044482E-02  3.840474E-03  0.0           0.0           0.0         
             75        0 -2.648642E-01 -1.000322E-03  7.301883E-03  0.0           0.0           0.0         
             76        0 -1.393071E-01 -4.273804E-02  3.840474E-03  0.0           0.0           0.0         
             77        0 -3.647106E-01  2.641356E-02  1.005449E-02  0.0           0.0           0.0         
             78        0 -4.285592E-01  3.820890E-04  1.181469E-02  0.0           0.0           0.0         
             79        0 -3.647106E-01 -2.499627E-02  1.005449E-02  0.0           0.0           0.0         
             80        0 -4.285592E-01  1.385967E-02  1.181469E-02  0.0           0.0           0.0         
             81        0 -4.285592E-01 -1.385967E-02  1.181469E-02  0.0           0.0           0.0         
             82        0 -3.647106E-01  2.499627E-02  1.005449E-02  0.0           0.0           0.0         
             83        0 -4.285592E-01 -3.820890E-04  1.181469E-02  0.0           0.0           0.0         
             84        0 -3.647106E-01 -2.641356E-02  1.005449E-02  0.0           0.0           0.0         
             85        0 -4.508071E-01 -5.577627E-13  1.242803E-02  0.0           0.0           0.0         
             86        0 -4.285592E-01 -3.820890E-04  1.181469E-02  0.0           0.0           0.0         
             87        0 -4.508071E-01 -2.416604E-13  1.242803E-02  0.0           0.0           0.0         
             88        0 -4.285592E-01 -1.385967E-02  1.181469E-02  0.0           0.0           0.0         
             89        0 -4.285592E-01  1.385967E-02  1.181469E-02  0.0           0.0           0.0         
             90        0 -4.508071E-01  2.432379E-13  1.242803E-02  0.0           0.0           0.0         
             91        0 -4.285592E-01  3.820890E-04  1.181469E-02  0.0           0.0           0.0         
             92        0 -4.508071E-01  5.569849E-13  1.242803E-02  0.0           0.0           0.0         
             93        0 -3.647106E-01 -2.641356E-02  1.005449E-02  0.0           0.0           0.0         
             94        0 -3.647106E-01  2.499627E-02  1.005449E-02  0.0           0.0           0.0         
             95        0 -3.647106E-01 -2.499627E-02  1.005449E-02  0.0           0.0           0.0         
             96        0 -3.647106E-01  2.641356E-02  1.005449E-02  0.0           0.0           0.0         
             97        0 -2.734138E-13 -1.236466E-03 -2.552140E-16  0.0           0.0           0.0         
             98        0  1.393071E-01 -4.273804E-02 -3.840474E-03  0.0           0.0           0.0         
             99        0  2.648642E-01 -1.000322E-03 -7.301883E-03  0.0           0.0           0.0         
            100        0  1.393071E-01  4.044482E-02 -3.840474E-03  0.0           0.0           0.0         
            101        0  2.904657E-16  4.485083E-02  2.739923E-13  0.0           0.0           0.0         
            102        0 -6.439727E-18 -4.485083E-02 -2.740735E-13  0.0           0.0           0.0         
            103        0  2.648642E-01 -3.628508E-02 -7.301883E-03  0.0           0.0           0.0         
            104        0  2.648642E-01  3.628508E-02 -7.301883E-03  0.0           0.0           0.0         
            105        0  2.728464E-13  1.236466E-03  2.231709E-16  0.0           0.0           0.0         
            106        0  1.393071E-01 -4.044482E-02 -3.840474E-03  0.0           0.0           0.0         
            107        0  2.648642E-01  1.000322E-03 -7.301883E-03  0.0           0.0           0.0         
            108        0  1.393071E-01  4.273804E-02 -3.840474E-03  0.0           0.0           0.0         
            109        0  3.647106E-01 -2.641356E-02 -1.005449E-02  0.0           0.0           0.0         
            110        0  4.285592E-01 -3.820890E-04 -1.181469E-02  0.0           0.0           0.0         
            111        0  3.647106E-01  2.499627E-02 -1.005449E-02  0.0           0.0           0.0         
            112        0  4.285592E-01 -1.385967E-02 -1.181469E-02  0.0           0.0           0.0         
            113        0  4.285592E-01  1.385967E-02 -1.181469E-02  0.0           0.0           0.0         
            114        0  3.647106E-01 -2.499627E-02 -1.005449E-02  0.0           0.0           0.0         
            115        0  4.285592E-01  3.820890E-04 -1.181469E-02  0.0           0.0           0.0         
            116        0  3.647106E-01  2.641356E-02 -1.005449E-02  0.0           0.0           0.0         
            117        0  4.508071E-01  6.170360E-13 -1.242803E-02  0.0           0.0           0.0         
            118        0  4.285592E-01  3.820890E-04 -1.181469E-02  0.0           0.0           0.0         
            119        0  4.508071E-01  1.005208E-13 -1.242803E-02  0.0           0.0           0.0         
            120        0  4.285592E-01  1.385967E-02 -1.181469E-02  0.0           0.0           0.0         
            121        0  4.285592E-01 -1.385967E-02 -1.181469E-02  0.0           0.0           0.0         
            122        0  4.508071E-01 -9.856822E-14 -1.242803E-02  0.0           0.0           0.0         
            123        0  4.285592E-01 -3.820890E-04 -1.181469E-02  0.0           0.0           0.0         
            124        0  4.508071E-01 -6.182826E-13 -1.242803E-02  0.0           0.0           0.0         
            125        0  3.647106E-01  2.641356E-02 -1.005449E-02  0.0           0.0           0.0         
            126        0  3.647106E-01 -2.499627E-02 -1.005449E-02  0.0           0.0           0.0         
            127        0  3.647106E-01  2.499627E-02 -1.005449E-02  0.0           0.0           0.0         
            128        0  3.647106E-01 -2.641356E-02 -1.005449E-02  0.0           0.0           0.0         
                         ------------- ------------- ------------- ------------- ------------- -------------
                MAX* :    4.508071E-01  4.608729E-02  1.242803E-02  0.0           0.0           0.0         
                MIN* :   -4.508071E-01 -4.608729E-02 -1.242803E-02  0.0           0.0           0.0         

                ABS* :    4.508071E-01  4.608729E-02  1.242803E-02  0.0           0.0           0.0         
                *for output set

                                                    SPC Force Summary on AUTOSPC'd DOF's
                                                 (in global coordinate system at each grid)
        For detailed information on the SPC forces for the AUTOSPC DOF's, set field 7 (AUTOSPC_SPCF) on the PARAM AUTOSPC entry to Y

                              T1             T2             T3             R1             R2             R3

 ABS AUTOSPC FORCES  :   0.000000E+00   0.000000E+00   0.000000E+00   0.000000E+00   0.000000E+00   0.000000E+00
 AUTOSPC FORCE TOTALS:   0.000000E+00   0.000000E+00   0.000000E+00   0.000000E+00   0.000000E+00   0.000000E+00
     (for output set)


 OUTPUT FOR EIGENVECTOR        4

                                                         E I G E N V E C T O R
                                              (in global coordinate system at each grid)
           GRID     COORD      T1            T2            T3            R1            R2            R3
                     SYS
              1        0  9.131390E-14  4.608729E-02 -9.168291E-14  0.0           0.0           0.0         
              2        0 -8.968329E-13  4.608729E-02 -3.175011E-12  0.0           0.0           0.0         
              3        0  0.0          -4.361436E-02  0.0           0.0           0.0           0.0         
              4        0  0.0           4.608729E-02  0.0           0.0           0.0           0.0         
              5        0 -7.276508E-13 -4.608729E-02 -3.346223E-12  0.0           0.0           0.0         
              6        0  0.0          -4.608729E-02  0.0           0.0           0.0           0.0         
              7        0  0.0           4.361436E-02  0.0           0.0           0.0           0.0         
              8        0 -8.976272E-13  4.361436E-02 -3.343752E-12  0.0           0.0           0.0         
              9        0 -7.276508E-13 -4.361436E-02 -3.174305E-12  0.0           0.0           0.0         
             10        0  9.036351E-14  4.361436E-02  9.201272E-14  0.0           0.0           0.0         
             11        0 -9.022088E-14 -4.608729E-02  9.057357E-14  0.0           0.0           0.0         
             12        0 -9.111422E-14 -4.361436E-02 -9.096129E-14  0.0           0.0           0.0         
             13        0 -7.301883E-03 -3.728540E-02 -2.648642E-01  0.0           0.0           0.0         
             14        0 -7.301883E-03  3.528476E-02 -2.648642E-01  0.0           0.0           0.0         
             15        0 -1.181469E-02 -1.424176E-02 -4.285592E-01  0.0           0.0           0.0         
             16        0 -1.181469E-02  1.347758E-02 -4.285592E-01  0.0           0.0           0.0         
             17        0 -1.181469E-02  1.424176E-02 -4.285592E-01  0.0           0.0           0.0         
             18        0 -1.181469E-02 -1.347758E-02 -4.285592E-01  0.0           0.0           0.0         
             19        0 -7.301883E-03  3.728540E-02 -2.648642E-01  0.0           0.0           0.0         
             20        0 -7.301883E-03 -3.528476E-02 -2.648642E-01  0.0           0.0           0.0         
             21        0 -7.301883E-03 -3.528476E-02 -2.648642E-01  0.0           0.0           0.0         
             22        0 -7.301883E-03  3.728540E-02 -2.648642E-01  0.0           0.0           0.0         
             23        0 -1.181469E-02 -1.347758E-02 -4.285592E-01  0.0           0.0           0.0         
             24        0 -1.181469E-02  1.424176E-02 -4.285592E-01  0.0           0.0           0.0         
             25        0 -1.181469E-02  1.347758E-02 -4.285592E-01  0.0           0.0           0.0         
             26        0 -1.181469E-02 -1.424176E-02 -4.285592E-01  0.0           0.0           0.0         
             27        0 -7.301883E-03  3.528476E-02 -2.648642E-01  0.0           0.0           0.0         
             28        0 -7.301883E-03 -3.728540E-02 -2.648642E-01  0.0           0.0           0.0         
             29        0  7.301883E-03  3.728540E-02  2.648642E-01  0.0           0.0           0.0         
             30        0  7.301883E-03 -3.528476E-02  2.648642E-01  0.0           0.0           0.0         
             31        0  1.181469E-02  1.424176E-02  4.285592E-01  0.0           0.0           0.0         
             32        0  1.181469E-02 -1.347758E-02  4.285592E-01  0.0           0.0           0.0         
             33        0  1.181469E-02 -1.424176E-02  4.285592E-01  0.0           0.0           0.0         
             34        0  1.181469E-02  1.347758E-02  4.285592E-01  0.0           0.0           0.0         
             35        0  7.301883E-03 -3.728540E-02  2.648642E-01  0.0           0.0           0.0         
             36        0  7.301883E-03  3.528476E-02  2.648642E-01  0.0           0.0           0.0         
             37        0  7.301883E-03  3.528476E-02  2.648642E-01  0.0           0.0           0.0         
             38        0  7.301883E-03 -3.728540E-02  2.648642E-01  0.0           0.0           0.0         
             39        0  1.181469E-02  1.347758E-02  4.285592E-01  0.0           0.0           0.0         
             40        0  1.181469E-02 -1.424176E-02  4.285592E-01  0.0           0.0           0.0         
             41        0  1.181469E-02 -1.347758E-02  4.285592E-01  0.0           0.0           0.0         
             42        0  1.181469E-02  1.424176E-02  4.285592E-01  0.0           0.0           0.0         
             43        0  7.301883E-03 -3.528476E-02  2.648642E-01  0.0           0.0           0.0         
             44        0  7.301883E-03  3.728540E-02  2.648642E-01  0.0           0.0           0.0         
             45        0 -7.301883E-03  3.628508E-02 -2.648642E-01  0.0           0.0           0.0         
             46        0 -3.840474E-03  4.044482E-02 -1.393071E-01  0.0           0.0           0.0         
             47        0  0.0           4.485083E-02  0.0           0.0           0.0           0.0         
             48        0 -3.840474E-03  4.273804E-02 -1.393071E-01  0.0           0.0           0.0         
             49        0 -7.301883E-03  1.000322E-03 -2.648642E-01  0.0           0.0           0.0         
             50        0 -7.301883E-03 -1.000322E-03 -2.648642E-01  0.0           0.0           0.0         
             51        0  0.0          -1.236466E-03  0.0           0.0           0.0           0.0         
             52        0  0.0           1.236466E-03  0.0           0.0           0.0           0.0         
             53        0 -7.301883E-03 -3.628508E-02 -2.648642E-01  0.0           0.0           0.0         
             54        0 -3.840474E-03 -4.273804E-02 -1.393071E-01  0.0           0.0           0.0         
             55        0  0.0          -4.485083E-02  0.0           0.0           0.0           0.0         
             56        0 -3.840474E-03 -4.044482E-02 -1.393071E-01  0.0           0.0           0.0         
             57        0  7.301883E-03 -3.628508E-02  2.648642E-01  0.0           0.0           0.0         
             58        0  3.840474E-03 -4.044482E-02  1.393071E-01  0.0           0.0           0.0         
             59        0 -7.272978E-13 -4.485083E-02 -3.259028E-12  0.0           0.0           0.0         
             60        0  3.840474E-03 -4.273804E-02  1.393071E-01  0.0           0.0           0.0         
             61        0  7.301883E-03 -1.000322E-03  2.648642E-01  0.0           0.0           0.0         
             62        0  7.301883E-03  1.000322E-03  2.648642E-01  0.0           0.0           0.0         
             63        0 -8.124625E-13  1.236466E-03 -3.174658E-12  0.0           0.0           0.0         
             64        0 -8.121095E-13 -1.236466E-03 -3.343752E-12  0.0           0.0           0.0         
             65        0  7.301883E-03  3.628508E-02  2.648642E-01  0.0           0.0           0.0         
             66        0  3.840474E-03  4.273804E-02  1.393071E-01  0.0           0.0           0.0         
             67        0 -8.972742E-13  4.485083E-02 -3.259734E-12  0.0           0.0           0.0         
             68        0  3.840474E-03  4.044482E-02  1.393071E-01  0.0           0.0           0.0         
             69        0 -3.840474E-03 -4.044482E-02 -1.393071E-01  0.0           0.0           0.0         
             70        0 -7.301883E-03 -3.628508E-02 -2.648642E-01  0.0           0.0           0.0         
             71        0 -3.840474E-03 -4.273804E-02 -1.393071E-01  0.0           0.0           0.0         
             72        0 -7.301883E-03  1.000322E-03 -2.648642E-01  0.0           0.0           0.0         
             73        0 -7.301883E-03 -1.000322E-03 -2.648642E-01  0.0           0.0           0.0         
             74        0 -3.840474E-03  4.273804E-02 -1.393071E-01  0.0           0.0           0.0         
             75        0 -7.301883E-03  3.628508E-02 -2.648642E-01  0.0           0.0           0.0         
             76        0 -3.840474E-03  4.044482E-02 -1.393071E-01  0.0           0.0           0.0         
             77        0 -1.005449E-02 -2.499627E-02 -3.647106E-01  0.0           0.0           0.0         
             78        0 -1.181469E-02 -1.385967E-02 -4.285592E-01  0.0           0.0           0.0         
             79        0 -1.005449E-02 -2.641356E-02 -3.647106E-01  0.0           0.0           0.0         
             80        0 -1.181469E-02  3.820890E-04 -4.285592E-01  0.0           0.0           0.0         
             81        0 -1.181469E-02 -3.820890E-04 -4.285592E-01  0.0           0.0           0.0         
             82        0 -1.005449E-02  2.641356E-02 -3.647106E-01  0.0           0.0           0.0         
             83        0 -1.181469E-02  1.385967E-02 -4.285592E-01  0.0           0.0           0.0         
             84        0 -1.005449E-02  2.499627E-02 -3.647106E-01  0.0           0.0           0.0         
             85        0 -1.242803E-02  7.801617E-14 -4.508071E-01  0.0           0.0           0.0         
             86        0 -1.181469E-02  1.385967E-02 -4.285592E-01  0.0           0.0           0.0         
             87        0 -1.242803E-02  1.307532E-13 -4.508071E-01  0.0           0.0           0.0         
             88        0 -1.181469E-02 -3.820890E-04 -4.285592E-01  0.0           0.0           0.0         
             89        0 -1.181469E-02  3.820890E-04 -4.285592E-01  0.0           0.0           0.0         
             90        0 -1.242803E-02 -1.441622E-13 -4.508071E-01  0.0           0.0           0.0         
             91        0 -1.181469E-02 -1.385967E-02 -4.285592E-01  0.0           0.0           0.0         
             92        0 -1.242803E-02 -9.061437E-14 -4.508071E-01  0.0           0.0           0.0         
             93        0 -1.005449E-02  2.499627E-02 -3.647106E-01  0.0           0.0           0.0         
             94        0 -1.005449E-02  2.641356E-02 -3.647106E-01  0.0           0.0           0.0         
             95        0 -1.005449E-02 -2.641356E-02 -3.647106E-01  0.0           0.0           0.0         
             96        0 -1.005449E-02 -2.499627E-02 -3.647106E-01  0.0           0.0           0.0         
             97        0  9.084132E-14  4.485083E-02  1.795874E-16  0.0           0.0           0.0         
             98        0  3.840474E-03  4.044482E-02  1.393071E-01  0.0           0.0           0.0         
             99        0  7.301883E-03  3.628508E-02  2.648642E-01  0.0           0.0           0.0         
            100        0  3.840474E-03  4.273804E-02  1.393071E-01  0.0           0.0           0.0         
            101        0 -2.963313E-17  1.236466E-03 -9.128228E-14  0.0           0.0           0.0         
            102        0 -4.573911E-17 -1.236466E-03  9.121370E-14  0.0           0.0           0.0         
            103        0  7.301883E-03 -1.000322E-03  2.648642E-01  0.0           0.0           0.0         
            104        0  7.301883E-03  1.000322E-03  2.648642E-01  0.0           0.0           0.0         
            105        0 -9.068037E-14 -4.485083E-02 -1.254810E-16  0.0           0.0           0.0         
            106        0  3.840474E-03 -4.273804E-02  1.393071E-01  0.0           0.0           0.0         
            107        0  7.301883E-03 -3.628508E-02  2.648642E-01  0.0           0.0           0.0         
            108        0  3.840474E-03 -4.044482E-02  1.393071E-01  0.0           0.0           0.0         
            109        0  1.005449E-02  2.499627E-02  3.647106E-01  0.0           0.0           0.0         
            110        0  1.181469E-02  1.385967E-02  4.285592E-01  0.0           0.0           0.0         
            111        0  1.005449E-02  2.641356E-02  3.647106E-01  0.0           0.0           0.0         
            112        0  1.181469E-02 -3.820890E-04  4.285592E-01  0.0           0.0           0.0         
            113        0  1.181469E-02  3.820890E-04  4.285592E-01  0.0           0.0           0.0         
            114        0  1.005449E-02 -2.641356E-02  3.647106E-01  0.0           0.0           0.0         
            115        0  1.181469E-02 -1.385967E-02  4.285592E-01  0.0           0.0           0.0         
            116        0  1.005449E-02 -2.499627E-02  3.647106E-01  0.0           0.0           0.0         
            117        0  1.242803E-02 -8.587074E-14  4.508071E-01  0.0           0.0           0.0         
            118        0  1.181469E-02 -1.385967E-02  4.285592E-01  0.0           0.0           0.0         
            119        0  1.242803E-02 -1.241011E-13  4.508071E-01  0.0           0.0           0.0         
            120        0  1.181469E-02  3.820890E-04  4.285592E-01  0.0           0.0           0.0         
            121        0  1.181469E-02 -3.820890E-04  4.285592E-01  0.0           0.0           0.0         
            122        0  1.242803E-02  1.171842E-13  4.508071E-01  0.0           0.0           0.0         
            123        0  1.181469E-02  1.385967E-02  4.285592E-01  0.0           0.0           0.0         
            124        0  1.242803E-02  8.029973E-14  4.508071E-01  0.0           0.0           0.0         
            125        0  1.005449E-02 -2.499627E-02  3.647106E-01  0.0           0.0           0.0         
            126        0  1.005449E-02 -2.641356E-02  3.647106E-01  0.0           0.0           0.0         
            127        0  1.005449E-02  2.641356E-02  3.647106E-01  0.0           0.0           0.0         
            128        0  1.005449E-02  2.499627E-02  3.647106E-01  0.0           0.0           0.0         
                         ------------- ------------- ------------- ------------- ------------- -------------
                MAX* :    1.242803E-02  4.608729E-02  4.508071E-01  0.0           0.0           0.0         
                MIN* :   -1.242803E-02 -4.608729E-02 -4.508071E-01  0.0           0.0           0.0         

                ABS* :    1.242803E-02  4.608729E-02  4.508071E-01  0.0           0.0           0.0         
                *for output set

                                                    SPC Force Summary on AUTOSPC'd DOF's
                                                 (in global coordinate system at each grid)
        For detailed information on the SPC forces for the AUTOSPC DOF's, set field 7 (AUTOSPC_SPCF) on the PARAM AUTOSPC entry to Y

                              T1             T2             T3             R1             R2             R3

 ABS AUTOSPC FORCES  :   0.000000E+00   0.000000E+00   0.000000E+00   0.000000E+00   0.000000E+00   0.000000E+00
 AUTOSPC FORCE TOTALS:   0.000000E+00   0.000000E+00   0.000000E+00   0.000000E+00   0.000000E+00   0.000000E+00
     (for output set)

 >> LINK  9 END

    Total CPU time =  2.19E-01 seconds

 >> MYSTRAN END    :  6/ 4/2026 at 11:56:29.782
