   604115501

 MYSTRAN Version 18.0.0   APR 20 2026 MYSTRAN developed by Dr Bill Case
*** Please report any problems to mystransolver@gmail.com ***                                                                                                                                                                                                   

 >> MYSTRAN BEGIN  :  6/ 4/2026 at 11:55: 1.233 The input file is C:\Users\victo\Documents\Git\MYSTRAN_Validation\working\S30 mitc8 macneal twisted beam_2.bdf                                                                                                                                                                    


 >> LINK  0 BEGIN


SOL 101                                                                                                                                                                                                                                                         
CEND                                                                                                                                                                                                                                                            
DISPLACEMENT = ALL                                                                                                                                                                                                                                              
SPCFORCES = ALL                                                                                                                                                                                                                                                 
MPCFORCES = ALL                                                                                                                                                                                                                                                 
SPC = 1                                                                                                                                                                                                                                                         
LOAD = 1                                                                                                                                                                                                                                                        
BEGIN BULK                                                                                                                                                                                                                                                      
ECHO: loadb GRID           1       0   0.0+0   5.5-1   0.0+0       0                                                                                                                                                                                                        
ECHO: loadb GRID*                  2               0  7.1789405721-2 5.45294673756-1*                                                                                                                                                                                       
ECHO: loadb *                  1.0+0               0                                                                                                                                                                                                                        
ECHO: loadb GRID*                  3               0 1.42350474806-1 5.31259204459-1*                                                                                                                                                                                       
ECHO: loadb *                  2.0+0               0                                                                                                                                                                                                                        
ECHO: loadb GRID*                  4               0 2.10475887801-1 5.08133742881-1*                                                                                                                                                                                       
ECHO: loadb *                  3.0+0               0                                                                                                                                                                                                                        
ECHO: loadb GRID*                  5               0          2.75-1 4.76313972081-1*                                                                                                                                                                                       
ECHO: loadb *                  4.0+0               0                                                                                                                                                                                                                        
ECHO: loadb GRID*                  6               0 3.34818785955-1  4.3634433716-1*                                                                                                                                                                                       
ECHO: loadb *                  5.0+0               0                                                                                                                                                                                                                        
ECHO: loadb GRID*                  7               0 3.88908729653-1 3.88908729653-1*                                                                                                                                                                                       
ECHO: loadb *                  6.0+0               0                                                                                                                                                                                                                        
ECHO: loadb GRID*                  8               0  4.3634433716-1 3.34818785955-1*                                                                                                                                                                                       
ECHO: loadb *                  7.0+0               0                                                                                                                                                                                                                        
ECHO: loadb GRID*                  9               0 4.76313972081-1          2.75-1*                                                                                                                                                                                       
ECHO: loadb *                  8.0+0               0                                                                                                                                                                                                                        
ECHO: loadb GRID*                 10               0 5.08133742881-1 2.10475887801-1*                                                                                                                                                                                       
ECHO: loadb *                  9.0+0               0                                                                                                                                                                                                                        
ECHO: loadb GRID*                 11               0 5.31259204459-1 1.42350474806-1*                                                                                                                                                                                       
ECHO: loadb *                  1.0+1               0                                                                                                                                                                                                                        
ECHO: loadb GRID*                 12               0 5.45294673756-1  7.1789405721-2*                                                                                                                                                                                       
ECHO: loadb *                  1.1+1               0                                                                                                                                                                                                                        
ECHO: loadb GRID*                 13               0           5.5-1  3.367667473-17*                                                                                                                                                                                       
ECHO: loadb *                  1.2+1               0                                                                                                                                                                                                                        
ECHO: loadb GRID          14       0   0.0+0  -5.5-1   0.0+0       0                                                                                                                                                                                                        
ECHO: loadb GRID*                 15               0 -7.1789405721-2-5.45294673756-1*                                                                                                                                                                                       
ECHO: loadb *                  1.0+0               0                                                                                                                                                                                                                        
ECHO: loadb GRID*                 16               0-1.42350474806-1-5.31259204459-1*                                                                                                                                                                                       
ECHO: loadb *                  2.0+0               0                                                                                                                                                                                                                        
ECHO: loadb GRID*                 17               0-2.10475887801-1-5.08133742881-1*                                                                                                                                                                                       
ECHO: loadb *                  3.0+0               0                                                                                                                                                                                                                        
ECHO: loadb GRID*                 18               0         -2.75-1-4.76313972081-1*                                                                                                                                                                                       
ECHO: loadb *                  4.0+0               0                                                                                                                                                                                                                        
ECHO: loadb GRID*                 19               0-3.34818785955-1 -4.3634433716-1*                                                                                                                                                                                       
ECHO: loadb *                  5.0+0               0                                                                                                                                                                                                                        
ECHO: loadb GRID*                 20               0-3.88908729653-1-3.88908729653-1*                                                                                                                                                                                       
ECHO: loadb *                  6.0+0               0                                                                                                                                                                                                                        
ECHO: loadb GRID*                 21               0 -4.3634433716-1-3.34818785955-1*                                                                                                                                                                                       
ECHO: loadb *                  7.0+0               0                                                                                                                                                                                                                        
ECHO: loadb GRID*                 22               0-4.76313972081-1         -2.75-1*                                                                                                                                                                                       
ECHO: loadb *                  8.0+0               0                                                                                                                                                                                                                        
ECHO: loadb GRID*                 23               0-5.08133742881-1-2.10475887801-1*                                                                                                                                                                                       
ECHO: loadb *                  9.0+0               0                                                                                                                                                                                                                        
ECHO: loadb GRID*                 24               0-5.31259204459-1-1.42350474806-1*                                                                                                                                                                                       
ECHO: loadb *                  1.0+1               0                                                                                                                                                                                                                        
ECHO: loadb GRID*                 25               0-5.45294673756-1 -7.1789405721-2*                                                                                                                                                                                       
ECHO: loadb *                  1.1+1               0                                                                                                                                                                                                                        
ECHO: loadb GRID*                 26               0          -5.5-1 -3.367667473-17*                                                                                                                                                                                       
ECHO: loadb *                  1.2+1               0                                                                                                                                                                                                                        
ECHO: loadb GRID          27       0   0.0+0   0.0+0   0.0+0       0                                                                                                                                                                                                        
ECHO: loadb GRID          28       0   0.0+0   0.0+0   1.0+0       0                                                                                                                                                                                                        
ECHO: loadb GRID          29       0   0.0+0   0.0+0   7.0+0       0                                                                                                                                                                                                        
ECHO: loadb GRID          30       0   0.0+0   0.0+0   2.0+0       0                                                                                                                                                                                                        
ECHO: loadb GRID          31       0   0.0+0   0.0+0   1.0+1       0                                                                                                                                                                                                        
ECHO: loadb GRID          32       0   0.0+0   0.0+0   3.0+0       0                                                                                                                                                                                                        
ECHO: loadb GRID          33       0   0.0+0   0.0+0   8.0+0       0                                                                                                                                                                                                        
ECHO: loadb GRID          34       0   0.0+0   0.0+0   4.0+0       0                                                                                                                                                                                                        
ECHO: loadb GRID          35       0   0.0+0   0.0+0   1.2+1       0                                                                                                                                                                                                        
ECHO: loadb GRID          36       0   0.0+0   0.0+0   5.0+0       0                                                                                                                                                                                                        
ECHO: loadb GRID          37       0   0.0+0   0.0+0   9.0+0       0                                                                                                                                                                                                        
ECHO: loadb GRID          38       0   0.0+0   0.0+0   6.0+0       0                                                                                                                                                                                                        
ECHO: loadb GRID          39       0   0.0+0   0.0+0   1.1+1       0                                                                                                                                                                                                        
ECHO: loadb GRID          40       0   0.0+0  2.75-1   0.0+0       0                                                                                                                                                                                                        
ECHO: loadb GRID*                 41               0 3.59717210766-2 5.48822407781-1*                                                                                                                                                                                       
ECHO: loadb *                  5.0-1               0                                                                                                                                                                                                                        
ECHO: loadb GRID*                 42               0 3.58947028605-2 2.72647336878-1*                                                                                                                                                                                       
ECHO: loadb *                  1.0+0               0                                                                                                                                                                                                                        
ECHO: loadb GRID          43       0   0.0+0   0.0+0   5.0-1       0                                                                                                                                                                                                        
ECHO: loadb GRID*                 44               0 1.07299677109-1 5.39431904222-1*                                                                                                                                                                                       
ECHO: loadb *                  1.5+0               0                                                                                                                                                                                                                        
ECHO: loadb GRID*                 45               0 7.11752374032-2 2.65629602229-1*                                                                                                                                                                                       
ECHO: loadb *                  2.0+0               0                                                                                                                                                                                                                        
ECHO: loadb GRID          46       0   0.0+0   0.0+0   1.5+0       0                                                                                                                                                                                                        
ECHO: loadb GRID*                 47               0 1.76791705917-1 5.20811571222-1*                                                                                                                                                                                       
ECHO: loadb *                  2.5+0               0                                                                                                                                                                                                                        
ECHO: loadb GRID*                 48               0   1.052379439-1 2.54066871441-1*                                                                                                                                                                                       
ECHO: loadb *                  3.0+0               0                                                                                                                                                                                                                        
ECHO: loadb GRID          49       0   0.0+0   0.0+0   2.5+0       0                                                                                                                                                                                                        
ECHO: loadb GRID*                 50               0  2.4325877962-1 4.93280007843-1*                                                                                                                                                                                       
ECHO: loadb *                  3.5+0               0                                                                                                                                                                                                                        
ECHO: loadb GRID*                 51               0         1.375-1 2.38156986041-1*                                                                                                                                                                                       
ECHO: loadb *                  4.0+0               0                                                                                                                                                                                                                        
ECHO: loadb GRID          52       0   0.0+0   0.0+0   3.5+0       0                                                                                                                                                                                                        
ECHO: loadb GRID*                 53               0 3.05563628161-1 4.57308286766-1*                                                                                                                                                                                       
ECHO: loadb *                  4.5+0               0                                                                                                                                                                                                                        
ECHO: loadb GRID*                 54               0 1.67409392977-1  2.1817216858-1*                                                                                                                                                                                       
ECHO: loadb *                  5.0+0               0                                                                                                                                                                                                                        
ECHO: loadb GRID          55       0   0.0+0   0.0+0   4.5+0       0                                                                                                                                                                                                        
ECHO: loadb GRID*                 56               0 3.62640198305-1 4.13511894113-1*                                                                                                                                                                                       
ECHO: loadb *                  5.5+0               0                                                                                                                                                                                                                        
ECHO: loadb GRID*                 57               0 1.94454364826-1 1.94454364826-1*                                                                                                                                                                                       
ECHO: loadb *                  6.0+0               0                                                                                                                                                                                                                        
ECHO: loadb GRID          58       0   0.0+0   0.0+0   5.5+0       0                                                                                                                                                                                                        
ECHO: loadb GRID*                 59               0 4.13511894113-1 3.62640198305-1*                                                                                                                                                                                       
ECHO: loadb *                  6.5+0               0                                                                                                                                                                                                                        
ECHO: loadb GRID*                 60               0  2.1817216858-1 1.67409392977-1*                                                                                                                                                                                       
ECHO: loadb *                  7.0+0               0                                                                                                                                                                                                                        
ECHO: loadb GRID          61       0   0.0+0   0.0+0   6.5+0       0                                                                                                                                                                                                        
ECHO: loadb GRID*                 62               0 4.57308286766-1 3.05563628161-1*                                                                                                                                                                                       
ECHO: loadb *                  7.5+0               0                                                                                                                                                                                                                        
ECHO: loadb GRID*                 63               0 2.38156986041-1         1.375-1*                                                                                                                                                                                       
ECHO: loadb *                  8.0+0               0                                                                                                                                                                                                                        
ECHO: loadb GRID          64       0   0.0+0   0.0+0   7.5+0       0                                                                                                                                                                                                        
ECHO: loadb GRID*                 65               0 4.93280007843-1  2.4325877962-1*                                                                                                                                                                                       
ECHO: loadb *                  8.5+0               0                                                                                                                                                                                                                        
ECHO: loadb GRID*                 66               0 2.54066871441-1   1.052379439-1*                                                                                                                                                                                       
ECHO: loadb *                  9.0+0               0                                                                                                                                                                                                                        
ECHO: loadb GRID          67       0   0.0+0   0.0+0   8.5+0       0                                                                                                                                                                                                        
ECHO: loadb GRID*                 68               0 5.20811571222-1 1.76791705917-1*                                                                                                                                                                                       
ECHO: loadb *                  9.5+0               0                                                                                                                                                                                                                        
ECHO: loadb GRID*                 69               0 2.65629602229-1 7.11752374032-2*                                                                                                                                                                                       
ECHO: loadb *                  1.0+1               0                                                                                                                                                                                                                        
ECHO: loadb GRID          70       0   0.0+0   0.0+0   9.5+0       0                                                                                                                                                                                                        
ECHO: loadb GRID*                 71               0 5.39431904222-1 1.07299677109-1*                                                                                                                                                                                       
ECHO: loadb *                 1.05+1               0                                                                                                                                                                                                                        
ECHO: loadb GRID*                 72               0 2.72647336878-1 3.58947028605-2*                                                                                                                                                                                       
ECHO: loadb *                  1.1+1               0                                                                                                                                                                                                                        
ECHO: loadb GRID          73       0   0.0+0   0.0+0  1.05+1       0                                                                                                                                                                                                        
ECHO: loadb GRID*                 74               0 5.48822407781-1 3.59717210766-2*                                                                                                                                                                                       
ECHO: loadb *                 1.15+1               0                                                                                                                                                                                                                        
ECHO: loadb GRID*                 75               0          2.75-1 1.6838337365-17*                                                                                                                                                                                       
ECHO: loadb *                  1.2+1               0                                                                                                                                                                                                                        
ECHO: loadb GRID          76       0   0.0+0   0.0+0  1.15+1       0                                                                                                                                                                                                        
ECHO: loadb GRID          77       0   0.0+0 -2.75-1   0.0+0       0                                                                                                                                                                                                        
ECHO: loadb GRID*                 78               0-3.58947028605-2-2.72647336878-1*                                                                                                                                                                                       
ECHO: loadb *                  1.0+0               0                                                                                                                                                                                                                        
ECHO: loadb GRID*                 79               0-3.59717210766-2-5.48822407781-1*                                                                                                                                                                                       
ECHO: loadb *                  5.0-1               0                                                                                                                                                                                                                        
ECHO: loadb GRID*                 80               0-7.11752374032-2-2.65629602229-1*                                                                                                                                                                                       
ECHO: loadb *                  2.0+0               0                                                                                                                                                                                                                        
ECHO: loadb GRID*                 81               0-1.07299677109-1-5.39431904222-1*                                                                                                                                                                                       
ECHO: loadb *                  1.5+0               0                                                                                                                                                                                                                        
ECHO: loadb GRID*                 82               0  -1.052379439-1-2.54066871441-1*                                                                                                                                                                                       
ECHO: loadb *                  3.0+0               0                                                                                                                                                                                                                        
ECHO: loadb GRID*                 83               0-1.76791705917-1-5.20811571222-1*                                                                                                                                                                                       
ECHO: loadb *                  2.5+0               0                                                                                                                                                                                                                        
ECHO: loadb GRID*                 84               0        -1.375-1-2.38156986041-1*                                                                                                                                                                                       
ECHO: loadb *                  4.0+0               0                                                                                                                                                                                                                        
ECHO: loadb GRID*                 85               0 -2.4325877962-1-4.93280007843-1*                                                                                                                                                                                       
ECHO: loadb *                  3.5+0               0                                                                                                                                                                                                                        
ECHO: loadb GRID*                 86               0-1.67409392977-1 -2.1817216858-1*                                                                                                                                                                                       
ECHO: loadb *                  5.0+0               0                                                                                                                                                                                                                        
ECHO: loadb GRID*                 87               0-3.05563628161-1-4.57308286766-1*                                                                                                                                                                                       
ECHO: loadb *                  4.5+0               0                                                                                                                                                                                                                        
ECHO: loadb GRID*                 88               0-1.94454364826-1-1.94454364826-1*                                                                                                                                                                                       
ECHO: loadb *                  6.0+0               0                                                                                                                                                                                                                        
ECHO: loadb GRID*                 89               0-3.62640198305-1-4.13511894113-1*                                                                                                                                                                                       
ECHO: loadb *                  5.5+0               0                                                                                                                                                                                                                        
ECHO: loadb GRID*                 90               0 -2.1817216858-1-1.67409392977-1*                                                                                                                                                                                       
ECHO: loadb *                  7.0+0               0                                                                                                                                                                                                                        
ECHO: loadb GRID*                 91               0-4.13511894113-1-3.62640198305-1*                                                                                                                                                                                       
ECHO: loadb *                  6.5+0               0                                                                                                                                                                                                                        
ECHO: loadb GRID*                 92               0-2.38156986041-1        -1.375-1*                                                                                                                                                                                       
ECHO: loadb *                  8.0+0               0                                                                                                                                                                                                                        
ECHO: loadb GRID*                 93               0-4.57308286766-1-3.05563628161-1*                                                                                                                                                                                       
ECHO: loadb *                  7.5+0               0                                                                                                                                                                                                                        
ECHO: loadb GRID*                 94               0-2.54066871441-1  -1.052379439-1*                                                                                                                                                                                       
ECHO: loadb *                  9.0+0               0                                                                                                                                                                                                                        
ECHO: loadb GRID*                 95               0-4.93280007843-1 -2.4325877962-1*                                                                                                                                                                                       
ECHO: loadb *                  8.5+0               0                                                                                                                                                                                                                        
ECHO: loadb GRID*                 96               0-2.65629602229-1-7.11752374032-2*                                                                                                                                                                                       
ECHO: loadb *                  1.0+1               0                                                                                                                                                                                                                        
ECHO: loadb GRID*                 97               0-5.20811571222-1-1.76791705917-1*                                                                                                                                                                                       
ECHO: loadb *                  9.5+0               0                                                                                                                                                                                                                        
ECHO: loadb GRID*                 98               0-2.72647336878-1-3.58947028605-2*                                                                                                                                                                                       
ECHO: loadb *                  1.1+1               0                                                                                                                                                                                                                        
ECHO: loadb GRID*                 99               0-5.39431904222-1-1.07299677109-1*                                                                                                                                                                                       
ECHO: loadb *                 1.05+1               0                                                                                                                                                                                                                        
ECHO: loadb GRID*                100               0         -2.75-1-1.6838337365-17*                                                                                                                                                                                       
ECHO: loadb *                  1.2+1               0                                                                                                                                                                                                                        
ECHO: loadb GRID*                101               0-5.48822407781-1-3.59717210766-2*                                                                                                                                                                                       
ECHO: loadb *                 1.15+1               0                                                                                                                                                                                                                        
ECHO: loadb PARAM    STR_CID      -2                                                                                                                                                                                                                                        
ECHO: loadb MAT1*                  1           2.9+7 1.18852459016+7           2.2-1*                                                                                                                                                                                       
ECHO: loadb *                  0.0+0           0.0+0           0.0+0                                                                                                                                                                                                        
ECHO: loadb SPC            1       1       1   0.0+0                                                                                                                                                                                                                        
ECHO: loadb SPC            1       1       2   0.0+0                                                                                                                                                                                                                        
ECHO: loadb SPC            1       1       3   0.0+0                                                                                                                                                                                                                        
ECHO: loadb SPC            1       1       4   0.0+0                                                                                                                                                                                                                        
ECHO: loadb SPC            1       1       5   0.0+0                                                                                                                                                                                                                        
ECHO: loadb SPC            1       1       6   0.0+0                                                                                                                                                                                                                        
ECHO: loadb SPC            1      14       1   0.0+0                                                                                                                                                                                                                        
ECHO: loadb SPC            1      14       2   0.0+0                                                                                                                                                                                                                        
ECHO: loadb SPC            1      14       3   0.0+0                                                                                                                                                                                                                        
ECHO: loadb SPC            1      14       4   0.0+0                                                                                                                                                                                                                        
ECHO: loadb SPC            1      14       5   0.0+0                                                                                                                                                                                                                        
ECHO: loadb SPC            1      14       6   0.0+0                                                                                                                                                                                                                        
ECHO: loadb SPC            1      27       1   0.0+0                                                                                                                                                                                                                        
ECHO: loadb SPC            1      27       2   0.0+0                                                                                                                                                                                                                        
ECHO: loadb SPC            1      27       3   0.0+0                                                                                                                                                                                                                        
ECHO: loadb SPC            1      27       4   0.0+0                                                                                                                                                                                                                        
ECHO: loadb SPC            1      27       5   0.0+0                                                                                                                                                                                                                        
ECHO: loadb SPC            1      27       6   0.0+0                                                                                                                                                                                                                        
ECHO: loadb SPC            1      40       1   0.0+0                                                                                                                                                                                                                        
ECHO: loadb SPC            1      40       2   0.0+0                                                                                                                                                                                                                        
ECHO: loadb SPC            1      40       3   0.0+0                                                                                                                                                                                                                        
ECHO: loadb SPC            1      40       4   0.0+0                                                                                                                                                                                                                        
ECHO: loadb SPC            1      40       5   0.0+0                                                                                                                                                                                                                        
ECHO: loadb SPC            1      40       6   0.0+0                                                                                                                                                                                                                        
ECHO: loadb SPC            1      77       1   0.0+0                                                                                                                                                                                                                        
ECHO: loadb SPC            1      77       2   0.0+0                                                                                                                                                                                                                        
ECHO: loadb SPC            1      77       3   0.0+0                                                                                                                                                                                                                        
ECHO: loadb SPC            1      77       4   0.0+0                                                                                                                                                                                                                        
ECHO: loadb SPC            1      77       5   0.0+0                                                                                                                                                                                                                        
ECHO: loadb SPC            1      77       6   0.0+0                                                                                                                                                                                                                        
ECHO: loadb PSHELL         1       1   3.2-1       1               1           0.0+0                                                                                                                                                                                        
ECHO: loadb CQUAD8         1       1       1      27      28       2      40      43+                                                                                                                                                                                       
ECHO:  nextc +             42      41                                       2   0.0+0                                                                                                                                                                                        
ECHO: loadb CORD2R         2       0   0.0+0   0.0+0   0.0+0   1.0+0   0.0+0   0.0+0+                                                                                                                                                                                       
ECHO:  nextc +          0.0+0  -1.0+0   0.0+0                                                                                                                                                                                                                                
ECHO: loadb CQUAD8         2       1       2      28      30       3      42      46+                                                                                                                                                                                       
ECHO:  nextc +             45      44                                       3   0.0+0                                                                                                                                                                                        
ECHO: loadb CORD2R*                3               0           0.0+0           0.0+0*                                                                                                                                                                                       
ECHO: loadb *                  0.0+0 9.91444861374-1 -1.3052619222-1           0.0+0*                                                                                                                                                                                       
ECHO nextc2: *        -1.3052619222-1-9.91444861374-1           0.0+0                *                                                                                                                                                                                       
ECHO nextc2: *                                                                                                                                                                                                                                                               
ECHO: loadb CQUAD8         3       1       3      30      32       4      45      49+                                                                                                                                                                                       
ECHO:  nextc +             48      47                                       4   0.0+0                                                                                                                                                                                        
ECHO: loadb CORD2R*                4               0           0.0+0           0.0+0*                                                                                                                                                                                       
ECHO: loadb *                  0.0+0 9.65925826289-1-2.58819045103-1           0.0+0*                                                                                                                                                                                       
ECHO nextc2: *       -2.58819045103-1-9.65925826289-1           0.0+0                *                                                                                                                                                                                       
ECHO nextc2: *                                                                                                                                                                                                                                                               
ECHO: loadb CQUAD8         4       1       4      32      34       5      48      52+                                                                                                                                                                                       
ECHO:  nextc +             51      50                                       5   0.0+0                                                                                                                                                                                        
ECHO: loadb CORD2R*                5               0           0.0+0           0.0+0*                                                                                                                                                                                       
ECHO: loadb *                  0.0+0 9.23879532511-1-3.82683432365-1           0.0+0*                                                                                                                                                                                       
ECHO nextc2: *       -3.82683432365-1-9.23879532511-1           0.0+0                *                                                                                                                                                                                       
ECHO nextc2: *                                                                                                                                                                                                                                                               
ECHO: loadb CQUAD8         5       1       5      34      36       6      51      55+                                                                                                                                                                                       
ECHO:  nextc +             54      53                                       6   0.0+0                                                                                                                                                                                        
ECHO: loadb CORD2R*                6               0           0.0+0           0.0+0*                                                                                                                                                                                       
ECHO: loadb *                  0.0+0 8.66025403784-1          -5.0-1           0.0+0*                                                                                                                                                                                       
ECHO nextc2: *                 -5.0-1-8.66025403784-1           0.0+0                *                                                                                                                                                                                       
ECHO nextc2: *                                                                                                                                                                                                                                                               
ECHO: loadb CQUAD8         6       1       6      36      38       7      54      58+                                                                                                                                                                                       
ECHO:  nextc +             57      56                                       7   0.0+0                                                                                                                                                                                        
ECHO: loadb CORD2R*                7               0           0.0+0           0.0+0*                                                                                                                                                                                       
ECHO: loadb *                  0.0+0 7.93353340291-1-6.08761429009-1           0.0+0*                                                                                                                                                                                       
ECHO nextc2: *       -6.08761429009-1-7.93353340291-1           0.0+0                *                                                                                                                                                                                       
ECHO nextc2: *                                                                                                                                                                                                                                                               
ECHO: loadb CQUAD8         7       1       7      38      29       8      57      61+                                                                                                                                                                                       
ECHO:  nextc +             60      59                                       8   0.0+0                                                                                                                                                                                        
ECHO: loadb CORD2R*                8               0           0.0+0           0.0+0*                                                                                                                                                                                       
ECHO: loadb *                  0.0+0 7.07106781187-1-7.07106781187-1           0.0+0*                                                                                                                                                                                       
ECHO nextc2: *       -7.07106781187-1-7.07106781187-1           0.0+0                *                                                                                                                                                                                       
ECHO nextc2: *                                                                                                                                                                                                                                                               
ECHO: loadb CQUAD8         8       1       8      29      33       9      60      64+                                                                                                                                                                                       
ECHO:  nextc +             63      62                                       9   0.0+0                                                                                                                                                                                        
ECHO: loadb CORD2R*                9               0           0.0+0           0.0+0*                                                                                                                                                                                       
ECHO: loadb *                  0.0+0 6.08761429009-1-7.93353340291-1           0.0+0*                                                                                                                                                                                       
ECHO nextc2: *       -7.93353340291-1-6.08761429009-1           0.0+0                *                                                                                                                                                                                       
ECHO nextc2: *                                                                                                                                                                                                                                                               
ECHO: loadb CQUAD8         9       1       9      33      37      10      63      67+                                                                                                                                                                                       
ECHO:  nextc +             66      65                                      10   0.0+0                                                                                                                                                                                        
ECHO: loadb CORD2R*               10               0           0.0+0           0.0+0*                                                                                                                                                                                       
ECHO: loadb *                  0.0+0           5.0-1-8.66025403784-1           0.0+0*                                                                                                                                                                                       
ECHO nextc2: *       -8.66025403784-1          -5.0-1           0.0+0                *                                                                                                                                                                                       
ECHO nextc2: *                                                                                                                                                                                                                                                               
ECHO: loadb CQUAD8        10       1      10      37      31      11      66      70+                                                                                                                                                                                       
ECHO:  nextc +             69      68                                      11   0.0+0                                                                                                                                                                                        
ECHO: loadb CORD2R*               11               0           0.0+0           0.0+0*                                                                                                                                                                                       
ECHO: loadb *                  0.0+0 3.82683432365-1-9.23879532511-1           0.0+0*                                                                                                                                                                                       
ECHO nextc2: *       -9.23879532511-1-3.82683432365-1           0.0+0                *                                                                                                                                                                                       
ECHO nextc2: *                                                                                                                                                                                                                                                               
ECHO: loadb CQUAD8        11       1      11      31      39      12      69      73+                                                                                                                                                                                       
ECHO:  nextc +             72      71                                      12   0.0+0                                                                                                                                                                                        
ECHO: loadb CORD2R*               12               0           0.0+0           0.0+0*                                                                                                                                                                                       
ECHO: loadb *                  0.0+0 2.58819045103-1-9.65925826289-1           0.0+0*                                                                                                                                                                                       
ECHO nextc2: *       -9.65925826289-1-2.58819045103-1           0.0+0                *                                                                                                                                                                                       
ECHO nextc2: *                                                                                                                                                                                                                                                               
ECHO: loadb CQUAD8        12       1      12      39      35      13      72      76+                                                                                                                                                                                       
ECHO:  nextc +             75      74                                      13   0.0+0                                                                                                                                                                                        
ECHO: loadb CORD2R*               13               0           0.0+0           0.0+0*                                                                                                                                                                                       
ECHO: loadb *                  0.0+0  1.3052619222-1-9.91444861374-1           0.0+0*                                                                                                                                                                                       
ECHO nextc2: *       -9.91444861374-1 -1.3052619222-1           0.0+0                *                                                                                                                                                                                       
ECHO nextc2: *                                                                                                                                                                                                                                                               
ECHO: loadb CQUAD8        13       1      27      14      15      28      77      79+                                                                                                                                                                                       
ECHO:  nextc +             78      43                                      14   0.0+0                                                                                                                                                                                        
ECHO: loadb CORD2R        14       0   0.0+0   0.0+0   0.0+0   1.0+0   0.0+0   0.0+0+                                                                                                                                                                                       
ECHO:  nextc +          0.0+0  -1.0+0   0.0+0                                                                                                                                                                                                                                
ECHO: loadb CQUAD8        14       1      28      15      16      30      78      81+                                                                                                                                                                                       
ECHO:  nextc +             80      46                                      15   0.0+0                                                                                                                                                                                        
ECHO: loadb CORD2R*               15               0           0.0+0           0.0+0*                                                                                                                                                                                       
ECHO: loadb *                  0.0+0 9.91444861374-1 -1.3052619222-1           0.0+0*                                                                                                                                                                                       
ECHO nextc2: *        -1.3052619222-1-9.91444861374-1           0.0+0                *                                                                                                                                                                                       
ECHO nextc2: *                                                                                                                                                                                                                                                               
ECHO: loadb CQUAD8        15       1      30      16      17      32      80      83+                                                                                                                                                                                       
ECHO:  nextc +             82      49                                      16   0.0+0                                                                                                                                                                                        
ECHO: loadb CORD2R*               16               0           0.0+0           0.0+0*                                                                                                                                                                                       
ECHO: loadb *                  0.0+0 9.65925826289-1-2.58819045103-1           0.0+0*                                                                                                                                                                                       
ECHO nextc2: *       -2.58819045103-1-9.65925826289-1           0.0+0                *                                                                                                                                                                                       
ECHO nextc2: *                                                                                                                                                                                                                                                               
ECHO: loadb CQUAD8        16       1      32      17      18      34      82      85+                                                                                                                                                                                       
ECHO:  nextc +             84      52                                      17   0.0+0                                                                                                                                                                                        
ECHO: loadb CORD2R*               17               0           0.0+0           0.0+0*                                                                                                                                                                                       
ECHO: loadb *                  0.0+0 9.23879532511-1-3.82683432365-1           0.0+0*                                                                                                                                                                                       
ECHO nextc2: *       -3.82683432365-1-9.23879532511-1           0.0+0                *                                                                                                                                                                                       
ECHO nextc2: *                                                                                                                                                                                                                                                               
ECHO: loadb CQUAD8        17       1      34      18      19      36      84      87+                                                                                                                                                                                       
ECHO:  nextc +             86      55                                      18   0.0+0                                                                                                                                                                                        
ECHO: loadb CORD2R*               18               0           0.0+0           0.0+0*                                                                                                                                                                                       
ECHO: loadb *                  0.0+0 8.66025403784-1          -5.0-1           0.0+0*                                                                                                                                                                                       
ECHO nextc2: *                 -5.0-1-8.66025403784-1           0.0+0                *                                                                                                                                                                                       
ECHO nextc2: *                                                                                                                                                                                                                                                               
ECHO: loadb CQUAD8        18       1      36      19      20      38      86      89+                                                                                                                                                                                       
ECHO:  nextc +             88      58                                      19   0.0+0                                                                                                                                                                                        
ECHO: loadb CORD2R*               19               0           0.0+0           0.0+0*                                                                                                                                                                                       
ECHO: loadb *                  0.0+0 7.93353340291-1-6.08761429009-1           0.0+0*                                                                                                                                                                                       
ECHO nextc2: *       -6.08761429009-1-7.93353340291-1           0.0+0                *                                                                                                                                                                                       
ECHO nextc2: *                                                                                                                                                                                                                                                               
ECHO: loadb CQUAD8        19       1      38      20      21      29      88      91+                                                                                                                                                                                       
ECHO:  nextc +             90      61                                      20   0.0+0                                                                                                                                                                                        
ECHO: loadb CORD2R*               20               0           0.0+0           0.0+0*                                                                                                                                                                                       
ECHO: loadb *                  0.0+0 7.07106781187-1-7.07106781187-1           0.0+0*                                                                                                                                                                                       
ECHO nextc2: *       -7.07106781187-1-7.07106781187-1           0.0+0                *                                                                                                                                                                                       
ECHO nextc2: *                                                                                                                                                                                                                                                               
ECHO: loadb CQUAD8        20       1      29      21      22      33      90      93+                                                                                                                                                                                       
ECHO:  nextc +             92      64                                      21   0.0+0                                                                                                                                                                                        
ECHO: loadb CORD2R*               21               0           0.0+0           0.0+0*                                                                                                                                                                                       
ECHO: loadb *                  0.0+0 6.08761429009-1-7.93353340291-1           0.0+0*                                                                                                                                                                                       
ECHO nextc2: *       -7.93353340291-1-6.08761429009-1           0.0+0                *                                                                                                                                                                                       
ECHO nextc2: *                                                                                                                                                                                                                                                               
ECHO: loadb CQUAD8        21       1      33      22      23      37      92      95+                                                                                                                                                                                       
ECHO:  nextc +             94      67                                      22   0.0+0                                                                                                                                                                                        
ECHO: loadb CORD2R*               22               0           0.0+0           0.0+0*                                                                                                                                                                                       
ECHO: loadb *                  0.0+0           5.0-1-8.66025403784-1           0.0+0*                                                                                                                                                                                       
ECHO nextc2: *       -8.66025403784-1          -5.0-1           0.0+0                *                                                                                                                                                                                       
ECHO nextc2: *                                                                                                                                                                                                                                                               
ECHO: loadb CQUAD8        22       1      37      23      24      31      94      97+                                                                                                                                                                                       
ECHO:  nextc +             96      70                                      23   0.0+0                                                                                                                                                                                        
ECHO: loadb CORD2R*               23               0           0.0+0           0.0+0*                                                                                                                                                                                       
ECHO: loadb *                  0.0+0 3.82683432365-1-9.23879532511-1           0.0+0*                                                                                                                                                                                       
ECHO nextc2: *       -9.23879532511-1-3.82683432365-1           0.0+0                *                                                                                                                                                                                       
ECHO nextc2: *                                                                                                                                                                                                                                                               
ECHO: loadb CQUAD8        23       1      31      24      25      39      96      99+                                                                                                                                                                                       
ECHO:  nextc +             98      73                                      24   0.0+0                                                                                                                                                                                        
ECHO: loadb CORD2R*               24               0           0.0+0           0.0+0*                                                                                                                                                                                       
ECHO: loadb *                  0.0+0 2.58819045103-1-9.65925826289-1           0.0+0*                                                                                                                                                                                       
ECHO nextc2: *       -9.65925826289-1-2.58819045103-1           0.0+0                *                                                                                                                                                                                       
ECHO nextc2: *                                                                                                                                                                                                                                                               
ECHO: loadb CQUAD8        24       1      39      25      26      35      98     101+                                                                                                                                                                                       
ECHO:  nextc +            100      76                                      25   0.0+0                                                                                                                                                                                        
ECHO: loadb CORD2R*               25               0           0.0+0           0.0+0*                                                                                                                                                                                       
ECHO: loadb *                  0.0+0  1.3052619222-1-9.91444861374-1           0.0+0*                                                                                                                                                                                       
ECHO nextc2: *       -9.91444861374-1 -1.3052619222-1           0.0+0                *                                                                                                                                                                                       
ECHO nextc2: *                                                                                                                                                                                                                                                               
ECHO: loadb FORCE*                 2              35               0           1.0+0*                                                                                                                                                                                       
ECHO: loadb *                  0.0+0 1.66666618358-1           0.0+0                                                                                                                                                                                                        
ECHO: loadb FORCE*                 2              75               0           1.0+0*                                                                                                                                                                                       
ECHO: loadb *                  0.0+0 3.33333332853-1           0.0+0                                                                                                                                                                                                        
ECHO: loadb FORCE*                 2              13               0           1.0+0*                                                                                                                                                                                       
ECHO: loadb *                  0.0+0 8.33333579676-2           0.0+0                                                                                                                                                                                                        
ECHO: loadb FORCE*                 2              26               0           1.0+0*                                                                                                                                                                                       
ECHO: loadb *                  0.0+0 8.33333579676-2           0.0+0                                                                                                                                                                                                        
ECHO: loadb FORCE*                 2             100               0           1.0+0*                                                                                                                                                                                       
ECHO: loadb *                  0.0+0 3.33333332853-1           0.0+0                                                                                                                                                                                                        
ECHO: loadb LOAD           1   1.0+0   1.0+0       2                                                                                                                                                                                                                        
ECHO: loadb ENDDATA                                                                                                                                                                                                                                                         




 >> LINK  0 END


 >> LINK  1 BEGIN

               DEALLOCATED  8.85E-01 MB MEMORY FROM ARRAY STF3


 *INFORMATION: AUTOSPC Summary, Stage 1 after identification of AUTOSPC's at the grid level                                                 

                                     AUTOSPC_RAT = 1.000000E-08

                       Number of DOF's identified for AUTOSPC in component  1         =            0
                       Number of DOF's identified for AUTOSPC in component  2         =            0
                       Number of DOF's identified for AUTOSPC in component  3         =            0
                       Number of DOF's identified for AUTOSPC in component  4         =           46
                       Number of DOF's identified for AUTOSPC in component  5         =           50
                       Number of DOF's identified for AUTOSPC in component  6         =            0
                                                                                        ------------
                       Total number of DOF's identified in this stage                 =           96

               DEALLOCATED  2.42E-03 MB MEMORY FROM ARRAY STFKEY
               DEALLOCATED  8.85E-01 MB MEMORY FROM ARRAY STF3

 >> LINK  1 END


 >> LINK  2 BEGIN



 *INFORMATION: AUTOSPC Summary, Overall: after identification of all AUTOSPC's                                                               

                                     AUTOSPC_RAT = 1.000000E-08

                       Number of DOF's identified for AUTOSPC in component  1         =            0
                       Number of DOF's identified for AUTOSPC in component  2         =            0
                       Number of DOF's identified for AUTOSPC in component  3         =            0
                       Number of DOF's identified for AUTOSPC in component  4         =           46
                       Number of DOF's identified for AUTOSPC in component  5         =           50
                       Number of DOF's identified for AUTOSPC in component  6         =            0
                                                                                        ------------
                       Total number of DOF's identified overall                       =           96


 >> LINK  2 END


 >> LINK  3 BEGIN

 SUPERLU FACTORIZATION OF MATRIX KLL SUCCEEDED IN SUBR SYM_MAT_DECOMP_SUPRLU          

 *INFORMATION: FOR INTERNAL SUBCASE NUMBER        1 EPSILON ERROR ESTIMATE            = -2.844293E-11 Based on U'*(K*U - P)/(U'*P)


 >> LINK  3 END


 >> LINK  5 BEGIN


 >> LINK  5 END


 >> LINK  9 BEGIN



 OUTPUT FOR SUBCASE        1

                                                       D I S P L A C E M E N T S
                                              (in global coordinate system at each grid)
           GRID     COORD      T1            T2            T3            R1            R2            R3
                     SYS
              1        0  0.0           0.0           0.0           0.0           0.0           0.0         
              2        0 -1.888611E-06  6.163858E-06 -5.910948E-06  0.0          -8.248979E-06 -2.640315E-06
              3        0 -1.833881E-05  2.487367E-05 -9.964692E-06  0.0          -3.494392E-05 -5.433458E-06
              4        0 -6.096291E-05  6.044084E-05 -1.103181E-05  0.0          -7.710301E-05 -8.193633E-06
              5        0 -1.368149E-04  1.186106E-04 -8.353476E-06  0.0          -1.348687E-04 -1.136904E-05
              6        0 -2.489320E-04  2.055464E-04 -1.504081E-06  0.0          -2.090614E-04 -1.515120E-05
              7        0 -3.964571E-04  3.264663E-04  9.594365E-06  0.0          -3.028985E-04 -1.995141E-05
              8        0 -5.754425E-04  4.846376E-04  2.469101E-05 -3.247482E-04  0.0           1.209071E-05
              9        0 -7.797867E-04  6.806176E-04  4.322980E-05 -3.378391E-04  0.0           1.312644E-05
             10        0 -1.002364E-03  9.118880E-04  6.438734E-05 -3.418668E-04  0.0           1.409172E-05
             11        0 -1.236166E-03  1.172881E-03  8.712170E-05 -3.364925E-04  0.0           1.506094E-05
             12        0 -1.475332E-03  1.455331E-03  1.102278E-04 -3.211456E-04  0.0           1.604498E-05
             13        0 -1.716001E-03  1.748978E-03  1.324040E-04 -2.952522E-04  0.0           1.662725E-05
             14        0  0.0           0.0           0.0           0.0           0.0           0.0         
             15        0 -1.888611E-06  6.163858E-06  5.910948E-06  0.0          -8.248979E-06  2.640315E-06
             16        0 -1.833881E-05  2.487367E-05  9.964692E-06  0.0          -3.494392E-05  5.433458E-06
             17        0 -6.096291E-05  6.044084E-05  1.103181E-05  0.0          -7.710301E-05  8.193633E-06
             18        0 -1.368149E-04  1.186106E-04  8.353476E-06  0.0          -1.348687E-04  1.136904E-05
             19        0 -2.489320E-04  2.055464E-04  1.504081E-06  0.0          -2.090614E-04  1.515120E-05
             20        0 -3.964571E-04  3.264663E-04 -9.594365E-06  0.0          -3.028985E-04  1.995141E-05
             21        0 -5.754425E-04  4.846376E-04 -2.469101E-05 -3.247482E-04  0.0          -1.209071E-05
             22        0 -7.797867E-04  6.806176E-04 -4.322980E-05 -3.378391E-04  0.0          -1.312644E-05
             23        0 -1.002364E-03  9.118880E-04 -6.438734E-05 -3.418668E-04  0.0          -1.409172E-05
             24        0 -1.236166E-03  1.172881E-03 -8.712170E-05 -3.364925E-04  0.0          -1.506094E-05
             25        0 -1.475332E-03  1.455331E-03 -1.102278E-04 -3.211456E-04  0.0          -1.604498E-05
             26        0 -1.716001E-03  1.748978E-03 -1.324040E-04 -2.952522E-04  0.0          -1.662725E-05
             27        0  0.0           0.0           0.0           0.0           0.0           0.0         
             28        0 -2.394365E-06  5.913342E-06 -1.321529E-18  0.0          -9.228527E-06  3.500516E-17
             29        0 -5.764160E-04  4.857440E-04 -8.863900E-18 -3.250052E-04  0.0           2.594075E-16
             30        0 -1.932188E-05  2.481677E-05 -2.575496E-18  0.0          -3.595855E-05  8.019252E-17
             31        0 -1.236368E-03  1.173571E-03 -1.560668E-17 -3.364014E-04  0.0           4.776411E-16
             32        0 -6.222385E-05  6.067226E-05 -3.828370E-18  0.0          -7.799544E-05  9.956194E-17
             33        0 -7.804859E-04  6.816985E-04 -1.151633E-17 -3.379337E-04  0.0           2.021610E-16
             34        0 -1.381996E-04  1.191510E-04 -5.061942E-18  0.0          -1.356355E-04  1.618928E-16
             35        0 -1.716006E-03  1.749200E-03 -1.835016E-17 -2.952700E-04  0.0           6.056502E-16
             36        0 -2.502884E-04  2.063604E-04 -6.100502E-18  0.0          -2.096910E-04  1.914874E-16
             37        0 -1.002793E-03  9.128254E-04 -1.319415E-17 -3.418472E-04  0.0           3.573521E-16
             38        0 -3.976643E-04  3.274789E-04 -7.281087E-18  0.0          -3.033870E-04  2.056397E-16
             39        0 -1.475387E-03  1.455722E-03 -1.702207E-17 -3.210251E-04  0.0           5.547624E-16
             40        0  0.0           0.0           0.0           0.0           0.0           0.0         
             41        0 -6.024454E-08  1.764394E-06 -3.066807E-06  0.0          -1.433259E-06 -1.311913E-06
             42        0 -2.258152E-06  5.935219E-06 -2.917005E-06  0.0          -9.489503E-06 -1.306120E-06
             43        0 -2.740081E-07  1.387600E-06 -6.385785E-19  0.0          -2.779863E-06  1.573000E-17
             44        0 -7.451445E-06  1.374021E-05 -8.251844E-06  0.0          -1.948723E-05 -4.036653E-06
             45        0 -1.908595E-05  2.483754E-05 -4.944962E-06  0.0          -3.570825E-05 -2.693438E-06
             46        0 -8.202989E-06  1.354477E-05 -1.911806E-18  0.0          -2.062829E-05  5.633666E-17
             47        0 -3.586314E-05  4.022825E-05 -1.092405E-05  0.0          -5.409792E-05 -6.838763E-06
             48        0 -6.190630E-05  6.061030E-05 -5.473763E-06  0.0          -7.788503E-05 -4.087621E-06
             49        0 -3.700749E-05  4.030891E-05 -3.227381E-18  0.0          -5.506461E-05  1.004629E-16
             50        0 -9.445318E-05  8.631312E-05 -1.019500E-05  0.0          -1.040190E-04 -9.759082E-06
             51        0 -1.378558E-04  1.190166E-04 -4.132244E-06  0.0          -1.354036E-04 -5.670462E-06
             52        0 -9.579488E-05  8.669897E-05 -4.477186E-18  0.0          -1.048591E-04  1.436327E-16
             53        0 -1.883220E-04  1.581310E-04 -5.461669E-06  0.0          -1.697672E-04 -1.319929E-05
             54        0 -2.499493E-04  2.061567E-04 -7.075691E-07  0.0          -2.094498E-04 -7.563595E-06
             55        0 -1.897104E-04  1.588150E-04 -5.589849E-18  0.0          -1.704696E-04  1.850269E-16
             56        0 -3.184596E-04  2.615049E-04  3.523155E-06  0.0          -2.532140E-04 -1.741819E-05
             57        0 -3.973627E-04  3.272265E-04  4.839654E-06 -3.030679E-04  0.0           5.489815E-06
             58        0 -3.197547E-04  2.624288E-04 -6.771533E-18  0.0          -2.537766E-04  1.876748E-16
             59        0 -4.823685E-04  4.007991E-04  1.667190E-05 -3.149029E-04  0.0           1.144769E-05
             60        0 -5.761720E-04  4.854682E-04  1.238406E-05 -3.247101E-04  0.0           6.061187E-06
             61        0 -4.834674E-04  4.018722E-04 -7.671572E-18 -3.152652E-04  0.0           2.517949E-16
             62        0 -6.748852E-04  5.779913E-04  3.357664E-05 -3.324038E-04  0.0           1.254441E-05
             63        0 -7.803099E-04  6.814291E-04  2.164786E-05 -3.376379E-04  0.0           6.573357E-06
             64        0 -6.757246E-04  5.790993E-04 -1.006497E-17 -3.325704E-04  0.0           2.707913E-16
             65        0 -8.892554E-04  7.921272E-04  5.354259E-05 -3.410034E-04  0.0           1.354275E-05
             66        0 -1.002684E-03  9.125921E-04  3.221967E-05 -3.415715E-04  0.0           7.052580E-06
             67        0 -8.898174E-04  7.931500E-04 -1.294691E-17 -3.410323E-04  0.0           2.934399E-16
             68        0 -1.118270E-03  1.039132E-03  7.563000E-05 -3.403860E-04  0.0           1.451400E-05
             69        0 -1.236316E-03  1.173399E-03  4.357882E-05 -3.361033E-04  0.0           7.533900E-06
             70        0 -1.118579E-03  1.039956E-03 -1.420182E-17 -3.403201E-04  0.0           4.142072E-16
             71        0 -1.355378E-03  1.312032E-03  9.870865E-05 -3.300935E-04  0.0           1.550492E-05
             72        0 -1.475372E-03  1.455622E-03  5.512294E-05 -3.207725E-04  0.0           8.013470E-06
             73        0 -1.355498E-03  1.312575E-03 -1.575391E-17 -3.299789E-04  0.0           5.162786E-16
             74        0 -1.595628E-03  1.601456E-03  1.215148E-04 -3.095496E-04  0.0           1.652703E-05
             75        0 -1.716003E-03  1.749151E-03  6.620544E-05 -2.949171E-04  0.0           8.275003E-06
             76        0 -1.595647E-03  1.601705E-03 -1.784148E-17 -3.094766E-04  0.0           5.684672E-16
             77        0  0.0           0.0           0.0           0.0           0.0           0.0         
             78        0 -2.258152E-06  5.935219E-06  2.917005E-06  0.0          -9.489503E-06  1.306120E-06
             79        0 -6.024454E-08  1.764394E-06  3.066807E-06  0.0          -1.433259E-06  1.311913E-06
             80        0 -1.908595E-05  2.483754E-05  4.944962E-06  0.0          -3.570825E-05  2.693438E-06
             81        0 -7.451445E-06  1.374021E-05  8.251844E-06  0.0          -1.948723E-05  4.036653E-06
             82        0 -6.190630E-05  6.061030E-05  5.473763E-06  0.0          -7.788503E-05  4.087621E-06
             83        0 -3.586314E-05  4.022825E-05  1.092405E-05  0.0          -5.409792E-05  6.838763E-06
             84        0 -1.378558E-04  1.190166E-04  4.132244E-06  0.0          -1.354036E-04  5.670462E-06
             85        0 -9.445318E-05  8.631312E-05  1.019500E-05  0.0          -1.040190E-04  9.759082E-06
             86        0 -2.499493E-04  2.061567E-04  7.075691E-07  0.0          -2.094498E-04  7.563595E-06
             87        0 -1.883220E-04  1.581310E-04  5.461669E-06  0.0          -1.697672E-04  1.319929E-05
             88        0 -3.973627E-04  3.272265E-04 -4.839654E-06 -3.030679E-04  0.0          -5.489815E-06
             89        0 -3.184596E-04  2.615049E-04 -3.523155E-06  0.0          -2.532140E-04  1.741819E-05
             90        0 -5.761720E-04  4.854682E-04 -1.238406E-05 -3.247101E-04  0.0          -6.061187E-06
             91        0 -4.823685E-04  4.007991E-04 -1.667190E-05 -3.149029E-04  0.0          -1.144769E-05
             92        0 -7.803099E-04  6.814291E-04 -2.164786E-05 -3.376379E-04  0.0          -6.573357E-06
             93        0 -6.748852E-04  5.779913E-04 -3.357664E-05 -3.324038E-04  0.0          -1.254441E-05
             94        0 -1.002684E-03  9.125921E-04 -3.221967E-05 -3.415715E-04  0.0          -7.052580E-06
             95        0 -8.892554E-04  7.921272E-04 -5.354259E-05 -3.410034E-04  0.0          -1.354275E-05
             96        0 -1.236316E-03  1.173399E-03 -4.357882E-05 -3.361033E-04  0.0          -7.533900E-06
             97        0 -1.118270E-03  1.039132E-03 -7.563000E-05 -3.403860E-04  0.0          -1.451400E-05
             98        0 -1.475372E-03  1.455622E-03 -5.512294E-05 -3.207725E-04  0.0          -8.013470E-06
             99        0 -1.355378E-03  1.312032E-03 -9.870865E-05 -3.300935E-04  0.0          -1.550492E-05
            100        0 -1.716003E-03  1.749151E-03 -6.620544E-05 -2.949171E-04  0.0          -8.275003E-06
            101        0 -1.595628E-03  1.601456E-03 -1.215148E-04 -3.095496E-04  0.0          -1.652703E-05
                         ------------- ------------- ------------- ------------- ------------- -------------
                MAX* :    0.0           1.749200E-03  1.324040E-04  0.0           0.0           1.995141E-05
                MIN* :   -1.716006E-03  0.0          -1.324040E-04 -3.418668E-04 -3.033870E-04 -1.995141E-05

                ABS* :    1.716006E-03  1.749200E-03  1.324040E-04  3.418668E-04  3.033870E-04  1.995141E-05
                *for output set


 OUTPUT FOR SUBCASE        1

                                                          S P C   F O R C E S
                                              (in global coordinate system at each grid)
           GRID     COORD      T1            T2            T3            R1            R2            R3
                     SYS
              1        0 -2.753532E-01 -2.365148E+00  6.027403E+00  8.506042E-04 -7.682053E-02  1.179797E-02
              2        0  0.0           0.0           0.0           3.621771E-14  0.0           0.0         
              3        0  0.0           0.0           0.0           8.455473E-14  0.0           0.0         
              4        0  0.0           0.0           0.0           4.944715E-14  0.0           0.0         
              5        0  0.0           0.0           0.0          -9.924725E-13  0.0           0.0         
              6        0  0.0           0.0           0.0          -3.076721E-13  0.0           0.0         
              7        0  0.0           0.0           0.0          -1.853562E-12  0.0           0.0         
              8        0  0.0           0.0           0.0           0.0           1.135196E-12  0.0         
              9        0  0.0           0.0           0.0           0.0          -1.228721E-12  0.0         
             10        0  0.0           0.0           0.0           0.0          -2.404410E-13  0.0         
             11        0  0.0           0.0           0.0           0.0           3.822417E-13  0.0         
             12        0  0.0           0.0           0.0           0.0          -2.706520E-13  0.0         
             13        0  0.0           0.0           0.0           0.0          -1.470364E-13  0.0         
             14        0 -2.753532E-01 -2.365148E+00 -6.027403E+00  8.506042E-04 -7.682053E-02 -1.179797E-02
             15        0  0.0           0.0           0.0           3.189116E-14  0.0           0.0         
             16        0  0.0           0.0           0.0           5.367928E-14  0.0           0.0         
             17        0  0.0           0.0           0.0          -4.528183E-13  0.0           0.0         
             18        0  0.0           0.0           0.0          -2.315925E-13  0.0           0.0         
             19        0  0.0           0.0           0.0           2.537415E-13  0.0           0.0         
             20        0  0.0           0.0           0.0          -6.845635E-13  0.0           0.0         
             21        0  0.0           0.0           0.0           0.0           3.287023E-13  0.0         
             22        0  0.0           0.0           0.0           0.0          -2.462603E-12  0.0         
             23        0  0.0           0.0           0.0           0.0          -6.500122E-13  0.0         
             24        0  0.0           0.0           0.0           0.0          -1.124011E-12  0.0         
             25        0  0.0           0.0           0.0           0.0           1.885575E-13  0.0         
             26        0  0.0           0.0           0.0           0.0           3.611972E-13  0.0         
             27        0 -5.704712E-01 -8.277486E-01  1.979805E-12  3.148457E-17 -3.662604E-02 -4.403422E-13
             28        0  0.0           0.0           0.0           1.127570E-15  0.0           0.0         
             29        0  0.0           0.0           0.0           0.0           1.997652E-12  0.0         
             30        0  0.0           0.0           0.0           2.571034E-14  0.0           0.0         
             31        0  0.0           0.0           0.0           0.0           7.342252E-13  0.0         
             32        0  0.0           0.0           0.0           2.273667E-13  0.0           0.0         
             33        0  0.0           0.0           0.0           0.0          -1.652678E-12  0.0         
             34        0  0.0           0.0           0.0          -1.661421E-12  0.0           0.0         
             35        0  0.0           0.0           0.0           0.0          -1.049551E-14  0.0         
             36        0  0.0           0.0           0.0           4.332507E-13  0.0           0.0         
             37        0  0.0           0.0           0.0           0.0           1.636576E-12  0.0         
             38        0  0.0           0.0           0.0           2.447278E-13  0.0           0.0         
             39        0  0.0           0.0           0.0           0.0           2.663720E-13  0.0         
             40        0  5.605888E-01  2.279022E+00  9.754557E+00  1.574404E-03  9.513355E-02  4.367430E-02
             41        0  0.0           0.0           0.0           9.345880E-17  0.0           0.0         
             42        0  0.0           0.0           0.0           3.828384E-14  0.0           0.0         
             43        0  0.0           0.0           0.0          -3.377219E-16  0.0           0.0         
             44        0  0.0           0.0           0.0           9.265508E-15  0.0           0.0         
             45        0  0.0           0.0           0.0           3.773810E-14  0.0           0.0         
             46        0  0.0           0.0           0.0          -3.221445E-14  0.0           0.0         
             47        0  0.0           0.0           0.0           9.944428E-14  0.0           0.0         
             48        0  0.0           0.0           0.0          -9.570003E-14  0.0           0.0         
             49        0  0.0           0.0           0.0           1.714777E-13  0.0           0.0         
             50        0  0.0           0.0           0.0          -2.549340E-13  0.0           0.0         
             51        0  0.0           0.0           0.0           1.360489E-13  0.0           0.0         
             52        0  0.0           0.0           0.0           6.389424E-13  0.0           0.0         
             53        0  0.0           0.0           0.0          -9.172615E-14  0.0           0.0         
             54        0  0.0           0.0           0.0          -7.716725E-13  0.0           0.0         
             55        0  0.0           0.0           0.0          -1.312059E-12  0.0           0.0         
             56        0  0.0           0.0           0.0          -3.019007E-13  0.0           0.0         
             57        0  0.0           0.0           0.0           0.0           4.209431E-14  0.0         
             58        0  0.0           0.0           0.0           4.831814E-13  0.0           0.0         
             59        0  0.0           0.0           0.0           0.0           3.879914E-12  0.0         
             60        0  0.0           0.0           0.0           0.0          -2.909349E-13  0.0         
             61        0  0.0           0.0           0.0           0.0          -8.604059E-13  0.0         
             62        0  0.0           0.0           0.0           0.0           2.026643E-12  0.0         
             63        0  0.0           0.0           0.0           0.0           6.162820E-13  0.0         
             64        0  0.0           0.0           0.0           0.0           7.646389E-13  0.0         
             65        0  0.0           0.0           0.0           0.0          -1.191080E-13  0.0         
             66        0  0.0           0.0           0.0           0.0          -1.842676E-12  0.0         
             67        0  0.0           0.0           0.0           0.0           5.079352E-12  0.0         
             68        0  0.0           0.0           0.0           0.0           5.219896E-13  0.0         
             69        0  0.0           0.0           0.0           0.0          -1.619309E-13  0.0         
             70        0  0.0           0.0           0.0           0.0           2.685759E-13  0.0         
             71        0  0.0           0.0           0.0           0.0          -1.550852E-13  0.0         
             72        0  0.0           0.0           0.0           0.0          -8.386496E-13  0.0         
             73        0  0.0           0.0           0.0           0.0           5.985995E-13  0.0         
             74        0  0.0           0.0           0.0           0.0          -4.279344E-14  0.0         
             75        0  0.0           0.0           0.0           0.0           7.326106E-14  0.0         
             76        0  0.0           0.0           0.0           0.0           1.540208E-13  0.0         
             77        0  5.605888E-01  2.279022E+00 -9.754557E+00  1.574404E-03  9.513355E-02 -4.367430E-02
             78        0  0.0           0.0           0.0           4.639344E-14  0.0           0.0         
             79        0  0.0           0.0           0.0           2.733924E-15  0.0           0.0         
             80        0  0.0           0.0           0.0           4.035661E-14  0.0           0.0         
             81        0  0.0           0.0           0.0           1.249001E-14  0.0           0.0         
             82        0  0.0           0.0           0.0          -4.800604E-13  0.0           0.0         
             83        0  0.0           0.0           0.0           4.266587E-13  0.0           0.0         
             84        0  0.0           0.0           0.0           2.270961E-13  0.0           0.0         
             85        0  0.0           0.0           0.0           1.535716E-13  0.0           0.0         
             86        0  0.0           0.0           0.0          -6.123990E-13  0.0           0.0         
             87        0  0.0           0.0           0.0           1.107892E-12  0.0           0.0         
             88        0  0.0           0.0           0.0           0.0           4.151957E-13  0.0         
             89        0  0.0           0.0           0.0          -1.199041E-14  0.0           0.0         
             90        0  0.0           0.0           0.0           0.0           1.181444E-12  0.0         
             91        0  0.0           0.0           0.0           0.0           2.857353E-12  0.0         
             92        0  0.0           0.0           0.0           0.0          -2.258221E-12  0.0         
             93        0  0.0           0.0           0.0           0.0          -9.235390E-13  0.0         
             94        0  0.0           0.0           0.0           0.0           2.035455E-13  0.0         
             95        0  0.0           0.0           0.0           0.0           4.575229E-13  0.0         
             96        0  0.0           0.0           0.0           0.0          -6.013662E-13  0.0         
             97        0  0.0           0.0           0.0           0.0          -1.507683E-13  0.0         
             98        0  0.0           0.0           0.0           0.0          -8.843967E-13  0.0         
             99        0  0.0           0.0           0.0           0.0           1.212364E-12  0.0         
            100        0  0.0           0.0           0.0           0.0          -2.643107E-13  0.0         
            101        0  0.0           0.0           0.0           0.0          -2.688405E-13  0.0         
                         ------------- ------------- ------------- ------------- ------------- -------------
                MAX* :    5.605888E-01  2.279022E+00  9.754557E+00  1.574404E-03  9.513355E-02  4.367430E-02
                MIN* :   -5.704712E-01 -2.365148E+00 -9.754557E+00 -1.853562E-12 -7.682053E-02 -4.367430E-02

                ABS* :    5.704712E-01  2.365148E+00  9.754557E+00  1.574404E-03  9.513355E-02  4.367430E-02
                *for output set
                         ------------- ------------- ------------- ------------- ------------- -------------
     SPC FORCE TOTALS:   -3.655842E-11 -1.000000E+00  1.658940E-11  4.850015E-03 -2.323747E-10 -2.251158E-12
     (for output set)

                                                    SPC Force Summary on AUTOSPC'd DOF's
                                                 (in global coordinate system at each grid)
        For detailed information on the SPC forces for the AUTOSPC DOF's, set field 7 (AUTOSPC_SPCF) on the PARAM AUTOSPC entry to Y

                              T1             T2             T3             R1             R2             R3

 ABS AUTOSPC FORCES  :   0.000000E+00   0.000000E+00   0.000000E+00   1.853562E-12   5.079352E-12   0.000000E+00
 AUTOSPC FORCE TOTALS:   0.000000E+00   0.000000E+00   0.000000E+00  -5.075714E-12   9.933840E-12   0.000000E+00
     (for output set)

 >> LINK  9 END

    Total CPU time =  1.56E-01 seconds

 >> MYSTRAN END    :  6/ 4/2026 at 11:55: 1.403
