   604115502

 MYSTRAN Version 18.0.0   APR 20 2026 MYSTRAN developed by Dr Bill Case
*** Please report any problems to mystransolver@gmail.com ***                                                                                                                                                                                                   

 >> MYSTRAN BEGIN  :  6/ 4/2026 at 11:55: 2. 18 The input file is C:\Users\victo\Documents\Git\MYSTRAN_Validation\working\S30 mitc8 strain.bdf                                                                                                                                                                                    


 >> LINK  0 BEGIN


SOL 101                                                                                                                                                                                                                                                         
CEND                                                                                                                                                                                                                                                            
DISPLACEMENT = ALL                                                                                                                                                                                                                                              
SPCFORCES = ALL                                                                                                                                                                                                                                                 
MPCFORCES = ALL                                                                                                                                                                                                                                                 
STRESS(CORNER) = ALL                                                                                                                                                                                                                                            
STRAIN(CORNER) = ALL                                                                                                                                                                                                                                            
FORCE(CORNER) = ALL                                                                                                                                                                                                                                             
SPC = 1                                                                                                                                                                                                                                                         
LOAD = 1                                                                                                                                                                                                                                                        
BEGIN BULK                                                                                                                                                                                                                                                      
ECHO: loadb GRID           1       0   0.0+0   0.0+0   0.0+0       0                                                                                                                                                                                                        
ECHO: loadb GRID           2       0   1.2+0   0.0+0   0.0+0       0                                                                                                                                                                                                        
ECHO: loadb GRID           3       0   1.2+0   1.2+0   0.0+0       0                                                                                                                                                                                                        
ECHO: loadb GRID           4       0   0.0+0   1.2+0   0.0+0       0                                                                                                                                                                                                        
ECHO: loadb GRID           5       0   2.0+0   0.0+0   0.0+0       0                                                                                                                                                                                                        
ECHO: loadb GRID           6       0   3.2+0   0.0+0   0.0+0       0                                                                                                                                                                                                        
ECHO: loadb GRID           7       0   3.2+0   1.2+0   0.0+0       0                                                                                                                                                                                                        
ECHO: loadb GRID           8       0   2.0+0   1.2+0   0.0+0       0                                                                                                                                                                                                        
ECHO: loadb GRID           9       0  -2.0+0   0.0+0   0.0+0       0                                                                                                                                                                                                        
ECHO: loadb GRID          10       0  -8.0-1   0.0+0   0.0+0       0                                                                                                                                                                                                        
ECHO: loadb GRID          11       0  -8.0-1   1.2+0   0.0+0       0                                                                                                                                                                                                        
ECHO: loadb GRID          12       0  -2.0+0   1.2+0   0.0+0       0                                                                                                                                                                                                        
ECHO: loadb GRID          13       0  -2.0+0   2.0+0   0.0+0       0                                                                                                                                                                                                        
ECHO: loadb GRID          14       0  -8.0-1   2.0+0   0.0+0       0                                                                                                                                                                                                        
ECHO: loadb GRID          15       0  -8.0-1   3.2+0   0.0+0       0                                                                                                                                                                                                        
ECHO: loadb GRID          16       0  -2.0+0   3.2+0   0.0+0       0                                                                                                                                                                                                        
ECHO: loadb GRID          17       0   2.0+0   2.0+0   0.0+0       0                                                                                                                                                                                                        
ECHO: loadb GRID          18       0   3.2+0   2.0+0   0.0+0       0                                                                                                                                                                                                        
ECHO: loadb GRID          19       0   3.2+0   3.2+0   0.0+0       0                                                                                                                                                                                                        
ECHO: loadb GRID          20       0   2.0+0   3.2+0   0.0+0       0                                                                                                                                                                                                        
ECHO: loadb GRID          21       0   5.2+0   1.2+0   0.0+0       0                                                                                                                                                                                                        
ECHO: loadb GRID          22       0   4.0+0   1.2+0   0.0+0       0                                                                                                                                                                                                        
ECHO: loadb GRID          23       0   5.2+0   0.0+0   0.0+0       0                                                                                                                                                                                                        
ECHO: loadb GRID          24       0   4.0+0   0.0+0   0.0+0       0                                                                                                                                                                                                        
ECHO: loadb GRID*                 25               0 6.35536269767+0 3.59017617689+0*                                                                                                                                                                                       
ECHO: loadb *                  0.0+0               1                                                                                                                                                                                                                        
ECHO: loadb GRID*                 26               0 5.22773155272+0  3.1797520049+0*                                                                                                                                                                                       
ECHO: loadb *                  0.0+0               0                                                                                                                                                                                                                        
ECHO: loadb GRID*                 27               0 6.76578686966+0 2.46254503194+0*                                                                                                                                                                                       
ECHO: loadb *                  0.0+0               1                                                                                                                                                                                                                        
ECHO: loadb GRID*                 28               0 5.63815572472+0 2.05212085995+0*                                                                                                                                                                                       
ECHO: loadb *                  0.0+0               0                                                                                                                                                                                                                        
ECHO: loadb GRID          29       0   6.0-1   0.0+0   0.0+0       0                                                                                                                                                                                                        
ECHO: loadb GRID          30       0   1.2+0   6.0-1   0.0+0       0                                                                                                                                                                                                        
ECHO: loadb GRID          31       0   6.0-1   1.2+0   0.0+0       0                                                                                                                                                                                                        
ECHO: loadb GRID          32       0   0.0+0   6.0-1   0.0+0       0                                                                                                                                                                                                        
ECHO: loadb GRID          33       0   2.6+0   0.0+0   0.0+0       0                                                                                                                                                                                                        
ECHO: loadb GRID          34       0   3.2+0   6.0-1   0.0+0       0                                                                                                                                                                                                        
ECHO: loadb GRID          35       0   2.6+0   1.2+0   0.0+0       0                                                                                                                                                                                                        
ECHO: loadb GRID          36       0   2.0+0   6.0-1   0.0+0       0                                                                                                                                                                                                        
ECHO: loadb GRID          37       0  -1.4+0   0.0+0   0.0+0       0                                                                                                                                                                                                        
ECHO: loadb GRID          38       0  -8.0-1   6.0-1   0.0+0       0                                                                                                                                                                                                        
ECHO: loadb GRID          39       0  -1.4+0   1.2+0   0.0+0       0                                                                                                                                                                                                        
ECHO: loadb GRID          40       0  -2.0+0   6.0-1   0.0+0       0                                                                                                                                                                                                        
ECHO: loadb GRID          41       0  -1.4+0   2.0+0   0.0+0       0                                                                                                                                                                                                        
ECHO: loadb GRID          42       0  -8.0-1   2.6+0   0.0+0       0                                                                                                                                                                                                        
ECHO: loadb GRID          43       0  -1.4+0   3.2+0   0.0+0       0                                                                                                                                                                                                        
ECHO: loadb GRID          44       0  -2.0+0   2.6+0   0.0+0       0                                                                                                                                                                                                        
ECHO: loadb GRID          45       0   2.6+0   2.0+0   0.0+0       0                                                                                                                                                                                                        
ECHO: loadb GRID          46       0   3.2+0   2.6+0   0.0+0       0                                                                                                                                                                                                        
ECHO: loadb GRID          47       0   2.6+0   3.2+0   0.0+0       0                                                                                                                                                                                                        
ECHO: loadb GRID          48       0   2.0+0   2.6+0   0.0+0       0                                                                                                                                                                                                        
ECHO: loadb GRID          49       0   4.6+0   0.0+0   0.0+0       0                                                                                                                                                                                                        
ECHO: loadb GRID          50       0   5.2+0   6.0-1   0.0+0       0                                                                                                                                                                                                        
ECHO: loadb GRID          51       0   4.6+0   1.2+0   0.0+0       0                                                                                                                                                                                                        
ECHO: loadb GRID          52       0   4.0+0   6.0-1   0.0+0       0                                                                                                                                                                                                        
ECHO: loadb GRID*                 53               0 6.20197129719+0 2.25733294595+0*                                                                                                                                                                                       
ECHO: loadb *                  0.0+0               1                                                                                                                                                                                                                        
ECHO: loadb GRID*                 54               0 6.56057478366+0 3.02636060442+0*                                                                                                                                                                                       
ECHO: loadb *                  0.0+0               1                                                                                                                                                                                                                        
ECHO: loadb GRID*                 55               0  5.7915471252+0 3.38496409089+0*                                                                                                                                                                                       
ECHO: loadb *                  0.0+0               1                                                                                                                                                                                                                        
ECHO: loadb GRID*                 56               0 5.43294363872+0 2.61593643243+0*                                                                                                                                                                                       
ECHO: loadb *                  0.0+0               0                                                                                                                                                                                                                        
ECHO: loadb PARAM    STR_CID      -2                                                                                                                                                                                                                                        
ECHO: loadb MAT1           1   5.0+0   2.5+0   0.0+0   0.0+0   0.0+0   0.0+0                                                                                                                                                                                                
ECHO: loadb CORD2R*                1               0           0.0+0           0.0+0*                                                                                                                                                                                       
ECHO: loadb *                  0.0+0           0.0+0           0.0+0           1.0+0*                                                                                                                                                                                       
ECHO nextc2: *        9.39692620786-1 3.42020143326-1           0.0+0                *                                                                                                                                                                                       
ECHO nextc2: *                                                                                                                                                                                                                                                               
ECHO: loadb SPC            1       1       1   0.0+0                                                                                                                                                                                                                        
ECHO: loadb SPC            1       1       2   0.0+0                                                                                                                                                                                                                        
ECHO: loadb SPC            1       1       3   0.0+0                                                                                                                                                                                                                        
ECHO: loadb SPC            1       1       4   0.0+0                                                                                                                                                                                                                        
ECHO: loadb SPC            1       1       5   0.0+0                                                                                                                                                                                                                        
ECHO: loadb SPC            1       1       6   0.0+0                                                                                                                                                                                                                        
ECHO: loadb SPC*                   1               2               1-2.1371793224-18*                                                                                                                                                                                       
ECHO: loadb *                                                                                                                                                                                                                                                               
ECHO: loadb SPC            1       2       2   1.2-2                                                                                                                                                                                                                        
ECHO: loadb SPC*                   1               3               1-2.1371793224-18*                                                                                                                                                                                       
ECHO: loadb *                                                                                                                                                                                                                                                               
ECHO: loadb SPC            1       3       2   1.2-2                                                                                                                                                                                                                        
ECHO: loadb SPC            1       4       1   0.0+0                                                                                                                                                                                                                        
ECHO: loadb SPC            1       4       2   0.0+0                                                                                                                                                                                                                        
ECHO: loadb SPC            1       4       3   0.0+0                                                                                                                                                                                                                        
ECHO: loadb SPC            1       4       4   0.0+0                                                                                                                                                                                                                        
ECHO: loadb SPC            1       4       5   0.0+0                                                                                                                                                                                                                        
ECHO: loadb SPC            1       4       6   0.0+0                                                                                                                                                                                                                        
ECHO: loadb SPC            1       5       1   0.0+0                                                                                                                                                                                                                        
ECHO: loadb SPC            1       5       2   0.0+0                                                                                                                                                                                                                        
ECHO: loadb SPC            1       5       3   0.0+0                                                                                                                                                                                                                        
ECHO: loadb SPC            1       5       4   0.0+0                                                                                                                                                                                                                        
ECHO: loadb SPC            1       5       5   0.0+0                                                                                                                                                                                                                        
ECHO: loadb SPC            1       5       6   0.0+0                                                                                                                                                                                                                        
ECHO: loadb SPC*                   1               6               1 5.5511151231-18*                                                                                                                                                                                       
ECHO: loadb *                                                                                                                                                                                                                                                               
ECHO: loadb SPC            1       6       3   1.0-1                                                                                                                                                                                                                        
ECHO: loadb SPC            1       6       5   0.0+0                                                                                                                                                                                                                        
ECHO: loadb SPC*                   1               7               1 5.5511151231-18*                                                                                                                                                                                       
ECHO: loadb *                                                                                                                                                                                                                                                               
ECHO: loadb SPC            1       7       3   1.0-1                                                                                                                                                                                                                        
ECHO: loadb SPC            1       7       5   0.0+0                                                                                                                                                                                                                        
ECHO: loadb SPC            1       8       1   0.0+0                                                                                                                                                                                                                        
ECHO: loadb SPC            1       8       2   0.0+0                                                                                                                                                                                                                        
ECHO: loadb SPC            1       8       3   0.0+0                                                                                                                                                                                                                        
ECHO: loadb SPC            1       8       4   0.0+0                                                                                                                                                                                                                        
ECHO: loadb SPC            1       8       5   0.0+0                                                                                                                                                                                                                        
ECHO: loadb SPC            1       8       6   0.0+0                                                                                                                                                                                                                        
ECHO: loadb SPC            1       9       1   0.0+0                                                                                                                                                                                                                        
ECHO: loadb SPC            1       9       2   0.0+0                                                                                                                                                                                                                        
ECHO: loadb SPC            1       9       3   0.0+0                                                                                                                                                                                                                        
ECHO: loadb SPC            1       9       4   0.0+0                                                                                                                                                                                                                        
ECHO: loadb SPC            1       9       5   0.0+0                                                                                                                                                                                                                        
ECHO: loadb SPC            1       9       6   0.0+0                                                                                                                                                                                                                        
ECHO: loadb SPC            1      10       1   1.3-1                                                                                                                                                                                                                        
ECHO: loadb SPC            1      11       1   1.3-1                                                                                                                                                                                                                        
ECHO: loadb SPC            1      12       1   0.0+0                                                                                                                                                                                                                        
ECHO: loadb SPC            1      12       2   0.0+0                                                                                                                                                                                                                        
ECHO: loadb SPC            1      12       3   0.0+0                                                                                                                                                                                                                        
ECHO: loadb SPC            1      12       4   0.0+0                                                                                                                                                                                                                        
ECHO: loadb SPC            1      12       5   0.0+0                                                                                                                                                                                                                        
ECHO: loadb SPC            1      12       6   0.0+0                                                                                                                                                                                                                        
ECHO: loadb SPC            1      13       1   0.0+0                                                                                                                                                                                                                        
ECHO: loadb SPC            1      13       2   0.0+0                                                                                                                                                                                                                        
ECHO: loadb SPC            1      13       3   0.0+0                                                                                                                                                                                                                        
ECHO: loadb SPC            1      13       4   0.0+0                                                                                                                                                                                                                        
ECHO: loadb SPC            1      13       5   0.0+0                                                                                                                                                                                                                        
ECHO: loadb SPC            1      13       6   0.0+0                                                                                                                                                                                                                        
ECHO: loadb SPC            1      14       1   0.0+0                                                                                                                                                                                                                        
ECHO: loadb SPC            1      14       2   0.0+0                                                                                                                                                                                                                        
ECHO: loadb SPC            1      14       3   0.0+0                                                                                                                                                                                                                        
ECHO: loadb SPC            1      14       4   0.0+0                                                                                                                                                                                                                        
ECHO: loadb SPC            1      14       5   0.0+0                                                                                                                                                                                                                        
ECHO: loadb SPC            1      14       6   0.0+0                                                                                                                                                                                                                        
ECHO: loadb SPC            1      15       2   1.3-1                                                                                                                                                                                                                        
ECHO: loadb SPC            1      16       2   1.3-1                                                                                                                                                                                                                        
ECHO: loadb SPC            1      17       1   0.0+0                                                                                                                                                                                                                        
ECHO: loadb SPC            1      17       2   0.0+0                                                                                                                                                                                                                        
ECHO: loadb SPC            1      17       3   0.0+0                                                                                                                                                                                                                        
ECHO: loadb SPC            1      17       4   0.0+0                                                                                                                                                                                                                        
ECHO: loadb SPC            1      17       5   0.0+0                                                                                                                                                                                                                        
ECHO: loadb SPC            1      17       6   0.0+0                                                                                                                                                                                                                        
ECHO: loadb SPC            1      18       1   0.0+0                                                                                                                                                                                                                        
ECHO: loadb SPC            1      18       2   0.0+0                                                                                                                                                                                                                        
ECHO: loadb SPC            1      18       3   0.0+0                                                                                                                                                                                                                        
ECHO: loadb SPC            1      18       4   0.0+0                                                                                                                                                                                                                        
ECHO: loadb SPC            1      18       5   0.0+0                                                                                                                                                                                                                        
ECHO: loadb SPC            1      18       6   0.0+0                                                                                                                                                                                                                        
ECHO: loadb SPC            1      19       3   1.0-1                                                                                                                                                                                                                        
ECHO: loadb SPC            1      19       2   0.0+0                                                                                                                                                                                                                        
ECHO: loadb SPC            1      19       5   0.0+0                                                                                                                                                                                                                        
ECHO: loadb SPC            1      19       4   0.0+0                                                                                                                                                                                                                        
ECHO: loadb SPC            1      20       3   1.0-1                                                                                                                                                                                                                        
ECHO: loadb SPC            1      20       2   0.0+0                                                                                                                                                                                                                        
ECHO: loadb SPC            1      20       4   0.0+0                                                                                                                                                                                                                        
ECHO: loadb SPC            1      22       1   0.0+0                                                                                                                                                                                                                        
ECHO: loadb SPC            1      22       2   0.0+0                                                                                                                                                                                                                        
ECHO: loadb SPC            1      22       3   0.0+0                                                                                                                                                                                                                        
ECHO: loadb SPC            1      22       4   0.0+0                                                                                                                                                                                                                        
ECHO: loadb SPC            1      22       5   0.0+0                                                                                                                                                                                                                        
ECHO: loadb SPC            1      22       6   0.0+0                                                                                                                                                                                                                        
ECHO: loadb SPC            1      24       1   0.0+0                                                                                                                                                                                                                        
ECHO: loadb SPC            1      24       2   0.0+0                                                                                                                                                                                                                        
ECHO: loadb SPC            1      24       3   0.0+0                                                                                                                                                                                                                        
ECHO: loadb SPC            1      24       4   0.0+0                                                                                                                                                                                                                        
ECHO: loadb SPC            1      24       5   0.0+0                                                                                                                                                                                                                        
ECHO: loadb SPC            1      24       6   0.0+0                                                                                                                                                                                                                        
ECHO: loadb SPC            1      25       2   7.0-2                                                                                                                                                                                                                        
ECHO: loadb SPC*                   1              25               1 6.7654215563-16*                                                                                                                                                                                       
ECHO: loadb *                                                                                                                                                                                                                                                               
ECHO: loadb SPC            1      25       5   0.0+0                                                                                                                                                                                                                        
ECHO: loadb SPC            1      25       6   0.0+0                                                                                                                                                                                                                        
ECHO: loadb SPC            1      26       1   0.0+0                                                                                                                                                                                                                        
ECHO: loadb SPC            1      26       2   0.0+0                                                                                                                                                                                                                        
ECHO: loadb SPC            1      26       3   0.0+0                                                                                                                                                                                                                        
ECHO: loadb SPC            1      26       4   0.0+0                                                                                                                                                                                                                        
ECHO: loadb SPC            1      26       5   0.0+0                                                                                                                                                                                                                        
ECHO: loadb SPC            1      26       6   0.0+0                                                                                                                                                                                                                        
ECHO: loadb SPC            1      27       2   7.0-2                                                                                                                                                                                                                        
ECHO: loadb SPC*                   1              27               1 -3.469446952-16*                                                                                                                                                                                       
ECHO: loadb *                                                                                                                                                                                                                                                               
ECHO: loadb SPC            1      27       5   0.0+0                                                                                                                                                                                                                        
ECHO: loadb SPC            1      27       6   0.0+0                                                                                                                                                                                                                        
ECHO: loadb SPC            1      28       1   0.0+0                                                                                                                                                                                                                        
ECHO: loadb SPC            1      28       2   0.0+0                                                                                                                                                                                                                        
ECHO: loadb SPC            1      28       3   0.0+0                                                                                                                                                                                                                        
ECHO: loadb SPC            1      28       4   0.0+0                                                                                                                                                                                                                        
ECHO: loadb SPC            1      28       5   0.0+0                                                                                                                                                                                                                        
ECHO: loadb SPC            1      28       6   0.0+0                                                                                                                                                                                                                        
ECHO: loadb SPC            1      29       1   0.0+0                                                                                                                                                                                                                        
ECHO: loadb SPC*                   1              30               1-2.1371793224-18*                                                                                                                                                                                       
ECHO: loadb *                                                                                                                                                                                                                                                               
ECHO: loadb SPC            1      30       2   1.2-2                                                                                                                                                                                                                        
ECHO: loadb SPC            1      31       1   0.0+0                                                                                                                                                                                                                        
ECHO: loadb SPC            1      32       1   0.0+0                                                                                                                                                                                                                        
ECHO: loadb SPC            1      32       2   0.0+0                                                                                                                                                                                                                        
ECHO: loadb SPC            1      32       3   0.0+0                                                                                                                                                                                                                        
ECHO: loadb SPC            1      32       4   0.0+0                                                                                                                                                                                                                        
ECHO: loadb SPC            1      32       5   0.0+0                                                                                                                                                                                                                        
ECHO: loadb SPC            1      32       6   0.0+0                                                                                                                                                                                                                        
ECHO: loadb SPC            1      33       5   0.0+0                                                                                                                                                                                                                        
ECHO: loadb SPC*                   1              34               1 5.5511151231-18*                                                                                                                                                                                       
ECHO: loadb *                                                                                                                                                                                                                                                               
ECHO: loadb SPC            1      34       3   1.0-1                                                                                                                                                                                                                        
ECHO: loadb SPC            1      34       5   0.0+0                                                                                                                                                                                                                        
ECHO: loadb SPC            1      35       5   0.0+0                                                                                                                                                                                                                        
ECHO: loadb SPC            1      36       1   0.0+0                                                                                                                                                                                                                        
ECHO: loadb SPC            1      36       2   0.0+0                                                                                                                                                                                                                        
ECHO: loadb SPC            1      36       3   0.0+0                                                                                                                                                                                                                        
ECHO: loadb SPC            1      36       4   0.0+0                                                                                                                                                                                                                        
ECHO: loadb SPC            1      36       5   0.0+0                                                                                                                                                                                                                        
ECHO: loadb SPC            1      36       6   0.0+0                                                                                                                                                                                                                        
ECHO: loadb SPC            1      38       1   1.3-1                                                                                                                                                                                                                        
ECHO: loadb SPC            1      40       1   0.0+0                                                                                                                                                                                                                        
ECHO: loadb SPC            1      40       2   0.0+0                                                                                                                                                                                                                        
ECHO: loadb SPC            1      40       3   0.0+0                                                                                                                                                                                                                        
ECHO: loadb SPC            1      40       4   0.0+0                                                                                                                                                                                                                        
ECHO: loadb SPC            1      40       5   0.0+0                                                                                                                                                                                                                        
ECHO: loadb SPC            1      40       6   0.0+0                                                                                                                                                                                                                        
ECHO: loadb SPC            1      41       1   0.0+0                                                                                                                                                                                                                        
ECHO: loadb SPC            1      41       2   0.0+0                                                                                                                                                                                                                        
ECHO: loadb SPC            1      41       3   0.0+0                                                                                                                                                                                                                        
ECHO: loadb SPC            1      41       4   0.0+0                                                                                                                                                                                                                        
ECHO: loadb SPC            1      41       5   0.0+0                                                                                                                                                                                                                        
ECHO: loadb SPC            1      41       6   0.0+0                                                                                                                                                                                                                        
ECHO: loadb SPC            1      43       2   1.3-1                                                                                                                                                                                                                        
ECHO: loadb SPC            1      45       1   0.0+0                                                                                                                                                                                                                        
ECHO: loadb SPC            1      45       2   0.0+0                                                                                                                                                                                                                        
ECHO: loadb SPC            1      45       3   0.0+0                                                                                                                                                                                                                        
ECHO: loadb SPC            1      45       4   0.0+0                                                                                                                                                                                                                        
ECHO: loadb SPC            1      45       5   0.0+0                                                                                                                                                                                                                        
ECHO: loadb SPC            1      45       6   0.0+0                                                                                                                                                                                                                        
ECHO: loadb SPC            1      46       5   0.0+0                                                                                                                                                                                                                        
ECHO: loadb SPC            1      46       4   0.0+0                                                                                                                                                                                                                        
ECHO: loadb SPC            1      47       3   1.0-1                                                                                                                                                                                                                        
ECHO: loadb SPC            1      47       2   0.0+0                                                                                                                                                                                                                        
ECHO: loadb SPC            1      47       4   0.0+0                                                                                                                                                                                                                        
ECHO: loadb SPC            1      48       4   0.0+0                                                                                                                                                                                                                        
ECHO: loadb SPC            1      52       1   0.0+0                                                                                                                                                                                                                        
ECHO: loadb SPC            1      52       2   0.0+0                                                                                                                                                                                                                        
ECHO: loadb SPC            1      52       3   0.0+0                                                                                                                                                                                                                        
ECHO: loadb SPC            1      52       4   0.0+0                                                                                                                                                                                                                        
ECHO: loadb SPC            1      52       5   0.0+0                                                                                                                                                                                                                        
ECHO: loadb SPC            1      52       6   0.0+0                                                                                                                                                                                                                        
ECHO: loadb SPC            1      53       1   0.0+0                                                                                                                                                                                                                        
ECHO: loadb SPC*                   1              54               1-6.9388939039-18*                                                                                                                                                                                       
ECHO: loadb *                                                                                                                                                                                                                                                               
ECHO: loadb SPC            1      54       2   7.0-2                                                                                                                                                                                                                        
ECHO: loadb SPC            1      54       5   0.0+0                                                                                                                                                                                                                        
ECHO: loadb SPC            1      54       6   0.0+0                                                                                                                                                                                                                        
ECHO: loadb SPC            1      55       1   0.0+0                                                                                                                                                                                                                        
ECHO: loadb SPC            1      56       1   0.0+0                                                                                                                                                                                                                        
ECHO: loadb SPC            1      56       2   0.0+0                                                                                                                                                                                                                        
ECHO: loadb SPC            1      56       3   0.0+0                                                                                                                                                                                                                        
ECHO: loadb SPC            1      56       4   0.0+0                                                                                                                                                                                                                        
ECHO: loadb SPC            1      56       5   0.0+0                                                                                                                                                                                                                        
ECHO: loadb SPC            1      56       6   0.0+0                                                                                                                                                                                                                        
ECHO: loadb PSHELL         2       1   3.0-1       1               1           0.0+0                                                                                                                                                                                        
ECHO: loadb CQUAD8         1       2       1       2       3       4      29      30+                                                                                                                                                                                       
ECHO:  nextc +             31      32                                       3   0.0+0                                                                                                                                                                                        
ECHO: loadb CORD2R         3       0   0.0+0   0.0+0   0.0+0   0.0+0   1.0+0   0.0+0+                                                                                                                                                                                       
ECHO:  nextc +          1.0+0   0.0+0   0.0+0                                                                                                                                                                                                                                
ECHO: loadb CQUAD8         2       2       5       6       7       8      33      34+                                                                                                                                                                                       
ECHO:  nextc +             35      36                                       4   0.0+0                                                                                                                                                                                        
ECHO: loadb CORD2R         4       0   0.0+0   0.0+0   0.0+0   0.0+0   1.0+0   0.0+0+                                                                                                                                                                                       
ECHO:  nextc +          1.0+0   0.0+0   0.0+0                                                                                                                                                                                                                                
ECHO: loadb CQUAD8         3       2       9      10      11      12      37      38+                                                                                                                                                                                       
ECHO:  nextc +             39      40                                       5   0.0+0                                                                                                                                                                                        
ECHO: loadb CORD2R         5       0   0.0+0   0.0+0   0.0+0   0.0+0   1.0+0   0.0+0+                                                                                                                                                                                       
ECHO:  nextc +          1.0+0   0.0+0   0.0+0                                                                                                                                                                                                                                
ECHO: loadb CQUAD8         4       2      13      14      15      16      41      42+                                                                                                                                                                                       
ECHO:  nextc +             43      44                                       6   0.0+0                                                                                                                                                                                        
ECHO: loadb CORD2R         6       0   0.0+0   0.0+0   0.0+0  -1.0+0   0.0+0   0.0+0+                                                                                                                                                                                       
ECHO:  nextc +          0.0+0   1.0+0   0.0+0                                                                                                                                                                                                                                
ECHO: loadb CQUAD8         5       2      17      18      19      20      45      46+                                                                                                                                                                                       
ECHO:  nextc +             47      48                                       7   0.0+0                                                                                                                                                                                        
ECHO: loadb CORD2R         7       0   0.0+0   0.0+0   0.0+0  -1.0+0   0.0+0   0.0+0+                                                                                                                                                                                       
ECHO:  nextc +          0.0+0   1.0+0   0.0+0                                                                                                                                                                                                                                
ECHO: loadb CQUAD8         6       2      24      23      21      22      49      50+                                                                                                                                                                                       
ECHO:  nextc +             51      52                                       8   0.0+0                                                                                                                                                                                        
ECHO: loadb CORD2R         8       0   0.0+0   0.0+0   0.0+0   0.0+0   1.0+0   0.0+0+                                                                                                                                                                                       
ECHO:  nextc +          1.0+0   0.0+0   0.0+0                                                                                                                                                                                                                                
ECHO: loadb CQUAD8         7       2      28      27      25      26      53      54+                                                                                                                                                                                       
ECHO:  nextc +             55      56                                       9   0.0+0                                                                                                                                                                                        
ECHO: loadb CORD2R*                9               0           0.0+0           0.0+0*                                                                                                                                                                                       
ECHO: loadb *                  0.0+0-3.42020143326-1 9.39692620786-1           0.0+0*                                                                                                                                                                                       
ECHO nextc2: *        9.39692620786-1 3.42020143326-1           0.0+0                *                                                                                                                                                                                       
ECHO nextc2: *                                                                                                                                                                                                                                                               
ECHO: loadb MOMENT         2      21       0   1.0+0   0.0+0   1.0-3   0.0+0                                                                                                                                                                                                
ECHO: loadb MOMENT         2      23       0   1.0+0   0.0+0   1.0-3   0.0+0                                                                                                                                                                                                
ECHO: loadb MOMENT         2      50       0   1.0+0   0.0+0   4.0-3   0.0+0                                                                                                                                                                                                
ECHO: loadb LOAD           1   1.0+0   1.0+0       2                                                                                                                                                                                                                        
ECHO: loadb ENDDATA                                                                                                                                                                                                                                                         




 >> LINK  0 END


 >> LINK  1 BEGIN

               DEALLOCATED  2.58E-01 MB MEMORY FROM ARRAY STF3


 *INFORMATION: AUTOSPC Summary, Stage 1 after identification of AUTOSPC's at the grid level                                                 

                                     AUTOSPC_RAT = 1.000000E-08

                       Number of DOF's identified for AUTOSPC in component  1         =            0
                       Number of DOF's identified for AUTOSPC in component  2         =            0
                       Number of DOF's identified for AUTOSPC in component  3         =            0
                       Number of DOF's identified for AUTOSPC in component  4         =            0
                       Number of DOF's identified for AUTOSPC in component  5         =            0
                       Number of DOF's identified for AUTOSPC in component  6         =           32
                                                                                        ------------
                       Total number of DOF's identified in this stage                 =           32

               DEALLOCATED  1.34E-03 MB MEMORY FROM ARRAY STFKEY
               DEALLOCATED  2.58E-01 MB MEMORY FROM ARRAY STF3

 >> LINK  1 END


 >> LINK  2 BEGIN



 *INFORMATION: AUTOSPC Summary, Overall: after identification of all AUTOSPC's                                                               

                                     AUTOSPC_RAT = 1.000000E-08

                       Number of DOF's identified for AUTOSPC in component  1         =            0
                       Number of DOF's identified for AUTOSPC in component  2         =            0
                       Number of DOF's identified for AUTOSPC in component  3         =            0
                       Number of DOF's identified for AUTOSPC in component  4         =            0
                       Number of DOF's identified for AUTOSPC in component  5         =            0
                       Number of DOF's identified for AUTOSPC in component  6         =           32
                                                                                        ------------
                       Total number of DOF's identified overall                       =           32


 >> LINK  2 END


 >> LINK  3 BEGIN

 SUPERLU FACTORIZATION OF MATRIX KLL SUCCEEDED IN SUBR SYM_MAT_DECOMP_SUPRLU          

 *INFORMATION: FOR INTERNAL SUBCASE NUMBER        1 EPSILON ERROR ESTIMATE            =  9.915849E-17 Based on U'*(K*U - P)/(U'*P)


 >> LINK  3 END


 >> LINK  5 BEGIN


 >> LINK  5 END


 >> LINK  9 BEGIN



 OUTPUT FOR SUBCASE        1

                                                       D I S P L A C E M E N T S
                                              (in global coordinate system at each grid)
           GRID     COORD      T1            T2            T3            R1            R2            R3
                     SYS
              1        0  0.0           0.0           0.0           0.0           0.0           0.0         
              2        0  0.0           1.200000E-02  0.0           0.0           0.0           0.0         
              3        0  0.0           1.200000E-02  0.0           0.0           0.0           0.0         
              4        0  0.0           0.0           0.0           0.0           0.0           0.0         
              5        0  0.0           0.0           0.0           0.0           0.0           0.0         
              6        0  0.0           0.0           1.000000E-01 -6.892726E-16  0.0           0.0         
              7        0  0.0           0.0           1.000000E-01 -9.587147E-16  0.0           0.0         
              8        0  0.0           0.0           0.0           0.0           0.0           0.0         
              9        0  0.0           0.0           0.0           0.0           0.0           0.0         
             10        0  1.300000E-01 -5.597611E-17  0.0           0.0           0.0           0.0         
             11        0  1.300000E-01 -6.401201E-17  0.0           0.0           0.0           0.0         
             12        0  0.0           0.0           0.0           0.0           0.0           0.0         
             13        0  0.0           0.0           0.0           0.0           0.0           0.0         
             14        0  0.0           0.0           0.0           0.0           0.0           0.0         
             15        0  3.572022E-17  1.300000E-01  0.0           0.0           0.0           0.0         
             16        0 -2.413528E-18  1.300000E-01  0.0           0.0           0.0           0.0         
             17        0  0.0           0.0           0.0           0.0           0.0           0.0         
             18        0  0.0           0.0           0.0           0.0           0.0           0.0         
             19        0  0.0           0.0           1.000000E-01  0.0           0.0           0.0         
             20        0  0.0           0.0           1.000000E-01  0.0          -1.734723E-16  0.0         
             21        0  0.0           0.0          -3.200000E-01  1.255857E-15  5.333333E-01  0.0         
             22        0  0.0           0.0           0.0           0.0           0.0           0.0         
             23        0  0.0           0.0          -3.200000E-01 -2.505863E-15  5.333333E-01  0.0         
             24        0  0.0           0.0           0.0           0.0           0.0           0.0         
             25        1  6.765422E-16  7.000000E-02  0.0           0.0           0.0           0.0         
             26        0  0.0           0.0           0.0           0.0           0.0           0.0         
             27        1 -3.469447E-16  7.000000E-02  0.0           0.0           0.0           0.0         
             28        0  0.0           0.0           0.0           0.0           0.0           0.0         
             29        0  0.0           6.000000E-03  0.0           0.0           0.0           0.0         
             30        0  0.0           1.200000E-02  0.0           0.0           0.0           0.0         
             31        0  0.0           6.000000E-03  0.0           0.0           0.0           0.0         
             32        0  0.0           0.0           0.0           0.0           0.0           0.0         
             33        0  0.0           0.0           5.000000E-02 -5.307048E-16  0.0           0.0         
             34        0  0.0           0.0           1.000000E-01  3.162624E-16  0.0           0.0         
             35        0  0.0           0.0           5.000000E-02 -5.584849E-16  0.0           0.0         
             36        0  0.0           0.0           0.0           0.0           0.0           0.0         
             37        0  6.500000E-02 -3.599190E-17  0.0           0.0           0.0           0.0         
             38        0  1.300000E-01 -6.106253E-17  0.0           0.0           0.0           0.0         
             39        0  6.500000E-02 -2.816594E-17  0.0           0.0           0.0           0.0         
             40        0  0.0           0.0           0.0           0.0           0.0           0.0         
             41        0  0.0           0.0           0.0           0.0           0.0           0.0         
             42        0  1.875575E-17  6.500000E-02  0.0           0.0           0.0           0.0         
             43        0  1.639340E-17  1.300000E-01  0.0           0.0           0.0           0.0         
             44        0  0.0           6.500000E-02  0.0           0.0           0.0           0.0         
             45        0  0.0           0.0           0.0           0.0           0.0           0.0         
             46        0  0.0           0.0           5.000000E-02  0.0           0.0           0.0         
             47        0  0.0           0.0           1.000000E-01  0.0           3.293192E-18  0.0         
             48        0  0.0           0.0           5.000000E-02  0.0          -2.126434E-16  0.0         
             49        0  0.0           0.0          -8.000000E-02  0.0           2.666667E-01  0.0         
             50        0  0.0           0.0          -3.200000E-01 -3.097344E-15  5.333333E-01  0.0         
             51        0  0.0           0.0          -8.000000E-02  8.926998E-17  2.666667E-01  0.0         
             52        0  0.0           0.0           0.0           0.0           0.0           0.0         
             53        1  0.0           3.500000E-02  0.0           0.0           0.0           0.0         
             54        1  0.0           7.000000E-02  0.0           0.0           0.0           0.0         
             55        1  0.0           3.500000E-02  0.0           0.0           0.0           0.0         
             56        0  0.0           0.0           0.0           0.0           0.0           0.0         
                         ------------- ------------- ------------- ------------- ------------- -------------
                MAX* :    1.300000E-01  1.300000E-01  1.000000E-01  1.255857E-15  5.333333E-01  0.0         
                MIN* :   -3.469447E-16 -6.401201E-17 -3.200000E-01 -3.097344E-15 -2.126434E-16  0.0         

                ABS* :    1.300000E-01  1.300000E-01  3.200000E-01  3.097344E-15  5.333333E-01  0.0         
                *for output set


 OUTPUT FOR SUBCASE        1

                                                          S P C   F O R C E S
                                              (in global coordinate system at each grid)
           GRID     COORD      T1            T2            T3            R1            R2            R3
                     SYS
              1        0 -1.500000E-03 -1.500000E-03  0.0           0.0           0.0           0.0         
              2        0 -1.500000E-03  1.500000E-03  0.0           0.0           0.0           0.0         
              3        0  1.500000E-03  1.500000E-03  0.0           0.0           0.0           0.0         
              4        0  1.500000E-03 -1.500000E-03  0.0           0.0           0.0           0.0         
              5        0  0.0           0.0          -3.125000E-02  8.667745E-19  6.250000E-03  0.0         
              6        0  0.0           0.0           3.125000E-02  0.0           6.250000E-03  0.0         
              7        0  0.0           0.0           3.125000E-02  0.0           6.250000E-03  0.0         
              8        0  0.0           0.0          -3.125000E-02 -8.983081E-18  6.250000E-03  0.0         
              9        0 -3.250000E-02 -1.034616E-17  0.0           0.0           0.0           0.0         
             10        0  3.250000E-02  0.0           0.0           0.0           0.0           0.0         
             11        0  3.250000E-02  0.0           0.0           0.0           0.0           0.0         
             12        0 -3.250000E-02 -1.439696E-17  0.0           0.0           0.0           0.0         
             13        0  1.821460E-17 -3.250000E-02  0.0           0.0           0.0           0.0         
             14        0 -1.040834E-17 -3.250000E-02  0.0           0.0           0.0           0.0         
             15        0  0.0           3.250000E-02  0.0           0.0           0.0           0.0         
             16        0  0.0           3.250000E-02  0.0           0.0           0.0           0.0         
             17        0  0.0           0.0          -3.125000E-02 -6.250000E-03 -1.057342E-17  0.0         
             18        0  0.0           0.0          -3.125000E-02 -6.250000E-03  9.163253E-18  0.0         
             19        0  0.0           0.0           3.125000E-02 -6.250000E-03 -9.051344E-18  0.0         
             20        0  0.0           0.0           3.125000E-02 -6.250000E-03  0.0           0.0         
             22        0  0.0           0.0          -1.387779E-17 -1.181780E-17 -1.000000E-03  0.0         
             24        0  0.0           0.0          -1.040834E-16 -2.059984E-18 -1.000000E-03  0.0         
             25        1  8.750000E-03  8.750000E-03  0.0           0.0           0.0           0.0         
             26        0  1.121499E-02 -5.229634E-03  0.0           0.0           0.0           0.0         
             27        1 -8.750000E-03  8.750000E-03  0.0           0.0           0.0           0.0         
             28        0 -5.229634E-03 -1.121499E-02  0.0           0.0           0.0           0.0         
             29        0 -6.000000E-03  0.0           0.0           0.0           0.0           0.0         
             30        0 -1.301043E-18  6.000000E-03  0.0           0.0           0.0           0.0         
             31        0  6.000000E-03  0.0           0.0           0.0           0.0           0.0         
             32        0 -2.242997E-18 -6.000000E-03  0.0           0.0           0.0           0.0         
             33        0  0.0           0.0           0.0           0.0           2.500000E-02  0.0         
             34        0  0.0           0.0           2.552277E-17  0.0           9.635785E-18  0.0         
             35        0  0.0           0.0           0.0           0.0           2.500000E-02  0.0         
             36        0  0.0           0.0          -4.023442E-17 -3.414019E-18  1.017049E-17  0.0         
             38        0  1.300000E-01  0.0           0.0           0.0           0.0           0.0         
             40        0 -1.300000E-01 -1.068590E-17  0.0           0.0           0.0           0.0         
             41        0 -6.938894E-18 -1.300000E-01  0.0           0.0           0.0           0.0         
             43        0  0.0           1.300000E-01  0.0           0.0           0.0           0.0         
             45        0  0.0           0.0          -5.695675E-17 -1.323776E-17  1.396302E-17  0.0         
             46        0  0.0           0.0           0.0          -2.500000E-02  7.554449E-18  0.0         
             47        0  0.0           0.0           1.216619E-16 -1.733674E-17  0.0           0.0         
             48        0  0.0           0.0           0.0          -2.500000E-02  0.0           0.0         
             52        0  0.0           0.0          -1.387779E-16  1.507041E-17 -4.000000E-03  0.0         
             53        1 -3.500000E-02  0.0           0.0           0.0           0.0           0.0         
             54        1 -1.369738E-16  3.500000E-02  0.0           0.0           0.0           0.0         
             55        1  3.500000E-02  0.0           0.0           0.0           0.0           0.0         
             56        0  1.197071E-02 -3.288924E-02  0.0           0.0           0.0           0.0         
                         ------------- ------------- ------------- ------------- ------------- -------------
                MAX* :    1.300000E-01  1.300000E-01  3.125000E-02  1.507041E-17  2.500000E-02  0.0         
                MIN* :   -1.300000E-01 -1.300000E-01 -3.125000E-02 -2.500000E-02 -4.000000E-03  0.0         

                ABS* :    1.300000E-01  1.300000E-01  3.125000E-02  2.500000E-02  2.500000E-02  0.0         
                *for output set
                         ------------- ------------- ------------- ------------- ------------- -------------
     SPC FORCE TOTALS: not printed since all grids do not have the same global coordinate system

                                                    SPC Force Summary on AUTOSPC'd DOF's
                                                 (in global coordinate system at each grid)
        For detailed information on the SPC forces for the AUTOSPC DOF's, set field 7 (AUTOSPC_SPCF) on the PARAM AUTOSPC entry to Y

                              T1             T2             T3             R1             R2             R3

 ABS AUTOSPC FORCES  :   0.000000E+00   0.000000E+00   0.000000E+00   0.000000E+00   0.000000E+00   0.000000E+00
                       -------------- -------------- -------------- -------------- -------------- --------------
 AUTOSPC FORCE TOTALS: not printed since all grids do not have the same global coordinate system


 OUTPUT FOR SUBCASE        1

                                                       E L E M E N T   E N G I N E E R I N G   F O R C E S
                                                           F O R   E L E M E N T   T Y P E   Q U A D 8  
  Element Location               N o r m a l   F o r c e s                       M o m e n t s                   T r a n s v e r s e
     ID                                                                                                        S h e a r   F o r c e s
                              Nxx           Nyy           Nxy           Mxx           Myy           Mxy            Qx           Qy
        1  CENTER        -1.386670E-35 -4.228388E-18  7.500000E-03  0.000000E+00  0.000000E+00  0.000000E+00  0.000000E+00  0.000000E+00
           GRD       1   -1.099380E-34 -2.848127E-19  7.500000E-03  0.000000E+00  0.000000E+00  0.000000E+00  0.000000E+00  0.000000E+00
           GRD       2    3.416895E-35 -1.411549E-18  7.500000E-03  0.000000E+00  0.000000E+00  0.000000E+00  0.000000E+00  0.000000E+00
           GRD       3    8.220459E-35 -8.171964E-18  7.500000E-03  0.000000E+00  0.000000E+00  0.000000E+00  0.000000E+00  0.000000E+00
           GRD       4   -6.190234E-35 -7.045228E-18  7.500000E-03  0.000000E+00  0.000000E+00  0.000000E+00  0.000000E+00  0.000000E+00
        2  CENTER         0.000000E+00  0.000000E+00  0.000000E+00 -1.386670E-35 -5.946289E-19 -2.991702E-19  5.208333E-02  2.087083E-17
           GRD       5    0.000000E+00  0.000000E+00  0.000000E+00  1.251929E-19  2.204818E-17 -2.216474E-18  5.208333E-02 -2.211938E-18
           GRD       6    0.000000E+00  0.000000E+00  0.000000E+00 -1.251929E-19  1.952216E-17  2.755951E-18  5.208333E-02  3.282535E-17
           GRD       7    0.000000E+00  0.000000E+00  0.000000E+00 -1.251929E-19 -2.323744E-17  1.618134E-18  5.208333E-02  4.395361E-17
           GRD       8    0.000000E+00  0.000000E+00  0.000000E+00  1.251929E-19 -2.071142E-17 -3.354291E-18  5.208333E-02  8.916318E-18
        3  CENTER         1.625000E-01  4.847486E-18  1.040834E-17  0.000000E+00  0.000000E+00  0.000000E+00  0.000000E+00  0.000000E+00
           GRD       9    1.625000E-01  7.198758E-18  3.379118E-17  0.000000E+00  0.000000E+00  0.000000E+00  0.000000E+00  0.000000E+00
           GRD      10    1.625000E-01 -2.846126E-18  4.110882E-17  0.000000E+00  0.000000E+00  0.000000E+00  0.000000E+00  0.000000E+00
           GRD      11    1.625000E-01  2.496214E-18 -1.297450E-17  0.000000E+00  0.000000E+00  0.000000E+00  0.000000E+00  0.000000E+00
           GRD      12    1.625000E-01  1.254110E-17 -2.029214E-17  0.000000E+00  0.000000E+00  0.000000E+00  0.000000E+00  0.000000E+00
        4  CENTER         2.357433E-17  1.625000E-01 -1.691355E-17  0.000000E+00  0.000000E+00  0.000000E+00  0.000000E+00  0.000000E+00
           GRD      13   -9.091319E-19  1.625000E-01 -4.395522E-17  0.000000E+00  0.000000E+00  0.000000E+00  0.000000E+00  0.000000E+00
           GRD      14    3.906005E-19  1.625000E-01 -1.240661E-17  0.000000E+00  0.000000E+00  0.000000E+00  0.000000E+00  0.000000E+00
           GRD      15    4.805778E-17  1.625000E-01  1.012811E-17  0.000000E+00  0.000000E+00  0.000000E+00  0.000000E+00  0.000000E+00
           GRD      16    4.675805E-17  1.625000E-01 -2.142050E-17  0.000000E+00  0.000000E+00  0.000000E+00  0.000000E+00  0.000000E+00
        5  CENTER         0.000000E+00  0.000000E+00  0.000000E+00 -1.600072E-18 -6.933348E-36  1.252340E-19 -1.017859E-17  5.208333E-02
           GRD      17    0.000000E+00  0.000000E+00  0.000000E+00 -2.474971E-18 -1.251929E-19  1.774787E-18  1.439682E-17  5.208333E-02
           GRD      18    0.000000E+00  0.000000E+00  0.000000E+00  9.011302E-19 -1.251929E-19  8.364424E-19  2.990360E-18  5.208333E-02
           GRD      19    0.000000E+00  0.000000E+00  0.000000E+00 -7.251730E-19  1.251929E-19 -1.524319E-18 -3.475400E-17  5.208333E-02
           GRD      20    0.000000E+00  0.000000E+00  0.000000E+00 -4.101274E-18  1.251929E-19 -5.859743E-19 -2.334754E-17  5.208333E-02
        6  CENTER         0.000000E+00  0.000000E+00  0.000000E+00 -5.000000E-03  6.435626E-18 -2.084270E-17  1.702197E-16 -2.167909E-17
           GRD      24    0.000000E+00  0.000000E+00  0.000000E+00 -5.000000E-03 -5.755384E-17 -3.666208E-17  3.617649E-16 -1.265254E-16
           GRD      23    0.000000E+00  0.000000E+00  0.000000E+00 -5.000000E-03 -2.228771E-17 -5.532082E-17  5.754615E-17 -1.074456E-16
           GRD      21    0.000000E+00  0.000000E+00  0.000000E+00 -5.000000E-03  7.042509E-17 -5.023330E-18 -2.132537E-17  8.316722E-17
           GRD      22    0.000000E+00  0.000000E+00  0.000000E+00 -5.000000E-03  3.515896E-17  1.363542E-17  2.828933E-16  6.408738E-17
        7  CENTER        -1.809889E-14  1.820601E-14  4.375000E-02  0.000000E+00  0.000000E+00  0.000000E+00  0.000000E+00  0.000000E+00
           GRD      28    6.502293E-13 -1.222139E-13  4.375000E-02  0.000000E+00  0.000000E+00  0.000000E+00  0.000000E+00  0.000000E+00
           GRD      27   -3.766298E-13  2.202647E-13  4.375000E-02  0.000000E+00  0.000000E+00  0.000000E+00  0.000000E+00  0.000000E+00
           GRD      25    2.480934E-13 -7.758946E-13  4.375000E-02  0.000000E+00  0.000000E+00  0.000000E+00  0.000000E+00  0.000000E+00
           GRD      26   -5.940885E-13  7.506679E-13  4.375000E-02  0.000000E+00  0.000000E+00  0.000000E+00  0.000000E+00  0.000000E+00
                          ------------- ------------- ------------- ------------- ------------- ------------- ------------- -------------
                MAX* :    1.625000E-01  1.625000E-01  4.375000E-02  9.011302E-19  7.042509E-17  1.363542E-17  5.208333E-02  5.208333E-02
                MIN* :   -5.940885E-13 -7.758946E-13 -4.395522E-17 -5.000000E-03 -5.755384E-17 -5.532082E-17 -3.475400E-17 -1.265254E-16

                ABS* :    1.625000E-01  1.625000E-01  4.375000E-02  5.000000E-03  7.042509E-17  5.532082E-17  5.208333E-02  5.208333E-02
                *for output set


 OUTPUT FOR SUBCASE        1

                                          E L E M E N T   S T R E S S E S   I N   L O C A L   E L E M E N T   C O O R D I N A T E   S Y S T E M
                                                                       F O R   E L E M E N T   T Y P E   Q U A D 8  
    Elem  Location       Fibre       Stresses In Element Coord System     Principal Stresses (Zero Shear)               Transverse   Transverse   % Poly
     ID                 Distance    Normal-X     Normal-Y     Shear-XY     Angle     Major        Minor      von Mises    Shear-XZ     Shear-YZ    Fit Err
                                                                                                                         (max through thickness)

        1  CENTER      -1.500E-01 -4.62223E-35 -1.40946E-17  2.50000E-02   45.00  2.50000E-02 -2.50000E-02  4.33013E-02  0.00000E+00  0.00000E+00
                        1.500E-01 -4.62223E-35 -1.40946E-17  2.50000E-02   45.00  2.50000E-02 -2.50000E-02  4.33013E-02

           GRD       1 -1.500E-01 -3.66460E-34 -9.49376E-19  2.50000E-02   45.00  2.50000E-02 -2.50000E-02  4.33013E-02  0.00000E+00  0.00000E+00  0.0E+00
                        1.500E-01 -3.66460E-34 -9.49376E-19  2.50000E-02   45.00  2.50000E-02 -2.50000E-02  4.33013E-02

           GRD       2 -1.500E-01  1.13896E-34 -4.70516E-18  2.50000E-02   45.00  2.50000E-02 -2.50000E-02  4.33013E-02  0.00000E+00  0.00000E+00  0.0E+00
                        1.500E-01  1.13896E-34 -4.70516E-18  2.50000E-02   45.00  2.50000E-02 -2.50000E-02  4.33013E-02

           GRD       3 -1.500E-01  2.74015E-34 -2.72399E-17  2.50000E-02   45.00  2.50000E-02 -2.50000E-02  4.33013E-02  0.00000E+00  0.00000E+00  0.0E+00
                        1.500E-01  2.74015E-34 -2.72399E-17  2.50000E-02   45.00  2.50000E-02 -2.50000E-02  4.33013E-02

           GRD       4 -1.500E-01 -2.06341E-34 -2.34841E-17  2.50000E-02   45.00  2.50000E-02 -2.50000E-02  4.33013E-02  0.00000E+00  0.00000E+00  0.0E+00
                        1.500E-01 -2.06341E-34 -2.34841E-17  2.50000E-02   45.00  2.50000E-02 -2.50000E-02  4.33013E-02

        2  CENTER      -1.500E-01 -9.24446E-34 -3.96419E-17 -1.99447E-17  -22.59  8.29773E-18 -4.79397E-17  5.25819E-17  2.08333E-01  8.34833E-17
                        1.500E-01  9.24446E-34  3.96419E-17  1.99447E-17   67.41  4.79397E-17 -8.29773E-18  5.25819E-17

           GRD       5 -1.500E-01  8.34619E-18  1.46988E-15 -1.47765E-16  -84.28  1.48467E-15 -6.44359E-18  1.48790E-15  2.08333E-01 -8.84775E-18  0.0E+00
                        1.500E-01 -8.34619E-18 -1.46988E-15  1.47765E-16    5.72  6.44359E-18 -1.48467E-15  1.48790E-15

           GRD       6 -1.500E-01 -8.34619E-18  1.30148E-15  1.83730E-16   82.16  1.32676E-15 -3.36301E-17  1.34389E-15  2.08333E-01  1.31301E-16  0.0E+00
                        1.500E-01  8.34619E-18 -1.30148E-15 -1.83730E-16   -7.84  3.36301E-17 -1.32676E-15  1.34389E-15

           GRD       7 -1.500E-01 -8.34619E-18 -1.54916E-15  1.07876E-16    3.99 -8.30271E-19 -1.55668E-15  1.55626E-15  2.08333E-01  1.75814E-16  0.0E+00
                        1.500E-01  8.34619E-18  1.54916E-15 -1.07876E-16  -86.01  1.55668E-15  8.30271E-19  1.55626E-15

           GRD       8 -1.500E-01  8.34619E-18 -1.38076E-15 -2.23619E-16   -8.92  4.34571E-17 -1.41587E-15  1.43809E-15  2.08333E-01  3.56653E-17  0.0E+00
                        1.500E-01 -8.34619E-18  1.38076E-15  2.23619E-16   81.08  1.41587E-15 -4.34571E-17  1.43809E-15

        3  CENTER      -1.500E-01  5.41667E-01  1.61583E-17  3.46945E-17    0.00  5.41667E-01  0.00000E+00  5.41667E-01  0.00000E+00  0.00000E+00
                        1.500E-01  5.41667E-01  1.61583E-17  3.46945E-17    0.00  5.41667E-01  0.00000E+00  5.41667E-01

           GRD       9 -1.500E-01  5.41667E-01  2.39959E-17  1.12637E-16    0.00  5.41667E-01  0.00000E+00  5.41667E-01  0.00000E+00  0.00000E+00  0.0E+00
                        1.500E-01  5.41667E-01  2.39959E-17  1.12637E-16    0.00  5.41667E-01  0.00000E+00  5.41667E-01

           GRD      10 -1.500E-01  5.41667E-01 -9.48709E-18  1.37029E-16    0.00  5.41667E-01  0.00000E+00  5.41667E-01  0.00000E+00  0.00000E+00  0.0E+00
                        1.500E-01  5.41667E-01 -9.48709E-18  1.37029E-16    0.00  5.41667E-01  0.00000E+00  5.41667E-01

           GRD      11 -1.500E-01  5.41667E-01  8.32071E-18 -4.32483E-17   -0.00  5.41667E-01  0.00000E+00  5.41667E-01  0.00000E+00  0.00000E+00  0.0E+00
                        1.500E-01  5.41667E-01  8.32071E-18 -4.32483E-17   -0.00  5.41667E-01  0.00000E+00  5.41667E-01

           GRD      12 -1.500E-01  5.41667E-01  4.18037E-17 -6.76405E-17   -0.00  5.41667E-01  0.00000E+00  5.41667E-01  0.00000E+00  0.00000E+00  0.0E+00
                        1.500E-01  5.41667E-01  4.18037E-17 -6.76405E-17   -0.00  5.41667E-01  0.00000E+00  5.41667E-01

        4  CENTER      -1.500E-01  7.85811E-17  5.41667E-01 -5.63785E-17  -90.00  5.41667E-01  1.11022E-16  5.41667E-01  0.00000E+00  0.00000E+00
                        1.500E-01  7.85811E-17  5.41667E-01 -5.63785E-17  -90.00  5.41667E-01  1.11022E-16  5.41667E-01

           GRD      13 -1.500E-01 -3.03044E-18  5.41667E-01 -1.46517E-16  -90.00  5.41667E-01  0.00000E+00  5.41667E-01  0.00000E+00  0.00000E+00  0.0E+00
                        1.500E-01 -3.03044E-18  5.41667E-01 -1.46517E-16  -90.00  5.41667E-01  0.00000E+00  5.41667E-01

           GRD      14 -1.500E-01  1.30200E-18  5.41667E-01 -4.13554E-17  -90.00  5.41667E-01  0.00000E+00  5.41667E-01  0.00000E+00  0.00000E+00  0.0E+00
                        1.500E-01  1.30200E-18  5.41667E-01 -4.13554E-17  -90.00  5.41667E-01  0.00000E+00  5.41667E-01

           GRD      15 -1.500E-01  1.60193E-16  5.41667E-01  3.37604E-17   90.00  5.41667E-01  1.11022E-16  5.41667E-01  0.00000E+00  0.00000E+00  0.0E+00
                        1.500E-01  1.60193E-16  5.41667E-01  3.37604E-17   90.00  5.41667E-01  1.11022E-16  5.41667E-01

           GRD      16 -1.500E-01  1.55860E-16  5.41667E-01 -7.14017E-17  -90.00  5.41667E-01  1.11022E-16  5.41667E-01  0.00000E+00  0.00000E+00  0.0E+00
                        1.500E-01  1.55860E-16  5.41667E-01 -7.14017E-17  -90.00  5.41667E-01  1.11022E-16  5.41667E-01

        5  CENTER      -1.500E-01 -1.06671E-16 -4.62223E-34  8.34894E-18   85.55  6.49498E-19 -1.07321E-16  1.07647E-16 -4.07144E-17  2.08333E-01
                        1.500E-01  1.06671E-16  4.62223E-34 -8.34894E-18   -4.45  1.07321E-16 -6.49498E-19  1.07647E-16

           GRD      17 -1.500E-01 -1.64998E-16 -8.34619E-18  1.18319E-16   61.75  5.52235E-17 -2.28568E-16  2.60605E-16  5.75873E-17  2.08333E-01  0.0E+00
                        1.500E-01  1.64998E-16  8.34619E-18 -1.18319E-16  -28.25  2.28568E-16 -5.52235E-17  2.60605E-16

           GRD      18 -1.500E-01  6.00753E-17 -8.34619E-18  5.57628E-17   29.24  9.12853E-17 -3.95561E-17  1.16226E-16  1.19614E-17  2.08333E-01  0.0E+00
                        1.500E-01 -6.00753E-17  8.34619E-18 -5.57628E-17  -60.76  3.95561E-17 -9.12853E-17  1.16226E-16

           GRD      19 -1.500E-01 -4.83449E-17  8.34619E-18 -1.01621E-16  -52.79  8.55011E-17 -1.25500E-16  1.83823E-16 -1.39016E-16  2.08333E-01  0.0E+00
                        1.500E-01  4.83449E-17 -8.34619E-18  1.01621E-16   37.21  1.25500E-16 -8.55011E-17  1.83823E-16

           GRD      20 -1.500E-01 -2.73418E-16  8.34619E-18 -3.90650E-17  -82.25  1.36620E-17 -2.78734E-16  2.85810E-16 -9.33902E-17  2.08333E-01  0.0E+00
                        1.500E-01  2.73418E-16 -8.34619E-18  3.90650E-17    7.75  2.78734E-16 -1.36620E-17  2.85810E-16

        6  CENTER      -1.500E-01 -3.33333E-01  4.29042E-16 -1.38951E-15  -90.00  4.44089E-16 -3.33333E-01  3.33333E-01  6.80879E-16 -8.67163E-17
                        1.500E-01  3.33333E-01 -4.29042E-16  1.38951E-15    0.00  3.33333E-01 -4.44089E-16  3.33333E-01

           GRD      24 -1.500E-01 -3.33333E-01 -3.83692E-15 -2.44414E-15  -90.00 -3.83027E-15 -3.33333E-01  3.33333E-01  1.44706E-15 -5.06102E-16  0.0E+00
                        1.500E-01  3.33333E-01  3.83692E-15  2.44414E-15    0.00  3.33333E-01  3.83027E-15  3.33333E-01

           GRD      23 -1.500E-01 -3.33333E-01 -1.48585E-15 -3.68805E-15  -90.00 -1.49880E-15 -3.33333E-01  3.33333E-01  2.30185E-16 -4.29782E-16  0.0E+00
                        1.500E-01  3.33333E-01  1.48585E-15  3.68805E-15    0.00  3.33333E-01  1.49880E-15  3.33333E-01

           GRD      21 -1.500E-01 -3.33333E-01  4.69501E-15 -3.34889E-16  -90.00  4.71845E-15 -3.33333E-01  3.33333E-01 -8.53015E-17  3.32669E-16  0.0E+00
                        1.500E-01  3.33333E-01 -4.69501E-15  3.34889E-16    0.00  3.33333E-01 -4.71845E-15  3.33333E-01

           GRD      22 -1.500E-01 -3.33333E-01  2.34393E-15  9.09028E-16   90.00  2.33147E-15 -3.33333E-01  3.33333E-01  1.13157E-15  2.56350E-16  0.0E+00
                        1.500E-01  3.33333E-01 -2.34393E-15 -9.09028E-16   -0.00  3.33333E-01 -2.33147E-15  3.33333E-01

        7  CENTER      -1.500E-01 -6.03296E-14  6.06867E-14  1.45833E-01   45.00  1.45833E-01 -1.45833E-01  2.52591E-01  0.00000E+00  0.00000E+00
                        1.500E-01 -6.03296E-14  6.06867E-14  1.45833E-01   45.00  1.45833E-01 -1.45833E-01  2.52591E-01

           GRD      28 -1.500E-01  2.16743E-12 -4.07380E-13  1.45833E-01   45.00  1.45833E-01 -1.45833E-01  2.52591E-01  0.00000E+00  0.00000E+00  0.0E+00
                        1.500E-01  2.16743E-12 -4.07380E-13  1.45833E-01   45.00  1.45833E-01 -1.45833E-01  2.52591E-01

           GRD      27 -1.500E-01 -1.25543E-12  7.34216E-13  1.45833E-01   45.00  1.45833E-01 -1.45833E-01  2.52591E-01  0.00000E+00  0.00000E+00  0.0E+00
                        1.500E-01 -1.25543E-12  7.34216E-13  1.45833E-01   45.00  1.45833E-01 -1.45833E-01  2.52591E-01

           GRD      25 -1.500E-01  8.26978E-13 -2.58632E-12  1.45833E-01   45.00  1.45833E-01 -1.45833E-01  2.52591E-01  0.00000E+00  0.00000E+00  0.0E+00
                        1.500E-01  8.26978E-13 -2.58632E-12  1.45833E-01   45.00  1.45833E-01 -1.45833E-01  2.52591E-01

           GRD      26 -1.500E-01 -1.98029E-12  2.50223E-12  1.45833E-01   45.00  1.45833E-01 -1.45833E-01  2.52591E-01  0.00000E+00  0.00000E+00  0.0E+00
                        1.500E-01 -1.98029E-12  2.50223E-12  1.45833E-01   45.00  1.45833E-01 -1.45833E-01  2.52591E-01
                                  ------------ ------------ ------------         ------------ ------------ ------------ ------------ ------------ --------
 MAX* :                            5.41667E-01  5.41667E-01  1.45833E-01          5.41667E-01  3.83027E-15  5.41667E-01  2.08333E-01  2.08333E-01  0.0E+00
 MIN* :                           -3.33333E-01 -2.58632E-12 -3.68805E-15         -3.83027E-15 -3.33333E-01  5.25819E-17 -1.39016E-16 -5.06102E-16  0.0E+00

 ABS* :                            5.41667E-01  5.41667E-01  1.45833E-01          5.41667E-01  3.33333E-01  5.41667E-01  2.08333E-01  2.08333E-01  0.0E+00
 *for output set


 OUTPUT FOR SUBCASE        1

                                           E L E M E N T   S T R A I N S   I N   L O C A L   E L E M E N T   C O O R D I N A T E   S Y S T E M
                                                                       F O R   E L E M E N T   T Y P E   Q U A D 8  
  Elem  Location         Fibre      Strains In Element Coord System       Principal Strains (Zero Shear)                 Transverse   Transverse   % Poly
   ID                   Distance   Normal-X     Normal-Y     Shear-XY     Angle      Major        Minor      von Mises    Shear-XZ     Shear-YZ    Fit Err 

        1  CENTER      -1.500E-01 -9.24446E-36 -2.81893E-18  1.00000E-02   45.00  1.00000E-02 -1.00000E-02  1.73205E-02  0.00000E+00  0.00000E+00
                        1.500E-01 -9.24446E-36 -2.81893E-18  1.00000E-02   45.00  1.00000E-02 -1.00000E-02  1.73205E-02

           GRD       1 -1.500E-01 -7.32920E-35 -1.89875E-19  1.00000E-02   45.00  1.00000E-02 -1.00000E-02  1.73205E-02  0.00000E+00  0.00000E+00  0.0E+00
                        1.500E-01 -7.32920E-35 -1.89875E-19  1.00000E-02   45.00  1.00000E-02 -1.00000E-02  1.73205E-02

           GRD       2 -1.500E-01  2.27793E-35 -9.41032E-19  1.00000E-02   45.00  1.00000E-02 -1.00000E-02  1.73205E-02  0.00000E+00  0.00000E+00  0.0E+00
                        1.500E-01  2.27793E-35 -9.41032E-19  1.00000E-02   45.00  1.00000E-02 -1.00000E-02  1.73205E-02

           GRD       3 -1.500E-01  5.48031E-35 -5.44798E-18  1.00000E-02   45.00  1.00000E-02 -1.00000E-02  1.73205E-02  0.00000E+00  0.00000E+00  0.0E+00
                        1.500E-01  5.48031E-35 -5.44798E-18  1.00000E-02   45.00  1.00000E-02 -1.00000E-02  1.73205E-02

           GRD       4 -1.500E-01 -4.12682E-35 -4.69682E-18  1.00000E-02   45.00  1.00000E-02 -1.00000E-02  1.73205E-02  0.00000E+00  0.00000E+00  0.0E+00
                        1.500E-01 -4.12682E-35 -4.69682E-18  1.00000E-02   45.00  1.00000E-02 -1.00000E-02  1.73205E-02

        2  CENTER      -1.500E-01 -2.31112E-34 -7.92839E-18 -7.97787E-18  -31.79  4.94430E-18 -1.28727E-17  1.59311E-17  8.33333E-02  3.33933E-17
                        1.500E-01  2.31112E-34  7.92839E-18  7.97787E-18   58.21  1.28727E-17 -4.94430E-18  1.59311E-17

           GRD       5 -1.500E-01  1.66924E-18  2.93976E-16 -5.91060E-17  -78.99  3.05475E-16 -9.82994E-18  3.10507E-16  8.33333E-02 -3.53910E-18  0.0E+00
                        1.500E-01 -1.66924E-18 -2.93976E-16  5.91060E-17   11.01  9.82994E-18 -3.05475E-16  3.10507E-16

           GRD       6 -1.500E-01 -1.66924E-18  2.60295E-16  7.34920E-17   75.35  2.79505E-16 -2.08783E-17  2.90507E-16  8.33333E-02  5.25206E-17  0.0E+00
                        1.500E-01  1.66924E-18 -2.60295E-16 -7.34920E-17  -14.65  2.08783E-17 -2.79505E-16  2.90507E-16

           GRD       7 -1.500E-01 -1.66924E-18 -3.09833E-16  4.31502E-17    7.82  4.25879E-18 -3.15761E-16  3.17911E-16  8.33333E-02  7.03258E-17  0.0E+00
                        1.500E-01  1.66924E-18  3.09833E-16 -4.31502E-17  -82.18  3.15761E-16 -4.25879E-18  3.17911E-16

           GRD       8 -1.500E-01  1.66924E-18 -2.76152E-16 -8.94478E-17  -16.39  2.79768E-17 -3.02460E-16  3.17374E-16  8.33333E-02  1.42661E-17  0.0E+00
                        1.500E-01 -1.66924E-18  2.76152E-16  8.94478E-17   73.61  3.02460E-16 -2.79768E-17  3.17374E-16

        3  CENTER      -1.500E-01  1.08333E-01  3.23166E-18  1.38778E-17    0.00  1.08333E-01  0.00000E+00  1.08333E-01  0.00000E+00  0.00000E+00
                        1.500E-01  1.08333E-01  3.23166E-18  1.38778E-17    0.00  1.08333E-01  0.00000E+00  1.08333E-01

           GRD       9 -1.500E-01  1.08333E-01  4.79917E-18  4.50549E-17    0.00  1.08333E-01  0.00000E+00  1.08333E-01  0.00000E+00  0.00000E+00  0.0E+00
                        1.500E-01  1.08333E-01  4.79917E-18  4.50549E-17    0.00  1.08333E-01  0.00000E+00  1.08333E-01

           GRD      10 -1.500E-01  1.08333E-01 -1.89742E-18  5.48118E-17    0.00  1.08333E-01  0.00000E+00  1.08333E-01  0.00000E+00  0.00000E+00  0.0E+00
                        1.500E-01  1.08333E-01 -1.89742E-18  5.48118E-17    0.00  1.08333E-01  0.00000E+00  1.08333E-01

           GRD      11 -1.500E-01  1.08333E-01  1.66414E-18 -1.72993E-17   -0.00  1.08333E-01  0.00000E+00  1.08333E-01  0.00000E+00  0.00000E+00  0.0E+00
                        1.500E-01  1.08333E-01  1.66414E-18 -1.72993E-17   -0.00  1.08333E-01  0.00000E+00  1.08333E-01

           GRD      12 -1.500E-01  1.08333E-01  8.36073E-18 -2.70562E-17   -0.00  1.08333E-01  1.38778E-17  1.08333E-01  0.00000E+00  0.00000E+00  0.0E+00
                        1.500E-01  1.08333E-01  8.36073E-18 -2.70562E-17   -0.00  1.08333E-01  1.38778E-17  1.08333E-01

        4  CENTER      -1.500E-01  1.57162E-17  1.08333E-01 -2.25514E-17  -90.00  1.08333E-01  1.38778E-17  1.08333E-01  0.00000E+00  0.00000E+00
                        1.500E-01  1.57162E-17  1.08333E-01 -2.25514E-17  -90.00  1.08333E-01  1.38778E-17  1.08333E-01

           GRD      13 -1.500E-01 -6.06088E-19  1.08333E-01 -5.86070E-17  -90.00  1.08333E-01  0.00000E+00  1.08333E-01  0.00000E+00  0.00000E+00  0.0E+00
                        1.500E-01 -6.06088E-19  1.08333E-01 -5.86070E-17  -90.00  1.08333E-01  0.00000E+00  1.08333E-01

           GRD      14 -1.500E-01  2.60400E-19  1.08333E-01 -1.65421E-17  -90.00  1.08333E-01  0.00000E+00  1.08333E-01  0.00000E+00  0.00000E+00  0.0E+00
                        1.500E-01  2.60400E-19  1.08333E-01 -1.65421E-17  -90.00  1.08333E-01  0.00000E+00  1.08333E-01

           GRD      15 -1.500E-01  3.20385E-17  1.08333E-01  1.35041E-17   90.00  1.08333E-01  2.77556E-17  1.08333E-01  0.00000E+00  0.00000E+00  0.0E+00
                        1.500E-01  3.20385E-17  1.08333E-01  1.35041E-17   90.00  1.08333E-01  2.77556E-17  1.08333E-01

           GRD      16 -1.500E-01  3.11720E-17  1.08333E-01 -2.85607E-17  -90.00  1.08333E-01  2.77556E-17  1.08333E-01  0.00000E+00  0.00000E+00  0.0E+00
                        1.500E-01  3.11720E-17  1.08333E-01 -2.85607E-17  -90.00  1.08333E-01  2.77556E-17  1.08333E-01

        5  CENTER      -1.500E-01 -2.13343E-17  0.00000E+00  3.33957E-18   81.31  5.10544E-19 -2.18448E-17  2.21045E-17 -1.62857E-17  8.33333E-02
                        1.500E-01  2.13343E-17  0.00000E+00 -3.33957E-18   -8.69  2.18448E-17 -5.10544E-19  2.21045E-17

           GRD      17 -1.500E-01 -3.29996E-17 -1.66924E-18  4.73277E-17   54.16  3.25184E-17 -6.71873E-17  8.80704E-17  2.30349E-17  8.33333E-02  0.0E+00
                        1.500E-01  3.29996E-17  1.66924E-18 -4.73277E-17  -35.84  6.71873E-17 -3.25184E-17  8.80704E-17

           GRD      18 -1.500E-01  1.20151E-17 -1.66924E-18  2.23051E-17   36.47  2.85039E-17 -1.81580E-17  4.07402E-17  4.78458E-18  8.33333E-02  0.0E+00
                        1.500E-01 -1.20151E-17  1.66924E-18 -2.23051E-17  -53.53  1.81580E-17 -2.85039E-17  4.07402E-17

           GRD      19 -1.500E-01 -9.66897E-18  1.66924E-18 -4.06485E-17  -48.97  3.70421E-17 -4.50418E-17  7.11991E-17 -5.56064E-17  8.33333E-02  0.0E+00
                        1.500E-01  9.66897E-18 -1.66924E-18  4.06485E-17   41.03  4.50418E-17 -3.70421E-17  7.11991E-17

           GRD      20 -1.500E-01 -5.46837E-17  1.66924E-18 -1.56260E-17  -75.49  5.71209E-18 -5.87265E-17  6.17809E-17 -3.73561E-17  8.33333E-02  0.0E+00
                        1.500E-01  5.46837E-17 -1.66924E-18  1.56260E-17   14.51  5.87265E-17 -5.71209E-18  6.17809E-17

        6  CENTER      -1.500E-01 -6.66667E-02  8.58083E-17 -5.55805E-16  -90.00  8.32667E-17 -6.66667E-02  6.66667E-02  2.72352E-16 -3.46865E-17
                        1.500E-01  6.66667E-02 -8.58083E-17  5.55805E-16    0.00  6.66667E-02 -8.32667E-17  6.66667E-02

           GRD      24 -1.500E-01 -6.66667E-02 -7.67385E-16 -9.77655E-16  -90.00 -7.63278E-16 -6.66667E-02  6.66667E-02  5.78824E-16 -2.02441E-16  0.0E+00
                        1.500E-01  6.66667E-02  7.67385E-16  9.77655E-16    0.00  6.66667E-02  7.63278E-16  6.66667E-02

           GRD      23 -1.500E-01 -6.66667E-02 -2.97169E-16 -1.47522E-15  -90.00 -2.91434E-16 -6.66667E-02  6.66667E-02  9.20738E-17 -1.71913E-16  0.0E+00
                        1.500E-01  6.66667E-02  2.97169E-16  1.47522E-15    0.00  6.66667E-02  2.91434E-16  6.66667E-02

           GRD      21 -1.500E-01 -6.66667E-02  9.39001E-16 -1.33955E-16  -90.00  9.43690E-16 -6.66667E-02  6.66667E-02 -3.41206E-17  1.33068E-16  0.0E+00
                        1.500E-01  6.66667E-02 -9.39001E-16  1.33955E-16    0.00  6.66667E-02 -9.43690E-16  6.66667E-02

           GRD      22 -1.500E-01 -6.66667E-02  4.68786E-16  3.63611E-16   90.00  4.71845E-16 -6.66667E-02  6.66667E-02  4.52629E-16  1.02540E-16  0.0E+00
                        1.500E-01  6.66667E-02 -4.68786E-16 -3.63611E-16   -0.00  6.66667E-02 -4.71845E-16  6.66667E-02

        7  CENTER      -1.500E-01 -1.20659E-14  1.21373E-14  5.83333E-02   45.00  5.83333E-02 -5.83333E-02  1.01036E-01  0.00000E+00  0.00000E+00
                        1.500E-01 -1.20659E-14  1.21373E-14  5.83333E-02   45.00  5.83333E-02 -5.83333E-02  1.01036E-01

           GRD      28 -1.500E-01  4.33486E-13 -8.14760E-14  5.83333E-02   45.00  5.83333E-02 -5.83333E-02  1.01036E-01  0.00000E+00  0.00000E+00  0.0E+00
                        1.500E-01  4.33486E-13 -8.14760E-14  5.83333E-02   45.00  5.83333E-02 -5.83333E-02  1.01036E-01

           GRD      27 -1.500E-01 -2.51087E-13  1.46843E-13  5.83333E-02   45.00  5.83333E-02 -5.83333E-02  1.01036E-01  0.00000E+00  0.00000E+00  0.0E+00
                        1.500E-01 -2.51087E-13  1.46843E-13  5.83333E-02   45.00  5.83333E-02 -5.83333E-02  1.01036E-01

           GRD      25 -1.500E-01  1.65396E-13 -5.17263E-13  5.83333E-02   45.00  5.83333E-02 -5.83333E-02  1.01036E-01  0.00000E+00  0.00000E+00  0.0E+00
                        1.500E-01  1.65396E-13 -5.17263E-13  5.83333E-02   45.00  5.83333E-02 -5.83333E-02  1.01036E-01

           GRD      26 -1.500E-01 -3.96059E-13  5.00445E-13  5.83333E-02   45.00  5.83333E-02 -5.83333E-02  1.01036E-01  0.00000E+00  0.00000E+00  0.0E+00
                        1.500E-01 -3.96059E-13  5.00445E-13  5.83333E-02   45.00  5.83333E-02 -5.83333E-02  1.01036E-01
                                  ------------ ------------ ------------         ------------ ------------ ------------ ------------ ------------ --------
 MAX* :                            1.08333E-01  1.08333E-01  5.83333E-02          1.08333E-01  7.63278E-16  1.08333E-01  8.33333E-02  8.33333E-02  0.0E+00
 MIN* :                           -6.66667E-02 -5.17263E-13 -1.47522E-15         -7.63278E-16 -6.66667E-02  1.59311E-17 -5.56064E-17 -2.02441E-16  0.0E+00

 ABS* :                            1.08333E-01  1.08333E-01  5.83333E-02          1.08333E-01  6.66667E-02  1.08333E-01  8.33333E-02  8.33333E-02  0.0E+00
 *for output set

 >> LINK  9 END

    Total CPU time =  7.81E-02 seconds

 >> MYSTRAN END    :  6/ 4/2026 at 11:55: 2.146
