$ Generated by Mecway 33
$-----------------------EXECUTIVE CONTROL SECTION-----------------------
SOL 101
CEND
$-------------------------CASE CONTROL SECTION--------------------------
DISPLACEMENT = ALL
SPCFORCES = ALL
MPCFORCES = ALL
STRESS(CORNER) = ALL
SPC = 1
LOAD = 1
BEGIN BULK
$---------------------------BULK DATA SECTION---------------------------
GRID*                  1               0 7.07106781187-1-7.07106781187-1*
*                  0.0+0               0
GRID           2       0   0.0+0   1.0+0   0.0+0       0
GRID           3       0  -1.0+0   0.0+0   0.0+0       0
GRID*                  4               0-4.61748613235-1 8.87010833178-1*
*                  2.5-1               0
GRID*                  5               0-9.23879532511-1-3.82683432365-1*
*                  0.0+0               0
GRID*                  6               0-7.07106781187-1 7.07106781187-1*
*                  0.0+0               0
GRID           7       0   0.0+0  -1.0+0   0.0+0       0
GRID*                  8               0 9.91444861374-1 -1.3052619222-1*
*                  2.5-1               0
GRID*                  9               0-7.07106781187-1-7.07106781187-1*
*                  0.0+0               0
GRID*                 10               0-6.42787609687-1-7.66044443119-1*
*                  2.5-1               0
GRID*                 11               0-7.93353340291-1-6.08761429009-1*
*                  2.5-1               0
GRID*                 12               0-3.82683432365-1-9.23879532511-1*
*                  0.0+0               0
GRID          13       0   1.0+0   0.0+0   0.0+0       0
GRID*                 14               0 3.82683432365-1-9.23879532511-1*
*                  0.0+0               0
GRID*                 15               0 7.07106781187-1 7.07106781187-1*
*                  0.0+0               0
GRID*                 16               0-1.6081428723-16          -1.0+0*
*                  2.5-1               0
GRID*                 17               0 9.23879532511-1 3.82683432365-1*
*                  0.0+0               0
GRID*                 18               0 9.65925826289-1 2.58819045103-1*
*                  2.5-1               0
GRID*                 19               0-3.82683432365-1-9.23879532511-1*
*                  2.5-1               0
GRID*                 20               0           5.0-1 8.66025403784-1*
*                  2.5-1               0
GRID*                 21               0 7.93353340291-1 6.08761429009-1*
*                  2.5-1               0
GRID*                 22               0 3.82683432365-1 9.23879532511-1*
*                  0.0+0               0
GRID*                 23               0 9.23879532511-1-3.82683432365-1*
*                  0.0+0               0
GRID*                 24               0-1.6081428723-16           1.0+0*
*                  2.5-1               0
GRID*                 25               0 3.00705799504-1 9.53716950748-1*
*                  2.5-1               0
GRID*                 26               0-9.23879532511-1 3.82683432365-1*
*                  0.0+0               0
GRID*                 27               0-8.66025403784-1           5.0-1*
*                  2.5-1               0
GRID*                 28               0 7.66044443119-1-6.42787609687-1*
*                  2.5-1               0
GRID*                 29               0-9.65925826289-1-2.58819045103-1*
*                  2.5-1               0
GRID*                 30               0-9.91444861374-1  1.3052619222-1*
*                  2.5-1               0
GRID*                 31               0-3.82683432365-1 9.23879532511-1*
*                  0.0+0               0
GRID*                 32               0 3.82683432365-1-9.23879532511-1*
*                  2.5-1               0
GRID*                 33               0 9.46930129495-1-3.21439465303-1*
*               3.0625+0               0
GRID*                 34               0-4.92869747121-1 -8.7010310445-1*
*               3.1875+0               0
GRID*                 35               0 9.86643332085-1-1.62895473395-1*
*                3.125+0               0
GRID*                 36               0-4.85763393716-1-8.74090341627-1*
*                 3.25+0               0
GRID*                 37               0-4.54465975442-1-8.90764097371-1*
*              3.21875+0               0
GRID*                 38               0 9.73876979277-1-2.27076263034-1*
*               3.0625+0               0
GRID*                 39               0-4.17668858121-1-9.08599320359-1*
*                 3.25+0               0
GRID*                 40               0 9.80785280403-1-1.95090322016-1*
*               3.1875+0               0
GRID*                 41               0 6.71558954847-1-7.40951125355-1*
*                  3.0+0               0
GRID*                 42               0 6.40682453669-1-7.67805960879-1*
*              3.03125+0               0
GRID*                 43               0 6.85567157289-1 -7.2800939063-1*
*               3.0625+0               0
GRID*                 44               0 9.99464587476-1-3.27190828218-2*
*                 3.25+0               0
GRID*                 45               0 5.95699304492-1-8.03207531481-1*
*                  3.0+0               0
GRID*                 46               0 5.60075049503-1-8.28441874198-1*
*              3.03125+0               0
GRID*                 47               0 6.06560461008-1-7.95037362105-1*
*               3.0625+0               0
GRID*                 48               0           1.0+0-7.6491607346-17*
*               3.1875+0               0
GRID*                 49               0 5.69035049852-1-8.22313268797-1*
*              3.09375+0               0
GRID*                 50               0 6.17316903838-1-7.86714586261-1*
*                3.125+0               0
GRID*                 51               0 6.53139343825-1-7.57237741761-1*
*              3.09375+0               0
GRID*                 52               0 9.95184726672-1-9.80171403296-2*
*               3.1875+0               0
GRID*                 53               0 6.99332664542-1-7.14796351631-1*
*                3.125+0               0
GRID*                 54               0 9.86643332085-1 1.62895473395-1*
*                 3.25+0               0
GRID*                 55               0 5.14102744193-1    -8.5772861-1*
*                  3.0+0               0
GRID*                 56               0 4.73787080187-1-8.80639428284-1*
*              3.03125+0               0
GRID*                 57               0 5.21067645924-1-8.53515382622-1*
*               3.0625+0               0
GRID*                 58               0 9.80785280403-1 1.95090322016-1*
*               3.1875+0               0
GRID*                 59               0  4.2755509343-1-9.03989293123-1*
*                  3.0+0               0
GRID*                 60               0 3.82683432365-1-9.23879532511-1*
*              3.03125+0               0
GRID*                 61               0 4.30005454233-1-9.02826289676-1*
*               3.0625+0               0
GRID*                 62               0 9.95184726672-1 9.80171403296-2*
*               3.1875+0               0
GRID*                 63               0 3.82683432365-1-9.23879532511-1*
*              3.09375+0               0
GRID*                 64               0 4.32455413526-1-9.01655319572-1*
*                3.125+0               0
GRID*                 65               0 4.78559982296-1-8.78054863516-1*
*              3.09375+0               0
GRID*                 66               0 8.81921264348-1-4.71396736826-1*
*                  3.0+0               0
GRID*                 67               0 5.28000622545-1-8.49243982959-1*
*                3.125+0               0
GRID*                 68               0 8.54669326552-1-5.19172747985-1*
*               3.0625+0               0
GRID*                 69               0 4.83341715546-1-8.75431771193-1*
*              3.15625+0               0
GRID*                 70               0 5.34962718988-1 -8.4487566499-1*
*               3.1875+0               0
GRID*                 71               0 5.77971063485-1-8.16057258882-1*
*              3.15625+0               0
GRID*                 72               0 9.27824682737-1-3.73016565455-1*
*                3.125+0               0
GRID*                 73               0 3.82683432365-1-9.23879532511-1*
*              3.15625+0               0
GRID*                 74               0 4.34923011276-1-9.00467641985-1*
*               3.1875+0               0
GRID*                 75               0 9.06180894313-1-4.22890277473-1*
*               3.0625+0               0
GRID*                 76               0 3.82683432365-1-9.23879532511-1*
*              3.21875+0               0
GRID*                 77               0 4.37390453959-1-8.99271700203-1*
*                 3.25+0               0
GRID*                 78               0 4.88132273223-1-8.72769662533-1*
*              3.21875+0               0
GRID*                 79               0 7.73010453363-1-6.34393284164-1*
*                  3.0+0               0
GRID*                 80               0 5.41891580575-1-8.40448401094-1*
*                 3.25+0               0
GRID*                 81               0 5.86881036602-1-8.09673174112-1*
*              3.21875+0               0
GRID*                 82               0  7.2236396206-1-6.91513055782-1*
*               3.0625+0               0
GRID*                 83               0 6.65441289744-1-7.46450192513-1*
*              3.15625+0               0
GRID*                 84               0 7.12855213774-1-7.01311232047-1*
*               3.1875+0               0
GRID*                 85               0 8.12574372541-1-5.82857520402-1*
*                3.125+0               0
GRID*                 86               0  6.2801316162-1-7.78202717055-1*
*               3.1875+0               0
GRID*                 87               0 7.93187975044-1 -6.0897687661-1*
*               3.0625+0               0
GRID*                 88               0 6.38599945372-1-7.69538894255-1*
*                 3.25+0               0
GRID*                 89               0 6.77584837314-1-7.35444619426-1*
*              3.21875+0               0
GRID*                 90               0 7.51839807479-1  -6.593458151-1*
*               3.1875+0               0
GRID*                 91               0 7.26124817658-1-6.87562905617-1*
*                 3.25+0               0
GRID*                 92               0 8.49202181527-1 -5.2806785065-1*
*                 3.25+0               0
GRID*                 93               0 3.36889853392-1-9.41544065183-1*
*                  3.0+0               0
GRID*                 94               0 2.90284677254-1-9.56940335732-1*
*              3.03125+0               0
GRID*                 95               0 3.36889853392-1-9.41544065183-1*
*               3.0625+0               0
GRID*                 96               0 8.96665938198-1-4.42707798977-1*
*               3.1875+0               0
GRID*                 97               0 2.42980179903-1-9.70031253195-1*
*                  3.0+0               0
GRID*                 98               0 1.95090322016-1-9.80785280403-1*
*              3.03125+0               0
GRID*                 99               0 2.42980179903-1-9.70031253195-1*
*               3.0625+0               0
GRID*                100               0 8.31312933351-1-5.55804648094-1*
*               3.1875+0               0
GRID*                101               0 1.95090322016-1-9.80785280403-1*
*              3.09375+0               0
GRID*                102               0 2.42980179903-1-9.70031253195-1*
*                3.125+0               0
GRID*                103               0 2.90284677254-1-9.56940335732-1*
*              3.09375+0               0
GRID*                104               0 9.63045136708-1-2.69340053953-1*
*                 3.25+0               0
GRID*                105               0 3.36889853392-1-9.41544065183-1*
*                3.125+0               0
GRID*                106               0 9.46830156547-1-3.21733825783-1*
*               3.1875+0               0
GRID*                107               0 1.46730474455-1-9.89176509965-1*
*                  3.0+0               0
GRID*                108               0 9.80171403296-2-9.95184726672-1*
*              3.03125+0               0
GRID*                109               0 1.46730474455-1-9.89176509965-1*
*               3.0625+0               0
GRID*                110               0-9.80171403296-2-9.95184726672-1*
*                  3.0+0               0
GRID*                111               0 4.90676743274-2-9.98795456205-1*
*                  3.0+0               0
GRID*                112               0 4.90676743274-2-9.98795456205-1*
*               3.0625+0               0
GRID*                113               0-1.95090322016-1-9.80785280403-1*
*               3.0625+0               0
GRID*                114               0 4.90676743274-2-9.98795456205-1*
*                3.125+0               0
GRID*                115               0 9.80171403296-2-9.95184726672-1*
*              3.09375+0               0
GRID*                116               0-9.80171403296-2-9.95184726672-1*
*                3.125+0               0
GRID*                117               0 1.46730474455-1-9.89176509965-1*
*                3.125+0               0
GRID*                118               0-4.0203571808-17          -1.0+0*
*               3.0625+0               0
GRID*                119               0 9.80171403296-2-9.95184726672-1*
*              3.15625+0               0
GRID*                120               0 1.46730474455-1-9.89176509965-1*
*               3.1875+0               0
GRID*                121               0 1.95090322016-1-9.80785280403-1*
*              3.15625+0               0
GRID*                122               0-9.80171403296-2-9.95184726672-1*
*               3.0625+0               0
GRID*                123               0 4.90676743274-2-9.98795456205-1*
*               3.1875+0               0
GRID*                124               0-2.90284677254-1-9.56940335732-1*
*                  3.0+0               0
GRID*                125               0 4.90676743274-2-9.98795456205-1*
*                 3.25+0               0
GRID*                126               0 9.80171403296-2-9.95184726672-1*
*              3.21875+0               0
GRID*                127               0-3.82683432365-1-9.23879532511-1*
*               3.0625+0               0
GRID*                128               0 1.46730474455-1-9.89176509965-1*
*                 3.25+0               0
GRID*                129               0 1.95090322016-1-9.80785280403-1*
*              3.21875+0               0
GRID*                130               0-2.90284677254-1-9.56940335732-1*
*                3.125+0               0
GRID*                131               0 2.90284677254-1-9.56940335732-1*
*              3.15625+0               0
GRID*                132               0 3.36889853392-1-9.41544065183-1*
*               3.1875+0               0
GRID*                133               0-2.90284677254-1-9.56940335732-1*
*               3.0625+0               0
GRID*                134               0 2.42980179903-1-9.70031253195-1*
*               3.1875+0               0
GRID*                135               0-3.82683432365-1-9.23879532511-1*
*               3.1875+0               0
GRID*                136               0 2.42980179903-1-9.70031253195-1*
*                 3.25+0               0
GRID*                137               0 2.90284677254-1-9.56940335732-1*
*              3.21875+0               0
GRID*                138               0-2.90284677254-1-9.56940335732-1*
*                 3.25+0               0
GRID*                139               0 3.36889853392-1-9.41544065183-1*
*                 3.25+0               0
GRID*                140               0-1.95090322016-1-9.80785280403-1*
*               3.1875+0               0
GRID*                141               0-7.40951125355-1-6.71558954847-1*
*                  3.0+0               0
GRID*                142               0-7.62469383904-1-6.47024295223-1*
*              3.03125+0               0
GRID*                143               0-7.22302160272-1-6.91577608997-1*
*               3.0625+0               0
GRID*                144               0-2.90284677254-1-9.56940335732-1*
*               3.1875+0               0
GRID*                145               0-8.03207531481-1-5.95699304492-1*
*                  3.0+0               0
GRID*                146               0-8.19067729862-1-5.73696830999-1*
*              3.03125+0               0
GRID*                147               0 -7.7973652433-1-6.26107780358-1*
*               3.0625+0               0
GRID*                148               0-9.80171403296-2-9.95184726672-1*
*                 3.25+0               0
GRID*                149               0-7.93084831725-1-6.09111196489-1*
*              3.09375+0               0
GRID*                150               0-7.55135783025-1-6.55568416869-1*
*                3.125+0               0
GRID*                151               0-7.40792381736-1 -6.7173405985-1*
*              3.09375+0               0
GRID*                152               0-1.2061071543-16          -1.0+0*
*               3.1875+0               0
GRID*                153               0-7.03135108599-1-7.11056269964-1*
*                3.125+0               0
GRID*                154               0-9.80171403296-2-9.95184726672-1*
*               3.1875+0               0
GRID*                155               0    -8.5772861-1-5.14102744193-1*
*                  3.0+0               0
GRID*                156               0-8.68690398636-1-4.95355419187-1*
*              3.03125+0               0
GRID*                157               0-8.31332756687-1-5.55774997332-1*
*               3.0625+0               0
GRID*                158               0-4.71396736826-1-8.81921264348-1*
*                  3.0+0               0
GRID*                159               0-9.03989293123-1 -4.2755509343-1*
*                  3.0+0               0
GRID*                160               0-9.10863824921-1-4.12707029804-1*
*              3.03125+0               0
GRID*                161               0-5.46432278182-1-8.37503292747-1*
*               3.0625+0               0
GRID*                162               0-4.61711379635-1 -8.8703021477-1*
*                3.125+0               0
GRID*                163               0-4.66558586307-1-8.84490297032-1*
*               3.0625+0               0
GRID*                164               0-6.34393284164-1-7.73010453363-1*
*                  3.0+0               0
GRID*                165               0-6.91513055782-1 -7.2236396206-1*
*               3.0625+0               0
GRID*                166               0-6.08728126649-1 -7.9337889298-1*
*                3.125+0               0
GRID*                167               0-6.21637647955-1-7.83304943585-1*
*               3.0625+0               0
GRID*                168               0  -6.593458151-1-7.51839807479-1*
*               3.1875+0               0
GRID*                169               0-5.82477696868-1-8.12846684592-1*
*                 3.25+0               0
GRID*                170               0-5.28032204049-1 -8.4922434697-1*
*               3.1875+0               0
GRID*                171               0-5.95676551867-1-8.03224405478-1*
*               3.1875+0               0
GRID*                172               0-4.52045546177-1-8.91994856589-1*
*                 3.25+0               0
GRID*                173               0-4.56883053817-1 -8.8952677033-1*
*               3.1875+0               0
GRID*                174               0 6.34393284164-1-7.73010453363-1*
*                  3.0+0               0
GRID*                175               0 5.64563365857-1-8.25389729723-1*
*               3.0625+0               0
GRID*                176               0 6.59306134961-1-7.51874604175-1*
*                3.125+0               0
GRID*                177               0 6.46928927842-1-7.62550301502-1*
*               3.0625+0               0
GRID*                178               0 4.71396736826-1-8.81921264348-1*
*                  3.0+0               0
GRID*                179               0 3.82683432365-1-9.23879532511-1*
*               3.0625+0               0
GRID*                180               0 4.80942497974-1-8.76752139229-1*
*                3.125+0               0
GRID*                181               0  4.7617393797-1-8.79351113491-1*
*               3.0625+0               0
GRID*                182               0 3.82683432365-1-9.23879532511-1*
*               3.1875+0               0
GRID*                183               0 4.90523568159-1 -8.7142792535-1*
*                 3.25+0               0
GRID*                184               0 5.82434797126-1-8.12877424398-1*
*               3.1875+0               0
GRID*                185               0  4.8573730824-1-8.74104837754-1*
*               3.1875+0               0
GRID*                186               0 6.83592302023-1-7.29864072698-1*
*                 3.25+0               0
GRID*                187               0  6.7153181713-1-7.40975720643-1*
*               3.1875+0               0
GRID*                188               0 2.90284677254-1-9.56940335732-1*
*                  3.0+0               0
GRID*                189               0 1.95090322016-1-9.80785280403-1*
*               3.0625+0               0
GRID*                190               0 2.90284677254-1-9.56940335732-1*
*                3.125+0               0
GRID*                191               0 2.90284677254-1-9.56940335732-1*
*               3.0625+0               0
GRID*                192               0 9.80171403296-2-9.95184726672-1*
*                  3.0+0               0
GRID*                193               0 9.80171403296-2-9.95184726672-1*
*                3.125+0               0
GRID*                194               0 9.80171403296-2-9.95184726672-1*
*               3.0625+0               0
GRID*                195               0 9.80171403296-2-9.95184726672-1*
*                 3.25+0               0
GRID*                196               0 1.95090322016-1-9.80785280403-1*
*               3.1875+0               0
GRID*                197               0 9.80171403296-2-9.95184726672-1*
*               3.1875+0               0
GRID*                198               0 2.90284677254-1-9.56940335732-1*
*                 3.25+0               0
GRID*                199               0 2.90284677254-1-9.56940335732-1*
*               3.1875+0               0
GRID*                200               0-7.73010453363-1-6.34393284164-1*
*                  3.0+0               0
GRID*                201               0-8.06270745332-1-5.91546688961-1*
*               3.0625+0               0
GRID*                202               0 -7.2966308924-1 -6.8380682667-1*
*                3.125+0               0
GRID*                203               0-7.51721947086-1-6.59480184895-1*
*               3.0625+0               0
GRID*                204               0-8.81921264348-1-4.71396736826-1*
*                  3.0+0               0
GRID*                205               0-8.96872741533-1-4.42288690219-1*
*               3.0625+0               0
GRID*                206               0-8.25193922987-1-5.64849528163-1*
*                3.125+0               0
GRID*                207               0-8.54808819299-1 -5.1894304355-1*
*               3.0625+0               0
GRID*                208               0-8.31469612303-1 -5.5557023302-1*
*               3.1875+0               0
GRID*                209               0-7.58987281247-1-6.51105449912-1*
*                 3.25+0               0
GRID*                210               0 -7.5164595068-1-6.59566800882-1*
*               3.1875+0               0
GRID*                211               0-7.93239776607-1-6.08909399507-1*
*               3.1875+0               0
GRID*                212               0-6.83592302023-1-7.29864072698-1*
*                 3.25+0               0
GRID*                213               0-7.06986620889-1-7.07226921068-1*
*               3.1875+0               0
GRID*                214               0-9.56940335732-1-2.90284677254-1*
*                  3.0+0               0
GRID*                215               0-9.65925826289-1-2.58819045103-1*
*               3.0625+0               0
GRID*                216               0-9.10863824921-1-4.12707029804-1*
*                3.125+0               0
GRID*                217               0-9.35905926757-1-3.52250047921-1*
*               3.0625+0               0
GRID*                218               0-9.95184726672-1-9.80171403296-2*
*                  3.0+0               0
GRID*                219               0-9.97858923239-1-6.54031292301-2*
*               3.0625+0               0
GRID*                220               0-9.73876979277-1-2.27076263034-1*
*                3.125+0               0
GRID*                221               0-9.86643332085-1-1.62895473395-1*
*               3.0625+0               0
GRID*                222               0-9.80785280403-1-1.95090322016-1*
*               3.1875+0               0
GRID*                223               0-9.35905926757-1-3.52250047921-1*
*                 3.25+0               0
GRID*                224               0-9.23879532511-1-3.82683432365-1*
*               3.1875+0               0
GRID*                225               0-9.56940335732-1-2.90284677254-1*
*               3.1875+0               0
GRID*                226               0-8.49202181527-1 -5.2806785065-1*
*                 3.25+0               0
GRID*                227               0-8.81921264348-1-4.71396736826-1*
*               3.1875+0               0
GRID*                228               0 7.73010453363-1 6.34393284164-1*
*                  3.0+0               0
GRID*                229               0 7.93353340291-1 6.08761429009-1*
*               3.0625+0               0
GRID*                230               0 6.83592302023-1 7.29864072698-1*
*                3.125+0               0
GRID*                231               0 7.29864072698-1 6.83592302023-1*
*               3.0625+0               0
GRID*                232               0 8.81921264348-1 4.71396736826-1*
*                  3.0+0               0
GRID*                233               0 8.96872741533-1 4.42288690219-1*
*               3.0625+0               0
GRID*                234               0 8.12846684592-1 5.82477696868-1*
*                3.125+0               0
GRID*                235               0 8.49202181527-1  5.2806785065-1*
*               3.0625+0               0
GRID*                236               0 8.31469612303-1  5.5557023302-1*
*               3.1875+0               0
GRID*                237               0 7.29864072698-1 6.83592302023-1*
*                 3.25+0               0
GRID*                238               0 7.07106781187-1 7.07106781187-1*
*               3.1875+0               0
GRID*                239               0 7.73010453363-1 6.34393284164-1*
*               3.1875+0               0
GRID*                240               0 5.82477696868-1 8.12846684592-1*
*                 3.25+0               0
GRID*                241               0 6.34393284164-1 7.73010453363-1*
*               3.1875+0               0
GRID*                242               0 9.56940335732-1 2.90284677254-1*
*                  3.0+0               0
GRID*                243               0 9.65925826289-1 2.58819045103-1*
*               3.0625+0               0
GRID*                244               0 9.10863824921-1 4.12707029804-1*
*                3.125+0               0
GRID*                245               0 9.35905926757-1 3.52250047921-1*
*               3.0625+0               0
GRID*                246               0 9.95184726672-1 9.80171403296-2*
*                  3.0+0               0
GRID*                247               0 9.73876979277-1 2.27076263034-1*
*                3.125+0               0
GRID*                248               0 9.86643332085-1 1.62895473395-1*
*               3.0625+0               0
GRID*                249               0 9.35905926757-1 3.52250047921-1*
*                 3.25+0               0
GRID*                250               0 9.23879532511-1 3.82683432365-1*
*               3.1875+0               0
GRID*                251               0 9.56940335732-1 2.90284677254-1*
*               3.1875+0               0
GRID*                252               0 8.49202181527-1  5.2806785065-1*
*                 3.25+0               0
GRID*                253               0 8.81921264348-1 4.71396736826-1*
*               3.1875+0               0
GRID*                254               0-8.81921264348-1 4.71396736826-1*
*                  3.0+0               0
GRID*                255               0-8.66025403784-1           5.0-1*
*               3.0625+0               0
GRID*                256               0-9.35905926757-1 3.52250047921-1*
*                3.125+0               0
GRID*                257               0-9.46930129495-1 3.21439465303-1*
*               3.0625+0               0
GRID*                258               0-9.10863824921-1 4.12707029804-1*
*               3.0625+0               0
GRID*                259               0-7.73010453363-1 6.34393284164-1*
*                  3.0+0               0
GRID*                260               0-8.49202181527-1  5.2806785065-1*
*                3.125+0               0
GRID*                261               0-8.12846684592-1 5.82477696868-1*
*               3.0625+0               0
GRID*                262               0-9.10863824921-1 4.12707029804-1*
*                 3.25+0               0
GRID*                263               0-9.23879532511-1 3.82683432365-1*
*               3.1875+0               0
GRID*                264               0-8.81921264348-1 4.71396736826-1*
*               3.1875+0               0
GRID*                265               0-9.73876979277-1 2.27076263034-1*
*                 3.25+0               0
GRID*                266               0-9.80785280403-1 1.95090322016-1*
*               3.1875+0               0
GRID*                267               0-9.56940335732-1 2.90284677254-1*
*               3.1875+0               0
GRID*                268               0-9.95184726672-1 9.80171403296-2*
*                  3.0+0               0
GRID*                269               0-9.91444861374-1  1.3052619222-1*
*               3.0625+0               0
GRID*                270               0-9.99464587476-1-3.27190828218-2*
*                3.125+0               0
GRID*                271               0-9.99464587476-1 3.27190828218-2*
*               3.0625+0               0
GRID*                272               0-9.56940335732-1 2.90284677254-1*
*                  3.0+0               0
GRID*                273               0-9.86643332085-1 1.62895473395-1*
*                3.125+0               0
GRID*                274               0-9.73876979277-1 2.27076263034-1*
*               3.0625+0               0
GRID*                275               0-9.99464587476-1 3.27190828218-2*
*                 3.25+0               0
GRID*                276               0          -1.0+0 7.6491607346-17*
*               3.1875+0               0
GRID*                277               0-9.95184726672-1 9.80171403296-2*
*               3.1875+0               0
GRID*                278               0-9.86643332085-1-1.62895473395-1*
*                 3.25+0               0
GRID*                279               0-9.95184726672-1-9.80171403296-2*
*               3.1875+0               0
GRID*                280               0 7.40951125355-1 6.71558954847-1*
*                  3.0+0               0
GRID*                281               0 7.51839807479-1   6.593458151-1*
*              3.03125+0               0
GRID*                282               0  6.9544263501-1  7.1858161778-1*
*               3.0625+0               0
GRID*                283               0 6.83592302023-1 7.29864072698-1*
*              3.03125+0               0
GRID*                284               0 9.48595285684-1-3.16491680739-1*
*                3.125+0               0
GRID*                285               0 8.03207531481-1 5.95699304492-1*
*                  3.0+0               0
GRID*                286               0 8.12846684592-1 5.82477696868-1*
*              3.03125+0               0
GRID*                287               0 7.62527203906-1 6.46956152535-1*
*               3.0625+0               0
GRID*                288               0-1.95090322016-1-9.80785280403-1*
*                  0.0+0               0
GRID*                289               0 7.73010453363-1 6.34393284164-1*
*              3.09375+0               0
GRID*                290               0  7.1858161778-1  6.9544263501-1*
*                3.125+0               0
GRID*                291               0 7.07106781187-1 7.07106781187-1*
*              3.09375+0               0
GRID*                292               0 8.03207531481-1-5.95699304492-1*
*                  3.0+0               0
GRID*                293               0 6.46956152535-1 7.62527203906-1*
*                3.125+0               0
GRID*                294               0 6.34393284164-1 7.73010453363-1*
*              3.09375+0               0
GRID*                295               0 7.83202322347-1-6.21766935653-1*
*              3.03125+0               0
GRID*                296               0     8.5772861-1 5.14102744193-1*
*                  3.0+0               0
GRID*                297               0 8.66025403784-1           5.0-1*
*              3.03125+0               0
GRID*                298               0  8.2226821899-1 5.69100145879-1*
*               3.0625+0               0
GRID*                299               0 8.25151269153-1-5.64911836497-1*
*               3.0625+0               0
GRID*                300               0 9.03989293123-1  4.2755509343-1*
*                  3.0+0               0
GRID*                301               0 9.10863824921-1 4.12707029804-1*
*              3.03125+0               0
GRID*                302               0 8.74090341627-1 4.85763393716-1*
*               3.0625+0               0
GRID*                303               0-3.82683432365-1-9.23879532511-1*
*                 1.25-1               0
GRID*                304               0 8.81921264348-1 4.71396736826-1*
*              3.09375+0               0
GRID*                305               0 8.40448401094-1 5.41891580575-1*
*                3.125+0               0
GRID*                306               0 8.31469612303-1  5.5557023302-1*
*              3.09375+0               0
GRID*                307               0 7.40951125355-1-6.71558954847-1*
*                  3.0+0               0
GRID*                308               0 7.83286749229-1  6.2166057337-1*
*                3.125+0               0
GRID*                309               0 7.14777897334-1-6.99351526403-1*
*              3.03125+0               0
GRID*                310               0 7.93353340291-1 6.08761429009-1*
*              3.15625+0               0
GRID*                311               0 7.40951125355-1 6.71558954847-1*
*               3.1875+0               0
GRID*                312               0 7.29864072698-1 6.83592302023-1*
*              3.15625+0               0
GRID*                313               0 7.58898856062-1-6.51208512128-1*
*               3.0625+0               0
GRID*                314               0 8.49202181527-1  5.2806785065-1*
*              3.15625+0               0
GRID*                315               0 8.03207531481-1 5.95699304492-1*
*               3.1875+0               0
GRID*                316               0-1.95090322016-1-9.80785280403-1*
*                  2.5-1               0
GRID*                317               0 8.12846684592-1 5.82477696868-1*
*              3.21875+0               0
GRID*                318               0 7.62527203906-1 6.46956152535-1*
*                 3.25+0               0
GRID*                319               0 7.51839807479-1   6.593458151-1*
*              3.21875+0               0
GRID*                320               0 7.29864072698-1-6.83592302023-1*
*              3.09375+0               0
GRID*                321               0  6.9544263501-1  7.1858161778-1*
*                 3.25+0               0
GRID*                322               0 6.83592302023-1 7.29864072698-1*
*              3.21875+0               0
GRID*                323               0 7.76311740259-1-6.30349174614-1*
*                3.125+0               0
GRID*                324               0   6.593458151-1 7.51839807479-1*
*              3.15625+0               0
GRID*                325               0 5.95699304492-1 8.03207531481-1*
*               3.1875+0               0
GRID*                326               0 5.82477696868-1 8.12846684592-1*
*              3.15625+0               0
GRID*                327               0 8.02987381235-1-5.95996028156-1*
*              3.09375+0               0
GRID*                328               0 6.71558954847-1 7.40951125355-1*
*               3.1875+0               0
GRID*                329               0-8.0407143617-17          -1.0+0*
*                 1.25-1               0
GRID*                330               0  6.2166057337-1 7.83286749229-1*
*                 3.25+0               0
GRID*                331               0 6.08761429009-1 7.93353340291-1*
*              3.21875+0               0
GRID*                332               0 8.45935760258-1-5.33284810881-1*
*                3.125+0               0
GRID*                333               0 5.41891580575-1 8.40448401094-1*
*                 3.25+0               0
GRID*                334               0  5.2806785065-1 8.49202181527-1*
*              3.21875+0               0
GRID*                335               0 -5.5557023302-1-8.31469612303-1*
*                  0.0+0               0
GRID*                336               0 9.41544065183-1 3.36889853392-1*
*                  3.0+0               0
GRID*                337               0 9.46930129495-1 3.21439465303-1*
*              3.03125+0               0
GRID*                338               0 9.17494496447-1 3.97748474527-1*
*               3.0625+0               0
GRID*                339               0 8.22054945301-1-5.69408172497-1*
*              3.15625+0               0
GRID*                340               0 9.70031253195-1 2.42980179903-1*
*                  3.0+0               0
GRID*                341               0 9.73876979277-1 2.27076263034-1*
*              3.03125+0               0
GRID*                342               0 9.52062677714-1 3.05903020097-1*
*               3.0625+0               0
GRID*                343               0 8.65838015711-1-5.00324425298-1*
*               3.1875+0               0
GRID*                344               0 9.56940335732-1 2.90284677254-1*
*              3.09375+0               0
GRID*                345               0 9.30017223684-1 3.67515936595-1*
*                3.125+0               0
GRID*                346               0 9.23879532511-1 3.82683432365-1*
*              3.09375+0               0
GRID*                347               0 8.86686915145-1-4.62370321832-1*
*              3.15625+0               0
GRID*                348               0 8.89516075422-1  4.5690387563-1*
*                3.125+0               0
GRID*                349               0-6.75590207616-1 -7.3727733681-1*
*                 1.25-1               0
GRID*                350               0 9.89176509965-1 1.46730474455-1*
*                  3.0+0               0
GRID*                351               0 9.91444861374-1  1.3052619222-1*
*              3.03125+0               0
GRID*                352               0 9.77461974944-1 2.11111552359-1*
*               3.0625+0               0
GRID*                353               0 7.44602872292-1 -6.6750772473-1*
*              3.15625+0               0
GRID*                354               0 9.98795456205-1 4.90676743274-2*
*                  3.0+0               0
GRID*                355               0 9.99464587476-1 3.27190828218-2*
*              3.03125+0               0
GRID*                356               0 9.93447779019-1 1.14286964967-1*
*               3.0625+0               0
GRID*                357               0  7.9326751069-1-6.08873267999-1*
*               3.1875+0               0
GRID*                358               0 9.95184726672-1 9.80171403296-2*
*              3.09375+0               0
GRID*                359               0 9.83846005927-1 1.79016861277-1*
*                3.125+0               0
GRID*                360               0 9.80785280403-1 1.95090322016-1*
*              3.09375+0               0
GRID*                361               0-5.18773258161-1-8.54911870673-1*
*                  2.5-1               0
GRID*                362               0 9.61561797683-1 2.74588618185-1*
*                3.125+0               0
GRID*                363               0 7.58987281247-1-6.51105449912-1*
*              3.21875+0               0
GRID*                364               0 9.65925826289-1 2.58819045103-1*
*              3.15625+0               0
GRID*                365               0 9.41544065183-1 3.36889853392-1*
*               3.1875+0               0
GRID*                366               0 9.35905926757-1 3.52250047921-1*
*              3.15625+0               0
GRID*                367               0 8.09657687165-1 -5.8690240212-1*
*                 3.25+0               0
GRID*                368               0 9.86643332085-1 1.62895473395-1*
*              3.15625+0               0
GRID*                369               0 9.70031253195-1 2.42980179903-1*
*               3.1875+0               0
GRID*                370               0 8.40371998175-1-5.42010059578-1*
*              3.21875+0               0
GRID*                371               0 9.73876979277-1 2.27076263034-1*
*              3.21875+0               0
GRID*                372               0 9.52062677714-1 3.05903020097-1*
*                 3.25+0               0
GRID*                373               0 9.46930129495-1 3.21439465303-1*
*              3.21875+0               0
GRID*                374               0  5.5557023302-1-8.31469612303-1*
*                  0.0+0               0
GRID*                375               0 9.17494496447-1 3.97748474527-1*
*                 3.25+0               0
GRID*                376               0 9.10863824921-1 4.12707029804-1*
*              3.21875+0               0
GRID*                377               0 8.84479204384-1-4.66579614871-1*
*                 3.25+0               0
GRID*                378               0 8.96872741533-1 4.42288690219-1*
*              3.15625+0               0
GRID*                379               0     8.5772861-1 5.14102744193-1*
*               3.1875+0               0
GRID*                380               0 9.06209006123-1-4.22830033491-1*
*              3.21875+0               0
GRID*                381               0 9.03989293123-1  4.2755509343-1*
*               3.1875+0               0
GRID*                382               0 3.82683432365-1-9.23879532511-1*
*                 1.25-1               0
GRID*                383               0 8.74090341627-1 4.85763393716-1*
*                 3.25+0               0
GRID*                384               0 8.66025403784-1           5.0-1*
*              3.21875+0               0
GRID*                385               0 9.37678074533-1 -3.4750514894-1*
*              3.15625+0               0
GRID*                386               0  8.2226821899-1 5.69100145879-1*
*                 3.25+0               0
GRID*                387               0 9.65885584556-1-2.58969182618-1*
*               3.1875+0               0
GRID*                388               0-9.03989293123-1  4.2755509343-1*
*                  3.0+0               0
GRID*                389               0-8.96872741533-1 4.42288690219-1*
*              3.03125+0               0
GRID*                390               0-9.30017223684-1 3.67515936595-1*
*               3.0625+0               0
GRID*                391               0-9.35905926757-1 3.52250047921-1*
*              3.03125+0               0
GRID*                392               0 5.91309648364-1-8.06444604267-1*
*                  2.5-1               0
GRID*                393               0    -8.5772861-1 5.14102744193-1*
*                  3.0+0               0
GRID*                394               0-8.49202181527-1  5.2806785065-1*
*              3.03125+0               0
GRID*                395               0-8.89516075422-1  4.5690387563-1*
*               3.0625+0               0
GRID*                396               0 9.23730555077-1-3.83042897881-1*
*               3.1875+0               0
GRID*                397               0-8.81921264348-1 4.71396736826-1*
*              3.09375+0               0
GRID*                398               0-9.17494496447-1 3.97748474527-1*
*                3.125+0               0
GRID*                399               0-9.23879532511-1 3.82683432365-1*
*              3.09375+0               0
GRID*                400               0 1.95090322016-1-9.80785280403-1*
*                  0.0+0               0
GRID*                401               0-9.52062677714-1 3.05903020097-1*
*                3.125+0               0
GRID*                402               0-9.56940335732-1 2.90284677254-1*
*              3.09375+0               0
GRID*                403               0 9.41544065183-1-3.36889853392-1*
*                 3.25+0               0
GRID*                404               0-8.03207531481-1 5.95699304492-1*
*                  3.0+0               0
GRID*                405               0-7.93353340291-1 6.08761429009-1*
*              3.03125+0               0
GRID*                406               0-8.40448401094-1 5.41891580575-1*
*               3.0625+0               0
GRID*                407               0  9.5529690975-1-2.95648125686-1*
*              3.21875+0               0
GRID*                408               0-7.40951125355-1 6.71558954847-1*
*                  3.0+0               0
GRID*                409               0-7.29864072698-1 6.83592302023-1*
*              3.03125+0               0
GRID*                410               0-7.83286749229-1  6.2166057337-1*
*               3.0625+0               0
GRID*                411               0 1.95090322016-1-9.80785280403-1*
*                  2.5-1               0
GRID*                412               0-7.73010453363-1 6.34393284164-1*
*              3.09375+0               0
GRID*                413               0 -8.2226821899-1 5.69100145879-1*
*                3.125+0               0
GRID*                414               0-8.31469612303-1  5.5557023302-1*
*              3.09375+0               0
GRID*                415               0 9.79706644972-1-2.00436747622-1*
*                 3.25+0               0
GRID*                416               0-8.74090341627-1 4.85763393716-1*
*                3.125+0               0
GRID*                417               0-8.31469612303-1 -5.5557023302-1*
*                  0.0+0               0
GRID*                418               0-8.66025403784-1           5.0-1*
*              3.15625+0               0
GRID*                419               0-9.03989293123-1  4.2755509343-1*
*               3.1875+0               0
GRID*                420               0-9.10863824921-1 4.12707029804-1*
*              3.15625+0               0
GRID*                421               0-4.90676743274-2-9.98795456205-1*
*                  3.0+0               0
GRID*                422               0-8.12846684592-1 5.82477696868-1*
*              3.15625+0               0
GRID*                423               0    -8.5772861-1 5.14102744193-1*
*               3.1875+0               0
GRID*                424               0-9.80171403296-2-9.95184726672-1*
*              3.03125+0               0
GRID*                425               0-8.49202181527-1  5.2806785065-1*
*              3.21875+0               0
GRID*                426               0-8.89516075422-1  4.5690387563-1*
*                 3.25+0               0
GRID*                427               0-8.96872741533-1 4.42288690219-1*
*              3.21875+0               0
GRID*                428               0-4.90676743274-2-9.98795456205-1*
*               3.0625+0               0
GRID*                429               0-9.30017223684-1 3.67515936595-1*
*                 3.25+0               0
GRID*                430               0-9.35905926757-1 3.52250047921-1*
*              3.21875+0               0
GRID*                431               0-2.0101785904-17          -1.0+0*
*              3.03125+0               0
GRID*                432               0-9.46930129495-1 3.21439465303-1*
*              3.15625+0               0
GRID*                433               0-9.70031253195-1 2.42980179903-1*
*               3.1875+0               0
GRID*                434               0-9.73876979277-1 2.27076263034-1*
*              3.15625+0               0
GRID*                435               0-8.66025403784-1          -5.0-1*
*                 1.25-1               0
GRID*                436               0-9.41544065183-1 3.36889853392-1*
*               3.1875+0               0
GRID*                437               0-1.46730474455-1-9.89176509965-1*
*                  3.0+0               0
GRID*                438               0-9.61561797683-1 2.74588618185-1*
*                 3.25+0               0
GRID*                439               0-9.65925826289-1 2.58819045103-1*
*              3.21875+0               0
GRID*                440               0-1.95090322016-1-9.80785280403-1*
*              3.03125+0               0
GRID*                441               0-9.83846005927-1 1.79016861277-1*
*                 3.25+0               0
GRID*                442               0-9.86643332085-1 1.62895473395-1*
*              3.21875+0               0
GRID*                443               0-1.46730474455-1-9.89176509965-1*
*               3.0625+0               0
GRID*                444               0-9.98795456205-1 4.90676743274-2*
*                  3.0+0               0
GRID*                445               0-9.97858923239-1 6.54031292301-2*
*              3.03125+0               0
GRID*                446               0 -9.9986613791-1-1.63617316265-2*
*               3.0625+0               0
GRID*                447               0-9.99464587476-1-3.27190828218-2*
*              3.03125+0               0
GRID*                448               0 -7.2236396206-1-6.91513055782-1*
*                  2.5-1               0
GRID*                449               0-9.89176509965-1 1.46730474455-1*
*                  3.0+0               0
GRID*                450               0-9.86643332085-1 1.62895473395-1*
*              3.03125+0               0
GRID*                451               0-9.96655239309-1 8.17210741337-2*
*               3.0625+0               0
GRID*                452               0-1.95090322016-1-9.80785280403-1*
*              3.09375+0               0
GRID*                453               0-9.95184726672-1 9.80171403296-2*
*              3.09375+0               0
GRID*                454               0 -9.9986613791-1 1.63617316265-2*
*                3.125+0               0
GRID*                455               0          -1.0+0           0.0+0*
*              3.09375+0               0
GRID*                456               0-1.46730474455-1-9.89176509965-1*
*                3.125+0               0
GRID*                457               0-9.96655239309-1-8.17210741337-2*
*                3.125+0               0
GRID*                458               0-9.95184726672-1-9.80171403296-2*
*              3.09375+0               0
GRID*                459               0-9.80171403296-2-9.95184726672-1*
*              3.09375+0               0
GRID*                460               0-9.70031253195-1 2.42980179903-1*
*                  3.0+0               0
GRID*                461               0-9.65925826289-1 2.58819045103-1*
*              3.03125+0               0
GRID*                462               0-9.83846005927-1 1.79016861277-1*
*               3.0625+0               0
GRID*                463               0-9.80785280403-1-1.95090322016-1*
*                  0.0+0               0
GRID*                464               0-9.41544065183-1 3.36889853392-1*
*                  3.0+0               0
GRID*                465               0-9.61561797683-1 2.74588618185-1*
*               3.0625+0               0
GRID*                466               0-4.90676743274-2-9.98795456205-1*
*                3.125+0               0
GRID*                467               0-9.77461974944-1 2.11111552359-1*
*                3.125+0               0
GRID*                468               0-9.80785280403-1 1.95090322016-1*
*              3.09375+0               0
GRID*                469               0-6.0305357713-17          -1.0+0*
*              3.09375+0               0
GRID*                470               0-9.93447779019-1 1.14286964967-1*
*                3.125+0               0
GRID*                471               0-9.91444861374-1 -1.3052619222-1*
*                 1.25-1               0
GRID*                472               0-9.91444861374-1  1.3052619222-1*
*              3.15625+0               0
GRID*                473               0-9.98795456205-1 4.90676743274-2*
*               3.1875+0               0
GRID*                474               0-9.99464587476-1 3.27190828218-2*
*              3.15625+0               0
GRID*                475               0-2.42980179903-1-9.70031253195-1*
*                  3.0+0               0
GRID*                476               0-9.89176509965-1 1.46730474455-1*
*               3.1875+0               0
GRID*                477               0-2.90284677254-1-9.56940335732-1*
*              3.03125+0               0
GRID*                478               0-9.96655239309-1 8.17210741337-2*
*                 3.25+0               0
GRID*                479               0-9.97858923239-1 6.54031292301-2*
*              3.21875+0               0
GRID*                480               0-2.42980179903-1-9.70031253195-1*
*               3.0625+0               0
GRID*                481               0-8.76678986352-1-4.81075830706-1*
*               3.0625+0               0
GRID*                482               0 -9.9986613791-1-1.63617316265-2*
*                 3.25+0               0
GRID*                483               0-8.81921264348-1-4.71396736826-1*
*              3.09375+0               0
GRID*                484               0-8.46231096177-1 -5.3281603942-1*
*                3.125+0               0
GRID*                485               0-8.40314914097-1-5.42098556672-1*
*              3.09375+0               0
GRID*                486               0-9.99464587476-1-3.27190828218-2*
*              3.21875+0               0
GRID*                487               0-8.02944781659-1-5.96053418417-1*
*                3.125+0               0
GRID*                488               0-8.96872741533-1-4.42288690219-1*
*                  2.5-1               0
GRID*                489               0-8.09516663239-1 -5.8709690166-1*
*              3.15625+0               0
GRID*                490               0-7.72858021032-1-6.34578978006-1*
*               3.1875+0               0
GRID*                491               0 -7.6576093347-1-6.43125332086-1*
*              3.15625+0               0
GRID*                492               0-9.97858923239-1-6.54031292301-2*
*              3.15625+0               0
GRID*                493               0-8.49202181527-1 -5.2806785065-1*
*              3.15625+0               0
GRID*                494               0-8.12792357416-1-5.82553502888-1*
*               3.1875+0               0
GRID*                495               0-9.89176509965-1-1.46730474455-1*
*               3.1875+0               0
GRID*                496               0-8.12846684592-1-5.82477696868-1*
*              3.21875+0               0
GRID*                497               0-7.76459017171-1-6.30167751201-1*
*                 3.25+0               0
GRID*                498               0-7.76400242434-1-6.30240163389-1*
*              3.21875+0               0
GRID*                499               0-9.86643332085-1-1.62895473395-1*
*              3.15625+0               0
GRID*                500               0-7.40951125355-1-6.71558954847-1*
*                 3.25+0               0
GRID*                501               0 -7.3717802905-1-6.75698567029-1*
*              3.21875+0               0
GRID*                502               0-3.36889853392-1-9.41544065183-1*
*                  3.0+0               0
GRID*                503               0-7.18420296629-1-6.95609285009-1*
*              3.15625+0               0
GRID*                504               0-6.83530291075-1-7.29922147344-1*
*               3.1875+0               0
GRID*                505               0-9.98795456205-1-4.90676743274-2*
*               3.1875+0               0
GRID*                506               0-7.29705499825-1-6.83761569208-1*
*               3.1875+0               0
GRID*                507               0-3.82683432365-1-9.23879532511-1*
*              3.03125+0               0
GRID*                508               0-7.03239613683-1-7.10952913875-1*
*                 3.25+0               0
GRID*                509               0-6.95381582565-1-7.18640699258-1*
*              3.21875+0               0
GRID*                510               0-9.93447779019-1-1.14286964967-1*
*                 3.25+0               0
GRID*                511               0-6.63436637779-1-7.48232468991-1*
*                 3.25+0               0
GRID*                512               0-9.91444861374-1 -1.3052619222-1*
*              3.21875+0               0
GRID*                513               0-9.41544065183-1-3.36889853392-1*
*                  3.0+0               0
GRID*                514               0-9.46930129495-1-3.21439465303-1*
*              3.03125+0               0
GRID*                515               0-9.17494496447-1-3.97748474527-1*
*               3.0625+0               0
GRID*                516               0-3.36889853392-1-9.41544065183-1*
*               3.0625+0               0
GRID*                517               0-9.70031253195-1-2.42980179903-1*
*                  3.0+0               0
GRID*                518               0-9.73876979277-1-2.27076263034-1*
*              3.03125+0               0
GRID*                519               0-9.52062677714-1-3.05903020097-1*
*               3.0625+0               0
GRID*                520               0-9.77461974944-1-2.11111552359-1*
*                 3.25+0               0
GRID*                521               0-9.56940335732-1-2.90284677254-1*
*              3.09375+0               0
GRID*                522               0-9.30017223684-1-3.67515936595-1*
*                3.125+0               0
GRID*                523               0-9.23879532511-1-3.82683432365-1*
*              3.09375+0               0
GRID*                524               0-9.73876979277-1-2.27076263034-1*
*              3.21875+0               0
GRID*                525               0-8.89516075422-1 -4.5690387563-1*
*                3.125+0               0
GRID*                526               0 8.31469612303-1  5.5557023302-1*
*                  0.0+0               0
GRID*                527               0-9.89176509965-1-1.46730474455-1*
*                  3.0+0               0
GRID*                528               0-9.91444861374-1 -1.3052619222-1*
*              3.03125+0               0
GRID*                529               0-9.77461974944-1-2.11111552359-1*
*               3.0625+0               0
GRID*                530               0 4.90676743274-2 9.98795456205-1*
*                  3.0+0               0
GRID*                531               0-9.98795456205-1-4.90676743274-2*
*                  3.0+0               0
GRID*                532               0-9.93447779019-1-1.14286964967-1*
*               3.0625+0               0
GRID*                533               0 9.52910005197-2 9.95449458898-1*
*              3.03125+0               0
GRID*                534               0-9.83846005927-1-1.79016861277-1*
*                3.125+0               0
GRID*                535               0-9.80785280403-1-1.95090322016-1*
*              3.09375+0               0
GRID*                536               0 4.63318284778-2 9.98926104209-1*
*               3.0625+0               0
GRID*                537               0-9.61561797683-1-2.74588618185-1*
*                3.125+0               0
GRID*                538               0-2.0101785904-17           1.0+0*
*              3.03125+0               0
GRID*                539               0-9.65925826289-1-2.58819045103-1*
*              3.15625+0               0
GRID*                540               0-9.41544065183-1-3.36889853392-1*
*               3.1875+0               0
GRID*                541               0-9.35905926757-1-3.52250047921-1*
*              3.15625+0               0
GRID*                542               0-3.82683432365-1-9.23879532511-1*
*              3.09375+0               0
GRID*                543               0-9.70031253195-1-2.42980179903-1*
*               3.1875+0               0
GRID*                544               0 1.46730474455-1 9.89176509965-1*
*                  3.0+0               0
GRID*                545               0-9.52062677714-1-3.05903020097-1*
*                 3.25+0               0
GRID*                546               0-9.46930129495-1-3.21439465303-1*
*              3.21875+0               0
GRID*                547               0 1.89717486114-1 9.81838721717-1*
*              3.03125+0               0
GRID*                548               0-9.17494496447-1-3.97748474527-1*
*                 3.25+0               0
GRID*                549               0-9.10863824921-1-4.12707029804-1*
*              3.21875+0               0
GRID*                550               0 1.38600414736-1 9.90348385688-1*
*               3.0625+0               0
GRID*                551               0-8.96872741533-1-4.42288690219-1*
*              3.15625+0               0
GRID*                552               0    -8.5772861-1-5.14102744193-1*
*               3.1875+0               0
GRID*                553               0-3.36889853392-1-9.41544065183-1*
*                3.125+0               0
GRID*                554               0-9.03989293123-1 -4.2755509343-1*
*               3.1875+0               0
GRID*                555               0 1.78954913998-1 9.83857275602-1*
*              3.09375+0               0
GRID*                556               0-8.74090341627-1-4.85763393716-1*
*                 3.25+0               0
GRID*                557               0-8.66025403784-1          -5.0-1*
*              3.21875+0               0
GRID*                558               0 1.30463766583-1 9.91453077865-1*
*                3.125+0               0
GRID*                559               0 -8.2226821899-1-5.69100145879-1*
*                 3.25+0               0
GRID*                560               0 8.98393724071-2 9.95956267697-1*
*              3.09375+0               0
GRID*                561               0-2.90284677254-1-9.56940335732-1*
*              3.09375+0               0
GRID*                562               0 4.35984193169-2 9.99049136846-1*
*                3.125+0               0
GRID*                563               0-6.0305357713-17           1.0+0*
*              3.09375+0               0
GRID*                564               0 8.66025403784-1           5.0-1*
*                 1.25-1               0
GRID*                565               0 2.42980179903-1 9.70031253195-1*
*                  3.0+0               0
GRID*                566               0 2.82432061958-1 9.59287303355-1*
*              3.03125+0               0
GRID*                567               0 2.29696583471-1 9.73262287126-1*
*               3.0625+0               0
GRID*                568               0-2.42980179903-1-9.70031253195-1*
*                3.125+0               0
GRID*                569               0 3.36889853392-1 9.41544065183-1*
*                  3.0+0               0
GRID*                570               0 3.72582902144-1 9.27998912192-1*
*              3.03125+0               0
GRID*                571               0 3.18842051772-1 9.47807863452-1*
*               3.0625+0               0
GRID*                572               0   6.593458151-1 7.51839807479-1*
*                  2.5-1               0
GRID*                573               0 3.52250047921-1 9.35905926757-1*
*              3.09375+0               0
GRID*                574               0 3.00685782813-1 9.53723261756-1*
*                3.125+0               0
GRID*                575               0 2.66678425714-1 9.63785566015-1*
*              3.09375+0               0
GRID*                576               0-2.90284677254-1-9.56940335732-1*
*              3.15625+0               0
GRID*                577               0 2.16378141964-1 9.76309633098-1*
*                3.125+0               0
GRID*                578               0-2.42980179903-1-9.70031253195-1*
*               3.1875+0               0
GRID*                579               0  2.5087398225-1 9.68019754463-1*
*              3.15625+0               0
GRID*                580               0 2.03073315496-1 9.79163535133-1*
*               3.1875+0               0
GRID*                581               0 1.68212261896-1 9.85750797589-1*
*              3.15625+0               0
GRID*                582               0-1.95090322016-1-9.80785280403-1*
*              3.15625+0               0
GRID*                583               0 3.31749541753-1  9.4336750079-1*
*              3.15625+0               0
GRID*                584               0 2.82432513292-1 9.59287170474-1*
*               3.1875+0               0
GRID*                585               0 6.08761429009-1 7.93353340291-1*
*                 1.25-1               0
GRID*                586               0 3.11091140771-1 9.50380082985-1*
*              3.21875+0               0
GRID*                587               0 2.64083477469-1 9.64499827334-1*
*                 3.25+0               0
GRID*                588               0 2.35022320494-1 9.71989973647-1*
*              3.21875+0               0
GRID*                589               0-3.82683432365-1-9.23879532511-1*
*              3.15625+0               0
GRID*                590               0 1.89738092917-1 9.81834739707-1*
*                 3.25+0               0
GRID*                591               0 1.57491046542-1  9.8752041511-1*
*              3.21875+0               0
GRID*                592               0-3.36889853392-1-9.41544065183-1*
*               3.1875+0               0
GRID*                593               0 8.44061471761-2 9.96431433827-1*
*              3.15625+0               0
GRID*                594               0 4.08830530082-2 9.99163938489-1*
*               3.1875+0               0
GRID*                595               0-1.0050892952-16           1.0+0*
*              3.15625+0               0
GRID*                596               0 9.80785280403-1 1.95090322016-1*
*                  0.0+0               0
GRID*                597               0 1.22378229036-1 9.92483535913-1*
*               3.1875+0               0
GRID*                598               0-3.82683432365-1-9.23879532511-1*
*              3.21875+0               0
GRID*                599               0 1.14286964967-1 9.93447779019-1*
*                 3.25+0               0
GRID*                600               0 7.89911507237-2 9.96875317232-1*
*              3.21875+0               0
GRID*                601               0-3.36889853392-1-9.41544065183-1*
*                 3.25+0               0
GRID*                602               0 3.81698028259-2 9.99271267551-1*
*                 3.25+0               0
GRID*                603               0-1.4071250133-16           1.0+0*
*              3.21875+0               0
GRID*                604               0-2.90284677254-1-9.56940335732-1*
*              3.21875+0               0
GRID*                605               0  4.2755509343-1 9.03989293123-1*
*                  3.0+0               0
GRID*                606               0 4.56824379836-1   8.895569043-1*
*              3.03125+0               0
GRID*                607               0 4.02664889006-1 9.15347467993-1*
*               3.0625+0               0
GRID*                608               0 8.96872741533-1 4.42288690219-1*
*                  2.5-1               0
GRID*                609               0 5.14102744193-1     8.5772861-1*
*                  3.0+0               0
GRID*                610               0 5.37175638937-1  8.4347041023-1*
*              3.03125+0               0
GRID*                611               0 4.80781541162-1  8.7684041289-1*
*               3.0625+0               0
GRID*                612               0-2.42980179903-1-9.70031253195-1*
*                 3.25+0               0
GRID*                613               0 4.99618080211-1 8.66245793021-1*
*              3.09375+0               0
GRID*                614               0 4.46779322286-1 8.94644195855-1*
*                3.125+0               0
GRID*                615               0 4.27341423666-1 9.04090320498-1*
*              3.09375+0               0
GRID*                616               0-1.95090322016-1-9.80785280403-1*
*              3.21875+0               0
GRID*                617               0  3.7750268143-1 9.26008491059-1*
*                3.125+0               0
GRID*                618               0-8.31469612303-1  5.5557023302-1*
*                  0.0+0               0
GRID*                619               0 5.95699304492-1 8.03207531481-1*
*                  3.0+0               0
GRID*                620               0 6.13000967334-1 7.90082156518-1*
*              3.03125+0               0
GRID*                621               0 5.55365435008-1 8.31606417483-1*
*               3.0625+0               0
GRID*                622               0-9.80171403296-2-9.95184726672-1*
*              3.15625+0               0
GRID*                623               0 6.71558954847-1 7.40951125355-1*
*                  3.0+0               0
GRID*                624               0 6.25846021951-1 7.79946637155-1*
*               3.0625+0               0
GRID*                625               0-4.90676743274-2-9.98795456205-1*
*               3.1875+0               0
GRID*                626               0 5.77915718748-1 8.16096453873-1*
*                3.125+0               0
GRID*                627               0 5.68897613651-1 8.22408356707-1*
*              3.09375+0               0
GRID*                628               0-1.0050892952-16          -1.0+0*
*              3.15625+0               0
GRID*                629               0 5.13724481479-1 8.57955218604-1*
*                3.125+0               0
GRID*                630               0-7.93353340291-1 6.08761429009-1*
*                 1.25-1               0
GRID*                631               0 5.23223618935-1 8.52195426289-1*
*              3.15625+0               0
GRID*                632               0 4.71184845758-1 8.82034489761-1*
*               3.1875+0               0
GRID*                633               0 4.61357443706-1 8.87214353546-1*
*              3.15625+0               0
GRID*                634               0-1.46730474455-1-9.89176509965-1*
*               3.1875+0               0
GRID*                635               0 5.27988649177-1 8.49251427047-1*
*               3.1875+0               0
GRID*                636               0-9.46930129495-1 3.21439465303-1*
*                  2.5-1               0
GRID*                637               0 4.76199835803-1 8.79337089165-1*
*                 3.25+0               0
GRID*                638               0 4.76117824081-1 8.79381497185-1*
*              3.21875+0               0
GRID*                639               0-1.46730474455-1-9.89176509965-1*
*                 3.25+0               0
GRID*                640               0  4.2755509343-1 9.03989293123-1*
*                 3.25+0               0
GRID*                641               0 4.22485045982-1 9.06369894647-1*
*              3.21875+0               0
GRID*                642               0-9.80171403296-2-9.95184726672-1*
*              3.21875+0               0
GRID*                643               0 3.97535659024-1  9.1758672604-1*
*              3.15625+0               0
GRID*                644               0 3.52170533071-1 9.35935850172-1*
*               3.1875+0               0
GRID*                645               0-9.65925826289-1 2.58819045103-1*
*                 1.25-1               0
GRID*                646               0 4.12495751825-1 9.10959524197-1*
*               3.1875+0               0
GRID*                647               0-4.90676743274-2-9.98795456205-1*
*                 3.25+0               0
GRID*                648               0 3.77638784201-1 9.25952994847-1*
*                 3.25+0               0
GRID*                649               0 3.67436921988-1 9.30048444093-1*
*              3.21875+0               0
GRID*                650               0-1.4071250133-16          -1.0+0*
*              3.21875+0               0
GRID*                651               0 3.26599361322-1 9.45162873363-1*
*                 3.25+0               0
GRID*                652               0-9.80785280403-1 1.95090322016-1*
*                  0.0+0               0
GRID*                653               0-6.71558954847-1 7.40951125355-1*
*                  3.0+0               0
GRID*                654               0-6.55121997927-1 7.55523108734-1*
*              3.03125+0               0
GRID*                655               0  -7.146729316-1  6.9945879138-1*
*               3.0625+0               0
GRID*                656               0 -4.2755509343-1-9.03989293123-1*
*                  3.0+0               0
GRID*                657               0-5.95699304492-1 8.03207531481-1*
*                  3.0+0               0
GRID*                658               0-5.73385003695-1 8.19286053548-1*
*              3.03125+0               0
GRID*                659               0-6.34096590376-1 7.73253848405-1*
*               3.0625+0               0
GRID*                660               0 -4.6897942069-1-8.83209093573-1*
*              3.03125+0               0
GRID*                661               0-6.08205114166-1 7.93779905958-1*
*              3.09375+0               0
GRID*                662               0-6.71039360149-1 7.41421726908-1*
*                3.125+0               0
GRID*                663               0-6.95166824096-1 7.18848444859-1*
*              3.09375+0               0
GRID*                664               0-4.25077498272-1 -9.0515695902-1*
*               3.0625+0               0
GRID*                665               0 -7.5527164638-1 6.55411885896-1*
*                3.125+0               0
GRID*                666               0-9.97858923239-1-6.54031292301-2*
*                  2.5-1               0
GRID*                667               0-5.14102744193-1     8.5772861-1*
*                  3.0+0               0
GRID*                668               0-4.85644690365-1 8.74156298794-1*
*              3.03125+0               0
GRID*                669               0-5.46157968222-1 8.37682203313-1*
*               3.0625+0               0
GRID*                670               0-5.14102744193-1    -8.5772861-1*
*                  3.0+0               0
GRID*                671               0 -4.2755509343-1 9.03989293123-1*
*                  3.0+0               0
GRID*                672               0-3.92738427085-1 9.19650220405-1*
*              3.03125+0               0
GRID*                673               0-4.51924411756-1 8.92056234808-1*
*               3.0625+0               0
GRID*                674               0-5.51009514435-1-8.34498960456-1*
*              3.03125+0               0
GRID*                675               0-4.12707029804-1 9.10863824921-1*
*              3.09375+0               0
GRID*                676               0-4.75994341944-1 8.79448342108-1*
*                3.125+0               0
GRID*                677               0-5.13785800657-1 8.57918499068-1*
*              3.09375+0               0
GRID*                678               0-5.07040005845-1-8.61922521154-1*
*               3.0625+0               0
GRID*                679               0-5.77463472866-1 8.16416522068-1*
*                3.125+0               0
GRID*                680               0 1.95090322016-1 9.80785280403-1*
*                  0.0+0               0
GRID*                681               0-5.41576664695-1 8.40651364275-1*
*              3.15625+0               0
GRID*                682               0-6.08464152816-1 7.93581359873-1*
*               3.1875+0               0
GRID*                683               0-6.42250430865-1 7.66494868902-1*
*              3.15625+0               0
GRID*                684               0 -5.4183866147-1-8.40482519114-1*
*              3.09375+0               0
GRID*                685               0 -4.3247920633-1 9.01643907589-1*
*              3.15625+0               0
GRID*                686               0-4.99877904859-1 8.66095883972-1*
*               3.1875+0               0
GRID*                687               0-4.99945470547-1 -8.6605688409-1*
*                3.125+0               0
GRID*                688               0-4.52045546177-1 8.91994856589-1*
*              3.21875+0               0
GRID*                689               0-5.23428339806-1 8.52069699666-1*
*                 3.25+0               0
GRID*                690               0-5.68984218834-1 8.22348441184-1*
*              3.21875+0               0
GRID*                691               0-4.64136720389-1-8.85763571608-1*
*              3.09375+0               0
GRID*                692               0-6.38599945372-1 7.69538894255-1*
*                 3.25+0               0
GRID*                693               0-6.75417904411-1 7.37435186577-1*
*              3.21875+0               0
GRID*                694               0 3.42020143326-1 9.39692620786-1*
*                 1.25-1               0
GRID*                695               0-7.33317117985-1 6.79886758564-1*
*              3.15625+0               0
GRID*                696               0-7.93258706638-1 6.08884738142-1*
*               3.1875+0               0
GRID*                697               0-4.22599240046-1-9.06316656755-1*
*                3.125+0               0
GRID*                698               0-7.06831582487-1 7.07381872823-1*
*               3.1875+0               0
GRID*                699               0  1.5212338619-1 9.88361510468-1*
*                  2.5-1               0
GRID*                700               0-7.40951125355-1 6.71558954847-1*
*                 3.25+0               0
GRID*                701               0-7.69439622879-1 6.38719552498-1*
*              3.21875+0               0
GRID*                702               0-5.95699304492-1-8.03207531481-1*
*                  3.0+0               0
GRID*                703               0-8.28427094603-1   5.600969103-1*
*                 3.25+0               0
GRID*                704               0 -6.2803655924-1-7.78183834488-1*
*              3.03125+0               0
GRID*                705               0-3.36889853392-1 9.41544065183-1*
*                  3.0+0               0
GRID*                706               0-2.98086785284-1 9.54538772622-1*
*              3.03125+0               0
GRID*                707               0-3.54784332381-1 9.34948168348-1*
*               3.0625+0               0
GRID*                708               0-5.84663324785-1-8.11276029876-1*
*               3.0625+0               0
GRID*                709               0-2.42980179903-1 9.70031253195-1*
*                  3.0+0               0
GRID*                710               0-2.00410894973-1 9.79711933772-1*
*              3.03125+0               0
GRID*                711               0-2.56141168567-1 9.66639385586-1*
*               3.0625+0               0
GRID*                712               0-8.0407143617-17           1.0+0*
*                 1.25-1               0
GRID*                713               0-2.11034171657-1 9.77478684368-1*
*              3.09375+0               0
GRID*                714               0-2.69263814367-1 9.63066455792-1*
*                3.125+0               0
GRID*                715               0-3.13639733504-1 9.49542056766-1*
*              3.09375+0               0
GRID*                716               0-6.71558954847-1-7.40951125355-1*
*                  3.0+0               0
GRID*                717               0-3.72558413903-1 9.28008743617-1*
*                3.125+0               0
GRID*                718               0-6.99351526403-1-7.14777897334-1*
*              3.03125+0               0
GRID*                719               0-1.46730474455-1 9.89176509965-1*
*                  3.0+0               0
GRID*                720               0-1.00716067061-1  9.9491520937-1*
*              3.03125+0               0
GRID*                721               0-1.54777536925-1 9.87949347924-1*
*               3.0625+0               0
GRID*                722               0-6.57282012145-1-7.53644715042-1*
*               3.0625+0               0
GRID*                723               0-4.90676743274-2 9.98795456205-1*
*                  3.0+0               0
GRID*                724               0 -5.1776574671-2 9.98658693606-1*
*               3.0625+0               0
GRID*                725               0  5.5557023302-1 8.31469612303-1*
*                  0.0+0               0
GRID*                726               0-5.44881527765-2 9.98514417125-1*
*                3.125+0               0
GRID*                727               0-1.06114723747-1 9.94353893442-1*
*              3.09375+0               0
GRID*                728               0-6.83592302023-1-7.29864072698-1*
*              3.09375+0               0
GRID*                729               0-1.62817366008-1 9.86656224491-1*
*                3.125+0               0
GRID*                730               0-6.42771531793-1-7.66057933786-1*
*                3.125+0               0
GRID*                731               0  -1.115362832-1 9.93760362225-1*
*              3.15625+0               0
GRID*                732               0-1.70921187329-1 9.85284703891-1*
*               3.1875+0               0
GRID*                733               0-2.21684043102-1 9.75118549221-1*
*              3.15625+0               0
GRID*                734               0-6.15203507746-1-7.88368342881-1*
*              3.09375+0               0
GRID*                735               0-5.72224203678-2 9.98361454889-1*
*               3.1875+0               0
GRID*                736               0 4.02746689859-1 9.15311479119-1*
*                  2.5-1               0
GRID*                737               0-5.99597072664-2 9.98200798189-1*
*                 3.25+0               0
GRID*                738               0-1.16980926267-1 9.93134161576-1*
*              3.21875+0               0
GRID*                739               0-5.73524858089-1-8.19188157357-1*
*                3.125+0               0
GRID*                740               0-1.79016861277-1 9.83846005927-1*
*                 3.25+0               0
GRID*                741               0-2.32358868373-1 9.72630123062-1*
*              3.21875+0               0
GRID*                742               0 -5.5557023302-1 8.31469612303-1*
*                  0.0+0               0
GRID*                743               0-3.29133465922-1 9.44283411699-1*
*              3.15625+0               0
GRID*                744               0-3.90212152214-1 9.20724973195-1*
*               3.1875+0               0
GRID*                745               0-6.02222459675-1-7.98328321596-1*
*              3.15625+0               0
GRID*                746               0 -2.8240321933-1 9.59295794691-1*
*               3.1875+0               0
GRID*                747               0-5.62324942258-1-8.26916355694-1*
*               3.1875+0               0
GRID*                748               0  -2.954996336-1 9.55342852877-1*
*                 3.25+0               0
GRID*                749               0-3.44564291458-1 9.38762722445-1*
*              3.21875+0               0
GRID*                750               0-5.32638364561-1-8.46342940301-1*
*              3.15625+0               0
GRID*                751               0-4.07732924394-1 9.13101233361-1*
*                 3.25+0               0
GRID*                752               0-4.22618261741-1 9.06307787037-1*
*                 1.25-1               0
GRID*                753               0 9.98795456205-1-4.90676743274-2*
*                  3.0+0               0
GRID*                754               0 9.97858923239-1-6.54031292301-2*
*              3.03125+0               0
GRID*                755               0  9.9986613791-1 1.63617316265-2*
*               3.0625+0               0
GRID*                756               0 -6.6750772473-1-7.44602872292-1*
*              3.15625+0               0
GRID*                757               0 9.89176509965-1-1.46730474455-1*
*                  3.0+0               0
GRID*                758               0 9.86643332085-1-1.62895473395-1*
*              3.03125+0               0
GRID*                759               0 9.96655239309-1-8.17210741337-2*
*               3.0625+0               0
GRID*                760               0-6.28036925367-1-7.78183539003-1*
*               3.1875+0               0
GRID*                761               0 9.95184726672-1-9.80171403296-2*
*              3.09375+0               0
GRID*                762               0  9.9986613791-1-1.63617316265-2*
*                3.125+0               0
GRID*                763               0           1.0+0           0.0+0*
*              3.09375+0               0
GRID*                764               0-6.91513055782-1  7.2236396206-1*
*                  2.5-1               0
GRID*                765               0 9.96655239309-1 8.17210741337-2*
*                3.125+0               0
GRID*                766               0-6.51105449912-1-7.58987281247-1*
*              3.21875+0               0
GRID*                767               0 9.70031253195-1-2.42980179903-1*
*                  3.0+0               0
GRID*                768               0 9.65925826289-1-2.58819045103-1*
*              3.03125+0               0
GRID*                769               0 9.83846005927-1-1.79016861277-1*
*               3.0625+0               0
GRID*                770               0-6.13079424148-1-7.90021277996-1*
*                 3.25+0               0
GRID*                771               0 9.41544065183-1-3.36889853392-1*
*                  3.0+0               0
GRID*                772               0 9.35905926757-1-3.52250047921-1*
*              3.03125+0               0
GRID*                773               0 9.61561797683-1-2.74588618185-1*
*               3.0625+0               0
GRID*                774               0-5.89096770927-1-8.08062494169-1*
*              3.21875+0               0
GRID*                775               0 9.56940335732-1-2.90284677254-1*
*              3.09375+0               0
GRID*                776               0 9.77461974944-1-2.11111552359-1*
*                3.125+0               0
GRID*                777               0 9.80785280403-1-1.95090322016-1*
*              3.09375+0               0
GRID*                778               0-1.95090322016-1 9.80785280403-1*
*                  0.0+0               0
GRID*                779               0 9.93447779019-1-1.14286964967-1*
*                3.125+0               0
GRID*                780               0-5.51027028791-1-8.34487395676-1*
*                 3.25+0               0
GRID*                781               0 9.91444861374-1 -1.3052619222-1*
*              3.15625+0               0
GRID*                782               0 9.98795456205-1-4.90676743274-2*
*               3.1875+0               0
GRID*                783               0 9.99464587476-1-3.27190828218-2*
*              3.15625+0               0
GRID*                784               0-5.23410456439-1  -8.520806852-1*
*              3.21875+0               0
GRID*                785               0 9.73876979277-1-2.27076263034-1*
*              3.15625+0               0
GRID*                786               0 9.89176509965-1-1.46730474455-1*
*               3.1875+0               0
GRID*                787               0-2.37685892326-1 9.71342069813-1*
*                  2.5-1               0
GRID*                788               0 9.86643332085-1-1.62895473395-1*
*              3.21875+0               0
GRID*                789               0 9.96655239309-1-8.17210741337-2*
*                 3.25+0               0
GRID*                790               0 9.97858923239-1-6.54031292301-2*
*              3.21875+0               0
GRID*                791               0-4.59298913008-1 -8.8828177315-1*
*              3.15625+0               0
GRID*                792               0  9.9986613791-1 1.63617316265-2*
*                 3.25+0               0
GRID*                793               0 9.99464587476-1 3.27190828218-2*
*              3.21875+0               0
GRID*                794               0-4.20134501377-1-9.07461845343-1*
*               3.1875+0               0
GRID*                795               0 9.97858923239-1 6.54031292301-2*
*              3.15625+0               0
GRID*                796               0 9.89176509965-1 1.46730474455-1*
*               3.1875+0               0
GRID*                797               0 9.80785280403-1-1.95090322016-1*
*                  0.0+0               0
GRID*                798               0 9.98795456205-1 4.90676743274-2*
*               3.1875+0               0
GRID*                799               0 9.65925826289-1-2.58819045103-1*
*                 1.25-1               0
GRID*                800               0 9.93447779019-1 1.14286964967-1*
*                 3.25+0               0
GRID*                801               0 9.91444861374-1  1.3052619222-1*
*              3.21875+0               0
GRID*                802               0 9.97858923239-1 6.54031292301-2*
*                  2.5-1               0
GRID*                803               0 9.77461974944-1 2.11111552359-1*
*                 3.25+0               0
GRID*                804               0 9.91444861374-1  1.3052619222-1*
*                 1.25-1               0
GRID*                805               0 9.03989293123-1 -4.2755509343-1*
*                  3.0+0               0
GRID*                806               0 8.94379981665-1-4.47308001714-1*
*              3.03125+0               0
GRID*                807               0 9.27942985028-1-3.72722170708-1*
*               3.0625+0               0
GRID*                808               0 8.31469612303-1 -5.5557023302-1*
*                  0.0+0               0
GRID*                809               0     8.5772861-1-5.14102744193-1*
*                  3.0+0               0
GRID*                810               0 8.43265868223-1-5.37496674864-1*
*              3.03125+0               0
GRID*                811               0 8.81740298281-1-4.71735144321-1*
*               3.0625+0               0
GRID*                812               0  7.3727733681-1-6.75590207616-1*
*                 1.25-1               0
GRID*                813               0 8.65674675501-1-5.00606987762-1*
*              3.09375+0               0
GRID*                814               0 9.03689341634-1-4.28188712856-1*
*                3.125+0               0
GRID*                815               0 9.17341790692-1-3.98100538871-1*
*              3.09375+0               0
GRID*                816               0 9.15311479119-1-4.02746689859-1*
*                  2.5-1               0
GRID*                817               0 7.07106781187-1-7.07106781187-1*
*                  3.0+0               0
GRID         818       0   0.0+0   1.0+0   3.0+0       0
GRID         819       0  -1.0+0   0.0+0   3.0+0       0
GRID*                820               0-4.61748613235-1 8.87010833178-1*
*                 3.25+0               0
GRID*                821               0-9.23879532511-1-3.82683432365-1*
*                  3.0+0               0
GRID*                822               0-7.07106781187-1 7.07106781187-1*
*                  3.0+0               0
GRID         823       0   0.0+0  -1.0+0   3.0+0       0
GRID*                824               0 9.91444861374-1 -1.3052619222-1*
*                 3.25+0               0
GRID*                825               0-7.07106781187-1-7.07106781187-1*
*                  3.0+0               0
GRID*                826               0-6.42787609687-1-7.66044443119-1*
*                 3.25+0               0
GRID*                827               0-7.93353340291-1-6.08761429009-1*
*                 3.25+0               0
GRID*                828               0-3.82683432365-1-9.23879532511-1*
*                  3.0+0               0
GRID         829       0   1.0+0   0.0+0   3.0+0       0
GRID*                830               0 3.82683432365-1-9.23879532511-1*
*                  3.0+0               0
GRID*                831               0 7.07106781187-1 7.07106781187-1*
*                  3.0+0               0
GRID*                832               0-1.6081428723-16          -1.0+0*
*                 3.25+0               0
GRID*                833               0 9.23879532511-1 3.82683432365-1*
*                  3.0+0               0
GRID*                834               0 9.65925826289-1 2.58819045103-1*
*                 3.25+0               0
GRID*                835               0-3.82683432365-1-9.23879532511-1*
*                 3.25+0               0
GRID*                836               0           5.0-1 8.66025403784-1*
*                 3.25+0               0
GRID*                837               0 7.93353340291-1 6.08761429009-1*
*                 3.25+0               0
GRID*                838               0 3.82683432365-1 9.23879532511-1*
*                  3.0+0               0
GRID*                839               0 9.23879532511-1-3.82683432365-1*
*                  3.0+0               0
GRID*                840               0-1.6081428723-16           1.0+0*
*                 3.25+0               0
GRID*                841               0 3.00705799504-1 9.53716950748-1*
*                 3.25+0               0
GRID*                842               0-9.23879532511-1 3.82683432365-1*
*                  3.0+0               0
GRID*                843               0-8.66025403784-1           5.0-1*
*                 3.25+0               0
GRID*                844               0 7.66044443119-1-6.42787609687-1*
*                 3.25+0               0
GRID*                845               0-9.65925826289-1-2.58819045103-1*
*                 3.25+0               0
GRID*                846               0-9.91444861374-1  1.3052619222-1*
*                 3.25+0               0
GRID*                847               0-3.82683432365-1 9.23879532511-1*
*                  3.0+0               0
GRID*                848               0 3.82683432365-1-9.23879532511-1*
*                 3.25+0               0
GRID*                849               0 9.80785280403-1-1.95090322016-1*
*                  3.0+0               0
GRID*                850               0 9.65925826289-1-2.58819045103-1*
*                3.125+0               0
GRID*                851               0 9.97858923239-1 6.54031292301-2*
*                 3.25+0               0
GRID*                852               0 9.91444861374-1  1.3052619222-1*
*                3.125+0               0
GRID*                853               0 9.97858923239-1-6.54031292301-2*
*                3.125+0               0
GRID*                854               0 8.31469612303-1 -5.5557023302-1*
*                  3.0+0               0
GRID*                855               0  7.3727733681-1-6.75590207616-1*
*                3.125+0               0
GRID*                856               0 9.15311479119-1-4.02746689859-1*
*                 3.25+0               0
GRID*                857               0  8.7627678872-1-4.81808042222-1*
*                3.125+0               0
GRID*                858               0-1.95090322016-1-9.80785280403-1*
*                  3.0+0               0
GRID*                859               0-3.82683432365-1-9.23879532511-1*
*                3.125+0               0
GRID*                860               0-1.95090322016-1-9.80785280403-1*
*                 3.25+0               0
GRID*                861               0-8.0407143617-17          -1.0+0*
*                3.125+0               0
GRID*                862               0-1.95090322016-1-9.80785280403-1*
*                3.125+0               0
GRID*                863               0 -5.5557023302-1-8.31469612303-1*
*                  3.0+0               0
GRID*                864               0-6.75590207616-1 -7.3727733681-1*
*                3.125+0               0
GRID*                865               0-5.18773258161-1-8.54911870673-1*
*                 3.25+0               0
GRID*                866               0-5.37228802005-1-8.43436550249-1*
*                3.125+0               0
GRID*                867               0  5.5557023302-1-8.31469612303-1*
*                  3.0+0               0
GRID*                868               0 3.82683432365-1-9.23879532511-1*
*                3.125+0               0
GRID*                869               0 5.91309648364-1-8.06444604267-1*
*                 3.25+0               0
GRID*                870               0  5.7348996975-1-8.19212582054-1*
*                3.125+0               0
GRID*                871               0 1.95090322016-1-9.80785280403-1*
*                  3.0+0               0
GRID*                872               0 1.95090322016-1-9.80785280403-1*
*                 3.25+0               0
GRID*                873               0 1.95090322016-1-9.80785280403-1*
*                3.125+0               0
GRID*                874               0-8.31469612303-1 -5.5557023302-1*
*                  3.0+0               0
GRID*                875               0-8.66025403784-1          -5.0-1*
*                3.125+0               0
GRID*                876               0 -7.2236396206-1-6.91513055782-1*
*                 3.25+0               0
GRID*                877               0-7.79516349664-1 -6.2638188081-1*
*                3.125+0               0
GRID*                878               0-9.80785280403-1-1.95090322016-1*
*                  3.0+0               0
GRID*                879               0-9.91444861374-1 -1.3052619222-1*
*                3.125+0               0
GRID*                880               0-8.96872741533-1-4.42288690219-1*
*                 3.25+0               0
GRID*                881               0-9.46930129495-1-3.21439465303-1*
*                3.125+0               0
GRID*                882               0 8.31469612303-1  5.5557023302-1*
*                  3.0+0               0
GRID*                883               0 8.66025403784-1           5.0-1*
*                3.125+0               0
GRID*                884               0   6.593458151-1 7.51839807479-1*
*                 3.25+0               0
GRID*                885               0 6.08761429009-1 7.93353340291-1*
*                3.125+0               0
GRID*                886               0 7.51839807479-1   6.593458151-1*
*                3.125+0               0
GRID*                887               0 9.80785280403-1 1.95090322016-1*
*                  3.0+0               0
GRID*                888               0 8.96872741533-1 4.42288690219-1*
*                 3.25+0               0
GRID*                889               0 9.46930129495-1 3.21439465303-1*
*                3.125+0               0
GRID*                890               0-8.31469612303-1  5.5557023302-1*
*                  3.0+0               0
GRID*                891               0-7.93353340291-1 6.08761429009-1*
*                3.125+0               0
GRID*                892               0-9.46930129495-1 3.21439465303-1*
*                 3.25+0               0
GRID*                893               0-9.65925826289-1 2.58819045103-1*
*                3.125+0               0
GRID*                894               0-8.96872741533-1 4.42288690219-1*
*                3.125+0               0
GRID*                895               0-9.80785280403-1 1.95090322016-1*
*                  3.0+0               0
GRID*                896               0-9.97858923239-1-6.54031292301-2*
*                 3.25+0               0
GRID*                897               0-9.97858923239-1 6.54031292301-2*
*                3.125+0               0
GRID*                898               0 1.95090322016-1 9.80785280403-1*
*                  3.0+0               0
GRID*                899               0 3.42020143326-1 9.39692620786-1*
*                3.125+0               0
GRID*                900               0  1.5212338619-1 9.88361510468-1*
*                 3.25+0               0
GRID*                901               0-8.0407143617-17           1.0+0*
*                3.125+0               0
GRID*                902               0 1.73565500416-1 9.84822327664-1*
*                3.125+0               0
GRID*                903               0  5.5557023302-1 8.31469612303-1*
*                  3.0+0               0
GRID*                904               0 4.02746689859-1 9.15311479119-1*
*                 3.25+0               0
GRID*                905               0 4.80473232593-1  8.7700939149-1*
*                3.125+0               0
GRID*                906               0 -5.5557023302-1 8.31469612303-1*
*                  3.0+0               0
GRID*                907               0-4.22618261741-1 9.06307787037-1*
*                3.125+0               0
GRID*                908               0-6.91513055782-1  7.2236396206-1*
*                 3.25+0               0
GRID*                909               0-6.25194234575-1 7.80469198018-1*
*                3.125+0               0
GRID*                910               0-1.95090322016-1 9.80785280403-1*
*                  3.0+0               0
GRID*                911               0-2.37685892326-1 9.71342069813-1*
*                 3.25+0               0
GRID*                912               0-2.16336562416-1 9.76318847387-1*
*                3.125+0               0
GRID*                913               0 9.80171403296-2 9.95184726672-1*
*                  3.0+0               0
GRID*                914               0  1.8433896303-1 9.82862730349-1*
*               3.0625+0               0
GRID*                915               0 8.71139263728-2 9.96198355666-1*
*                3.125+0               0
GRID*                916               0-4.0203571808-17           1.0+0*
*               3.0625+0               0
GRID*                917               0 9.25641458443-2  9.9570672334-1*
*               3.0625+0               0
GRID*                918               0 2.90284677254-1 9.56940335732-1*
*                  3.0+0               0
GRID*                919               0 3.62438038284-1 9.32007869283-1*
*               3.0625+0               0
GRID*                920               0 2.58778499144-1 9.65936689634-1*
*                3.125+0               0
GRID*                921               0 2.74560475184-1   9.615698339-1*
*               3.0625+0               0
GRID*                922               0 3.21439465303-1 9.46930129495-1*
*               3.1875+0               0
GRID*                923               0 2.27076263034-1 9.73876979277-1*
*                 3.25+0               0
GRID*                924               0 1.62854057881-1 9.86650168921-1*
*               3.1875+0               0
GRID*                925               0 2.42952701819-1 9.70038135683-1*
*               3.1875+0               0
GRID*                926               0  7.6283974504-2 9.97086132304-1*
*                 3.25+0               0
GRID*                927               0-1.2061071543-16           1.0+0*
*               3.1875+0               0
GRID*                928               0 8.16977445223-2 9.96657151953-1*
*               3.1875+0               0
GRID*                929               0 4.71396736826-1 8.81921264348-1*
*                  3.0+0               0
GRID*                930               0 5.18521921939-1 8.55064334696-1*
*               3.0625+0               0
GRID*                931               0 4.12439250273-1 9.10985106812-1*
*                3.125+0               0
GRID*                932               0  4.4212838032-1 8.96951779816-1*
*               3.0625+0               0
GRID*                933               0 6.34393284164-1 7.73010453363-1*
*                  3.0+0               0
GRID*                934               0   6.593458151-1 7.51839807479-1*
*               3.0625+0               0
GRID*                935               0 5.46221219593-1 8.37640960833-1*
*                3.125+0               0
GRID*                936               0 5.91149467253-1  8.0656202946-1*
*               3.0625+0               0
GRID*                937               0  5.5557023302-1 8.31469612303-1*
*               3.1875+0               0
GRID*                938               0 4.52045546177-1 8.91994856589-1*
*                 3.25+0               0
GRID*                939               0 4.42025022293-1 8.97002719989-1*
*               3.1875+0               0
GRID*                940               0 4.99838454979-1 8.66118651759-1*
*               3.1875+0               0
GRID*                941               0 3.52250047921-1 9.35905926757-1*
*                 3.25+0               0
GRID*                942               0 3.82526443183-1 9.23944543934-1*
*               3.1875+0               0
GRID*                943               0-6.34393284164-1 7.73010453363-1*
*                  3.0+0               0
GRID*                944               0-5.90932688678-1 8.06720867123-1*
*               3.0625+0               0
GRID*                945               0-7.14450974542-1 6.99685504335-1*
*                3.125+0               0
GRID*                946               0-7.51839807479-1   6.593458151-1*
*               3.0625+0               0
GRID*                947               0-6.75368878112-1 7.37480086835-1*
*               3.0625+0               0
GRID*                948               0-4.71396736826-1 8.81921264348-1*
*                  3.0+0               0
GRID*                949               0-4.02746689859-1 9.15311479119-1*
*               3.0625+0               0
GRID*                950               0-5.27670914946-1 8.49448883406-1*
*                3.125+0               0
GRID*                951               0-4.99764774205-1 8.66161168873-1*
*               3.0625+0               0
GRID*                952               0-4.42288690219-1 8.96872741533-1*
*               3.1875+0               0
GRID*                953               0-5.82477696868-1 8.12846684592-1*
*                 3.25+0               0
GRID*                954               0-6.58994367754-1 7.52147873273-1*
*               3.1875+0               0
GRID*                955               0-5.55335773778-1 8.31626225153-1*
*               3.1875+0               0
GRID*                956               0-7.86665714369-1 6.17379181571-1*
*                 3.25+0               0
GRID*                957               0-8.31469612303-1  5.5557023302-1*
*               3.1875+0               0
GRID*                958               0 -7.5163479764-1 6.59579510731-1*
*               3.1875+0               0
GRID*                959               0-2.90284677254-1 9.56940335732-1*
*                  3.0+0               0
GRID*                960               0-2.05725563711-1  9.7860972427-1*
*               3.0625+0               0
GRID*                961               0-3.21389489515-1 9.46947092518-1*
*                3.125+0               0
GRID*                962               0-3.05869028693-1 9.52073598671-1*
*               3.0625+0               0
GRID*                963               0-9.80171403296-2 9.95184726672-1*
*                  3.0+0               0
GRID*                964               0 -1.0881441222-1 9.94062082414-1*
*                3.125+0               0
GRID*                965               0-1.03414252841-1 9.94638372631-1*
*               3.0625+0               0
GRID*                966               0-1.19703655305-1 9.92809667009-1*
*                 3.25+0               0
GRID*                967               0-2.27024865227-1 9.73888962135-1*
*               3.1875+0               0
GRID*                968               0-1.14257317701-1 9.93451189215-1*
*               3.1875+0               0
GRID*                969               0-3.52250047921-1 9.35905926757-1*
*                 3.25+0               0
GRID*                970               0-3.36855369202-1 9.41556403111-1*
*               3.1875+0               0
GRID*                971               0 9.95184726672-1-9.80171403296-2*
*                  3.0+0               0
GRID*                972               0 9.91444861374-1 -1.3052619222-1*
*               3.0625+0               0
GRID*                973               0 9.99464587476-1 3.27190828218-2*
*                3.125+0               0
GRID*                974               0 9.97858923239-1 6.54031292301-2*
*               3.0625+0               0
GRID*                975               0 9.99464587476-1-3.27190828218-2*
*               3.0625+0               0
GRID*                976               0 9.56940335732-1-2.90284677254-1*
*                  3.0+0               0
PARAM    STR_CID      -2
$--1---><--2---><--3---><--4---><--5---><--6---><--7---><--8---><--9---><--10-->
$$$$$$$$$$$$$$$$$$$$$$$$$$$$$$$$$$$ Material $$$$$$$$$$$$$$$$$$$$$$$$$$$$$$$$$$$
MAT1*                  1          1.0+11 4.1666666667+10           2.0-1*
*                  0.0+0           0.0+0           0.0+0
$--1---><--2---><--3---><--4---><--5---><--6---><--7---><--8---><--9---><--10-->
SPC            1       7       1   0.0+0
SPC            1       7       2   0.0+0
SPC            1       7       3   0.0+0
SPC            1       7       4   0.0+0
SPC            1       7       5   0.0+0
SPC            1       7       6   0.0+0
SPC            1      16       1   0.0+0
SPC            1      16       2   0.0+0
SPC            1      16       3   0.0+0
SPC            1      16       4   0.0+0
SPC            1      16       5   0.0+0
SPC            1      16       6   0.0+0
SPC            1     118       1   0.0+0
SPC            1     118       2   0.0+0
SPC            1     118       3   0.0+0
SPC            1     118       4   0.0+0
SPC            1     118       5   0.0+0
SPC            1     118       6   0.0+0
SPC            1     152       1   0.0+0
SPC            1     152       2   0.0+0
SPC            1     152       3   0.0+0
SPC            1     152       4   0.0+0
SPC            1     152       5   0.0+0
SPC            1     152       6   0.0+0
SPC            1     329       1   0.0+0
SPC            1     329       2   0.0+0
SPC            1     329       3   0.0+0
SPC            1     329       4   0.0+0
SPC            1     329       5   0.0+0
SPC            1     329       6   0.0+0
SPC            1     431       1   0.0+0
SPC            1     431       2   0.0+0
SPC            1     431       3   0.0+0
SPC            1     431       4   0.0+0
SPC            1     431       5   0.0+0
SPC            1     431       6   0.0+0
SPC            1     469       1   0.0+0
SPC            1     469       2   0.0+0
SPC            1     469       3   0.0+0
SPC            1     469       4   0.0+0
SPC            1     469       5   0.0+0
SPC            1     469       6   0.0+0
SPC            1     628       1   0.0+0
SPC            1     628       2   0.0+0
SPC            1     628       3   0.0+0
SPC            1     628       4   0.0+0
SPC            1     628       5   0.0+0
SPC            1     628       6   0.0+0
SPC            1     650       1   0.0+0
SPC            1     650       2   0.0+0
SPC            1     650       3   0.0+0
SPC            1     650       4   0.0+0
SPC            1     650       5   0.0+0
SPC            1     650       6   0.0+0
SPC            1     823       1   0.0+0
SPC            1     823       2   0.0+0
SPC            1     823       3   0.0+0
SPC            1     823       4   0.0+0
SPC            1     823       5   0.0+0
SPC            1     823       6   0.0+0
SPC            1     832       1   0.0+0
SPC            1     832       2   0.0+0
SPC            1     832       3   0.0+0
SPC            1     832       4   0.0+0
SPC            1     832       5   0.0+0
SPC            1     832       6   0.0+0
SPC            1     861       1   0.0+0
SPC            1     861       2   0.0+0
SPC            1     861       3   0.0+0
SPC            1     861       4   0.0+0
SPC            1     861       5   0.0+0
SPC            1     861       6   0.0+0
$--1---><--2---><--3---><--4---><--5---><--6---><--7---><--8---><--9---><--10-->
$$$$$$$$$$$$$$$$$$$$$$$$$$$$$$$$$$$ Default $$$$$$$$$$$$$$$$$$$$$$$$$$$$$$$$$$$$
PSHELL         1       1   1.0-3       1               1           0.0+0
CQUAD8         1       1      13      23       8      18     797     799+
+            802     804                                       2   0.0+0
CORD2R*                2               0           0.0+0           0.0+0*
*                  0.0+0 9.80785280403-1-1.95090322016-1           0.0+0*
*       -1.95090322016-1-9.80785280403-1           0.0+0                *
*
CQUAD8         2       1      23       1      28       8     808     812+
+            816     799                                       3   0.0+0
CORD2R*                3               0           0.0+0           0.0+0*
*                  0.0+0 8.31469612303-1 -5.5557023302-1           0.0+0*
*        -5.5557023302-1-8.31469612303-1           0.0+0                *
*
CQUAD8         3       1       7      12      19      16     288     303+
+            316     329                                       4   0.0+0
CORD2R*                4               0           0.0+0           0.0+0*
*                  0.0+0-1.95090322016-1-9.80785280403-1           0.0+0*
*       -9.80785280403-1 1.95090322016-1           0.0+0                *
*
CQUAD8         4       1      12       9      10      19     335     349+
+            361     303                                       5   0.0+0
CORD2R*                5               0           0.0+0           0.0+0*
*                  0.0+0 -5.5557023302-1-8.31469612303-1           0.0+0*
*       -8.31469612303-1  5.5557023302-1           0.0+0                *
*
CQUAD8         5       1       1      14      32      28     374     382+
+            392     812                                       6   0.0+0
CORD2R*                6               0           0.0+0           0.0+0*
*                  0.0+0  5.5557023302-1-8.31469612303-1           0.0+0*
*       -8.31469612303-1 -5.5557023302-1           0.0+0                *
*
CQUAD8         6       1      14       7      16      32     400     329+
+            411     382                                       7   0.0+0
CORD2R*                7               0           0.0+0           0.0+0*
*                  0.0+0 1.95090322016-1-9.80785280403-1           0.0+0*
*       -9.80785280403-1-1.95090322016-1           0.0+0                *
*
CQUAD8         7       1       9       5      11      10     417     435+
+            448     349                                       8   0.0+0
CORD2R*                8               0           0.0+0           0.0+0*
*                  0.0+0-8.31469612303-1 -5.5557023302-1           0.0+0*
*        -5.5557023302-1 8.31469612303-1           0.0+0                *
*
CQUAD8         8       1       5       3      29      11     463     471+
+            488     435                                       9   0.0+0
CORD2R*                9               0           0.0+0           0.0+0*
*                  0.0+0-9.80785280403-1-1.95090322016-1           0.0+0*
*       -1.95090322016-1 9.80785280403-1           0.0+0                *
*
CQUAD8         9       1      15      17      21      20     526     564+
+            572     585                                      10   0.0+0
CORD2R*               10               0           0.0+0           0.0+0*
*                  0.0+0 8.31469612303-1  5.5557023302-1           0.0+0*
*         5.5557023302-1-8.31469612303-1           0.0+0                *
*
CQUAD8        10       1      17      13      18      21     596     804+
+            608     564                                      11   0.0+0
CORD2R*               11               0           0.0+0           0.0+0*
*                  0.0+0 9.80785280403-1 1.95090322016-1           0.0+0*
*        1.95090322016-1-9.80785280403-1           0.0+0                *
*
CQUAD8        11       1      26       6      27      30     618     630+
+            636     645                                      12   0.0+0
CORD2R*               12               0           0.0+0           0.0+0*
*                  0.0+0-8.31469612303-1  5.5557023302-1           0.0+0*
*         5.5557023302-1 8.31469612303-1           0.0+0                *
*
CQUAD8        12       1       3      26      30      29     652     645+
+            666     471                                      13   0.0+0
CORD2R*               13               0           0.0+0           0.0+0*
*                  0.0+0-9.80785280403-1 1.95090322016-1           0.0+0*
*        1.95090322016-1 9.80785280403-1           0.0+0                *
*
CQUAD8        13       1       2      22      25      24     680     694+
+            699     712                                      14   0.0+0
CORD2R*               14               0           0.0+0           0.0+0*
*                  0.0+0 1.95090322016-1 9.80785280403-1           0.0+0*
*        9.80785280403-1-1.95090322016-1           0.0+0                *
*
CQUAD8        14       1      22      15      20      25     725     585+
+            736     694                                      15   0.0+0
CORD2R*               15               0           0.0+0           0.0+0*
*                  0.0+0  5.5557023302-1 8.31469612303-1           0.0+0*
*        8.31469612303-1 -5.5557023302-1           0.0+0                *
*
CQUAD8        15       1       6      31       4      27     742     752+
+            764     630                                      16   0.0+0
CORD2R*               16               0           0.0+0           0.0+0*
*                  0.0+0 -5.5557023302-1 8.31469612303-1           0.0+0*
*        8.31469612303-1  5.5557023302-1           0.0+0                *
*
CQUAD8        16       1      31       2      24       4     778     712+
+            787     752                                      17   0.0+0
CORD2R*               17               0           0.0+0           0.0+0*
*                  0.0+0-1.95090322016-1 9.80785280403-1           0.0+0*
*        9.80785280403-1 1.95090322016-1           0.0+0                *
*
CQUAD8        17       1     231     230     885     934     291     293+
+            294     282                                      18   0.0+0
CORD2R*               18               0           0.0+0           0.0+0*
*                  0.0+0-7.07106781187-1-7.07106781187-1           0.0+0*
*       -5.11347928188-1 5.11347928188-1 6.90685596111-1                *
*
CQUAD8        18       1     232     833     233     235     300     301+
+            302     297                                      19   0.0+0
CORD2R*               19               0           0.0+0           0.0+0*
*                  0.0+0 9.03989293123-1  4.2755509343-1           0.0+0*
*         4.2755509343-1-9.03989293123-1           0.0+0                *
*
CQUAD8        19       1     235     233     883     234     302     304+
+            305     306                                      20   0.0+0
CORD2R*               20               0           0.0+0           0.0+0*
*                  0.0+0 8.74090341627-1 4.85763393716-1           0.0+0*
*        4.85763393716-1-8.74090341627-1           0.0+0                *
*
CQUAD8        20       1     886     234     239     238     308     310+
+            311     312                                      21   0.0+0
CORD2R*               21               0           0.0+0           0.0+0*
*                  0.0+0 7.83286749229-1  6.2166057337-1           0.0+0*
*         6.2166057337-1-7.83286749229-1           0.0+0                *
*
CQUAD8        21       1     886     238     241     230     312     328+
+            324     290                                      22   0.0+0
CORD2R*               22               0           0.0+0           0.0+0*
*                  0.0+0-7.29864072698-1-6.83592302023-1           0.0+0*
*        -4.9434331089-1 5.27804981317-1 6.90685596111-1                *
*
CQUAD8        22       1     230     241     937     885     324     325+
+            326     293                                      23   0.0+0
CORD2R*               23               0           0.0+0           0.0+0*
*                  0.0+0  -6.593458151-1-7.51839807479-1           0.0+0*
*       -5.43696847651-1 4.76809338393-1 6.90685596111-1                *
*
CQUAD8        23       1     234     883     236     239     305     314+
+            315     310                                      24   0.0+0
CORD2R*               24               0           0.0+0           0.0+0*
*                  0.0+0 8.40448401094-1 5.41891580575-1           0.0+0*
*        5.41891580575-1-8.40448401094-1           0.0+0                *
*
CQUAD8        24       1     885     935     936     934     626     627+
+            624     294                                      25   0.0+0
CORD2R*               25               0           0.0+0           0.0+0*
*                  0.0+0-5.77915718748-1-8.16096453873-1           0.0+0*
*       -8.16096453873-1 5.77915718748-1           0.0+0                *
*
CQUAD8        25       1     885     937     940     935     326     635+
+            631     626                                      26   0.0+0
CORD2R*               26               0           0.0+0           0.0+0*
*                  0.0+0-5.82477696868-1-8.12846684592-1           0.0+0*
*       -5.87814286554-1 4.21221760891-1 6.90685596111-1                *
*
CQUAD8        26       1     934     936     933     831     624     620+
+            623     283                                      27   0.0+0
CORD2R*               27               0           0.0+0           0.0+0*
*                  0.0+0-6.25846021951-1-7.79946637155-1           0.0+0*
*       -7.79946637155-1 6.25846021951-1           0.0+0                *
*
CQUAD8        27       1     833     242     245     233     336     337+
+            338     301                                      28   0.0+0
CORD2R*               28               0           0.0+0           0.0+0*
*                  0.0+0 9.41544065183-1 3.36889853392-1           0.0+0*
*        3.36889853392-1-9.41544065183-1           0.0+0                *
*
CQUAD8        28       1     233     245     244     883     338     346+
+            348     304                                      29   0.0+0
CORD2R*               29               0           0.0+0           0.0+0*
*                  0.0+0 9.17494496447-1 3.97748474527-1           0.0+0*
*        3.97748474527-1-9.17494496447-1           0.0+0                *
*
CQUAD8        29       1     883     244     253     236     348     378+
+            379     314                                      30   0.0+0
CORD2R*               30               0           0.0+0           0.0+0*
*                  0.0+0 8.89516075422-1  4.5690387563-1           0.0+0*
*         4.5690387563-1-8.89516075422-1           0.0+0                *
*
CQUAD8        30       1     239     236     837     237     315     317+
+            318     319                                      31   0.0+0
CORD2R*               31               0           0.0+0           0.0+0*
*                  0.0+0 8.03207531481-1 5.95699304492-1           0.0+0*
*        5.95699304492-1-8.03207531481-1           0.0+0                *
*
CQUAD8        31       1     239     237     884     238     319     321+
+            322     311                                      32   0.0+0
CORD2R*               32               0           0.0+0           0.0+0*
*                  0.0+0-7.51839807479-1  -6.593458151-1           0.0+0*
*       -4.76809338393-1 5.43696847651-1 6.90685596111-1                *
*
CQUAD8        32       1     238     884     240     241     322     330+
+            331     328                                      33   0.0+0
CORD2R*               33               0           0.0+0           0.0+0*
*                  0.0+0-6.83592302023-1-7.29864072698-1           0.0+0*
*       -5.27804981317-1  4.9434331089-1 6.90685596111-1                *
*
CQUAD8        33       1     241     240     836     937     331     333+
+            334     325                                      34   0.0+0
CORD2R*               34               0           0.0+0           0.0+0*
*                  0.0+0-6.08761429009-1-7.93353340291-1           0.0+0*
*       -5.73717573742-1  4.4022897781-1 6.90685596111-1                *
*
CQUAD8        34       1     937     836     938     940     334     637+
+            638     635                                      35   0.0+0
CORD2R*               35               0           0.0+0           0.0+0*
*                  0.0+0 -5.2806785065-1-8.49202181527-1           0.0+0*
*       -6.14104952307-1  3.8187499902-1 6.90685596111-1                *
*
CQUAD8        35       1     236     253     252     837     379     384+
+            386     317                                      36   0.0+0
CORD2R*               36               0           0.0+0           0.0+0*
*                  0.0+0     8.5772861-1 5.14102744193-1           0.0+0*
*        5.14102744193-1    -8.5772861-1           0.0+0                *
*
CQUAD8        36       1     935     905     930     936     629     613+
+            621     627                                      37   0.0+0
CORD2R*               37               0           0.0+0           0.0+0*
*                  0.0+0-5.13724481479-1-8.57955218604-1           0.0+0*
*       -8.57955218604-1 5.13724481479-1           0.0+0                *
*
CQUAD8        37       1     935     940     939     905     631     632+
+            633     629                                      38   0.0+0
CORD2R*               38               0           0.0+0           0.0+0*
*                  0.0+0-5.23223618935-1-8.52195426289-1           0.0+0*
*       -5.59658163112-1 3.43614105916-1 7.54130019743-1                *
*
CQUAD8        38       1     936     930     903     933     621     610+
+            619     620                                      39   0.0+0
CORD2R*               39               0           0.0+0           0.0+0*
*                  0.0+0-5.55365435008-1-8.31606417483-1           0.0+0*
*       -8.31606417483-1 5.55365435008-1           0.0+0                *
*
CQUAD8        39       1     940     938     904     939     638     640+
+            641     632                                      40   0.0+0
CORD2R*               40               0           0.0+0           0.0+0*
*                  0.0+0-4.76117824081-1-8.79381497185-1           0.0+0*
*        -5.7703441917-1 3.12420005373-1 7.54602557202-1                *
*
CQUAD8        40       1     242     887     243     245     340     341+
+            342     337                                      41   0.0+0
CORD2R*               41               0           0.0+0           0.0+0*
*                  0.0+0 9.70031253195-1 2.42980179903-1           0.0+0*
*        2.42980179903-1-9.70031253195-1           0.0+0                *
*
CQUAD8        41       1     245     243     889     244     342     344+
+            345     346                                      42   0.0+0
CORD2R*               42               0           0.0+0           0.0+0*
*                  0.0+0 9.52062677714-1 3.05903020097-1           0.0+0*
*        3.05903020097-1-9.52062677714-1           0.0+0                *
*
CQUAD8        42       1     244     889     250     253     345     366+
+            381     378                                      43   0.0+0
CORD2R*               43               0           0.0+0           0.0+0*
*                  0.0+0 9.30017223684-1 3.67515936595-1           0.0+0*
*        3.67515936595-1-9.30017223684-1           0.0+0                *
*
CQUAD8        43       1     253     250     888     252     381     376+
+            383     384                                      44   0.0+0
CORD2R*               44               0           0.0+0           0.0+0*
*                  0.0+0 9.03989293123-1  4.2755509343-1           0.0+0*
*         4.2755509343-1-9.03989293123-1           0.0+0                *
*
CQUAD8        44       1     905     931     932     930     614     615+
+            611     613                                      45   0.0+0
CORD2R*               45               0           0.0+0           0.0+0*
*                  0.0+0-4.46779322286-1-8.94644195855-1           0.0+0*
*       -8.94644195855-1 4.46779322286-1           0.0+0                *
*
CQUAD8        45       1     905     939     942     931     633     646+
+            643     614                                      46   0.0+0
CORD2R*               46               0           0.0+0           0.0+0*
*                  0.0+0-4.61357443706-1-8.87214353546-1           0.0+0*
*       -5.05536682509-1 2.62882482243-1 8.21781882964-1                *
*
CQUAD8        46       1     930     932     929     903     611     606+
+            609     610                                      47   0.0+0
CORD2R*               47               0           0.0+0           0.0+0*
*                  0.0+0-4.80781541162-1 -8.7684041289-1           0.0+0*
*        -8.7684041289-1 4.80781541162-1           0.0+0                *
*
CQUAD8        47       1     939     904     941     942     641     648+
+            649     646                                      48   0.0+0
CORD2R*               48               0           0.0+0           0.0+0*
*                  0.0+0-4.22485045982-1-9.06369894647-1           0.0+0*
*       -5.16451551797-1 2.40732904852-1 8.21781882964-1                *
*
CQUAD8        48       1     887     246     248     243     350     351+
+            352     341                                      49   0.0+0
CORD2R*               49               0           0.0+0           0.0+0*
*                  0.0+0 9.89176509965-1 1.46730474455-1           0.0+0*
*        1.46730474455-1-9.89176509965-1           0.0+0                *
*
CQUAD8        49       1     243     248     247     889     352     360+
+            362     344                                      50   0.0+0
CORD2R*               50               0           0.0+0           0.0+0*
*                  0.0+0 9.77461974944-1 2.11111552359-1           0.0+0*
*        2.11111552359-1-9.77461974944-1           0.0+0                *
*
CQUAD8        50       1     889     247     251     250     362     364+
+            365     366                                      51   0.0+0
CORD2R*               51               0           0.0+0           0.0+0*
*                  0.0+0 9.61561797683-1 2.74588618185-1           0.0+0*
*        2.74588618185-1-9.61561797683-1           0.0+0                *
*
CQUAD8        51       1     250     251     249     888     365     373+
+            375     376                                      52   0.0+0
CORD2R*               52               0           0.0+0           0.0+0*
*                  0.0+0 9.41544065183-1 3.36889853392-1           0.0+0*
*        3.36889853392-1-9.41544065183-1           0.0+0                *
*
CQUAD8        52       1     931     899     919     932     617     573+
+            607     615                                      53   0.0+0
CORD2R*               53               0           0.0+0           0.0+0*
*                  0.0+0 -3.7750268143-1-9.26008491059-1           0.0+0*
*       -9.26008491059-1  3.7750268143-1           0.0+0                *
*
CQUAD8        53       1     931     942     922     899     643     644+
+            583     617                                      54   0.0+0
CORD2R*               54               0           0.0+0           0.0+0*
*                  0.0+0-3.97535659024-1 -9.1758672604-1           0.0+0*
*       -4.24349651696-1 1.83845421535-1 8.86638728055-1                *
*
CQUAD8        54       1     932     919     838     929     607     570+
+            605     606                                      55   0.0+0
CORD2R*               55               0           0.0+0           0.0+0*
*                  0.0+0-4.02664889006-1-9.15347467993-1           0.0+0*
*       -9.15347467993-1 4.02664889006-1           0.0+0                *
*
CQUAD8        55       1     942     941     841     922     649     651+
+            586     644                                      56   0.0+0
CORD2R*               56               0           0.0+0           0.0+0*
*                  0.0+0-3.67436921988-1-9.30048444093-1           0.0+0*
*       -4.29636800645-1 1.69737850328-1 8.86905452513-1                *
*
CQUAD8        56       1     246     829     974     248     354     355+
+            356     351                                      57   0.0+0
CORD2R*               57               0           0.0+0           0.0+0*
*                  0.0+0 9.98795456205-1 4.90676743274-2           0.0+0*
*        4.90676743274-2-9.98795456205-1           0.0+0                *
*
CQUAD8        57       1     248     974     852     247     356     358+
+            359     360                                      58   0.0+0
CORD2R*               58               0           0.0+0           0.0+0*
*                  0.0+0 9.93447779019-1 1.14286964967-1           0.0+0*
*        1.14286964967-1-9.93447779019-1           0.0+0                *
*
CQUAD8        58       1     247     852      58     251     359     368+
+            369     364                                      59   0.0+0
CORD2R*               59               0           0.0+0           0.0+0*
*                  0.0+0 9.83846005927-1 1.79016861277-1           0.0+0*
*        1.79016861277-1-9.83846005927-1           0.0+0                *
*
CQUAD8        59       1     251      58     834     249     369     371+
+            372     373                                      60   0.0+0
CORD2R*               60               0           0.0+0           0.0+0*
*                  0.0+0 9.70031253195-1 2.42980179903-1           0.0+0*
*        2.42980179903-1-9.70031253195-1           0.0+0                *
*
CQUAD8        60       1     899     920     921     919     574     575+
+            571     573                                      61   0.0+0
CORD2R*               61               0           0.0+0           0.0+0*
*                  0.0+0-3.00685782813-1-9.53723261756-1           0.0+0*
*       -9.53723261756-1 3.00685782813-1           0.0+0                *
*
CQUAD8        61       1     899     922     925     920     583     584+
+            579     574                                      62   0.0+0
CORD2R*               62               0           0.0+0           0.0+0*
*                  0.0+0-3.31749541753-1 -9.4336750079-1           0.0+0*
*       -3.10895035564-1 1.09330971753-1 9.44135062095-1                *
*
CQUAD8        62       1     919     921     918     838     571     566+
+            569     570                                      63   0.0+0
CORD2R*               63               0           0.0+0           0.0+0*
*                  0.0+0-3.18842051772-1-9.47807863452-1           0.0+0*
*       -9.47807863452-1 3.18842051772-1           0.0+0                *
*
CQUAD8        63       1     922     841     923     925     586     587+
+            588     584                                      64   0.0+0
CORD2R*               64               0           0.0+0           0.0+0*
*                  0.0+0-3.11091140771-1-9.50380082985-1           0.0+0*
*       -3.13206093544-1 1.02522814484-1 9.44135062095-1                *
*
CQUAD8        64       1     829     971     975     974     753     754+
+            755     355                                      65   0.0+0
CORD2R*               65               0           0.0+0           0.0+0*
*                  0.0+0 9.98795456205-1-4.90676743274-2           0.0+0*
*       -4.90676743274-2-9.98795456205-1           0.0+0                *
*
CQUAD8        65       1     974     975     973     852     755     763+
+            765     358                                      66   0.0+0
CORD2R*               66               0           0.0+0           0.0+0*
*                  0.0+0  9.9986613791-1 1.63617316265-2           0.0+0*
*        1.63617316265-2 -9.9986613791-1           0.0+0                *
*
CQUAD8        66       1     852     973      62      58     765     795+
+            796     368                                      67   0.0+0
CORD2R*               67               0           0.0+0           0.0+0*
*                  0.0+0 9.96655239309-1 8.17210741337-2           0.0+0*
*        8.17210741337-2-9.96655239309-1           0.0+0                *
*
CQUAD8        67       1      58      62      54     834     796     801+
+            803     371                                      68   0.0+0
CORD2R*               68               0           0.0+0           0.0+0*
*                  0.0+0 9.89176509965-1 1.46730474455-1           0.0+0*
*        1.46730474455-1-9.89176509965-1           0.0+0                *
*
CQUAD8        68       1     920     902     914     921     577     555+
+            567     575                                      69   0.0+0
CORD2R*               69               0           0.0+0           0.0+0*
*                  0.0+0-2.16378141964-1-9.76309633098-1           0.0+0*
*       -9.76309633098-1 2.16378141964-1           0.0+0                *
*
CQUAD8        69       1     920     925     924     902     579     580+
+            581     577                                      70   0.0+0
CORD2R*               70               0           0.0+0           0.0+0*
*                  0.0+0 -2.5087398225-1-9.68019754463-1           0.0+0*
*         -2.449705901-1 6.34870798753-2 9.67449637281-1                *
*
CQUAD8        70       1     921     914     898     918     567     547+
+            565     566                                      71   0.0+0
CORD2R*               71               0           0.0+0           0.0+0*
*                  0.0+0-2.29696583471-1-9.73262287126-1           0.0+0*
*       -9.73262287126-1 2.29696583471-1           0.0+0                *
*
CQUAD8        71       1     925     923     900     924     588     590+
+            591     580                                      72   0.0+0
CORD2R*               72               0           0.0+0           0.0+0*
*                  0.0+0-2.35022320494-1-9.71989973647-1           0.0+0*
*       -2.45768603434-1 5.94256206849-2 9.67505239868-1                *
*
CQUAD8        72       1     971     849     972     975     757     758+
+            759     754                                      73   0.0+0
CORD2R*               73               0           0.0+0           0.0+0*
*                  0.0+0 9.89176509965-1-1.46730474455-1           0.0+0*
*       -1.46730474455-1-9.89176509965-1           0.0+0                *
*
CQUAD8        73       1     975     972     853     973     759     761+
+            762     763                                      74   0.0+0
CORD2R*               74               0           0.0+0           0.0+0*
*                  0.0+0 9.96655239309-1-8.17210741337-2           0.0+0*
*       -8.17210741337-2-9.96655239309-1           0.0+0                *
*
CQUAD8        74       1     973     853      48      62     762     783+
+            798     795                                      75   0.0+0
CORD2R*               75               0           0.0+0           0.0+0*
*                  0.0+0  9.9986613791-1-1.63617316265-2           0.0+0*
*       -1.63617316265-2 -9.9986613791-1           0.0+0                *
*
CQUAD8        75       1      62      48     851      54     798     793+
+            800     801                                      76   0.0+0
CORD2R*               76               0           0.0+0           0.0+0*
*                  0.0+0 9.98795456205-1 4.90676743274-2           0.0+0*
*        4.90676743274-2-9.98795456205-1           0.0+0                *
*
CQUAD8        76       1     902     915     917     914     558     560+
+            550     555                                      77   0.0+0
CORD2R*               77               0           0.0+0           0.0+0*
*                  0.0+0-1.30463766583-1-9.91453077865-1           0.0+0*
*       -9.91453077865-1 1.30463766583-1           0.0+0                *
*
CQUAD8        77       1     902     924     928     915     581     597+
+            593     558                                      78   0.0+0
CORD2R*               78               0           0.0+0           0.0+0*
*                  0.0+0-1.68212261896-1-9.85750797589-1           0.0+0*
*       -1.68850124309-1 2.88132268327-2 9.85220499929-1                *
*
CQUAD8        78       1     914     917     913     898     550     533+
+            544     547                                      79   0.0+0
CORD2R*               79               0           0.0+0           0.0+0*
*                  0.0+0-1.38600414736-1-9.90348385688-1           0.0+0*
*       -9.90348385688-1 1.38600414736-1           0.0+0                *
*
CQUAD8        79       1     924     900     926     928     591     599+
+            600     597                                      80   0.0+0
CORD2R*               80               0           0.0+0           0.0+0*
*                  0.0+0-1.57491046542-1 -9.8752041511-1           0.0+0*
*       -1.69153243656-1 2.69767803903-2 9.85220499929-1                *
*
CQUAD8        80       1     849     976      38     972     767     768+
+            769     758                                      81   0.0+0
CORD2R*               81               0           0.0+0           0.0+0*
*                  0.0+0 9.70031253195-1-2.42980179903-1           0.0+0*
*       -2.42980179903-1-9.70031253195-1           0.0+0                *
*
CQUAD8        81       1     972      38      35     853     769     777+
+            779     761                                      82   0.0+0
CORD2R*               82               0           0.0+0           0.0+0*
*                  0.0+0 9.83846005927-1-1.79016861277-1           0.0+0*
*       -1.79016861277-1-9.83846005927-1           0.0+0                *
*
CQUAD8        82       1     853      35      52      48     779     781+
+            782     783                                      83   0.0+0
CORD2R*               83               0           0.0+0           0.0+0*
*                  0.0+0 9.93447779019-1-1.14286964967-1           0.0+0*
*       -1.14286964967-1-9.93447779019-1           0.0+0                *
*
CQUAD8        83       1      48      52      44     851     782     790+
+            792     793                                      84   0.0+0
CORD2R*               84               0           0.0+0           0.0+0*
*                  0.0+0 9.98795456205-1-4.90676743274-2           0.0+0*
*       -4.90676743274-2-9.98795456205-1           0.0+0                *
*
CQUAD8        84       1     915     901     916     917     562     563+
+            536     560                                      85   0.0+0
CORD2R*               85               0           0.0+0           0.0+0*
*                  0.0+0-4.35984193169-2-9.99049136846-1           0.0+0*
*       -9.99049136846-1 4.35984193169-2           0.0+0                *
*
CQUAD8        85       1     915     928     927     901     593     594+
+            595     562                                      86   0.0+0
CORD2R*               86               0           0.0+0           0.0+0*
*                  0.0+0 9.96266133928-1           0.0+0 8.63353368451-2*
*        -8.6333028123-2 7.31313568654-3 9.96239492442-1                *
*
CQUAD8        86       1     917     916     818     913     536     538+
+            530     533                                      87   0.0+0
CORD2R*               87               0           0.0+0           0.0+0*
*                  0.0+0-4.63318284778-2-9.98926104209-1           0.0+0*
*       -9.98926104209-1 4.63318284778-2           0.0+0                *
*
CQUAD8        87       1     928     926     840     927     600     602+
+            603     594                                      88   0.0+0
CORD2R*               88               0           0.0+0           0.0+0*
*                  0.0+0 9.96269439996-1           0.0+0 8.62971779919-2*
*       -8.62951604631-2 6.83792035878-3 9.96246148362-1                *
*
CQUAD8        88       1     976     839      33      38     771     772+
+            773     768                                      89   0.0+0
CORD2R*               89               0           0.0+0           0.0+0*
*                  0.0+0 9.41544065183-1-3.36889853392-1           0.0+0*
*       -3.36889853392-1-9.41544065183-1           0.0+0                *
*
CQUAD8        89       1      38      33     850      35     773     775+
+            776     777                                      90   0.0+0
CORD2R*               90               0           0.0+0           0.0+0*
*                  0.0+0 9.61561797683-1-2.74588618185-1           0.0+0*
*       -2.74588618185-1-9.61561797683-1           0.0+0                *
*
CQUAD8        90       1      35     850      40      52     776     785+
+            786     781                                      91   0.0+0
CORD2R*               91               0           0.0+0           0.0+0*
*                  0.0+0 9.77461974944-1-2.11111552359-1           0.0+0*
*       -2.11111552359-1-9.77461974944-1           0.0+0                *
*
CQUAD8        91       1      52      40     824      44     786     788+
+            789     790                                      92   0.0+0
CORD2R*               92               0           0.0+0           0.0+0*
*                  0.0+0 9.89176509965-1-1.46730474455-1           0.0+0*
*       -1.46730474455-1-9.89176509965-1           0.0+0                *
*
CQUAD8        92       1     901     964     965     916     726     727+
+            724     563                                      93   0.0+0
CORD2R*               93               0           0.0+0           0.0+0*
*                  0.0+0 5.44881527765-2-9.98514417125-1           0.0+0*
*       -9.98514417125-1-5.44881527765-2           0.0+0                *
*
CQUAD8        93       1     901     927     968     964     595     735+
+            731     726                                      94   0.0+0
CORD2R*               94               0           0.0+0           0.0+0*
*                  0.0+0           1.0+0           0.0+0 6.4325714894-16*
*       -6.4325714894-16           0.0+0           1.0+0                *
*
CQUAD8        94       1     916     965     963     818     724     720+
+            723     538                                      95   0.0+0
CORD2R*               95               0           0.0+0           0.0+0*
*                  0.0+0 5.17765746709-2-9.98658693606-1           0.0+0*
*       -9.98658693606-1-5.17765746709-2           0.0+0                *
*
CQUAD8        95       1     927     840     966     968     603     737+
+            738     735                                      96   0.0+0
CORD2R*               96               0           0.0+0           0.0+0*
*                  0.0+0           1.0+0           0.0+0 6.4325714894-16*
*       -6.4325714894-16           0.0+0           1.0+0                *
*
CQUAD8        96       1     839      66      75      33     805     806+
+            807     772                                      97   0.0+0
CORD2R*               97               0           0.0+0           0.0+0*
*                  0.0+0 9.03989293123-1 -4.2755509343-1           0.0+0*
*        -4.2755509343-1-9.03989293123-1           0.0+0                *
*
CQUAD8        97       1     152     154     148     832     625     642+
+            647     650                                      98   0.0+0
CORD2R*               98               0           0.0+0           0.0+0*
*                  0.0+0-4.90676743274-2-9.98795456205-1           0.0+0*
*       -9.98795456205-1 4.90676743274-2           0.0+0                *
*
CQUAD8        98       1     273     897     269     274     470     453+
+            462     468                                      99   0.0+0
CORD2R*               99               0           0.0+0           0.0+0*
*                  0.0+0 9.93447779019-1-1.14286964967-1           0.0+0*
*       -1.14286964967-1-9.93447779019-1           0.0+0                *
*
CQUAD8        99       1     273     277     276     897     472     473+
+            474     470                                     100   0.0+0
CORD2R*              100               0           0.0+0           0.0+0*
*                  0.0+0 9.91444861374-1 -1.3052619222-1           0.0+0*
*       -9.43906913946-2-7.16968482363-1 6.90685596111-1                *
*
CQUAD8       100       1     277     275     896     276     479     482+
+            486     473                                     101   0.0+0
CORD2R*              101               0           0.0+0           0.0+0*
*                  0.0+0 9.97858923239-1-6.54031292301-2           0.0+0*
*       -4.72966113728-2-7.21606844395-1 6.90685596111-1                *
*
CQUAD8       101       1     110     858     113     122     437     440+
+            443     424                                     102   0.0+0
CORD2R*              102               0           0.0+0           0.0+0*
*                  0.0+0-1.46730474455-1-9.89176509965-1           0.0+0*
*       -9.89176509965-1 1.46730474455-1           0.0+0                *
*
CQUAD8       102       1     116     862     140     154     456     582+
+            634     622                                     103   0.0+0
CORD2R*              103               0           0.0+0           0.0+0*
*                  0.0+0-1.46730474455-1-9.89176509965-1           0.0+0*
*       -9.89176509965-1 1.46730474455-1           0.0+0                *
*
CQUAD8       103       1     897     270     271     269     454     455+
+            451     453                                     104   0.0+0
CORD2R*              104               0           0.0+0           0.0+0*
*                  0.0+0  9.9986613791-1-1.63617316265-2           0.0+0*
*       -1.63617316265-2 -9.9986613791-1           0.0+0                *
*
CQUAD8       104       1     897     276     279     270     474     505+
+            492     454                                     105   0.0+0
CORD2R*              105               0           0.0+0           0.0+0*
*                  0.0+0 9.99464587476-1-3.27190828218-2           0.0+0*
*       -2.36609740682-2-7.22767988798-1 6.90685596111-1                *
*
CQUAD8       105       1     269     271     268     895     451     445+
+            449     450                                     106   0.0+0
CORD2R*              106               0           0.0+0           0.0+0*
*                  0.0+0 9.96655239309-1-8.17210741337-2           0.0+0*
*       -8.17210741337-2-9.96655239309-1           0.0+0                *
*
CQUAD8       106       1     858     124     133     113     475     477+
+            480     440                                     107   0.0+0
CORD2R*              107               0           0.0+0           0.0+0*
*                  0.0+0-2.42980179903-1-9.70031253195-1           0.0+0*
*       -9.70031253195-1 2.42980179903-1           0.0+0                *
*
CQUAD8       107       1     862     130     144     140     568     576+
+            578     582                                     108   0.0+0
CORD2R*              108               0           0.0+0           0.0+0*
*                  0.0+0-2.42980179903-1-9.70031253195-1           0.0+0*
*       -9.70031253195-1 2.42980179903-1           0.0+0                *
*
CQUAD8       108       1     140     144     138     860     578     604+
+            612     616                                     109   0.0+0
CORD2R*              109               0           0.0+0           0.0+0*
*                  0.0+0-2.42980179903-1-9.70031253195-1           0.0+0*
*       -9.70031253195-1 2.42980179903-1           0.0+0                *
*
CQUAD8       109       1     270     279     222     879     492     495+
+            499     457                                     110   0.0+0
CORD2R*              110               0           0.0+0           0.0+0*
*                  0.0+0 9.97858923239-1 6.54031292301-2           0.0+0*
*        4.72966113728-2-7.21606844395-1 6.90685596111-1                *
*
CQUAD8       110       1     271     219     819     268     446     447+
+            444     445                                     111   0.0+0
CORD2R*              111               0           0.0+0           0.0+0*
*                  0.0+0  9.9986613791-1 1.63617316265-2           0.0+0*
*        1.63617316265-2 -9.9986613791-1           0.0+0                *
*
CQUAD8       111       1     279     278     845     222     512     520+
+            524     495                                     112   0.0+0
CORD2R*              112               0           0.0+0           0.0+0*
*                  0.0+0 9.91444861374-1  1.3052619222-1           0.0+0*
*        9.43906913946-2-7.16968482363-1 6.90685596111-1                *
*
CQUAD8       112       1     133     127     859     130     516     542+
+            553     561                                     113   0.0+0
CORD2R*              113               0           0.0+0           0.0+0*
*                  0.0+0-3.36889853392-1-9.41544065183-1           0.0+0*
*       -9.41544065183-1 3.36889853392-1           0.0+0                *
*
CQUAD8       113       1     144     135     835     138     592     598+
+            601     604                                     114   0.0+0
CORD2R*              114               0           0.0+0           0.0+0*
*                  0.0+0-3.36889853392-1-9.41544065183-1           0.0+0*
*       -9.41544065183-1 3.36889853392-1           0.0+0                *
*
CQUAD8       114       1     879     220     221     219     534     535+
+            532     458                                     115   0.0+0
CORD2R*              115               0           0.0+0           0.0+0*
*                  0.0+0 9.83846005927-1 1.79016861277-1           0.0+0*
*        1.79016861277-1-9.83846005927-1           0.0+0                *
*
CQUAD8       115       1     879     222     225     220     499     543+
+            539     534                                     116   0.0+0
CORD2R*              116               0           0.0+0           0.0+0*
*                  0.0+0 9.86643332085-1 1.62895473395-1           0.0+0*
*        1.17798704591-1 -7.1349623161-1 6.90685596111-1                *
*
CQUAD8       116       1     222     845     223     225     524     545+
+            546     543                                     117   0.0+0
CORD2R*              117               0           0.0+0           0.0+0*
*                  0.0+0 9.73876979277-1 2.27076263034-1           0.0+0*
*        1.64211374764-1-7.04264177509-1 6.90685596111-1                *
*
CQUAD8       117       1     828     158     163     127     656     660+
+            664     507                                     118   0.0+0
CORD2R*              118               0           0.0+0           0.0+0*
*                  0.0+0 -4.2755509343-1-9.03989293123-1           0.0+0*
*       -9.03989293123-1  4.2755509343-1           0.0+0                *
*
CQUAD8       118       1     127     163     162     859     664     691+
+            697     542                                     119   0.0+0
CORD2R*              119               0           0.0+0           0.0+0*
*                  0.0+0-4.25077498272-1 -9.0515695902-1           0.0+0*
*        -9.0515695902-1 4.25077498272-1           0.0+0                *
*
CQUAD8       119       1     859     162     173     135     697     791+
+            794     589                                     120   0.0+0
CORD2R*              120               0           0.0+0           0.0+0*
*                  0.0+0-4.22599240046-1-9.06316656755-1           0.0+0*
*       -9.06316656755-1 4.22599240046-1           0.0+0                *
*
CQUAD8       120       1     135     173     172     835     794      37+
+             39     598                                     121   0.0+0
CORD2R*              121               0           0.0+0           0.0+0*
*                  0.0+0-4.20134501377-1-9.07461845343-1           0.0+0*
*       -9.07461845343-1 4.20134501377-1           0.0+0                *
*
CQUAD8       121       1     220     881     215     221     537     521+
+            529     535                                     122   0.0+0
CORD2R*              122               0           0.0+0           0.0+0*
*                  0.0+0 9.61561797683-1 2.74588618185-1           0.0+0*
*        2.74588618185-1-9.61561797683-1           0.0+0                *
*
CQUAD8       122       1     220     225     224     881     539     540+
+            541     537                                     123   0.0+0
CORD2R*              123               0           0.0+0           0.0+0*
*                  0.0+0 9.65925826289-1 2.58819045103-1           0.0+0*
*        1.87166331889-1-6.98514260078-1 6.90685596111-1                *
*
CQUAD8       123       1     221     215     878     218     529     518+
+            527     528                                     124   0.0+0
CORD2R*              124               0           0.0+0           0.0+0*
*                  0.0+0 9.77461974944-1 2.11111552359-1           0.0+0*
*        2.11111552359-1-9.77461974944-1           0.0+0                *
*
CQUAD8       124       1     225     223     880     224     546     548+
+            549     540                                     125   0.0+0
CORD2R*              125               0           0.0+0           0.0+0*
*                  0.0+0 9.46930129495-1 3.21439465303-1           0.0+0*
*        2.32450612827-1-6.84777423636-1 6.90685596111-1                *
*
CQUAD8       125       1     163     161     866     162     678     684+
+            687     691                                     126   0.0+0
CORD2R*              126               0           0.0+0           0.0+0*
*                  0.0+0-5.07040005845-1-8.61922521154-1           0.0+0*
*       -8.61922521154-1 5.07040005845-1           0.0+0                *
*
CQUAD8       126       1     162     866     170     173     687     750+
+             34     791                                     127   0.0+0
CORD2R*              127               0           0.0+0           0.0+0*
*                  0.0+0-4.99945470547-1 -8.6605688409-1           0.0+0*
*        -8.6605688409-1 4.99945470547-1           0.0+0                *
*
CQUAD8       127       1     173     170     865     172      34     784+
+             36      37                                     128   0.0+0
CORD2R*              128               0           0.0+0           0.0+0*
*                  0.0+0-4.92869747121-1 -8.7010310445-1           0.0+0*
*        -8.7010310445-1 4.92869747121-1           0.0+0                *
*
CQUAD8       128       1     881     224     227     216     541     554+
+            551     522                                     129   0.0+0
CORD2R*              129               0           0.0+0           0.0+0*
*                  0.0+0 9.35905926757-1 3.52250047921-1           0.0+0*
*        2.54731445096-1-6.76805214374-1 6.90685596111-1                *
*
CQUAD8       129       1     215     217     214     878     519     514+
+            517     518                                     130   0.0+0
CORD2R*              130               0           0.0+0           0.0+0*
*                  0.0+0 9.52062677714-1 3.05903020097-1           0.0+0*
*        3.05903020097-1-9.52062677714-1           0.0+0                *
*
CQUAD8       130       1     224     880     226     227     549     556+
+            557     554                                     131   0.0+0
CORD2R*              131               0           0.0+0           0.0+0*
*                  0.0+0 9.10863824921-1 4.12707029804-1           0.0+0*
*        2.98451224418-1-6.58695888835-1 6.90685596111-1                *
*
CQUAD8       131       1     863     164     167     161     702     704+
+            708     674                                     132   0.0+0
CORD2R*              132               0           0.0+0           0.0+0*
*                  0.0+0-5.95699304492-1-8.03207531481-1           0.0+0*
*       -8.03207531481-1 5.95699304492-1           0.0+0                *
*
CQUAD8       132       1     161     167     166     866     708     734+
+            739     684                                     133   0.0+0
CORD2R*              133               0           0.0+0           0.0+0*
*                  0.0+0-5.84663324785-1-8.11276029876-1           0.0+0*
*       -8.11276029876-1 5.84663324785-1           0.0+0                *
*
CQUAD8       133       1     866     166     171     170     739     745+
+            747     750                                     134   0.0+0
CORD2R*              134               0           0.0+0           0.0+0*
*                  0.0+0-5.73524858089-1-8.19188157357-1           0.0+0*
*       -8.19188157357-1 5.73524858089-1           0.0+0                *
*
CQUAD8       134       1     216     875     205     217     525     483+
+            515     523                                     135   0.0+0
CORD2R*              135               0           0.0+0           0.0+0*
*                  0.0+0 8.89516075422-1  4.5690387563-1           0.0+0*
*         4.5690387563-1-8.89516075422-1           0.0+0                *
*
CQUAD8       135       1     217     205     821     214     515     160+
+            513     514                                     136   0.0+0
CORD2R*              136               0           0.0+0           0.0+0*
*                  0.0+0 9.17494496447-1 3.97748474527-1           0.0+0*
*        3.97748474527-1-9.17494496447-1           0.0+0                *
*
CQUAD8       136       1     227     226     827     208     557     559+
+            496     552                                     137   0.0+0
CORD2R*              137               0           0.0+0           0.0+0*
*                  0.0+0 8.66025403784-1           5.0-1           0.0+0*
*        3.61577587568-1-6.26270752545-1 6.90685596111-1                *
*
CQUAD8       137       1     164     825     165     167     716     718+
+            722     704                                     138   0.0+0
CORD2R*              138               0           0.0+0           0.0+0*
*                  0.0+0-6.71558954847-1-7.40951125355-1           0.0+0*
*       -7.40951125355-1 6.71558954847-1           0.0+0                *
*
CQUAD8       138       1     166     864     168     171     730     756+
+            760     745                                     139   0.0+0
CORD2R*              139               0           0.0+0           0.0+0*
*                  0.0+0-6.42771531793-1-7.66057933786-1           0.0+0*
*       -7.66057933786-1 6.42771531793-1           0.0+0                *
*
CQUAD8       139       1     875     206     207     205     484     485+
+            481     483                                     140   0.0+0
CORD2R*              140               0           0.0+0           0.0+0*
*                  0.0+0 8.46231096177-1  5.3281603942-1           0.0+0*
*         5.3281603942-1-8.46231096177-1           0.0+0                *
*
CQUAD8       140       1     875     208     211     206     493     494+
+            489     484                                     141   0.0+0
CORD2R*              141               0           0.0+0           0.0+0*
*                  0.0+0 8.49202181527-1  5.2806785065-1           0.0+0*
*         3.8187499902-1-6.14104952307-1 6.90685596111-1                *
*
CQUAD8       141       1     205     207     204     821     481     156+
+            159     160                                     142   0.0+0
CORD2R*              142               0           0.0+0           0.0+0*
*                  0.0+0 8.76678986352-1 4.81075830706-1           0.0+0*
*        4.81075830706-1-8.76678986352-1           0.0+0                *
*
CQUAD8       142       1     208     827     209     211     496     497+
+            498     494                                     143   0.0+0
CORD2R*              143               0           0.0+0           0.0+0*
*                  0.0+0 8.12846684592-1 5.82477696868-1           0.0+0*
*        4.21221760891-1-5.87814286554-1 6.90685596111-1                *
*
CQUAD8       143       1     825     200     203     165     141     142+
+            143     718                                     144   0.0+0
CORD2R*              144               0           0.0+0           0.0+0*
*                  0.0+0-7.40951125355-1-6.71558954847-1           0.0+0*
*       -6.71558954847-1 7.40951125355-1           0.0+0                *
*
CQUAD8       144       1     165     203     202     864     143     151+
+            153     728                                     145   0.0+0
CORD2R*              145               0           0.0+0           0.0+0*
*                  0.0+0-7.22302160272-1-6.91577608997-1           0.0+0*
*       -6.91577608997-1 7.22302160272-1           0.0+0                *
*
CQUAD8       145       1     168     213     212     826     504     509+
+            511     766                                     146   0.0+0
CORD2R*              146               0           0.0+0           0.0+0*
*                  0.0+0-6.83530291075-1-7.29922147344-1           0.0+0*
*       -7.29922147344-1 6.83530291075-1           0.0+0                *
*
CQUAD8       146       1     206     877     201     207     487     149+
+            157     485                                     147   0.0+0
CORD2R*              147               0           0.0+0           0.0+0*
*                  0.0+0 8.02944781659-1 5.96053418417-1           0.0+0*
*        5.96053418417-1-8.02944781659-1           0.0+0                *
*
CQUAD8       147       1     207     201     874     204     157     146+
+            155     156                                     148   0.0+0
CORD2R*              148               0           0.0+0           0.0+0*
*                  0.0+0 8.31332756687-1 5.55774997332-1           0.0+0*
*        5.55774997332-1-8.31332756687-1           0.0+0                *
*
CQUAD8       148       1     203     201     877     202     147     149+
+            150     151                                     149   0.0+0
CORD2R*              149               0           0.0+0           0.0+0*
*                  0.0+0 -7.7973652433-1-6.26107780358-1           0.0+0*
*       -6.26107780358-1  7.7973652433-1           0.0+0                *
*
CQUAD8       149       1     213     210     876     212     506     501+
+            508     509                                     150   0.0+0
CORD2R*              150               0           0.0+0           0.0+0*
*                  0.0+0-7.29705499825-1-6.83761569208-1           0.0+0*
*       -6.83761569208-1 7.29705499825-1           0.0+0                *
*
CQUAD8       150       1     228     882     229     231     285     286+
+            287     281                                     151   0.0+0
CORD2R*              151               0           0.0+0           0.0+0*
*                  0.0+0 8.03207531481-1 5.95699304492-1           0.0+0*
*        5.95699304492-1-8.03207531481-1           0.0+0                *
*
CQUAD8       151       1     197     152     832     195     123     650+
+            125     126                                     152   0.0+0
CORD2R*              152               0           0.0+0           0.0+0*
*                  0.0+0 4.90676743274-2-9.98795456205-1           0.0+0*
*       -9.98795456205-1-4.90676743274-2           0.0+0                *
*
CQUAD8       152       1     202     877     210     213     150     491+
+            506     503                                     153   0.0+0
CORD2R*              153               0           0.0+0           0.0+0*
*                  0.0+0-7.55135783025-1-6.55568416869-1           0.0+0*
*       -6.55568416869-1 7.55135783025-1           0.0+0                *
*
CQUAD8       153       1     893     266     277     273     434     476+
+            472     467                                     154   0.0+0
CORD2R*              154               0           0.0+0           0.0+0*
*                  0.0+0 9.73876979277-1-2.27076263034-1           0.0+0*
*       -1.64211374764-1-7.04264177509-1 6.90685596111-1                *
*
CQUAD8       154       1     266     846     275     277     442     478+
+            479     476                                     155   0.0+0
CORD2R*              155               0           0.0+0           0.0+0*
*                  0.0+0 9.86643332085-1-1.62895473395-1           0.0+0*
*       -1.17798704591-1 -7.1349623161-1 6.90685596111-1                *
*
CQUAD8       155       1     118     122     116     861     428     459+
+            466     469                                     156   0.0+0
CORD2R*              156               0           0.0+0           0.0+0*
*                  0.0+0-4.90676743274-2-9.98795456205-1           0.0+0*
*       -9.98795456205-1 4.90676743274-2           0.0+0                *
*
CQUAD8       156       1     893     273     274     257     467     468+
+            465     402                                     157   0.0+0
CORD2R*              157               0           0.0+0           0.0+0*
*                  0.0+0 9.77461974944-1-2.11111552359-1           0.0+0*
*       -2.11111552359-1-9.77461974944-1           0.0+0                *
*
CQUAD8       157       1     211     209     876     210     498     500+
+            501     490                                     158   0.0+0
CORD2R*              158               0           0.0+0           0.0+0*
*                  0.0+0 7.76400242434-1 6.30240163389-1           0.0+0*
*         4.1355232943-1-5.09459960632-1 7.54602557202-1                *
*
CQUAD8       158       1     206     211     210     877     489     490+
+            491     487                                     159   0.0+0
CORD2R*              159               0           0.0+0           0.0+0*
*                  0.0+0 8.09516663239-1  5.8709690166-1           0.0+0*
*        3.85561296641-1-5.31629946349-1 7.54130019743-1                *
*
CQUAD8       159       1     857      85     100      96     332     339+
+            343     347                                     160   0.0+0
CORD2R*              160               0           0.0+0           0.0+0*
*                  0.0+0 8.45935760258-1-5.33284810881-1           0.0+0*
*       -5.33284810881-1-8.45935760258-1           0.0+0                *
*
CQUAD8       160       1     907     950     951     949     676     677+
+            673     675                                     161   0.0+0
CORD2R*              161               0           0.0+0           0.0+0*
*                  0.0+0 4.75994341944-1-8.79448342108-1           0.0+0*
*       -8.79448342108-1-4.75994341944-1           0.0+0                *
*
CQUAD8       161       1     907     952     955     950     685     686+
+            681     676                                     162   0.0+0
CORD2R*              162               0           0.0+0           0.0+0*
*                  0.0+0  4.3247920633-1-9.01643907589-1           0.0+0*
*       -2.97144659405-1-1.42527316364-1 9.44135062095-1                *
*
CQUAD8       162       1     961     970     952     907     743     744+
+            685     717                                     163   0.0+0
CORD2R*              163               0           0.0+0           0.0+0*
*                  0.0+0 3.29133465922-1-9.44283411699-1           0.0+0*
*       -2.39371389246-1-8.34337805887-2 9.67336623036-1                *
*
CQUAD8       163       1     961     907     949     962     717     675+
+            707     715                                     164   0.0+0
CORD2R*              164               0           0.0+0           0.0+0*
*                  0.0+0 3.72558413903-1-9.28008743617-1           0.0+0*
*       -9.28008743617-1-3.72558413903-1           0.0+0                *
*
CQUAD8       164       1      96     100      92     856     343     370+
+            377     380                                     165   0.0+0
CORD2R*              165               0           0.0+0           0.0+0*
*                  0.0+0 8.65838015711-1-5.00324425298-1           0.0+0*
*       -5.00324425298-1-8.65838015711-1           0.0+0                *
*
CQUAD8       165       1     970     969     820     952     749     751+
+            688     744                                     166   0.0+0
CORD2R*              166               0           0.0+0           0.0+0*
*                  0.0+0 3.44564291458-1-9.38762722445-1           0.0+0*
*       -2.38250235875-1-8.74475751445-2 9.67258882982-1                *
*
CQUAD8       166       1     864     202     213     168     153     503+
+            504     756                                     167   0.0+0
CORD2R*              167               0           0.0+0           0.0+0*
*                  0.0+0-7.03135108599-1-7.11056269964-1           0.0+0*
*       -7.11056269964-1 7.03135108599-1           0.0+0                *
*
CQUAD8       167       1     200     874     201     203     145     146+
+            147     142                                     168   0.0+0
CORD2R*              168               0           0.0+0           0.0+0*
*                  0.0+0-8.03207531481-1-5.95699304492-1           0.0+0*
*       -5.95699304492-1 8.03207531481-1           0.0+0                *
*
CQUAD8       168       1     962     949     847     959     707     672+
+            705     706                                     169   0.0+0
CORD2R*              169               0           0.0+0           0.0+0*
*                  0.0+0 3.54784332381-1-9.34948168348-1           0.0+0*
*       -9.34948168348-1-3.54784332381-1           0.0+0                *
*
CQUAD8       169       1      85     855      90     100     323     353+
+            357     339                                     170   0.0+0
CORD2R*              170               0           0.0+0           0.0+0*
*                  0.0+0 7.76311740259-1-6.30349174614-1           0.0+0*
*       -6.30349174614-1-7.76311740259-1           0.0+0                *
*
CQUAD8       170       1      87      82     855      85     313     320+
+            323     327                                     171   0.0+0
CORD2R*              171               0           0.0+0           0.0+0*
*                  0.0+0 7.58898856062-1-6.51208512128-1           0.0+0*
*       -6.51208512128-1-7.58898856062-1           0.0+0                *
*
CQUAD8       171       1     100      90     844      92     357     363+
+            367     370                                     172   0.0+0
CORD2R*              172               0           0.0+0           0.0+0*
*                  0.0+0  7.9326751069-1-6.08873267999-1           0.0+0*
*       -6.08873267999-1 -7.9326751069-1           0.0+0                *
*
CQUAD8       172       1      79     817      82      87     307     309+
+            313     295                                     173   0.0+0
CORD2R*              173               0           0.0+0           0.0+0*
*                  0.0+0 7.40951125355-1-6.71558954847-1           0.0+0*
*       -6.71558954847-1-7.40951125355-1           0.0+0                *
*
CQUAD8       173       1     949     951     948     847     673     668+
+            671     672                                     174   0.0+0
CORD2R*              174               0           0.0+0           0.0+0*
*                  0.0+0 4.51924411756-1-8.92056234808-1           0.0+0*
*       -8.92056234808-1-4.51924411756-1           0.0+0                *
*
CQUAD8       174       1     952     820     953     955     688     689+
+            690     686                                     175   0.0+0
CORD2R*              175               0           0.0+0           0.0+0*
*                  0.0+0 4.52045546177-1-8.91994856589-1           0.0+0*
*       -2.93964730002-1-1.48975575306-1 9.44135062095-1                *
*
CQUAD8       175       1     817     174     177      82      41      42+
+             43     309                                     176   0.0+0
CORD2R*              176               0           0.0+0           0.0+0*
*                  0.0+0 6.71558954847-1-7.40951125355-1           0.0+0*
*       -7.40951125355-1-6.71558954847-1           0.0+0                *
*
CQUAD8       176       1      82     177     176     855      43      51+
+             53     320                                     177   0.0+0
CORD2R*              177               0           0.0+0           0.0+0*
*                  0.0+0 6.85567157289-1 -7.2800939063-1           0.0+0*
*        -7.2800939063-1-6.85567157289-1           0.0+0                *
*
CQUAD8       177       1     855     176     187      90      53      83+
+             84     353                                     178   0.0+0
CORD2R*              178               0           0.0+0           0.0+0*
*                  0.0+0 6.99332664542-1-7.14796351631-1           0.0+0*
*       -7.14796351631-1-6.99332664542-1           0.0+0                *
*
CQUAD8       178       1      90     187     186     844      84      89+
+             91     363                                     179   0.0+0
CORD2R*              179               0           0.0+0           0.0+0*
*                  0.0+0 7.12855213774-1-7.01311232047-1           0.0+0*
*       -7.01311232047-1-7.12855213774-1           0.0+0                *
*
CQUAD8       179       1     950     909     944     951     679     661+
+            669     677                                     180   0.0+0
CORD2R*              180               0           0.0+0           0.0+0*
*                  0.0+0 5.77463472866-1-8.16416522068-1           0.0+0*
*       -8.16416522068-1-5.77463472866-1           0.0+0                *
*
CQUAD8       180       1     950     955     954     909     681     682+
+            683     679                                     181   0.0+0
CORD2R*              181               0           0.0+0           0.0+0*
*                  0.0+0 5.41576664695-1-8.40651364275-1           0.0+0*
*       -3.91661779436-1-2.52322055503-1 8.84835934417-1                *
*
CQUAD8       181       1     951     944     906     948     669     658+
+            667     668                                     182   0.0+0
CORD2R*              182               0           0.0+0           0.0+0*
*                  0.0+0 5.46157968222-1-8.37682203313-1           0.0+0*
*       -8.37682203313-1-5.46157968222-1           0.0+0                *
*
CQUAD8       182       1     130     859     135     144     553     589+
+            592     576                                     183   0.0+0
CORD2R*              183               0           0.0+0           0.0+0*
*                  0.0+0-3.36889853392-1-9.41544065183-1           0.0+0*
*       -9.41544065183-1 3.36889853392-1           0.0+0                *
*
CQUAD8       183       1     219     221     218     819     532     528+
+            531     447                                     184   0.0+0
CORD2R*              184               0           0.0+0           0.0+0*
*                  0.0+0 9.93447779019-1 1.14286964967-1           0.0+0*
*        1.14286964967-1-9.93447779019-1           0.0+0                *
*
CQUAD8       184       1     955     953     908     954     690     692+
+            693     682                                     185   0.0+0
CORD2R*              185               0           0.0+0           0.0+0*
*                  0.0+0 5.68984218834-1-8.22348441184-1           0.0+0*
*       -3.84013563393-1-2.65699606695-1 8.84272187809-1                *
*
CQUAD8       185       1     968     966     911     967     738     740+
+            741     732                                     186   0.0+0
CORD2R*              186               0           0.0+0           0.0+0*
*                  0.0+0 9.96224675798-1           0.0+0 8.68124146161-2*
*       -8.68078762898-2-1.02250694503-2 9.96172595773-1                *
*
CQUAD8       186       1     158     863     161     163     670     674+
+            678     660                                     187   0.0+0
CORD2R*              187               0           0.0+0           0.0+0*
*                  0.0+0-5.14102744193-1    -8.5772861-1           0.0+0*
*           -8.5772861-1 5.14102744193-1           0.0+0                *
*
CQUAD8       187       1     881     216     217     215     522     523+
+            519     521                                     188   0.0+0
CORD2R*              188               0           0.0+0           0.0+0*
*                  0.0+0 9.30017223684-1 3.67515936595-1           0.0+0*
*        3.67515936595-1-9.30017223684-1           0.0+0                *
*
CQUAD8       188       1      66     854      68      75     809     810+
+            811     806                                     189   0.0+0
CORD2R*              189               0           0.0+0           0.0+0*
*                  0.0+0     8.5772861-1-5.14102744193-1           0.0+0*
*       -5.14102744193-1    -8.5772861-1           0.0+0                *
*
CQUAD8       189       1      75      68     857      72     811     813+
+            814     815                                     190   0.0+0
CORD2R*              190               0           0.0+0           0.0+0*
*                  0.0+0 8.81740298281-1-4.71735144321-1           0.0+0*
*       -4.71735144321-1-8.81740298281-1           0.0+0                *
*
CQUAD8       190       1      72     857      96     106     814     347+
+            396     385                                     191   0.0+0
CORD2R*              191               0           0.0+0           0.0+0*
*                  0.0+0 9.03689341634-1-4.28188712856-1           0.0+0*
*       -4.28188712856-1-9.03689341634-1           0.0+0                *
*
CQUAD8       191       1     106      96     856     104     396     380+
+            403     407                                     192   0.0+0
CORD2R*              192               0           0.0+0           0.0+0*
*                  0.0+0 9.23730555077-1-3.83042897881-1           0.0+0*
*       -3.83042897881-1-9.23730555077-1           0.0+0                *
*
CQUAD8       192       1     912     961     962     960     714     715+
+            711     713                                     193   0.0+0
CORD2R*              193               0           0.0+0           0.0+0*
*                  0.0+0 2.69263814367-1-9.63066455792-1           0.0+0*
*       -9.63066455792-1-2.69263814367-1           0.0+0                *
*
CQUAD8       193       1     912     967     970     961     733     746+
+            743     714                                     194   0.0+0
CORD2R*              194               0           0.0+0           0.0+0*
*                  0.0+0 2.21684043102-1-9.75118549221-1           0.0+0*
*       -1.68442083871-1-3.82937256305-2 9.84967438527-1                *
*
CQUAD8       194       1     882     232     235     229     296     297+
+            298     286                                     195   0.0+0
CORD2R*              195               0           0.0+0           0.0+0*
*                  0.0+0     8.5772861-1 5.14102744193-1           0.0+0*
*        5.14102744193-1    -8.5772861-1           0.0+0                *
*
CQUAD8       195       1     229     886     230     231     289     290+
+            291     287                                     196   0.0+0
CORD2R*              196               0           0.0+0           0.0+0*
*                  0.0+0-7.73010453363-1-6.34393284164-1           0.0+0*
*       -4.58764786514-1 5.59006509783-1 6.90685596111-1                *
*
CQUAD8       196       1     193     861     152     197     114     628+
+            123     119                                     197   0.0+0
CORD2R*              197               0           0.0+0           0.0+0*
*                  0.0+0 4.90676743274-2-9.98795456205-1           0.0+0*
*       -9.98795456205-1-4.90676743274-2           0.0+0                *
*
CQUAD8       197       1     229     235     234     886     298     306+
+            308     289                                     198   0.0+0
CORD2R*              198               0           0.0+0           0.0+0*
*                  0.0+0  8.2226821899-1 5.69100145879-1           0.0+0*
*        5.69100145879-1 -8.2226821899-1           0.0+0                *
*
CQUAD8       198       1     873     193     197     196     117     119+
+            120     121                                     199   0.0+0
CORD2R*              199               0           0.0+0           0.0+0*
*                  0.0+0 1.46730474455-1-9.89176509965-1           0.0+0*
*       -9.89176509965-1-1.46730474455-1           0.0+0                *
*
CQUAD8       199       1     196     197     195     872     120     126+
+            128     129                                     200   0.0+0
CORD2R*              200               0           0.0+0           0.0+0*
*                  0.0+0 1.46730474455-1-9.89176509965-1           0.0+0*
*       -9.89176509965-1-1.46730474455-1           0.0+0                *
*
CQUAD8       200       1     256     893     257     258     401     402+
+            390     399                                     201   0.0+0
CORD2R*              201               0           0.0+0           0.0+0*
*                  0.0+0 9.52062677714-1-3.05903020097-1           0.0+0*
*       -3.05903020097-1-9.52062677714-1           0.0+0                *
*
CQUAD8       201       1     256     267     266     893     432     433+
+            434     401                                     202   0.0+0
CORD2R*              202               0           0.0+0           0.0+0*
*                  0.0+0 9.46930129495-1-3.21439465303-1           0.0+0*
*       -2.32450612827-1-6.84777423636-1 6.90685596111-1                *
*
CQUAD8       202       1     258     257     842     254     390     391+
+            388     389                                     203   0.0+0
CORD2R*              203               0           0.0+0           0.0+0*
*                  0.0+0 9.30017223684-1-3.67515936595-1           0.0+0*
*       -3.67515936595-1-9.30017223684-1           0.0+0                *
*
CQUAD8       203       1     267     265     846     266     439     441+
+            442     433                                     204   0.0+0
CORD2R*              204               0           0.0+0           0.0+0*
*                  0.0+0 9.65925826289-1-2.58819045103-1           0.0+0*
*       -1.87166331889-1-6.98514260078-1 6.90685596111-1                *
*
CQUAD8       204       1     276     896     278     279     486     510+
+            512     505                                     205   0.0+0
CORD2R*              205               0           0.0+0           0.0+0*
*                  0.0+0 9.99464587476-1 3.27190828218-2           0.0+0*
*        2.36609740682-2-7.22767988798-1 6.90685596111-1                *
*
CQUAD8       205       1     257     274     272     842     465     461+
+            464     391                                     206   0.0+0
CORD2R*              206               0           0.0+0           0.0+0*
*                  0.0+0 9.61561797683-1-2.74588618185-1           0.0+0*
*       -2.74588618185-1-9.61561797683-1           0.0+0                *
*
CQUAD8       206       1     192     823     118     194     111     431+
+            112     108                                     207   0.0+0
CORD2R*              207               0           0.0+0           0.0+0*
*                  0.0+0 4.90676743274-2-9.98795456205-1           0.0+0*
*       -9.98795456205-1-4.90676743274-2           0.0+0                *
*
CQUAD8       207       1     194     118     861     193     112     469+
+            114     115                                     208   0.0+0
CORD2R*              208               0           0.0+0           0.0+0*
*                  0.0+0 4.90676743274-2-9.98795456205-1           0.0+0*
*       -9.98795456205-1-4.90676743274-2           0.0+0                *
*
CQUAD8       208       1     823     110     122     118     421     424+
+            428     431                                     209   0.0+0
CORD2R*              209               0           0.0+0           0.0+0*
*                  0.0+0-4.90676743274-2-9.98795456205-1           0.0+0*
*       -9.98795456205-1 4.90676743274-2           0.0+0                *
*
CQUAD8       209       1     113     133     130     862     480     561+
+            568     452                                     210   0.0+0
CORD2R*              210               0           0.0+0           0.0+0*
*                  0.0+0-2.42980179903-1-9.70031253195-1           0.0+0*
*       -9.70031253195-1 2.42980179903-1           0.0+0                *
*
CQUAD8       210       1      33      75      72     850     807     815+
+            284     775                                     211   0.0+0
CORD2R*              211               0           0.0+0           0.0+0*
*                  0.0+0 9.27942985028-1-3.72722170708-1           0.0+0*
*       -3.72722170708-1-9.27942985028-1           0.0+0                *
*
CQUAD8       211       1     850      72     106      40     284     385+
+            387     785                                     212   0.0+0
CORD2R*              212               0           0.0+0           0.0+0*
*                  0.0+0 9.48595285684-1-3.16491680739-1           0.0+0*
*       -3.16491680739-1-9.48595285684-1           0.0+0                *
*
CQUAD8       212       1      40     106     104     824     387     407+
+            415     788                                     213   0.0+0
CORD2R*              213               0           0.0+0           0.0+0*
*                  0.0+0 9.65885584556-1-2.58969182618-1           0.0+0*
*       -2.58969182618-1-9.65885584556-1           0.0+0                *
*
CQUAD8       213       1     964     912     960     965     729     713+
+            721     727                                     214   0.0+0
CORD2R*              214               0           0.0+0           0.0+0*
*                  0.0+0 1.62817366008-1-9.86656224491-1           0.0+0*
*       -9.86656224491-1-1.62817366008-1           0.0+0                *
*
CQUAD8       214       1     861     116     154     152     466     622+
+            625     628                                     215   0.0+0
CORD2R*              215               0           0.0+0           0.0+0*
*                  0.0+0-4.90676743274-2-9.98795456205-1           0.0+0*
*       -9.98795456205-1 4.90676743274-2           0.0+0                *
*
CQUAD8       215       1     274     269     895     272     462     450+
+            460     461                                     216   0.0+0
CORD2R*              216               0           0.0+0           0.0+0*
*                  0.0+0 9.83846005927-1-1.79016861277-1           0.0+0*
*       -1.79016861277-1-9.83846005927-1           0.0+0                *
*
CQUAD8       216       1     964     968     967     912     731     732+
+            733     729                                     217   0.0+0
CORD2R*              217               0           0.0+0           0.0+0*
*                  0.0+0 9.96229405626-1           0.0+0 8.67581198832-2*
*       -8.67540070744-2-9.73697469693-3 9.96182178911-1                *
*
CQUAD8       217       1     965     960     910     963     721     710+
+            719     720                                     218   0.0+0
CORD2R*              218               0           0.0+0           0.0+0*
*                  0.0+0 1.54777536925-1-9.87949347924-1           0.0+0*
*       -9.87949347924-1-1.54777536925-1           0.0+0                *
*
CQUAD8       218       1     270     879     219     271     457     458+
+            446     455                                     219   0.0+0
CORD2R*              219               0           0.0+0           0.0+0*
*                  0.0+0 9.96655239309-1 8.17210741337-2           0.0+0*
*        8.17210741337-2-9.96655239309-1           0.0+0                *
*
CQUAD8       219       1     124     828     127     133     502     507+
+            516     477                                     220   0.0+0
CORD2R*              220               0           0.0+0           0.0+0*
*                  0.0+0-3.36889853392-1-9.41544065183-1           0.0+0*
*       -9.41544065183-1 3.36889853392-1           0.0+0                *
*
CQUAD8       220       1     174     867     175     177      45      46+
+             47      42                                     221   0.0+0
CORD2R*              221               0           0.0+0           0.0+0*
*                  0.0+0 5.95699304492-1-8.03207531481-1           0.0+0*
*       -8.03207531481-1-5.95699304492-1           0.0+0                *
*
CQUAD8       221       1     177     175     870     176      47      49+
+             50      51                                     222   0.0+0
CORD2R*              222               0           0.0+0           0.0+0*
*                  0.0+0 6.06560461008-1-7.95037362105-1           0.0+0*
*       -7.95037362105-1-6.06560461008-1           0.0+0                *
*
CQUAD8       222       1     176     870     184     187      50      71+
+             86      83                                     223   0.0+0
CORD2R*              223               0           0.0+0           0.0+0*
*                  0.0+0 6.17316903838-1-7.86714586261-1           0.0+0*
*       -7.86714586261-1-6.17316903838-1           0.0+0                *
*
CQUAD8       223       1     187     184     869     186      86      81+
+             88      89                                     224   0.0+0
CORD2R*              224               0           0.0+0           0.0+0*
*                  0.0+0  6.2801316162-1-7.78202717055-1           0.0+0*
*       -7.78202717055-1 -6.2801316162-1           0.0+0                *
*
CQUAD8       224       1     909     945     947     944     662     663+
+            659     661                                     225   0.0+0
CORD2R*              225               0           0.0+0           0.0+0*
*                  0.0+0 6.71039360149-1-7.41421726908-1           0.0+0*
*       -7.41421726908-1-6.71039360149-1           0.0+0                *
*
CQUAD8       225       1     909     954     958     945     683     698+
+            695     662                                     226   0.0+0
CORD2R*              226               0           0.0+0           0.0+0*
*                  0.0+0 6.42250430865-1-7.66494868902-1           0.0+0*
*       -4.41886686819-1-3.70259380092-1 8.17094943973-1                *
*
CQUAD8       226       1     944     947     943     906     659     654+
+            657     658                                     227   0.0+0
CORD2R*              227               0           0.0+0           0.0+0*
*                  0.0+0 6.34096590376-1-7.73253848405-1           0.0+0*
*       -7.73253848405-1-6.34096590376-1           0.0+0                *
*
CQUAD8       227       1     954     908     956     958     693     700+
+            701     698                                     228   0.0+0
CORD2R*              228               0           0.0+0           0.0+0*
*                  0.0+0 6.75417904411-1-7.37435186577-1           0.0+0*
*       -4.25133689162-1-3.89380532222-1 8.17094943973-1                *
*
CQUAD8       228       1     867     178     181     175      55      56+
+             57      46                                     229   0.0+0
CORD2R*              229               0           0.0+0           0.0+0*
*                  0.0+0 5.14102744193-1    -8.5772861-1           0.0+0*
*           -8.5772861-1-5.14102744193-1           0.0+0                *
*
CQUAD8       229       1     175     181     180     870      57      65+
+             67      49                                     230   0.0+0
CORD2R*              230               0           0.0+0           0.0+0*
*                  0.0+0 5.21067645924-1-8.53515382622-1           0.0+0*
*       -8.53515382622-1-5.21067645924-1           0.0+0                *
*
CQUAD8       230       1     870     180     185     184      67      69+
+             70      71                                     231   0.0+0
CORD2R*              231               0           0.0+0           0.0+0*
*                  0.0+0 5.28000622545-1-8.49243982959-1           0.0+0*
*       -8.49243982959-1-5.28000622545-1           0.0+0                *
*
CQUAD8       231       1     184     185     183     869      70      78+
+             80      81                                     232   0.0+0
CORD2R*              232               0           0.0+0           0.0+0*
*                  0.0+0 5.34962718988-1 -8.4487566499-1           0.0+0*
*        -8.4487566499-1-5.34962718988-1           0.0+0                *
*
CQUAD8       232       1     945     891     946     947     665     412+
+            655     663                                     233   0.0+0
CORD2R*              233               0           0.0+0           0.0+0*
*                  0.0+0  7.5527164638-1-6.55411885896-1           0.0+0*
*       -6.55411885896-1 -7.5527164638-1           0.0+0                *
*
CQUAD8       233       1     945     958     957     891     695     696+
+            422     665                                     234   0.0+0
CORD2R*              234               0           0.0+0           0.0+0*
*                  0.0+0 7.33317117985-1-6.79886758564-1           0.0+0*
*       -4.47725721155-1-4.82911207417-1 7.52554612216-1                *
*
CQUAD8       234       1     947     946     822     943     655     409+
+            653     654                                     235   0.0+0
CORD2R*              235               0           0.0+0           0.0+0*
*                  0.0+0   7.146729316-1 -6.9945879138-1           0.0+0*
*        -6.9945879138-1  -7.146729316-1           0.0+0                *
*
CQUAD8       235       1     958     956     843     957     701     703+
+            425     696                                     236   0.0+0
CORD2R*              236               0           0.0+0           0.0+0*
*                  0.0+0 7.69439622879-1-6.38719552498-1           0.0+0*
*       -4.21286875774-1-5.07507267551-1 7.51634047715-1                *
*
CQUAD8       236       1     178     830     179     181      59      60+
+             61      56                                     237   0.0+0
CORD2R*              237               0           0.0+0           0.0+0*
*                  0.0+0  4.2755509343-1-9.03989293123-1           0.0+0*
*       -9.03989293123-1 -4.2755509343-1           0.0+0                *
*
CQUAD8       237       1     181     179     868     180      61      63+
+             64      65                                     238   0.0+0
CORD2R*              238               0           0.0+0           0.0+0*
*                  0.0+0 4.30005454233-1-9.02826289676-1           0.0+0*
*       -9.02826289676-1-4.30005454233-1           0.0+0                *
*
CQUAD8       238       1     180     868     182     185      64      73+
+             74      69                                     239   0.0+0
CORD2R*              239               0           0.0+0           0.0+0*
*                  0.0+0 4.32455413526-1-9.01655319572-1           0.0+0*
*       -9.01655319572-1-4.32455413526-1           0.0+0                *
*
CQUAD8       239       1     185     182     848     183      74      76+
+             77      78                                     240   0.0+0
CORD2R*              240               0           0.0+0           0.0+0*
*                  0.0+0 4.34923011276-1-9.00467641985-1           0.0+0*
*       -9.00467641985-1-4.34923011276-1           0.0+0                *
*
CQUAD8       240       1     891     260     261     946     413     414+
+            410     412                                     241   0.0+0
CORD2R*              241               0           0.0+0           0.0+0*
*                  0.0+0  8.2226821899-1-5.69100145879-1           0.0+0*
*       -5.69100145879-1 -8.2226821899-1           0.0+0                *
*
CQUAD8       241       1     891     957     264     260     422     423+
+            418     413                                     242   0.0+0
CORD2R*              242               0           0.0+0           0.0+0*
*                  0.0+0 8.12846684592-1-5.82477696868-1           0.0+0*
*       -4.21221760891-1-5.87814286554-1 6.90685596111-1                *
*
CQUAD8       242       1     946     261     259     822     410     405+
+            408     409                                     243   0.0+0
CORD2R*              243               0           0.0+0           0.0+0*
*                  0.0+0 7.83286749229-1 -6.2166057337-1           0.0+0*
*        -6.2166057337-1-7.83286749229-1           0.0+0                *
*
CQUAD8       243       1     957     843     262     264     425     426+
+            427     423                                     244   0.0+0
CORD2R*              244               0           0.0+0           0.0+0*
*                  0.0+0 8.49202181527-1 -5.2806785065-1           0.0+0*
*        -3.8187499902-1-6.14104952307-1 6.90685596111-1                *
*
CQUAD8       244       1     830     188     191     179      93      94+
+             95      60                                     245   0.0+0
CORD2R*              245               0           0.0+0           0.0+0*
*                  0.0+0 3.36889853392-1-9.41544065183-1           0.0+0*
*       -9.41544065183-1-3.36889853392-1           0.0+0                *
*
CQUAD8       245       1     179     191     190     868      95     103+
+            105      63                                     246   0.0+0
CORD2R*              246               0           0.0+0           0.0+0*
*                  0.0+0 3.36889853392-1-9.41544065183-1           0.0+0*
*       -9.41544065183-1-3.36889853392-1           0.0+0                *
*
CQUAD8       246       1     170     171     169     865     747     774+
+            780     784                                     247   0.0+0
CORD2R*              247               0           0.0+0           0.0+0*
*                  0.0+0-5.62324942258-1-8.26916355694-1           0.0+0*
*       -8.26916355694-1 5.62324942258-1           0.0+0                *
*
CQUAD8       247       1     868     190     199     182     105     131+
+            132      73                                     248   0.0+0
CORD2R*              248               0           0.0+0           0.0+0*
*                  0.0+0 3.36889853392-1-9.41544065183-1           0.0+0*
*       -9.41544065183-1-3.36889853392-1           0.0+0                *
*
CQUAD8       248       1     182     199     198     848     132     137+
+            139      76                                     249   0.0+0
CORD2R*              249               0           0.0+0           0.0+0*
*                  0.0+0 3.36889853392-1-9.41544065183-1           0.0+0*
*       -9.41544065183-1-3.36889853392-1           0.0+0                *
*
CQUAD8       249       1     216     227     208     875     551     552+
+            493     525                                     250   0.0+0
CORD2R*              250               0           0.0+0           0.0+0*
*                  0.0+0 8.96872741533-1 4.42288690219-1           0.0+0*
*        3.19843355236-1-6.48578164477-1 6.90685596111-1                *
*
CQUAD8       250       1     260     894     255     261     416     397+
+            406     414                                     251   0.0+0
CORD2R*              251               0           0.0+0           0.0+0*
*                  0.0+0 8.74090341627-1-4.85763393716-1           0.0+0*
*       -4.85763393716-1-8.74090341627-1           0.0+0                *
*
CQUAD8       251       1     260     264     263     894     418     419+
+            420     416                                     252   0.0+0
CORD2R*              252               0           0.0+0           0.0+0*
*                  0.0+0 8.66025403784-1          -5.0-1           0.0+0*
*       -3.61577587568-1-6.26270752545-1 6.90685596111-1                *
*
CQUAD8       252       1     261     255     890     259     406     394+
+            404     405                                     253   0.0+0
CORD2R*              253               0           0.0+0           0.0+0*
*                  0.0+0 8.40448401094-1-5.41891580575-1           0.0+0*
*       -5.41891580575-1-8.40448401094-1           0.0+0                *
*
CQUAD8       253       1     264     262     892     263     427     429+
+            430     419                                     254   0.0+0
CORD2R*              254               0           0.0+0           0.0+0*
*                  0.0+0 8.96872741533-1-4.42288690219-1           0.0+0*
*       -3.19843355236-1-6.48578164477-1 6.90685596111-1                *
*
CQUAD8       254       1     188     871     189     191      97      98+
+             99      94                                     255   0.0+0
CORD2R*              255               0           0.0+0           0.0+0*
*                  0.0+0 2.42980179903-1-9.70031253195-1           0.0+0*
*       -9.70031253195-1-2.42980179903-1           0.0+0                *
*
CQUAD8       255       1     191     189     873     190      99     101+
+            102     103                                     256   0.0+0
CORD2R*              256               0           0.0+0           0.0+0*
*                  0.0+0 2.42980179903-1-9.70031253195-1           0.0+0*
*       -9.70031253195-1-2.42980179903-1           0.0+0                *
*
CQUAD8       256       1     190     873     196     199     102     121+
+            134     131                                     257   0.0+0
CORD2R*              257               0           0.0+0           0.0+0*
*                  0.0+0 2.42980179903-1-9.70031253195-1           0.0+0*
*       -9.70031253195-1-2.42980179903-1           0.0+0                *
*
CQUAD8       257       1     199     196     872     198     134     129+
+            136     137                                     258   0.0+0
CORD2R*              258               0           0.0+0           0.0+0*
*                  0.0+0 2.42980179903-1-9.70031253195-1           0.0+0*
*       -9.70031253195-1-2.42980179903-1           0.0+0                *
*
CQUAD8       258       1     167     165     864     166     722     728+
+            730     734                                     259   0.0+0
CORD2R*              259               0           0.0+0           0.0+0*
*                  0.0+0-6.57282012145-1-7.53644715042-1           0.0+0*
*       -7.53644715042-1 6.57282012145-1           0.0+0                *
*
CQUAD8       259       1     894     256     258     255     398     399+
+            395     397                                     260   0.0+0
CORD2R*              260               0           0.0+0           0.0+0*
*                  0.0+0 9.17494496447-1-3.97748474527-1           0.0+0*
*       -3.97748474527-1-9.17494496447-1           0.0+0                *
*
CQUAD8       260       1     894     263     267     256     420     436+
+            432     398                                     261   0.0+0
CORD2R*              261               0           0.0+0           0.0+0*
*                  0.0+0 9.10863824921-1-4.12707029804-1           0.0+0*
*       -2.98451224418-1-6.58695888835-1 6.90685596111-1                *
*
CQUAD8       261       1     171     168     826     169     760     766+
+            770     774                                     262   0.0+0
CORD2R*              262               0           0.0+0           0.0+0*
*                  0.0+0-6.28036925367-1-7.78183539003-1           0.0+0*
*       -7.78183539003-1 6.28036925367-1           0.0+0                *
*
CQUAD8       262       1     122     113     862     116     443     452+
+            456     459                                     263   0.0+0
CORD2R*              263               0           0.0+0           0.0+0*
*                  0.0+0-1.46730474455-1-9.89176509965-1           0.0+0*
*       -9.89176509965-1 1.46730474455-1           0.0+0                *
*
CQUAD8       263       1     255     258     254     890     395     389+
+            393     394                                     264   0.0+0
CORD2R*              264               0           0.0+0           0.0+0*
*                  0.0+0 8.89516075422-1 -4.5690387563-1           0.0+0*
*        -4.5690387563-1-8.89516075422-1           0.0+0                *
*
CQUAD8       264       1     263     892     265     267     430     438+
+            439     436                                     265   0.0+0
CORD2R*              265               0           0.0+0           0.0+0*
*                  0.0+0 9.35905926757-1-3.52250047921-1           0.0+0*
*       -2.54731445096-1-6.76805214374-1 6.90685596111-1                *
*
CQUAD8       265       1     154     140     860     148     634     616+
+            639     642                                     266   0.0+0
CORD2R*              266               0           0.0+0           0.0+0*
*                  0.0+0-1.46730474455-1-9.89176509965-1           0.0+0*
*       -9.89176509965-1 1.46730474455-1           0.0+0                *
*
CQUAD8       266       1     871     192     194     189     107     108+
+            109      98                                     267   0.0+0
CORD2R*              267               0           0.0+0           0.0+0*
*                  0.0+0 1.46730474455-1-9.89176509965-1           0.0+0*
*       -9.89176509965-1-1.46730474455-1           0.0+0                *
*
CQUAD8       267       1     189     194     193     873     109     115+
+            117     101                                     268   0.0+0
CORD2R*              268               0           0.0+0           0.0+0*
*                  0.0+0 1.46730474455-1-9.89176509965-1           0.0+0*
*       -9.89176509965-1-1.46730474455-1           0.0+0                *
*
CQUAD8       268       1     831     228     231     934     280     281+
+            282     283                                     269   0.0+0
CORD2R*              269               0           0.0+0           0.0+0*
*                  0.0+0 7.40951125355-1 6.71558954847-1           0.0+0*
*        6.71558954847-1-7.40951125355-1           0.0+0                *
*
CQUAD8       269       1     960     962     959     910     711     706+
+            709     710                                     270   0.0+0
CORD2R*              270               0           0.0+0           0.0+0*
*                  0.0+0 2.56141168567-1-9.66639385586-1           0.0+0*
*       -9.66639385586-1-2.56141168567-1           0.0+0                *
*
CQUAD8       270       1     967     911     969     970     741     748+
+            749     746                                     271   0.0+0
CORD2R*              271               0           0.0+0           0.0+0*
*                  0.0+0 2.32358868373-1-9.72630123062-1           0.0+0*
*       -1.68012232867-1-4.01376961047-2 9.84967438527-1                *
*
CQUAD8       271       1     854      79      87      68     292     295+
+            299     810                                     272   0.0+0
CORD2R*              272               0           0.0+0           0.0+0*
*                  0.0+0 8.03207531481-1-5.95699304492-1           0.0+0*
*       -5.95699304492-1-8.03207531481-1           0.0+0                *
*
CQUAD8       272       1      68      87      85     857     299     327+
+            332     813                                     273   0.0+0
CORD2R*              273               0           0.0+0           0.0+0*
*                  0.0+0 8.25151269153-1-5.64911836497-1           0.0+0*
*       -5.64911836497-1-8.25151269153-1           0.0+0                *
*
$--1---><--2---><--3---><--4---><--5---><--6---><--7---><--8---><--9---><--10-->
$$$$$$$$$$$$$$$$$$$$$$$$$$$$$$$$$$$$ force $$$$$$$$$$$$$$$$$$$$$$$$$$$$$$$$$$$$$
FORCE*                 2             901               0           1.0+0*
*                  0.0+0 2.08333375746-2           0.0+0
FORCE*                 2             563               0           1.0+0*
*                  0.0+0 4.16666751553-2           0.0+0
FORCE*                 2             916               0           1.0+0*
*                  0.0+0 2.08333375751-2           0.0+0
FORCE*                 2               2               0           1.0+0*
*                  0.0+0 4.16666244772-2           0.0+0
FORCE*                 2              24               0           1.0+0*
*                  0.0+0 4.16666647184-2           0.0+0
FORCE*                 2             712               0           1.0+0*
*                  0.0+0 1.66666659886-1           0.0+0
FORCE*                 2             927               0           1.0+0*
*                  0.0+0 2.08333375741-2           0.0+0
FORCE*                 2             595               0           1.0+0*
*                  0.0+0  4.1666675155-2           0.0+0
FORCE*                 2             538               0           1.0+0*
*                  0.0+0 4.16666751557-2           0.0+0
FORCE*                 2             818               0           1.0+0*
*                  0.0+0 1.04166687873-2           0.0+0
FORCE*                 2             840               0           1.0+0*
*                  0.0+0 1.04166687872-2           0.0+0
FORCE*                 2             603               0           1.0+0*
*                  0.0+0 4.16666751546-2           0.0+0
$--1---><--2---><--3---><--4---><--5---><--6---><--7---><--8---><--9---><--10-->
LOAD           1   1.0+0   1.0+0       2
ENDDATA 
