   930192708

 MYSTRAN Version 19.0.0   JUN 28 2026 MYSTRAN developed by Dr Bill Case
*** Please report any problems to mystransolver@gmail.com ***                                                                                                                                                                                                   

 >> MYSTRAN BEGIN  :  9/30/2026 at 19:27: 8.546 The input file is C:\Users\victo\Documents\Git\MYSTRAN_Validation\working\NAS S30 mitc4+ SNORM membrane-shear coupling thermal.bdf                                                                                                                                                


 >> LINK  0 BEGIN


SOL 101                                                                                                                                                                                                                                                         
CEND                                                                                                                                                                                                                                                            
DISPLACEMENT = ALL                                                                                                                                                                                                                                              
SPCFORCES = ALL                                                                                                                                                                                                                                                 
MPCFORCES = ALL                                                                                                                                                                                                                                                 
STRESS(CORNER) = ALL                                                                                                                                                                                                                                            
STRAIN(CORNER,FIBER) = ALL                                                                                                                                                                                                                                      
FORCE(CORNER) = ALL                                                                                                                                                                                                                                             
SPC = 1                                                                                                                                                                                                                                                         
TEMPERATURE = 4                                                                                                                                                                                                                                                 
BEGIN BULK                                                                                                                                                                                                                                                      
ECHO: loadb GRID           1       0   0.0+0   0.0+0   0.0+0       0                                                                                                                                                                                                        
ECHO: loadb GRID           2       0   1.0+0   0.0+0   0.0+0       0                                                                                                                                                                                                        
ECHO: loadb GRID           3       0   1.0+0   1.0+0   0.0+0       0                                                                                                                                                                                                        
ECHO: loadb GRID           4       0   0.0+0   1.0+0   0.0+0       0                                                                                                                                                                                                        
ECHO: loadb GRID           5       0   2.0+0   0.0+0   0.0+0       0                                                                                                                                                                                                        
ECHO: loadb GRID           6       0   3.0+0   0.0+0   0.0+0       0                                                                                                                                                                                                        
ECHO: loadb GRID           7       0   3.0+0   1.0+0   0.0+0       0                                                                                                                                                                                                        
ECHO: loadb GRID           8       0   2.0+0   1.0+0   0.0+0       0                                                                                                                                                                                                        
ECHO: loadb GRID           9       0   2.5+0   0.0+0   0.0+0       0                                                                                                                                                                                                        
ECHO: loadb GRID          10       0   3.0+0   5.0-1   0.0+0       0                                                                                                                                                                                                        
ECHO: loadb GRID          11       0   2.5+0   1.0+0   0.0+0       0                                                                                                                                                                                                        
ECHO: loadb GRID          12       0   2.0+0   5.0-1   0.0+0       0                                                                                                                                                                                                        
ECHO: loadb GRID*                 13               0 2.43737888336+0 5.59142112732-1*                                                                                                                                                                                       
ECHO: loadb *                  0.0+0               0                                                                                                                                                                                                                        
ECHO: loadb GRID          14       0   6.5+0 1.025+0   5.0-2       0                                                                                                                                                                                                        
ECHO: loadb GRID*                 15               0           6.0+0        1.0625-1*                                                                                                                                                                                       
ECHO: loadb *                 -5.0-2               0                                                                                                                                                                                                                        
ECHO: loadb GRID          16       0   6.0+0   0.0+0   0.0+0       0                                                                                                                                                                                                        
ECHO: loadb GRID          17       0   6.0+0 2.375-1  -5.0-2       0                                                                                                                                                                                                        
ECHO: loadb GRID          18       0   6.5+0   0.0+0   0.0+0       0                                                                                                                                                                                                        
ECHO: loadb GRID          19       0   7.0+0 2.625-1   5.0-2       0                                                                                                                                                                                                        
ECHO: loadb GRID          20       0   6.5+0   2.5-2   5.0-2       0                                                                                                                                                                                                        
ECHO: loadb GRID          21       0   7.0+0 2.375-1  -5.0-2       0                                                                                                                                                                                                        
ECHO: loadb GRID          22       0   6.5+0  8.75-1   0.0+0       0                                                                                                                                                                                                        
ECHO: loadb GRID          23       0  6.75+0   1.0+0   0.0+0       0                                                                                                                                                                                                        
ECHO: loadb GRID          24       0   7.0+0   0.0+0   0.0+0       0                                                                                                                                                                                                        
ECHO: loadb GRID          25       0   7.0+0  8.75-1   0.0+0       0                                                                                                                                                                                                        
ECHO: loadb GRID          26       0   7.0+0   1.0+0   0.0+0       0                                                                                                                                                                                                        
ECHO: loadb GRID          27       0   6.0+0   1.0+0   0.0+0       0                                                                                                                                                                                                        
ECHO: loadb GRID          28       0  6.75+0   7.5-1   0.0+0       0                                                                                                                                                                                                        
ECHO: loadb GRID          29       0   6.0+0   2.5-2   5.0-2       0                                                                                                                                                                                                        
ECHO: loadb GRID          30       0   6.5+0   7.5-1  -2.5-2       0                                                                                                                                                                                                        
ECHO: loadb GRID          31       0   7.0+0   2.5-2   5.0-2       0                                                                                                                                                                                                        
ECHO: loadb GRID          32       0   7.0+0 1.025+0   5.0-2       0                                                                                                                                                                                                        
ECHO: loadb GRID          33       0   6.0+0 1.025+0   5.0-2       0                                                                                                                                                                                                        
ECHO: loadb GRID          34       0   6.5+0 9.875-1  -2.5-2       0                                                                                                                                                                                                        
ECHO: loadb GRID          35       0   6.0+0  -2.5-2  -5.0-2       0                                                                                                                                                                                                        
ECHO: loadb GRID          36       0   7.0+0 9.875-1  -2.5-2       0                                                                                                                                                                                                        
ECHO: loadb GRID          37       0   6.0+0  9.75-1  -5.0-2       0                                                                                                                                                                                                        
ECHO: loadb GRID          38       0   7.0+0   7.5-1  -2.5-2       0                                                                                                                                                                                                        
ECHO: loadb GRID          39       0   6.5+0 8.625-1  -5.0-2       0                                                                                                                                                                                                        
ECHO: loadb GRID          40       0  6.75+0  9.75-1  -5.0-2       0                                                                                                                                                                                                        
ECHO: loadb GRID          41       0   7.0+0 8.625-1  -5.0-2       0                                                                                                                                                                                                        
ECHO: loadb GRID          42       0   7.0+0  9.75-1  -5.0-2       0                                                                                                                                                                                                        
ECHO: loadb GRID          43       0  6.75+0   7.5-1  -5.0-2       0                                                                                                                                                                                                        
ECHO: loadb GRID          44       0   7.0+0  -2.5-2  -5.0-2       0                                                                                                                                                                                                        
ECHO: loadb GRID          45       0  6.25+0   2.5-1   0.0+0       0                                                                                                                                                                                                        
ECHO: loadb GRID          46       0   6.5+0  3.75-1   0.0+0       0                                                                                                                                                                                                        
ECHO: loadb GRID          47       0  6.25+0   5.0-1   0.0+0       0                                                                                                                                                                                                        
ECHO: loadb GRID          48       0   6.5+0   2.5-1   0.0+0       0                                                                                                                                                                                                        
ECHO: loadb GRID          49       0   6.0+0  3.75-1   0.0+0       0                                                                                                                                                                                                        
ECHO: loadb GRID*                 50               0           6.0+0        2.5625-1*                                                                                                                                                                                       
ECHO: loadb *                  2.5-2               0                                                                                                                                                                                                                        
ECHO: loadb GRID*                 51               0           6.5+0        2.5625-1*                                                                                                                                                                                       
ECHO: loadb *                  2.5-2               0                                                                                                                                                                                                                        
ECHO: loadb GRID          52       0   6.5+0   5.0-1   0.0+0       0                                                                                                                                                                                                        
ECHO: loadb GRID          53       0   6.5+0   5.0-1   2.5-2       0                                                                                                                                                                                                        
ECHO: loadb GRID          54       0   6.0+0   5.0-1   2.5-2       0                                                                                                                                                                                                        
ECHO: loadb GRID          55       0   6.0+0   7.5-1   5.0-2       0                                                                                                                                                                                                        
ECHO: loadb GRID          56       0  6.25+0 2.625-1   5.0-2       0                                                                                                                                                                                                        
ECHO: loadb GRID*                 57               0           6.5+0        3.8125-1*                                                                                                                                                                                       
ECHO: loadb *                  5.0-2               0                                                                                                                                                                                                                        
ECHO: loadb GRID          58       0  6.25+0   5.0-1   5.0-2       0                                                                                                                                                                                                        
ECHO: loadb GRID*                 59               0           6.0+0        3.8125-1*                                                                                                                                                                                       
ECHO: loadb *                  5.0-2               0                                                                                                                                                                                                                        
ECHO: loadb GRID          60       0  6.25+0   7.5-1   0.0+0       0                                                                                                                                                                                                        
ECHO: loadb GRID*                 61               0           6.5+0        1.0625-1*                                                                                                                                                                                       
ECHO: loadb *                 -5.0-2               0                                                                                                                                                                                                                        
ECHO: loadb GRID          62       0  6.25+0   1.0+0   0.0+0       0                                                                                                                                                                                                        
ECHO: loadb GRID          63       0   6.0+0  8.75-1   0.0+0       0                                                                                                                                                                                                        
ECHO: loadb GRID          64       0   7.0+0   2.5-1   0.0+0       0                                                                                                                                                                                                        
ECHO: loadb GRID          65       0  6.75+0   7.5-1   5.0-2       0                                                                                                                                                                                                        
ECHO: loadb GRID          66       0   7.0+0   7.5-1  -5.0-2       0                                                                                                                                                                                                        
ECHO: loadb GRID          67       0   7.0+0   5.0-1   0.0+0       0                                                                                                                                                                                                        
ECHO: loadb GRID          68       0   6.5+0   7.5-1  -5.0-2       0                                                                                                                                                                                                        
ECHO: loadb GRID          69       0   7.0+0   5.0-1   5.0-2       0                                                                                                                                                                                                        
ECHO: loadb GRID          70       0   6.5+0   7.5-1   0.0+0       0                                                                                                                                                                                                        
ECHO: loadb GRID          71       0   7.0+0 -1.25-2  -2.5-2       0                                                                                                                                                                                                        
ECHO: loadb GRID          72       0   7.0+0   7.5-1   0.0+0       0                                                                                                                                                                                                        
ECHO: loadb GRID          73       0   6.5+0   5.0-1   5.0-2       0                                                                                                                                                                                                        
ECHO: loadb GRID          74       0   6.0+0   2.5-1   0.0+0       0                                                                                                                                                                                                        
ECHO: loadb GRID*                 75               0           7.0+0        1.0625-1*                                                                                                                                                                                       
ECHO: loadb *                 -5.0-2               0                                                                                                                                                                                                                        
ECHO: loadb GRID          76       0   6.0+0   7.5-1  -5.0-2       0                                                                                                                                                                                                        
ECHO: loadb GRID          77       0   6.0+0   7.5-1   2.5-2       0                                                                                                                                                                                                        
ECHO: loadb GRID          78       0   6.5+0  9.75-1  -5.0-2       0                                                                                                                                                                                                        
ECHO: loadb GRID          79       0   6.5+0   7.5-1   2.5-2       0                                                                                                                                                                                                        
ECHO: loadb GRID*                 80               0           6.5+0        1.0125+0*                                                                                                                                                                                       
ECHO: loadb *                  2.5-2               0                                                                                                                                                                                                                        
ECHO: loadb GRID*                 81               0           6.0+0        1.0125+0*                                                                                                                                                                                       
ECHO: loadb *                  2.5-2               0                                                                                                                                                                                                                        
ECHO: loadb GRID          82       0  6.25+0   7.5-1   5.0-2       0                                                                                                                                                                                                        
ECHO: loadb GRID          83       0   6.5+0 8.875-1   5.0-2       0                                                                                                                                                                                                        
ECHO: loadb GRID          84       0  6.25+0 1.025+0   5.0-2       0                                                                                                                                                                                                        
ECHO: loadb GRID          85       0   6.0+0 8.875-1   5.0-2       0                                                                                                                                                                                                        
ECHO: loadb GRID          86       0  6.75+0   2.5-1   0.0+0       0                                                                                                                                                                                                        
ECHO: loadb GRID          87       0   7.0+0  3.75-1   0.0+0       0                                                                                                                                                                                                        
ECHO: loadb GRID          88       0  6.75+0   5.0-1   0.0+0       0                                                                                                                                                                                                        
ECHO: loadb GRID*                 89               0           7.0+0        2.5625-1*                                                                                                                                                                                       
ECHO: loadb *                  2.5-2               0                                                                                                                                                                                                                        
ECHO: loadb GRID          90       0   7.0+0   5.0-1   2.5-2       0                                                                                                                                                                                                        
ECHO: loadb GRID          91       0  6.75+0 2.625-1   5.0-2       0                                                                                                                                                                                                        
ECHO: loadb GRID*                 92               0           7.0+0        3.8125-1*                                                                                                                                                                                       
ECHO: loadb *                  5.0-2               0                                                                                                                                                                                                                        
ECHO: loadb GRID          93       0  6.75+0   5.0-1   5.0-2       0                                                                                                                                                                                                        
ECHO: loadb GRID          94       0  6.25+0  -2.5-2  -5.0-2       0                                                                                                                                                                                                        
ECHO: loadb GRID          95       0  6.75+0  -2.5-2  -5.0-2       0                                                                                                                                                                                                        
ECHO: loadb GRID          96       0  6.75+0 1.025+0   5.0-2       0                                                                                                                                                                                                        
ECHO: loadb GRID*                 97               0           6.0+0        2.4375-1*                                                                                                                                                                                       
ECHO: loadb *                 -2.5-2               0                                                                                                                                                                                                                        
ECHO: loadb GRID          98       0   6.0+0   5.0-1  -2.5-2       0                                                                                                                                                                                                        
ECHO: loadb GRID          99       0   6.5+0   5.0-1  -2.5-2       0                                                                                                                                                                                                        
ECHO: loadb GRID*                100               0           6.5+0        2.4375-1*                                                                                                                                                                                       
ECHO: loadb *                 -2.5-2               0                                                                                                                                                                                                                        
ECHO: loadb GRID         101       0   6.0+0   5.0-1  -5.0-2       0                                                                                                                                                                                                        
ECHO: loadb GRID         102       0   7.0+0   5.0-1  -5.0-2       0                                                                                                                                                                                                        
ECHO: loadb GRID         103       0   6.0+0 -1.25-2  -2.5-2       0                                                                                                                                                                                                        
ECHO: loadb GRID*                104               0           6.0+0        3.6875-1*                                                                                                                                                                                       
ECHO: loadb *                 -5.0-2               0                                                                                                                                                                                                                        
ECHO: loadb GRID         105       0  6.25+0   5.0-1  -5.0-2       0                                                                                                                                                                                                        
ECHO: loadb GRID*                106               0           6.5+0        3.6875-1*                                                                                                                                                                                       
ECHO: loadb *                 -5.0-2               0                                                                                                                                                                                                                        
ECHO: loadb GRID         107       0  6.25+0 2.375-1  -5.0-2       0                                                                                                                                                                                                        
ECHO: loadb GRID         108       0   6.0+0  6.25-1  -5.0-2       0                                                                                                                                                                                                        
ECHO: loadb GRID         109       0   6.5+0  6.25-1  -5.0-2       0                                                                                                                                                                                                        
ECHO: loadb GRID         110       0   7.0+0   5.0-1  -2.5-2       0                                                                                                                                                                                                        
ECHO: loadb GRID*                111               0           7.0+0        2.4375-1*                                                                                                                                                                                       
ECHO: loadb *                 -2.5-2               0                                                                                                                                                                                                                        
ECHO: loadb GRID         112       0  6.75+0   5.0-1  -5.0-2       0                                                                                                                                                                                                        
ECHO: loadb GRID*                113               0           7.0+0        3.6875-1*                                                                                                                                                                                       
ECHO: loadb *                 -5.0-2               0                                                                                                                                                                                                                        
ECHO: loadb GRID         114       0   7.0+0   7.5-1   5.0-2       0                                                                                                                                                                                                        
ECHO: loadb GRID         115       0   6.5+0 -1.25-2  -2.5-2       0                                                                                                                                                                                                        
ECHO: loadb GRID         116       0  6.75+0 2.375-1  -5.0-2       0                                                                                                                                                                                                        
ECHO: loadb GRID*                117               0           7.0+0        1.0125+0*                                                                                                                                                                                       
ECHO: loadb *                  2.5-2               0                                                                                                                                                                                                                        
ECHO: loadb GRID         118       0   6.5+0 2.375-1  -5.0-2       0                                                                                                                                                                                                        
ECHO: loadb GRID         119       0   7.0+0  6.25-1  -5.0-2       0                                                                                                                                                                                                        
ECHO: loadb GRID         120       0   6.0+0   7.5-1  -2.5-2       0                                                                                                                                                                                                        
ECHO: loadb GRID         121       0   6.0+0   5.0-1   0.0+0       0                                                                                                                                                                                                        
ECHO: loadb GRID         122       0   6.5+0  -2.5-2  -5.0-2       0                                                                                                                                                                                                        
ECHO: loadb GRID         123       0   6.0+0   5.0-1   5.0-2       0                                                                                                                                                                                                        
ECHO: loadb GRID         124       0   6.5+0   1.0+0   0.0+0       0                                                                                                                                                                                                        
ECHO: loadb GRID         125       0   6.5+0   7.5-1   5.0-2       0                                                                                                                                                                                                        
ECHO: loadb GRID         126       0   6.0+0 2.625-1   5.0-2       0                                                                                                                                                                                                        
ECHO: loadb GRID         127       0   6.0+0 9.875-1  -2.5-2       0                                                                                                                                                                                                        
ECHO: loadb GRID         128       0   6.5+0   5.0-1  -5.0-2       0                                                                                                                                                                                                        
ECHO: loadb GRID         129       0   6.0+0 8.625-1  -5.0-2       0                                                                                                                                                                                                        
ECHO: loadb GRID         130       0  6.25+0  9.75-1  -5.0-2       0                                                                                                                                                                                                        
ECHO: loadb GRID         131       0  6.25+0   7.5-1  -5.0-2       0                                                                                                                                                                                                        
ECHO: loadb GRID         132       0  6.25+0   0.0+0   0.0+0       0                                                                                                                                                                                                        
ECHO: loadb GRID         133       0   6.5+0  1.25-1   0.0+0       0                                                                                                                                                                                                        
ECHO: loadb GRID         134       0   6.0+0  1.25-1   0.0+0       0                                                                                                                                                                                                        
ECHO: loadb GRID         135       0   6.0+0  1.25-2   2.5-2       0                                                                                                                                                                                                        
ECHO: loadb GRID         136       0   6.5+0  1.25-2   2.5-2       0                                                                                                                                                                                                        
ECHO: loadb GRID         137       0  6.25+0   2.5-2   5.0-2       0                                                                                                                                                                                                        
ECHO: loadb GRID*                138               0           6.5+0        1.4375-1*                                                                                                                                                                                       
ECHO: loadb *                  5.0-2               0                                                                                                                                                                                                                        
ECHO: loadb GRID*                139               0           6.0+0        1.4375-1*                                                                                                                                                                                       
ECHO: loadb *                  5.0-2               0                                                                                                                                                                                                                        
ECHO: loadb GRID         140       0   6.5+0  6.25-1   0.0+0       0                                                                                                                                                                                                        
ECHO: loadb GRID         141       0   6.0+0  6.25-1   0.0+0       0                                                                                                                                                                                                        
ECHO: loadb GRID         142       0   6.5+0 2.625-1   5.0-2       0                                                                                                                                                                                                        
ECHO: loadb GRID         143       0   6.5+0  6.25-1   5.0-2       0                                                                                                                                                                                                        
ECHO: loadb GRID         144       0   6.0+0  6.25-1   5.0-2       0                                                                                                                                                                                                        
ECHO: loadb GRID         145       0  6.75+0   0.0+0   0.0+0       0                                                                                                                                                                                                        
ECHO: loadb GRID         146       0   7.0+0  1.25-1   0.0+0       0                                                                                                                                                                                                        
ECHO: loadb GRID         147       0   7.0+0  1.25-2   2.5-2       0                                                                                                                                                                                                        
ECHO: loadb GRID         148       0  6.75+0   2.5-2   5.0-2       0                                                                                                                                                                                                        
ECHO: loadb GRID*                149               0           7.0+0        1.4375-1*                                                                                                                                                                                       
ECHO: loadb *                  5.0-2               0                                                                                                                                                                                                                        
ECHO: loadb GRID         150       0   7.0+0  6.25-1   0.0+0       0                                                                                                                                                                                                        
ECHO: loadb GRID         151       0   6.0+0   7.5-1   0.0+0       0                                                                                                                                                                                                        
ECHO: loadb GRID         152       0   7.0+0 8.875-1   5.0-2       0                                                                                                                                                                                                        
ECHO: loadb GRID         153       0   7.0+0   7.5-1   2.5-2       0                                                                                                                                                                                                        
ECHO: loadb GRID         154       0   7.0+0  6.25-1   5.0-2       0                                                                                                                                                                                                        
ECHO: loadb PARAM    STR_CID      -2                                                                                                                                                                                                                                        
ECHO: loadb MAT1           1  2.0+11  1.0+11   0.0+0   0.0+0   3.0-3   0.0+0                                                                                                                                                                                                
ECHO: loadb MAT9           2  2.0+11   0.0+0   0.0+0   0.0+0   0.0+0   0.0+0  2.0+11+                                                                                                                                                                                       
ECHO:  nextc +          0.0+0   0.0+0   0.0+0   0.0+0  2.0+11   0.0+0   0.0+0   0.0+0+                                                                                                                                                                                       
ECHO:  nextc +         1.0+11   0.0+0   0.0+0  1.0+11   0.0+0  1.0+11   0.0+0   3.0-3+                                                                                                                                                                                       
ECHO:  nextc +          3.0-3   0.0+0   0.0+0   0.0+0   0.0+0   0.0+0   0.0+0                                                                                                                                                                                                
ECHO: loadb SPC            1       1       1   0.0+0                                                                                                                                                                                                                        
ECHO: loadb SPC            1       1       2   0.0+0                                                                                                                                                                                                                        
ECHO: loadb SPC            1       1       3   0.0+0                                                                                                                                                                                                                        
ECHO: loadb SPC            1       1       4   0.0+0                                                                                                                                                                                                                        
ECHO: loadb SPC            1       2       2   0.0+0                                                                                                                                                                                                                        
ECHO: loadb SPC            1       2       3   0.0+0                                                                                                                                                                                                                        
ECHO: loadb SPC            1       2       4   0.0+0                                                                                                                                                                                                                        
ECHO: loadb SPC            1       5       1   0.0+0                                                                                                                                                                                                                        
ECHO: loadb SPC            1       5       2   0.0+0                                                                                                                                                                                                                        
ECHO: loadb SPC            1       5       3   0.0+0                                                                                                                                                                                                                        
ECHO: loadb SPC            1       5       4   0.0+0                                                                                                                                                                                                                        
ECHO: loadb SPC            1       6       2   0.0+0                                                                                                                                                                                                                        
ECHO: loadb SPC            1       6       3   0.0+0                                                                                                                                                                                                                        
ECHO: loadb SPC            1       6       4   0.0+0                                                                                                                                                                                                                        
ECHO: loadb SPC            1       9       2   0.0+0                                                                                                                                                                                                                        
ECHO: loadb SPC            1       9       4   0.0+0                                                                                                                                                                                                                        
ECHO: loadb SPC            1      16       1   0.0+0                                                                                                                                                                                                                        
ECHO: loadb SPC            1      16       2   0.0+0                                                                                                                                                                                                                        
ECHO: loadb SPC            1      16       3   0.0+0                                                                                                                                                                                                                        
ECHO: loadb SPC            1      18       2   0.0+0                                                                                                                                                                                                                        
ECHO: loadb SPC            1      20       2   0.0+0                                                                                                                                                                                                                        
ECHO: loadb SPC            1      24       2   0.0+0                                                                                                                                                                                                                        
ECHO: loadb SPC            1      24       3   0.0+0                                                                                                                                                                                                                        
ECHO: loadb SPC            1      29       2   0.0+0                                                                                                                                                                                                                        
ECHO: loadb SPC            1      31       2   0.0+0                                                                                                                                                                                                                        
ECHO: loadb SPC            1      35       2   0.0+0                                                                                                                                                                                                                        
ECHO: loadb SPC            1      44       2   0.0+0                                                                                                                                                                                                                        
ECHO: loadb SPC            1      71       2   0.0+0                                                                                                                                                                                                                        
ECHO: loadb SPC            1      94       2   0.0+0                                                                                                                                                                                                                        
ECHO: loadb SPC            1      95       2   0.0+0                                                                                                                                                                                                                        
ECHO: loadb SPC            1     103       2   0.0+0                                                                                                                                                                                                                        
ECHO: loadb SPC            1     115       2   0.0+0                                                                                                                                                                                                                        
ECHO: loadb SPC            1     122       2   0.0+0                                                                                                                                                                                                                        
ECHO: loadb SPC            1     132       2   0.0+0                                                                                                                                                                                                                        
ECHO: loadb SPC            1     135       2   0.0+0                                                                                                                                                                                                                        
ECHO: loadb SPC            1     136       2   0.0+0                                                                                                                                                                                                                        
ECHO: loadb SPC            1     137       2   0.0+0                                                                                                                                                                                                                        
ECHO: loadb SPC            1     145       2   0.0+0                                                                                                                                                                                                                        
ECHO: loadb SPC            1     147       2   0.0+0                                                                                                                                                                                                                        
ECHO: loadb SPC            1     148       2   0.0+0                                                                                                                                                                                                                        
ECHO: loadb PSHELL         1       1   1.0-1       1               1           0.0+0                                                                                                                                                                                        
ECHO: loadb CQUAD4         1       1       1       2       3       4   0.0+0   0.0+0                                                                                                                                                                                        
ECHO: loadb CQUAD4*                2               1              12              13*                                                                                                                                                                                       
ECHO: loadb *                     11               8-7.70079343254+0           0.0+0                                                                                                                                                                                        
ECHO: loadb CQUAD4         3       1       5       9      13      12   0.0+0   0.0+0                                                                                                                                                                                        
ECHO: loadb CQUAD4         4       1       9       6      10      13   0.0+0   0.0+0                                                                                                                                                                                        
ECHO: loadb CQUAD4*                5               1              13              10*                                                                                                                                                                                       
ECHO: loadb *                      7              11 6.00083102892+0           0.0+0                                                                                                                                                                                        
ECHO: loadb CORD2R*                2               0           0.0+0           0.0+0*                                                                                                                                                                                       
ECHO: loadb *                  0.0+0           0.0+0 4.47213595499-1 8.94427190999-1*                                                                                                                                                                                       
ECHO nextc2: *                  1.0+0           0.0+0           0.0+0                *                                                                                                                                                                                       
ECHO nextc2: *                                                                                                                                                                                                                                                               
ECHO: loadb PSOLID         3       2       2       3               1                                                                                                                                                                                                        
ECHO: loadb CHEXA          6       3     151      70     124      27      55     125+                                                                                                                                                                                       
ECHO:  nextc +             14      33      60      22      62      63      77      79+                                                                                                                                                                                       
ECHO:  nextc +             80      81      82      83      84      85                                                                                                                                                                                                        
ECHO: loadb CHEXA          7       3      70      72      26     124     125     114+                                                                                                                                                                                       
ECHO:  nextc +             32      14      28      25      23      22      79     153+                                                                                                                                                                                       
ECHO:  nextc +            117      80      65     152      96      83                                                                                                                                                                                                        
ECHO: loadb CHEXA          8       3      48      64      67      52     142      19+                                                                                                                                                                                       
ECHO:  nextc +             69      73      86      87      88      46      51      89+                                                                                                                                                                                       
ECHO:  nextc +             90      53      91      92      93      57                                                                                                                                                                                                        
ECHO: loadb CHEXA          9       3      74     121      52      48      17     101+                                                                                                                                                                                       
ECHO:  nextc +            128     118      49      47      46      45      97      98+                                                                                                                                                                                       
ECHO:  nextc +             99     100     104     105     106     107                                                                                                                                                                                                        
ECHO: loadb CHEXA         10       3      48      52      67      64     118     128+                                                                                                                                                                                       
ECHO:  nextc +            102      21      46      88      87      86     100      99+                                                                                                                                                                                       
ECHO:  nextc +            110     111     106     112     113     116                                                                                                                                                                                                        
ECHO: loadb CHEXA         11       3     151      27     124      70      76      37+                                                                                                                                                                                       
ECHO:  nextc +             78      68      63      62      22      60     120     127+                                                                                                                                                                                       
ECHO:  nextc +             34      30     129     130      39     131                                                                                                                                                                                                        
ECHO: loadb CHEXA         12       3      70     124      26      72      68      78+                                                                                                                                                                                       
ECHO:  nextc +             42      66      22      23      25      28      30      34+                                                                                                                                                                                       
ECHO:  nextc +             36      38      39      40      41      43                                                                                                                                                                                                        
ECHO: loadb CHEXA         13       3      16      18      48      74      29      20+                                                                                                                                                                                       
ECHO:  nextc +            142     126     132     133      45     134     135     136+                                                                                                                                                                                       
ECHO:  nextc +             51      50     137     138      56     139                                                                                                                                                                                                        
ECHO: loadb CHEXA         14       3     121      52      70     151     123      73+                                                                                                                                                                                       
ECHO:  nextc +            125      55      47     140      60     141      54      53+                                                                                                                                                                                       
ECHO:  nextc +             79      77      58     143      82     144                                                                                                                                                                                                        
ECHO: loadb CHEXA         15       3      18      24      64      48      20      31+                                                                                                                                                                                       
ECHO:  nextc +             19     142     145     146      86     133     136     147+                                                                                                                                                                                       
ECHO:  nextc +             89      51     148     149      91     138                                                                                                                                                                                                        
ECHO: loadb CHEXA         16       3      52      67      72      70      73      69+                                                                                                                                                                                       
ECHO:  nextc +            114     125      88     150      28     140      53      90+                                                                                                                                                                                       
ECHO:  nextc +            153      79      93     154      65     143                                                                                                                                                                                                        
ECHO: loadb CHEXA         17       3      16      74      48      18      35      17+                                                                                                                                                                                       
ECHO:  nextc +            118     122     134      45     133     132     103      97+                                                                                                                                                                                       
ECHO:  nextc +            100     115      15     107      61      94                                                                                                                                                                                                        
ECHO: loadb CHEXA         18       3     121     151      70      52     101      76+                                                                                                                                                                                       
ECHO:  nextc +             68     128     141      60     140      47      98     120+                                                                                                                                                                                       
ECHO:  nextc +             30      99     108     131     109     105                                                                                                                                                                                                        
ECHO: loadb CHEXA         19       3      52      70      72      67     128      68+                                                                                                                                                                                       
ECHO:  nextc +             66     102     140      28     150      88      99      30+                                                                                                                                                                                       
ECHO:  nextc +             38     110     109      43     119     112                                                                                                                                                                                                        
ECHO: loadb CHEXA         20       3      74      48      52     121     126     142+                                                                                                                                                                                       
ECHO:  nextc +             73     123      45      46      47      49      50      51+                                                                                                                                                                                       
ECHO:  nextc +             53      54      56      57      58      59                                                                                                                                                                                                        
ECHO: loadb CHEXA         21       3      18      48      64      24     122     118+                                                                                                                                                                                       
ECHO:  nextc +             21      44     133      86     146     145     115     100+                                                                                                                                                                                       
ECHO:  nextc +            111      71      61     116      75      95                                                                                                                                                                                                        
ECHO: loadb TEMP           4       1   1.0+0                                                                                                                                                                                                                                
ECHO: loadb TEMP           4       2   1.0+0                                                                                                                                                                                                                                
ECHO: loadb TEMP           4       3   1.0+0                                                                                                                                                                                                                                
ECHO: loadb TEMP           4       4   1.0+0                                                                                                                                                                                                                                
ECHO: loadb TEMP           4      12   1.0+0                                                                                                                                                                                                                                
ECHO: loadb TEMP           4      13   1.0+0                                                                                                                                                                                                                                
ECHO: loadb TEMP           4      11   1.0+0                                                                                                                                                                                                                                
ECHO: loadb TEMP           4       8   1.0+0                                                                                                                                                                                                                                
ECHO: loadb TEMP           4       5   1.0+0                                                                                                                                                                                                                                
ECHO: loadb TEMP           4       9   1.0+0                                                                                                                                                                                                                                
ECHO: loadb TEMP           4       6   1.0+0                                                                                                                                                                                                                                
ECHO: loadb TEMP           4      10   1.0+0                                                                                                                                                                                                                                
ECHO: loadb TEMP           4       7   1.0+0                                                                                                                                                                                                                                
ECHO: loadb TEMP           4      70   1.0+0                                                                                                                                                                                                                                
ECHO: loadb TEMP           4      72   1.0+0                                                                                                                                                                                                                                
ECHO: loadb TEMP           4      26   1.0+0                                                                                                                                                                                                                                
ECHO: loadb TEMP           4     124   1.0+0                                                                                                                                                                                                                                
ECHO: loadb TEMP           4     125   1.0+0                                                                                                                                                                                                                                
ECHO: loadb TEMP           4     114   1.0+0                                                                                                                                                                                                                                
ECHO: loadb TEMP           4      32   1.0+0                                                                                                                                                                                                                                
ECHO: loadb TEMP           4      14   1.0+0                                                                                                                                                                                                                                
ECHO: loadb TEMP           4      28   1.0+0                                                                                                                                                                                                                                
ECHO: loadb TEMP           4      25   1.0+0                                                                                                                                                                                                                                
ECHO: loadb TEMP           4      23   1.0+0                                                                                                                                                                                                                                
ECHO: loadb TEMP           4      22   1.0+0                                                                                                                                                                                                                                
ECHO: loadb TEMP           4      79   1.0+0                                                                                                                                                                                                                                
ECHO: loadb TEMP           4     153   1.0+0                                                                                                                                                                                                                                
ECHO: loadb TEMP           4     117   1.0+0                                                                                                                                                                                                                                
ECHO: loadb TEMP           4      80   1.0+0                                                                                                                                                                                                                                
ECHO: loadb TEMP           4      65   1.0+0                                                                                                                                                                                                                                
ECHO: loadb TEMP           4     152   1.0+0                                                                                                                                                                                                                                
ECHO: loadb TEMP           4      96   1.0+0                                                                                                                                                                                                                                
ECHO: loadb TEMP           4      83   1.0+0                                                                                                                                                                                                                                
ECHO: loadb TEMP           4      68   1.0+0                                                                                                                                                                                                                                
ECHO: loadb TEMP           4      78   1.0+0                                                                                                                                                                                                                                
ECHO: loadb TEMP           4      42   1.0+0                                                                                                                                                                                                                                
ECHO: loadb TEMP           4      66   1.0+0                                                                                                                                                                                                                                
ECHO: loadb TEMP           4      30   1.0+0                                                                                                                                                                                                                                
ECHO: loadb TEMP           4      34   1.0+0                                                                                                                                                                                                                                
ECHO: loadb TEMP           4      36   1.0+0                                                                                                                                                                                                                                
ECHO: loadb TEMP           4      38   1.0+0                                                                                                                                                                                                                                
ECHO: loadb TEMP           4      39   1.0+0                                                                                                                                                                                                                                
ECHO: loadb TEMP           4      40   1.0+0                                                                                                                                                                                                                                
ECHO: loadb TEMP           4      41   1.0+0                                                                                                                                                                                                                                
ECHO: loadb TEMP           4      43   1.0+0                                                                                                                                                                                                                                
ECHO: loadb TEMP           4      74   1.0+0                                                                                                                                                                                                                                
ECHO: loadb TEMP           4      48   1.0+0                                                                                                                                                                                                                                
ECHO: loadb TEMP           4      52   1.0+0                                                                                                                                                                                                                                
ECHO: loadb TEMP           4     121   1.0+0                                                                                                                                                                                                                                
ECHO: loadb TEMP           4     126   1.0+0                                                                                                                                                                                                                                
ECHO: loadb TEMP           4     142   1.0+0                                                                                                                                                                                                                                
ECHO: loadb TEMP           4      73   1.0+0                                                                                                                                                                                                                                
ECHO: loadb TEMP           4     123   1.0+0                                                                                                                                                                                                                                
ECHO: loadb TEMP           4      45   1.0+0                                                                                                                                                                                                                                
ECHO: loadb TEMP           4      46   1.0+0                                                                                                                                                                                                                                
ECHO: loadb TEMP           4      47   1.0+0                                                                                                                                                                                                                                
ECHO: loadb TEMP           4      49   1.0+0                                                                                                                                                                                                                                
ECHO: loadb TEMP           4      50   1.0+0                                                                                                                                                                                                                                
ECHO: loadb TEMP           4      51   1.0+0                                                                                                                                                                                                                                
ECHO: loadb TEMP           4      53   1.0+0                                                                                                                                                                                                                                
ECHO: loadb TEMP           4      54   1.0+0                                                                                                                                                                                                                                
ECHO: loadb TEMP           4      56   1.0+0                                                                                                                                                                                                                                
ECHO: loadb TEMP           4      57   1.0+0                                                                                                                                                                                                                                
ECHO: loadb TEMP           4      58   1.0+0                                                                                                                                                                                                                                
ECHO: loadb TEMP           4      59   1.0+0                                                                                                                                                                                                                                
ECHO: loadb TEMP           4     151   1.0+0                                                                                                                                                                                                                                
ECHO: loadb TEMP           4      27   1.0+0                                                                                                                                                                                                                                
ECHO: loadb TEMP           4      55   1.0+0                                                                                                                                                                                                                                
ECHO: loadb TEMP           4      33   1.0+0                                                                                                                                                                                                                                
ECHO: loadb TEMP           4      60   1.0+0                                                                                                                                                                                                                                
ECHO: loadb TEMP           4      62   1.0+0                                                                                                                                                                                                                                
ECHO: loadb TEMP           4      63   1.0+0                                                                                                                                                                                                                                
ECHO: loadb TEMP           4      77   1.0+0                                                                                                                                                                                                                                
ECHO: loadb TEMP           4      81   1.0+0                                                                                                                                                                                                                                
ECHO: loadb TEMP           4      82   1.0+0                                                                                                                                                                                                                                
ECHO: loadb TEMP           4      84   1.0+0                                                                                                                                                                                                                                
ECHO: loadb TEMP           4      85   1.0+0                                                                                                                                                                                                                                
ECHO: loadb TEMP           4      64   1.0+0                                                                                                                                                                                                                                
ECHO: loadb TEMP           4      67   1.0+0                                                                                                                                                                                                                                
ECHO: loadb TEMP           4      19   1.0+0                                                                                                                                                                                                                                
ECHO: loadb TEMP           4      69   1.0+0                                                                                                                                                                                                                                
ECHO: loadb TEMP           4      86   1.0+0                                                                                                                                                                                                                                
ECHO: loadb TEMP           4      87   1.0+0                                                                                                                                                                                                                                
ECHO: loadb TEMP           4      88   1.0+0                                                                                                                                                                                                                                
ECHO: loadb TEMP           4      89   1.0+0                                                                                                                                                                                                                                
ECHO: loadb TEMP           4      90   1.0+0                                                                                                                                                                                                                                
ECHO: loadb TEMP           4      91   1.0+0                                                                                                                                                                                                                                
ECHO: loadb TEMP           4      92   1.0+0                                                                                                                                                                                                                                
ECHO: loadb TEMP           4      93   1.0+0                                                                                                                                                                                                                                
ECHO: loadb TEMP           4      17   1.0+0                                                                                                                                                                                                                                
ECHO: loadb TEMP           4     101   1.0+0                                                                                                                                                                                                                                
ECHO: loadb TEMP           4     128   1.0+0                                                                                                                                                                                                                                
ECHO: loadb TEMP           4     118   1.0+0                                                                                                                                                                                                                                
ECHO: loadb TEMP           4      97   1.0+0                                                                                                                                                                                                                                
ECHO: loadb TEMP           4      98   1.0+0                                                                                                                                                                                                                                
ECHO: loadb TEMP           4      99   1.0+0                                                                                                                                                                                                                                
ECHO: loadb TEMP           4     100   1.0+0                                                                                                                                                                                                                                
ECHO: loadb TEMP           4     104   1.0+0                                                                                                                                                                                                                                
ECHO: loadb TEMP           4     105   1.0+0                                                                                                                                                                                                                                
ECHO: loadb TEMP           4     106   1.0+0                                                                                                                                                                                                                                
ECHO: loadb TEMP           4     107   1.0+0                                                                                                                                                                                                                                
ECHO: loadb TEMP           4     102   1.0+0                                                                                                                                                                                                                                
ECHO: loadb TEMP           4      21   1.0+0                                                                                                                                                                                                                                
ECHO: loadb TEMP           4     110   1.0+0                                                                                                                                                                                                                                
ECHO: loadb TEMP           4     111   1.0+0                                                                                                                                                                                                                                
ECHO: loadb TEMP           4     112   1.0+0                                                                                                                                                                                                                                
ECHO: loadb TEMP           4     113   1.0+0                                                                                                                                                                                                                                
ECHO: loadb TEMP           4     116   1.0+0                                                                                                                                                                                                                                
ECHO: loadb TEMP           4      76   1.0+0                                                                                                                                                                                                                                
ECHO: loadb TEMP           4      37   1.0+0                                                                                                                                                                                                                                
ECHO: loadb TEMP           4     120   1.0+0                                                                                                                                                                                                                                
ECHO: loadb TEMP           4     127   1.0+0                                                                                                                                                                                                                                
ECHO: loadb TEMP           4     129   1.0+0                                                                                                                                                                                                                                
ECHO: loadb TEMP           4     130   1.0+0                                                                                                                                                                                                                                
ECHO: loadb TEMP           4     131   1.0+0                                                                                                                                                                                                                                
ECHO: loadb TEMP           4      16   1.0+0                                                                                                                                                                                                                                
ECHO: loadb TEMP           4      18   1.0+0                                                                                                                                                                                                                                
ECHO: loadb TEMP           4      29   1.0+0                                                                                                                                                                                                                                
ECHO: loadb TEMP           4      20   1.0+0                                                                                                                                                                                                                                
ECHO: loadb TEMP           4     132   1.0+0                                                                                                                                                                                                                                
ECHO: loadb TEMP           4     133   1.0+0                                                                                                                                                                                                                                
ECHO: loadb TEMP           4     134   1.0+0                                                                                                                                                                                                                                
ECHO: loadb TEMP           4     135   1.0+0                                                                                                                                                                                                                                
ECHO: loadb TEMP           4     136   1.0+0                                                                                                                                                                                                                                
ECHO: loadb TEMP           4     137   1.0+0                                                                                                                                                                                                                                
ECHO: loadb TEMP           4     138   1.0+0                                                                                                                                                                                                                                
ECHO: loadb TEMP           4     139   1.0+0                                                                                                                                                                                                                                
ECHO: loadb TEMP           4     140   1.0+0                                                                                                                                                                                                                                
ECHO: loadb TEMP           4     141   1.0+0                                                                                                                                                                                                                                
ECHO: loadb TEMP           4     143   1.0+0                                                                                                                                                                                                                                
ECHO: loadb TEMP           4     144   1.0+0                                                                                                                                                                                                                                
ECHO: loadb TEMP           4      24   1.0+0                                                                                                                                                                                                                                
ECHO: loadb TEMP           4      31   1.0+0                                                                                                                                                                                                                                
ECHO: loadb TEMP           4     145   1.0+0                                                                                                                                                                                                                                
ECHO: loadb TEMP           4     146   1.0+0                                                                                                                                                                                                                                
ECHO: loadb TEMP           4     147   1.0+0                                                                                                                                                                                                                                
ECHO: loadb TEMP           4     148   1.0+0                                                                                                                                                                                                                                
ECHO: loadb TEMP           4     149   1.0+0                                                                                                                                                                                                                                
ECHO: loadb TEMP           4     150   1.0+0                                                                                                                                                                                                                                
ECHO: loadb TEMP           4     154   1.0+0                                                                                                                                                                                                                                
ECHO: loadb TEMP           4      35   1.0+0                                                                                                                                                                                                                                
ECHO: loadb TEMP           4     122   1.0+0                                                                                                                                                                                                                                
ECHO: loadb TEMP           4     103   1.0+0                                                                                                                                                                                                                                
ECHO: loadb TEMP           4     115   1.0+0                                                                                                                                                                                                                                
ECHO: loadb TEMP           4      15   1.0+0                                                                                                                                                                                                                                
ECHO: loadb TEMP           4      61   1.0+0                                                                                                                                                                                                                                
ECHO: loadb TEMP           4      94   1.0+0                                                                                                                                                                                                                                
ECHO: loadb TEMP           4     108   1.0+0                                                                                                                                                                                                                                
ECHO: loadb TEMP           4     109   1.0+0                                                                                                                                                                                                                                
ECHO: loadb TEMP           4     119   1.0+0                                                                                                                                                                                                                                
ECHO: loadb TEMP           4      44   1.0+0                                                                                                                                                                                                                                
ECHO: loadb TEMP           4      71   1.0+0                                                                                                                                                                                                                                
ECHO: loadb TEMP           4      75   1.0+0                                                                                                                                                                                                                                
ECHO: loadb TEMP           4      95   1.0+0                                                                                                                                                                                                                                
ECHO: loadb TEMPD          4   0.0+0                                                                                                                                                                                                                                        
ECHO: loadb PARAM,QUAD4TYP,MITC4+                                                                                                                                                                                                                                           
ECHO: loadb                                                                                                                                                                                                                                                                 
ECHO: loadb SNORM,1,0,0.0,1.0,2.0                                                                                                                                                                                                                                           
ECHO: loadb SNORM,2,0,0.0,1.0,2.0                                                                                                                                                                                                                                           
ECHO: loadb SNORM,3,0,0.0,1.0,2.0                                                                                                                                                                                                                                           
ECHO: loadb SNORM,4,0,0.0,1.0,2.0                                                                                                                                                                                                                                           
ECHO: loadb                                                                                                                                                                                                                                                                 
ECHO: loadb SNORM,5,0,0.0,1.0,2.0                                                                                                                                                                                                                                           
ECHO: loadb SNORM,6,0,0.0,1.0,2.0                                                                                                                                                                                                                                           
ECHO: loadb SNORM,7,0,0.0,1.0,2.0                                                                                                                                                                                                                                           
ECHO: loadb SNORM,8,0,0.0,1.0,2.0                                                                                                                                                                                                                                           
ECHO: loadb SNORM,9,0,0.0,1.0,2.0                                                                                                                                                                                                                                           
ECHO: loadb SNORM,10,0,0.0,1.0,2.0                                                                                                                                                                                                                                          
ECHO: loadb SNORM,11,0,0.0,1.0,2.0                                                                                                                                                                                                                                          
ECHO: loadb SNORM,12,0,0.0,1.0,2.0                                                                                                                                                                                                                                          
ECHO: loadb SNORM,13,0,0.0,1.0,2.0                                                                                                                                                                                                                                          
ECHO: loadb                                                                                                                                                                                                                                                                 
ECHO: loadb ENDDATA                                                                                                                                                                                                                                                         




 >> LINK  0 END


 >> LINK  1 BEGIN

               DEALLOCATED  3.73E+00 MB MEMORY FROM ARRAY STF3


 *INFORMATION: AUTOSPC Summary, Stage 1 after identification of AUTOSPC's at the grid level                                                 

                                     AUTOSPC_RAT = 1.000000E-08

                       Number of DOF's identified for AUTOSPC in component  1         =            0
                       Number of DOF's identified for AUTOSPC in component  2         =            0
                       Number of DOF's identified for AUTOSPC in component  3         =            0
                       Number of DOF's identified for AUTOSPC in component  4         =          141
                       Number of DOF's identified for AUTOSPC in component  5         =          141
                       Number of DOF's identified for AUTOSPC in component  6         =          154
                                                                                        ------------
                       Total number of DOF's identified in this stage                 =          436

               DEALLOCATED  3.70E-03 MB MEMORY FROM ARRAY STFKEY
               DEALLOCATED  3.73E+00 MB MEMORY FROM ARRAY STF3

 >> LINK  1 END


 >> LINK  2 BEGIN



 *INFORMATION: AUTOSPC Summary, Overall: after identification of all AUTOSPC's                                                               

                                     AUTOSPC_RAT = 1.000000E-08

                       Number of DOF's identified for AUTOSPC in component  1         =            0
                       Number of DOF's identified for AUTOSPC in component  2         =            0
                       Number of DOF's identified for AUTOSPC in component  3         =            0
                       Number of DOF's identified for AUTOSPC in component  4         =          141
                       Number of DOF's identified for AUTOSPC in component  5         =          141
                       Number of DOF's identified for AUTOSPC in component  6         =          154
                                                                                        ------------
                       Total number of DOF's identified overall                       =          436


 >> LINK  2 END


 >> LINK  3 BEGIN

 SUPERLU FACTORIZATION OF MATRIX KLL SUCCEEDED IN SUBR SYM_MAT_DECOMP_SUPRLU          

 *INFORMATION: FOR INTERNAL SUBCASE NUMBER        1 EPSILON ERROR ESTIMATE            =  2.128868E-15 Based on U'*(K*U - P)/(U'*P)


 >> LINK  3 END


 >> LINK  5 BEGIN


 >> LINK  5 END


 >> LINK  9 BEGIN



 OUTPUT FOR SUBCASE        1

                                                       D I S P L A C E M E N T S
                                              (in global coordinate system at each grid)
           GRID     COORD      T1            T2            T3            R1            R2            R3
                     SYS
              1        0  0.0           0.0           0.0           0.0          -1.201841E-19  0.0         
              2        0  3.000000E-03  0.0           0.0           0.0           6.881634E-21  0.0         
              3        0  3.000000E-03  3.000000E-03 -1.500000E-03 -1.918463E-18  4.023347E-18  0.0         
              4        0  1.390775E-18  3.000000E-03 -1.500000E-03  2.235174E-18 -7.861243E-20  0.0         
              5        0  0.0           0.0           0.0           0.0          -4.288178E-17  0.0         
              6        0  3.000000E-03  0.0           0.0           0.0           5.555462E-17  0.0         
              7        0  3.000000E-03  3.000000E-03 -1.500000E-03  3.535458E-17 -3.201305E-17  0.0         
              8        0 -3.442302E-18  3.000000E-03 -1.500000E-03 -2.447332E-17 -9.179334E-17  0.0         
              9        0  1.500000E-03  0.0           1.302621E-17  0.0          -6.965574E-18  0.0         
             10        0  3.000000E-03  1.500000E-03 -7.500000E-04  1.104959E-16 -1.143527E-17  0.0         
             11        0  1.500000E-03  3.000000E-03 -1.500000E-03  2.468017E-17 -2.400865E-17  0.0         
             12        0 -2.433318E-18  1.500000E-03 -7.500000E-04  6.000400E-17 -5.316408E-17  0.0         
             13        0  1.312137E-03  1.677426E-03 -8.387132E-04  6.101816E-17  0.0           0.0         
             14        0  1.500000E-03  2.400000E-03 -1.200000E-03  0.0           0.0           0.0         
             15        0  8.551644E-16  3.150000E-04 -1.575000E-04  0.0           0.0           0.0         
             16        0  0.0           0.0           0.0           0.0           0.0           0.0         
             17        0  1.074067E-15  6.300000E-04 -3.150000E-04  0.0           0.0           0.0         
             18        0  1.500000E-03  0.0           2.720975E-15  0.0           0.0           0.0         
             19        0  3.000000E-03  5.700000E-04 -2.850000E-04  0.0           0.0           0.0         
             20        0  1.500000E-03  0.0           2.764887E-15  0.0           0.0           0.0         
             21        0  3.000000E-03  6.300000E-04 -3.150000E-04  0.0           0.0           0.0         
             22        0  1.500000E-03  2.100000E-03 -1.050000E-03  0.0           0.0           0.0         
             23        0  2.250000E-03  2.400000E-03 -1.200000E-03  0.0           0.0           0.0         
             24        0  3.000000E-03  0.0           0.0           0.0           0.0           0.0         
             25        0  3.000000E-03  2.100000E-03 -1.050000E-03  0.0           0.0           0.0         
             26        0  3.000000E-03  2.400000E-03 -1.200000E-03  0.0           0.0           0.0         
             27        0  1.318096E-15  2.400000E-03 -1.200000E-03  0.0           0.0           0.0         
             28        0  2.250000E-03  1.800000E-03 -9.000000E-04  0.0           0.0           0.0         
             29        0 -2.530914E-16  0.0           1.290829E-16  0.0           0.0           0.0         
             30        0  1.500000E-03  1.830000E-03 -9.150000E-04  0.0           0.0           0.0         
             31        0  3.000000E-03  0.0           1.652986E-16  0.0           0.0           0.0         
             32        0  3.000000E-03  2.400000E-03 -1.200000E-03  0.0           0.0           0.0         
             33        0  1.144621E-15  2.400000E-03 -1.200000E-03  0.0           0.0           0.0         
             34        0  1.500000E-03  2.400000E-03 -1.200000E-03  0.0           0.0           0.0         
             35        0  6.376280E-16  0.0          -6.483694E-17  0.0           0.0           0.0         
             36        0  3.000000E-03  2.400000E-03 -1.200000E-03  0.0           0.0           0.0         
             37        0  1.498954E-15  2.400000E-03 -1.200000E-03  0.0           0.0           0.0         
             38        0  3.000000E-03  1.830000E-03 -9.150000E-04  0.0           0.0           0.0         
             39        0  1.500000E-03  2.130000E-03 -1.065000E-03  0.0           0.0           0.0         
             40        0  2.250000E-03  2.400000E-03 -1.200000E-03  0.0           0.0           0.0         
             41        0  3.000000E-03  2.130000E-03 -1.065000E-03  0.0           0.0           0.0         
             42        0  3.000000E-03  2.400000E-03 -1.200000E-03  0.0           0.0           0.0         
             43        0  2.250000E-03  1.860000E-03 -9.300000E-04  0.0           0.0           0.0         
             44        0  3.000000E-03  0.0          -6.238186E-17  0.0           0.0           0.0         
             45        0  7.500000E-04  6.000000E-04 -3.000000E-04  0.0           0.0           0.0         
             46        0  1.500000E-03  9.000000E-04 -4.500000E-04  0.0           0.0           0.0         
             47        0  7.500000E-04  1.200000E-03 -6.000000E-04  0.0           0.0           0.0         
             48        0  1.500000E-03  6.000000E-04 -3.000000E-04  0.0           0.0           0.0         
             49        0  8.709033E-16  9.000000E-04 -4.500000E-04  0.0           0.0           0.0         
             50        0  5.454072E-16  5.850000E-04 -2.925000E-04  0.0           0.0           0.0         
             51        0  1.500000E-03  5.850000E-04 -2.925000E-04  0.0           0.0           0.0         
             52        0  1.500000E-03  1.200000E-03 -6.000000E-04  0.0           0.0           0.0         
             53        0  1.500000E-03  1.170000E-03 -5.850000E-04  0.0           0.0           0.0         
             54        0  8.585253E-16  1.170000E-03 -5.850000E-04  0.0           0.0           0.0         
             55        0  9.921419E-16  1.740000E-03 -8.700000E-04  0.0           0.0           0.0         
             56        0  7.500000E-04  5.700000E-04 -2.850000E-04  0.0           0.0           0.0         
             57        0  1.500000E-03  8.550000E-04 -4.275000E-04  0.0           0.0           0.0         
             58        0  7.500000E-04  1.140000E-03 -5.700000E-04  0.0           0.0           0.0         
             59        0  5.682905E-16  8.550000E-04 -4.275000E-04  0.0           0.0           0.0         
             60        0  7.500000E-04  1.800000E-03 -9.000000E-04  0.0           0.0           0.0         
             61        0  1.500000E-03  3.150000E-04 -1.575000E-04  0.0           0.0           0.0         
             62        0  7.500000E-04  2.400000E-03 -1.200000E-03  0.0           0.0           0.0         
             63        0  1.262229E-15  2.100000E-03 -1.050000E-03  0.0           0.0           0.0         
             64        0  3.000000E-03  6.000000E-04 -3.000000E-04  0.0           0.0           0.0         
             65        0  2.250000E-03  1.740000E-03 -8.700000E-04  0.0           0.0           0.0         
             66        0  3.000000E-03  1.860000E-03 -9.300000E-04  0.0           0.0           0.0         
             67        0  3.000000E-03  1.200000E-03 -6.000000E-04  0.0           0.0           0.0         
             68        0  1.500000E-03  1.860000E-03 -9.300000E-04  0.0           0.0           0.0         
             69        0  3.000000E-03  1.140000E-03 -5.700000E-04  0.0           0.0           0.0         
             70        0  1.500000E-03  1.800000E-03 -9.000000E-04  0.0           0.0           0.0         
             71        0  3.000000E-03  0.0          -3.587710E-17  0.0           0.0           0.0         
             72        0  3.000000E-03  1.800000E-03 -9.000000E-04  0.0           0.0           0.0         
             73        0  1.500000E-03  1.140000E-03 -5.700000E-04  0.0           0.0           0.0         
             74        0  7.217106E-16  6.000000E-04 -3.000000E-04  0.0           0.0           0.0         
             75        0  3.000000E-03  3.150000E-04 -1.575000E-04  0.0           0.0           0.0         
             76        0  1.405633E-15  1.860000E-03 -9.300000E-04  0.0           0.0           0.0         
             77        0  1.096178E-15  1.770000E-03 -8.850000E-04  0.0           0.0           0.0         
             78        0  1.500000E-03  2.400000E-03 -1.200000E-03  0.0           0.0           0.0         
             79        0  1.500000E-03  1.770000E-03 -8.850000E-04  0.0           0.0           0.0         
             80        0  1.500000E-03  2.400000E-03 -1.200000E-03  0.0           0.0           0.0         
             81        0  1.230898E-15  2.400000E-03 -1.200000E-03  0.0           0.0           0.0         
             82        0  7.500000E-04  1.740000E-03 -8.700000E-04  0.0           0.0           0.0         
             83        0  1.500000E-03  2.070000E-03 -1.035000E-03  0.0           0.0           0.0         
             84        0  7.500000E-04  2.400000E-03 -1.200000E-03  0.0           0.0           0.0         
             85        0  1.081481E-15  2.070000E-03 -1.035000E-03  0.0           0.0           0.0         
             86        0  2.250000E-03  6.000000E-04 -3.000000E-04  0.0           0.0           0.0         
             87        0  3.000000E-03  9.000000E-04 -4.500000E-04  0.0           0.0           0.0         
             88        0  2.250000E-03  1.200000E-03 -6.000000E-04  0.0           0.0           0.0         
             89        0  3.000000E-03  5.850000E-04 -2.925000E-04  0.0           0.0           0.0         
             90        0  3.000000E-03  1.170000E-03 -5.850000E-04  0.0           0.0           0.0         
             91        0  2.250000E-03  5.700000E-04 -2.850000E-04  0.0           0.0           0.0         
             92        0  3.000000E-03  8.550000E-04 -4.275000E-04  0.0           0.0           0.0         
             93        0  2.250000E-03  1.140000E-03 -5.700000E-04  0.0           0.0           0.0         
             94        0  7.500000E-04  0.0           2.053081E-15  0.0           0.0           0.0         
             95        0  2.250000E-03  0.0           2.042823E-15  0.0           0.0           0.0         
             96        0  2.250000E-03  2.400000E-03 -1.200000E-03  0.0           0.0           0.0         
             97        0  8.925833E-16  6.150000E-04 -3.075000E-04  0.0           0.0           0.0         
             98        0  1.126830E-15  1.230000E-03 -6.150000E-04  0.0           0.0           0.0         
             99        0  1.500000E-03  1.230000E-03 -6.150000E-04  0.0           0.0           0.0         
            100        0  1.500000E-03  6.150000E-04 -3.075000E-04  0.0           0.0           0.0         
            101        0  1.265951E-15  1.260000E-03 -6.300000E-04  0.0           0.0           0.0         
            102        0  3.000000E-03  1.260000E-03 -6.300000E-04  0.0           0.0           0.0         
            103        0  3.212988E-16  0.0          -3.621819E-17  0.0           0.0           0.0         
            104        0  1.166791E-15  9.450000E-04 -4.725000E-04  0.0           0.0           0.0         
            105        0  7.500000E-04  1.260000E-03 -6.300000E-04  0.0           0.0           0.0         
            106        0  1.500000E-03  9.450000E-04 -4.725000E-04  0.0           0.0           0.0         
            107        0  7.500000E-04  6.300000E-04 -3.150000E-04  0.0           0.0           0.0         
            108        0  1.331713E-15  1.560000E-03 -7.800000E-04  0.0           0.0           0.0         
            109        0  1.500000E-03  1.560000E-03 -7.800000E-04  0.0           0.0           0.0         
            110        0  3.000000E-03  1.230000E-03 -6.150000E-04  0.0           0.0           0.0         
            111        0  3.000000E-03  6.150000E-04 -3.075000E-04  0.0           0.0           0.0         
            112        0  2.250000E-03  1.260000E-03 -6.300000E-04  0.0           0.0           0.0         
            113        0  3.000000E-03  9.450000E-04 -4.725000E-04  0.0           0.0           0.0         
            114        0  3.000000E-03  1.740000E-03 -8.700000E-04  0.0           0.0           0.0         
            115        0  1.500000E-03  0.0           2.710787E-15  0.0           0.0           0.0         
            116        0  2.250000E-03  6.300000E-04 -3.150000E-04  0.0           0.0           0.0         
            117        0  3.000000E-03  2.400000E-03 -1.200000E-03  0.0           0.0           0.0         
            118        0  1.500000E-03  6.300000E-04 -3.150000E-04  0.0           0.0           0.0         
            119        0  3.000000E-03  1.560000E-03 -7.800000E-04  0.0           0.0           0.0         
            120        0  1.303560E-15  1.830000E-03 -9.150000E-04  0.0           0.0           0.0         
            121        0  9.881349E-16  1.200000E-03 -6.000000E-04  0.0           0.0           0.0         
            122        0  1.500000E-03  0.0           2.710390E-15  0.0           0.0           0.0         
            123        0  7.234696E-16  1.140000E-03 -5.700000E-04  0.0           0.0           0.0         
            124        0  1.500000E-03  2.400000E-03 -1.200000E-03  0.0           0.0           0.0         
            125        0  1.500000E-03  1.740000E-03 -8.700000E-04  0.0           0.0           0.0         
            126        0  3.781547E-16  5.700000E-04 -2.850000E-04  0.0           0.0           0.0         
            127        0  1.408027E-15  2.400000E-03 -1.200000E-03  0.0           0.0           0.0         
            128        0  1.500000E-03  1.260000E-03 -6.300000E-04  0.0           0.0           0.0         
            129        0  1.446321E-15  2.130000E-03 -1.065000E-03  0.0           0.0           0.0         
            130        0  7.500000E-04  2.400000E-03 -1.200000E-03  0.0           0.0           0.0         
            131        0  7.500000E-04  1.860000E-03 -9.300000E-04  0.0           0.0           0.0         
            132        0  7.500000E-04  0.0           2.061261E-15  0.0           0.0           0.0         
            133        0  1.500000E-03  3.000000E-04 -1.500000E-04  0.0           0.0           0.0         
            134        0  4.371265E-16  3.000000E-04 -1.500000E-04  0.0           0.0           0.0         
            135        0 -1.115533E-16  0.0           6.344433E-17  0.0           0.0           0.0         
            136        0  1.500000E-03  0.0           2.738220E-15  0.0           0.0           0.0         
            137        0  7.500000E-04  0.0           2.099943E-15  0.0           0.0           0.0         
            138        0  1.500000E-03  2.850000E-04 -1.425000E-04  0.0           0.0           0.0         
            139        0  6.154057E-17  2.850000E-04 -1.425000E-04  0.0           0.0           0.0         
            140        0  1.500000E-03  1.500000E-03 -7.500000E-04  0.0           0.0           0.0         
            141        0  1.096240E-15  1.500000E-03 -7.500000E-04  0.0           0.0           0.0         
            142        0  1.500000E-03  5.700000E-04 -2.850000E-04  0.0           0.0           0.0         
            143        0  1.500000E-03  1.440000E-03 -7.200000E-04  0.0           0.0           0.0         
            144        0  8.691950E-16  1.440000E-03 -7.200000E-04  0.0           0.0           0.0         
            145        0  2.250000E-03  0.0           2.053048E-15  0.0           0.0           0.0         
            146        0  3.000000E-03  3.000000E-04 -1.500000E-04  0.0           0.0           0.0         
            147        0  3.000000E-03  0.0           8.113165E-17  0.0           0.0           0.0         
            148        0  2.250000E-03  0.0           2.102344E-15  0.0           0.0           0.0         
            149        0  3.000000E-03  2.850000E-04 -1.425000E-04  0.0           0.0           0.0         
            150        0  3.000000E-03  1.500000E-03 -7.500000E-04  0.0           0.0           0.0         
            151        0  1.201040E-15  1.800000E-03 -9.000000E-04  0.0           0.0           0.0         
            152        0  3.000000E-03  2.070000E-03 -1.035000E-03  0.0           0.0           0.0         
            153        0  3.000000E-03  1.770000E-03 -8.850000E-04  0.0           0.0           0.0         
            154        0  3.000000E-03  1.440000E-03 -7.200000E-04  0.0           0.0           0.0         
                         ------------- ------------- ------------- ------------- ------------- -------------
                MAX* :    3.000000E-03  3.000000E-03  2.764887E-15  1.104959E-16  5.555462E-17  0.0         
                MIN* :   -2.530914E-16  0.0          -1.500000E-03 -2.447332E-17 -9.179334E-17  0.0         

                ABS* :    3.000000E-03  3.000000E-03  1.500000E-03  1.104959E-16  9.179334E-17  0.0         
                *for output set


 OUTPUT FOR SUBCASE        1

                                                          S P C   F O R C E S
                                              (in global coordinate system at each grid)
           GRID     COORD      T1            T2            T3            R1            R2            R3
                     SYS
              1        0  3.725290E-09 -3.725290E-09 -3.334591E-10 -1.097474E-10  0.0           1.462104E-11
              2        0  0.0           1.490116E-08 -3.650328E-10 -5.304998E-11  0.0           1.445727E-11
              3        0  0.0           0.0           0.0           0.0           0.0          -9.025617E-11
              4        0  0.0           0.0           0.0           0.0           0.0          -8.976484E-11
              5        0  2.048910E-08  1.862645E-08 -3.954370E-09 -9.945415E-10  0.0           6.721838E-12
              6        0  0.0           0.0          -6.399344E-09 -1.690946E-09  0.0           3.419818E-11
              7        0  0.0           0.0           0.0           0.0           0.0           2.983573E-10
              8        0  0.0           0.0           0.0           0.0           0.0           1.024321E-09
              9        0  0.0           1.117587E-08  0.0          -2.881390E-09  0.0           1.071544E-10
             10        0  0.0           0.0           0.0           0.0           0.0           4.276816E-10
             11        0  0.0           0.0           0.0           0.0           0.0           1.076621E-09
             12        0  0.0           0.0           0.0           0.0           0.0           5.037881E-10
             13        0  0.0           0.0           0.0           0.0           0.0          -8.642853E-11
             16        0 -4.013302E-06  2.091285E-06 -6.486662E-07  0.0           0.0           0.0         
             18        0  0.0           5.602837E-06  0.0           0.0           0.0           0.0         
             20        0  0.0           3.493391E-06  0.0           0.0           0.0           0.0         
             24        0  0.0           3.430061E-06 -1.336448E-06  0.0           0.0           0.0         
             29        0  0.0           2.159737E-06  0.0           0.0           0.0           0.0         
             31        0  0.0           3.647991E-06  0.0           0.0           0.0           0.0         
             35        0  0.0           1.705019E-06  0.0           0.0           0.0           0.0         
             44        0  0.0           2.236338E-06  0.0           0.0           0.0           0.0         
             71        0  0.0          -7.413328E-06  0.0           0.0           0.0           0.0         
             94        0  0.0          -2.422370E-06  0.0           0.0           0.0           0.0         
             95        0  0.0          -2.655201E-06  0.0           0.0           0.0           0.0         
            103        0  0.0          -7.085502E-06  0.0           0.0           0.0           0.0         
            115        0  0.0          -1.210906E-05  0.0           0.0           0.0           0.0         
            122        0  0.0           5.136710E-06  0.0           0.0           0.0           0.0         
            132        0  0.0          -2.656132E-06  0.0           0.0           0.0           0.0         
            135        0  0.0          -1.883134E-06  0.0           0.0           0.0           0.0         
            136        0  0.0          -1.437962E-06  0.0           0.0           0.0           0.0         
            137        0  0.0           5.966052E-06  0.0           0.0           0.0           0.0         
            145        0  0.0          -2.667308E-06  0.0           0.0           0.0           0.0         
            147        0  0.0          -4.572794E-07  0.0           0.0           0.0           0.0         
            148        0  0.0           7.808208E-06  0.0           0.0           0.0           0.0         
                         ------------- ------------- ------------- ------------- ------------- -------------
                MAX* :    2.048910E-08  7.808208E-06  0.0           0.0           0.0           1.076621E-09
                MIN* :   -4.013302E-06 -1.210906E-05 -1.336448E-06 -2.881390E-09  0.0          -9.025617E-11

                ABS* :    4.013302E-06  1.210906E-05  1.336448E-06  2.881390E-09  0.0           1.076621E-09
                *for output set
                         ------------- ------------- ------------- ------------- ------------- -------------
     SPC FORCE TOTALS:   -3.989087E-06  2.531335E-06 -1.996166E-06 -5.729675E-09  0.0           3.241473E-09
     (for output set)

                                                    SPC Force Summary on AUTOSPC'd DOF's
                                                 (in global coordinate system at each grid)
        For detailed information on the SPC forces for the AUTOSPC DOF's, set field 7 (AUTOSPC_SPCF) on the PARAM AUTOSPC entry to Y

                              T1             T2             T3             R1             R2             R3

 ABS AUTOSPC FORCES  :   0.000000E+00   0.000000E+00   0.000000E+00   0.000000E+00   0.000000E+00   1.076621E-09
 AUTOSPC FORCE TOTALS:   0.000000E+00   0.000000E+00   0.000000E+00   0.000000E+00   0.000000E+00   3.241473E-09
     (for output set)


 OUTPUT FOR SUBCASE        1

                                                       E L E M E N T   E N G I N E E R I N G   F O R C E S
                                                           F O R   E L E M E N T   T Y P E   Q U A D 4  
  Element Location               N o r m a l   F o r c e s                       M o m e n t s                   T r a n s v e r s e
     ID                                                                                                        S h e a r   F o r c e s
                              Nxx           Nyy           Nxy           Mxx           Myy           Mxy            Qx           Qy
        1                 0.000000E+00  0.000000E+00  4.336809E-09 -3.524188E-11 -1.083830E-10 -4.288893E-11 -1.637759E-10 -1.391038E-10
           GRD       1   -2.064765E-08  2.064765E-08  1.174205E-08 -2.117763E-12  1.130825E-10 -6.568358E-12 -6.614092E-10 -4.316882E-10
           GRD       2   -2.064765E-08 -2.064765E-08  2.676519E-08 -2.117763E-12 -5.229288E-11 -3.969247E-11 -6.614092E-10  1.056982E-09
           GRD       3    2.064765E-08 -2.064765E-08  2.352581E-09 -6.836599E-11 -5.229288E-11 -5.102024E-11  2.140861E-09  1.056982E-09
           GRD       4    2.064765E-08  2.064765E-08 -1.267056E-08 -6.836599E-11  1.130825E-10 -1.789613E-11  2.140861E-09 -4.316882E-10
        2                 0.000000E+00 -5.960464E-08 -4.336809E-09 -2.237275E-09 -2.201391E-09  1.144534E-09 -1.147636E-08  2.590484E-09
           GRD      12    1.215365E-08 -5.306737E-08 -1.085949E-08 -2.199669E-09 -2.736830E-09  8.145778E-10  2.837484E-09 -1.971448E-08
           GRD      13    7.036935E-08 -1.047303E-08 -2.116201E-08 -2.205940E-09 -1.547157E-09  8.351350E-10 -1.458804E-08  1.376387E-08
           GRD      11    5.358253E-08  2.961718E-08 -3.314887E-09 -2.265645E-09 -1.534404E-09  1.447085E-09 -2.926972E-08  2.584394E-08
           GRD       8   -1.689624E-08 -1.376049E-08  1.148394E-08 -2.267671E-09 -2.919046E-09  1.518810E-09 -1.125489E-08 -1.128823E-08
        3                -8.344650E-08 -3.576279E-08 -1.084202E-08 -1.636111E-09  1.998893E-09  1.147826E-10  4.239432E-09  1.248801E-08
           GRD       5   -1.107326E-07 -6.717456E-08 -4.311821E-08 -1.196090E-09  1.827755E-09  3.629359E-10  1.218074E-08  7.239064E-09
           GRD       9   -1.401887E-07 -1.304328E-08 -5.128691E-09 -1.145176E-09  1.864923E-09 -5.200765E-14  1.113825E-08  1.200498E-08
           GRD      13    1.320626E-08 -2.594600E-08  1.323049E-08 -2.024982E-09  1.862947E-09 -4.141227E-11 -7.789470E-09  1.475363E-08
           GRD      12    2.313835E-08 -7.265009E-08 -2.244630E-08 -1.977135E-09  1.830151E-09  2.852976E-10 -4.861691E-09  1.023073E-08
        4                -3.576279E-08 -5.960464E-08  0.000000E+00 -7.498011E-10  2.752554E-09  9.201090E-10 -8.864916E-09  1.614776E-08
           GRD       9   -2.874901E-08 -3.033070E-08 -4.057642E-10 -2.165223E-09  1.781740E-09 -1.778665E-10 -1.714129E-08  8.923700E-09
           GRD       6   -2.764234E-08  2.580222E-08 -8.388330E-09 -1.895866E-09  3.443289E-09  1.108918E-09 -1.160223E-08  1.759850E-08
           GRD      10   -8.100234E-09  1.088612E-08  1.490062E-09  5.019366E-10  3.631980E-09  2.039224E-09  2.972775E-09  1.902050E-08
           GRD      13   -7.033991E-09 -5.404135E-08  1.164084E-08  4.824671E-10  1.784654E-09  7.013203E-10 -1.536024E-09  9.427442E-09
        5                 3.576279E-08  2.384186E-08  2.602085E-08  2.432619E-10 -1.925283E-09  8.859105E-10 -5.177133E-09  1.061345E-08
           GRD      13   -8.040935E-08 -1.254644E-07  1.465443E-08  2.873798E-10 -1.380256E-09  1.177471E-09 -9.270560E-09  2.388348E-08
           GRD      10    1.442329E-08  9.406889E-08  2.396186E-08  2.936970E-10 -2.453877E-09  1.147935E-09 -2.142340E-09 -9.397522E-09
           GRD       7    8.479073E-08  1.017288E-07  1.469838E-08  1.902212E-10 -2.385040E-09  6.759936E-10 -5.407348E-09 -4.011410E-09
           GRD      11   -6.883746E-09 -9.417512E-08  7.400656E-09  1.954844E-10 -1.438151E-09  7.518521E-10 -1.139897E-08  2.499915E-08
                          ------------- ------------- ------------- ------------- ------------- ------------- ------------- -------------
                MAX* :    8.479073E-08  1.017288E-07  2.676519E-08  5.019366E-10  3.631980E-09  2.039224E-09  1.218074E-08  2.584394E-08
                MIN* :   -1.401887E-07 -1.254644E-07 -4.311821E-08 -2.267671E-09 -2.919046E-09 -1.778665E-10 -2.926972E-08 -1.971448E-08

                ABS* :    1.401887E-07  1.254644E-07  4.311821E-08  2.267671E-09  3.631980E-09  2.039224E-09  2.926972E-08  2.584394E-08
                *for output set


 OUTPUT FOR SUBCASE        1

                                E L E M E N T   S T R E S S E S   I N   M A T E R I A L   C O O R D I N A T E   S Y S T E M
                                                       F O R   E L E M E N T   T Y P E   H E X A  20
    Elem  Location            Sigma-xx      Sigma-yy      Sigma-zz       Tau-xy        Tau-yz        Tau-zx       von Mises
     ID
        6  CENTER            8.225441E-06 -8.827448E-06 -1.438856E-05  2.986799E-06  1.657009E-06 -3.141957E-06  2.193572E-05
           GRD     151      -3.206730E-05 -2.771020E-05 -3.075600E-06 -2.208487E-05  5.048513E-06  1.211009E-06  4.772074E-05
           GRD      70       3.039837E-05  3.916025E-06 -7.641315E-06  1.582616E-05  8.636713E-06  4.794394E-05  9.493154E-05
           GRD     124      -3.027916E-05 -8.276105E-06  4.565716E-06 -2.606661E-05  6.425381E-06  1.923964E-05  6.484102E-05
           GRD      27       1.668930E-05  3.502667E-05  3.621578E-05 -1.643557E-05  4.028082E-05 -3.387963E-06  7.792259E-05
           GRD      55      -1.227856E-05 -7.767379E-05  1.844168E-05  1.906001E-05 -1.092553E-05 -1.234225E-05  9.557287E-05
           GRD     125       8.714199E-05 -2.145767E-05  2.330542E-05 -1.427457E-05  4.857779E-06  5.213322E-05  1.333119E-04
           GRD      14      -5.483627E-06  1.528263E-05 -1.152754E-05  9.852557E-06  1.381636E-05  1.505036E-05  4.622456E-05
           GRD      33       4.708767E-05 -1.427531E-06  4.453659E-05 -1.606963E-05  4.584193E-05 -1.426025E-05  9.962770E-05
        7  CENTER           -4.649162E-06 -8.672476E-07 -6.926060E-06  3.306813E-06  3.063679E-06 -1.047319E-06  9.610006E-06
           GRD      70      -3.862381E-05  3.916025E-06 -7.641315E-06  1.148172E-05  8.636713E-06 -1.039561E-05  4.893911E-05
           GRD      72       4.053116E-05 -1.049638E-05  4.029274E-06 -2.482534E-05 -6.359816E-06 -6.206335E-06  6.449330E-05
           GRD      26      -3.933907E-06  5.900860E-07  1.227856E-06 -1.055077E-05 -6.330013E-06  5.275385E-06  2.369411E-05
           GRD     124      -2.193451E-05 -8.276105E-06  4.565716E-06  9.309503E-06  6.425381E-06  1.241267E-05  3.705325E-05
           GRD     125      -2.467632E-05 -2.145767E-05  2.330542E-05 -1.625284E-05  4.857779E-06 -1.000772E-05  5.763586E-05
           GRD     114       1.764297E-05  1.005232E-05  1.261234E-05 -1.695105E-05 -3.395677E-05  1.784321E-06  6.614750E-05
           GRD      32       3.695488E-06  2.968907E-05  1.623631E-05  1.124898E-05 -1.170039E-05 -4.654752E-06  3.690900E-05
           GRD      14      -1.704693E-05  1.528263E-05 -1.152754E-05  2.583387E-05  1.381636E-05  1.287815E-05  6.300481E-05
        8  CENTER            5.996227E-05 -2.228469E-04 -3.862381E-05 -1.924449E-05  9.956956E-05  2.544113E-05  3.075943E-04
           GRD      48       2.181530E-05  4.361570E-05 -1.097918E-04  1.954996E-05  7.137656E-05 -5.632249E-05  2.158978E-04
           GRD      64       4.124641E-05  1.406282E-04 -2.550244E-04 -1.923964E-05  2.071083E-04 -6.175304E-05  5.180052E-04
           GRD      67       3.421307E-05  1.171678E-04 -1.462102E-04  1.132656E-05  1.622736E-04 -2.428229E-05  3.681752E-04
           GRD      52       4.601479E-05  3.643334E-05 -6.926060E-05  1.520552E-05  7.775426E-05 -7.897562E-05  2.231994E-04
           GRD     142       1.647472E-04 -4.724413E-04 -1.462102E-04 -3.525974E-05  2.444088E-04 -3.328147E-05  7.005891E-04
           GRD      19       9.739399E-05 -4.847109E-04 -6.928444E-05 -2.137307E-04  2.609074E-04  6.904548E-05  7.906743E-04
           GRD      69       4.410744E-06 -8.484721E-06 -1.957655E-04 -1.503485E-04  2.102733E-04  2.280828E-05  4.895658E-04
           GRD      73       9.500980E-05 -2.274960E-04 -1.516342E-04  6.361494E-06  2.208948E-04 -3.304874E-05  4.848513E-04
        9  CENTER           -3.182888E-05  1.959205E-04  6.031990E-05  2.358407E-05 -1.046062E-04 -2.381681E-05  2.749037E-04
           GRD      74      -4.863739E-05  4.790127E-05 -1.695156E-05  2.378658E-05  7.826090E-06  6.173136E-05  1.434511E-04
           GRD     121      -4.768372E-07  5.496740E-05 -8.751154E-05 -1.387624E-05  6.013513E-05  2.891295E-06  1.640918E-04
           GRD      52      -1.156330E-05  6.695688E-05 -1.358747E-04  1.086109E-05  9.162426E-05  7.757919E-07  2.385800E-04
           GRD      48       1.404285E-04 -3.521740E-05 -1.707077E-05  9.433630E-05  1.572371E-05  7.137286E-06  2.357667E-04
           GRD      17      -1.163483E-04  4.688382E-04  4.543066E-05 -1.031609E-04 -1.567543E-04  6.423557E-05  6.260716E-04
           GRD     101      -6.318092E-05  2.972186E-04  1.615286E-05 -3.948781E-05 -1.075566E-04  9.076765E-06  3.836927E-04
           GRD     128      -8.475780E-05  2.952456E-04 -2.243519E-05  6.609747E-05 -6.501079E-05  5.740860E-06  3.879286E-04
           GRD     118      -6.878376E-05  5.140752E-04  1.507998E-05  1.558372E-04 -1.412332E-04 -5.236595E-06  6.562434E-04
       10  CENTER           -1.192093E-07  1.150608E-04  4.414320E-05  9.433630E-05 -7.395148E-05 -2.505808E-05  2.347672E-04
           GRD      48       2.181530E-05 -3.409684E-05 -1.819134E-05  2.823883E-05  1.656413E-05 -3.894475E-05  1.012686E-04
           GRD      52       4.601479E-05  6.695688E-05 -1.358747E-04 -8.223394E-06  9.162426E-05 -1.262213E-04  3.324378E-04
           GRD      67       3.421307E-05  1.413226E-04 -1.939535E-04  1.117140E-05  1.744926E-04 -2.420471E-05  4.259651E-04
           GRD      64       4.124641E-05  1.890957E-05 -1.090169E-04 -2.296344E-05  1.218915E-04 -6.920064E-05  2.832708E-04
           GRD     118      -1.056194E-04  5.140752E-04  1.507998E-05  9.536422E-05 -1.412332E-04 -4.976705E-05  6.467973E-04
           GRD     128      -4.005432E-05  2.952456E-04 -2.243519E-05  6.109361E-05 -6.501079E-05 -1.361515E-04  4.316445E-04
           GRD     102       8.356571E-05  2.022177E-04 -1.053452E-04  1.365782E-04  5.503297E-05 -1.535292E-04  4.560051E-04
           GRD      21      -3.373623E-05  4.603148E-04 -4.737377E-05  1.999022E-04 -6.621480E-05 -1.533353E-04  6.742262E-04
       11  CENTER           -1.704693E-05  1.292825E-05 -5.006790E-07 -9.833163E-06 -9.846687E-06  3.364997E-06  3.593365E-05
           GRD     151      -3.206730E-05 -2.828538E-05  5.829334E-06 -1.773565E-05  6.699562E-06  1.030043E-05  5.199754E-05
           GRD      27       1.668930E-05  4.391670E-05  1.622438E-05 -1.960934E-05  4.417300E-05 -9.738597E-06  8.969988E-05
           GRD     124      -3.027916E-05  5.036592E-06 -6.425381E-05 -2.606661E-05  2.533197E-06  1.768806E-05  8.122547E-05
           GRD      70       3.039837E-05  1.503229E-05 -7.641315E-06  1.489520E-05  1.975298E-05  4.530625E-05  9.535577E-05
           GRD      76      -4.327297E-05 -1.771152E-05  2.648830E-05 -4.724573E-05 -9.673834E-06  3.196263E-05  1.173835E-04
           GRD      37      -1.490116E-05  3.694892E-05  2.733469E-05 -1.722258E-05  3.134012E-05 -1.194720E-05  8.091374E-05
           GRD      78      -5.555153E-05 -1.867712E-05 -5.927086E-05 -3.762591E-05  1.128316E-05  3.956539E-05  1.040962E-04
           GRD      68      -3.039837E-05  7.027686E-05 -1.429319E-05  1.943359E-05  2.181530E-06  2.800609E-05  1.107871E-04
       12  CENTER           -9.775162E-06 -8.183718E-06  3.623962E-06  5.042647E-06  3.004074E-06  2.521324E-06  1.682780E-05
           GRD      70      -3.862381E-05  1.503229E-05 -7.641315E-06  1.039561E-05  1.975298E-05 -1.295573E-05  6.461263E-05
           GRD     124      -2.193451E-05  2.819300E-06 -6.203651E-05  9.930137E-06  8.702278E-07  1.365394E-05  6.380426E-05
           GRD      26      -3.933907E-06 -2.181530E-06  1.227856E-06 -1.303330E-05 -9.101629E-06  3.103168E-07  2.791197E-05
           GRD      72       4.053116E-05 -6.592274E-06 -2.646446E-06 -1.629163E-05 -4.124641E-06  1.124898E-05  5.724644E-05
           GRD      68      -4.279613E-05  7.027686E-05 -1.429319E-05  2.901462E-05  2.181530E-06 -3.351421E-05  1.276105E-04
           GRD      78      -3.170967E-05 -2.089441E-05 -5.705357E-05  1.070593E-05  9.620190E-06  1.055077E-05  4.459636E-05
           GRD      42      -3.218651E-06 -1.364350E-05 -4.038811E-05 -3.366937E-05  2.503395E-07  5.585702E-06  6.780433E-05
           GRD      66       4.327297E-05 -5.049109E-05  1.899004E-05 -1.163688E-05  1.989603E-05  1.861901E-05  9.868284E-05
       13  CENTER            1.944304E-04 -2.656549E-04 -7.830858E-05  3.790350E-05  8.804202E-05 -5.236838E-05  4.431404E-04
           GRD      16       5.525351E-04  4.920214E-04  1.330972E-04  5.968724E-04  3.772974E-05  2.753510E-04  1.206111E-03
           GRD      18       2.729893E-05  3.656745E-05  8.875132E-05 -4.313403E-05  2.589822E-05 -2.808367E-05  1.151199E-04
           GRD      48       1.404285E-04 -1.036525E-05 -1.797676E-05  1.318846E-04  4.251003E-05 -4.887489E-05  2.978468E-04
           GRD      74      -4.863739E-05  1.538306E-04 -1.212716E-04  2.355317E-05  6.659031E-05 -1.601199E-05  2.769682E-04
           GRD      29       4.820824E-04 -7.061362E-05 -3.783584E-04  3.665287E-04  6.338716E-04  1.424702E-04  1.496520E-03
           GRD      20       2.985001E-04 -3.323525E-04 -2.954483E-04  2.125670E-05  5.415738E-04  2.544598E-05  1.122168E-03
           GRD     142       2.720356E-04 -5.426556E-04 -1.210570E-04  5.527517E-05  2.594590E-04 -2.909220E-05  8.435974E-04
           GRD     126       7.009506E-05 -2.789766E-04 -1.155019E-04  1.722180E-04  1.816511E-04 -4.598671E-05  5.346246E-04
       14  CENTER            2.300739E-05 -6.159246E-05 -1.689196E-05  1.492430E-05  2.821088E-05 -1.708682E-05  9.646376E-05
           GRD     121      -4.768372E-07  4.113913E-05 -4.274845E-05  1.307668E-05  4.833341E-05  4.126820E-05  1.338226E-04
           GRD      52      -1.156330E-05  9.754300E-06  4.565716E-06  8.502679E-05  1.059771E-05  2.265312E-05  1.547121E-04
           GRD      70       3.039837E-05  3.221631E-05 -2.276897E-05  3.785865E-05  1.668930E-05  3.692770E-05  1.102412E-04
           GRD     151      -3.206730E-05  5.108714E-05 -8.604527E-05  5.798376E-06  6.831884E-05 -1.282759E-05  1.700403E-04
           GRD     123       3.337860E-05 -1.702577E-04 -1.144886E-04  5.010202E-05  1.469016E-04 -2.582680E-05  3.278617E-04
           GRD      73       1.041889E-04 -1.437247E-04 -3.970861E-05  5.042647E-05  8.975863E-05  8.456132E-05  3.158222E-04
           GRD     125       8.714199E-05 -7.407665E-05 -1.777411E-05  3.832412E-05  5.909204E-05  2.583387E-05  1.922717E-04
           GRD      55      -1.227856E-05 -3.311336E-05 -7.189512E-05  3.209314E-05  6.827116E-05 -1.885882E-05  1.445194E-04
       15  CENTER            1.190901E-04 -3.818780E-04 -9.729862E-05 -3.121593E-05  1.256943E-04  2.021423E-05  4.908519E-04
           GRD      18       1.147985E-04  3.656745E-05  8.875132E-05 -3.072136E-05  2.589822E-05 -3.258326E-06  9.816450E-05
           GRD      24      -4.279613E-05  3.548950E-04  1.040697E-05 -4.840942E-05  2.902925E-04 -1.309537E-04  6.716522E-04
           GRD      64       4.124641E-05  2.879798E-05 -2.966762E-04 -3.103168E-06  2.793252E-04 -7.913078E-05  6.025128E-04
           GRD      48       2.181530E-05 -1.036525E-05 -1.797676E-05  6.671811E-05  4.251003E-05 -9.387082E-05  2.157519E-04
           GRD      20       3.180504E-04 -3.323525E-04 -2.954483E-04  1.404183E-05  5.415738E-04  1.101625E-05  1.131921E-03
           GRD      31       1.293421E-04 -4.694372E-04 -7.385850E-04 -7.773435E-05  1.161176E-03 -7.478634E-05  2.161489E-03
           GRD      19       9.739399E-05 -5.196273E-04 -2.625346E-04 -2.281798E-04  3.889024E-04  8.048841E-05  9.578877E-04
           GRD     142       1.647472E-04 -5.426556E-04 -1.210570E-04 -5.081437E-06  2.594590E-04 -5.903777E-05  7.696849E-04
       16  CENTER            1.990795E-05 -5.853772E-05 -2.118349E-05  2.278889E-06  3.086329E-05  1.168537E-05  8.889114E-05
           GRD      52       4.601479E-05  9.754300E-06  4.565716E-06  6.609747E-05  1.059771E-05 -1.044216E-04  2.183691E-04
           GRD      67       3.421307E-05 -2.533197E-07 -2.086163E-06 -1.799837E-05  4.750490E-05 -9.619820E-06  9.630190E-05
           GRD      72       4.053116E-05  4.553199E-05 -4.580021E-05 -1.396425E-06  2.946258E-05 -1.792079E-05  1.071601E-04
           GRD      70      -3.862381E-05  3.221631E-05 -2.276897E-05  3.382453E-05  1.668930E-05 -2.156702E-05  9.904465E-05
           GRD      73       9.500980E-05 -1.437247E-04 -3.970861E-05  2.094638E-05  8.975863E-05 -4.034118E-05  2.708313E-04
           GRD      69       4.410744E-06 -6.298721E-05 -2.402067E-05 -1.140414E-04  5.215406E-05  4.654752E-06  2.251135E-04
           GRD     114       1.764297E-05  6.472170E-05 -3.234148E-05 -2.222644E-05 -2.670288E-06  4.422014E-06  9.289863E-05
           GRD     125      -2.467632E-05 -7.407665E-05 -1.777411E-05  3.588038E-05  5.909204E-05 -3.607432E-05  1.451582E-04
       17  CENTER            4.005432E-05  2.603740E-04  3.441572E-05  3.568643E-05 -1.394629E-04  2.123730E-05  3.366574E-04
           GRD      16       5.525351E-04  4.562944E-04 -9.810925E-06  1.904041E-04 -3.372431E-05 -5.375855E-04  1.118277E-03
           GRD      74      -4.863739E-05  6.057024E-05 -1.413822E-05  5.082293E-05  1.132488E-07  3.861276E-05  1.468697E-04
           GRD      48       1.404285E-04 -9.029806E-05  7.582903E-05  1.399529E-04 -1.397133E-05 -3.273842E-05  3.241365E-04
           GRD      18       2.729893E-05  4.064441E-05  1.050591E-04 -6.516652E-06  3.405213E-05  4.515109E-05  1.221021E-04
           GRD      35       2.073050E-04  7.033825E-04  3.212214E-04  5.891753E-05 -4.239023E-04 -2.516112E-04  9.705547E-04
           GRD      17      -1.163483E-04  5.921692E-04  1.554370E-04 -2.563992E-05 -2.734721E-04 -2.211007E-06  7.807992E-04
           GRD     118      -6.878376E-05  5.814999E-04  2.403736E-04  1.509303E-04 -3.006816E-04 -6.982127E-07  8.105410E-04
           GRD     122      -1.454353E-04  1.689374E-04  2.973795E-04 -6.451915E-06 -2.541184E-04 -3.695338E-05  5.946901E-04
       18  CENTER           -2.372265E-05  7.117391E-05  2.303123E-05  3.277721E-06 -3.885031E-05 -9.600425E-07  1.063839E-04
           GRD     121      -4.768372E-07  6.195307E-05 -8.716583E-05 -7.669908E-06  5.804300E-05 -2.118726E-07  1.646452E-04
           GRD     151      -3.206730E-05  5.053580E-05 -7.716417E-05  1.034802E-05  6.998777E-05 -3.741407E-06  1.662536E-04
           GRD      70       3.039837E-05  4.333258E-05 -2.276897E-05  3.661738E-05  2.780557E-05  3.444516E-05  1.165465E-04
           GRD      52      -1.156330E-05  3.915727E-05 -6.092787E-05  6.144272E-05  2.362728E-05 -2.451502E-05  1.493873E-04
           GRD     101      -6.318092E-05  2.276242E-04  2.479553E-06 -6.508894E-05 -7.648468E-05  2.187733E-05  3.185589E-04
           GRD      76      -4.327297E-05  8.580983E-05 -3.817081E-05 -1.900690E-05  2.910495E-05  1.784321E-05  1.435619E-04
           GRD      68      -3.039837E-05  1.231343E-04 -2.763271E-05  2.905341E-05  2.306700E-06  2.319618E-05  1.652808E-04
           GRD     128      -8.475780E-05  1.664281E-04  3.801584E-05  9.169861E-05 -9.325743E-05 -7.059706E-06  3.143167E-04
       19  CENTER            1.132488E-05  1.846254E-05  2.980232E-06  5.096953E-05 -8.434057E-06 -7.253654E-06  9.135133E-05
           GRD      52       4.601479E-05  3.915727E-05 -6.092787E-05  4.235824E-05  2.362728E-05 -1.515122E-04  2.944072E-04
           GRD      70      -3.862381E-05  4.333258E-05 -2.276897E-05  3.227294E-05  2.780557E-05 -2.389439E-05  1.132507E-04
           GRD      72       4.053116E-05  4.943609E-05 -5.247593E-05  7.447602E-06  3.169775E-05 -6.206335E-07  1.128700E-04
           GRD      67       3.421307E-05  2.611876E-05 -5.204678E-05 -1.846385E-05  6.138682E-05 -9.387082E-06  1.392845E-04
           GRD     128      -4.005432E-05  1.664281E-04  3.801584E-05  8.622927E-05 -9.325743E-05 -1.487193E-04  3.838742E-04
           GRD      68      -4.279613E-05  1.231343E-04 -2.763271E-05  3.894475E-05  2.306700E-06 -3.847928E-05  1.850804E-04
           GRD      66       4.327297E-05  8.612871E-06 -2.276897E-05  2.187733E-05  4.687905E-05  1.861901E-06  1.063627E-04
           GRD     102       8.356571E-05 -1.057982E-06  1.400709E-05  3.634585E-05 -1.350045E-05 -1.034131E-04  2.066541E-04
       20  CENTER            6.210804E-05 -1.614720E-04 -2.939701E-05  3.701740E-05  7.607937E-05 -2.781214E-05  2.483910E-04
           GRD      74      -4.863739E-05  1.406133E-04 -1.235366E-04 -3.500247E-06  7.389188E-05  7.093528E-06  2.686414E-04
           GRD      48       1.404285E-04  4.361570E-05 -1.097918E-04  8.626806E-05  7.137656E-05 -8.999186E-06  2.925948E-04
           GRD      52      -1.156330E-05  3.643334E-05 -6.926060E-05  3.444516E-05  7.775426E-05  4.794394E-05  1.923392E-04
           GRD     121      -4.768372E-07  3.415346E-05 -4.309416E-05  6.917013E-06  5.042553E-05  4.434804E-05  1.347714E-04
           GRD     126       7.009506E-05 -3.801644E-04 -5.593300E-05  9.972772E-05  1.905739E-04  1.620325E-05  5.490456E-04
           GRD     142       2.720356E-04 -4.724413E-04 -1.462102E-04  2.509687E-05  2.444088E-04 -3.335905E-06  7.739064E-04
           GRD      73       1.041889E-04 -2.274960E-04 -1.516342E-04  3.584159E-05  2.208948E-04  9.185376E-05  5.159035E-04
           GRD     123       3.337860E-05 -2.431750E-04 -1.314402E-04  4.136117E-05  1.838148E-04 -2.145638E-05  4.073609E-04
       21  CENTER           -3.957748E-05  2.444237E-04  4.017353E-05  5.632249E-05 -1.372099E-04 -3.708285E-05  3.667278E-04
           GRD      18       1.147985E-04  4.064441E-05  1.050591E-04  5.896019E-06  3.405213E-05  6.997643E-05  1.521332E-04
           GRD      48       2.181530E-05 -9.029806E-05  7.582903E-05  7.385539E-05 -1.397133E-05 -7.882046E-05  2.390188E-04
           GRD      64       4.124641E-05 -9.221137E-05 -1.506925E-04 -3.723801E-06  1.948118E-04 -8.192363E-05  4.038152E-04
           GRD      24      -4.279613E-05  2.924144E-04 -2.395153E-04 -8.937123E-05  1.653314E-04 -2.128773E-04  6.774379E-04
           GRD     122      -1.183748E-04  1.689374E-04  2.973795E-04  1.534964E-05 -2.541184E-04  6.649724E-06  5.749058E-04
           GRD     118      -1.056194E-04  5.814999E-04  2.403736E-04  8.966215E-05 -3.006816E-04 -4.643115E-05  8.098885E-04
           GRD      21      -3.373623E-05  5.478650E-04  1.286626E-04  2.642347E-04 -2.058566E-04 -2.085329E-04  8.586214E-04
           GRD      44      -1.877546E-04  6.660223E-04  2.813339E-04 -2.240934E-05 -4.040301E-04 -8.360828E-05  1.029894E-03
                            ------------- ------------- ------------- ------------- ------------- ------------- -------------
                MAX* :       5.525351E-04  7.033825E-04  3.212214E-04  5.968724E-04  1.161176E-03  2.753510E-04  2.161489E-03
                MIN* :      -1.877546E-04 -5.426556E-04 -7.385850E-04 -2.281798E-04 -4.239023E-04 -5.375855E-04  9.610006E-06

                ABS* :       5.525351E-04  7.033825E-04  7.385850E-04  5.968724E-04  1.161176E-03  5.375855E-04  2.161489E-03
                * for output set


 OUTPUT FOR SUBCASE        1

                                          E L E M E N T   S T R E S S E S   I N   L O C A L   E L E M E N T   C O O R D I N A T E   S Y S T E M
                                                                       F O R   E L E M E N T   T Y P E   Q U A D 4  
    Elem  Location        Fiber      Stresses In Element Coord System     Principal Stresses (Zero Shear)                Transverse   Transverse   % Poly
     ID                  Distance   Normal-X     Normal-Y     Shear-XY     Angle     Major        Minor      von Mises    Shear-XZ     Shear-YZ    Fit Err
                                                                                                                         (max through thickness)

        1  CENTER      -5.000E-02 -2.11451E-08 -6.50298E-08  1.76347E-08   19.39 -1.49370E-08 -7.12380E-08  6.50683E-08 -1.96531E-09 -1.66925E-09
                        5.000E-02  2.11451E-08  6.50298E-08  6.91014E-08   53.81  1.15589E-07 -2.94141E-08  1.32763E-07

           GRD       1 -5.000E-02 -2.07747E-07  2.74326E-07  1.13479E-07   77.39  2.99703E-07 -2.33124E-07  4.62641E-07 -7.93691E-09 -5.18026E-09  0.1E-13
                        5.000E-02 -2.05206E-07  1.38627E-07  1.21361E-07   72.39  1.77148E-07 -2.43727E-07  3.66005E-07

           GRD       2 -5.000E-02 -2.07747E-07 -2.37852E-07  2.43836E-07   43.23  2.15009E-08 -4.67100E-07  4.78213E-07 -7.93691E-09  1.26838E-08  0.5E-13
                        5.000E-02 -2.05206E-07 -1.75101E-07  2.91467E-07   46.48  1.01702E-07 -4.82009E-07  5.40091E-07

           GRD       3 -5.000E-02  1.65457E-07 -2.37852E-07 -7.08634E-09   -1.01  1.65581E-07 -2.37977E-07  3.51361E-07  2.56903E-08  1.26838E-08  0.5E-13
                        5.000E-02  2.47496E-07 -1.75101E-07  5.41380E-08    7.19  2.54321E-07 -1.81926E-07  3.79532E-07

           GRD       4 -5.000E-02  1.65457E-07  2.74326E-07 -1.37443E-07  -55.80  3.67722E-07  7.20612E-08  3.37511E-07  2.56903E-08 -5.18026E-09  0.8E-13
                        5.000E-02  2.47496E-07  1.38627E-07 -1.15968E-07  -32.43  3.21170E-07  6.49535E-08  2.94122E-07

        2  CENTER      -5.000E-02 -1.34237E-06 -1.91688E-06  6.43353E-07   32.97 -9.25053E-07 -2.33419E-06  2.03591E-06 -1.37716E-07  3.10858E-08
                        5.000E-02  1.34237E-06  7.24788E-07 -7.30089E-07  -33.54  1.82628E-06  2.40873E-07  1.71855E-06

           GRD      12 -5.000E-02 -1.19827E-06 -2.17277E-06  3.80152E-07   18.98 -1.06751E-06 -2.30352E-06  1.99669E-06  3.40498E-08 -2.36574E-07  0.5E+02(2)
                        5.000E-02  1.44134E-06  1.11142E-06 -5.97342E-07  -37.28  1.89608E-06  6.56681E-07  1.66770E-06

           GRD      13 -5.000E-02 -6.19871E-07 -1.03302E-06  2.89461E-07   27.24 -4.70833E-07 -1.18206E-06  1.03073E-06 -1.75056E-07  1.65166E-07 -0.5E+02(2)
                        5.000E-02  2.02726E-06  8.23564E-07 -7.12701E-07  -24.91  2.35824E-06  4.92586E-07  2.15460E-06

           GRD      11 -5.000E-02 -8.23561E-07 -6.24471E-07  8.35102E-07   48.40  1.16998E-07 -1.56503E-06  1.62669E-06 -3.51237E-07  3.10127E-07 -0.5E+02(2)
                        5.000E-02  1.89521E-06  1.21681E-06 -9.01400E-07  -34.69  2.51912E-06  5.92905E-07  2.28121E-06

           GRD       8 -5.000E-02 -1.52956E-06 -1.88903E-06  1.02613E-06   40.03 -6.67551E-07 -2.75105E-06  2.48544E-06 -1.35059E-07 -1.35459E-07  0.5E+02(2)
                        5.000E-02  1.19164E-06  1.61382E-06 -7.96447E-07  -52.42  2.22668E-06  5.78785E-07  2.00108E-06

        3  CENTER      -5.000E-02 -1.81613E-06  8.41708E-07 -3.95507E-08  -89.15  8.42296E-07 -1.81672E-06  2.35375E-06  5.08732E-08  1.49856E-07
                        5.000E-02  1.47201E-07 -1.55696E-06 -1.77290E-07   -5.88  1.65450E-07 -1.57521E-06  1.66412E-06

           GRD       5 -5.000E-02 -1.82498E-06  4.24908E-07 -2.13421E-07  -84.63  4.44973E-07 -1.84505E-06  2.10314E-06  1.46169E-07  8.68688E-08  0.4E+02(2)
                        5.000E-02 -3.89672E-07 -1.76840E-06 -6.48944E-07  -21.64 -1.32278E-07 -2.02579E-06  1.96300E-06

           GRD       9 -5.000E-02 -2.08899E-06  9.88521E-07 -5.13181E-08  -89.04  9.89376E-07 -2.08985E-06  2.72286E-06  1.33659E-07  1.44060E-07 -0.4E+02(2)
                        5.000E-02 -7.14782E-07 -1.24939E-06 -5.12557E-08   -5.43 -7.09912E-07 -1.25426E-06  1.08937E-06

           GRD      13 -5.000E-02 -1.08293E-06  8.58308E-07  1.07458E-07   86.84  8.64238E-07 -1.08886E-06  1.69515E-06 -9.34736E-08  1.77044E-07 -0.4E+02(2)
                        5.000E-02  1.34705E-06 -1.37723E-06  1.57152E-07    3.29  1.35609E-06 -1.38626E-06  2.37499E-06

           GRD      12 -5.000E-02 -9.54897E-07  3.71589E-07 -5.32845E-08  -87.70  3.73726E-07 -9.57034E-07  1.18880E-06 -5.83403E-08  1.22769E-07  0.4E+02(2)
                        5.000E-02  1.41766E-06 -1.82459E-06 -3.95642E-07   -6.86  1.46524E-06 -1.87217E-06  2.89744E-06

        4  CENTER      -5.000E-02 -8.07509E-07  1.05549E-06  5.52065E-07   74.67  1.20679E-06 -9.58815E-07  1.87956E-06 -1.06379E-07  1.93773E-07
                        5.000E-02  9.22528E-08 -2.24758E-06 -5.52065E-07  -12.63  2.15967E-07 -2.37129E-06  2.48632E-06

           GRD       9 -5.000E-02 -1.58662E-06  7.65737E-07 -1.10778E-07  -87.31  7.70942E-07 -1.59183E-06  2.08698E-06 -2.05695E-07  1.07084E-07  0.5E+03(7)
                        5.000E-02  1.01164E-06 -1.37235E-06  1.02662E-07    2.46  1.01606E-06 -1.37676E-06  2.08008E-06

           GRD       6 -5.000E-02 -1.41394E-06  2.32400E-06  5.81467E-07   81.36  2.41236E-06 -1.50231E-06  3.42060E-06 -1.39227E-07  2.11182E-07 -0.4E+03(7)
                        5.000E-02  8.61096E-07 -1.80795E-06 -7.49234E-07  -14.66  1.05703E-06 -2.00389E-06  2.69278E-06

           GRD      10 -5.000E-02  2.20160E-07  2.28805E-06  1.23843E-06   64.93  2.86741E-06 -3.59204E-07  3.06285E-06  3.56733E-08  2.28246E-07 -0.5E+03(7)
                        5.000E-02 -3.82164E-07 -2.07033E-06 -1.20863E-06  -27.54  2.47955E-07 -2.70045E-06  2.83258E-06

           GRD      13 -5.000E-02  2.19140E-07  5.30379E-07  5.37201E-07   53.08  9.34047E-07 -1.84527E-07  1.03868E-06 -1.84323E-08  1.13129E-07  0.5E+03(7)
                        5.000E-02 -3.59820E-07 -1.61121E-06 -3.04384E-07  -12.97 -2.89711E-07 -1.68132E-06  1.55681E-06

        5  CENTER      -5.000E-02  5.03585E-07 -9.16751E-07  7.91755E-07   24.05  8.57003E-07 -1.27017E-06  1.85373E-06 -6.21256E-08  1.27361E-07
                        5.000E-02  2.11671E-07  1.39359E-06 -2.71338E-07  -77.67  1.45290E-06  1.52355E-07  1.38303E-06

           GRD      13 -5.000E-02 -6.31666E-07 -2.08280E-06  8.53027E-07   24.81 -2.37365E-07 -2.47710E-06  2.36736E-06 -1.11247E-07  2.86602E-07  0.6E+04(7)
                        5.000E-02 -9.76521E-07 -4.26491E-07 -5.59938E-07  -58.08 -7.76760E-08 -1.32534E-06  1.28826E-06

           GRD      10 -5.000E-02  3.20451E-07 -5.31637E-07  9.28379E-07   32.67  9.15877E-07 -1.12706E-06  1.77239E-06 -2.57081E-08 -1.12770E-07 -0.7E+04(7)
                        5.000E-02 -3.19853E-08  2.41302E-06 -4.49142E-07  -79.91  2.49291E-06 -1.11881E-07  2.55069E-06

           GRD       7 -5.000E-02  9.62040E-07 -4.13736E-07  5.52580E-07   19.39  1.15650E-06 -6.08194E-07  1.55266E-06 -6.48882E-08 -4.81369E-08 -0.6E+04(7)
                        5.000E-02  7.33775E-07  2.44831E-06 -2.58612E-07  -81.61  2.48647E-06  6.95616E-07  2.22189E-06

           GRD      11 -5.000E-02  4.84532E-08 -1.80464E-06  5.25118E-07   14.77  1.86912E-07 -1.94310E-06  2.04298E-06 -1.36788E-07  2.99990E-07  0.6E+04(7)
                        5.000E-02 -1.86128E-07 -7.88606E-08 -3.77105E-07  -49.05  2.48405E-07 -5.13394E-07  6.72910E-07
                                  ------------ ------------ ------------         ------------ ------------ ------------ ------------ ------------ --------
 MAX* :                            2.02726E-06  2.44831E-06  1.23843E-06          2.86741E-06  6.95616E-07  3.42060E-06  1.46169E-07  3.10127E-07  0.6E+04
 MIN* :                           -2.08899E-06 -2.24758E-06 -1.20863E-06         -1.06751E-06 -2.75105E-06  6.50683E-08 -3.51237E-07 -2.36574E-07 -0.7E+04

 ABS* :                            2.08899E-06  2.44831E-06  1.23843E-06          2.86741E-06  2.75105E-06  3.42060E-06  3.51237E-07  3.10127E-07  0.7E+04
 *for output set
 NOTE: Explanation of errors in the polynomial fit to extrapolate element corner point stresses from values at the Gauss points:
       (2): Polynomial fit error is in Y  normal  stress
       (7): Polynomial fit error is in XZ shear   stress


 OUTPUT FOR SUBCASE        1

                                 E L E M E N T   S T R A I N S   I N   M A T E R I A L   C O O R D I N A T E   S Y S T E M
                                                       F O R   E L E M E N T   T Y P E   H E X A  20
    Elem  Location            Epsilon-xx    Epsilon-yy    Epsilon-zz     Gamma-xy      Gamma-yz      Gamma-zx     von Mises
     ID
        6  CENTER            3.000000E-03  1.080000E-03  1.920000E-03  2.986799E-17 -2.880000E-03 -3.141957E-17  5.259506E-03
           GRD     151       3.000000E-03  1.080000E-03  1.920000E-03 -2.208487E-16 -2.880000E-03  1.211009E-17  5.259506E-03
           GRD      70       3.000000E-03  1.080000E-03  1.920000E-03  1.582616E-16 -2.880000E-03  4.794394E-16  5.259506E-03
           GRD     124       3.000000E-03  1.080000E-03  1.920000E-03 -2.606661E-16 -2.880000E-03  1.923964E-16  5.259506E-03
           GRD      27       3.000000E-03  1.080000E-03  1.920000E-03 -1.643557E-16 -2.880000E-03 -3.387963E-17  5.259506E-03
           GRD      55       3.000000E-03  1.080000E-03  1.920000E-03  1.906001E-16 -2.880000E-03 -1.234225E-16  5.259506E-03
           GRD     125       3.000000E-03  1.080000E-03  1.920000E-03 -1.427457E-16 -2.880000E-03  5.213322E-16  5.259506E-03
           GRD      14       3.000000E-03  1.080000E-03  1.920000E-03  9.852557E-17 -2.880000E-03  1.505036E-16  5.259506E-03
           GRD      33       3.000000E-03  1.080000E-03  1.920000E-03 -1.606963E-16 -2.880000E-03 -1.426025E-16  5.259506E-03
        7  CENTER            3.000000E-03  1.080000E-03  1.920000E-03  3.306813E-17 -2.880000E-03 -1.047319E-17  5.259506E-03
           GRD      70       3.000000E-03  1.080000E-03  1.920000E-03  1.148172E-16 -2.880000E-03 -1.039561E-16  5.259506E-03
           GRD      72       3.000000E-03  1.080000E-03  1.920000E-03 -2.482534E-16 -2.880000E-03 -6.206335E-17  5.259506E-03
           GRD      26       3.000000E-03  1.080000E-03  1.920000E-03 -1.055077E-16 -2.880000E-03  5.275385E-17  5.259506E-03
           GRD     124       3.000000E-03  1.080000E-03  1.920000E-03  9.309503E-17 -2.880000E-03  1.241267E-16  5.259506E-03
           GRD     125       3.000000E-03  1.080000E-03  1.920000E-03 -1.625284E-16 -2.880000E-03 -1.000772E-16  5.259506E-03
           GRD     114       3.000000E-03  1.080000E-03  1.920000E-03 -1.695105E-16 -2.880000E-03  1.784321E-17  5.259506E-03
           GRD      32       3.000000E-03  1.080000E-03  1.920000E-03  1.124898E-16 -2.880000E-03 -4.654752E-17  5.259506E-03
           GRD      14       3.000000E-03  1.080000E-03  1.920000E-03  2.583387E-16 -2.880000E-03  1.287815E-16  5.259506E-03
        8  CENTER            3.000000E-03  1.080000E-03  1.920000E-03 -1.924449E-16 -2.880000E-03  2.544113E-16  5.259506E-03
           GRD      48       3.000000E-03  1.080000E-03  1.920000E-03  1.954996E-16 -2.880000E-03 -5.632249E-16  5.259506E-03
           GRD      64       3.000000E-03  1.080000E-03  1.920000E-03 -1.923964E-16 -2.880000E-03 -6.175304E-16  5.259506E-03
           GRD      67       3.000000E-03  1.080000E-03  1.920000E-03  1.132656E-16 -2.880000E-03 -2.428229E-16  5.259506E-03
           GRD      52       3.000000E-03  1.080000E-03  1.920000E-03  1.520552E-16 -2.880000E-03 -7.897562E-16  5.259506E-03
           GRD     142       3.000000E-03  1.080000E-03  1.920000E-03 -3.525974E-16 -2.880000E-03 -3.328147E-16  5.259506E-03
           GRD      19       3.000000E-03  1.080000E-03  1.920000E-03 -2.137307E-15 -2.880000E-03  6.904548E-16  5.259506E-03
           GRD      69       3.000000E-03  1.080000E-03  1.920000E-03 -1.503485E-15 -2.880000E-03  2.280828E-16  5.259506E-03
           GRD      73       3.000000E-03  1.080000E-03  1.920000E-03  6.361494E-17 -2.880000E-03 -3.304874E-16  5.259506E-03
        9  CENTER            3.000000E-03  1.080000E-03  1.920000E-03  2.358407E-16 -2.880000E-03 -2.381681E-16  5.259506E-03
           GRD      74       3.000000E-03  1.080000E-03  1.920000E-03  2.378658E-16 -2.880000E-03  6.173136E-16  5.259506E-03
           GRD     121       3.000000E-03  1.080000E-03  1.920000E-03 -1.387624E-16 -2.880000E-03  2.891295E-17  5.259506E-03
           GRD      52       3.000000E-03  1.080000E-03  1.920000E-03  1.086109E-16 -2.880000E-03  7.757919E-18  5.259506E-03
           GRD      48       3.000000E-03  1.080000E-03  1.920000E-03  9.433630E-16 -2.880000E-03  7.137286E-17  5.259506E-03
           GRD      17       3.000000E-03  1.080000E-03  1.920000E-03 -1.031609E-15 -2.880000E-03  6.423557E-16  5.259506E-03
           GRD     101       3.000000E-03  1.080000E-03  1.920000E-03 -3.948781E-16 -2.880000E-03  9.076765E-17  5.259506E-03
           GRD     128       3.000000E-03  1.080000E-03  1.920000E-03  6.609747E-16 -2.880000E-03  5.740860E-17  5.259506E-03
           GRD     118       3.000000E-03  1.080000E-03  1.920000E-03  1.558372E-15 -2.880000E-03 -5.236595E-17  5.259506E-03
       10  CENTER            3.000000E-03  1.080000E-03  1.920000E-03  9.433630E-16 -2.880000E-03 -2.505808E-16  5.259506E-03
           GRD      48       3.000000E-03  1.080000E-03  1.920000E-03  2.823883E-16 -2.880000E-03 -3.894475E-16  5.259506E-03
           GRD      52       3.000000E-03  1.080000E-03  1.920000E-03 -8.223394E-17 -2.880000E-03 -1.262213E-15  5.259506E-03
           GRD      67       3.000000E-03  1.080000E-03  1.920000E-03  1.117140E-16 -2.880000E-03 -2.420471E-16  5.259506E-03
           GRD      64       3.000000E-03  1.080000E-03  1.920000E-03 -2.296344E-16 -2.880000E-03 -6.920064E-16  5.259506E-03
           GRD     118       3.000000E-03  1.080000E-03  1.920000E-03  9.536422E-16 -2.880000E-03 -4.976705E-16  5.259506E-03
           GRD     128       3.000000E-03  1.080000E-03  1.920000E-03  6.109361E-16 -2.880000E-03 -1.361515E-15  5.259506E-03
           GRD     102       3.000000E-03  1.080000E-03  1.920000E-03  1.365782E-15 -2.880000E-03 -1.535292E-15  5.259506E-03
           GRD      21       3.000000E-03  1.080000E-03  1.920000E-03  1.999022E-15 -2.880000E-03 -1.533353E-15  5.259506E-03
       11  CENTER            3.000000E-03  1.080000E-03  1.920000E-03 -9.833163E-17 -2.880000E-03  3.364997E-17  5.259506E-03
           GRD     151       3.000000E-03  1.080000E-03  1.920000E-03 -1.773565E-16 -2.880000E-03  1.030043E-16  5.259506E-03
           GRD      27       3.000000E-03  1.080000E-03  1.920000E-03 -1.960934E-16 -2.880000E-03 -9.738597E-17  5.259506E-03
           GRD     124       3.000000E-03  1.080000E-03  1.920000E-03 -2.606661E-16 -2.880000E-03  1.768806E-16  5.259506E-03
           GRD      70       3.000000E-03  1.080000E-03  1.920000E-03  1.489520E-16 -2.880000E-03  4.530625E-16  5.259506E-03
           GRD      76       3.000000E-03  1.080000E-03  1.920000E-03 -4.724573E-16 -2.880000E-03  3.196263E-16  5.259506E-03
           GRD      37       3.000000E-03  1.080000E-03  1.920000E-03 -1.722258E-16 -2.880000E-03 -1.194720E-16  5.259506E-03
           GRD      78       3.000000E-03  1.080000E-03  1.920000E-03 -3.762591E-16 -2.880000E-03  3.956539E-16  5.259506E-03
           GRD      68       3.000000E-03  1.080000E-03  1.920000E-03  1.943359E-16 -2.880000E-03  2.800609E-16  5.259506E-03
       12  CENTER            3.000000E-03  1.080000E-03  1.920000E-03  5.042647E-17 -2.880000E-03  2.521324E-17  5.259506E-03
           GRD      70       3.000000E-03  1.080000E-03  1.920000E-03  1.039561E-16 -2.880000E-03 -1.295573E-16  5.259506E-03
           GRD     124       3.000000E-03  1.080000E-03  1.920000E-03  9.930137E-17 -2.880000E-03  1.365394E-16  5.259506E-03
           GRD      26       3.000000E-03  1.080000E-03  1.920000E-03 -1.303330E-16 -2.880000E-03  3.103168E-18  5.259506E-03
           GRD      72       3.000000E-03  1.080000E-03  1.920000E-03 -1.629163E-16 -2.880000E-03  1.124898E-16  5.259506E-03
           GRD      68       3.000000E-03  1.080000E-03  1.920000E-03  2.901462E-16 -2.880000E-03 -3.351421E-16  5.259506E-03
           GRD      78       3.000000E-03  1.080000E-03  1.920000E-03  1.070593E-16 -2.880000E-03  1.055077E-16  5.259506E-03
           GRD      42       3.000000E-03  1.080000E-03  1.920000E-03 -3.366937E-16 -2.880000E-03  5.585702E-17  5.259506E-03
           GRD      66       3.000000E-03  1.080000E-03  1.920000E-03 -1.163688E-16 -2.880000E-03  1.861901E-16  5.259506E-03
       13  CENTER            3.000000E-03  1.080000E-03  1.920000E-03  3.790350E-16 -2.880000E-03 -5.236838E-16  5.259506E-03
           GRD      16       3.000000E-03  1.080000E-03  1.920000E-03  5.968724E-15 -2.880000E-03  2.753510E-15  5.259506E-03
           GRD      18       3.000000E-03  1.080000E-03  1.920000E-03 -4.313403E-16 -2.880000E-03 -2.808367E-16  5.259506E-03
           GRD      48       3.000000E-03  1.080000E-03  1.920000E-03  1.318846E-15 -2.880000E-03 -4.887489E-16  5.259506E-03
           GRD      74       3.000000E-03  1.080000E-03  1.920000E-03  2.355317E-16 -2.880000E-03 -1.601199E-16  5.259506E-03
           GRD      29       3.000000E-03  1.080000E-03  1.920000E-03  3.665287E-15 -2.880000E-03  1.424702E-15  5.259506E-03
           GRD      20       3.000000E-03  1.080000E-03  1.920000E-03  2.125670E-16 -2.880000E-03  2.544598E-16  5.259506E-03
           GRD     142       3.000000E-03  1.080000E-03  1.920000E-03  5.527517E-16 -2.880000E-03 -2.909220E-16  5.259506E-03
           GRD     126       3.000000E-03  1.080000E-03  1.920000E-03  1.722180E-15 -2.880000E-03 -4.598671E-16  5.259506E-03
       14  CENTER            3.000000E-03  1.080000E-03  1.920000E-03  1.492430E-16 -2.880000E-03 -1.708682E-16  5.259506E-03
           GRD     121       3.000000E-03  1.080000E-03  1.920000E-03  1.307668E-16 -2.880000E-03  4.126820E-16  5.259506E-03
           GRD      52       3.000000E-03  1.080000E-03  1.920000E-03  8.502679E-16 -2.880000E-03  2.265312E-16  5.259506E-03
           GRD      70       3.000000E-03  1.080000E-03  1.920000E-03  3.785865E-16 -2.880000E-03  3.692770E-16  5.259506E-03
           GRD     151       3.000000E-03  1.080000E-03  1.920000E-03  5.798376E-17 -2.880000E-03 -1.282759E-16  5.259506E-03
           GRD     123       3.000000E-03  1.080000E-03  1.920000E-03  5.010202E-16 -2.880000E-03 -2.582680E-16  5.259506E-03
           GRD      73       3.000000E-03  1.080000E-03  1.920000E-03  5.042647E-16 -2.880000E-03  8.456132E-16  5.259506E-03
           GRD     125       3.000000E-03  1.080000E-03  1.920000E-03  3.832412E-16 -2.880000E-03  2.583387E-16  5.259506E-03
           GRD      55       3.000000E-03  1.080000E-03  1.920000E-03  3.209314E-16 -2.880000E-03 -1.885882E-16  5.259506E-03
       15  CENTER            3.000000E-03  1.080000E-03  1.920000E-03 -3.121593E-16 -2.880000E-03  2.021423E-16  5.259506E-03
           GRD      18       3.000000E-03  1.080000E-03  1.920000E-03 -3.072136E-16 -2.880000E-03 -3.258326E-17  5.259506E-03
           GRD      24       3.000000E-03  1.080000E-03  1.920000E-03 -4.840942E-16 -2.880000E-03 -1.309537E-15  5.259506E-03
           GRD      64       3.000000E-03  1.080000E-03  1.920000E-03 -3.103168E-17 -2.880000E-03 -7.913078E-16  5.259506E-03
           GRD      48       3.000000E-03  1.080000E-03  1.920000E-03  6.671811E-16 -2.880000E-03 -9.387082E-16  5.259506E-03
           GRD      20       3.000000E-03  1.080000E-03  1.920000E-03  1.404183E-16 -2.880000E-03  1.101625E-16  5.259506E-03
           GRD      31       3.000000E-03  1.080000E-03  1.920000E-03 -7.773435E-16 -2.880000E-03 -7.478634E-16  5.259506E-03
           GRD      19       3.000000E-03  1.080000E-03  1.920000E-03 -2.281798E-15 -2.880000E-03  8.048841E-16  5.259506E-03
           GRD     142       3.000000E-03  1.080000E-03  1.920000E-03 -5.081437E-17 -2.880000E-03 -5.903777E-16  5.259506E-03
       16  CENTER            3.000000E-03  1.080000E-03  1.920000E-03  2.278889E-17 -2.880000E-03  1.168537E-16  5.259506E-03
           GRD      52       3.000000E-03  1.080000E-03  1.920000E-03  6.609747E-16 -2.880000E-03 -1.044216E-15  5.259506E-03
           GRD      67       3.000000E-03  1.080000E-03  1.920000E-03 -1.799837E-16 -2.880000E-03 -9.619820E-17  5.259506E-03
           GRD      72       3.000000E-03  1.080000E-03  1.920000E-03 -1.396425E-17 -2.880000E-03 -1.792079E-16  5.259506E-03
           GRD      70       3.000000E-03  1.080000E-03  1.920000E-03  3.382453E-16 -2.880000E-03 -2.156702E-16  5.259506E-03
           GRD      73       3.000000E-03  1.080000E-03  1.920000E-03  2.094638E-16 -2.880000E-03 -4.034118E-16  5.259506E-03
           GRD      69       3.000000E-03  1.080000E-03  1.920000E-03 -1.140414E-15 -2.880000E-03  4.654752E-17  5.259506E-03
           GRD     114       3.000000E-03  1.080000E-03  1.920000E-03 -2.222644E-16 -2.880000E-03  4.422014E-17  5.259506E-03
           GRD     125       3.000000E-03  1.080000E-03  1.920000E-03  3.588038E-16 -2.880000E-03 -3.607432E-16  5.259506E-03
       17  CENTER            3.000000E-03  1.080000E-03  1.920000E-03  3.568643E-16 -2.880000E-03  2.123730E-16  5.259506E-03
           GRD      16       3.000000E-03  1.080000E-03  1.920000E-03  1.904041E-15 -2.880000E-03 -5.375855E-15  5.259506E-03
           GRD      74       3.000000E-03  1.080000E-03  1.920000E-03  5.082293E-16 -2.880000E-03  3.861276E-16  5.259506E-03
           GRD      48       3.000000E-03  1.080000E-03  1.920000E-03  1.399529E-15 -2.880000E-03 -3.273842E-16  5.259506E-03
           GRD      18       3.000000E-03  1.080000E-03  1.920000E-03 -6.516652E-17 -2.880000E-03  4.515109E-16  5.259506E-03
           GRD      35       3.000000E-03  1.080000E-03  1.920000E-03  5.891753E-16 -2.880000E-03 -2.516112E-15  5.259506E-03
           GRD      17       3.000000E-03  1.080000E-03  1.920000E-03 -2.563992E-16 -2.880000E-03 -2.211007E-17  5.259506E-03
           GRD     118       3.000000E-03  1.080000E-03  1.920000E-03  1.509303E-15 -2.880000E-03 -6.982127E-18  5.259506E-03
           GRD     122       3.000000E-03  1.080000E-03  1.920000E-03 -6.451915E-17 -2.880000E-03 -3.695338E-16  5.259506E-03
       18  CENTER            3.000000E-03  1.080000E-03  1.920000E-03  3.277721E-17 -2.880000E-03 -9.600425E-18  5.259506E-03
           GRD     121       3.000000E-03  1.080000E-03  1.920000E-03 -7.669908E-17 -2.880000E-03 -2.118726E-18  5.259506E-03
           GRD     151       3.000000E-03  1.080000E-03  1.920000E-03  1.034802E-16 -2.880000E-03 -3.741407E-17  5.259506E-03
           GRD      70       3.000000E-03  1.080000E-03  1.920000E-03  3.661738E-16 -2.880000E-03  3.444516E-16  5.259506E-03
           GRD      52       3.000000E-03  1.080000E-03  1.920000E-03  6.144272E-16 -2.880000E-03 -2.451502E-16  5.259506E-03
           GRD     101       3.000000E-03  1.080000E-03  1.920000E-03 -6.508894E-16 -2.880000E-03  2.187733E-16  5.259506E-03
           GRD      76       3.000000E-03  1.080000E-03  1.920000E-03 -1.900690E-16 -2.880000E-03  1.784321E-16  5.259506E-03
           GRD      68       3.000000E-03  1.080000E-03  1.920000E-03  2.905341E-16 -2.880000E-03  2.319618E-16  5.259506E-03
           GRD     128       3.000000E-03  1.080000E-03  1.920000E-03  9.169861E-16 -2.880000E-03 -7.059706E-17  5.259506E-03
       19  CENTER            3.000000E-03  1.080000E-03  1.920000E-03  5.096953E-16 -2.880000E-03 -7.253654E-17  5.259506E-03
           GRD      52       3.000000E-03  1.080000E-03  1.920000E-03  4.235824E-16 -2.880000E-03 -1.515122E-15  5.259506E-03
           GRD      70       3.000000E-03  1.080000E-03  1.920000E-03  3.227294E-16 -2.880000E-03 -2.389439E-16  5.259506E-03
           GRD      72       3.000000E-03  1.080000E-03  1.920000E-03  7.447602E-17 -2.880000E-03 -6.206335E-18  5.259506E-03
           GRD      67       3.000000E-03  1.080000E-03  1.920000E-03 -1.846385E-16 -2.880000E-03 -9.387082E-17  5.259506E-03
           GRD     128       3.000000E-03  1.080000E-03  1.920000E-03  8.622927E-16 -2.880000E-03 -1.487193E-15  5.259506E-03
           GRD      68       3.000000E-03  1.080000E-03  1.920000E-03  3.894475E-16 -2.880000E-03 -3.847928E-16  5.259506E-03
           GRD      66       3.000000E-03  1.080000E-03  1.920000E-03  2.187733E-16 -2.880000E-03  1.861901E-17  5.259506E-03
           GRD     102       3.000000E-03  1.080000E-03  1.920000E-03  3.634585E-16 -2.880000E-03 -1.034131E-15  5.259506E-03
       20  CENTER            3.000000E-03  1.080000E-03  1.920000E-03  3.701740E-16 -2.880000E-03 -2.781214E-16  5.259506E-03
           GRD      74       3.000000E-03  1.080000E-03  1.920000E-03 -3.500247E-17 -2.880000E-03  7.093528E-17  5.259506E-03
           GRD      48       3.000000E-03  1.080000E-03  1.920000E-03  8.626806E-16 -2.880000E-03 -8.999186E-17  5.259506E-03
           GRD      52       3.000000E-03  1.080000E-03  1.920000E-03  3.444516E-16 -2.880000E-03  4.794394E-16  5.259506E-03
           GRD     121       3.000000E-03  1.080000E-03  1.920000E-03  6.917013E-17 -2.880000E-03  4.434804E-16  5.259506E-03
           GRD     126       3.000000E-03  1.080000E-03  1.920000E-03  9.972772E-16 -2.880000E-03  1.620325E-16  5.259506E-03
           GRD     142       3.000000E-03  1.080000E-03  1.920000E-03  2.509687E-16 -2.880000E-03 -3.335905E-17  5.259506E-03
           GRD      73       3.000000E-03  1.080000E-03  1.920000E-03  3.584159E-16 -2.880000E-03  9.185376E-16  5.259506E-03
           GRD     123       3.000000E-03  1.080000E-03  1.920000E-03  4.136117E-16 -2.880000E-03 -2.145638E-16  5.259506E-03
       21  CENTER            3.000000E-03  1.080000E-03  1.920000E-03  5.632249E-16 -2.880000E-03 -3.708285E-16  5.259506E-03
           GRD      18       3.000000E-03  1.080000E-03  1.920000E-03  5.896019E-17 -2.880000E-03  6.997643E-16  5.259506E-03
           GRD      48       3.000000E-03  1.080000E-03  1.920000E-03  7.385539E-16 -2.880000E-03 -7.882046E-16  5.259506E-03
           GRD      64       3.000000E-03  1.080000E-03  1.920000E-03 -3.723801E-17 -2.880000E-03 -8.192363E-16  5.259506E-03
           GRD      24       3.000000E-03  1.080000E-03  1.920000E-03 -8.937123E-16 -2.880000E-03 -2.128773E-15  5.259506E-03
           GRD     122       3.000000E-03  1.080000E-03  1.920000E-03  1.534964E-16 -2.880000E-03  6.649724E-17  5.259506E-03
           GRD     118       3.000000E-03  1.080000E-03  1.920000E-03  8.966215E-16 -2.880000E-03 -4.643115E-16  5.259506E-03
           GRD      21       3.000000E-03  1.080000E-03  1.920000E-03  2.642347E-15 -2.880000E-03 -2.085329E-15  5.259506E-03
           GRD      44       3.000000E-03  1.080000E-03  1.920000E-03 -2.240934E-16 -2.880000E-03 -8.360828E-16  5.259506E-03
                            ------------- ------------- ------------- ------------- ------------- ------------- -------------
                MAX* :       3.000000E-03  1.080000E-03  1.920000E-03  5.968724E-15 -2.880000E-03  2.753510E-15  5.259506E-03
                MIN* :       3.000000E-03  1.080000E-03  1.920000E-03 -2.281798E-15 -2.880000E-03 -5.375855E-15  5.259506E-03

                ABS* :       3.000000E-03  1.080000E-03  1.920000E-03  5.968724E-15  2.880000E-03  5.375855E-15  5.259506E-03
                * for output set


 OUTPUT FOR SUBCASE        1

                                           E L E M E N T   S T R A I N S   I N   L O C A L   E L E M E N T   C O O R D I N A T E   S Y S T E M
                                                                       F O R   E L E M E N T   T Y P E   Q U A D 4  
    Elem  Location       Fiber        Strains In Element Coord System     Principal  Strains (Zero Shear)                Transverse   Transverse   % Poly
     ID                 Distance    Normal-X     Normal-Y     Shear-XY     Angle     Major        Minor      von Mises    Shear-XZ     Shear-YZ    Fit Err

        1  CENTER      -5.000E-02  3.00000E-03  3.00000E-03  2.28389E-19   45.00  3.00000E-03  3.00000E-03  2.00000E-03 -1.96531E-20 -1.66925E-20
                        5.000E-02  3.00000E-03  3.00000E-03  6.38973E-19   45.00  3.00000E-03  3.00000E-03  2.00000E-03

           GRD       1 -5.000E-02  3.00000E-03  3.00000E-03  1.17213E-18   63.25  3.00000E-03  3.00000E-03  2.00000E-03 -7.93691E-20 -5.18026E-20 -0.2E-13
                        5.000E-02  3.00000E-03  3.00000E-03  1.17628E-18   63.20  3.00000E-03  3.00000E-03  2.00000E-03

           GRD       2 -5.000E-02  3.00000E-03  3.00000E-03  2.47570E-18   35.35  3.00000E-03  3.00000E-03  2.00000E-03 -7.93691E-20  1.26838E-19 -0.1E-13
                        5.000E-02  3.00000E-03  3.00000E-03  2.87734E-18   36.61  3.00000E-03  3.00000E-03  2.00000E-03

           GRD       3 -5.000E-02  3.00000E-03  3.00000E-03 -1.73247E-19   -2.85  3.00000E-03  3.00000E-03  2.00000E-03  2.56903E-19  1.26838E-19 -0.1E-13
                        5.000E-02  3.00000E-03  3.00000E-03  6.43763E-19   10.18  3.00000E-03  3.00000E-03  2.00000E-03

           GRD       4 -5.000E-02  3.00000E-03  3.00000E-03 -1.47682E-18  -45.00  3.00000E-03  3.00000E-03  2.00000E-03  2.56903E-19 -5.18026E-20  0.2E-13
                        5.000E-02  3.00000E-03  3.00000E-03 -1.05730E-18  -45.00  3.00000E-03  3.00000E-03  2.00000E-03

        2  CENTER      -5.000E-02  3.00000E-03  3.00000E-03  6.43405E-18   32.37  3.00000E-03  3.00000E-03  2.00000E-03 -1.37716E-18  3.10858E-19
                        5.000E-02  3.00000E-03  3.00000E-03 -7.30142E-18  -33.71  3.00000E-03  3.00000E-03  2.00000E-03

           GRD      12 -5.000E-02  3.00000E-03  3.00000E-03  3.84629E-18   17.15  3.00000E-03  3.00000E-03  2.00000E-03  3.40498E-19 -2.36574E-18 -0.1E+02(8)
                        5.000E-02  3.00000E-03  3.00000E-03 -6.01819E-18  -35.09  3.00000E-03  3.00000E-03  2.00000E-03

           GRD      13 -5.000E-02  3.00000E-03  3.00000E-03  2.66265E-18   20.63  3.00000E-03  3.00000E-03  2.00000E-03 -1.75056E-18  1.65166E-18  0.1E+02(8)
                        5.000E-02  3.00000E-03  3.00000E-03 -6.89505E-18  -23.33  3.00000E-03  3.00000E-03  2.00000E-03

           GRD      11 -5.000E-02  3.00000E-03  3.00000E-03  8.06976E-18   46.54  3.00000E-03  3.00000E-03  2.00000E-03 -3.51237E-18  3.10127E-18  0.2E+02(8)
                        5.000E-02  3.00000E-03  3.00000E-03 -8.73274E-18  -32.96  3.00000E-03  3.00000E-03  2.00000E-03

           GRD       8 -5.000E-02  3.00000E-03  3.00000E-03  1.02948E-17   40.22  3.00000E-03  3.00000E-03  2.00000E-03 -1.35059E-18 -1.35459E-18 -0.1E+02(8)
                        5.000E-02  3.00000E-03  3.00000E-03 -7.99805E-18  -51.12  3.00000E-03  3.00000E-03  2.00000E-03

        3  CENTER      -5.000E-02  3.00000E-03  3.00000E-03 -2.44062E-19  -89.46  3.00000E-03  3.00000E-03  2.00000E-03  5.08732E-19  1.49856E-18
                        5.000E-02  3.00000E-03  3.00000E-03 -1.92434E-18   -6.92  3.00000E-03  3.00000E-03  2.00000E-03

           GRD       5 -5.000E-02  3.00000E-03  3.00000E-03 -2.05123E-18  -85.03  3.00000E-03  3.00000E-03  2.00000E-03  1.46169E-18  8.68688E-19  0.6E+02(6)
                        5.000E-02  3.00000E-03  3.00000E-03 -6.57241E-18  -20.86  3.00000E-03  3.00000E-03  2.00000E-03

           GRD       9 -5.000E-02  3.00000E-03  3.00000E-03 -5.62519E-19  -88.91  3.00000E-03  3.00000E-03  2.00000E-03  1.33659E-18  1.44060E-18 -0.7E+02(6)
                        5.000E-02  3.00000E-03  3.00000E-03 -4.63219E-19   -3.80  3.00000E-03  3.00000E-03  2.00000E-03

           GRD      13 -5.000E-02  3.00000E-03  3.00000E-03  8.84804E-19   87.23  3.00000E-03  3.00000E-03  2.00000E-03 -9.34736E-19  1.77044E-18 -0.6E+02(6)
                        5.000E-02  3.00000E-03  3.00000E-03  1.76129E-18    3.51  3.00000E-03  3.00000E-03  2.00000E-03

           GRD      12 -5.000E-02  3.00000E-03  3.00000E-03 -5.90270E-19  -87.57  3.00000E-03  3.00000E-03  2.00000E-03 -5.83403E-19  1.22769E-18  0.6E+02(6)
                        5.000E-02  3.00000E-03  3.00000E-03 -3.89899E-18   -6.33  3.00000E-03  3.00000E-03  2.00000E-03

        4  CENTER      -5.000E-02  3.00000E-03  3.00000E-03  5.52090E-18   74.39  3.00000E-03  3.00000E-03  2.00000E-03 -1.06379E-18  1.93773E-18
                        5.000E-02  3.00000E-03  3.00000E-03 -5.52090E-18  -12.62  3.00000E-03  3.00000E-03  2.00000E-03

           GRD       9 -5.000E-02  3.00000E-03  3.00000E-03 -1.22005E-18  -87.13  3.00000E-03  3.00000E-03  2.00000E-03 -2.05695E-18  1.07084E-18  0.5E+03(7)
                        5.000E-02  3.00000E-03  3.00000E-03  1.13889E-18    2.68  3.00000E-03  3.00000E-03  2.00000E-03

           GRD       6 -5.000E-02  3.00000E-03  3.00000E-03  5.72619E-18   81.82  3.00000E-03  3.00000E-03  2.00000E-03 -1.39227E-18  2.11182E-18 -0.4E+03(7)
                        5.000E-02  3.00000E-03  3.00000E-03 -7.40386E-18  -14.42  3.00000E-03  3.00000E-03  2.00000E-03

           GRD      10 -5.000E-02  3.00000E-03  3.00000E-03  1.25439E-17   66.51  3.00000E-03  3.00000E-03  2.00000E-03  3.56733E-19  2.28246E-18 -0.5E+03(7)
                        5.000E-02  3.00000E-03  3.00000E-03 -1.22459E-17  -28.03  3.00000E-03  3.00000E-03  2.00000E-03

           GRD      13 -5.000E-02  3.00000E-03  3.00000E-03  5.53410E-18   57.59  3.00000E-03  3.00000E-03  2.00000E-03 -1.84323E-19  1.13129E-18  0.5E+03(7)
                        5.000E-02  3.00000E-03  3.00000E-03 -3.20594E-18  -13.92  3.00000E-03  3.00000E-03  2.00000E-03

        5  CENTER      -5.000E-02  3.00000E-03  3.00000E-03  8.21787E-18   24.91  3.00000E-03  3.00000E-03  2.00000E-03 -6.21256E-19  1.27361E-18
                        5.000E-02  3.00000E-03  3.00000E-03 -3.01370E-18  -76.80  3.00000E-03  3.00000E-03  2.00000E-03

           GRD      13 -5.000E-02  3.00000E-03  3.00000E-03  8.49338E-18   21.50  3.00000E-03  3.00000E-03  2.00000E-03 -1.11247E-18  2.86602E-18  0.6E+04(7)
                        5.000E-02  3.00000E-03  3.00000E-03 -5.56249E-18  -51.58  3.00000E-03  3.00000E-03  2.00000E-03

           GRD      10 -5.000E-02  3.00000E-03  3.00000E-03  9.24722E-18   32.44  3.00000E-03  3.00000E-03  2.00000E-03 -2.57081E-19 -1.12770E-18 -0.7E+04(7)
                        5.000E-02  3.00000E-03  3.00000E-03 -4.45485E-18  -79.93  3.00000E-03  3.00000E-03  2.00000E-03

           GRD       7 -5.000E-02  3.00000E-03  3.00000E-03  5.48405E-18   18.32  3.00000E-03  3.00000E-03  2.00000E-03 -6.48882E-19 -4.81369E-19 -0.6E+04(7)
                        5.000E-02  3.00000E-03  3.00000E-03 -2.54438E-18  -81.42  3.00000E-03  3.00000E-03  2.00000E-03

           GRD      11 -5.000E-02  3.00000E-03  3.00000E-03  5.20970E-18   13.29  3.00000E-03  3.00000E-03  2.00000E-03 -1.36788E-18  2.99990E-18  0.6E+04(7)
                        5.000E-02  3.00000E-03  3.00000E-03 -3.72956E-18  -38.45  3.00000E-03  3.00000E-03  2.00000E-03
                                  ------------ ------------ ------------         ------------ ------------ ------------ ------------ ------------ --------
 MAX* :                            3.00000E-03  3.00000E-03  1.25439E-17          3.00000E-03  3.00000E-03  2.00000E-03  1.46169E-18  3.10127E-18  0.6E+04
 MIN* :                            3.00000E-03  3.00000E-03 -1.22459E-17          3.00000E-03  3.00000E-03  2.00000E-03 -3.51237E-18 -2.36574E-18 -0.7E+04

 ABS* :                            3.00000E-03  3.00000E-03  1.25439E-17          3.00000E-03  3.00000E-03  2.00000E-03  3.51237E-18  3.10127E-18  0.7E+04
 *for output set
 NOTE: Explanation of errors in the polynomial fit to extrapolate element corner point strains from values at the Gauss points:
       (6): Polynomial fit error is in XY twist   strain
       (7): Polynomial fit error is in XZ shear   strain
       (8): Polynomial fit error is in YZ shear   strain

 >> LINK  9 END

    Total CPU time =  5.47E-01 seconds

 >> MYSTRAN END    :  9/30/2026 at 19:27: 9.135

                                          * * * END OF JOB * * *
