   924180141

 MYSTRAN Version 19.0.0   JUN 28 2026 MYSTRAN developed by Dr Bill Case
*** Please report any problems to mystransolver@gmail.com ***                                                                                                                                                                                                   

 >> MYSTRAN BEGIN  :  9/24/2026 at 18: 1:41.399 The input file is C:\Users\victo\Documents\Git\MYSTRAN_Validation\working\NAS S30 mitc4+ diamond cylinder pressure PLOAD4.bdf                                                                                                                                                     


 >> LINK  0 BEGIN


SOL 101                                                                                                                                                                                                                                                         
CEND                                                                                                                                                                                                                                                            
DISPLACEMENT = ALL                                                                                                                                                                                                                                              
SPCFORCES = ALL                                                                                                                                                                                                                                                 
MPCFORCES = ALL                                                                                                                                                                                                                                                 
STRESS(CORNER) = ALL                                                                                                                                                                                                                                            
STRAIN(CORNER,FIBER) = ALL                                                                                                                                                                                                                                      
FORCE(CORNER) = ALL                                                                                                                                                                                                                                             
SPC = 1                                                                                                                                                                                                                                                         
LOAD = 1                                                                                                                                                                                                                                                        
BEGIN BULK                                                                                                                                                                                                                                                      
ECHO: loadb GRID*                  1               0          -1.5+0           2.1+1*                                                                                                                                                                                       
ECHO: loadb *        2.59807621135+0               0                                                                                                                                                                                                                        
ECHO: loadb GRID*                  2               0-2.29813332936+0           2.0+1*                                                                                                                                                                                       
ECHO: loadb *        1.92836282906+0               0                                                                                                                                                                                                                        
ECHO: loadb GRID*                  3               0          -3.0+0           1.8+1*                                                                                                                                                                                       
ECHO: loadb *        2.0902469209-15               0                                                                                                                                                                                                                        
ECHO: loadb GRID*                  4               0 2.81907786236+0           2.0+1*                                                                                                                                                                                       
ECHO: loadb *       -1.02606042998+0               0                                                                                                                                                                                                                        
ECHO: loadb GRID*                  5               0 5.20944533001-1           1.9+1*                                                                                                                                                                                       
ECHO: loadb *        2.95442325904+0               0                                                                                                                                                                                                                        
ECHO: loadb GRID*                  6               0-5.20944533001-1           2.0+1*                                                                                                                                                                                       
ECHO: loadb *        2.95442325904+0               0                                                                                                                                                                                                                        
ECHO: loadb GRID*                  7               0-2.81907786236+0           1.7+1*                                                                                                                                                                                       
ECHO: loadb *       -1.02606042998+0               0                                                                                                                                                                                                                        
ECHO: loadb GRID*                  8               0-2.81907786236+0           2.1+1*                                                                                                                                                                                       
ECHO: loadb *       -1.02606042998+0               0                                                                                                                                                                                                                        
ECHO: loadb GRID*                  9               0           1.5+0           1.8+1*                                                                                                                                                                                       
ECHO: loadb *        2.59807621135+0               0                                                                                                                                                                                                                        
ECHO: loadb GRID*                 10               0-2.29813332936+0           1.6+1*                                                                                                                                                                                       
ECHO: loadb *       -1.92836282906+0               0                                                                                                                                                                                                                        
ECHO: loadb GRID*                 11               0 5.20944533001-1           2.1+1*                                                                                                                                                                                       
ECHO: loadb *        2.95442325904+0               0                                                                                                                                                                                                                        
ECHO: loadb GRID*                 12               0          -1.5+0           1.7+1*                                                                                                                                                                                       
ECHO: loadb *       -2.59807621135+0               0                                                                                                                                                                                                                        
ECHO: loadb GRID*                 13               0-2.81907786236+0           1.3+1*                                                                                                                                                                                       
ECHO: loadb *       -1.02606042998+0               0                                                                                                                                                                                                                        
ECHO: loadb GRID*                 14               0 2.29813332936+0           1.1+1*                                                                                                                                                                                       
ECHO: loadb *       -1.92836282906+0               1                                                                                                                                                                                                                        
ECHO: loadb GRID*                 15               0           1.5+0           2.0+1*                                                                                                                                                                                       
ECHO: loadb *        2.59807621135+0               0                                                                                                                                                                                                                        
ECHO: loadb GRID*                 16               0 2.29813332936+0           1.3+1*                                                                                                                                                                                       
ECHO: loadb *       -1.92836282906+0               0                                                                                                                                                                                                                        
ECHO: loadb GRID*                 17               0 5.20944533001-1           1.9+1*                                                                                                                                                                                       
ECHO: loadb *       -2.95442325904+0               0                                                                                                                                                                                                                        
ECHO: loadb GRID*                 18               0 2.29813332936+0           1.9+1*                                                                                                                                                                                       
ECHO: loadb *        1.92836282906+0               0                                                                                                                                                                                                                        
ECHO: loadb GRID*                 19               0          -1.5+0           2.1+1*                                                                                                                                                                                       
ECHO: loadb *       -2.59807621135+0               0                                                                                                                                                                                                                        
ECHO: loadb GRID*                 20               0           1.5+0           1.2+1*                                                                                                                                                                                       
ECHO: loadb *       -2.59807621135+0               0                                                                                                                                                                                                                        
ECHO: loadb GRID*                 21               0-2.29813332936+0           1.8+1*                                                                                                                                                                                       
ECHO: loadb *       -1.92836282906+0               0                                                                                                                                                                                                                        
ECHO: loadb GRID*                 22               0           1.5+0           1.4+1*                                                                                                                                                                                       
ECHO: loadb *       -2.59807621135+0               0                                                                                                                                                                                                                        
ECHO: loadb GRID*                 23               0 2.29813332936+0           1.5+1*                                                                                                                                                                                       
ECHO: loadb *       -1.92836282906+0               0                                                                                                                                                                                                                        
ECHO: loadb GRID*                 24               0 5.20944533001-1           1.1+1*                                                                                                                                                                                       
ECHO: loadb *       -2.95442325904+0               2                                                                                                                                                                                                                        
ECHO: loadb GRID*                 25               0 5.20944533001-1           1.3+1*                                                                                                                                                                                       
ECHO: loadb *       -2.95442325904+0               0                                                                                                                                                                                                                        
ECHO: loadb GRID*                 26               0-2.29813332936+0           2.0+1*                                                                                                                                                                                       
ECHO: loadb *       -1.92836282906+0               0                                                                                                                                                                                                                        
ECHO: loadb GRID*                 27               0           3.0+0           1.1+1*                                                                                                                                                                                       
ECHO: loadb *        4.8466276565-15               0                                                                                                                                                                                                                        
ECHO: loadb GRID*                 28               0-2.81907786236+0           1.1+1*                                                                                                                                                                                       
ECHO: loadb *       -1.02606042998+0               3                                                                                                                                                                                                                        
ECHO: loadb GRID*                 29               0           1.5+0           2.0+1*                                                                                                                                                                                       
ECHO: loadb *       -2.59807621135+0               0                                                                                                                                                                                                                        
ECHO: loadb GRID*                 30               0 2.81907786236+0           1.2+1*                                                                                                                                                                                       
ECHO: loadb *       -1.02606042998+0               0                                                                                                                                                                                                                        
ECHO: loadb GRID*                 31               0 2.81907786236+0           1.4+1*                                                                                                                                                                                       
ECHO: loadb *       -1.02606042998+0               0                                                                                                                                                                                                                        
ECHO: loadb GRID*                 32               0 2.81907786236+0           1.6+1*                                                                                                                                                                                       
ECHO: loadb *        1.02606042998+0               0                                                                                                                                                                                                                        
ECHO: loadb GRID*                 33               0-2.81907786236+0           1.5+1*                                                                                                                                                                                       
ECHO: loadb *        1.02606042998+0               0                                                                                                                                                                                                                        
ECHO: loadb GRID*                 34               0 2.29813332936+0           1.7+1*                                                                                                                                                                                       
ECHO: loadb *        1.92836282906+0               0                                                                                                                                                                                                                        
ECHO: loadb GRID*                 35               0           3.0+0           1.7+1*                                                                                                                                                                                       
ECHO: loadb *        8.5706689955-15               0                                                                                                                                                                                                                        
ECHO: loadb GRID*                 36               0           3.0+0           1.3+1*                                                                                                                                                                                       
ECHO: loadb *        7.9648405384-15               0                                                                                                                                                                                                                        
ECHO: loadb GRID*                 37               0          -1.5+0           1.1+1*                                                                                                                                                                                       
ECHO: loadb *        2.59807621135+0               4                                                                                                                                                                                                                        
ECHO: loadb GRID*                 38               0-2.81907786236+0           1.5+1*                                                                                                                                                                                       
ECHO: loadb *       -1.02606042998+0               0                                                                                                                                                                                                                        
ECHO: loadb GRID*                 39               0          -1.5+0           1.3+1*                                                                                                                                                                                       
ECHO: loadb *        2.59807621135+0               0                                                                                                                                                                                                                        
ECHO: loadb GRID*                 40               0          -1.5+0           1.9+1*                                                                                                                                                                                       
ECHO: loadb *       -2.59807621135+0               0                                                                                                                                                                                                                        
ECHO: loadb GRID*                 41               0 2.29813332936+0           1.7+1*                                                                                                                                                                                       
ECHO: loadb *       -1.92836282906+0               0                                                                                                                                                                                                                        
ECHO: loadb GRID*                 42               0 2.81907786236+0           1.6+1*                                                                                                                                                                                       
ECHO: loadb *       -1.02606042998+0               0                                                                                                                                                                                                                        
ECHO: loadb GRID*                 43               0-5.20944533001-1           1.2+1*                                                                                                                                                                                       
ECHO: loadb *        2.95442325904+0               0                                                                                                                                                                                                                        
ECHO: loadb GRID*                 44               0          -3.0+0           1.6+1*                                                                                                                                                                                       
ECHO: loadb *        2.0902469209-15               0                                                                                                                                                                                                                        
ECHO: loadb GRID*                 45               0-5.20944533001-1           1.4+1*                                                                                                                                                                                       
ECHO: loadb *        2.95442325904+0               0                                                                                                                                                                                                                        
ECHO: loadb GRID*                 46               0          -1.5+0           1.5+1*                                                                                                                                                                                       
ECHO: loadb *        2.59807621135+0               0                                                                                                                                                                                                                        
ECHO: loadb GRID*                 47               0 5.20944533001-1           1.1+1*                                                                                                                                                                                       
ECHO: loadb *        2.95442325904+0               5                                                                                                                                                                                                                        
ECHO: loadb GRID*                 48               0 5.20944533001-1           1.3+1*                                                                                                                                                                                       
ECHO: loadb *        2.95442325904+0               0                                                                                                                                                                                                                        
ECHO: loadb GRID*                 49               0          -3.0+0           1.2+1*                                                                                                                                                                                       
ECHO: loadb *        2.0902469209-15               0                                                                                                                                                                                                                        
ECHO: loadb GRID*                 50               0-2.81907786236+0           1.1+1*                                                                                                                                                                                       
ECHO: loadb *        1.02606042998+0               6                                                                                                                                                                                                                        
ECHO: loadb GRID*                 51               0-2.81907786236+0           1.3+1*                                                                                                                                                                                       
ECHO: loadb *        1.02606042998+0               0                                                                                                                                                                                                                        
ECHO: loadb GRID*                 52               0-5.20944533001-1           1.8+1*                                                                                                                                                                                       
ECHO: loadb *       -2.95442325904+0               0                                                                                                                                                                                                                        
ECHO: loadb GRID*                 53               0-2.29813332936+0           1.2+1*                                                                                                                                                                                       
ECHO: loadb *        1.92836282906+0               0                                                                                                                                                                                                                        
ECHO: loadb GRID*                 54               0-2.29813332936+0           1.4+1*                                                                                                                                                                                       
ECHO: loadb *        1.92836282906+0               0                                                                                                                                                                                                                        
ECHO: loadb GRID*                 55               0-2.81907786236+0           1.7+1*                                                                                                                                                                                       
ECHO: loadb *        1.02606042998+0               0                                                                                                                                                                                                                        
ECHO: loadb GRID*                 56               0           3.0+0           1.5+1*                                                                                                                                                                                       
ECHO: loadb *        8.7975078069-15               0                                                                                                                                                                                                                        
ECHO: loadb GRID*                 57               0           1.5+0           1.8+1*                                                                                                                                                                                       
ECHO: loadb *       -2.59807621135+0               0                                                                                                                                                                                                                        
ECHO: loadb GRID*                 58               0          -1.5+0           1.7+1*                                                                                                                                                                                       
ECHO: loadb *        2.59807621135+0               0                                                                                                                                                                                                                        
ECHO: loadb GRID*                 59               0-2.29813332936+0           1.6+1*                                                                                                                                                                                       
ECHO: loadb *        1.92836282906+0               0                                                                                                                                                                                                                        
ECHO: loadb GRID*                 60               0-2.29813332936+0           1.4+1*                                                                                                                                                                                       
ECHO: loadb *       -1.92836282906+0               0                                                                                                                                                                                                                        
ECHO: loadb GRID*                 61               0-2.81907786236+0           1.9+1*                                                                                                                                                                                       
ECHO: loadb *        1.02606042998+0               0                                                                                                                                                                                                                        
ECHO: loadb GRID*                 62               0 2.29813332936+0           2.1+1*                                                                                                                                                                                       
ECHO: loadb *        1.92836282906+0               0                                                                                                                                                                                                                        
ECHO: loadb GRID*                 63               0 2.81907786236+0           1.8+1*                                                                                                                                                                                       
ECHO: loadb *        1.02606042998+0               0                                                                                                                                                                                                                        
ECHO: loadb GRID*                 64               0 2.81907786236+0           2.0+1*                                                                                                                                                                                       
ECHO: loadb *        1.02606042998+0               0                                                                                                                                                                                                                        
ECHO: loadb GRID*                 65               0          -3.0+0           1.4+1*                                                                                                                                                                                       
ECHO: loadb *        2.0902469209-15               0                                                                                                                                                                                                                        
ECHO: loadb GRID*                 66               0 2.29813332936+0           1.9+1*                                                                                                                                                                                       
ECHO: loadb *       -1.92836282906+0               0                                                                                                                                                                                                                        
ECHO: loadb GRID*                 67               0 5.20944533001-1           2.1+1*                                                                                                                                                                                       
ECHO: loadb *       -2.95442325904+0               0                                                                                                                                                                                                                        
ECHO: loadb GRID*                 68               0-5.20944533001-1           2.0+1*                                                                                                                                                                                       
ECHO: loadb *       -2.95442325904+0               0                                                                                                                                                                                                                        
ECHO: loadb GRID*                 69               0          -3.0+0           2.0+1*                                                                                                                                                                                       
ECHO: loadb *        2.0902469209-15               0                                                                                                                                                                                                                        
ECHO: loadb GRID*                 70               0-5.20944533001-1           1.8+1*                                                                                                                                                                                       
ECHO: loadb *        2.95442325904+0               0                                                                                                                                                                                                                        
ECHO: loadb GRID*                 71               0           1.5+0           1.2+1*                                                                                                                                                                                       
ECHO: loadb *        2.59807621135+0               0                                                                                                                                                                                                                        
ECHO: loadb GRID*                 72               0 5.20944533001-1           1.5+1*                                                                                                                                                                                       
ECHO: loadb *        2.95442325904+0               0                                                                                                                                                                                                                        
ECHO: loadb GRID*                 73               0-5.20944533001-1           1.6+1*                                                                                                                                                                                       
ECHO: loadb *        2.95442325904+0               0                                                                                                                                                                                                                        
ECHO: loadb GRID*                 74               0 2.81907786236+0           1.2+1*                                                                                                                                                                                       
ECHO: loadb *        1.02606042998+0               0                                                                                                                                                                                                                        
ECHO: loadb GRID*                 75               0-5.20944533001-1           1.2+1*                                                                                                                                                                                       
ECHO: loadb *       -2.95442325904+0               0                                                                                                                                                                                                                        
ECHO: loadb GRID*                 76               0           1.5+0           1.4+1*                                                                                                                                                                                       
ECHO: loadb *        2.59807621135+0               0                                                                                                                                                                                                                        
ECHO: loadb GRID*                 77               0 5.20944533001-1           1.7+1*                                                                                                                                                                                       
ECHO: loadb *        2.95442325904+0               0                                                                                                                                                                                                                        
ECHO: loadb GRID*                 78               0           1.5+0           1.6+1*                                                                                                                                                                                       
ECHO: loadb *        2.59807621135+0               0                                                                                                                                                                                                                        
ECHO: loadb GRID*                 79               0 5.20944533001-1           1.5+1*                                                                                                                                                                                       
ECHO: loadb *       -2.95442325904+0               0                                                                                                                                                                                                                        
ECHO: loadb GRID*                 80               0 2.29813332936+0           1.3+1*                                                                                                                                                                                       
ECHO: loadb *        1.92836282906+0               0                                                                                                                                                                                                                        
ECHO: loadb GRID*                 81               0 2.29813332936+0           1.1+1*                                                                                                                                                                                       
ECHO: loadb *        1.92836282906+0               7                                                                                                                                                                                                                        
ECHO: loadb GRID*                 82               0 2.29813332936+0           1.5+1*                                                                                                                                                                                       
ECHO: loadb *        1.92836282906+0               0                                                                                                                                                                                                                        
ECHO: loadb GRID*                 83               0           1.5+0           1.6+1*                                                                                                                                                                                       
ECHO: loadb *       -2.59807621135+0               0                                                                                                                                                                                                                        
ECHO: loadb GRID*                 84               0-2.29813332936+0           1.2+1*                                                                                                                                                                                       
ECHO: loadb *       -1.92836282906+0               0                                                                                                                                                                                                                        
ECHO: loadb GRID*                 85               0          -1.5+0           1.9+1*                                                                                                                                                                                       
ECHO: loadb *        2.59807621135+0               0                                                                                                                                                                                                                        
ECHO: loadb GRID*                 86               0-5.20944533001-1           1.4+1*                                                                                                                                                                                       
ECHO: loadb *       -2.95442325904+0               0                                                                                                                                                                                                                        
ECHO: loadb GRID*                 87               0 5.20944533001-1           1.7+1*                                                                                                                                                                                       
ECHO: loadb *       -2.95442325904+0               0                                                                                                                                                                                                                        
ECHO: loadb GRID*                 88               0-5.20944533001-1           1.6+1*                                                                                                                                                                                       
ECHO: loadb *       -2.95442325904+0               0                                                                                                                                                                                                                        
ECHO: loadb GRID*                 89               0 2.81907786236+0           1.8+1*                                                                                                                                                                                       
ECHO: loadb *       -1.02606042998+0               0                                                                                                                                                                                                                        
ECHO: loadb GRID*                 90               0          -1.5+0           1.3+1*                                                                                                                                                                                       
ECHO: loadb *       -2.59807621135+0               0                                                                                                                                                                                                                        
ECHO: loadb GRID*                 91               0          -1.5+0           1.1+1*                                                                                                                                                                                       
ECHO: loadb *       -2.59807621135+0               8                                                                                                                                                                                                                        
ECHO: loadb GRID*                 92               0          -1.5+0           1.5+1*                                                                                                                                                                                       
ECHO: loadb *       -2.59807621135+0               0                                                                                                                                                                                                                        
ECHO: loadb GRID*                 93               0           3.0+0           2.1+1*                                                                                                                                                                                       
ECHO: loadb *         8.873583224-15               0                                                                                                                                                                                                                        
ECHO: loadb GRID*                 94               0 2.81907786236+0           1.4+1*                                                                                                                                                                                       
ECHO: loadb *        1.02606042998+0               0                                                                                                                                                                                                                        
ECHO: loadb GRID*                 95               0-2.81907786236+0           1.9+1*                                                                                                                                                                                       
ECHO: loadb *       -1.02606042998+0               0                                                                                                                                                                                                                        
ECHO: loadb GRID*                 96               0 2.29813332936+0           2.1+1*                                                                                                                                                                                       
ECHO: loadb *       -1.92836282906+0               0                                                                                                                                                                                                                        
ECHO: loadb GRID*                 97               0-2.29813332936+0           1.8+1*                                                                                                                                                                                       
ECHO: loadb *        1.92836282906+0               0                                                                                                                                                                                                                        
ECHO: loadb GRID*                 98               0-2.81907786236+0           2.1+1*                                                                                                                                                                                       
ECHO: loadb *        1.02606042998+0               0                                                                                                                                                                                                                        
ECHO: loadb GRID*                 99               0           3.0+0           1.9+1*                                                                                                                                                                                       
ECHO: loadb *        8.7975078069-15               0                                                                                                                                                                                                                        
ECHO: loadb GRID*                100               0 2.81907786236+0           2.4+1*                                                                                                                                                                                       
ECHO: loadb *        1.02606042998+0               0                                                                                                                                                                                                                        
ECHO: loadb GRID*                101               0           3.0+0           2.5+1*                                                                                                                                                                                       
ECHO: loadb *        4.8466276565-15               0                                                                                                                                                                                                                        
ECHO: loadb GRID*                102               0 2.29813332936+0           2.5+1*                                                                                                                                                                                       
ECHO: loadb *        1.92836282906+0               0                                                                                                                                                                                                                        
ECHO: loadb GRID*                103               0           1.5+0           2.4+1*                                                                                                                                                                                       
ECHO: loadb *        2.59807621135+0               0                                                                                                                                                                                                                        
ECHO: loadb GRID*                104               0 5.20944533001-1           2.5+1*                                                                                                                                                                                       
ECHO: loadb *        2.95442325904+0               0                                                                                                                                                                                                                        
ECHO: loadb GRID*                105               0-5.20944533001-1           2.4+1*                                                                                                                                                                                       
ECHO: loadb *        2.95442325904+0               0                                                                                                                                                                                                                        
ECHO: loadb GRID*                106               0          -1.5+0           2.5+1*                                                                                                                                                                                       
ECHO: loadb *        2.59807621135+0               0                                                                                                                                                                                                                        
ECHO: loadb GRID*                107               0-2.29813332936+0           2.4+1*                                                                                                                                                                                       
ECHO: loadb *        1.92836282906+0               0                                                                                                                                                                                                                        
ECHO: loadb GRID*                108               0-2.81907786236+0           2.5+1*                                                                                                                                                                                       
ECHO: loadb *        1.02606042998+0               0                                                                                                                                                                                                                        
ECHO: loadb GRID*                109               0          -3.0+0           2.4+1*                                                                                                                                                                                       
ECHO: loadb *        2.0902469209-15               0                                                                                                                                                                                                                        
ECHO: loadb GRID*                110               0-2.81907786236+0           2.5+1*                                                                                                                                                                                       
ECHO: loadb *       -1.02606042998+0               0                                                                                                                                                                                                                        
ECHO: loadb GRID*                111               0-2.29813332936+0           2.4+1*                                                                                                                                                                                       
ECHO: loadb *       -1.92836282906+0               0                                                                                                                                                                                                                        
ECHO: loadb GRID*                112               0          -1.5+0           2.5+1*                                                                                                                                                                                       
ECHO: loadb *       -2.59807621135+0               0                                                                                                                                                                                                                        
ECHO: loadb GRID*                113               0-5.20944533001-1           2.4+1*                                                                                                                                                                                       
ECHO: loadb *       -2.95442325904+0               0                                                                                                                                                                                                                        
ECHO: loadb GRID*                114               0 5.20944533001-1           2.5+1*                                                                                                                                                                                       
ECHO: loadb *       -2.95442325904+0               0                                                                                                                                                                                                                        
ECHO: loadb GRID*                115               0           1.5+0           2.4+1*                                                                                                                                                                                       
ECHO: loadb *       -2.59807621135+0               0                                                                                                                                                                                                                        
ECHO: loadb GRID*                116               0 2.29813332936+0           2.5+1*                                                                                                                                                                                       
ECHO: loadb *       -1.92836282906+0               0                                                                                                                                                                                                                        
ECHO: loadb GRID*                117               0 2.81907786236+0           2.4+1*                                                                                                                                                                                       
ECHO: loadb *       -1.02606042998+0               0                                                                                                                                                                                                                        
ECHO: loadb GRID*                118               0-5.20944533001-1           2.2+1*                                                                                                                                                                                       
ECHO: loadb *        2.95442325904+0               0                                                                                                                                                                                                                        
ECHO: loadb GRID*                119               0-2.81907786236+0           2.3+1*                                                                                                                                                                                       
ECHO: loadb *        1.02606042998+0               0                                                                                                                                                                                                                        
ECHO: loadb GRID*                120               0          -3.0+0           2.2+1*                                                                                                                                                                                       
ECHO: loadb *        2.0902469209-15               0                                                                                                                                                                                                                        
ECHO: loadb GRID*                121               0-2.81907786236+0           2.3+1*                                                                                                                                                                                       
ECHO: loadb *       -1.02606042998+0               0                                                                                                                                                                                                                        
ECHO: loadb GRID*                122               0 5.20944533001-1           2.3+1*                                                                                                                                                                                       
ECHO: loadb *        2.95442325904+0               0                                                                                                                                                                                                                        
ECHO: loadb GRID*                123               0 2.81907786236+0           2.2+1*                                                                                                                                                                                       
ECHO: loadb *        1.02606042998+0               0                                                                                                                                                                                                                        
ECHO: loadb GRID*                124               0          -1.5+0           2.3+1*                                                                                                                                                                                       
ECHO: loadb *       -2.59807621135+0               0                                                                                                                                                                                                                        
ECHO: loadb GRID*                125               0           3.0+0           2.3+1*                                                                                                                                                                                       
ECHO: loadb *        8.7975078069-15               0                                                                                                                                                                                                                        
ECHO: loadb GRID*                126               0           1.5+0           2.2+1*                                                                                                                                                                                       
ECHO: loadb *        2.59807621135+0               0                                                                                                                                                                                                                        
ECHO: loadb GRID*                127               0 2.29813332936+0           2.3+1*                                                                                                                                                                                       
ECHO: loadb *       -1.92836282906+0               0                                                                                                                                                                                                                        
ECHO: loadb GRID*                128               0 2.81907786236+0           2.2+1*                                                                                                                                                                                       
ECHO: loadb *       -1.02606042998+0               0                                                                                                                                                                                                                        
ECHO: loadb GRID*                129               0-5.20944533001-1           2.2+1*                                                                                                                                                                                       
ECHO: loadb *       -2.95442325904+0               0                                                                                                                                                                                                                        
ECHO: loadb GRID*                130               0-2.29813332936+0           2.2+1*                                                                                                                                                                                       
ECHO: loadb *        1.92836282906+0               0                                                                                                                                                                                                                        
ECHO: loadb GRID*                131               0 5.20944533001-1           2.3+1*                                                                                                                                                                                       
ECHO: loadb *       -2.95442325904+0               0                                                                                                                                                                                                                        
ECHO: loadb GRID*                132               0 2.29813332936+0           2.3+1*                                                                                                                                                                                       
ECHO: loadb *        1.92836282906+0               0                                                                                                                                                                                                                        
ECHO: loadb GRID*                133               0           1.5+0           2.2+1*                                                                                                                                                                                       
ECHO: loadb *       -2.59807621135+0               0                                                                                                                                                                                                                        
ECHO: loadb GRID*                134               0-2.29813332936+0           2.2+1*                                                                                                                                                                                       
ECHO: loadb *       -1.92836282906+0               0                                                                                                                                                                                                                        
ECHO: loadb GRID*                135               0          -1.5+0           2.3+1*                                                                                                                                                                                       
ECHO: loadb *        2.59807621135+0               0                                                                                                                                                                                                                        
ECHO: loadb PARAM    STR_CID      -2                                                                                                                                                                                                                                        
ECHO: loadb MAT1*                  1          2.0+11 7.6923076923+10           3.0-1*                                                                                                                                                                                       
ECHO: loadb *                  0.0+0           0.0+0           0.0+0                                                                                                                                                                                                        
ECHO: loadb CORD2R*                1               0           0.0+0           0.0+0*                                                                                                                                                                                       
ECHO: loadb *                  0.0+0 6.42787609687-1           0.0+0 7.66044443119-1*                                                                                                                                                                                       
ECHO nextc2: *        7.66044443119-1           0.0+0-6.42787609687-1                *                                                                                                                                                                                       
ECHO nextc2: *                                                                                                                                                                                                                                                               
ECHO: loadb CORD2R*                2               0           0.0+0           0.0+0*                                                                                                                                                                                       
ECHO: loadb *                  0.0+0-1.73648177667-1           0.0+0 9.84807753012-1*                                                                                                                                                                                       
ECHO nextc2: *        9.84807753012-1           0.0+0 1.73648177667-1                *                                                                                                                                                                                       
ECHO nextc2: *                                                                                                                                                                                                                                                               
ECHO: loadb CORD2R*                3               0           0.0+0           0.0+0*                                                                                                                                                                                       
ECHO: loadb *                  0.0+0-3.42020143326-1           0.0+0 9.39692620786-1*                                                                                                                                                                                       
ECHO nextc2: *        9.39692620786-1           0.0+0 3.42020143326-1                *                                                                                                                                                                                       
ECHO nextc2: *                                                                                                                                                                                                                                                               
ECHO: loadb CORD2R*                4               0           0.0+0           0.0+0*                                                                                                                                                                                       
ECHO: loadb *                  0.0+0          -5.0-1           0.0+0 8.66025403784-1*                                                                                                                                                                                       
ECHO nextc2: *        8.66025403784-1           0.0+0           5.0-1                *                                                                                                                                                                                       
ECHO nextc2: *                                                                                                                                                                                                                                                               
ECHO: loadb CORD2R*                5               0           0.0+0           0.0+0*                                                                                                                                                                                       
ECHO: loadb *                  0.0+0 1.73648177667-1           0.0+0 9.84807753012-1*                                                                                                                                                                                       
ECHO nextc2: *        9.84807753012-1           0.0+0-1.73648177667-1                *                                                                                                                                                                                       
ECHO nextc2: *                                                                                                                                                                                                                                                               
ECHO: loadb CORD2R*                6               0           0.0+0           0.0+0*                                                                                                                                                                                       
ECHO: loadb *                  0.0+0 3.42020143326-1           0.0+0 9.39692620786-1*                                                                                                                                                                                       
ECHO nextc2: *        9.39692620786-1           0.0+0-3.42020143326-1                *                                                                                                                                                                                       
ECHO nextc2: *                                                                                                                                                                                                                                                               
ECHO: loadb CORD2R*                7               0           0.0+0           0.0+0*                                                                                                                                                                                       
ECHO: loadb *                  0.0+0-6.42787609687-1           0.0+0 7.66044443119-1*                                                                                                                                                                                       
ECHO nextc2: *        7.66044443119-1           0.0+0 6.42787609687-1                *                                                                                                                                                                                       
ECHO nextc2: *                                                                                                                                                                                                                                                               
ECHO: loadb CORD2R*                8               0           0.0+0           0.0+0*                                                                                                                                                                                       
ECHO: loadb *                  0.0+0           5.0-1           0.0+0 8.66025403784-1*                                                                                                                                                                                       
ECHO nextc2: *        8.66025403784-1           0.0+0          -5.0-1                *                                                                                                                                                                                       
ECHO nextc2: *                                                                                                                                                                                                                                                               
ECHO: loadb SPC            1      14       2   0.0+0                                                                                                                                                                                                                        
ECHO: loadb SPC            1      14       6   0.0+0                                                                                                                                                                                                                        
ECHO: loadb SPC            1      24       2   0.0+0                                                                                                                                                                                                                        
ECHO: loadb SPC            1      24       4   0.0+0                                                                                                                                                                                                                        
ECHO: loadb SPC            1      27       2   0.0+0                                                                                                                                                                                                                        
ECHO: loadb SPC            1      27       6   0.0+0                                                                                                                                                                                                                        
ECHO: loadb SPC            1      28       2   0.0+0                                                                                                                                                                                                                        
ECHO: loadb SPC            1      28       6   0.0+0                                                                                                                                                                                                                        
ECHO: loadb SPC            1      37       2   0.0+0                                                                                                                                                                                                                        
ECHO: loadb SPC            1      37       4   0.0+0                                                                                                                                                                                                                        
ECHO: loadb SPC            1      47       2   0.0+0                                                                                                                                                                                                                        
ECHO: loadb SPC            1      47       4   0.0+0                                                                                                                                                                                                                        
ECHO: loadb SPC            1      50       2   0.0+0                                                                                                                                                                                                                        
ECHO: loadb SPC            1      50       6   0.0+0                                                                                                                                                                                                                        
ECHO: loadb SPC            1      56       3   0.0+0                                                                                                                                                                                                                        
ECHO: loadb SPC            1      56       1   0.0+0                                                                                                                                                                                                                        
ECHO: loadb SPC            1      56       5   0.0+0                                                                                                                                                                                                                        
ECHO: loadb SPC            1      81       2   0.0+0                                                                                                                                                                                                                        
ECHO: loadb SPC            1      81       6   0.0+0                                                                                                                                                                                                                        
ECHO: loadb SPC            1      91       2   0.0+0                                                                                                                                                                                                                        
ECHO: loadb SPC            1      91       4   0.0+0                                                                                                                                                                                                                        
ECHO: loadb SPC            1     101       4   0.0+0                                                                                                                                                                                                                        
ECHO: loadb SPC            1     101       6   0.0+0                                                                                                                                                                                                                        
ECHO: loadb SPC            1     102       4   0.0+0                                                                                                                                                                                                                        
ECHO: loadb SPC            1     102       6   0.0+0                                                                                                                                                                                                                        
ECHO: loadb SPC            1     104       4   0.0+0                                                                                                                                                                                                                        
ECHO: loadb SPC            1     104       6   0.0+0                                                                                                                                                                                                                        
ECHO: loadb SPC            1     106       4   0.0+0                                                                                                                                                                                                                        
ECHO: loadb SPC            1     106       6   0.0+0                                                                                                                                                                                                                        
ECHO: loadb SPC            1     108       4   0.0+0                                                                                                                                                                                                                        
ECHO: loadb SPC            1     108       6   0.0+0                                                                                                                                                                                                                        
ECHO: loadb SPC            1     110       4   0.0+0                                                                                                                                                                                                                        
ECHO: loadb SPC            1     110       6   0.0+0                                                                                                                                                                                                                        
ECHO: loadb SPC            1     112       4   0.0+0                                                                                                                                                                                                                        
ECHO: loadb SPC            1     112       6   0.0+0                                                                                                                                                                                                                        
ECHO: loadb SPC            1     114       4   0.0+0                                                                                                                                                                                                                        
ECHO: loadb SPC            1     114       6   0.0+0                                                                                                                                                                                                                        
ECHO: loadb SPC            1     116       4   0.0+0                                                                                                                                                                                                                        
ECHO: loadb SPC            1     116       6   0.0+0                                                                                                                                                                                                                        
ECHO: loadb PSHELL         9       1   1.0-1       1               1           0.0+0                                                                                                                                                                                        
ECHO: loadb CQUAD4*                1               9              99              63*                                                                                                                                                                                       
ECHO: loadb *                     35              89-1.34263067236+2           0.0+0                                                                                                                                                                                        
ECHO: loadb CQUAD4*                2               9              16              20*                                                                                                                                                                                       
ECHO: loadb *                     25              22 1.34263067236+2           0.0+0                                                                                                                                                                                        
ECHO: loadb CQUAD4*                3               9              33              65*                                                                                                                                                                                       
ECHO: loadb *                     51              54-1.34263067236+2           0.0+0                                                                                                                                                                                        
ECHO: loadb CQUAD4*                4               9              46              45*                                                                                                                                                                                       
ECHO: loadb *                     72              73 1.34263067236+2           0.0+0                                                                                                                                                                                        
ECHO: loadb CQUAD4*                5               9              12              10*                                                                                                                                                                                       
ECHO: loadb *                      7              21 1.34263067236+2           0.0+0                                                                                                                                                                                        
ECHO: loadb CQUAD4*                6               9              17              52*                                                                                                                                                                                       
ECHO: loadb *                     40              68 1.34263067236+2           0.0+0                                                                                                                                                                                        
ECHO: loadb CQUAD4*                7               9              89              41*                                                                                                                                                                                       
ECHO: loadb *                     57              66 1.34263067236+2           0.0+0                                                                                                                                                                                        
ECHO: loadb CQUAD4*                8               9              97              55*                                                                                                                                                                                       
ECHO: loadb *                     59              58-1.34263067236+2           0.0+0                                                                                                                                                                                        
ECHO: loadb CQUAD4*                9               9              85              70*                                                                                                                                                                                       
ECHO: loadb *                      5               6 1.34263067236+2           0.0+0                                                                                                                                                                                        
ECHO: loadb CQUAD4*               10               9              54              51*                                                                                                                                                                                       
ECHO: loadb *                     53              39-1.34263067236+2           0.0+0                                                                                                                                                                                        
ECHO: loadb CQUAD4*               11               9              13              49*                                                                                                                                                                                       
ECHO: loadb *                     51              65 1.34263067236+2           0.0+0                                                                                                                                                                                        
ECHO: loadb CQUAD4*               12               9               5               9*                                                                                                                                                                                       
ECHO: loadb *                     18              15 1.34263067236+2           0.0+0                                                                                                                                                                                        
ECHO: loadb CQUAD4*               13               9              21               7*                                                                                                                                                                                       
ECHO: loadb *                      3              95 1.34263067236+2           0.0+0                                                                                                                                                                                        
ECHO: loadb CQUAD4*               14               9              39              43*                                                                                                                                                                                       
ECHO: loadb *                     48              45 1.34263067236+2           0.0+0                                                                                                                                                                                        
ECHO: loadb CQUAD4*               15               9              87              88*                                                                                                                                                                                       
ECHO: loadb *                     12              52 1.34263067236+2           0.0+0                                                                                                                                                                                        
ECHO: loadb CQUAD4*               16               9              66              57*                                                                                                                                                                                       
ECHO: loadb *                     17              29 1.34263067236+2           0.0+0                                                                                                                                                                                        
ECHO: loadb CQUAD4*               17               9              99              89*                                                                                                                                                                                       
ECHO: loadb *                     66               4 1.34263067236+2           0.0+0                                                                                                                                                                                        
ECHO: loadb CQUAD4*               18               9              89              35*                                                                                                                                                                                       
ECHO: loadb *                     42              41-1.34263067236+2           0.0+0                                                                                                                                                                                        
ECHO: loadb CQUAD4*               19               9              56              94*                                                                                                                                                                                       
ECHO: loadb *                     36              31-1.34263067236+2           0.0+0                                                                                                                                                                                        
ECHO: loadb CQUAD4*               20               9              95               3*                                                                                                                                                                                       
ECHO: loadb *                     61              69 1.34263067236+2           0.0+0                                                                                                                                                                                        
ECHO: loadb CQUAD4*               21               9              16              30*                                                                                                                                                                                       
ECHO: loadb *                     14              20-1.34263067236+2           0.0+0                                                                                                                                                                                        
ECHO: loadb CQUAD4*               22               9              36              74*                                                                                                                                                                                       
ECHO: loadb *                     27              30-1.34263067236+2           0.0+0                                                                                                                                                                                        
ECHO: loadb CQUAD4*               23               9              86              90*                                                                                                                                                                                       
ECHO: loadb *                     60              92 1.34263067236+2           0.0+0                                                                                                                                                                                        
ECHO: loadb CQUAD4*               24               9              20              24*                                                                                                                                                                                       
ECHO: loadb *                     75              25 1.34263067236+2           0.0+0                                                                                                                                                                                        
ECHO: loadb CQUAD4*               25               9              43              47*                                                                                                                                                                                       
ECHO: loadb *                     71              48 1.34263067236+2           0.0+0                                                                                                                                                                                        
ECHO: loadb CQUAD4*               26               9              48              71*                                                                                                                                                                                       
ECHO: loadb *                     80              76 1.34263067236+2           0.0+0                                                                                                                                                                                        
ECHO: loadb CQUAD4*               27               9              41              83*                                                                                                                                                                                       
ECHO: loadb *                     87              57 1.34263067236+2           0.0+0                                                                                                                                                                                        
ECHO: loadb CQUAD4*               28               9              55              44*                                                                                                                                                                                       
ECHO: loadb *                     33              59-1.34263067236+2           0.0+0                                                                                                                                                                                        
ECHO: loadb CQUAD4*               29               9              72              76*                                                                                                                                                                                       
ECHO: loadb *                     82              78 1.34263067236+2           0.0+0                                                                                                                                                                                        
ECHO: loadb CQUAD4*               30               9              76              80*                                                                                                                                                                                       
ECHO: loadb *                     94              82 1.34263067236+2           0.0+0                                                                                                                                                                                        
ECHO: loadb CQUAD4*               31               9              71              81*                                                                                                                                                                                       
ECHO: loadb *                     74              80 1.34263067236+2           0.0+0                                                                                                                                                                                        
ECHO: loadb CQUAD4*               32               9              57              87*                                                                                                                                                                                       
ECHO: loadb *                     52              17 1.34263067236+2           0.0+0                                                                                                                                                                                        
ECHO: loadb CQUAD4*               33               9              84              28*                                                                                                                                                                                       
ECHO: loadb *                     49              13 1.34263067236+2           0.0+0                                                                                                                                                                                        
ECHO: loadb CQUAD4*               34               9              23              22*                                                                                                                                                                                       
ECHO: loadb *                     79              83 1.34263067236+2           0.0+0                                                                                                                                                                                        
ECHO: loadb CQUAD4*               35               9               4              66*                                                                                                                                                                                       
ECHO: loadb *                     29              96 1.34263067236+2           0.0+0                                                                                                                                                                                        
ECHO: loadb CQUAD4*               36               9              26              95*                                                                                                                                                                                       
ECHO: loadb *                     69               8 1.34263067236+2           0.0+0                                                                                                                                                                                        
ECHO: loadb CQUAD4*               37               9              88              92*                                                                                                                                                                                       
ECHO: loadb *                     10              12 1.34263067236+2           0.0+0                                                                                                                                                                                        
ECHO: loadb CQUAD4*               38               9              70              77*                                                                                                                                                                                       
ECHO: loadb *                      9               5 1.34263067236+2           0.0+0                                                                                                                                                                                        
ECHO: loadb CQUAD4*               39               9              40              21*                                                                                                                                                                                       
ECHO: loadb *                     95              26 1.34263067236+2           0.0+0                                                                                                                                                                                        
ECHO: loadb CQUAD4*               40               9              35              32*                                                                                                                                                                                       
ECHO: loadb *                     56              42-1.34263067236+2           0.0+0                                                                                                                                                                                        
ECHO: loadb CQUAD4*               41               9              90              84*                                                                                                                                                                                       
ECHO: loadb *                     13              60 1.34263067236+2           0.0+0                                                                                                                                                                                        
ECHO: loadb CQUAD4*               42               9              79              86*                                                                                                                                                                                       
ECHO: loadb *                     92              88 1.34263067236+2           0.0+0                                                                                                                                                                                        
ECHO: loadb CQUAD4*               43               9               6               5*                                                                                                                                                                                       
ECHO: loadb *                     15              11 1.34263067236+2           0.0+0                                                                                                                                                                                        
ECHO: loadb CQUAD4*               44               9              31              36*                                                                                                                                                                                       
ECHO: loadb *                     30              16-1.34263067236+2           0.0+0                                                                                                                                                                                        
ECHO: loadb CQUAD4*               45               9              75              91*                                                                                                                                                                                       
ECHO: loadb *                     84              90 1.34263067236+2           0.0+0                                                                                                                                                                                        
ECHO: loadb CQUAD4*               46               9              83              79*                                                                                                                                                                                       
ECHO: loadb *                     88              87 1.34263067236+2           0.0+0                                                                                                                                                                                        
ECHO: loadb CQUAD4*               47               9              22              25*                                                                                                                                                                                       
ECHO: loadb *                     86              79 1.34263067236+2           0.0+0                                                                                                                                                                                        
ECHO: loadb CQUAD4*               48               9              10              38*                                                                                                                                                                                       
ECHO: loadb *                     44               7 1.34263067236+2           0.0+0                                                                                                                                                                                        
ECHO: loadb CQUAD4*               49               9               9              34*                                                                                                                                                                                       
ECHO: loadb *                     63              18 1.34263067236+2           0.0+0                                                                                                                                                                                        
ECHO: loadb CQUAD4*               50               9              15              18*                                                                                                                                                                                       
ECHO: loadb *                     64              62 1.34263067236+2           0.0+0                                                                                                                                                                                        
ECHO: loadb CQUAD4*               51               9              64              18*                                                                                                                                                                                       
ECHO: loadb *                     63              99-1.34263067236+2           0.0+0                                                                                                                                                                                        
ECHO: loadb CQUAD4*               52               9              61               3*                                                                                                                                                                                       
ECHO: loadb *                     55              97-1.34263067236+2           0.0+0                                                                                                                                                                                        
ECHO: loadb CQUAD4*               53               9              98              69*                                                                                                                                                                                       
ECHO: loadb *                     61               2-1.34263067236+2           0.0+0                                                                                                                                                                                        
ECHO: loadb CQUAD4*               54               9              97              58*                                                                                                                                                                                       
ECHO: loadb *                     70              85 1.34263067236+2           0.0+0                                                                                                                                                                                        
ECHO: loadb CQUAD4*               55               9              68              40*                                                                                                                                                                                       
ECHO: loadb *                     26              19 1.34263067236+2           0.0+0                                                                                                                                                                                        
ECHO: loadb CQUAD4*               56               9              42              23*                                                                                                                                                                                       
ECHO: loadb *                     83              41 1.34263067236+2           0.0+0                                                                                                                                                                                        
ECHO: loadb CQUAD4*               57               9              45              48*                                                                                                                                                                                       
ECHO: loadb *                     76              72 1.34263067236+2           0.0+0                                                                                                                                                                                        
ECHO: loadb CQUAD4*               58               9              77              78*                                                                                                                                                                                       
ECHO: loadb *                     34               9 1.34263067236+2           0.0+0                                                                                                                                                                                        
ECHO: loadb CQUAD4*               59               9              31              16*                                                                                                                                                                                       
ECHO: loadb *                     22              23 1.34263067236+2           0.0+0                                                                                                                                                                                        
ECHO: loadb CQUAD4*               60               9              33              54*                                                                                                                                                                                       
ECHO: loadb *                     46              59 1.34263067236+2           0.0+0                                                                                                                                                                                        
ECHO: loadb CQUAD4*               61               9              59              46*                                                                                                                                                                                       
ECHO: loadb *                     73              58 1.34263067236+2           0.0+0                                                                                                                                                                                        
ECHO: loadb CQUAD4*               62               9              78              82*                                                                                                                                                                                       
ECHO: loadb *                     32              34 1.34263067236+2           0.0+0                                                                                                                                                                                        
ECHO: loadb CQUAD4*               63               9              63              34*                                                                                                                                                                                       
ECHO: loadb *                     32              35-1.34263067236+2           0.0+0                                                                                                                                                                                        
ECHO: loadb CQUAD4*               64               9               2              85*                                                                                                                                                                                       
ECHO: loadb *                      6               1 1.34263067236+2           0.0+0                                                                                                                                                                                        
ECHO: loadb CQUAD4*               65               9              73              72*                                                                                                                                                                                       
ECHO: loadb *                     78              77 1.34263067236+2           0.0+0                                                                                                                                                                                        
ECHO: loadb CQUAD4*               66               9              60              13*                                                                                                                                                                                       
ECHO: loadb *                     65              38 1.34263067236+2           0.0+0                                                                                                                                                                                        
ECHO: loadb CQUAD4*               67               9              52              12*                                                                                                                                                                                       
ECHO: loadb *                     21              40 1.34263067236+2           0.0+0                                                                                                                                                                                        
ECHO: loadb CQUAD4*               68               9              93              64*                                                                                                                                                                                       
ECHO: loadb *                     99               4-1.34263067236+2           0.0+0                                                                                                                                                                                        
ECHO: loadb CQUAD4*               69               9              29              17*                                                                                                                                                                                       
ECHO: loadb *                     68              67 1.34263067236+2           0.0+0                                                                                                                                                                                        
ECHO: loadb CQUAD4*               70               9               7              44*                                                                                                                                                                                       
ECHO: loadb *                     55               3 1.34263067236+2           0.0+0                                                                                                                                                                                        
ECHO: loadb CQUAD4*               71               9              39              53*                                                                                                                                                                                       
ECHO: loadb *                     37              43-1.34263067236+2           0.0+0                                                                                                                                                                                        
ECHO: loadb CQUAD4*               72               9              51              49*                                                                                                                                                                                       
ECHO: loadb *                     50              53-1.34263067236+2           0.0+0                                                                                                                                                                                        
ECHO: loadb CQUAD4*               73               9              58              73*                                                                                                                                                                                       
ECHO: loadb *                     77              70 1.34263067236+2           0.0+0                                                                                                                                                                                        
ECHO: loadb CQUAD4*               74               9              38              65*                                                                                                                                                                                       
ECHO: loadb *                     33              44 1.34263067236+2           0.0+0                                                                                                                                                                                        
ECHO: loadb CQUAD4*               75               9              61              97*                                                                                                                                                                                       
ECHO: loadb *                     85               2 1.34263067236+2           0.0+0                                                                                                                                                                                        
ECHO: loadb CQUAD4*               76               9              25              75*                                                                                                                                                                                       
ECHO: loadb *                     90              86 1.34263067236+2           0.0+0                                                                                                                                                                                        
ECHO: loadb CQUAD4*               77               9              56              31*                                                                                                                                                                                       
ECHO: loadb *                     23              42 1.34263067236+2           0.0+0                                                                                                                                                                                        
ECHO: loadb CQUAD4*               78               9              92              60*                                                                                                                                                                                       
ECHO: loadb *                     38              10 1.34263067236+2           0.0+0                                                                                                                                                                                        
ECHO: loadb CQUAD4*               79               9             123              62*                                                                                                                                                                                       
ECHO: loadb *                     64              93-1.34263067236+2           0.0+0                                                                                                                                                                                        
ECHO: loadb CQUAD4*               80               9              54              39*                                                                                                                                                                                       
ECHO: loadb *                     45              46 1.34263067236+2           0.0+0                                                                                                                                                                                        
ECHO: loadb CQUAD4*               81               9             100             132*                                                                                                                                                                                       
ECHO: loadb *                    123             125-1.34263067236+2           0.0+0                                                                                                                                                                                        
ECHO: loadb CQUAD4*              100               9             125             123*                                                                                                                                                                                       
ECHO: loadb *                     93             128-1.34263067236+2           0.0+0                                                                                                                                                                                        
ECHO: loadb CQUAD4*              101               9              19              26*                                                                                                                                                                                       
ECHO: loadb *                      8             134 1.34263067236+2           0.0+0                                                                                                                                                                                        
ECHO: loadb CQUAD4*              102               9             131             129*                                                                                                                                                                                       
ECHO: loadb *                    124             113 1.34263067236+2           0.0+0                                                                                                                                                                                        
ECHO: loadb CQUAD4*              103               9             128              96*                                                                                                                                                                                       
ECHO: loadb *                    133             127 1.34263067236+2           0.0+0                                                                                                                                                                                        
ECHO: loadb CQUAD4*              104               9             130              98*                                                                                                                                                                                       
ECHO: loadb *                      2               1-1.34263067236+2           0.0+0                                                                                                                                                                                        
ECHO: loadb CQUAD4*              105               9             135             118*                                                                                                                                                                                       
ECHO: loadb *                    122             105 1.34263067236+2           0.0+0                                                                                                                                                                                        
ECHO: loadb CQUAD4*              106               9             122             126*                                                                                                                                                                                       
ECHO: loadb *                    132             103 1.34263067236+2           0.0+0                                                                                                                                                                                        
ECHO: loadb CQUAD4*              107               9             134               8*                                                                                                                                                                                       
ECHO: loadb *                    120             121 1.34263067236+2           0.0+0                                                                                                                                                                                        
ECHO: loadb CQUAD4*              108               9              67              68*                                                                                                                                                                                       
ECHO: loadb *                     19             129 1.34263067236+2           0.0+0                                                                                                                                                                                        
ECHO: loadb CQUAD4*              109               9             127             133*                                                                                                                                                                                       
ECHO: loadb *                    131             115 1.34263067236+2           0.0+0                                                                                                                                                                                        
ECHO: loadb CQUAD4*              110               9             125             128*                                                                                                                                                                                       
ECHO: loadb *                    127             117 1.34263067236+2           0.0+0                                                                                                                                                                                        
ECHO: loadb CQUAD4*              111               9             128              93*                                                                                                                                                                                       
ECHO: loadb *                      4              96-1.34263067236+2           0.0+0                                                                                                                                                                                        
ECHO: loadb CQUAD4*              112               9             121             120*                                                                                                                                                                                       
ECHO: loadb *                    119             109 1.34263067236+2           0.0+0                                                                                                                                                                                        
ECHO: loadb CQUAD4*              113               9              96              29*                                                                                                                                                                                       
ECHO: loadb *                     67             133 1.34263067236+2           0.0+0                                                                                                                                                                                        
ECHO: loadb CQUAD4*              114               9             133              67*                                                                                                                                                                                       
ECHO: loadb *                    129             131 1.34263067236+2           0.0+0                                                                                                                                                                                        
ECHO: loadb CQUAD4*              115               9             117             127*                                                                                                                                                                                       
ECHO: loadb *                    115             116 1.34263067236+2           0.0+0                                                                                                                                                                                        
ECHO: loadb CQUAD4*              116               9             111             121*                                                                                                                                                                                       
ECHO: loadb *                    109             110 1.34263067236+2           0.0+0                                                                                                                                                                                        
ECHO: loadb CQUAD4*              117               9             118              11*                                                                                                                                                                                       
ECHO: loadb *                    126             122 1.34263067236+2           0.0+0                                                                                                                                                                                        
ECHO: loadb CQUAD4*              118               9             124             134*                                                                                                                                                                                       
ECHO: loadb *                    121             111 1.34263067236+2           0.0+0                                                                                                                                                                                        
ECHO: loadb CQUAD4*              119               9             105             122*                                                                                                                                                                                       
ECHO: loadb *                    103             104 1.34263067236+2           0.0+0                                                                                                                                                                                        
ECHO: loadb CQUAD4*              120               9             126              62*                                                                                                                                                                                       
ECHO: loadb *                    123             132 1.34263067236+2           0.0+0                                                                                                                                                                                        
ECHO: loadb CQUAD4*              121               9             103             132*                                                                                                                                                                                       
ECHO: loadb *                    100             102 1.34263067236+2           0.0+0                                                                                                                                                                                        
ECHO: loadb CQUAD4*              122               9              94              80*                                                                                                                                                                                       
ECHO: loadb *                     74              36-1.34263067236+2           0.0+0                                                                                                                                                                                        
ECHO: loadb CQUAD4*              123               9             119             120*                                                                                                                                                                                       
ECHO: loadb *                     98             130-1.34263067236+2           0.0+0                                                                                                                                                                                        
ECHO: loadb CQUAD4*              124               9             108             109*                                                                                                                                                                                       
ECHO: loadb *                    119             107-1.34263067236+2           0.0+0                                                                                                                                                                                        
ECHO: loadb CQUAD4*              125               9             130               1*                                                                                                                                                                                       
ECHO: loadb *                    118             135 1.34263067236+2           0.0+0                                                                                                                                                                                        
ECHO: loadb CQUAD4*              126               9             113             124*                                                                                                                                                                                       
ECHO: loadb *                    111             112 1.34263067236+2           0.0+0                                                                                                                                                                                        
ECHO: loadb CQUAD4*              127               9              11              15*                                                                                                                                                                                       
ECHO: loadb *                     62             126 1.34263067236+2           0.0+0                                                                                                                                                                                        
ECHO: loadb CQUAD4*              128               9             107             135*                                                                                                                                                                                       
ECHO: loadb *                    105             106 1.34263067236+2           0.0+0                                                                                                                                                                                        
ECHO: loadb CQUAD4*              129               9             129              19*                                                                                                                                                                                       
ECHO: loadb *                    134             124 1.34263067236+2           0.0+0                                                                                                                                                                                        
ECHO: loadb CQUAD4*              130               9             101             100*                                                                                                                                                                                       
ECHO: loadb *                    125             117-1.34263067236+2           0.0+0                                                                                                                                                                                        
ECHO: loadb CQUAD4*              131               9             115             131*                                                                                                                                                                                       
ECHO: loadb *                    113             114 1.34263067236+2           0.0+0                                                                                                                                                                                        
ECHO: loadb CQUAD4*              132               9               8              69*                                                                                                                                                                                       
ECHO: loadb *                     98             120 1.34263067236+2           0.0+0                                                                                                                                                                                        
ECHO: loadb CQUAD4*              133               9               1               6*                                                                                                                                                                                       
ECHO: loadb *                     11             118 1.34263067236+2           0.0+0                                                                                                                                                                                        
ECHO: loadb CQUAD4*              134               9             119             130*                                                                                                                                                                                       
ECHO: loadb *                    135             107 1.34263067236+2           0.0+0                                                                                                                                                                                        
ECHO: loadb CQUAD4*              135               9              32              82*                                                                                                                                                                                       
ECHO: loadb *                     94              56-1.34263067236+2           0.0+0                                                                                                                                                                                        
ECHO: loadb PSHELL        10       1   1.0-1       1               1           0.0+0                                                                                                                                                                                        
ECHO: loadb CTRIA3*               82              10             100             101*                                                                                                                                                                                       
ECHO: loadb *                    102 4.52756568482+1           0.0+0                                                                                                                                                                                                        
ECHO: loadb CTRIA3*               83              10             103             102*                                                                                                                                                                                       
ECHO: loadb *                    104 4.52756568482+1           0.0+0                                                                                                                                                                                                        
ECHO: loadb CTRIA3*               84              10             105             104*                                                                                                                                                                                       
ECHO: loadb *                    106 4.52756568482+1           0.0+0                                                                                                                                                                                                        
ECHO: loadb CTRIA3*               85              10             107             106*                                                                                                                                                                                       
ECHO: loadb *                    108 4.52756568482+1           0.0+0                                                                                                                                                                                                        
ECHO: loadb CTRIA3*               86              10             109             108*                                                                                                                                                                                       
ECHO: loadb *                    110 4.52756568482+1           0.0+0                                                                                                                                                                                                        
ECHO: loadb CTRIA3*               87              10             111             110*                                                                                                                                                                                       
ECHO: loadb *                    112 4.52756568482+1           0.0+0                                                                                                                                                                                                        
ECHO: loadb CTRIA3*               88              10             113             112*                                                                                                                                                                                       
ECHO: loadb *                    114 4.52756568482+1           0.0+0                                                                                                                                                                                                        
ECHO: loadb CTRIA3*               89              10             115             114*                                                                                                                                                                                       
ECHO: loadb *                    116 4.52756568482+1           0.0+0                                                                                                                                                                                                        
ECHO: loadb CTRIA3*               90              10             117             116*                                                                                                                                                                                       
ECHO: loadb *                    101 4.52756568482+1           0.0+0                                                                                                                                                                                                        
ECHO: loadb CTRIA3*               91              10              75              24*                                                                                                                                                                                       
ECHO: loadb *                     91-1.34724343152+2           0.0+0                                                                                                                                                                                                        
ECHO: loadb CTRIA3*               92              10              84              91*                                                                                                                                                                                       
ECHO: loadb *                     28-1.34724343152+2           0.0+0                                                                                                                                                                                                        
ECHO: loadb CTRIA3*               93              10              49              28*                                                                                                                                                                                       
ECHO: loadb *                     50-1.34724343152+2           0.0+0                                                                                                                                                                                                        
ECHO: loadb CTRIA3*               94              10              53              50*                                                                                                                                                                                       
ECHO: loadb *                     37-1.34724343152+2           0.0+0                                                                                                                                                                                                        
ECHO: loadb CTRIA3*               95              10              43              37*                                                                                                                                                                                       
ECHO: loadb *                     47-1.34724343152+2           0.0+0                                                                                                                                                                                                        
ECHO: loadb CTRIA3*               96              10              71              47*                                                                                                                                                                                       
ECHO: loadb *                     81-1.34724343152+2           0.0+0                                                                                                                                                                                                        
ECHO: loadb CTRIA3*               97              10              74              81*                                                                                                                                                                                       
ECHO: loadb *                     27-1.34724343152+2           0.0+0                                                                                                                                                                                                        
ECHO: loadb CTRIA3*               98              10              30              27*                                                                                                                                                                                       
ECHO: loadb *                     14-1.34724343152+2           0.0+0                                                                                                                                                                                                        
ECHO: loadb CTRIA3*               99              10              20              14*                                                                                                                                                                                       
ECHO: loadb *                     24-1.34724343152+2           0.0+0                                                                                                                                                                                                        
ECHO: loadb PLOAD4         1      25   1.0+4                                                                                                                                                                                                                                
ECHO: loadb PLOAD4         1      26   1.0+4                                                                                                                                                                                                                                
ECHO: loadb PLOAD4         1      14   1.0+4                                                                                                                                                                                                                                
ECHO: loadb PLOAD4         1      30   1.0+4                                                                                                                                                                                                                                
ECHO: loadb PLOAD4         1      31   1.0+4                                                                                                                                                                                                                                
ECHO: loadb PLOAD4         1      57   1.0+4                                                                                                                                                                                                                                
ECHO: loadb PLOAD4         1      71   1.0+4                                                                                                                                                                                                                                
ECHO: loadb PLOAD4         1      80   1.0+4                                                                                                                                                                                                                                
ECHO: loadb PLOAD4         1      29   1.0+4                                                                                                                                                                                                                                
ECHO: loadb PLOAD4         1       4   1.0+4                                                                                                                                                                                                                                
ECHO: loadb PLOAD4         1      10   1.0+4                                                                                                                                                                                                                                
ECHO: loadb PLOAD4         1      60   1.0+4                                                                                                                                                                                                                                
ECHO: loadb PLOAD4         1      40   1.0+4                                                                                                                                                                                                                                
ECHO: loadb PLOAD4         1      19   1.0+4                                                                                                                                                                                                                                
ECHO: loadb PLOAD4         1      62   1.0+4                                                                                                                                                                                                                                
ECHO: loadb PLOAD4         1      22   1.0+4                                                                                                                                                                                                                                
ECHO: loadb PLOAD4         1      65   1.0+4                                                                                                                                                                                                                                
ECHO: loadb PLOAD4         1      61   1.0+4                                                                                                                                                                                                                                
ECHO: loadb PLOAD4         1      72   1.0+4                                                                                                                                                                                                                                
ECHO: loadb PLOAD4         1       3   1.0+4                                                                                                                                                                                                                                
ECHO: loadb PLOAD4         1      28   1.0+4                                                                                                                                                                                                                                
ECHO: loadb PLOAD4         1      77   1.0+4                                                                                                                                                                                                                                
ECHO: loadb PLOAD4         1      44   1.0+4                                                                                                                                                                                                                                
ECHO: loadb PLOAD4         1      11   1.0+4                                                                                                                                                                                                                                
ECHO: loadb PLOAD4         1      74   1.0+4                                                                                                                                                                                                                                
ECHO: loadb PLOAD4         1      56   1.0+4                                                                                                                                                                                                                                
ECHO: loadb PLOAD4         1      59   1.0+4                                                                                                                                                                                                                                
ECHO: loadb PLOAD4         1      21   1.0+4                                                                                                                                                                                                                                
ECHO: loadb PLOAD4         1      33   1.0+4                                                                                                                                                                                                                                
ECHO: loadb PLOAD4         1      66   1.0+4                                                                                                                                                                                                                                
ECHO: loadb PLOAD4         1      48   1.0+4                                                                                                                                                                                                                                
ECHO: loadb PLOAD4         1      34   1.0+4                                                                                                                                                                                                                                
ECHO: loadb PLOAD4         1       2   1.0+4                                                                                                                                                                                                                                
ECHO: loadb PLOAD4         1      41   1.0+4                                                                                                                                                                                                                                
ECHO: loadb PLOAD4         1      78   1.0+4                                                                                                                                                                                                                                
ECHO: loadb PLOAD4         1      46   1.0+4                                                                                                                                                                                                                                
ECHO: loadb PLOAD4         1      47   1.0+4                                                                                                                                                                                                                                
ECHO: loadb PLOAD4         1      24   1.0+4                                                                                                                                                                                                                                
ECHO: loadb PLOAD4         1      45   1.0+4                                                                                                                                                                                                                                
ECHO: loadb PLOAD4         1      23   1.0+4                                                                                                                                                                                                                                
ECHO: loadb PLOAD4         1      37   1.0+4                                                                                                                                                                                                                                
ECHO: loadb PLOAD4         1      42   1.0+4                                                                                                                                                                                                                                
ECHO: loadb PLOAD4         1      76   1.0+4                                                                                                                                                                                                                                
ECHO: loadb PLOAD4         1      35   1.0+4                                                                                                                                                                                                                                
ECHO: loadb PLOAD4         1      49   1.0+4                                                                                                                                                                                                                                
ECHO: loadb PLOAD4         1      54   1.0+4                                                                                                                                                                                                                                
ECHO: loadb PLOAD4         1       8   1.0+4                                                                                                                                                                                                                                
ECHO: loadb PLOAD4         1       9   1.0+4                                                                                                                                                                                                                                
ECHO: loadb PLOAD4         1      89   1.0+4                                                                                                                                                                                                                                
ECHO: loadb PLOAD4         1      50   1.0+4                                                                                                                                                                                                                                
ECHO: loadb PLOAD4         1      73   1.0+4                                                                                                                                                                                                                                
ECHO: loadb PLOAD4         1      52   1.0+4                                                                                                                                                                                                                                
ECHO: loadb PLOAD4         1      38   1.0+4                                                                                                                                                                                                                                
ECHO: loadb PLOAD4         1      12   1.0+4                                                                                                                                                                                                                                
ECHO: loadb PLOAD4         1      83   1.0+4                                                                                                                                                                                                                                
ECHO: loadb PLOAD4         1      75   1.0+4                                                                                                                                                                                                                                
ECHO: loadb PLOAD4         1      58   1.0+4                                                                                                                                                                                                                                
ECHO: loadb PLOAD4         1      43   1.0+4                                                                                                                                                                                                                                
ECHO: loadb PLOAD4         1      39   1.0+4                                                                                                                                                                                                                                
ECHO: loadb PLOAD4         1       5   1.0+4                                                                                                                                                                                                                                
ECHO: loadb PLOAD4         1      67   1.0+4                                                                                                                                                                                                                                
ECHO: loadb PLOAD4         1       7   1.0+4                                                                                                                                                                                                                                
ECHO: loadb PLOAD4         1      18   1.0+4                                                                                                                                                                                                                                
ECHO: loadb PLOAD4         1      16   1.0+4                                                                                                                                                                                                                                
ECHO: loadb PLOAD4         1      68   1.0+4                                                                                                                                                                                                                                
ECHO: loadb PLOAD4         1      69   1.0+4                                                                                                                                                                                                                                
ECHO: loadb PLOAD4         1      27   1.0+4                                                                                                                                                                                                                                
ECHO: loadb PLOAD4         1       1   1.0+4                                                                                                                                                                                                                                
ECHO: loadb PLOAD4         1      32   1.0+4                                                                                                                                                                                                                                
ECHO: loadb PLOAD4         1       6   1.0+4                                                                                                                                                                                                                                
ECHO: loadb PLOAD4         1      82   1.0+4                                                                                                                                                                                                                                
ECHO: loadb PLOAD4         1      17   1.0+4                                                                                                                                                                                                                                
ECHO: loadb PLOAD4         1      15   1.0+4                                                                                                                                                                                                                                
ECHO: loadb PLOAD4         1      20   1.0+4                                                                                                                                                                                                                                
ECHO: loadb PLOAD4         1      70   1.0+4                                                                                                                                                                                                                                
ECHO: loadb PLOAD4         1      13   1.0+4                                                                                                                                                                                                                                
ECHO: loadb PLOAD4         1      90   1.0+4                                                                                                                                                                                                                                
ECHO: loadb PLOAD4         1      88   1.0+4                                                                                                                                                                                                                                
ECHO: loadb PLOAD4         1      84   1.0+4                                                                                                                                                                                                                                
ECHO: loadb PLOAD4         1      55   1.0+4                                                                                                                                                                                                                                
ECHO: loadb PLOAD4         1      64   1.0+4                                                                                                                                                                                                                                
ECHO: loadb PLOAD4         1      87   1.0+4                                                                                                                                                                                                                                
ECHO: loadb PLOAD4         1      85   1.0+4                                                                                                                                                                                                                                
ECHO: loadb PLOAD4         1      36   1.0+4                                                                                                                                                                                                                                
ECHO: loadb PLOAD4         1      53   1.0+4                                                                                                                                                                                                                                
ECHO: loadb PLOAD4         1      86   1.0+4                                                                                                                                                                                                                                
ECHO: loadb PLOAD4         1      95   1.0+4                                                                                                                                                                                                                                
ECHO: loadb PLOAD4         1      94   1.0+4                                                                                                                                                                                                                                
ECHO: loadb PLOAD4         1      93   1.0+4                                                                                                                                                                                                                                
ECHO: loadb PLOAD4         1      96   1.0+4                                                                                                                                                                                                                                
ECHO: loadb PLOAD4         1      92   1.0+4                                                                                                                                                                                                                                
ECHO: loadb PLOAD4         1      97   1.0+4                                                                                                                                                                                                                                
ECHO: loadb PLOAD4         1      91   1.0+4                                                                                                                                                                                                                                
ECHO: loadb PLOAD4         1      98   1.0+4                                                                                                                                                                                                                                
ECHO: loadb PLOAD4         1      99   1.0+4                                                                                                                                                                                                                                
ECHO: loadb PLOAD4         1     100   1.0+4                                                                                                                                                                                                                                
ECHO: loadb PLOAD4         1     101   1.0+4                                                                                                                                                                                                                                
ECHO: loadb PLOAD4         1     102   1.0+4                                                                                                                                                                                                                                
ECHO: loadb PLOAD4         1     103   1.0+4                                                                                                                                                                                                                                
ECHO: loadb PLOAD4         1     104   1.0+4                                                                                                                                                                                                                                
ECHO: loadb PLOAD4         1     105   1.0+4                                                                                                                                                                                                                                
ECHO: loadb PLOAD4         1     106   1.0+4                                                                                                                                                                                                                                
ECHO: loadb PLOAD4         1     107   1.0+4                                                                                                                                                                                                                                
ECHO: loadb PLOAD4         1     108   1.0+4                                                                                                                                                                                                                                
ECHO: loadb PLOAD4         1     109   1.0+4                                                                                                                                                                                                                                
ECHO: loadb PLOAD4         1     110   1.0+4                                                                                                                                                                                                                                
ECHO: loadb PLOAD4         1     111   1.0+4                                                                                                                                                                                                                                
ECHO: loadb PLOAD4         1     112   1.0+4                                                                                                                                                                                                                                
ECHO: loadb PLOAD4         1     113   1.0+4                                                                                                                                                                                                                                
ECHO: loadb PLOAD4         1     114   1.0+4                                                                                                                                                                                                                                
ECHO: loadb PLOAD4         1     115   1.0+4                                                                                                                                                                                                                                
ECHO: loadb PLOAD4         1     116   1.0+4                                                                                                                                                                                                                                
ECHO: loadb PLOAD4         1     117   1.0+4                                                                                                                                                                                                                                
ECHO: loadb PLOAD4         1     118   1.0+4                                                                                                                                                                                                                                
ECHO: loadb PLOAD4         1     119   1.0+4                                                                                                                                                                                                                                
ECHO: loadb PLOAD4         1     120   1.0+4                                                                                                                                                                                                                                
ECHO: loadb PLOAD4         1     121   1.0+4                                                                                                                                                                                                                                
ECHO: loadb PLOAD4         1     123   1.0+4                                                                                                                                                                                                                                
ECHO: loadb PLOAD4         1     124   1.0+4                                                                                                                                                                                                                                
ECHO: loadb PLOAD4         1     125   1.0+4                                                                                                                                                                                                                                
ECHO: loadb PLOAD4         1     126   1.0+4                                                                                                                                                                                                                                
ECHO: loadb PLOAD4         1     127   1.0+4                                                                                                                                                                                                                                
ECHO: loadb PLOAD4         1     128   1.0+4                                                                                                                                                                                                                                
ECHO: loadb PLOAD4         1     129   1.0+4                                                                                                                                                                                                                                
ECHO: loadb PLOAD4         1     130   1.0+4                                                                                                                                                                                                                                
ECHO: loadb PLOAD4         1     131   1.0+4                                                                                                                                                                                                                                
ECHO: loadb PLOAD4         1     132   1.0+4                                                                                                                                                                                                                                
ECHO: loadb PLOAD4         1     133   1.0+4                                                                                                                                                                                                                                
ECHO: loadb PLOAD4         1     134   1.0+4                                                                                                                                                                                                                                
ECHO: loadb PLOAD4         1      51   1.0+4                                                                                                                                                                                                                                
ECHO: loadb PLOAD4         1     135   1.0+4                                                                                                                                                                                                                                
ECHO: loadb PLOAD4         1     122   1.0+4                                                                                                                                                                                                                                
ECHO: loadb PLOAD4         1      63   1.0+4                                                                                                                                                                                                                                
ECHO: loadb PLOAD4         1      79   1.0+4                                                                                                                                                                                                                                
ECHO: loadb PLOAD4         1      81   1.0+4                                                                                                                                                                                                                                
ECHO: loadb PARAM,QUAD4TYP,MITC4+                                                                                                                                                                                                                                           
ECHO: loadb ENDDATA                                                                                                                                                                                                                                                         




 >> LINK  0 END


 >> LINK  1 BEGIN

               DEALLOCATED  1.17E+00 MB MEMORY FROM ARRAY STF3

               DEALLOCATED  3.24E-03 MB MEMORY FROM ARRAY STFKEY
               DEALLOCATED  1.17E+00 MB MEMORY FROM ARRAY STF3

 >> LINK  1 END


 >> LINK  2 BEGIN



 *INFORMATION: AUTOSPC Summary, Overall: after identification of all AUTOSPC's                                                               

                                     AUTOSPC_RAT = 1.000000E-08

                       Number of DOF's identified for AUTOSPC in component  1         =            0
                       Number of DOF's identified for AUTOSPC in component  2         =            0
                       Number of DOF's identified for AUTOSPC in component  3         =            0
                       Number of DOF's identified for AUTOSPC in component  4         =            0
                       Number of DOF's identified for AUTOSPC in component  5         =            0
                       Number of DOF's identified for AUTOSPC in component  6         =            0
                                                                                        ------------
                       Total number of DOF's identified overall                       =            0


 >> LINK  2 END


 >> LINK  3 BEGIN

 SUPERLU FACTORIZATION OF MATRIX KLL SUCCEEDED IN SUBR SYM_MAT_DECOMP_SUPRLU          

 *INFORMATION: FOR INTERNAL SUBCASE NUMBER        1 EPSILON ERROR ESTIMATE            =  8.820610E-16 Based on U'*(K*U - P)/(U'*P)


 >> LINK  3 END


 >> LINK  5 BEGIN


 >> LINK  5 END


 >> LINK  9 BEGIN



 OUTPUT FOR SUBCASE        1

                                                       D I S P L A C E M E N T S
                                              (in global coordinate system at each grid)
           GRID     COORD      T1            T2            T3            R1            R2            R3
                     SYS
              1        0 -6.344838E-06 -4.326721E-06  3.663194E-06 -4.779568E-07 -3.861213E-16 -2.759485E-07
              2        0 -7.562390E-06 -3.894052E-06  2.796297E-06  1.854686E-07 -1.656446E-15  2.210328E-07
              3        0 -8.560905E-06 -3.031477E-06  3.024680E-17 -2.226851E-18  4.125092E-18 -1.120613E-16
              4        0 -1.419788E-07 -3.894052E-06 -1.487879E-06 -9.868577E-08  5.583827E-17 -2.711369E-07
              5        0 -3.487276E-06 -3.463461E-06  4.211585E-06 -1.215593E-07 -7.697187E-16  2.143418E-08
              6        0 -4.985308E-06 -3.894052E-06  4.284176E-06  2.841543E-07  9.093395E-16  5.010408E-08
              7        0 -8.248539E-06 -2.599494E-06 -1.462668E-06 -4.221710E-08 -9.988258E-18  1.159905E-07
              8        0 -8.204690E-06 -4.326721E-06 -1.446708E-06  1.887599E-07  1.649994E-16 -5.186136E-07
              9        0 -2.064386E-06 -3.031477E-06  3.750767E-06  4.821049E-17  3.056769E-16  2.142002E-17
             10        0 -7.562390E-06 -2.168903E-06 -2.796297E-06  1.854686E-07  1.431405E-15 -2.210328E-07
             11        0 -3.495379E-06 -4.326721E-06  4.165631E-06 -5.435125E-07 -6.817053E-16  9.583591E-08
             12        0 -6.368170E-06 -2.599494E-06 -3.703605E-06 -1.068975E-07  2.920827E-16  6.171727E-08
             13        0 -8.138499E-06 -8.749151E-07 -1.422616E-06 -5.192138E-07  1.199472E-16  1.426528E-06
             14        1  1.246844E-06  0.0          -2.718922E-06  8.635582E-16 -7.926095E-16  0.0         
             15        0 -2.054759E-06 -3.894052E-06  3.767441E-06  2.498811E-07  4.281339E-16 -1.442689E-07
             16        0 -1.043567E-06 -8.749151E-07 -2.673644E-06 -9.758027E-07 -8.478758E-16 -1.162916E-06
             17        0 -3.487276E-06 -3.463461E-06 -4.211585E-06  1.215593E-07  7.792834E-16  2.143418E-08
             18        0 -9.538609E-07 -3.463461E-06  2.748917E-06 -7.934220E-08  1.438223E-15  9.455635E-08
             19        0 -6.344838E-06 -4.326721E-06 -3.663194E-06  4.779568E-07  3.949849E-16 -2.759485E-07
             20        0 -2.119257E-06 -4.557052E-07 -3.655727E-06  1.260454E-06 -2.304062E-16  7.277235E-07
             21        0 -7.547640E-06 -3.031477E-06 -2.783921E-06 -3.790620E-17  1.472951E-15 -3.929993E-17
             22        0 -2.013193E-06 -1.303977E-06 -3.839435E-06  8.498347E-07 -2.374323E-16  4.906523E-07
             23        0 -9.896068E-07 -1.736233E-06 -2.718922E-06 -3.547526E-07 -1.242748E-15 -4.227777E-07
             24        2 -4.165631E-06  0.0          -3.752616E-06  0.0           3.160921E-16  1.378225E-15
             25        0 -3.507611E-06 -8.749151E-07 -4.096261E-06 -1.495016E-06  5.077007E-16 -2.636117E-07
             26        0 -7.562390E-06 -3.894052E-06 -2.796297E-06 -1.854686E-07  1.666444E-15  2.210328E-07
             27        0  2.572370E-07  0.0           1.041676E-19  3.781885E-18  3.345500E-18  0.0         
             28        3 -8.461927E-06  0.0           1.446708E-06 -5.947223E-16  4.025847E-17  0.0         
             29        0 -2.054759E-06 -3.894052E-06 -3.767441E-06 -2.498811E-07 -4.170049E-16 -1.442689E-07
             30        0 -2.631955E-07 -4.557052E-07 -1.443759E-06  4.977922E-07  5.770937E-17  1.367673E-06
             31        0 -6.386071E-08 -1.303977E-06 -1.516311E-06  3.356259E-07  8.247125E-17  9.221247E-07
             32        0 -1.419788E-07 -2.168903E-06  1.487879E-06 -9.868577E-08 -1.534044E-16  2.711369E-07
             33        0 -8.204690E-06 -1.736233E-06  1.446708E-06  1.887599E-07  6.645222E-17  5.186136E-07
             34        0 -9.538609E-07 -2.599494E-06  2.748917E-06  7.934220E-08  1.365890E-15 -9.455635E-08
             35        0  4.666296E-08 -2.599494E-06  4.860278E-20 -2.929531E-18  3.309043E-18 -1.234345E-07
             36        0 -7.043991E-08 -8.749151E-07  5.282796E-20 -1.583886E-18  2.644968E-18 -1.518079E-06
             37        4 -3.663194E-06  0.0           6.602075E-06  0.0          -3.914374E-16 -3.746075E-17
             38        0 -8.204690E-06 -1.736233E-06 -1.446708E-06 -1.887599E-07 -5.587077E-17  5.186136E-07
             39        0 -6.309618E-06 -8.749151E-07  3.602191E-06  1.314695E-06 -2.248095E-16  7.590397E-07
             40        0 -6.368170E-06 -3.463461E-06 -3.703605E-06  1.068975E-07  3.704149E-16 -6.171727E-08
             41        0 -9.538609E-07 -2.599494E-06 -2.748917E-06 -7.934220E-08 -1.357311E-15 -9.455635E-08
             42        0 -1.419788E-07 -2.168903E-06 -1.487879E-06  9.868577E-08  1.663841E-16  2.711369E-07
             43        0 -4.962908E-06 -4.557052E-07  4.157140E-06 -1.433336E-06  7.809738E-16 -2.527357E-07
             44        0 -8.580159E-06 -2.168903E-06  3.024507E-17 -2.405507E-18  5.009607E-18 -2.885379E-07
             45        0 -4.999744E-06 -1.303977E-06  4.366045E-06 -9.663963E-07  8.578584E-16 -1.704018E-07
             46        0 -6.344838E-06 -1.736233E-06  3.663194E-06  4.779568E-07 -2.025923E-16  2.759485E-07
             47        5 -4.165631E-06  0.0           3.752616E-06  0.0          -3.055590E-16  1.388075E-15
             48        0 -3.507611E-06 -8.749151E-07  4.096261E-06  1.495016E-06 -4.970998E-16 -2.636117E-07
             49        0 -8.451162E-06 -4.557052E-07  3.030901E-17 -1.917099E-18  4.901317E-18 -1.455447E-06
             50        6 -8.461927E-06  0.0          -1.446708E-06  6.010209E-16 -3.071821E-17  0.0         
             51        0 -8.138499E-06 -8.749151E-07  1.422616E-06  5.192138E-07 -1.095472E-16  1.426528E-06
             52        0 -4.981965E-06 -3.031477E-06 -4.265215E-06 -1.001212E-16 -9.137319E-16  2.451875E-18
             53        0 -7.463573E-06 -4.557052E-07  2.713380E-06 -9.355434E-07 -1.157559E-15 -1.114937E-06
             54        0 -7.626072E-06 -1.303977E-06  2.849733E-06 -6.307704E-07 -1.314173E-15 -7.517229E-07
             55        0 -8.248539E-06 -2.599494E-06  1.462668E-06  4.221710E-08  2.104879E-17  1.159905E-07
             56        0  0.0          -1.736233E-06  0.0          -1.989205E-18  0.0          -5.518970E-07
             57        0 -2.064386E-06 -3.031477E-06 -3.750767E-06 -4.543869E-17 -2.927665E-16  1.784603E-17
             58        0 -6.368170E-06 -2.599494E-06  3.703605E-06  1.068975E-07 -2.817429E-16  6.171727E-08
             59        0 -7.562390E-06 -2.168903E-06  2.796297E-06 -1.854686E-07 -1.422916E-15 -2.210328E-07
             60        0 -7.626072E-06 -1.303977E-06 -2.849733E-06  6.307704E-07  1.324255E-15 -7.517229E-07
             61        0 -8.248539E-06 -3.463461E-06  1.462668E-06 -4.221710E-08 -6.310429E-17 -1.159905E-07
             62        0 -9.896068E-07 -4.326721E-06  2.718922E-06 -3.547526E-07  1.423099E-15  4.227777E-07
             63        0 -1.600716E-07 -3.031477E-06  1.481294E-06  3.745332E-18 -9.360326E-17  7.384960E-17
             64        0 -1.419788E-07 -3.894052E-06  1.487879E-06  9.868577E-08 -4.521980E-17 -2.711369E-07
             65        0 -8.663290E-06 -1.303977E-06  3.027802E-17 -2.018134E-18  4.443061E-18 -9.813046E-07
             66        0 -9.538609E-07 -3.463461E-06 -2.748917E-06  7.934220E-08 -1.429317E-15  9.455635E-08
             67        0 -3.495379E-06 -4.326721E-06 -4.165631E-06  5.435125E-07  6.921939E-16  9.583591E-08
             68        0 -4.985308E-06 -3.894052E-06 -4.284176E-06 -2.841543E-07 -8.989182E-16  5.010408E-08
             69        0 -8.580159E-06 -3.894052E-06  3.026831E-17 -2.075282E-18  4.021030E-18  2.885379E-07
             70        0 -4.981965E-06 -3.031477E-06  4.265215E-06  1.001618E-16  9.233496E-16  6.936190E-18
             71        0 -2.119257E-06 -4.557052E-07  3.655727E-06 -1.260454E-06  2.427328E-16  7.277235E-07
             72        0 -3.495379E-06 -1.736233E-06  4.165631E-06  5.435125E-07 -8.307373E-16 -9.583591E-08
             73        0 -4.985308E-06 -2.168903E-06  4.284176E-06 -2.841543E-07  9.553015E-16 -5.010408E-08
             74        0 -2.631955E-07 -4.557052E-07  1.443759E-06 -4.977922E-07 -4.509722E-17  1.367673E-06
             75        0 -4.962908E-06 -4.557052E-07 -4.157140E-06  1.433336E-06 -7.707057E-16 -2.527357E-07
             76        0 -2.013193E-06 -1.303977E-06  3.839435E-06 -8.498347E-07  2.489400E-16  4.906523E-07
             77        0 -3.487276E-06 -2.599494E-06  4.211585E-06  1.215593E-07 -8.269037E-16 -2.143418E-08
             78        0 -2.054759E-06 -2.168903E-06  3.767441E-06 -2.498811E-07  2.592352E-16  1.442689E-07
             79        0 -3.495379E-06 -1.736233E-06 -4.165631E-06 -5.435125E-07  8.402064E-16 -9.583591E-08
             80        0 -1.043567E-06 -8.749151E-07  2.673644E-06  9.758027E-07  8.552937E-16 -1.162916E-06
             81        7  1.246844E-06  0.0           2.718922E-06 -8.622263E-16  8.021540E-16  0.0         
             82        0 -9.896068E-07 -1.736233E-06  2.718922E-06  3.547526E-07  1.253643E-15 -4.227777E-07
             83        0 -2.054759E-06 -2.168903E-06 -3.767441E-06  2.498811E-07 -2.479557E-16  1.442689E-07
             84        0 -7.463573E-06 -4.557052E-07 -2.713380E-06  9.355434E-07  1.167141E-15 -1.114937E-06
             85        0 -6.368170E-06 -3.463461E-06  3.703605E-06 -1.068975E-07 -3.611580E-16 -6.171727E-08
             86        0 -4.999744E-06 -1.303977E-06 -4.366045E-06  9.663963E-07 -8.482624E-16 -1.704018E-07
             87        0 -3.487276E-06 -2.599494E-06 -4.211585E-06 -1.215593E-07  8.360770E-16 -2.143418E-08
             88        0 -4.985308E-06 -2.168903E-06 -4.284176E-06  2.841543E-07 -9.448761E-16 -5.010408E-08
             89        0 -1.600716E-07 -3.031477E-06 -1.481294E-06  7.861616E-19  1.043593E-16  7.290918E-17
             90        0 -6.309618E-06 -8.749151E-07 -3.602191E-06 -1.314695E-06  2.340628E-16  7.590397E-07
             91        8 -3.663194E-06  0.0          -6.602075E-06  0.0           4.023418E-16 -3.871906E-17
             92        0 -6.344838E-06 -1.736233E-06 -3.663194E-06 -4.779568E-07  2.123628E-16  2.759485E-07
             93        0 -4.812091E-16 -4.326721E-06  8.757669E-20 -3.122858E-18  4.103959E-18  5.518970E-07
             94        0 -6.386071E-08 -1.303977E-06  1.516311E-06 -3.356259E-07 -6.899727E-17  9.221247E-07
             95        0 -8.248539E-06 -3.463461E-06 -1.462668E-06  4.221710E-08  7.464835E-17 -1.159905E-07
             96        0 -9.896068E-07 -4.326721E-06 -2.718922E-06  3.547526E-07 -1.413523E-15  4.227777E-07
             97        0 -7.547640E-06 -3.031477E-06  2.783921E-06  3.422825E-17 -1.463495E-15 -3.667285E-17
             98        0 -8.204690E-06 -4.326721E-06  1.446708E-06 -1.887599E-07 -1.542079E-16 -5.186136E-07
             99        0  4.666296E-08 -3.463461E-06  8.380069E-20 -2.641844E-18  4.101959E-18  1.234345E-07
            100        0 -2.631955E-07 -5.607249E-06  1.443759E-06  4.977922E-07  2.871048E-16 -1.367673E-06
            101        0  2.572370E-07 -6.062954E-06  3.678678E-20  0.0           2.473114E-18  0.0         
            102        0 -7.925518E-07 -6.062954E-06  2.884271E-06  0.0           1.290066E-15  0.0         
            103        0 -2.119257E-06 -5.607249E-06  3.655727E-06  1.260454E-06  7.407945E-16 -7.277235E-07
            104        0 -3.450710E-06 -6.062954E-06  4.418959E-06  0.0           2.741248E-16  0.0         
            105        0 -4.962908E-06 -5.607249E-06  4.157140E-06  1.433336E-06  1.046999E-15  2.527357E-07
            106        0 -6.473457E-06 -6.062954E-06  3.885968E-06  0.0          -1.042255E-15  0.0         
            107        0 -7.463573E-06 -5.607249E-06  2.713380E-06  9.355434E-07 -2.523080E-15  1.114937E-06
            108        0 -8.446414E-06 -6.062954E-06  1.534689E-06  0.0          -9.905248E-16  0.0         
            109        0 -8.451162E-06 -5.607249E-06  3.031344E-17 -1.065892E-18  5.184307E-18  1.455447E-06
            110        0 -8.446414E-06 -6.062954E-06 -1.534689E-06  0.0           1.000403E-15  0.0         
            111        0 -7.463573E-06 -5.607249E-06 -2.713380E-06 -9.355434E-07  2.532232E-15  1.114937E-06
            112        0 -6.473457E-06 -6.062954E-06 -3.885968E-06  0.0           1.054648E-15  0.0         
            113        0 -4.962908E-06 -5.607249E-06 -4.157140E-06 -1.433336E-06 -1.040092E-15  2.527357E-07
            114        0 -3.450710E-06 -6.062954E-06 -4.418959E-06  0.0          -2.661244E-16  0.0         
            115        0 -2.119257E-06 -5.607249E-06 -3.655727E-06 -1.260454E-06 -7.285090E-16 -7.277235E-07
            116        0 -7.925518E-07 -6.062954E-06 -2.884271E-06  0.0          -1.280647E-15  0.0         
            117        0 -2.631955E-07 -5.607249E-06 -1.443759E-06 -4.977922E-07 -2.770048E-16 -1.367673E-06
            118        0 -4.999744E-06 -4.758977E-06  4.366045E-06  9.663963E-07  8.291497E-16  1.704018E-07
            119        0 -8.138499E-06 -5.188039E-06  1.422616E-06 -5.192138E-07 -3.223236E-16 -1.426528E-06
            120        0 -8.663290E-06 -4.758977E-06  3.026678E-17 -1.579087E-18  4.926126E-18  9.813046E-07
            121        0 -8.138499E-06 -5.188039E-06 -1.422616E-06  5.192138E-07  3.322396E-16 -1.426528E-06
            122        0 -3.507611E-06 -5.188039E-06  4.096261E-06 -1.495016E-06 -3.579960E-16  2.636117E-07
            123        0 -6.386071E-08 -4.758977E-06  1.516311E-06  3.356259E-07  1.238181E-16 -9.221247E-07
            124        0 -6.309618E-06 -5.188039E-06 -3.602191E-06  1.314695E-06  4.766198E-16 -7.590397E-07
            125        0 -7.043991E-08 -5.188039E-06  4.874086E-20 -3.829136E-18  4.487166E-18  1.518079E-06
            126        0 -2.013193E-06 -4.758977E-06  3.839435E-06  8.498347E-07  6.954180E-16 -4.906523E-07
            127        0 -1.043567E-06 -5.188039E-06 -2.673644E-06  9.758027E-07 -1.152080E-15  1.162916E-06
            128        0 -6.386071E-08 -4.758977E-06 -1.516311E-06 -3.356259E-07 -1.135763E-16 -9.221247E-07
            129        0 -4.999744E-06 -4.758977E-06 -4.366045E-06 -9.663963E-07 -8.195154E-16  1.704018E-07
            130        0 -7.626072E-06 -4.758977E-06  2.849733E-06  6.307704E-07 -2.029139E-15  7.517229E-07
            131        0 -3.507611E-06 -5.188039E-06 -4.096261E-06  1.495016E-06  3.687342E-16  2.636117E-07
            132        0 -1.043567E-06 -5.188039E-06  2.673644E-06 -9.758027E-07  1.161031E-15  1.162916E-06
            133        0 -2.013193E-06 -4.758977E-06 -3.839435E-06 -8.498347E-07 -6.843019E-16 -4.906523E-07
            134        0 -7.626072E-06 -4.758977E-06 -2.849733E-06 -6.307704E-07  2.038718E-15  7.517229E-07
            135        0 -6.309618E-06 -5.188039E-06  3.602191E-06 -1.314695E-06 -4.657545E-16 -7.590397E-07
                         ------------- ------------- ------------- ------------- ------------- -------------
                MAX* :    1.246844E-06  0.0           6.602075E-06  1.495016E-06  2.532232E-15  1.518079E-06
                MIN* :   -8.663290E-06 -6.062954E-06 -6.602075E-06 -1.495016E-06 -2.523080E-15 -1.518079E-06

                ABS* :    8.663290E-06  6.062954E-06  6.602075E-06  1.495016E-06  2.532232E-15  1.518079E-06
                *for output set


 OUTPUT FOR SUBCASE        1

                                                          S P C   F O R C E S
                                              (in global coordinate system at each grid)
           GRID     COORD      T1            T2            T3            R1            R2            R3
                     SYS
             14        1  0.0          -1.720218E-08  0.0           0.0           0.0           1.365196E+03
             24        2  0.0           2.400844E-07  0.0           1.365196E+03  0.0           0.0         
             27        0  0.0           1.005569E-07  0.0           0.0           0.0           1.365196E+03
             28        3  0.0           4.953956E-07  0.0           0.0           0.0          -1.365196E+03
             37        4  0.0          -7.686131E-07  0.0          -1.365196E+03  0.0           0.0         
             47        5  0.0           2.396391E-07  0.0          -1.365196E+03  0.0           0.0         
             50        6  0.0           4.952321E-07  0.0           0.0           0.0          -1.365196E+03
             56        0  3.419700E-10  0.0           3.829825E-10  0.0          -8.848815E-10  0.0         
             81        7  0.0          -1.658020E-08  0.0           0.0           0.0           1.365196E+03
             91        8  0.0          -7.682070E-07  0.0           1.365196E+03  0.0           0.0         
            101        0  0.0           0.0           0.0           1.117487E-12  0.0          -1.365196E+03
            102        0  0.0           0.0           0.0           8.775308E+02  0.0          -1.045801E+03
            104        0  0.0           0.0           0.0           1.344455E+03  0.0          -2.370637E+02
            106        0  0.0           0.0           0.0           1.182294E+03  0.0           6.825978E+02
            108        0  0.0           0.0           0.0           4.669244E+02  0.0           1.282864E+03
            110        0  0.0           0.0           0.0          -4.669244E+02  0.0           1.282864E+03
            112        0  0.0           0.0           0.0          -1.182294E+03  0.0           6.825978E+02
            114        0  0.0           0.0           0.0          -1.344455E+03  0.0          -2.370637E+02
            116        0  0.0           0.0           0.0          -8.775308E+02  0.0          -1.045801E+03
                         ------------- ------------- ------------- ------------- ------------- -------------
                MAX* :    3.419700E-10  4.953956E-07  3.829825E-10  1.365196E+03  0.0           1.365196E+03
                MIN* :    0.0          -7.686131E-07  0.0          -1.365196E+03 -8.848815E-10 -1.365196E+03

                ABS* :    3.419700E-10  7.686131E-07  3.829825E-10  1.365196E+03  8.848815E-10  1.365196E+03
                *for output set
                         ------------- ------------- ------------- ------------- ------------- -------------
     SPC FORCE TOTALS: not printed since all grids do not have the same global coordinate system


 OUTPUT FOR SUBCASE        1

                                                       E L E M E N T   E N G I N E E R I N G   F O R C E S
                                                           F O R   E L E M E N T   T Y P E   Q U A D 4  
  Element Location               N o r m a l   F o r c e s                       M o m e n t s                   T r a n s v e r s e
     ID                                                                                                        S h e a r   F o r c e s
                              Nxx           Nyy           Nxy           Mxx           Myy           Mxy            Qx           Qy
        1                 1.497361E+04  1.497361E+04 -1.442089E+04 -5.271113E+00 -5.271113E+00  2.947358E-01 -7.890697E-10 -7.135560E-10
           GRD      99    1.482386E+04  1.482386E+04 -1.427203E+04 -5.230507E+00 -5.230507E+00  2.921975E-01 -7.847775E+02 -7.847775E+02
           GRD      63    1.482386E+04  1.482386E+04 -1.427203E+04 -5.230507E+00 -5.230507E+00  2.921975E-01 -7.658816E+02  7.658816E+02
           GRD      35    1.482386E+04  1.482386E+04 -1.427203E+04 -5.230507E+00 -5.230507E+00  2.921975E-01  7.847775E+02  7.847775E+02
           GRD      89    1.482386E+04  1.482386E+04 -1.427203E+04 -5.230507E+00 -5.230507E+00  2.921975E-01  7.658816E+02 -7.658816E+02
        2                 1.480293E+04  1.480293E+04  1.391323E+04 -9.157273E-01 -9.157273E-01 -2.515838E+00  1.085781E+02 -1.085781E+02
           GRD      16    1.454890E+04  1.476056E+04  1.376966E+04  1.602905E+01 -1.778343E+01 -2.490031E+00  1.002244E+03  7.896913E+02
           GRD      20    1.445534E+04  1.445534E+04  1.387702E+04  3.097391E+01  3.097391E+01 -1.964063E+01  1.024349E+03 -1.024349E+03
           GRD      25    1.476056E+04  1.454890E+04  1.376966E+04 -1.778343E+01  1.602905E+01 -2.490031E+00 -7.896913E+02 -1.002244E+03
           GRD      22    1.485412E+04  1.485412E+04  1.366229E+04 -3.272829E+01 -3.272829E+01  1.466056E+01 -8.117967E+02  8.117967E+02
        3                 1.503132E+04  1.503132E+04 -1.467945E+04 -9.550641E+00 -9.550641E+00 -1.935561E+00  3.630202E+01  3.630202E+01
           GRD      33    1.494785E+04  1.494785E+04 -1.449194E+04  1.400064E+01  1.400064E+01  1.074405E+01 -7.682819E+02 -7.682819E+02
           GRD      65    1.491653E+04  1.484566E+04 -1.452788E+04  2.969886E+00 -2.198699E+01 -1.914742E+00 -7.489276E+02  8.199924E+02
           GRD      51    1.481434E+04  1.481434E+04 -1.456383E+04 -3.301774E+01 -3.301774E+01 -1.457354E+01  8.393466E+02  8.393466E+02
           GRD      54    1.484566E+04  1.491653E+04 -1.452788E+04 -2.198699E+01  2.969886E+00 -1.914742E+00  8.199924E+02 -7.489276E+02
        4                 1.501514E+04  1.501514E+04  1.415796E+04  2.999511E-01  2.999511E-01 -3.221389E+00 -4.585442E+01  4.585442E+01
           GRD      46    1.492217E+04  1.480750E+04  1.401185E+04  7.690093E+00 -7.012596E+00 -3.188204E+00  5.963561E+02  6.861206E+02
           GRD      45    1.497285E+04  1.497285E+04  1.395369E+04  1.418857E+01  1.418857E+01 -1.064580E+01  6.121768E+02 -6.121768E+02
           GRD      72    1.480750E+04  1.492217E+04  1.401185E+04 -7.012595E+00  7.690093E+00 -3.188204E+00 -6.861206E+02 -5.963561E+02
           GRD      73    1.475681E+04  1.475681E+04  1.407001E+04 -1.351108E+01 -1.351108E+01  4.269394E+00 -7.019413E+02  7.019413E+02
        5                 1.501466E+04  1.501466E+04  1.427188E+04 -2.096774E+00 -2.096774E+00 -1.964601E+00 -1.432436E+01  1.432436E+01
           GRD      12    1.488250E+04  1.484632E+04  1.412458E+04 -3.980928E-01 -3.716332E+00 -1.944576E+00  6.604806E+02  6.885220E+02
           GRD      10    1.489849E+04  1.489849E+04  1.410623E+04  1.068545E+00  1.068545E+00 -3.627676E+00  6.771220E+02 -6.771220E+02
           GRD       7    1.484632E+04  1.488250E+04  1.412458E+04 -3.716332E+00 -3.980928E-01 -1.944576E+00 -6.885220E+02 -6.604806E+02
           GRD      21    1.483033E+04  1.483033E+04  1.414293E+04 -5.182970E+00 -5.182970E+00 -2.614759E-01 -7.051633E+02  7.051633E+02
        6                 1.501466E+04  1.501466E+04  1.427188E+04 -2.096774E+00 -2.096774E+00 -1.964601E+00  1.432436E+01 -1.432436E+01
           GRD      17    1.484632E+04  1.488250E+04  1.412458E+04 -3.716332E+00 -3.980928E-01 -1.944576E+00  6.885220E+02  6.604806E+02
           GRD      52    1.483033E+04  1.483033E+04  1.414293E+04 -5.182970E+00 -5.182970E+00 -2.614759E-01  7.051633E+02 -7.051633E+02
           GRD      40    1.488250E+04  1.484632E+04  1.412458E+04 -3.980928E-01 -3.716332E+00 -1.944576E+00 -6.604806E+02 -6.885220E+02
           GRD      68    1.489849E+04  1.489849E+04  1.410623E+04  1.068545E+00  1.068545E+00 -3.627676E+00 -6.771220E+02  6.771220E+02
        7                 1.497361E+04  1.497361E+04  1.442089E+04 -5.271113E+00 -5.271113E+00 -2.947358E-01  5.279489E-08  5.265332E-08
           GRD      89    1.482386E+04  1.482386E+04  1.427203E+04 -5.230507E+00 -5.230507E+00 -2.921975E-01  7.658816E+02  7.658816E+02
           GRD      41    1.482386E+04  1.482386E+04  1.427203E+04 -5.230507E+00 -5.230507E+00 -2.921975E-01  7.847775E+02 -7.847775E+02
           GRD      57    1.482386E+04  1.482386E+04  1.427203E+04 -5.230507E+00 -5.230507E+00 -2.921975E-01 -7.658816E+02 -7.658816E+02
           GRD      66    1.482386E+04  1.482386E+04  1.427203E+04 -5.230507E+00 -5.230507E+00 -2.921975E-01 -7.847775E+02  7.847775E+02
        8                 1.501466E+04  1.501466E+04 -1.427188E+04 -2.096774E+00 -2.096774E+00  1.964601E+00 -1.432436E+01 -1.432436E+01
           GRD      97    1.483033E+04  1.483033E+04 -1.414293E+04 -5.182970E+00 -5.182970E+00  2.614759E-01 -7.051633E+02 -7.051633E+02
           GRD      55    1.484632E+04  1.488250E+04 -1.412458E+04 -3.716332E+00 -3.980928E-01  1.944576E+00 -6.885220E+02  6.604806E+02
           GRD      59    1.489849E+04  1.489849E+04 -1.410623E+04  1.068545E+00  1.068545E+00  3.627676E+00  6.771220E+02  6.771220E+02
           GRD      58    1.488250E+04  1.484632E+04 -1.412458E+04 -3.980928E-01 -3.716332E+00  1.944576E+00  6.604806E+02 -6.885220E+02
        9                 1.501466E+04  1.501466E+04  1.427188E+04 -2.096774E+00 -2.096774E+00 -1.964601E+00  1.432436E+01 -1.432436E+01
           GRD      85    1.484632E+04  1.488250E+04  1.412458E+04 -3.716332E+00 -3.980928E-01 -1.944576E+00  6.885220E+02  6.604806E+02
           GRD      70    1.483033E+04  1.483033E+04  1.414293E+04 -5.182970E+00 -5.182970E+00 -2.614759E-01  7.051633E+02 -7.051633E+02
           GRD       5    1.488250E+04  1.484632E+04  1.412458E+04 -3.980928E-01 -3.716332E+00 -1.944576E+00 -6.604806E+02 -6.885220E+02
           GRD       6    1.489849E+04  1.489849E+04  1.410623E+04  1.068545E+00  1.068545E+00 -3.627676E+00 -6.771220E+02  6.771220E+02
       10                 1.480293E+04  1.480293E+04 -1.391323E+04 -9.157273E-01 -9.157273E-01  2.515838E+00  1.085781E+02  1.085781E+02
           GRD      54    1.485412E+04  1.485412E+04 -1.366229E+04 -3.272829E+01 -3.272829E+01 -1.466056E+01 -8.117967E+02 -8.117967E+02
           GRD      51    1.476056E+04  1.454890E+04 -1.376966E+04 -1.778343E+01  1.602905E+01  2.490031E+00 -7.896913E+02  1.002244E+03
           GRD      53    1.445534E+04  1.445534E+04 -1.387702E+04  3.097391E+01  3.097391E+01  1.964063E+01  1.024349E+03  1.024349E+03
           GRD      39    1.454890E+04  1.476056E+04 -1.376966E+04  1.602905E+01 -1.778343E+01  2.490031E+00  1.002244E+03 -7.896913E+02
       11                 1.480293E+04  1.480293E+04  1.391323E+04 -9.157273E-01 -9.157273E-01 -2.515838E+00  1.085781E+02 -1.085781E+02
           GRD      13    1.454890E+04  1.476056E+04  1.376966E+04  1.602905E+01 -1.778343E+01 -2.490031E+00  1.002244E+03  7.896913E+02
           GRD      49    1.445534E+04  1.445534E+04  1.387702E+04  3.097391E+01  3.097391E+01 -1.964063E+01  1.024349E+03 -1.024349E+03
           GRD      51    1.476056E+04  1.454890E+04  1.376966E+04 -1.778343E+01  1.602905E+01 -2.490031E+00 -7.896913E+02 -1.002244E+03
           GRD      65    1.485412E+04  1.485412E+04  1.366229E+04 -3.272829E+01 -3.272829E+01  1.466056E+01 -8.117967E+02  8.117967E+02
       12                 1.501466E+04  1.501466E+04  1.427188E+04 -2.096774E+00 -2.096774E+00 -1.964601E+00  1.432436E+01 -1.432436E+01
           GRD       5    1.484632E+04  1.488250E+04  1.412458E+04 -3.716332E+00 -3.980928E-01 -1.944576E+00  6.885220E+02  6.604806E+02
           GRD       9    1.483033E+04  1.483033E+04  1.414293E+04 -5.182970E+00 -5.182970E+00 -2.614759E-01  7.051633E+02 -7.051633E+02
           GRD      18    1.488250E+04  1.484632E+04  1.412458E+04 -3.980928E-01 -3.716332E+00 -1.944576E+00 -6.604806E+02 -6.885220E+02
           GRD      15    1.489849E+04  1.489849E+04  1.410623E+04  1.068545E+00  1.068545E+00 -3.627676E+00 -6.771220E+02  6.771220E+02
       13                 1.497361E+04  1.497361E+04  1.442089E+04 -5.271113E+00 -5.271113E+00 -2.947358E-01  3.104938E-08  3.325034E-08
           GRD      21    1.482386E+04  1.482386E+04  1.427203E+04 -5.230507E+00 -5.230507E+00 -2.921975E-01  7.658816E+02  7.658816E+02
           GRD       7    1.482386E+04  1.482386E+04  1.427203E+04 -5.230507E+00 -5.230507E+00 -2.921975E-01  7.847775E+02 -7.847775E+02
           GRD       3    1.482386E+04  1.482386E+04  1.427203E+04 -5.230507E+00 -5.230507E+00 -2.921975E-01 -7.658816E+02 -7.658816E+02
           GRD      95    1.482386E+04  1.482386E+04  1.427203E+04 -5.230507E+00 -5.230507E+00 -2.921975E-01 -7.847775E+02  7.847775E+02
       14                 1.480293E+04  1.480293E+04  1.391323E+04 -9.157273E-01 -9.157273E-01 -2.515838E+00  1.085781E+02 -1.085781E+02
           GRD      39    1.454890E+04  1.476056E+04  1.376966E+04  1.602905E+01 -1.778343E+01 -2.490031E+00  1.002244E+03  7.896913E+02
           GRD      43    1.445534E+04  1.445534E+04  1.387702E+04  3.097391E+01  3.097391E+01 -1.964063E+01  1.024349E+03 -1.024349E+03
           GRD      48    1.476056E+04  1.454890E+04  1.376966E+04 -1.778343E+01  1.602905E+01 -2.490031E+00 -7.896913E+02 -1.002244E+03
           GRD      45    1.485412E+04  1.485412E+04  1.366229E+04 -3.272829E+01 -3.272829E+01  1.466056E+01 -8.117967E+02  8.117967E+02
       15                 1.501466E+04  1.501466E+04  1.427188E+04 -2.096774E+00 -2.096774E+00 -1.964601E+00 -1.432436E+01  1.432436E+01
           GRD      87    1.488250E+04  1.484632E+04  1.412458E+04 -3.980928E-01 -3.716332E+00 -1.944576E+00  6.604806E+02  6.885220E+02
           GRD      88    1.489849E+04  1.489849E+04  1.410623E+04  1.068545E+00  1.068545E+00 -3.627676E+00  6.771220E+02 -6.771220E+02
           GRD      12    1.484632E+04  1.488250E+04  1.412458E+04 -3.716332E+00 -3.980928E-01 -1.944576E+00 -6.885220E+02 -6.604806E+02
           GRD      52    1.483033E+04  1.483033E+04  1.414293E+04 -5.182970E+00 -5.182970E+00 -2.614759E-01 -7.051633E+02  7.051633E+02
       16                 1.501466E+04  1.501466E+04  1.427188E+04 -2.096774E+00 -2.096774E+00 -1.964601E+00  1.432436E+01 -1.432436E+01
           GRD      66    1.484632E+04  1.488250E+04  1.412458E+04 -3.716332E+00 -3.980928E-01 -1.944576E+00  6.885220E+02  6.604806E+02
           GRD      57    1.483033E+04  1.483033E+04  1.414293E+04 -5.182970E+00 -5.182970E+00 -2.614759E-01  7.051633E+02 -7.051633E+02
           GRD      17    1.488250E+04  1.484632E+04  1.412458E+04 -3.980928E-01 -3.716332E+00 -1.944576E+00 -6.604806E+02 -6.885220E+02
           GRD      29    1.489849E+04  1.489849E+04  1.410623E+04  1.068545E+00  1.068545E+00 -3.627676E+00 -6.771220E+02  6.771220E+02
       17                 1.501466E+04  1.501466E+04  1.427188E+04 -2.096774E+00 -2.096774E+00 -1.964601E+00  1.432436E+01 -1.432436E+01
           GRD      99    1.484632E+04  1.488250E+04  1.412458E+04 -3.716332E+00 -3.980928E-01 -1.944576E+00  6.885220E+02  6.604806E+02
           GRD      89    1.483033E+04  1.483033E+04  1.414293E+04 -5.182970E+00 -5.182970E+00 -2.614759E-01  7.051633E+02 -7.051633E+02
           GRD      66    1.488250E+04  1.484632E+04  1.412458E+04 -3.980928E-01 -3.716332E+00 -1.944576E+00 -6.604806E+02 -6.885220E+02
           GRD       4    1.489849E+04  1.489849E+04  1.410623E+04  1.068545E+00  1.068545E+00 -3.627676E+00 -6.771220E+02  6.771220E+02
       18                 1.501466E+04  1.501466E+04 -1.427188E+04 -2.096774E+00 -2.096774E+00  1.964601E+00 -1.432436E+01 -1.432436E+01
           GRD      89    1.483033E+04  1.483033E+04 -1.414293E+04 -5.182970E+00 -5.182970E+00  2.614759E-01 -7.051633E+02 -7.051633E+02
           GRD      35    1.484632E+04  1.488250E+04 -1.412458E+04 -3.716332E+00 -3.980928E-01  1.944576E+00 -6.885220E+02  6.604806E+02
           GRD      42    1.489849E+04  1.489849E+04 -1.410623E+04  1.068545E+00  1.068545E+00  3.627676E+00  6.771220E+02  6.771220E+02
           GRD      41    1.488250E+04  1.484632E+04 -1.412458E+04 -3.980928E-01 -3.716332E+00  1.944576E+00  6.604806E+02 -6.885220E+02
       19                 1.503132E+04  1.503132E+04 -1.467945E+04 -9.550641E+00 -9.550641E+00 -1.935561E+00  3.630202E+01  3.630202E+01
           GRD      56    1.494785E+04  1.494785E+04 -1.449194E+04  1.400064E+01  1.400064E+01  1.074405E+01 -7.682819E+02 -7.682819E+02
           GRD      94    1.491653E+04  1.484566E+04 -1.452788E+04  2.969886E+00 -2.198699E+01 -1.914742E+00 -7.489276E+02  8.199924E+02
           GRD      36    1.481434E+04  1.481434E+04 -1.456383E+04 -3.301774E+01 -3.301774E+01 -1.457354E+01  8.393466E+02  8.393466E+02
           GRD      31    1.484566E+04  1.491653E+04 -1.452788E+04 -2.198699E+01  2.969886E+00 -1.914742E+00  8.199924E+02 -7.489276E+02
       20                 1.501466E+04  1.501466E+04  1.427188E+04 -2.096774E+00 -2.096774E+00 -1.964601E+00  1.432436E+01 -1.432436E+01
           GRD      95    1.484632E+04  1.488250E+04  1.412458E+04 -3.716332E+00 -3.980928E-01 -1.944576E+00  6.885220E+02  6.604806E+02
           GRD       3    1.483033E+04  1.483033E+04  1.414293E+04 -5.182970E+00 -5.182970E+00 -2.614759E-01  7.051633E+02 -7.051633E+02
           GRD      61    1.488250E+04  1.484632E+04  1.412458E+04 -3.980928E-01 -3.716332E+00 -1.944576E+00 -6.604806E+02 -6.885220E+02
           GRD      69    1.489849E+04  1.489849E+04  1.410623E+04  1.068545E+00  1.068545E+00 -3.627676E+00 -6.771220E+02  6.771220E+02
       21                 1.475044E+04  1.475044E+04 -1.417638E+04  5.129634E+00  5.129634E+00  5.815751E+00 -7.739091E+02 -7.739091E+02
           GRD      16    1.444363E+04  1.444363E+04 -1.411581E+04  3.088817E+01  3.088817E+01  1.960538E+01 -2.179397E+02 -2.179397E+02
           GRD      30    1.451836E+04  1.468745E+04 -1.403004E+04  1.881943E+01 -8.485892E+00  5.755397E+00 -2.309313E+02 -1.284072E+03
           GRD      14    1.476219E+04  1.476219E+04 -1.394428E+04 -2.055463E+01 -2.055463E+01 -8.094586E+00 -1.297064E+03 -1.297064E+03
           GRD      20    1.468745E+04  1.451836E+04 -1.403004E+04 -8.485892E+00  1.881943E+01  5.755397E+00 -1.284072E+03 -2.309313E+02
       22                 1.475044E+04  1.475044E+04 -1.417638E+04  5.129634E+00  5.129634E+00  5.815751E+00 -7.739091E+02 -7.739091E+02
           GRD      36    1.444363E+04  1.444363E+04 -1.411581E+04  3.088817E+01  3.088817E+01  1.960538E+01 -2.179397E+02 -2.179397E+02
           GRD      74    1.451836E+04  1.468745E+04 -1.403004E+04  1.881943E+01 -8.485892E+00  5.755397E+00 -2.309313E+02 -1.284072E+03
           GRD      27    1.476219E+04  1.476219E+04 -1.394428E+04 -2.055463E+01 -2.055463E+01 -8.094586E+00 -1.297064E+03 -1.297064E+03
           GRD      30    1.468745E+04  1.451836E+04 -1.403004E+04 -8.485892E+00  1.881943E+01  5.755397E+00 -1.284072E+03 -2.309313E+02
       23                 1.503132E+04  1.503132E+04  1.467945E+04 -9.550641E+00 -9.550641E+00  1.935561E+00  3.630202E+01 -3.630202E+01
           GRD      86    1.484566E+04  1.491653E+04  1.452788E+04 -2.198699E+01  2.969886E+00  1.914742E+00  8.199924E+02  7.489276E+02
           GRD      90    1.481434E+04  1.481434E+04  1.456383E+04 -3.301774E+01 -3.301774E+01  1.457354E+01  8.393466E+02 -8.393466E+02
           GRD      60    1.491653E+04  1.484566E+04  1.452788E+04  2.969886E+00 -2.198699E+01  1.914742E+00 -7.489276E+02 -8.199924E+02
           GRD      92    1.494785E+04  1.494785E+04  1.449194E+04  1.400064E+01  1.400064E+01 -1.074405E+01 -7.682819E+02  7.682819E+02
       24                 1.475044E+04  1.475044E+04  1.417638E+04  5.129634E+00  5.129634E+00 -5.815751E+00 -7.739091E+02  7.739091E+02
           GRD      20    1.468745E+04  1.451836E+04  1.403004E+04 -8.485892E+00  1.881943E+01 -5.755397E+00 -1.284072E+03  2.309313E+02
           GRD      24    1.476219E+04  1.476219E+04  1.394428E+04 -2.055463E+01 -2.055463E+01  8.094586E+00 -1.297064E+03  1.297064E+03
           GRD      75    1.451836E+04  1.468745E+04  1.403004E+04  1.881943E+01 -8.485892E+00 -5.755397E+00 -2.309313E+02  1.284072E+03
           GRD      25    1.444363E+04  1.444363E+04  1.411581E+04  3.088817E+01  3.088817E+01 -1.960538E+01 -2.179397E+02  2.179397E+02
       25                 1.475044E+04  1.475044E+04  1.417638E+04  5.129634E+00  5.129634E+00 -5.815751E+00 -7.739091E+02  7.739091E+02
           GRD      43    1.468745E+04  1.451836E+04  1.403004E+04 -8.485892E+00  1.881943E+01 -5.755397E+00 -1.284072E+03  2.309313E+02
           GRD      47    1.476219E+04  1.476219E+04  1.394428E+04 -2.055463E+01 -2.055463E+01  8.094586E+00 -1.297064E+03  1.297064E+03
           GRD      71    1.451836E+04  1.468745E+04  1.403004E+04  1.881943E+01 -8.485892E+00 -5.755397E+00 -2.309313E+02  1.284072E+03
           GRD      48    1.444363E+04  1.444363E+04  1.411581E+04  3.088817E+01  3.088817E+01 -1.960538E+01 -2.179397E+02  2.179397E+02
       26                 1.480293E+04  1.480293E+04  1.391323E+04 -9.157273E-01 -9.157273E-01 -2.515838E+00  1.085781E+02 -1.085781E+02
           GRD      48    1.454890E+04  1.476056E+04  1.376966E+04  1.602905E+01 -1.778343E+01 -2.490031E+00  1.002244E+03  7.896913E+02
           GRD      71    1.445534E+04  1.445534E+04  1.387702E+04  3.097391E+01  3.097391E+01 -1.964063E+01  1.024349E+03 -1.024349E+03
           GRD      80    1.476056E+04  1.454890E+04  1.376966E+04 -1.778343E+01  1.602905E+01 -2.490031E+00 -7.896913E+02 -1.002244E+03
           GRD      76    1.485412E+04  1.485412E+04  1.366229E+04 -3.272829E+01 -3.272829E+01  1.466056E+01 -8.117967E+02  8.117967E+02
       27                 1.501466E+04  1.501466E+04  1.427188E+04 -2.096774E+00 -2.096774E+00 -1.964601E+00 -1.432436E+01  1.432436E+01
           GRD      41    1.488250E+04  1.484632E+04  1.412458E+04 -3.980928E-01 -3.716332E+00 -1.944576E+00  6.604806E+02  6.885220E+02
           GRD      83    1.489849E+04  1.489849E+04  1.410623E+04  1.068545E+00  1.068545E+00 -3.627676E+00  6.771220E+02 -6.771220E+02
           GRD      87    1.484632E+04  1.488250E+04  1.412458E+04 -3.716332E+00 -3.980928E-01 -1.944576E+00 -6.885220E+02 -6.604806E+02
           GRD      57    1.483033E+04  1.483033E+04  1.414293E+04 -5.182970E+00 -5.182970E+00 -2.614759E-01 -7.051633E+02  7.051633E+02
       28                 1.496595E+04  1.496595E+04 -1.446899E+04 -6.347027E+00 -6.347027E+00 -2.706748E-01  3.048771E+01  3.048771E+01
           GRD      55    1.488985E+04  1.488985E+04 -1.428002E+04  1.004450E+00  1.004450E+00  3.669148E+00 -7.761231E+02 -7.761231E+02
           GRD      44    1.485535E+04  1.477728E+04 -1.431962E+04 -2.425728E+00 -1.018644E+01 -2.672924E-01 -7.567171E+02  8.163998E+02
           GRD      33    1.474277E+04  1.474277E+04 -1.435922E+04 -1.361661E+01 -1.361661E+01 -4.203733E+00  8.358059E+02  8.358059E+02
           GRD      59    1.477728E+04  1.485535E+04 -1.431962E+04 -1.018644E+01 -2.425728E+00 -2.672924E-01  8.163998E+02 -7.567171E+02
       29                 1.501514E+04  1.501514E+04  1.415796E+04  2.999510E-01  2.999510E-01 -3.221389E+00 -4.585442E+01  4.585442E+01
           GRD      72    1.492217E+04  1.480750E+04  1.401185E+04  7.690093E+00 -7.012596E+00 -3.188204E+00  5.963561E+02  6.861206E+02
           GRD      76    1.497285E+04  1.497285E+04  1.395369E+04  1.418857E+01  1.418857E+01 -1.064580E+01  6.121768E+02 -6.121768E+02
           GRD      82    1.480750E+04  1.492217E+04  1.401185E+04 -7.012596E+00  7.690093E+00 -3.188204E+00 -6.861206E+02 -5.963561E+02
           GRD      78    1.475681E+04  1.475681E+04  1.407001E+04 -1.351108E+01 -1.351108E+01  4.269394E+00 -7.019413E+02  7.019413E+02
       30                 1.503132E+04  1.503132E+04  1.467945E+04 -9.550641E+00 -9.550641E+00  1.935561E+00  3.630202E+01 -3.630202E+01
           GRD      76    1.484566E+04  1.491653E+04  1.452788E+04 -2.198699E+01  2.969886E+00  1.914742E+00  8.199924E+02  7.489276E+02
           GRD      80    1.481434E+04  1.481434E+04  1.456383E+04 -3.301774E+01 -3.301774E+01  1.457354E+01  8.393466E+02 -8.393466E+02
           GRD      94    1.491653E+04  1.484566E+04  1.452788E+04  2.969886E+00 -2.198699E+01  1.914742E+00 -7.489276E+02 -8.199924E+02
           GRD      82    1.494785E+04  1.494785E+04  1.449194E+04  1.400064E+01  1.400064E+01 -1.074405E+01 -7.682819E+02  7.682819E+02
       31                 1.475044E+04  1.475044E+04  1.417638E+04  5.129634E+00  5.129634E+00 -5.815751E+00 -7.739091E+02  7.739091E+02
           GRD      71    1.468745E+04  1.451836E+04  1.403004E+04 -8.485892E+00  1.881943E+01 -5.755397E+00 -1.284072E+03  2.309313E+02
           GRD      81    1.476219E+04  1.476219E+04  1.394428E+04 -2.055463E+01 -2.055463E+01  8.094586E+00 -1.297064E+03  1.297064E+03
           GRD      74    1.451836E+04  1.468745E+04  1.403004E+04  1.881943E+01 -8.485892E+00 -5.755397E+00 -2.309313E+02  1.284072E+03
           GRD      80    1.444363E+04  1.444363E+04  1.411581E+04  3.088817E+01  3.088817E+01 -1.960538E+01 -2.179397E+02  2.179397E+02
       32                 1.497361E+04  1.497361E+04  1.442089E+04 -5.271113E+00 -5.271113E+00 -2.947358E-01 -6.041997E-08 -6.259020E-08
           GRD      57    1.482386E+04  1.482386E+04  1.427203E+04 -5.230507E+00 -5.230507E+00 -2.921975E-01  7.658816E+02  7.658816E+02
           GRD      87    1.482386E+04  1.482386E+04  1.427203E+04 -5.230507E+00 -5.230507E+00 -2.921975E-01  7.847775E+02 -7.847775E+02
           GRD      52    1.482386E+04  1.482386E+04  1.427203E+04 -5.230507E+00 -5.230507E+00 -2.921975E-01 -7.658816E+02 -7.658816E+02
           GRD      17    1.482386E+04  1.482386E+04  1.427203E+04 -5.230507E+00 -5.230507E+00 -2.921975E-01 -7.847775E+02  7.847775E+02
       33                 1.475044E+04  1.475044E+04  1.417638E+04  5.129634E+00  5.129634E+00 -5.815751E+00 -7.739091E+02  7.739091E+02
           GRD      84    1.468745E+04  1.451836E+04  1.403004E+04 -8.485892E+00  1.881943E+01 -5.755397E+00 -1.284072E+03  2.309313E+02
           GRD      28    1.476219E+04  1.476219E+04  1.394428E+04 -2.055463E+01 -2.055463E+01  8.094586E+00 -1.297064E+03  1.297064E+03
           GRD      49    1.451836E+04  1.468745E+04  1.403004E+04  1.881943E+01 -8.485892E+00 -5.755397E+00 -2.309313E+02  1.284072E+03
           GRD      13    1.444363E+04  1.444363E+04  1.411581E+04  3.088817E+01  3.088817E+01 -1.960538E+01 -2.179397E+02  2.179397E+02
       34                 1.501514E+04  1.501514E+04  1.415796E+04  2.999510E-01  2.999510E-01 -3.221389E+00 -4.585442E+01  4.585442E+01
           GRD      23    1.492217E+04  1.480750E+04  1.401185E+04  7.690093E+00 -7.012596E+00 -3.188204E+00  5.963561E+02  6.861206E+02
           GRD      22    1.497285E+04  1.497285E+04  1.395369E+04  1.418857E+01  1.418857E+01 -1.064580E+01  6.121768E+02 -6.121768E+02
           GRD      79    1.480750E+04  1.492217E+04  1.401185E+04 -7.012596E+00  7.690093E+00 -3.188204E+00 -6.861206E+02 -5.963561E+02
           GRD      83    1.475681E+04  1.475681E+04  1.407001E+04 -1.351108E+01 -1.351108E+01  4.269394E+00 -7.019413E+02  7.019413E+02
       35                 1.496595E+04  1.496595E+04  1.446899E+04 -6.347027E+00 -6.347027E+00  2.706748E-01 -3.048771E+01  3.048771E+01
           GRD       4    1.485535E+04  1.477728E+04  1.431962E+04 -2.425728E+00 -1.018644E+01  2.672924E-01  7.567171E+02  8.163998E+02
           GRD      66    1.488985E+04  1.488985E+04  1.428002E+04  1.004450E+00  1.004450E+00 -3.669148E+00  7.761231E+02 -7.761231E+02
           GRD      29    1.477728E+04  1.485535E+04  1.431962E+04 -1.018644E+01 -2.425728E+00  2.672924E-01 -8.163998E+02 -7.567171E+02
           GRD      96    1.474277E+04  1.474277E+04  1.435922E+04 -1.361661E+01 -1.361661E+01  4.203733E+00 -8.358059E+02  8.358059E+02
       36                 1.496595E+04  1.496595E+04  1.446899E+04 -6.347027E+00 -6.347027E+00  2.706748E-01 -3.048771E+01  3.048771E+01
           GRD      26    1.485535E+04  1.477728E+04  1.431962E+04 -2.425728E+00 -1.018644E+01  2.672924E-01  7.567171E+02  8.163998E+02
           GRD      95    1.488985E+04  1.488985E+04  1.428002E+04  1.004450E+00  1.004450E+00 -3.669148E+00  7.761231E+02 -7.761231E+02
           GRD      69    1.477728E+04  1.485535E+04  1.431962E+04 -1.018644E+01 -2.425728E+00  2.672924E-01 -8.163998E+02 -7.567171E+02
           GRD       8    1.474277E+04  1.474277E+04  1.435922E+04 -1.361661E+01 -1.361661E+01  4.203733E+00 -8.358059E+02  8.358059E+02
       37                 1.496595E+04  1.496595E+04  1.446899E+04 -6.347027E+00 -6.347027E+00  2.706748E-01  3.048771E+01 -3.048771E+01
           GRD      88    1.477728E+04  1.485535E+04  1.431962E+04 -1.018644E+01 -2.425728E+00  2.672924E-01  8.163998E+02  7.567171E+02
           GRD      92    1.474277E+04  1.474277E+04  1.435922E+04 -1.361661E+01 -1.361661E+01  4.203733E+00  8.358059E+02 -8.358059E+02
           GRD      10    1.485535E+04  1.477728E+04  1.431962E+04 -2.425728E+00 -1.018644E+01  2.672924E-01 -7.567171E+02 -8.163998E+02
           GRD      12    1.488985E+04  1.488985E+04  1.428002E+04  1.004450E+00  1.004450E+00 -3.669148E+00 -7.761231E+02  7.761231E+02
       38                 1.497361E+04  1.497361E+04  1.442089E+04 -5.271113E+00 -5.271113E+00 -2.947358E-01  6.250525E-08  6.033024E-08
           GRD      70    1.482386E+04  1.482386E+04  1.427203E+04 -5.230507E+00 -5.230507E+00 -2.921975E-01  7.658816E+02  7.658816E+02
           GRD      77    1.482386E+04  1.482386E+04  1.427203E+04 -5.230507E+00 -5.230507E+00 -2.921975E-01  7.847775E+02 -7.847775E+02
           GRD       9    1.482386E+04  1.482386E+04  1.427203E+04 -5.230507E+00 -5.230507E+00 -2.921975E-01 -7.658816E+02 -7.658816E+02
           GRD       5    1.482386E+04  1.482386E+04  1.427203E+04 -5.230507E+00 -5.230507E+00 -2.921975E-01 -7.847775E+02  7.847775E+02
       39                 1.501466E+04  1.501466E+04  1.427188E+04 -2.096774E+00 -2.096774E+00 -1.964601E+00  1.432436E+01 -1.432436E+01
           GRD      40    1.484632E+04  1.488250E+04  1.412458E+04 -3.716332E+00 -3.980928E-01 -1.944576E+00  6.885220E+02  6.604806E+02
           GRD      21    1.483033E+04  1.483033E+04  1.414293E+04 -5.182970E+00 -5.182970E+00 -2.614759E-01  7.051633E+02 -7.051633E+02
           GRD      95    1.488250E+04  1.484632E+04  1.412458E+04 -3.980928E-01 -3.716332E+00 -1.944576E+00 -6.604806E+02 -6.885220E+02
           GRD      26    1.489849E+04  1.489849E+04  1.410623E+04  1.068545E+00  1.068545E+00 -3.627676E+00 -6.771220E+02  6.771220E+02
       40                 1.496595E+04  1.496595E+04 -1.446899E+04 -6.347027E+00 -6.347027E+00 -2.706748E-01  3.048771E+01  3.048771E+01
           GRD      35    1.488985E+04  1.488985E+04 -1.428002E+04  1.004450E+00  1.004450E+00  3.669148E+00 -7.761231E+02 -7.761231E+02
           GRD      32    1.485535E+04  1.477728E+04 -1.431962E+04 -2.425728E+00 -1.018644E+01 -2.672924E-01 -7.567171E+02  8.163998E+02
           GRD      56    1.474277E+04  1.474277E+04 -1.435922E+04 -1.361661E+01 -1.361661E+01 -4.203733E+00  8.358059E+02  8.358059E+02
           GRD      42    1.477728E+04  1.485535E+04 -1.431962E+04 -1.018644E+01 -2.425728E+00 -2.672924E-01  8.163998E+02 -7.567171E+02
       41                 1.480293E+04  1.480293E+04  1.391323E+04 -9.157273E-01 -9.157273E-01 -2.515838E+00  1.085781E+02 -1.085781E+02
           GRD      90    1.454890E+04  1.476056E+04  1.376966E+04  1.602905E+01 -1.778343E+01 -2.490031E+00  1.002244E+03  7.896913E+02
           GRD      84    1.445534E+04  1.445534E+04  1.387702E+04  3.097391E+01  3.097391E+01 -1.964063E+01  1.024349E+03 -1.024349E+03
           GRD      13    1.476056E+04  1.454890E+04  1.376966E+04 -1.778343E+01  1.602905E+01 -2.490031E+00 -7.896913E+02 -1.002244E+03
           GRD      60    1.485412E+04  1.485412E+04  1.366229E+04 -3.272829E+01 -3.272829E+01  1.466056E+01 -8.117967E+02  8.117967E+02
       42                 1.501514E+04  1.501514E+04  1.415796E+04  2.999511E-01  2.999511E-01 -3.221389E+00 -4.585442E+01  4.585442E+01
           GRD      79    1.492217E+04  1.480750E+04  1.401185E+04  7.690093E+00 -7.012595E+00 -3.188204E+00  5.963561E+02  6.861206E+02
           GRD      86    1.497285E+04  1.497285E+04  1.395369E+04  1.418857E+01  1.418857E+01 -1.064580E+01  6.121768E+02 -6.121768E+02
           GRD      92    1.480750E+04  1.492217E+04  1.401185E+04 -7.012596E+00  7.690093E+00 -3.188204E+00 -6.861206E+02 -5.963561E+02
           GRD      88    1.475681E+04  1.475681E+04  1.407001E+04 -1.351108E+01 -1.351108E+01  4.269394E+00 -7.019413E+02  7.019413E+02
       43                 1.496595E+04  1.496595E+04  1.446899E+04 -6.347027E+00 -6.347027E+00  2.706748E-01 -3.048771E+01  3.048771E+01
           GRD       6    1.485535E+04  1.477728E+04  1.431962E+04 -2.425728E+00 -1.018644E+01  2.672924E-01  7.567171E+02  8.163998E+02
           GRD       5    1.488985E+04  1.488985E+04  1.428002E+04  1.004450E+00  1.004450E+00 -3.669148E+00  7.761231E+02 -7.761231E+02
           GRD      15    1.477728E+04  1.485535E+04  1.431962E+04 -1.018644E+01 -2.425728E+00  2.672924E-01 -8.163998E+02 -7.567171E+02
           GRD      11    1.474277E+04  1.474277E+04  1.435922E+04 -1.361661E+01 -1.361661E+01  4.203733E+00 -8.358059E+02  8.358059E+02
       44                 1.480293E+04  1.480293E+04 -1.391323E+04 -9.157273E-01 -9.157273E-01  2.515838E+00  1.085781E+02  1.085781E+02
           GRD      31    1.485412E+04  1.485412E+04 -1.366229E+04 -3.272829E+01 -3.272829E+01 -1.466056E+01 -8.117967E+02 -8.117967E+02
           GRD      36    1.476056E+04  1.454890E+04 -1.376966E+04 -1.778343E+01  1.602905E+01  2.490031E+00 -7.896913E+02  1.002244E+03
           GRD      30    1.445534E+04  1.445534E+04 -1.387702E+04  3.097391E+01  3.097391E+01  1.964063E+01  1.024349E+03  1.024349E+03
           GRD      16    1.454890E+04  1.476056E+04 -1.376966E+04  1.602905E+01 -1.778343E+01  2.490031E+00  1.002244E+03 -7.896913E+02
       45                 1.475044E+04  1.475044E+04  1.417638E+04  5.129634E+00  5.129634E+00 -5.815751E+00 -7.739091E+02  7.739091E+02
           GRD      75    1.468745E+04  1.451836E+04  1.403004E+04 -8.485892E+00  1.881943E+01 -5.755397E+00 -1.284072E+03  2.309313E+02
           GRD      91    1.476219E+04  1.476219E+04  1.394428E+04 -2.055463E+01 -2.055463E+01  8.094586E+00 -1.297064E+03  1.297064E+03
           GRD      84    1.451836E+04  1.468745E+04  1.403004E+04  1.881943E+01 -8.485892E+00 -5.755397E+00 -2.309313E+02  1.284072E+03
           GRD      90    1.444363E+04  1.444363E+04  1.411581E+04  3.088817E+01  3.088817E+01 -1.960538E+01 -2.179397E+02  2.179397E+02
       46                 1.496595E+04  1.496595E+04  1.446899E+04 -6.347027E+00 -6.347027E+00  2.706748E-01  3.048771E+01 -3.048771E+01
           GRD      83    1.477728E+04  1.485535E+04  1.431962E+04 -1.018644E+01 -2.425728E+00  2.672924E-01  8.163998E+02  7.567171E+02
           GRD      79    1.474277E+04  1.474277E+04  1.435922E+04 -1.361661E+01 -1.361661E+01  4.203733E+00  8.358059E+02 -8.358059E+02
           GRD      88    1.485535E+04  1.477728E+04  1.431962E+04 -2.425728E+00 -1.018644E+01  2.672924E-01 -7.567171E+02 -8.163998E+02
           GRD      87    1.488985E+04  1.488985E+04  1.428002E+04  1.004450E+00  1.004450E+00 -3.669148E+00 -7.761231E+02  7.761231E+02
       47                 1.503132E+04  1.503132E+04  1.467945E+04 -9.550641E+00 -9.550641E+00  1.935561E+00  3.630202E+01 -3.630202E+01
           GRD      22    1.484566E+04  1.491653E+04  1.452788E+04 -2.198699E+01  2.969886E+00  1.914742E+00  8.199924E+02  7.489276E+02
           GRD      25    1.481434E+04  1.481434E+04  1.456383E+04 -3.301774E+01 -3.301774E+01  1.457354E+01  8.393466E+02 -8.393466E+02
           GRD      86    1.491653E+04  1.484566E+04  1.452788E+04  2.969886E+00 -2.198699E+01  1.914742E+00 -7.489276E+02 -8.199924E+02
           GRD      79    1.494785E+04  1.494785E+04  1.449194E+04  1.400064E+01  1.400064E+01 -1.074405E+01 -7.682819E+02  7.682819E+02
       48                 1.496595E+04  1.496595E+04  1.446899E+04 -6.347027E+00 -6.347027E+00  2.706748E-01  3.048771E+01 -3.048771E+01
           GRD      10    1.477728E+04  1.485535E+04  1.431962E+04 -1.018644E+01 -2.425728E+00  2.672924E-01  8.163998E+02  7.567171E+02
           GRD      38    1.474277E+04  1.474277E+04  1.435922E+04 -1.361661E+01 -1.361661E+01  4.203733E+00  8.358059E+02 -8.358059E+02
           GRD      44    1.485535E+04  1.477728E+04  1.431962E+04 -2.425728E+00 -1.018644E+01  2.672924E-01 -7.567171E+02 -8.163998E+02
           GRD       7    1.488985E+04  1.488985E+04  1.428002E+04  1.004450E+00  1.004450E+00 -3.669148E+00 -7.761231E+02  7.761231E+02
       49                 1.497361E+04  1.497361E+04  1.442089E+04 -5.271113E+00 -5.271113E+00 -2.947358E-01 -5.258029E-08 -5.278686E-08
           GRD       9    1.482386E+04  1.482386E+04  1.427203E+04 -5.230507E+00 -5.230507E+00 -2.921975E-01  7.658816E+02  7.658816E+02
           GRD      34    1.482386E+04  1.482386E+04  1.427203E+04 -5.230507E+00 -5.230507E+00 -2.921975E-01  7.847775E+02 -7.847775E+02
           GRD      63    1.482386E+04  1.482386E+04  1.427203E+04 -5.230507E+00 -5.230507E+00 -2.921975E-01 -7.658816E+02 -7.658816E+02
           GRD      18    1.482386E+04  1.482386E+04  1.427203E+04 -5.230507E+00 -5.230507E+00 -2.921975E-01 -7.847775E+02  7.847775E+02
       50                 1.496595E+04  1.496595E+04  1.446899E+04 -6.347027E+00 -6.347027E+00  2.706748E-01 -3.048771E+01  3.048771E+01
           GRD      15    1.485535E+04  1.477728E+04  1.431962E+04 -2.425728E+00 -1.018644E+01  2.672924E-01  7.567171E+02  8.163998E+02
           GRD      18    1.488985E+04  1.488985E+04  1.428002E+04  1.004450E+00  1.004450E+00 -3.669148E+00  7.761231E+02 -7.761231E+02
           GRD      64    1.477728E+04  1.485535E+04  1.431962E+04 -1.018644E+01 -2.425728E+00  2.672924E-01 -8.163998E+02 -7.567171E+02
           GRD      62    1.474277E+04  1.474277E+04  1.435922E+04 -1.361661E+01 -1.361661E+01  4.203733E+00 -8.358059E+02  8.358059E+02
       51                 1.501466E+04  1.501466E+04 -1.427188E+04 -2.096774E+00 -2.096774E+00  1.964601E+00  1.432436E+01  1.432436E+01
           GRD      64    1.489849E+04  1.489849E+04 -1.410623E+04  1.068545E+00  1.068545E+00  3.627676E+00 -6.771220E+02 -6.771220E+02
           GRD      18    1.488250E+04  1.484632E+04 -1.412458E+04 -3.980928E-01 -3.716332E+00  1.944576E+00 -6.604806E+02  6.885220E+02
           GRD      63    1.483033E+04  1.483033E+04 -1.414293E+04 -5.182970E+00 -5.182970E+00  2.614759E-01  7.051633E+02  7.051633E+02
           GRD      99    1.484632E+04  1.488250E+04 -1.412458E+04 -3.716332E+00 -3.980928E-01  1.944576E+00  6.885220E+02 -6.604806E+02
       52                 1.497361E+04  1.497361E+04 -1.442089E+04 -5.271113E+00 -5.271113E+00  2.947358E-01  3.103630E-08 -3.320184E-08
           GRD      61    1.482386E+04  1.482386E+04 -1.427203E+04 -5.230507E+00 -5.230507E+00  2.921975E-01 -7.847775E+02 -7.847775E+02
           GRD       3    1.482386E+04  1.482386E+04 -1.427203E+04 -5.230507E+00 -5.230507E+00  2.921975E-01 -7.658816E+02  7.658816E+02
           GRD      55    1.482386E+04  1.482386E+04 -1.427203E+04 -5.230507E+00 -5.230507E+00  2.921975E-01  7.847775E+02  7.847775E+02
           GRD      97    1.482386E+04  1.482386E+04 -1.427203E+04 -5.230507E+00 -5.230507E+00  2.921975E-01  7.658816E+02 -7.658816E+02
       53                 1.496595E+04  1.496595E+04 -1.446899E+04 -6.347027E+00 -6.347027E+00 -2.706748E-01 -3.048771E+01 -3.048771E+01
           GRD      98    1.474277E+04  1.474277E+04 -1.435922E+04 -1.361661E+01 -1.361661E+01 -4.203733E+00 -8.358059E+02 -8.358059E+02
           GRD      69    1.477728E+04  1.485535E+04 -1.431962E+04 -1.018644E+01 -2.425728E+00 -2.672924E-01 -8.163998E+02  7.567171E+02
           GRD      61    1.488985E+04  1.488985E+04 -1.428002E+04  1.004450E+00  1.004450E+00  3.669148E+00  7.761231E+02  7.761231E+02
           GRD       2    1.485535E+04  1.477728E+04 -1.431962E+04 -2.425728E+00 -1.018644E+01 -2.672924E-01  7.567171E+02 -8.163998E+02
       54                 1.497361E+04  1.497361E+04  1.442089E+04 -5.271113E+00 -5.271113E+00 -2.947358E-01  2.272681E-09  1.600152E-09
           GRD      97    1.482386E+04  1.482386E+04  1.427203E+04 -5.230507E+00 -5.230507E+00 -2.921975E-01  7.658816E+02  7.658816E+02
           GRD      58    1.482386E+04  1.482386E+04  1.427203E+04 -5.230507E+00 -5.230507E+00 -2.921975E-01  7.847775E+02 -7.847775E+02
           GRD      70    1.482386E+04  1.482386E+04  1.427203E+04 -5.230507E+00 -5.230507E+00 -2.921975E-01 -7.658816E+02 -7.658816E+02
           GRD      85    1.482386E+04  1.482386E+04  1.427203E+04 -5.230507E+00 -5.230507E+00 -2.921975E-01 -7.847775E+02  7.847775E+02
       55                 1.496595E+04  1.496595E+04  1.446899E+04 -6.347027E+00 -6.347027E+00  2.706748E-01 -3.048771E+01  3.048771E+01
           GRD      68    1.485535E+04  1.477728E+04  1.431962E+04 -2.425728E+00 -1.018644E+01  2.672924E-01  7.567171E+02  8.163998E+02
           GRD      40    1.488985E+04  1.488985E+04  1.428002E+04  1.004450E+00  1.004450E+00 -3.669148E+00  7.761231E+02 -7.761231E+02
           GRD      26    1.477728E+04  1.485535E+04  1.431962E+04 -1.018644E+01 -2.425728E+00  2.672924E-01 -8.163998E+02 -7.567171E+02
           GRD      19    1.474277E+04  1.474277E+04  1.435922E+04 -1.361661E+01 -1.361661E+01  4.203733E+00 -8.358059E+02  8.358059E+02
       56                 1.496595E+04  1.496595E+04  1.446899E+04 -6.347027E+00 -6.347027E+00  2.706748E-01  3.048771E+01 -3.048771E+01
           GRD      42    1.477728E+04  1.485535E+04  1.431962E+04 -1.018644E+01 -2.425728E+00  2.672924E-01  8.163998E+02  7.567171E+02
           GRD      23    1.474277E+04  1.474277E+04  1.435922E+04 -1.361661E+01 -1.361661E+01  4.203733E+00  8.358059E+02 -8.358059E+02
           GRD      83    1.485535E+04  1.477728E+04  1.431962E+04 -2.425728E+00 -1.018644E+01  2.672924E-01 -7.567171E+02 -8.163998E+02
           GRD      41    1.488985E+04  1.488985E+04  1.428002E+04  1.004450E+00  1.004450E+00 -3.669148E+00 -7.761231E+02  7.761231E+02
       57                 1.503132E+04  1.503132E+04  1.467945E+04 -9.550641E+00 -9.550641E+00  1.935561E+00  3.630202E+01 -3.630202E+01
           GRD      45    1.484566E+04  1.491653E+04  1.452788E+04 -2.198699E+01  2.969886E+00  1.914742E+00  8.199924E+02  7.489276E+02
           GRD      48    1.481434E+04  1.481434E+04  1.456383E+04 -3.301774E+01 -3.301774E+01  1.457354E+01  8.393466E+02 -8.393466E+02
           GRD      76    1.491653E+04  1.484566E+04  1.452788E+04  2.969886E+00 -2.198699E+01  1.914742E+00 -7.489276E+02 -8.199924E+02
           GRD      72    1.494785E+04  1.494785E+04  1.449194E+04  1.400064E+01  1.400064E+01 -1.074405E+01 -7.682819E+02  7.682819E+02
       58                 1.501466E+04  1.501466E+04  1.427188E+04 -2.096774E+00 -2.096774E+00 -1.964601E+00 -1.432436E+01  1.432436E+01
           GRD      77    1.488250E+04  1.484632E+04  1.412458E+04 -3.980928E-01 -3.716332E+00 -1.944576E+00  6.604806E+02  6.885220E+02
           GRD      78    1.489849E+04  1.489849E+04  1.410623E+04  1.068545E+00  1.068545E+00 -3.627676E+00  6.771220E+02 -6.771220E+02
           GRD      34    1.484632E+04  1.488250E+04  1.412458E+04 -3.716332E+00 -3.980928E-01 -1.944576E+00 -6.885220E+02 -6.604806E+02
           GRD       9    1.483033E+04  1.483033E+04  1.414293E+04 -5.182970E+00 -5.182970E+00 -2.614759E-01 -7.051633E+02  7.051633E+02
       59                 1.503132E+04  1.503132E+04  1.467945E+04 -9.550641E+00 -9.550641E+00  1.935561E+00  3.630202E+01 -3.630202E+01
           GRD      31    1.484566E+04  1.491653E+04  1.452788E+04 -2.198699E+01  2.969886E+00  1.914742E+00  8.199924E+02  7.489276E+02
           GRD      16    1.481434E+04  1.481434E+04  1.456383E+04 -3.301774E+01 -3.301774E+01  1.457354E+01  8.393466E+02 -8.393466E+02
           GRD      22    1.491653E+04  1.484566E+04  1.452788E+04  2.969886E+00 -2.198699E+01  1.914742E+00 -7.489276E+02 -8.199924E+02
           GRD      23    1.494785E+04  1.494785E+04  1.449194E+04  1.400064E+01  1.400064E+01 -1.074405E+01 -7.682819E+02  7.682819E+02
       60                 1.501514E+04  1.501514E+04  1.415796E+04  2.999511E-01  2.999511E-01 -3.221389E+00 -4.585442E+01  4.585442E+01
           GRD      33    1.492217E+04  1.480750E+04  1.401185E+04  7.690093E+00 -7.012595E+00 -3.188204E+00  5.963561E+02  6.861206E+02
           GRD      54    1.497285E+04  1.497285E+04  1.395369E+04  1.418857E+01  1.418857E+01 -1.064580E+01  6.121768E+02 -6.121768E+02
           GRD      46    1.480750E+04  1.492217E+04  1.401185E+04 -7.012596E+00  7.690093E+00 -3.188204E+00 -6.861206E+02 -5.963561E+02
           GRD      59    1.475681E+04  1.475681E+04  1.407001E+04 -1.351108E+01 -1.351108E+01  4.269394E+00 -7.019413E+02  7.019413E+02
       61                 1.496595E+04  1.496595E+04  1.446899E+04 -6.347027E+00 -6.347027E+00  2.706748E-01  3.048771E+01 -3.048771E+01
           GRD      59    1.477728E+04  1.485535E+04  1.431962E+04 -1.018644E+01 -2.425728E+00  2.672924E-01  8.163998E+02  7.567171E+02
           GRD      46    1.474277E+04  1.474277E+04  1.435922E+04 -1.361661E+01 -1.361661E+01  4.203733E+00  8.358059E+02 -8.358059E+02
           GRD      73    1.485535E+04  1.477728E+04  1.431962E+04 -2.425728E+00 -1.018644E+01  2.672924E-01 -7.567171E+02 -8.163998E+02
           GRD      58    1.488985E+04  1.488985E+04  1.428002E+04  1.004450E+00  1.004450E+00 -3.669148E+00 -7.761231E+02  7.761231E+02
       62                 1.496595E+04  1.496595E+04  1.446899E+04 -6.347027E+00 -6.347027E+00  2.706748E-01  3.048771E+01 -3.048771E+01
           GRD      78    1.477728E+04  1.485535E+04  1.431962E+04 -1.018644E+01 -2.425728E+00  2.672924E-01  8.163998E+02  7.567171E+02
           GRD      82    1.474277E+04  1.474277E+04  1.435922E+04 -1.361661E+01 -1.361661E+01  4.203733E+00  8.358059E+02 -8.358059E+02
           GRD      32    1.485535E+04  1.477728E+04  1.431962E+04 -2.425728E+00 -1.018644E+01  2.672924E-01 -7.567171E+02 -8.163998E+02
           GRD      34    1.488985E+04  1.488985E+04  1.428002E+04  1.004450E+00  1.004450E+00 -3.669148E+00 -7.761231E+02  7.761231E+02
       63                 1.501466E+04  1.501466E+04 -1.427188E+04 -2.096774E+00 -2.096774E+00  1.964601E+00 -1.432436E+01 -1.432436E+01
           GRD      63    1.483033E+04  1.483033E+04 -1.414293E+04 -5.182970E+00 -5.182970E+00  2.614759E-01 -7.051633E+02 -7.051633E+02
           GRD      34    1.484632E+04  1.488250E+04 -1.412458E+04 -3.716332E+00 -3.980928E-01  1.944576E+00 -6.885220E+02  6.604806E+02
           GRD      32    1.489849E+04  1.489849E+04 -1.410623E+04  1.068545E+00  1.068545E+00  3.627676E+00  6.771220E+02  6.771220E+02
           GRD      35    1.488250E+04  1.484632E+04 -1.412458E+04 -3.980928E-01 -3.716332E+00  1.944576E+00  6.604806E+02 -6.885220E+02
       64                 1.496595E+04  1.496595E+04  1.446899E+04 -6.347027E+00 -6.347027E+00  2.706748E-01 -3.048771E+01  3.048771E+01
           GRD       2    1.485535E+04  1.477728E+04  1.431962E+04 -2.425728E+00 -1.018644E+01  2.672924E-01  7.567171E+02  8.163998E+02
           GRD      85    1.488985E+04  1.488985E+04  1.428002E+04  1.004450E+00  1.004450E+00 -3.669148E+00  7.761231E+02 -7.761231E+02
           GRD       6    1.477728E+04  1.485535E+04  1.431962E+04 -1.018644E+01 -2.425728E+00  2.672924E-01 -8.163998E+02 -7.567171E+02
           GRD       1    1.474277E+04  1.474277E+04  1.435922E+04 -1.361661E+01 -1.361661E+01  4.203733E+00 -8.358059E+02  8.358059E+02
       65                 1.496595E+04  1.496595E+04  1.446899E+04 -6.347027E+00 -6.347027E+00  2.706748E-01  3.048771E+01 -3.048771E+01
           GRD      73    1.477728E+04  1.485535E+04  1.431962E+04 -1.018644E+01 -2.425728E+00  2.672924E-01  8.163998E+02  7.567171E+02
           GRD      72    1.474277E+04  1.474277E+04  1.435922E+04 -1.361661E+01 -1.361661E+01  4.203733E+00  8.358059E+02 -8.358059E+02
           GRD      78    1.485535E+04  1.477728E+04  1.431962E+04 -2.425728E+00 -1.018644E+01  2.672924E-01 -7.567171E+02 -8.163998E+02
           GRD      77    1.488985E+04  1.488985E+04  1.428002E+04  1.004450E+00  1.004450E+00 -3.669148E+00 -7.761231E+02  7.761231E+02
       66                 1.503132E+04  1.503132E+04  1.467945E+04 -9.550641E+00 -9.550641E+00  1.935561E+00  3.630202E+01 -3.630202E+01
           GRD      60    1.484566E+04  1.491653E+04  1.452788E+04 -2.198699E+01  2.969886E+00  1.914742E+00  8.199924E+02  7.489276E+02
           GRD      13    1.481434E+04  1.481434E+04  1.456383E+04 -3.301774E+01 -3.301774E+01  1.457354E+01  8.393466E+02 -8.393466E+02
           GRD      65    1.491653E+04  1.484566E+04  1.452788E+04  2.969886E+00 -2.198699E+01  1.914742E+00 -7.489276E+02 -8.199924E+02
           GRD      38    1.494785E+04  1.494785E+04  1.449194E+04  1.400064E+01  1.400064E+01 -1.074405E+01 -7.682819E+02  7.682819E+02
       67                 1.497361E+04  1.497361E+04  1.442089E+04 -5.271113E+00 -5.271113E+00 -2.947358E-01 -1.557054E-09 -2.338636E-09
           GRD      52    1.482386E+04  1.482386E+04  1.427203E+04 -5.230507E+00 -5.230507E+00 -2.921975E-01  7.658816E+02  7.658816E+02
           GRD      12    1.482386E+04  1.482386E+04  1.427203E+04 -5.230507E+00 -5.230507E+00 -2.921975E-01  7.847775E+02 -7.847775E+02
           GRD      21    1.482386E+04  1.482386E+04  1.427203E+04 -5.230507E+00 -5.230507E+00 -2.921975E-01 -7.658816E+02 -7.658816E+02
           GRD      40    1.482386E+04  1.482386E+04  1.427203E+04 -5.230507E+00 -5.230507E+00 -2.921975E-01 -7.847775E+02  7.847775E+02
       68                 1.496595E+04  1.496595E+04 -1.446899E+04 -6.347027E+00 -6.347027E+00 -2.706748E-01 -3.048771E+01 -3.048771E+01
           GRD      93    1.474277E+04  1.474277E+04 -1.435922E+04 -1.361661E+01 -1.361661E+01 -4.203733E+00 -8.358059E+02 -8.358059E+02
           GRD      64    1.477728E+04  1.485535E+04 -1.431962E+04 -1.018644E+01 -2.425728E+00 -2.672924E-01 -8.163998E+02  7.567171E+02
           GRD      99    1.488985E+04  1.488985E+04 -1.428002E+04  1.004450E+00  1.004450E+00  3.669148E+00  7.761231E+02  7.761231E+02
           GRD       4    1.485535E+04  1.477728E+04 -1.431962E+04 -2.425728E+00 -1.018644E+01 -2.672924E-01  7.567171E+02 -8.163998E+02
       69                 1.496595E+04  1.496595E+04  1.446899E+04 -6.347027E+00 -6.347027E+00  2.706748E-01 -3.048771E+01  3.048771E+01
           GRD      29    1.485535E+04  1.477728E+04  1.431962E+04 -2.425728E+00 -1.018644E+01  2.672924E-01  7.567171E+02  8.163998E+02
           GRD      17    1.488985E+04  1.488985E+04  1.428002E+04  1.004450E+00  1.004450E+00 -3.669148E+00  7.761231E+02 -7.761231E+02
           GRD      68    1.477728E+04  1.485535E+04  1.431962E+04 -1.018644E+01 -2.425728E+00  2.672924E-01 -8.163998E+02 -7.567171E+02
           GRD      67    1.474277E+04  1.474277E+04  1.435922E+04 -1.361661E+01 -1.361661E+01  4.203733E+00 -8.358059E+02  8.358059E+02
       70                 1.501466E+04  1.501466E+04  1.427188E+04 -2.096774E+00 -2.096774E+00 -1.964601E+00 -1.432436E+01  1.432436E+01
           GRD       7    1.488250E+04  1.484632E+04  1.412458E+04 -3.980928E-01 -3.716332E+00 -1.944576E+00  6.604806E+02  6.885220E+02
           GRD      44    1.489849E+04  1.489849E+04  1.410623E+04  1.068545E+00  1.068545E+00 -3.627676E+00  6.771220E+02 -6.771220E+02
           GRD      55    1.484632E+04  1.488250E+04  1.412458E+04 -3.716332E+00 -3.980928E-01 -1.944576E+00 -6.885220E+02 -6.604806E+02
           GRD       3    1.483033E+04  1.483033E+04  1.414293E+04 -5.182970E+00 -5.182970E+00 -2.614759E-01 -7.051633E+02  7.051633E+02
       71                 1.475044E+04  1.475044E+04 -1.417638E+04  5.129634E+00  5.129634E+00  5.815751E+00 -7.739091E+02 -7.739091E+02
           GRD      39    1.444363E+04  1.444363E+04 -1.411581E+04  3.088817E+01  3.088817E+01  1.960538E+01 -2.179397E+02 -2.179397E+02
           GRD      53    1.451836E+04  1.468745E+04 -1.403004E+04  1.881943E+01 -8.485892E+00  5.755397E+00 -2.309313E+02 -1.284072E+03
           GRD      37    1.476219E+04  1.476219E+04 -1.394428E+04 -2.055463E+01 -2.055463E+01 -8.094586E+00 -1.297064E+03 -1.297064E+03
           GRD      43    1.468745E+04  1.451836E+04 -1.403004E+04 -8.485892E+00  1.881943E+01  5.755397E+00 -1.284072E+03 -2.309313E+02
       72                 1.475044E+04  1.475044E+04 -1.417638E+04  5.129634E+00  5.129634E+00  5.815751E+00 -7.739091E+02 -7.739091E+02
           GRD      51    1.444363E+04  1.444363E+04 -1.411581E+04  3.088817E+01  3.088817E+01  1.960538E+01 -2.179397E+02 -2.179397E+02
           GRD      49    1.451836E+04  1.468745E+04 -1.403004E+04  1.881943E+01 -8.485892E+00  5.755397E+00 -2.309313E+02 -1.284072E+03
           GRD      50    1.476219E+04  1.476219E+04 -1.394428E+04 -2.055463E+01 -2.055463E+01 -8.094586E+00 -1.297064E+03 -1.297064E+03
           GRD      53    1.468745E+04  1.451836E+04 -1.403004E+04 -8.485892E+00  1.881943E+01  5.755397E+00 -1.284072E+03 -2.309313E+02
       73                 1.501466E+04  1.501466E+04  1.427188E+04 -2.096774E+00 -2.096774E+00 -1.964601E+00 -1.432436E+01  1.432436E+01
           GRD      58    1.488250E+04  1.484632E+04  1.412458E+04 -3.980928E-01 -3.716332E+00 -1.944576E+00  6.604806E+02  6.885220E+02
           GRD      73    1.489849E+04  1.489849E+04  1.410623E+04  1.068545E+00  1.068545E+00 -3.627676E+00  6.771220E+02 -6.771220E+02
           GRD      77    1.484632E+04  1.488250E+04  1.412458E+04 -3.716332E+00 -3.980928E-01 -1.944576E+00 -6.885220E+02 -6.604806E+02
           GRD      70    1.483033E+04  1.483033E+04  1.414293E+04 -5.182970E+00 -5.182970E+00 -2.614759E-01 -7.051633E+02  7.051633E+02
       74                 1.501514E+04  1.501514E+04  1.415796E+04  2.999511E-01  2.999511E-01 -3.221389E+00 -4.585442E+01  4.585442E+01
           GRD      38    1.492217E+04  1.480750E+04  1.401185E+04  7.690093E+00 -7.012595E+00 -3.188204E+00  5.963561E+02  6.861206E+02
           GRD      65    1.497285E+04  1.497285E+04  1.395369E+04  1.418857E+01  1.418857E+01 -1.064580E+01  6.121768E+02 -6.121768E+02
           GRD      33    1.480750E+04  1.492217E+04  1.401185E+04 -7.012595E+00  7.690093E+00 -3.188204E+00 -6.861206E+02 -5.963561E+02
           GRD      44    1.475681E+04  1.475681E+04  1.407001E+04 -1.351108E+01 -1.351108E+01  4.269394E+00 -7.019413E+02  7.019413E+02
       75                 1.501466E+04  1.501466E+04  1.427188E+04 -2.096774E+00 -2.096774E+00 -1.964601E+00  1.432436E+01 -1.432436E+01
           GRD      61    1.484632E+04  1.488250E+04  1.412458E+04 -3.716332E+00 -3.980928E-01 -1.944576E+00  6.885220E+02  6.604806E+02
           GRD      97    1.483033E+04  1.483033E+04  1.414293E+04 -5.182970E+00 -5.182970E+00 -2.614759E-01  7.051633E+02 -7.051633E+02
           GRD      85    1.488250E+04  1.484632E+04  1.412458E+04 -3.980928E-01 -3.716332E+00 -1.944576E+00 -6.604806E+02 -6.885220E+02
           GRD       2    1.489849E+04  1.489849E+04  1.410623E+04  1.068545E+00  1.068545E+00 -3.627676E+00 -6.771220E+02  6.771220E+02
       76                 1.480293E+04  1.480293E+04  1.391323E+04 -9.157273E-01 -9.157273E-01 -2.515838E+00  1.085781E+02 -1.085781E+02
           GRD      25    1.454890E+04  1.476056E+04  1.376966E+04  1.602905E+01 -1.778343E+01 -2.490031E+00  1.002244E+03  7.896913E+02
           GRD      75    1.445534E+04  1.445534E+04  1.387702E+04  3.097391E+01  3.097391E+01 -1.964063E+01  1.024349E+03 -1.024349E+03
           GRD      90    1.476056E+04  1.454890E+04  1.376966E+04 -1.778343E+01  1.602905E+01 -2.490031E+00 -7.896913E+02 -1.002244E+03
           GRD      86    1.485412E+04  1.485412E+04  1.366229E+04 -3.272829E+01 -3.272829E+01  1.466056E+01 -8.117967E+02  8.117967E+02
       77                 1.501514E+04  1.501514E+04  1.415796E+04  2.999511E-01  2.999511E-01 -3.221389E+00 -4.585442E+01  4.585442E+01
           GRD      56    1.492217E+04  1.480750E+04  1.401185E+04  7.690093E+00 -7.012595E+00 -3.188204E+00  5.963561E+02  6.861206E+02
           GRD      31    1.497285E+04  1.497285E+04  1.395369E+04  1.418857E+01  1.418857E+01 -1.064580E+01  6.121768E+02 -6.121768E+02
           GRD      23    1.480750E+04  1.492217E+04  1.401185E+04 -7.012595E+00  7.690093E+00 -3.188204E+00 -6.861206E+02 -5.963561E+02
           GRD      42    1.475681E+04  1.475681E+04  1.407001E+04 -1.351108E+01 -1.351108E+01  4.269394E+00 -7.019413E+02  7.019413E+02
       78                 1.501514E+04  1.501514E+04  1.415796E+04  2.999511E-01  2.999511E-01 -3.221389E+00 -4.585442E+01  4.585442E+01
           GRD      92    1.492217E+04  1.480750E+04  1.401185E+04  7.690093E+00 -7.012596E+00 -3.188204E+00  5.963561E+02  6.861206E+02
           GRD      60    1.497285E+04  1.497285E+04  1.395369E+04  1.418857E+01  1.418857E+01 -1.064580E+01  6.121768E+02 -6.121768E+02
           GRD      38    1.480750E+04  1.492217E+04  1.401185E+04 -7.012595E+00  7.690093E+00 -3.188204E+00 -6.861206E+02 -5.963561E+02
           GRD      10    1.475681E+04  1.475681E+04  1.407001E+04 -1.351108E+01 -1.351108E+01  4.269394E+00 -7.019413E+02  7.019413E+02
       79                 1.501514E+04  1.501514E+04 -1.415796E+04  2.999511E-01  2.999511E-01  3.221389E+00  4.585442E+01  4.585442E+01
           GRD     123    1.497285E+04  1.497285E+04 -1.395369E+04  1.418857E+01  1.418857E+01  1.064580E+01 -6.121768E+02 -6.121768E+02
           GRD      62    1.492217E+04  1.480750E+04 -1.401185E+04  7.690093E+00 -7.012595E+00  3.188204E+00 -5.963561E+02  6.861206E+02
           GRD      64    1.475681E+04  1.475681E+04 -1.407001E+04 -1.351108E+01 -1.351108E+01 -4.269394E+00  7.019413E+02  7.019413E+02
           GRD      93    1.480750E+04  1.492217E+04 -1.401185E+04 -7.012595E+00  7.690093E+00  3.188204E+00  6.861206E+02 -5.963561E+02
       80                 1.503132E+04  1.503132E+04  1.467945E+04 -9.550641E+00 -9.550641E+00  1.935561E+00  3.630202E+01 -3.630202E+01
           GRD      54    1.484566E+04  1.491653E+04  1.452788E+04 -2.198699E+01  2.969886E+00  1.914742E+00  8.199924E+02  7.489276E+02
           GRD      39    1.481434E+04  1.481434E+04  1.456383E+04 -3.301774E+01 -3.301774E+01  1.457354E+01  8.393466E+02 -8.393466E+02
           GRD      45    1.491653E+04  1.484566E+04  1.452788E+04  2.969886E+00 -2.198699E+01  1.914742E+00 -7.489276E+02 -8.199924E+02
           GRD      46    1.494785E+04  1.494785E+04  1.449194E+04  1.400064E+01  1.400064E+01 -1.074405E+01 -7.682819E+02  7.682819E+02
       81                 1.480293E+04  1.480293E+04 -1.391323E+04 -9.157273E-01 -9.157273E-01  2.515838E+00 -1.085781E+02 -1.085781E+02
           GRD     100    1.445534E+04  1.445534E+04 -1.387702E+04  3.097391E+01  3.097391E+01  1.964063E+01 -1.024349E+03 -1.024349E+03
           GRD     132    1.454890E+04  1.476056E+04 -1.376966E+04  1.602905E+01 -1.778343E+01  2.490031E+00 -1.002244E+03  7.896913E+02
           GRD     123    1.485412E+04  1.485412E+04 -1.366229E+04 -3.272829E+01 -3.272829E+01 -1.466056E+01  8.117967E+02  8.117967E+02
           GRD     125    1.476056E+04  1.454890E+04 -1.376966E+04 -1.778343E+01  1.602905E+01  2.490031E+00  7.896913E+02 -1.002244E+03
      100                 1.503132E+04  1.503132E+04 -1.467945E+04 -9.550641E+00 -9.550641E+00 -1.935561E+00 -3.630202E+01 -3.630202E+01
           GRD     125    1.481434E+04  1.481434E+04 -1.456383E+04 -3.301774E+01 -3.301774E+01 -1.457354E+01 -8.393466E+02 -8.393466E+02
           GRD     123    1.484566E+04  1.491653E+04 -1.452788E+04 -2.198699E+01  2.969886E+00 -1.914742E+00 -8.199924E+02  7.489276E+02
           GRD      93    1.494785E+04  1.494785E+04 -1.449194E+04  1.400064E+01  1.400064E+01  1.074405E+01  7.682819E+02  7.682819E+02
           GRD     128    1.491653E+04  1.484566E+04 -1.452788E+04  2.969886E+00 -2.198699E+01 -1.914742E+00  7.489276E+02 -8.199924E+02
      101                 1.501514E+04  1.501514E+04  1.415796E+04  2.999511E-01  2.999511E-01 -3.221389E+00  4.585442E+01 -4.585442E+01
           GRD      19    1.480750E+04  1.492217E+04  1.401185E+04 -7.012596E+00  7.690093E+00 -3.188204E+00  6.861206E+02  5.963561E+02
           GRD      26    1.475681E+04  1.475681E+04  1.407001E+04 -1.351108E+01 -1.351108E+01  4.269394E+00  7.019413E+02 -7.019413E+02
           GRD       8    1.492217E+04  1.480750E+04  1.401185E+04  7.690093E+00 -7.012595E+00 -3.188204E+00 -5.963561E+02 -6.861206E+02
           GRD     134    1.497285E+04  1.497285E+04  1.395369E+04  1.418857E+01  1.418857E+01 -1.064580E+01 -6.121768E+02  6.121768E+02
      102                 1.480293E+04  1.480293E+04  1.391323E+04 -9.157273E-01 -9.157273E-01 -2.515838E+00 -1.085781E+02  1.085781E+02
           GRD     131    1.476056E+04  1.454890E+04  1.376966E+04 -1.778343E+01  1.602905E+01 -2.490031E+00  7.896913E+02  1.002244E+03
           GRD     129    1.485412E+04  1.485412E+04  1.366229E+04 -3.272829E+01 -3.272829E+01  1.466056E+01  8.117967E+02 -8.117967E+02
           GRD     124    1.454890E+04  1.476056E+04  1.376966E+04  1.602905E+01 -1.778343E+01 -2.490031E+00 -1.002244E+03 -7.896913E+02
           GRD     113    1.445534E+04  1.445534E+04  1.387702E+04  3.097391E+01  3.097391E+01 -1.964063E+01 -1.024349E+03  1.024349E+03
      103                 1.503132E+04  1.503132E+04  1.467945E+04 -9.550641E+00 -9.550641E+00  1.935561E+00 -3.630202E+01  3.630202E+01
           GRD     128    1.491653E+04  1.484566E+04  1.452788E+04  2.969886E+00 -2.198699E+01  1.914742E+00  7.489276E+02  8.199924E+02
           GRD      96    1.494785E+04  1.494785E+04  1.449194E+04  1.400064E+01  1.400064E+01 -1.074405E+01  7.682819E+02 -7.682819E+02
           GRD     133    1.484566E+04  1.491653E+04  1.452788E+04 -2.198699E+01  2.969886E+00  1.914742E+00 -8.199924E+02 -7.489276E+02
           GRD     127    1.481434E+04  1.481434E+04  1.456383E+04 -3.301774E+01 -3.301774E+01  1.457354E+01 -8.393466E+02  8.393466E+02
      104                 1.501514E+04  1.501514E+04 -1.415796E+04  2.999511E-01  2.999511E-01  3.221389E+00  4.585442E+01  4.585442E+01
           GRD     130    1.497285E+04  1.497285E+04 -1.395369E+04  1.418857E+01  1.418857E+01  1.064580E+01 -6.121768E+02 -6.121768E+02
           GRD      98    1.492217E+04  1.480750E+04 -1.401185E+04  7.690093E+00 -7.012595E+00  3.188204E+00 -5.963561E+02  6.861206E+02
           GRD       2    1.475681E+04  1.475681E+04 -1.407001E+04 -1.351108E+01 -1.351108E+01 -4.269394E+00  7.019413E+02  7.019413E+02
           GRD       1    1.480750E+04  1.492217E+04 -1.401185E+04 -7.012596E+00  7.690093E+00  3.188204E+00  6.861206E+02 -5.963561E+02
      105                 1.480293E+04  1.480293E+04  1.391323E+04 -9.157273E-01 -9.157273E-01 -2.515838E+00 -1.085781E+02  1.085781E+02
           GRD     135    1.476056E+04  1.454890E+04  1.376966E+04 -1.778343E+01  1.602905E+01 -2.490031E+00  7.896913E+02  1.002244E+03
           GRD     118    1.485412E+04  1.485412E+04  1.366229E+04 -3.272829E+01 -3.272829E+01  1.466056E+01  8.117967E+02 -8.117967E+02
           GRD     122    1.454890E+04  1.476056E+04  1.376966E+04  1.602905E+01 -1.778343E+01 -2.490031E+00 -1.002244E+03 -7.896913E+02
           GRD     105    1.445534E+04  1.445534E+04  1.387702E+04  3.097391E+01  3.097391E+01 -1.964063E+01 -1.024349E+03  1.024349E+03
      106                 1.480293E+04  1.480293E+04  1.391323E+04 -9.157273E-01 -9.157273E-01 -2.515838E+00 -1.085781E+02  1.085781E+02
           GRD     122    1.476056E+04  1.454890E+04  1.376966E+04 -1.778343E+01  1.602905E+01 -2.490031E+00  7.896913E+02  1.002244E+03
           GRD     126    1.485412E+04  1.485412E+04  1.366229E+04 -3.272829E+01 -3.272829E+01  1.466056E+01  8.117967E+02 -8.117967E+02
           GRD     132    1.454890E+04  1.476056E+04  1.376966E+04  1.602905E+01 -1.778343E+01 -2.490031E+00 -1.002244E+03 -7.896913E+02
           GRD     103    1.445534E+04  1.445534E+04  1.387702E+04  3.097391E+01  3.097391E+01 -1.964063E+01 -1.024349E+03  1.024349E+03
      107                 1.503132E+04  1.503132E+04  1.467945E+04 -9.550641E+00 -9.550641E+00  1.935561E+00 -3.630202E+01  3.630202E+01
           GRD     134    1.491653E+04  1.484566E+04  1.452788E+04  2.969886E+00 -2.198699E+01  1.914742E+00  7.489276E+02  8.199924E+02
           GRD       8    1.494785E+04  1.494785E+04  1.449194E+04  1.400064E+01  1.400064E+01 -1.074405E+01  7.682819E+02 -7.682819E+02
           GRD     120    1.484566E+04  1.491653E+04  1.452788E+04 -2.198699E+01  2.969886E+00  1.914742E+00 -8.199924E+02 -7.489276E+02
           GRD     121    1.481434E+04  1.481434E+04  1.456383E+04 -3.301774E+01 -3.301774E+01  1.457354E+01 -8.393466E+02  8.393466E+02
      108                 1.501514E+04  1.501514E+04  1.415796E+04  2.999511E-01  2.999511E-01 -3.221389E+00  4.585442E+01 -4.585442E+01
           GRD      67    1.480750E+04  1.492217E+04  1.401185E+04 -7.012595E+00  7.690093E+00 -3.188204E+00  6.861206E+02  5.963561E+02
           GRD      68    1.475681E+04  1.475681E+04  1.407001E+04 -1.351108E+01 -1.351108E+01  4.269394E+00  7.019413E+02 -7.019413E+02
           GRD      19    1.492217E+04  1.480750E+04  1.401185E+04  7.690093E+00 -7.012596E+00 -3.188204E+00 -5.963561E+02 -6.861206E+02
           GRD     129    1.497285E+04  1.497285E+04  1.395369E+04  1.418857E+01  1.418857E+01 -1.064580E+01 -6.121768E+02  6.121768E+02
      109                 1.480293E+04  1.480293E+04  1.391323E+04 -9.157273E-01 -9.157273E-01 -2.515838E+00 -1.085781E+02  1.085781E+02
           GRD     127    1.476056E+04  1.454890E+04  1.376966E+04 -1.778343E+01  1.602905E+01 -2.490031E+00  7.896913E+02  1.002244E+03
           GRD     133    1.485412E+04  1.485412E+04  1.366229E+04 -3.272829E+01 -3.272829E+01  1.466056E+01  8.117967E+02 -8.117967E+02
           GRD     131    1.454890E+04  1.476056E+04  1.376966E+04  1.602905E+01 -1.778343E+01 -2.490031E+00 -1.002244E+03 -7.896913E+02
           GRD     115    1.445534E+04  1.445534E+04  1.387702E+04  3.097391E+01  3.097391E+01 -1.964063E+01 -1.024349E+03  1.024349E+03
      110                 1.480293E+04  1.480293E+04  1.391323E+04 -9.157273E-01 -9.157273E-01 -2.515838E+00 -1.085781E+02  1.085781E+02
           GRD     125    1.476056E+04  1.454890E+04  1.376966E+04 -1.778343E+01  1.602905E+01 -2.490031E+00  7.896913E+02  1.002244E+03
           GRD     128    1.485412E+04  1.485412E+04  1.366229E+04 -3.272829E+01 -3.272829E+01  1.466056E+01  8.117967E+02 -8.117967E+02
           GRD     127    1.454890E+04  1.476056E+04  1.376966E+04  1.602905E+01 -1.778343E+01 -2.490031E+00 -1.002244E+03 -7.896913E+02
           GRD     117    1.445534E+04  1.445534E+04  1.387702E+04  3.097391E+01  3.097391E+01 -1.964063E+01 -1.024349E+03  1.024349E+03
      111                 1.501514E+04  1.501514E+04 -1.415796E+04  2.999511E-01  2.999511E-01  3.221389E+00  4.585442E+01  4.585442E+01
           GRD     128    1.497285E+04  1.497285E+04 -1.395369E+04  1.418857E+01  1.418857E+01  1.064580E+01 -6.121768E+02 -6.121768E+02
           GRD      93    1.492217E+04  1.480750E+04 -1.401185E+04  7.690093E+00 -7.012595E+00  3.188204E+00 -5.963561E+02  6.861206E+02
           GRD       4    1.475681E+04  1.475681E+04 -1.407001E+04 -1.351108E+01 -1.351108E+01 -4.269394E+00  7.019413E+02  7.019413E+02
           GRD      96    1.480750E+04  1.492217E+04 -1.401185E+04 -7.012595E+00  7.690093E+00  3.188204E+00  6.861206E+02 -5.963561E+02
      112                 1.480293E+04  1.480293E+04  1.391323E+04 -9.157273E-01 -9.157273E-01 -2.515838E+00 -1.085781E+02  1.085781E+02
           GRD     121    1.476056E+04  1.454890E+04  1.376966E+04 -1.778343E+01  1.602905E+01 -2.490031E+00  7.896913E+02  1.002244E+03
           GRD     120    1.485412E+04  1.485412E+04  1.366229E+04 -3.272829E+01 -3.272829E+01  1.466056E+01  8.117967E+02 -8.117967E+02
           GRD     119    1.454890E+04  1.476056E+04  1.376966E+04  1.602905E+01 -1.778343E+01 -2.490031E+00 -1.002244E+03 -7.896913E+02
           GRD     109    1.445534E+04  1.445534E+04  1.387702E+04  3.097391E+01  3.097391E+01 -1.964063E+01 -1.024349E+03  1.024349E+03
      113                 1.501514E+04  1.501514E+04  1.415796E+04  2.999510E-01  2.999510E-01 -3.221389E+00  4.585442E+01 -4.585442E+01
           GRD      96    1.480750E+04  1.492217E+04  1.401185E+04 -7.012596E+00  7.690093E+00 -3.188204E+00  6.861206E+02  5.963561E+02
           GRD      29    1.475681E+04  1.475681E+04  1.407001E+04 -1.351108E+01 -1.351108E+01  4.269394E+00  7.019413E+02 -7.019413E+02
           GRD      67    1.492217E+04  1.480750E+04  1.401185E+04  7.690093E+00 -7.012596E+00 -3.188204E+00 -5.963561E+02 -6.861206E+02
           GRD     133    1.497285E+04  1.497285E+04  1.395369E+04  1.418857E+01  1.418857E+01 -1.064580E+01 -6.121768E+02  6.121768E+02
      114                 1.503132E+04  1.503132E+04  1.467945E+04 -9.550641E+00 -9.550641E+00  1.935561E+00 -3.630202E+01  3.630202E+01
           GRD     133    1.491653E+04  1.484566E+04  1.452788E+04  2.969886E+00 -2.198699E+01  1.914742E+00  7.489276E+02  8.199924E+02
           GRD      67    1.494785E+04  1.494785E+04  1.449194E+04  1.400064E+01  1.400064E+01 -1.074405E+01  7.682819E+02 -7.682819E+02
           GRD     129    1.484566E+04  1.491653E+04  1.452788E+04 -2.198699E+01  2.969886E+00  1.914742E+00 -8.199924E+02 -7.489276E+02
           GRD     131    1.481434E+04  1.481434E+04  1.456383E+04 -3.301774E+01 -3.301774E+01  1.457354E+01 -8.393466E+02  8.393466E+02
      115                 1.475044E+04  1.475044E+04  1.417638E+04  5.129634E+00  5.129634E+00 -5.815751E+00  7.739091E+02 -7.739091E+02
           GRD     117    1.451836E+04  1.468745E+04  1.403004E+04  1.881943E+01 -8.485892E+00 -5.755397E+00  2.309313E+02 -1.284072E+03
           GRD     127    1.444363E+04  1.444363E+04  1.411581E+04  3.088817E+01  3.088817E+01 -1.960538E+01  2.179397E+02 -2.179397E+02
           GRD     115    1.468745E+04  1.451836E+04  1.403004E+04 -8.485892E+00  1.881943E+01 -5.755397E+00  1.284072E+03 -2.309313E+02
           GRD     116    1.476219E+04  1.476219E+04  1.394428E+04 -2.055463E+01 -2.055463E+01  8.094586E+00  1.297064E+03 -1.297064E+03
      116                 1.475044E+04  1.475044E+04  1.417638E+04  5.129634E+00  5.129634E+00 -5.815751E+00  7.739091E+02 -7.739091E+02
           GRD     111    1.451836E+04  1.468745E+04  1.403004E+04  1.881943E+01 -8.485892E+00 -5.755397E+00  2.309313E+02 -1.284072E+03
           GRD     121    1.444363E+04  1.444363E+04  1.411581E+04  3.088817E+01  3.088817E+01 -1.960538E+01  2.179397E+02 -2.179397E+02
           GRD     109    1.468745E+04  1.451836E+04  1.403004E+04 -8.485892E+00  1.881943E+01 -5.755397E+00  1.284072E+03 -2.309313E+02
           GRD     110    1.476219E+04  1.476219E+04  1.394428E+04 -2.055463E+01 -2.055463E+01  8.094586E+00  1.297064E+03 -1.297064E+03
      117                 1.503132E+04  1.503132E+04  1.467945E+04 -9.550641E+00 -9.550641E+00  1.935561E+00 -3.630202E+01  3.630202E+01
           GRD     118    1.491653E+04  1.484566E+04  1.452788E+04  2.969886E+00 -2.198699E+01  1.914742E+00  7.489276E+02  8.199924E+02
           GRD      11    1.494785E+04  1.494785E+04  1.449194E+04  1.400064E+01  1.400064E+01 -1.074405E+01  7.682819E+02 -7.682819E+02
           GRD     126    1.484566E+04  1.491653E+04  1.452788E+04 -2.198699E+01  2.969886E+00  1.914742E+00 -8.199924E+02 -7.489276E+02
           GRD     122    1.481434E+04  1.481434E+04  1.456383E+04 -3.301774E+01 -3.301774E+01  1.457354E+01 -8.393466E+02  8.393466E+02
      118                 1.480293E+04  1.480293E+04  1.391323E+04 -9.157273E-01 -9.157273E-01 -2.515838E+00 -1.085781E+02  1.085781E+02
           GRD     124    1.476056E+04  1.454890E+04  1.376966E+04 -1.778343E+01  1.602905E+01 -2.490031E+00  7.896913E+02  1.002244E+03
           GRD     134    1.485412E+04  1.485412E+04  1.366229E+04 -3.272829E+01 -3.272829E+01  1.466056E+01  8.117967E+02 -8.117967E+02
           GRD     121    1.454890E+04  1.476056E+04  1.376966E+04  1.602905E+01 -1.778343E+01 -2.490031E+00 -1.002244E+03 -7.896913E+02
           GRD     111    1.445534E+04  1.445534E+04  1.387702E+04  3.097391E+01  3.097391E+01 -1.964063E+01 -1.024349E+03  1.024349E+03
      119                 1.475044E+04  1.475044E+04  1.417638E+04  5.129634E+00  5.129634E+00 -5.815751E+00  7.739091E+02 -7.739091E+02
           GRD     105    1.451836E+04  1.468745E+04  1.403004E+04  1.881943E+01 -8.485892E+00 -5.755397E+00  2.309313E+02 -1.284072E+03
           GRD     122    1.444363E+04  1.444363E+04  1.411581E+04  3.088817E+01  3.088817E+01 -1.960538E+01  2.179397E+02 -2.179397E+02
           GRD     103    1.468745E+04  1.451836E+04  1.403004E+04 -8.485892E+00  1.881943E+01 -5.755397E+00  1.284072E+03 -2.309313E+02
           GRD     104    1.476219E+04  1.476219E+04  1.394428E+04 -2.055463E+01 -2.055463E+01  8.094586E+00  1.297064E+03 -1.297064E+03
      120                 1.503132E+04  1.503132E+04  1.467945E+04 -9.550641E+00 -9.550641E+00  1.935561E+00 -3.630202E+01  3.630202E+01
           GRD     126    1.491653E+04  1.484566E+04  1.452788E+04  2.969886E+00 -2.198699E+01  1.914742E+00  7.489276E+02  8.199924E+02
           GRD      62    1.494785E+04  1.494785E+04  1.449194E+04  1.400064E+01  1.400064E+01 -1.074405E+01  7.682819E+02 -7.682819E+02
           GRD     123    1.484566E+04  1.491653E+04  1.452788E+04 -2.198699E+01  2.969886E+00  1.914742E+00 -8.199924E+02 -7.489276E+02
           GRD     132    1.481434E+04  1.481434E+04  1.456383E+04 -3.301774E+01 -3.301774E+01  1.457354E+01 -8.393466E+02  8.393466E+02
      121                 1.475044E+04  1.475044E+04  1.417638E+04  5.129634E+00  5.129634E+00 -5.815751E+00  7.739091E+02 -7.739091E+02
           GRD     103    1.451836E+04  1.468745E+04  1.403004E+04  1.881943E+01 -8.485892E+00 -5.755397E+00  2.309313E+02 -1.284072E+03
           GRD     132    1.444363E+04  1.444363E+04  1.411581E+04  3.088817E+01  3.088817E+01 -1.960538E+01  2.179397E+02 -2.179397E+02
           GRD     100    1.468745E+04  1.451836E+04  1.403004E+04 -8.485892E+00  1.881943E+01 -5.755397E+00  1.284072E+03 -2.309313E+02
           GRD     102    1.476219E+04  1.476219E+04  1.394428E+04 -2.055463E+01 -2.055463E+01  8.094586E+00  1.297064E+03 -1.297064E+03
      122                 1.480293E+04  1.480293E+04 -1.391323E+04 -9.157273E-01 -9.157273E-01  2.515838E+00  1.085781E+02  1.085781E+02
           GRD      94    1.485412E+04  1.485412E+04 -1.366229E+04 -3.272829E+01 -3.272829E+01 -1.466056E+01 -8.117967E+02 -8.117967E+02
           GRD      80    1.476056E+04  1.454890E+04 -1.376966E+04 -1.778343E+01  1.602905E+01  2.490031E+00 -7.896913E+02  1.002244E+03
           GRD      74    1.445534E+04  1.445534E+04 -1.387702E+04  3.097391E+01  3.097391E+01  1.964063E+01  1.024349E+03  1.024349E+03
           GRD      36    1.454890E+04  1.476056E+04 -1.376966E+04  1.602905E+01 -1.778343E+01  2.490031E+00  1.002244E+03 -7.896913E+02
      123                 1.503132E+04  1.503132E+04 -1.467945E+04 -9.550641E+00 -9.550641E+00 -1.935561E+00 -3.630202E+01 -3.630202E+01
           GRD     119    1.481434E+04  1.481434E+04 -1.456383E+04 -3.301774E+01 -3.301774E+01 -1.457354E+01 -8.393466E+02 -8.393466E+02
           GRD     120    1.484566E+04  1.491653E+04 -1.452788E+04 -2.198699E+01  2.969886E+00 -1.914742E+00 -8.199924E+02  7.489276E+02
           GRD      98    1.494785E+04  1.494785E+04 -1.449194E+04  1.400064E+01  1.400064E+01  1.074405E+01  7.682819E+02  7.682819E+02
           GRD     130    1.491653E+04  1.484566E+04 -1.452788E+04  2.969886E+00 -2.198699E+01 -1.914742E+00  7.489276E+02 -8.199924E+02
      124                 1.475044E+04  1.475044E+04 -1.417638E+04  5.129634E+00  5.129634E+00  5.815751E+00  7.739091E+02  7.739091E+02
           GRD     108    1.476219E+04  1.476219E+04 -1.394428E+04 -2.055463E+01 -2.055463E+01 -8.094586E+00  1.297064E+03  1.297064E+03
           GRD     109    1.468745E+04  1.451836E+04 -1.403004E+04 -8.485892E+00  1.881943E+01  5.755397E+00  1.284072E+03  2.309313E+02
           GRD     119    1.444363E+04  1.444363E+04 -1.411581E+04  3.088817E+01  3.088817E+01  1.960538E+01  2.179397E+02  2.179397E+02
           GRD     107    1.451836E+04  1.468745E+04 -1.403004E+04  1.881943E+01 -8.485892E+00  5.755397E+00  2.309313E+02  1.284072E+03
      125                 1.503132E+04  1.503132E+04  1.467945E+04 -9.550641E+00 -9.550641E+00  1.935561E+00 -3.630202E+01  3.630202E+01
           GRD     130    1.491653E+04  1.484566E+04  1.452788E+04  2.969886E+00 -2.198699E+01  1.914742E+00  7.489276E+02  8.199924E+02
           GRD       1    1.494785E+04  1.494785E+04  1.449194E+04  1.400064E+01  1.400064E+01 -1.074405E+01  7.682819E+02 -7.682819E+02
           GRD     118    1.484566E+04  1.491653E+04  1.452788E+04 -2.198699E+01  2.969886E+00  1.914742E+00 -8.199924E+02 -7.489276E+02
           GRD     135    1.481434E+04  1.481434E+04  1.456383E+04 -3.301774E+01 -3.301774E+01  1.457354E+01 -8.393466E+02  8.393466E+02
      126                 1.475044E+04  1.475044E+04  1.417638E+04  5.129634E+00  5.129634E+00 -5.815751E+00  7.739091E+02 -7.739091E+02
           GRD     113    1.451836E+04  1.468745E+04  1.403004E+04  1.881943E+01 -8.485893E+00 -5.755397E+00  2.309313E+02 -1.284072E+03
           GRD     124    1.444363E+04  1.444363E+04  1.411581E+04  3.088817E+01  3.088817E+01 -1.960538E+01  2.179397E+02 -2.179397E+02
           GRD     111    1.468745E+04  1.451836E+04  1.403004E+04 -8.485892E+00  1.881943E+01 -5.755397E+00  1.284072E+03 -2.309313E+02
           GRD     112    1.476219E+04  1.476219E+04  1.394428E+04 -2.055463E+01 -2.055463E+01  8.094586E+00  1.297064E+03 -1.297064E+03
      127                 1.501514E+04  1.501514E+04  1.415796E+04  2.999510E-01  2.999510E-01 -3.221389E+00  4.585442E+01 -4.585442E+01
           GRD      11    1.480750E+04  1.492217E+04  1.401185E+04 -7.012596E+00  7.690093E+00 -3.188204E+00  6.861206E+02  5.963561E+02
           GRD      15    1.475681E+04  1.475681E+04  1.407001E+04 -1.351108E+01 -1.351108E+01  4.269394E+00  7.019413E+02 -7.019413E+02
           GRD      62    1.492217E+04  1.480750E+04  1.401185E+04  7.690093E+00 -7.012596E+00 -3.188204E+00 -5.963561E+02 -6.861206E+02
           GRD     126    1.497285E+04  1.497285E+04  1.395369E+04  1.418857E+01  1.418857E+01 -1.064580E+01 -6.121768E+02  6.121768E+02
      128                 1.475044E+04  1.475044E+04  1.417638E+04  5.129634E+00  5.129634E+00 -5.815751E+00  7.739091E+02 -7.739091E+02
           GRD     107    1.451836E+04  1.468745E+04  1.403004E+04  1.881943E+01 -8.485892E+00 -5.755397E+00  2.309313E+02 -1.284072E+03
           GRD     135    1.444363E+04  1.444363E+04  1.411581E+04  3.088817E+01  3.088817E+01 -1.960538E+01  2.179397E+02 -2.179397E+02
           GRD     105    1.468745E+04  1.451836E+04  1.403004E+04 -8.485893E+00  1.881943E+01 -5.755397E+00  1.284072E+03 -2.309313E+02
           GRD     106    1.476219E+04  1.476219E+04  1.394428E+04 -2.055463E+01 -2.055463E+01  8.094586E+00  1.297064E+03 -1.297064E+03
      129                 1.503132E+04  1.503132E+04  1.467945E+04 -9.550641E+00 -9.550641E+00  1.935561E+00 -3.630202E+01  3.630202E+01
           GRD     129    1.491653E+04  1.484566E+04  1.452788E+04  2.969886E+00 -2.198699E+01  1.914742E+00  7.489276E+02  8.199924E+02
           GRD      19    1.494785E+04  1.494785E+04  1.449194E+04  1.400064E+01  1.400064E+01 -1.074405E+01  7.682819E+02 -7.682819E+02
           GRD     134    1.484566E+04  1.491653E+04  1.452788E+04 -2.198699E+01  2.969886E+00  1.914742E+00 -8.199924E+02 -7.489276E+02
           GRD     124    1.481434E+04  1.481434E+04  1.456383E+04 -3.301774E+01 -3.301774E+01  1.457354E+01 -8.393466E+02  8.393466E+02
      130                 1.475044E+04  1.475044E+04 -1.417638E+04  5.129634E+00  5.129634E+00  5.815751E+00  7.739091E+02  7.739091E+02
           GRD     101    1.476219E+04  1.476219E+04 -1.394428E+04 -2.055463E+01 -2.055463E+01 -8.094586E+00  1.297064E+03  1.297064E+03
           GRD     100    1.468745E+04  1.451836E+04 -1.403004E+04 -8.485892E+00  1.881943E+01  5.755397E+00  1.284072E+03  2.309313E+02
           GRD     125    1.444363E+04  1.444363E+04 -1.411581E+04  3.088817E+01  3.088817E+01  1.960538E+01  2.179397E+02  2.179397E+02
           GRD     117    1.451836E+04  1.468745E+04 -1.403004E+04  1.881943E+01 -8.485892E+00  5.755397E+00  2.309313E+02  1.284072E+03
      131                 1.475044E+04  1.475044E+04  1.417638E+04  5.129634E+00  5.129634E+00 -5.815751E+00  7.739091E+02 -7.739091E+02
           GRD     115    1.451836E+04  1.468745E+04  1.403004E+04  1.881943E+01 -8.485892E+00 -5.755397E+00  2.309313E+02 -1.284072E+03
           GRD     131    1.444363E+04  1.444363E+04  1.411581E+04  3.088817E+01  3.088817E+01 -1.960538E+01  2.179397E+02 -2.179397E+02
           GRD     113    1.468745E+04  1.451836E+04  1.403004E+04 -8.485892E+00  1.881943E+01 -5.755397E+00  1.284072E+03 -2.309313E+02
           GRD     114    1.476219E+04  1.476219E+04  1.394428E+04 -2.055463E+01 -2.055463E+01  8.094586E+00  1.297064E+03 -1.297064E+03
      132                 1.501514E+04  1.501514E+04  1.415796E+04  2.999511E-01  2.999511E-01 -3.221389E+00  4.585442E+01 -4.585442E+01
           GRD       8    1.480750E+04  1.492217E+04  1.401185E+04 -7.012595E+00  7.690093E+00 -3.188204E+00  6.861206E+02  5.963561E+02
           GRD      69    1.475681E+04  1.475681E+04  1.407001E+04 -1.351108E+01 -1.351108E+01  4.269394E+00  7.019413E+02 -7.019413E+02
           GRD      98    1.492217E+04  1.480750E+04  1.401185E+04  7.690093E+00 -7.012595E+00 -3.188204E+00 -5.963561E+02 -6.861206E+02
           GRD     120    1.497285E+04  1.497285E+04  1.395369E+04  1.418857E+01  1.418857E+01 -1.064580E+01 -6.121768E+02  6.121768E+02
      133                 1.501514E+04  1.501514E+04  1.415796E+04  2.999511E-01  2.999511E-01 -3.221389E+00  4.585442E+01 -4.585442E+01
           GRD       1    1.480750E+04  1.492217E+04  1.401185E+04 -7.012596E+00  7.690093E+00 -3.188204E+00  6.861206E+02  5.963561E+02
           GRD       6    1.475681E+04  1.475681E+04  1.407001E+04 -1.351108E+01 -1.351108E+01  4.269394E+00  7.019413E+02 -7.019413E+02
           GRD      11    1.492217E+04  1.480750E+04  1.401185E+04  7.690093E+00 -7.012595E+00 -3.188204E+00 -5.963561E+02 -6.861206E+02
           GRD     118    1.497285E+04  1.497285E+04  1.395369E+04  1.418857E+01  1.418857E+01 -1.064580E+01 -6.121768E+02  6.121768E+02
      134                 1.480293E+04  1.480293E+04  1.391323E+04 -9.157273E-01 -9.157273E-01 -2.515838E+00 -1.085781E+02  1.085781E+02
           GRD     119    1.476056E+04  1.454890E+04  1.376966E+04 -1.778343E+01  1.602905E+01 -2.490031E+00  7.896913E+02  1.002244E+03
           GRD     130    1.485412E+04  1.485412E+04  1.366229E+04 -3.272829E+01 -3.272829E+01  1.466056E+01  8.117967E+02 -8.117967E+02
           GRD     135    1.454890E+04  1.476056E+04  1.376966E+04  1.602905E+01 -1.778343E+01 -2.490031E+00 -1.002244E+03 -7.896913E+02
           GRD     107    1.445534E+04  1.445534E+04  1.387702E+04  3.097391E+01  3.097391E+01 -1.964063E+01 -1.024349E+03  1.024349E+03
      135                 1.501514E+04  1.501514E+04 -1.415796E+04  2.999511E-01  2.999511E-01  3.221389E+00 -4.585442E+01 -4.585442E+01
           GRD      32    1.475681E+04  1.475681E+04 -1.407001E+04 -1.351108E+01 -1.351108E+01 -4.269394E+00 -7.019413E+02 -7.019413E+02
           GRD      82    1.480750E+04  1.492217E+04 -1.401185E+04 -7.012595E+00  7.690093E+00  3.188204E+00 -6.861206E+02  5.963561E+02
           GRD      94    1.497285E+04  1.497285E+04 -1.395369E+04  1.418857E+01  1.418857E+01  1.064580E+01  6.121768E+02  6.121768E+02
           GRD      56    1.492217E+04  1.480750E+04 -1.401185E+04  7.690093E+00 -7.012595E+00  3.188204E+00  5.963561E+02 -6.861206E+02
                          ------------- ------------- ------------- ------------- ------------- ------------- ------------- -------------
                MAX* :    1.503132E+04  1.503132E+04  1.467945E+04  3.097391E+01  3.097391E+01  1.964063E+01  1.297064E+03  1.297064E+03
                MIN* :    1.444363E+04  1.444363E+04 -1.467945E+04 -3.301774E+01 -3.301774E+01 -1.964063E+01 -1.297064E+03 -1.297064E+03

                ABS* :    1.503132E+04  1.503132E+04  1.467945E+04  3.301774E+01  3.301774E+01  1.964063E+01  1.297064E+03  1.297064E+03
                *for output set


 OUTPUT FOR SUBCASE        1

                                                       E L E M E N T   E N G I N E E R I N G   F O R C E S
                                                           F O R   E L E M E N T   T Y P E   T R I A 3  
  Element Location               N o r m a l   F o r c e s                       M o m e n t s                   T r a n s v e r s e
     ID                                                                                                        S h e a r   F o r c e s
                              Nxx           Nyy           Nxy           Mxx           Myy           Mxy            Qx           Qy
       82                 1.521873E+04  1.493212E+04 -1.489269E+04 -1.696161E+01 -1.713829E+01 -9.180318E+00 -5.350158E+01 -5.401887E+01
       83                 1.521873E+04  1.493212E+04 -1.489269E+04 -1.696161E+01 -1.713829E+01 -9.180318E+00 -5.350158E+01 -5.401887E+01
       84                 1.521873E+04  1.493212E+04 -1.489269E+04 -1.696161E+01 -1.713829E+01 -9.180318E+00 -5.350158E+01 -5.401887E+01
       85                 1.521873E+04  1.493212E+04 -1.489269E+04 -1.696161E+01 -1.713829E+01 -9.180318E+00 -5.350158E+01 -5.401887E+01
       86                 1.521873E+04  1.493212E+04 -1.489269E+04 -1.696161E+01 -1.713829E+01 -9.180318E+00 -5.350158E+01 -5.401887E+01
       87                 1.521873E+04  1.493212E+04 -1.489269E+04 -1.696161E+01 -1.713829E+01 -9.180318E+00 -5.350158E+01 -5.401887E+01
       88                 1.521873E+04  1.493212E+04 -1.489269E+04 -1.696161E+01 -1.713829E+01 -9.180318E+00 -5.350158E+01 -5.401887E+01
       89                 1.521873E+04  1.493212E+04 -1.489269E+04 -1.696161E+01 -1.713829E+01 -9.180318E+00 -5.350158E+01 -5.401887E+01
       90                 1.521873E+04  1.493212E+04 -1.489269E+04 -1.696161E+01 -1.713829E+01 -9.180318E+00 -5.350158E+01 -5.401887E+01
       91                 1.521873E+04  1.493212E+04 -1.489269E+04 -1.696161E+01 -1.713829E+01 -9.180318E+00 -5.350158E+01 -5.401887E+01
       92                 1.521873E+04  1.493212E+04 -1.489269E+04 -1.696161E+01 -1.713829E+01 -9.180318E+00 -5.350158E+01 -5.401887E+01
       93                 1.521873E+04  1.493212E+04 -1.489269E+04 -1.696161E+01 -1.713829E+01 -9.180318E+00 -5.350158E+01 -5.401887E+01
       94                 1.521873E+04  1.493212E+04 -1.489269E+04 -1.696161E+01 -1.713829E+01 -9.180318E+00 -5.350158E+01 -5.401887E+01
       95                 1.521873E+04  1.493212E+04 -1.489269E+04 -1.696161E+01 -1.713829E+01 -9.180318E+00 -5.350158E+01 -5.401887E+01
       96                 1.521873E+04  1.493212E+04 -1.489269E+04 -1.696161E+01 -1.713829E+01 -9.180318E+00 -5.350158E+01 -5.401887E+01
       97                 1.521873E+04  1.493212E+04 -1.489269E+04 -1.696161E+01 -1.713829E+01 -9.180318E+00 -5.350158E+01 -5.401887E+01
       98                 1.521873E+04  1.493212E+04 -1.489269E+04 -1.696161E+01 -1.713829E+01 -9.180318E+00 -5.350158E+01 -5.401887E+01
       99                 1.521873E+04  1.493212E+04 -1.489269E+04 -1.696161E+01 -1.713829E+01 -9.180318E+00 -5.350158E+01 -5.401887E+01
                          ------------- ------------- ------------- ------------- ------------- ------------- ------------- -------------
                MAX* :    1.521873E+04  1.493212E+04 -1.489269E+04 -1.696161E+01 -1.713829E+01 -9.180318E+00 -5.350158E+01 -5.401887E+01
                MIN* :    1.521873E+04  1.493212E+04 -1.489269E+04 -1.696161E+01 -1.713829E+01 -9.180318E+00 -5.350158E+01 -5.401887E+01

                ABS* :    1.521873E+04  1.493212E+04  1.489269E+04  1.696161E+01  1.713829E+01  9.180318E+00  5.350158E+01  5.401887E+01
                *for output set


 OUTPUT FOR SUBCASE        1

                                          E L E M E N T   S T R E S S E S   I N   L O C A L   E L E M E N T   C O O R D I N A T E   S Y S T E M
                                                                       F O R   E L E M E N T   T Y P E   Q U A D 4  
    Elem  Location        Fiber      Stresses In Element Coord System     Principal Stresses (Zero Shear)                Transverse   Transverse   % Poly
     ID                  Distance   Normal-X     Normal-Y     Shear-XY     Angle     Major        Minor      von Mises    Shear-XZ     Shear-YZ    Fit Err
                                                                                                                         (max through thickness)

        1  CENTER      -5.000E-02  1.46573E+05  1.46573E+05 -1.44032E+05  -45.00  2.90606E+05  2.54130E+03  2.89343E+05 -9.46884E-09 -8.56267E-09
                        5.000E-02  1.52899E+05  1.52899E+05 -1.44386E+05  -45.00  2.97285E+05  8.51295E+03  2.93121E+05

           GRD      99 -5.000E-02  1.45100E+05  1.45100E+05 -1.42545E+05  -45.00  2.87645E+05  2.55538E+03  2.86376E+05 -9.41733E+03 -9.41733E+03 -0.7E+01(6)
                        5.000E-02  1.51377E+05  1.51377E+05 -1.42896E+05  -45.00  2.94272E+05  8.48135E+03  2.90125E+05

           GRD      63 -5.000E-02  1.45100E+05  1.45100E+05 -1.42545E+05  -45.00  2.87645E+05  2.55538E+03  2.86376E+05 -9.19058E+03  9.19058E+03  0.7E+01(6)
                        5.000E-02  1.51377E+05  1.51377E+05 -1.42896E+05  -45.00  2.94272E+05  8.48135E+03  2.90125E+05

           GRD      35 -5.000E-02  1.45100E+05  1.45100E+05 -1.42545E+05  -45.00  2.87645E+05  2.55538E+03  2.86376E+05  9.41733E+03  9.41733E+03  0.7E+01(6)
                        5.000E-02  1.51377E+05  1.51377E+05 -1.42896E+05  -45.00  2.94272E+05  8.48135E+03  2.90125E+05

           GRD      89 -5.000E-02  1.45100E+05  1.45100E+05 -1.42545E+05  -45.00  2.87645E+05  2.55538E+03  2.86376E+05  9.19058E+03 -9.19058E+03 -0.7E+01(6)
                        5.000E-02  1.51377E+05  1.51377E+05 -1.42896E+05  -45.00  2.94272E+05  8.48135E+03  2.90125E+05

        2  CENTER      -5.000E-02  1.47480E+05  1.47480E+05  1.37623E+05   45.00  2.85103E+05  9.85707E+03  2.80304E+05  1.30294E+03 -1.30294E+03
                        5.000E-02  1.48579E+05  1.48579E+05  1.40642E+05   45.00  2.89221E+05  7.93694E+03  2.85335E+05

           GRD      16 -5.000E-02  1.55106E+05  1.36936E+05  1.36203E+05   43.09  2.82526E+05  9.51575E+03  2.77891E+05  1.20269E+04  9.47630E+03 -0.2E+01(1)
                        5.000E-02  1.35872E+05  1.58276E+05  1.39191E+05   47.30  2.86714E+05  7.43298E+03  2.83071E+05

           GRD      20 -5.000E-02  1.63138E+05  1.63138E+05  1.26986E+05   45.00  2.90124E+05  3.61520E+04  2.73843E+05  1.22922E+04 -1.22922E+04  0.2E+01(1)
                        5.000E-02  1.25969E+05  1.25969E+05  1.50555E+05   45.00  2.76524E+05 -2.45855E+04  2.89600E+05

           GRD      25 -5.000E-02  1.36936E+05  1.55106E+05  1.36203E+05   46.91  2.82526E+05  9.51575E+03  2.77891E+05 -9.47630E+03 -1.20269E+04  0.2E+01(1)
                        5.000E-02  1.58276E+05  1.35872E+05  1.39191E+05   42.70  2.86714E+05  7.43298E+03  2.83071E+05

           GRD      22 -5.000E-02  1.28904E+05  1.28904E+05  1.45419E+05   45.00  2.74323E+05 -1.65151E+04  2.82943E+05 -9.74156E+03  9.74156E+03 -0.2E+01(1)
                        5.000E-02  1.68178E+05  1.68178E+05  1.27827E+05   45.00  2.96005E+05  4.03515E+04  2.78034E+05

        3  CENTER      -5.000E-02  1.44583E+05  1.44583E+05 -1.47956E+05  -45.00  2.92539E+05 -3.37304E+03  2.94240E+05  4.35624E+02  4.35624E+02
                        5.000E-02  1.56044E+05  1.56044E+05 -1.45633E+05  -45.00  3.01677E+05  1.04104E+04  2.96609E+05

           GRD      33 -5.000E-02  1.57879E+05  1.57879E+05 -1.38473E+05  -45.00  2.96352E+05  1.94059E+04  2.87141E+05 -9.21938E+03 -9.21938E+03  0.2E+01(2)
                        5.000E-02  1.41078E+05  1.41078E+05 -1.51366E+05  -45.00  2.92444E+05 -1.02877E+04  2.97721E+05

           GRD      65 -5.000E-02  1.50947E+05  1.35264E+05 -1.46428E+05  -43.47  2.89743E+05 -3.53166E+03  2.91525E+05 -8.98713E+03  9.83991E+03 -0.2E+01(2)
                        5.000E-02  1.47383E+05  1.61649E+05 -1.44130E+05  -46.42  2.98822E+05  1.02097E+04  2.93851E+05

           GRD      51 -5.000E-02  1.28333E+05  1.28333E+05 -1.54382E+05  -45.00  2.82715E+05 -2.60496E+04  2.96599E+05  1.00722E+04  1.00722E+04 -0.2E+01(2)
                        5.000E-02  1.67954E+05  1.67954E+05 -1.36894E+05  -45.00  3.04848E+05  3.10599E+04  2.90566E+05

           GRD      54 -5.000E-02  1.35264E+05  1.50947E+05 -1.46428E+05  -46.53  2.89743E+05 -3.53166E+03  2.91525E+05  9.83991E+03 -8.98713E+03  0.2E+01(2)
                        5.000E-02  1.61649E+05  1.47383E+05 -1.44130E+05  -43.58  2.98822E+05  1.02097E+04  2.93851E+05

        4  CENTER      -5.000E-02  1.50331E+05  1.50331E+05  1.39647E+05   45.00  2.89978E+05  1.06846E+04  2.84786E+05 -5.50253E+02  5.50253E+02
                        5.000E-02  1.49971E+05  1.49971E+05  1.43512E+05   45.00  2.93484E+05  6.45900E+03  2.90308E+05

           GRD      46 -5.000E-02  1.53836E+05  1.43867E+05  1.38206E+05   43.97  2.87147E+05  1.05562E+04  2.82017E+05  7.15627E+03  8.23345E+03 -0.2E+01(2)
                        5.000E-02  1.44608E+05  1.52283E+05  1.42031E+05   45.77  2.90528E+05  6.36182E+03  2.87400E+05

           GRD      45 -5.000E-02  1.58242E+05  1.58242E+05  1.33149E+05   45.00  2.91391E+05  2.50923E+04  2.79690E+05  7.34612E+03 -7.34612E+03  0.2E+01(2)
                        5.000E-02  1.41215E+05  1.41215E+05  1.45924E+05   45.00  2.87140E+05 -4.70896E+03  2.89523E+05

           GRD      72 -5.000E-02  1.43867E+05  1.53836E+05  1.38206E+05   46.03  2.87147E+05  1.05562E+04  2.82017E+05 -8.23345E+03 -7.15627E+03  0.2E+01(2)
                        5.000E-02  1.52283E+05  1.44608E+05  1.42031E+05   44.23  2.90528E+05  6.36182E+03  2.87400E+05

           GRD      73 -5.000E-02  1.39461E+05  1.39461E+05  1.43262E+05   45.00  2.82723E+05 -3.80030E+03  2.84642E+05 -8.42330E+03  8.42330E+03 -0.2E+01(2)
                        5.000E-02  1.55675E+05  1.55675E+05  1.38139E+05   45.00  2.93813E+05  1.75363E+04  2.85449E+05

        5  CENTER      -5.000E-02  1.48888E+05  1.48888E+05  1.41540E+05   45.00  2.90429E+05  7.34844E+03  2.86825E+05 -1.71892E+02  1.71892E+02
                        5.000E-02  1.51405E+05  1.51405E+05  1.43898E+05   45.00  2.95302E+05  7.50704E+03  2.91621E+05

           GRD      12 -5.000E-02  1.48586E+05  1.46233E+05  1.40079E+05   44.76  2.87494E+05  7.32577E+03  2.83902E+05  7.92577E+03  8.26226E+03 -0.2E+01(2)
                        5.000E-02  1.49064E+05  1.50693E+05  1.42413E+05   45.16  2.92293E+05  7.46354E+03  2.88634E+05

           GRD      10 -5.000E-02  1.49626E+05  1.49626E+05  1.38886E+05   45.00  2.88512E+05  1.07403E+04  2.83294E+05  8.12546E+03 -8.12546E+03  0.2E+01(2)
                        5.000E-02  1.48344E+05  1.48344E+05  1.43239E+05   45.00  2.91583E+05  5.10486E+03  2.89064E+05

           GRD       7 -5.000E-02  1.46233E+05  1.48586E+05  1.40079E+05   45.24  2.87494E+05  7.32577E+03  2.83902E+05 -8.26226E+03 -7.92577E+03  0.2E+01(2)
                        5.000E-02  1.50693E+05  1.49064E+05  1.42413E+05   44.84  2.92293E+05  7.46354E+03  2.88634E+05

           GRD      21 -5.000E-02  1.45194E+05  1.45194E+05  1.41272E+05   45.00  2.86466E+05  3.92109E+03  2.84526E+05 -8.46196E+03  8.46196E+03 -0.2E+01(2)
                        5.000E-02  1.51413E+05  1.51413E+05  1.41586E+05   45.00  2.92999E+05  9.82689E+03  2.88211E+05

        6  CENTER      -5.000E-02  1.48888E+05  1.48888E+05  1.41540E+05   45.00  2.90429E+05  7.34844E+03  2.86825E+05  1.71892E+02 -1.71892E+02
                        5.000E-02  1.51405E+05  1.51405E+05  1.43898E+05   45.00  2.95302E+05  7.50704E+03  2.91621E+05

           GRD      17 -5.000E-02  1.46233E+05  1.48586E+05  1.40079E+05   45.24  2.87494E+05  7.32577E+03  2.83902E+05  8.26226E+03  7.92577E+03 -0.2E+01(2)
                        5.000E-02  1.50693E+05  1.49064E+05  1.42413E+05   44.84  2.92293E+05  7.46354E+03  2.88634E+05

           GRD      52 -5.000E-02  1.45194E+05  1.45194E+05  1.41272E+05   45.00  2.86466E+05  3.92109E+03  2.84526E+05  8.46196E+03 -8.46196E+03  0.2E+01(2)
                        5.000E-02  1.51413E+05  1.51413E+05  1.41586E+05   45.00  2.92999E+05  9.82689E+03  2.88211E+05

           GRD      40 -5.000E-02  1.48586E+05  1.46233E+05  1.40079E+05   44.76  2.87494E+05  7.32577E+03  2.83902E+05 -7.92577E+03 -8.26226E+03  0.2E+01(2)
                        5.000E-02  1.49064E+05  1.50693E+05  1.42413E+05   45.16  2.92293E+05  7.46354E+03  2.88634E+05

           GRD      68 -5.000E-02  1.49626E+05  1.49626E+05  1.38886E+05   45.00  2.88512E+05  1.07403E+04  2.83294E+05 -8.12546E+03  8.12546E+03 -0.2E+01(2)
                        5.000E-02  1.48344E+05  1.48344E+05  1.43239E+05   45.00  2.91583E+05  5.10486E+03  2.89064E+05

        7  CENTER      -5.000E-02  1.46573E+05  1.46573E+05  1.44032E+05   45.00  2.90606E+05  2.54130E+03  2.89343E+05  6.33539E-07  6.31840E-07
                        5.000E-02  1.52899E+05  1.52899E+05  1.44386E+05   45.00  2.97285E+05  8.51295E+03  2.93121E+05

           GRD      89 -5.000E-02  1.45100E+05  1.45100E+05  1.42545E+05   45.00  2.87645E+05  2.55538E+03  2.86376E+05  9.19058E+03  9.19058E+03 -0.7E+01(6)
                        5.000E-02  1.51377E+05  1.51377E+05  1.42896E+05   45.00  2.94272E+05  8.48135E+03  2.90125E+05

           GRD      41 -5.000E-02  1.45100E+05  1.45100E+05  1.42545E+05   45.00  2.87645E+05  2.55538E+03  2.86376E+05  9.41733E+03 -9.41733E+03  0.7E+01(6)
                        5.000E-02  1.51377E+05  1.51377E+05  1.42896E+05   45.00  2.94272E+05  8.48135E+03  2.90125E+05

           GRD      57 -5.000E-02  1.45100E+05  1.45100E+05  1.42545E+05   45.00  2.87645E+05  2.55538E+03  2.86376E+05 -9.19058E+03 -9.19058E+03  0.7E+01(6)
                        5.000E-02  1.51377E+05  1.51377E+05  1.42896E+05   45.00  2.94272E+05  8.48135E+03  2.90125E+05

           GRD      66 -5.000E-02  1.45100E+05  1.45100E+05  1.42545E+05   45.00  2.87645E+05  2.55538E+03  2.86376E+05 -9.41733E+03  9.41733E+03 -0.7E+01(6)
                        5.000E-02  1.51377E+05  1.51377E+05  1.42896E+05   45.00  2.94272E+05  8.48135E+03  2.90125E+05

        8  CENTER      -5.000E-02  1.48888E+05  1.48888E+05 -1.41540E+05  -45.00  2.90429E+05  7.34844E+03  2.86825E+05 -1.71892E+02 -1.71892E+02
                        5.000E-02  1.51405E+05  1.51405E+05 -1.43898E+05  -45.00  2.95302E+05  7.50704E+03  2.91621E+05

           GRD      97 -5.000E-02  1.45194E+05  1.45194E+05 -1.41272E+05  -45.00  2.86466E+05  3.92109E+03  2.84526E+05 -8.46196E+03 -8.46196E+03  0.2E+01(2)
                        5.000E-02  1.51413E+05  1.51413E+05 -1.41586E+05  -45.00  2.92999E+05  9.82689E+03  2.88211E+05

           GRD      55 -5.000E-02  1.46233E+05  1.48586E+05 -1.40079E+05  -45.24  2.87494E+05  7.32577E+03  2.83902E+05 -8.26226E+03  7.92577E+03 -0.2E+01(2)
                        5.000E-02  1.50693E+05  1.49064E+05 -1.42413E+05  -44.84  2.92293E+05  7.46354E+03  2.88634E+05

           GRD      59 -5.000E-02  1.49626E+05  1.49626E+05 -1.38886E+05  -45.00  2.88512E+05  1.07403E+04  2.83294E+05  8.12546E+03  8.12546E+03 -0.2E+01(2)
                        5.000E-02  1.48344E+05  1.48344E+05 -1.43239E+05  -45.00  2.91583E+05  5.10486E+03  2.89064E+05

           GRD      58 -5.000E-02  1.48586E+05  1.46233E+05 -1.40079E+05  -44.76  2.87494E+05  7.32577E+03  2.83902E+05  7.92577E+03 -8.26226E+03  0.2E+01(2)
                        5.000E-02  1.49064E+05  1.50693E+05 -1.42413E+05  -45.16  2.92293E+05  7.46354E+03  2.88634E+05

        9  CENTER      -5.000E-02  1.48888E+05  1.48888E+05  1.41540E+05   45.00  2.90429E+05  7.34844E+03  2.86825E+05  1.71892E+02 -1.71892E+02
                        5.000E-02  1.51405E+05  1.51405E+05  1.43898E+05   45.00  2.95302E+05  7.50704E+03  2.91621E+05

           GRD      85 -5.000E-02  1.46233E+05  1.48586E+05  1.40079E+05   45.24  2.87494E+05  7.32577E+03  2.83902E+05  8.26226E+03  7.92577E+03 -0.2E+01(1)
                        5.000E-02  1.50693E+05  1.49064E+05  1.42413E+05   44.84  2.92293E+05  7.46354E+03  2.88634E+05

           GRD      70 -5.000E-02  1.45194E+05  1.45194E+05  1.41272E+05   45.00  2.86466E+05  3.92109E+03  2.84526E+05  8.46196E+03 -8.46196E+03  0.2E+01(1)
                        5.000E-02  1.51413E+05  1.51413E+05  1.41586E+05   45.00  2.92999E+05  9.82689E+03  2.88211E+05

           GRD       5 -5.000E-02  1.48586E+05  1.46233E+05  1.40079E+05   44.76  2.87494E+05  7.32577E+03  2.83902E+05 -7.92577E+03 -8.26226E+03  0.2E+01(1)
                        5.000E-02  1.49064E+05  1.50693E+05  1.42413E+05   45.16  2.92293E+05  7.46354E+03  2.88634E+05

           GRD       6 -5.000E-02  1.49626E+05  1.49626E+05  1.38886E+05   45.00  2.88512E+05  1.07403E+04  2.83294E+05 -8.12546E+03  8.12546E+03 -0.2E+01(1)
                        5.000E-02  1.48344E+05  1.48344E+05  1.43239E+05   45.00  2.91583E+05  5.10486E+03  2.89064E+05

       10  CENTER      -5.000E-02  1.47480E+05  1.47480E+05 -1.37623E+05  -45.00  2.85103E+05  9.85707E+03  2.80304E+05  1.30294E+03  1.30294E+03
                        5.000E-02  1.48579E+05  1.48579E+05 -1.40642E+05  -45.00  2.89221E+05  7.93694E+03  2.85335E+05

           GRD      54 -5.000E-02  1.28904E+05  1.28904E+05 -1.45419E+05  -45.00  2.74323E+05 -1.65151E+04  2.82943E+05 -9.74156E+03 -9.74156E+03  0.2E+01(1)
                        5.000E-02  1.68178E+05  1.68178E+05 -1.27827E+05  -45.00  2.96005E+05  4.03515E+04  2.78034E+05

           GRD      51 -5.000E-02  1.36936E+05  1.55106E+05 -1.36203E+05  -46.91  2.82526E+05  9.51575E+03  2.77891E+05 -9.47630E+03  1.20269E+04 -0.2E+01(1)
                        5.000E-02  1.58276E+05  1.35872E+05 -1.39191E+05  -42.70  2.86714E+05  7.43298E+03  2.83071E+05

           GRD      53 -5.000E-02  1.63138E+05  1.63138E+05 -1.26986E+05  -45.00  2.90124E+05  3.61520E+04  2.73843E+05  1.22922E+04  1.22922E+04 -0.2E+01(1)
                        5.000E-02  1.25969E+05  1.25969E+05 -1.50555E+05  -45.00  2.76524E+05 -2.45855E+04  2.89600E+05

           GRD      39 -5.000E-02  1.55106E+05  1.36936E+05 -1.36203E+05  -43.09  2.82526E+05  9.51575E+03  2.77891E+05  1.20269E+04 -9.47630E+03  0.2E+01(1)
                        5.000E-02  1.35872E+05  1.58276E+05 -1.39191E+05  -47.30  2.86714E+05  7.43298E+03  2.83071E+05

       11  CENTER      -5.000E-02  1.47480E+05  1.47480E+05  1.37623E+05   45.00  2.85103E+05  9.85707E+03  2.80304E+05  1.30294E+03 -1.30294E+03
                        5.000E-02  1.48579E+05  1.48579E+05  1.40642E+05   45.00  2.89221E+05  7.93694E+03  2.85335E+05

           GRD      13 -5.000E-02  1.55106E+05  1.36936E+05  1.36203E+05   43.09  2.82526E+05  9.51575E+03  2.77891E+05  1.20269E+04  9.47630E+03 -0.2E+01(2)
                        5.000E-02  1.35872E+05  1.58276E+05  1.39191E+05   47.30  2.86714E+05  7.43298E+03  2.83071E+05

           GRD      49 -5.000E-02  1.63138E+05  1.63138E+05  1.26986E+05   45.00  2.90124E+05  3.61520E+04  2.73843E+05  1.22922E+04 -1.22922E+04  0.2E+01(2)
                        5.000E-02  1.25969E+05  1.25969E+05  1.50555E+05   45.00  2.76524E+05 -2.45855E+04  2.89600E+05

           GRD      51 -5.000E-02  1.36936E+05  1.55106E+05  1.36203E+05   46.91  2.82526E+05  9.51575E+03  2.77891E+05 -9.47630E+03 -1.20269E+04  0.2E+01(2)
                        5.000E-02  1.58276E+05  1.35872E+05  1.39191E+05   42.70  2.86714E+05  7.43298E+03  2.83071E+05

           GRD      65 -5.000E-02  1.28904E+05  1.28904E+05  1.45419E+05   45.00  2.74323E+05 -1.65151E+04  2.82943E+05 -9.74156E+03  9.74156E+03 -0.2E+01(2)
                        5.000E-02  1.68178E+05  1.68178E+05  1.27827E+05   45.00  2.96005E+05  4.03515E+04  2.78034E+05

       12  CENTER      -5.000E-02  1.48888E+05  1.48888E+05  1.41540E+05   45.00  2.90429E+05  7.34844E+03  2.86825E+05  1.71892E+02 -1.71892E+02
                        5.000E-02  1.51405E+05  1.51405E+05  1.43898E+05   45.00  2.95302E+05  7.50704E+03  2.91621E+05

           GRD       5 -5.000E-02  1.46233E+05  1.48586E+05  1.40079E+05   45.24  2.87494E+05  7.32577E+03  2.83902E+05  8.26226E+03  7.92577E+03 -0.2E+01(2)
                        5.000E-02  1.50693E+05  1.49064E+05  1.42413E+05   44.84  2.92293E+05  7.46354E+03  2.88634E+05

           GRD       9 -5.000E-02  1.45194E+05  1.45194E+05  1.41272E+05   45.00  2.86466E+05  3.92109E+03  2.84526E+05  8.46196E+03 -8.46196E+03  0.2E+01(2)
                        5.000E-02  1.51413E+05  1.51413E+05  1.41586E+05   45.00  2.92999E+05  9.82689E+03  2.88211E+05

           GRD      18 -5.000E-02  1.48586E+05  1.46233E+05  1.40079E+05   44.76  2.87494E+05  7.32577E+03  2.83902E+05 -7.92577E+03 -8.26226E+03  0.2E+01(2)
                        5.000E-02  1.49064E+05  1.50693E+05  1.42413E+05   45.16  2.92293E+05  7.46354E+03  2.88634E+05

           GRD      15 -5.000E-02  1.49626E+05  1.49626E+05  1.38886E+05   45.00  2.88512E+05  1.07403E+04  2.83294E+05 -8.12546E+03  8.12546E+03 -0.2E+01(2)
                        5.000E-02  1.48344E+05  1.48344E+05  1.43239E+05   45.00  2.91583E+05  5.10486E+03  2.89064E+05

       13  CENTER      -5.000E-02  1.46573E+05  1.46573E+05  1.44032E+05   45.00  2.90606E+05  2.54130E+03  2.89343E+05  3.72593E-07  3.99004E-07
                        5.000E-02  1.52899E+05  1.52899E+05  1.44386E+05   45.00  2.97285E+05  8.51295E+03  2.93121E+05

           GRD      21 -5.000E-02  1.45100E+05  1.45100E+05  1.42545E+05   45.00  2.87645E+05  2.55538E+03  2.86376E+05  9.19058E+03  9.19058E+03 -0.7E+01(6)
                        5.000E-02  1.51377E+05  1.51377E+05  1.42896E+05   45.00  2.94272E+05  8.48135E+03  2.90125E+05

           GRD       7 -5.000E-02  1.45100E+05  1.45100E+05  1.42545E+05   45.00  2.87645E+05  2.55538E+03  2.86376E+05  9.41733E+03 -9.41733E+03  0.7E+01(6)
                        5.000E-02  1.51377E+05  1.51377E+05  1.42896E+05   45.00  2.94272E+05  8.48135E+03  2.90125E+05

           GRD       3 -5.000E-02  1.45100E+05  1.45100E+05  1.42545E+05   45.00  2.87645E+05  2.55538E+03  2.86376E+05 -9.19058E+03 -9.19058E+03  0.7E+01(6)
                        5.000E-02  1.51377E+05  1.51377E+05  1.42896E+05   45.00  2.94272E+05  8.48135E+03  2.90125E+05

           GRD      95 -5.000E-02  1.45100E+05  1.45100E+05  1.42545E+05   45.00  2.87645E+05  2.55538E+03  2.86376E+05 -9.41733E+03  9.41733E+03 -0.7E+01(6)
                        5.000E-02  1.51377E+05  1.51377E+05  1.42896E+05   45.00  2.94272E+05  8.48135E+03  2.90125E+05

       14  CENTER      -5.000E-02  1.47480E+05  1.47480E+05  1.37623E+05   45.00  2.85103E+05  9.85707E+03  2.80304E+05  1.30294E+03 -1.30294E+03
                        5.000E-02  1.48579E+05  1.48579E+05  1.40642E+05   45.00  2.89221E+05  7.93694E+03  2.85335E+05

           GRD      39 -5.000E-02  1.55106E+05  1.36936E+05  1.36203E+05   43.09  2.82526E+05  9.51575E+03  2.77891E+05  1.20269E+04  9.47630E+03 -0.2E+01(1)
                        5.000E-02  1.35872E+05  1.58276E+05  1.39191E+05   47.30  2.86714E+05  7.43298E+03  2.83071E+05

           GRD      43 -5.000E-02  1.63138E+05  1.63138E+05  1.26986E+05   45.00  2.90124E+05  3.61520E+04  2.73843E+05  1.22922E+04 -1.22922E+04  0.2E+01(1)
                        5.000E-02  1.25969E+05  1.25969E+05  1.50555E+05   45.00  2.76524E+05 -2.45855E+04  2.89600E+05

           GRD      48 -5.000E-02  1.36936E+05  1.55106E+05  1.36203E+05   46.91  2.82526E+05  9.51575E+03  2.77891E+05 -9.47630E+03 -1.20269E+04  0.2E+01(1)
                        5.000E-02  1.58276E+05  1.35872E+05  1.39191E+05   42.70  2.86714E+05  7.43298E+03  2.83071E+05

           GRD      45 -5.000E-02  1.28904E+05  1.28904E+05  1.45419E+05   45.00  2.74323E+05 -1.65151E+04  2.82943E+05 -9.74156E+03  9.74156E+03 -0.2E+01(1)
                        5.000E-02  1.68178E+05  1.68178E+05  1.27827E+05   45.00  2.96005E+05  4.03515E+04  2.78034E+05

       15  CENTER      -5.000E-02  1.48888E+05  1.48888E+05  1.41540E+05   45.00  2.90429E+05  7.34844E+03  2.86825E+05 -1.71892E+02  1.71892E+02
                        5.000E-02  1.51405E+05  1.51405E+05  1.43898E+05   45.00  2.95302E+05  7.50704E+03  2.91621E+05

           GRD      87 -5.000E-02  1.48586E+05  1.46233E+05  1.40079E+05   44.76  2.87494E+05  7.32577E+03  2.83902E+05  7.92577E+03  8.26226E+03 -0.2E+01(1)
                        5.000E-02  1.49064E+05  1.50693E+05  1.42413E+05   45.16  2.92293E+05  7.46354E+03  2.88634E+05

           GRD      88 -5.000E-02  1.49626E+05  1.49626E+05  1.38886E+05   45.00  2.88512E+05  1.07403E+04  2.83294E+05  8.12546E+03 -8.12546E+03  0.2E+01(1)
                        5.000E-02  1.48344E+05  1.48344E+05  1.43239E+05   45.00  2.91583E+05  5.10486E+03  2.89064E+05

           GRD      12 -5.000E-02  1.46233E+05  1.48586E+05  1.40079E+05   45.24  2.87494E+05  7.32577E+03  2.83902E+05 -8.26226E+03 -7.92577E+03  0.2E+01(1)
                        5.000E-02  1.50693E+05  1.49064E+05  1.42413E+05   44.84  2.92293E+05  7.46354E+03  2.88634E+05

           GRD      52 -5.000E-02  1.45194E+05  1.45194E+05  1.41272E+05   45.00  2.86466E+05  3.92109E+03  2.84526E+05 -8.46196E+03  8.46196E+03 -0.2E+01(1)
                        5.000E-02  1.51413E+05  1.51413E+05  1.41586E+05   45.00  2.92999E+05  9.82689E+03  2.88211E+05

       16  CENTER      -5.000E-02  1.48888E+05  1.48888E+05  1.41540E+05   45.00  2.90429E+05  7.34844E+03  2.86825E+05  1.71892E+02 -1.71892E+02
                        5.000E-02  1.51405E+05  1.51405E+05  1.43898E+05   45.00  2.95302E+05  7.50704E+03  2.91621E+05

           GRD      66 -5.000E-02  1.46233E+05  1.48586E+05  1.40079E+05   45.24  2.87494E+05  7.32577E+03  2.83902E+05  8.26226E+03  7.92577E+03 -0.2E+01(1)
                        5.000E-02  1.50693E+05  1.49064E+05  1.42413E+05   44.84  2.92293E+05  7.46354E+03  2.88634E+05

           GRD      57 -5.000E-02  1.45194E+05  1.45194E+05  1.41272E+05   45.00  2.86466E+05  3.92109E+03  2.84526E+05  8.46196E+03 -8.46196E+03  0.2E+01(1)
                        5.000E-02  1.51413E+05  1.51413E+05  1.41586E+05   45.00  2.92999E+05  9.82689E+03  2.88211E+05

           GRD      17 -5.000E-02  1.48586E+05  1.46233E+05  1.40079E+05   44.76  2.87494E+05  7.32577E+03  2.83902E+05 -7.92577E+03 -8.26226E+03  0.2E+01(1)
                        5.000E-02  1.49064E+05  1.50693E+05  1.42413E+05   45.16  2.92293E+05  7.46354E+03  2.88634E+05

           GRD      29 -5.000E-02  1.49626E+05  1.49626E+05  1.38886E+05   45.00  2.88512E+05  1.07403E+04  2.83294E+05 -8.12546E+03  8.12546E+03 -0.2E+01(1)
                        5.000E-02  1.48344E+05  1.48344E+05  1.43239E+05   45.00  2.91583E+05  5.10486E+03  2.89064E+05

       17  CENTER      -5.000E-02  1.48888E+05  1.48888E+05  1.41540E+05   45.00  2.90429E+05  7.34844E+03  2.86825E+05  1.71892E+02 -1.71892E+02
                        5.000E-02  1.51405E+05  1.51405E+05  1.43898E+05   45.00  2.95302E+05  7.50704E+03  2.91621E+05

           GRD      99 -5.000E-02  1.46233E+05  1.48586E+05  1.40079E+05   45.24  2.87494E+05  7.32577E+03  2.83902E+05  8.26226E+03  7.92577E+03 -0.2E+01(1)
                        5.000E-02  1.50693E+05  1.49064E+05  1.42413E+05   44.84  2.92293E+05  7.46354E+03  2.88634E+05

           GRD      89 -5.000E-02  1.45194E+05  1.45194E+05  1.41272E+05   45.00  2.86466E+05  3.92109E+03  2.84526E+05  8.46196E+03 -8.46196E+03  0.2E+01(1)
                        5.000E-02  1.51413E+05  1.51413E+05  1.41586E+05   45.00  2.92999E+05  9.82689E+03  2.88211E+05

           GRD      66 -5.000E-02  1.48586E+05  1.46233E+05  1.40079E+05   44.76  2.87494E+05  7.32577E+03  2.83902E+05 -7.92577E+03 -8.26226E+03  0.2E+01(1)
                        5.000E-02  1.49064E+05  1.50693E+05  1.42413E+05   45.16  2.92293E+05  7.46354E+03  2.88634E+05

           GRD       4 -5.000E-02  1.49626E+05  1.49626E+05  1.38886E+05   45.00  2.88512E+05  1.07403E+04  2.83294E+05 -8.12546E+03  8.12546E+03 -0.2E+01(1)
                        5.000E-02  1.48344E+05  1.48344E+05  1.43239E+05   45.00  2.91583E+05  5.10486E+03  2.89064E+05

       18  CENTER      -5.000E-02  1.48888E+05  1.48888E+05 -1.41540E+05  -45.00  2.90429E+05  7.34844E+03  2.86825E+05 -1.71892E+02 -1.71892E+02
                        5.000E-02  1.51405E+05  1.51405E+05 -1.43898E+05  -45.00  2.95302E+05  7.50704E+03  2.91621E+05

           GRD      89 -5.000E-02  1.45194E+05  1.45194E+05 -1.41272E+05  -45.00  2.86466E+05  3.92109E+03  2.84526E+05 -8.46196E+03 -8.46196E+03  0.2E+01(1)
                        5.000E-02  1.51413E+05  1.51413E+05 -1.41586E+05  -45.00  2.92999E+05  9.82689E+03  2.88211E+05

           GRD      35 -5.000E-02  1.46233E+05  1.48586E+05 -1.40079E+05  -45.24  2.87494E+05  7.32577E+03  2.83902E+05 -8.26226E+03  7.92577E+03 -0.2E+01(1)
                        5.000E-02  1.50693E+05  1.49064E+05 -1.42413E+05  -44.84  2.92293E+05  7.46354E+03  2.88634E+05

           GRD      42 -5.000E-02  1.49626E+05  1.49626E+05 -1.38886E+05  -45.00  2.88512E+05  1.07403E+04  2.83294E+05  8.12546E+03  8.12546E+03 -0.2E+01(1)
                        5.000E-02  1.48344E+05  1.48344E+05 -1.43239E+05  -45.00  2.91583E+05  5.10486E+03  2.89064E+05

           GRD      41 -5.000E-02  1.48586E+05  1.46233E+05 -1.40079E+05  -44.76  2.87494E+05  7.32577E+03  2.83902E+05  7.92577E+03 -8.26226E+03  0.2E+01(1)
                        5.000E-02  1.49064E+05  1.50693E+05 -1.42413E+05  -45.16  2.92293E+05  7.46354E+03  2.88634E+05

       19  CENTER      -5.000E-02  1.44583E+05  1.44583E+05 -1.47956E+05  -45.00  2.92539E+05 -3.37304E+03  2.94240E+05  4.35624E+02  4.35624E+02
                        5.000E-02  1.56044E+05  1.56044E+05 -1.45633E+05  -45.00  3.01677E+05  1.04104E+04  2.96609E+05

           GRD      56 -5.000E-02  1.57879E+05  1.57879E+05 -1.38473E+05  -45.00  2.96352E+05  1.94059E+04  2.87141E+05 -9.21938E+03 -9.21938E+03  0.2E+01(2)
                        5.000E-02  1.41078E+05  1.41078E+05 -1.51366E+05  -45.00  2.92444E+05 -1.02877E+04  2.97721E+05

           GRD      94 -5.000E-02  1.50947E+05  1.35264E+05 -1.46428E+05  -43.47  2.89743E+05 -3.53166E+03  2.91525E+05 -8.98713E+03  9.83991E+03 -0.2E+01(1)
                        5.000E-02  1.47383E+05  1.61649E+05 -1.44130E+05  -46.42  2.98822E+05  1.02097E+04  2.93851E+05

           GRD      36 -5.000E-02  1.28333E+05  1.28333E+05 -1.54382E+05  -45.00  2.82715E+05 -2.60496E+04  2.96599E+05  1.00722E+04  1.00722E+04 -0.2E+01(1)
                        5.000E-02  1.67954E+05  1.67954E+05 -1.36894E+05  -45.00  3.04848E+05  3.10599E+04  2.90566E+05

           GRD      31 -5.000E-02  1.35264E+05  1.50947E+05 -1.46428E+05  -46.53  2.89743E+05 -3.53166E+03  2.91525E+05  9.83991E+03 -8.98713E+03  0.2E+01(2)
                        5.000E-02  1.61649E+05  1.47383E+05 -1.44130E+05  -43.58  2.98822E+05  1.02097E+04  2.93851E+05

       20  CENTER      -5.000E-02  1.48888E+05  1.48888E+05  1.41540E+05   45.00  2.90429E+05  7.34844E+03  2.86825E+05  1.71892E+02 -1.71892E+02
                        5.000E-02  1.51405E+05  1.51405E+05  1.43898E+05   45.00  2.95302E+05  7.50704E+03  2.91621E+05

           GRD      95 -5.000E-02  1.46233E+05  1.48586E+05  1.40079E+05   45.24  2.87494E+05  7.32577E+03  2.83902E+05  8.26226E+03  7.92577E+03 -0.2E+01(1)
                        5.000E-02  1.50693E+05  1.49064E+05  1.42413E+05   44.84  2.92293E+05  7.46354E+03  2.88634E+05

           GRD       3 -5.000E-02  1.45194E+05  1.45194E+05  1.41272E+05   45.00  2.86466E+05  3.92109E+03  2.84526E+05  8.46196E+03 -8.46196E+03  0.2E+01(1)
                        5.000E-02  1.51413E+05  1.51413E+05  1.41586E+05   45.00  2.92999E+05  9.82689E+03  2.88211E+05

           GRD      61 -5.000E-02  1.48586E+05  1.46233E+05  1.40079E+05   44.76  2.87494E+05  7.32577E+03  2.83902E+05 -7.92577E+03 -8.26226E+03  0.2E+01(1)
                        5.000E-02  1.49064E+05  1.50693E+05  1.42413E+05   45.16  2.92293E+05  7.46354E+03  2.88634E+05

           GRD      69 -5.000E-02  1.49626E+05  1.49626E+05  1.38886E+05   45.00  2.88512E+05  1.07403E+04  2.83294E+05 -8.12546E+03  8.12546E+03 -0.2E+01(1)
                        5.000E-02  1.48344E+05  1.48344E+05  1.43239E+05   45.00  2.91583E+05  5.10486E+03  2.89064E+05

       21  CENTER      -5.000E-02  1.50582E+05  1.50582E+05 -1.38274E+05  -45.00  2.88857E+05  1.23078E+04  2.82904E+05 -9.28691E+03 -9.28691E+03
                        5.000E-02  1.44427E+05  1.44427E+05 -1.45253E+05  -45.00  2.89680E+05 -8.26709E+02  2.90094E+05

           GRD      16 -5.000E-02  1.62969E+05  1.62969E+05 -1.29395E+05  -45.00  2.92364E+05  3.35743E+04  2.77107E+05 -2.61528E+03 -2.61528E+03  0.2E+01(2)
                        5.000E-02  1.25903E+05  1.25903E+05 -1.52921E+05  -45.00  2.78825E+05 -2.70180E+04  2.93269E+05

           GRD      30 -5.000E-02  1.56475E+05  1.41783E+05 -1.36847E+05  -43.46  2.86173E+05  1.20849E+04  2.80326E+05 -2.77118E+03 -1.54089E+04 -0.2E+01(2)
                        5.000E-02  1.33892E+05  1.51966E+05 -1.43754E+05  -46.80  2.86966E+05 -1.10843E+03  2.87522E+05

           GRD      14 -5.000E-02  1.35289E+05  1.35289E+05 -1.44300E+05  -45.00  2.79589E+05 -9.01038E+03  2.84201E+05 -1.55648E+04 -1.55648E+04 -0.2E+01(2)
                        5.000E-02  1.59955E+05  1.59955E+05 -1.34586E+05  -45.00  2.94541E+05  2.53687E+04  2.82711E+05

           GRD      20 -5.000E-02  1.41783E+05  1.56475E+05 -1.36847E+05  -46.54  2.86173E+05  1.20849E+04  2.80326E+05 -1.54089E+04 -2.77118E+03  0.2E+01(2)
                        5.000E-02  1.51966E+05  1.33892E+05 -1.43754E+05  -43.20  2.86966E+05 -1.10843E+03  2.87522E+05

       22  CENTER      -5.000E-02  1.50582E+05  1.50582E+05 -1.38274E+05  -45.00  2.88857E+05  1.23078E+04  2.82904E+05 -9.28691E+03 -9.28691E+03
                        5.000E-02  1.44427E+05  1.44427E+05 -1.45253E+05  -45.00  2.89680E+05 -8.26709E+02  2.90094E+05

           GRD      36 -5.000E-02  1.62969E+05  1.62969E+05 -1.29395E+05  -45.00  2.92364E+05  3.35743E+04  2.77107E+05 -2.61528E+03 -2.61528E+03  0.2E+01(2)
                        5.000E-02  1.25903E+05  1.25903E+05 -1.52921E+05  -45.00  2.78825E+05 -2.70180E+04  2.93269E+05

           GRD      74 -5.000E-02  1.56475E+05  1.41783E+05 -1.36847E+05  -43.46  2.86173E+05  1.20849E+04  2.80326E+05 -2.77118E+03 -1.54089E+04 -0.2E+01(2)
                        5.000E-02  1.33892E+05  1.51966E+05 -1.43754E+05  -46.80  2.86966E+05 -1.10843E+03  2.87522E+05

           GRD      27 -5.000E-02  1.35289E+05  1.35289E+05 -1.44300E+05  -45.00  2.79589E+05 -9.01038E+03  2.84201E+05 -1.55648E+04 -1.55648E+04 -0.2E+01(1)
                        5.000E-02  1.59955E+05  1.59955E+05 -1.34586E+05  -45.00  2.94541E+05  2.53687E+04  2.82711E+05

           GRD      30 -5.000E-02  1.41783E+05  1.56475E+05 -1.36847E+05  -46.54  2.86173E+05  1.20849E+04  2.80326E+05 -1.54089E+04 -2.77118E+03  0.2E+01(2)
                        5.000E-02  1.51966E+05  1.33892E+05 -1.43754E+05  -43.20  2.86966E+05 -1.10843E+03  2.87522E+05

       23  CENTER      -5.000E-02  1.44583E+05  1.44583E+05  1.47956E+05   45.00  2.92539E+05 -3.37304E+03  2.94240E+05  4.35624E+02 -4.35624E+02
                        5.000E-02  1.56044E+05  1.56044E+05  1.45633E+05   45.00  3.01677E+05  1.04104E+04  2.96609E+05

           GRD      86 -5.000E-02  1.35264E+05  1.50947E+05  1.46428E+05   46.53  2.89743E+05 -3.53166E+03  2.91525E+05  9.83991E+03  8.98713E+03 -0.2E+01(2)
                        5.000E-02  1.61649E+05  1.47383E+05  1.44130E+05   43.58  2.98822E+05  1.02097E+04  2.93851E+05

           GRD      90 -5.000E-02  1.28333E+05  1.28333E+05  1.54382E+05   45.00  2.82715E+05 -2.60496E+04  2.96599E+05  1.00722E+04 -1.00722E+04  0.2E+01(2)
                        5.000E-02  1.67954E+05  1.67954E+05  1.36894E+05   45.00  3.04848E+05  3.10599E+04  2.90566E+05

           GRD      60 -5.000E-02  1.50947E+05  1.35264E+05  1.46428E+05   43.47  2.89743E+05 -3.53166E+03  2.91525E+05 -8.98713E+03 -9.83991E+03  0.2E+01(2)
                        5.000E-02  1.47383E+05  1.61649E+05  1.44130E+05   46.42  2.98822E+05  1.02097E+04  2.93851E+05

           GRD      92 -5.000E-02  1.57879E+05  1.57879E+05  1.38473E+05   45.00  2.96352E+05  1.94059E+04  2.87141E+05 -9.21938E+03  9.21938E+03 -0.2E+01(2)
                        5.000E-02  1.41078E+05  1.41078E+05  1.51366E+05   45.00  2.92444E+05 -1.02877E+04  2.97721E+05

       24  CENTER      -5.000E-02  1.50582E+05  1.50582E+05  1.38274E+05   45.00  2.88857E+05  1.23078E+04  2.82904E+05 -9.28691E+03  9.28691E+03
                        5.000E-02  1.44427E+05  1.44427E+05  1.45253E+05   45.00  2.89680E+05 -8.26709E+02  2.90094E+05

           GRD      20 -5.000E-02  1.41783E+05  1.56475E+05  1.36847E+05   46.54  2.86173E+05  1.20849E+04  2.80326E+05 -1.54089E+04  2.77118E+03 -0.2E+01(2)
                        5.000E-02  1.51966E+05  1.33892E+05  1.43754E+05   43.20  2.86966E+05 -1.10843E+03  2.87522E+05

           GRD      24 -5.000E-02  1.35289E+05  1.35289E+05  1.44300E+05   45.00  2.79589E+05 -9.01038E+03  2.84201E+05 -1.55648E+04  1.55648E+04  0.2E+01(2)
                        5.000E-02  1.59955E+05  1.59955E+05  1.34586E+05   45.00  2.94541E+05  2.53687E+04  2.82711E+05

           GRD      75 -5.000E-02  1.56475E+05  1.41783E+05  1.36847E+05   43.46  2.86173E+05  1.20849E+04  2.80326E+05 -2.77118E+03  1.54089E+04  0.2E+01(2)
                        5.000E-02  1.33892E+05  1.51966E+05  1.43754E+05   46.80  2.86966E+05 -1.10843E+03  2.87522E+05

           GRD      25 -5.000E-02  1.62969E+05  1.62969E+05  1.29395E+05   45.00  2.92364E+05  3.35743E+04  2.77107E+05 -2.61528E+03  2.61528E+03 -0.2E+01(2)
                        5.000E-02  1.25903E+05  1.25903E+05  1.52921E+05   45.00  2.78825E+05 -2.70180E+04  2.93269E+05

       25  CENTER      -5.000E-02  1.50582E+05  1.50582E+05  1.38274E+05   45.00  2.88857E+05  1.23078E+04  2.82904E+05 -9.28691E+03  9.28691E+03
                        5.000E-02  1.44427E+05  1.44427E+05  1.45253E+05   45.00  2.89680E+05 -8.26709E+02  2.90094E+05

           GRD      43 -5.000E-02  1.41783E+05  1.56475E+05  1.36847E+05   46.54  2.86173E+05  1.20849E+04  2.80326E+05 -1.54089E+04  2.77118E+03 -0.2E+01(1)
                        5.000E-02  1.51966E+05  1.33892E+05  1.43754E+05   43.20  2.86966E+05 -1.10843E+03  2.87522E+05

           GRD      47 -5.000E-02  1.35289E+05  1.35289E+05  1.44300E+05   45.00  2.79589E+05 -9.01038E+03  2.84201E+05 -1.55648E+04  1.55648E+04  0.2E+01(1)
                        5.000E-02  1.59955E+05  1.59955E+05  1.34586E+05   45.00  2.94541E+05  2.53687E+04  2.82711E+05

           GRD      71 -5.000E-02  1.56475E+05  1.41783E+05  1.36847E+05   43.46  2.86173E+05  1.20849E+04  2.80326E+05 -2.77118E+03  1.54089E+04  0.2E+01(1)
                        5.000E-02  1.33892E+05  1.51966E+05  1.43754E+05   46.80  2.86966E+05 -1.10843E+03  2.87522E+05

           GRD      48 -5.000E-02  1.62969E+05  1.62969E+05  1.29395E+05   45.00  2.92364E+05  3.35743E+04  2.77107E+05 -2.61528E+03  2.61528E+03 -0.2E+01(1)
                        5.000E-02  1.25903E+05  1.25903E+05  1.52921E+05   45.00  2.78825E+05 -2.70180E+04  2.93269E+05

       26  CENTER      -5.000E-02  1.47480E+05  1.47480E+05  1.37623E+05   45.00  2.85103E+05  9.85707E+03  2.80304E+05  1.30294E+03 -1.30294E+03
                        5.000E-02  1.48579E+05  1.48579E+05  1.40642E+05   45.00  2.89221E+05  7.93694E+03  2.85335E+05

           GRD      48 -5.000E-02  1.55106E+05  1.36936E+05  1.36203E+05   43.09  2.82526E+05  9.51575E+03  2.77891E+05  1.20269E+04  9.47630E+03 -0.2E+01(2)
                        5.000E-02  1.35872E+05  1.58276E+05  1.39191E+05   47.30  2.86714E+05  7.43298E+03  2.83071E+05

           GRD      71 -5.000E-02  1.63138E+05  1.63138E+05  1.26986E+05   45.00  2.90124E+05  3.61520E+04  2.73843E+05  1.22922E+04 -1.22922E+04  0.2E+01(2)
                        5.000E-02  1.25969E+05  1.25969E+05  1.50555E+05   45.00  2.76524E+05 -2.45855E+04  2.89600E+05

           GRD      80 -5.000E-02  1.36936E+05  1.55106E+05  1.36203E+05   46.91  2.82526E+05  9.51575E+03  2.77891E+05 -9.47630E+03 -1.20269E+04  0.2E+01(2)
                        5.000E-02  1.58276E+05  1.35872E+05  1.39191E+05   42.70  2.86714E+05  7.43298E+03  2.83071E+05

           GRD      76 -5.000E-02  1.28904E+05  1.28904E+05  1.45419E+05   45.00  2.74323E+05 -1.65151E+04  2.82943E+05 -9.74156E+03  9.74156E+03 -0.2E+01(2)
                        5.000E-02  1.68178E+05  1.68178E+05  1.27827E+05   45.00  2.96005E+05  4.03515E+04  2.78034E+05

       27  CENTER      -5.000E-02  1.48888E+05  1.48888E+05  1.41540E+05   45.00  2.90429E+05  7.34844E+03  2.86825E+05 -1.71892E+02  1.71892E+02
                        5.000E-02  1.51405E+05  1.51405E+05  1.43898E+05   45.00  2.95302E+05  7.50704E+03  2.91621E+05

           GRD      41 -5.000E-02  1.48586E+05  1.46233E+05  1.40079E+05   44.76  2.87494E+05  7.32577E+03  2.83902E+05  7.92577E+03  8.26226E+03 -0.2E+01(2)
                        5.000E-02  1.49064E+05  1.50693E+05  1.42413E+05   45.16  2.92293E+05  7.46354E+03  2.88634E+05

           GRD      83 -5.000E-02  1.49626E+05  1.49626E+05  1.38886E+05   45.00  2.88512E+05  1.07403E+04  2.83294E+05  8.12546E+03 -8.12546E+03  0.2E+01(2)
                        5.000E-02  1.48344E+05  1.48344E+05  1.43239E+05   45.00  2.91583E+05  5.10486E+03  2.89064E+05

           GRD      87 -5.000E-02  1.46233E+05  1.48586E+05  1.40079E+05   45.24  2.87494E+05  7.32577E+03  2.83902E+05 -8.26226E+03 -7.92577E+03  0.2E+01(2)
                        5.000E-02  1.50693E+05  1.49064E+05  1.42413E+05   44.84  2.92293E+05  7.46354E+03  2.88634E+05

           GRD      57 -5.000E-02  1.45194E+05  1.45194E+05  1.41272E+05   45.00  2.86466E+05  3.92109E+03  2.84526E+05 -8.46196E+03  8.46196E+03 -0.2E+01(2)
                        5.000E-02  1.51413E+05  1.51413E+05  1.41586E+05   45.00  2.92999E+05  9.82689E+03  2.88211E+05

       28  CENTER      -5.000E-02  1.45851E+05  1.45851E+05 -1.44852E+05  -45.00  2.90704E+05  9.98964E+02  2.90205E+05  3.65853E+02  3.65853E+02
                        5.000E-02  1.53468E+05  1.53468E+05 -1.44528E+05  -45.00  2.97995E+05  8.94021E+03  2.93627E+05

           GRD      55 -5.000E-02  1.49501E+05  1.49501E+05 -1.40599E+05  -45.00  2.90100E+05  8.90243E+03  2.85753E+05 -9.31348E+03 -9.31348E+03  0.2E+01(2)
                        5.000E-02  1.48296E+05  1.48296E+05 -1.45002E+05  -45.00  2.93298E+05  3.29411E+03  2.91664E+05

           GRD      44 -5.000E-02  1.47098E+05  1.41661E+05 -1.43357E+05  -44.46  2.87762E+05  9.97105E+02  2.87265E+05 -9.08061E+03  9.79680E+03 -0.2E+01(2)
                        5.000E-02  1.50009E+05  1.53885E+05 -1.43036E+05  -45.39  2.94996E+05  8.89780E+03  2.90649E+05

           GRD      33 -5.000E-02  1.39258E+05  1.39258E+05 -1.46114E+05  -45.00  2.85372E+05 -6.85667E+03  2.88862E+05  1.00297E+04  1.00297E+04 -0.2E+01(2)
                        5.000E-02  1.55598E+05  1.55598E+05 -1.41070E+05  -45.00  2.96668E+05  1.45277E+04  2.89677E+05

           GRD      59 -5.000E-02  1.41661E+05  1.47098E+05 -1.43357E+05  -45.54  2.87762E+05  9.97105E+02  2.87265E+05  9.79680E+03 -9.08061E+03  0.2E+01(2)
                        5.000E-02  1.53885E+05  1.50009E+05 -1.43036E+05  -44.61  2.94996E+05  8.89780E+03  2.90649E+05

       29  CENTER      -5.000E-02  1.50331E+05  1.50331E+05  1.39647E+05   45.00  2.89978E+05  1.06846E+04  2.84786E+05 -5.50253E+02  5.50253E+02
                        5.000E-02  1.49971E+05  1.49971E+05  1.43512E+05   45.00  2.93484E+05  6.45900E+03  2.90308E+05

           GRD      72 -5.000E-02  1.53836E+05  1.43867E+05  1.38206E+05   43.97  2.87147E+05  1.05562E+04  2.82017E+05  7.15627E+03  8.23345E+03 -0.2E+01(1)
                        5.000E-02  1.44608E+05  1.52283E+05  1.42031E+05   45.77  2.90528E+05  6.36182E+03  2.87400E+05

           GRD      76 -5.000E-02  1.58242E+05  1.58242E+05  1.33149E+05   45.00  2.91391E+05  2.50923E+04  2.79690E+05  7.34612E+03 -7.34612E+03  0.2E+01(1)
                        5.000E-02  1.41215E+05  1.41215E+05  1.45924E+05   45.00  2.87140E+05 -4.70896E+03  2.89523E+05

           GRD      82 -5.000E-02  1.43867E+05  1.53836E+05  1.38206E+05   46.03  2.87147E+05  1.05562E+04  2.82017E+05 -8.23345E+03 -7.15627E+03  0.2E+01(1)
                        5.000E-02  1.52283E+05  1.44608E+05  1.42031E+05   44.23  2.90528E+05  6.36182E+03  2.87400E+05

           GRD      78 -5.000E-02  1.39461E+05  1.39461E+05  1.43262E+05   45.00  2.82723E+05 -3.80030E+03  2.84642E+05 -8.42330E+03  8.42330E+03 -0.2E+01(1)
                        5.000E-02  1.55675E+05  1.55675E+05  1.38139E+05   45.00  2.93813E+05  1.75363E+04  2.85449E+05

       30  CENTER      -5.000E-02  1.44583E+05  1.44583E+05  1.47956E+05   45.00  2.92539E+05 -3.37304E+03  2.94240E+05  4.35624E+02 -4.35624E+02
                        5.000E-02  1.56044E+05  1.56044E+05  1.45633E+05   45.00  3.01677E+05  1.04104E+04  2.96609E+05

           GRD      76 -5.000E-02  1.35264E+05  1.50947E+05  1.46428E+05   46.53  2.89743E+05 -3.53166E+03  2.91525E+05  9.83991E+03  8.98713E+03 -0.2E+01(1)
                        5.000E-02  1.61649E+05  1.47383E+05  1.44130E+05   43.58  2.98822E+05  1.02097E+04  2.93851E+05

           GRD      80 -5.000E-02  1.28333E+05  1.28333E+05  1.54382E+05   45.00  2.82715E+05 -2.60496E+04  2.96599E+05  1.00722E+04 -1.00722E+04  0.2E+01(1)
                        5.000E-02  1.67954E+05  1.67954E+05  1.36894E+05   45.00  3.04848E+05  3.10599E+04  2.90566E+05

           GRD      94 -5.000E-02  1.50947E+05  1.35264E+05  1.46428E+05   43.47  2.89743E+05 -3.53166E+03  2.91525E+05 -8.98713E+03 -9.83991E+03  0.2E+01(1)
                        5.000E-02  1.47383E+05  1.61649E+05  1.44130E+05   46.42  2.98822E+05  1.02097E+04  2.93851E+05

           GRD      82 -5.000E-02  1.57879E+05  1.57879E+05  1.38473E+05   45.00  2.96352E+05  1.94059E+04  2.87141E+05 -9.21938E+03  9.21938E+03 -0.2E+01(1)
                        5.000E-02  1.41078E+05  1.41078E+05  1.51366E+05   45.00  2.92444E+05 -1.02877E+04  2.97721E+05

       31  CENTER      -5.000E-02  1.50582E+05  1.50582E+05  1.38274E+05   45.00  2.88857E+05  1.23078E+04  2.82904E+05 -9.28691E+03  9.28691E+03
                        5.000E-02  1.44427E+05  1.44427E+05  1.45253E+05   45.00  2.89680E+05 -8.26709E+02  2.90094E+05

           GRD      71 -5.000E-02  1.41783E+05  1.56475E+05  1.36847E+05   46.54  2.86173E+05  1.20849E+04  2.80326E+05 -1.54089E+04  2.77118E+03 -0.2E+01(2)
                        5.000E-02  1.51966E+05  1.33892E+05  1.43754E+05   43.20  2.86966E+05 -1.10843E+03  2.87522E+05

           GRD      81 -5.000E-02  1.35289E+05  1.35289E+05  1.44300E+05   45.00  2.79589E+05 -9.01038E+03  2.84201E+05 -1.55648E+04  1.55648E+04  0.2E+01(2)
                        5.000E-02  1.59955E+05  1.59955E+05  1.34586E+05   45.00  2.94541E+05  2.53687E+04  2.82711E+05

           GRD      74 -5.000E-02  1.56475E+05  1.41783E+05  1.36847E+05   43.46  2.86173E+05  1.20849E+04  2.80326E+05 -2.77118E+03  1.54089E+04  0.2E+01(2)
                        5.000E-02  1.33892E+05  1.51966E+05  1.43754E+05   46.80  2.86966E+05 -1.10843E+03  2.87522E+05

           GRD      80 -5.000E-02  1.62969E+05  1.62969E+05  1.29395E+05   45.00  2.92364E+05  3.35743E+04  2.77107E+05 -2.61528E+03  2.61528E+03 -0.2E+01(2)
                        5.000E-02  1.25903E+05  1.25903E+05  1.52921E+05   45.00  2.78825E+05 -2.70180E+04  2.93269E+05

       32  CENTER      -5.000E-02  1.46573E+05  1.46573E+05  1.44032E+05   45.00  2.90606E+05  2.54130E+03  2.89343E+05 -7.25040E-07 -7.51082E-07
                        5.000E-02  1.52899E+05  1.52899E+05  1.44386E+05   45.00  2.97285E+05  8.51295E+03  2.93121E+05

           GRD      57 -5.000E-02  1.45100E+05  1.45100E+05  1.42545E+05   45.00  2.87645E+05  2.55538E+03  2.86376E+05  9.19058E+03  9.19058E+03 -0.7E+01(6)
                        5.000E-02  1.51377E+05  1.51377E+05  1.42896E+05   45.00  2.94272E+05  8.48135E+03  2.90125E+05

           GRD      87 -5.000E-02  1.45100E+05  1.45100E+05  1.42545E+05   45.00  2.87645E+05  2.55538E+03  2.86376E+05  9.41733E+03 -9.41733E+03  0.7E+01(6)
                        5.000E-02  1.51377E+05  1.51377E+05  1.42896E+05   45.00  2.94272E+05  8.48135E+03  2.90125E+05

           GRD      52 -5.000E-02  1.45100E+05  1.45100E+05  1.42545E+05   45.00  2.87645E+05  2.55538E+03  2.86376E+05 -9.19058E+03 -9.19058E+03  0.7E+01(6)
                        5.000E-02  1.51377E+05  1.51377E+05  1.42896E+05   45.00  2.94272E+05  8.48135E+03  2.90125E+05

           GRD      17 -5.000E-02  1.45100E+05  1.45100E+05  1.42545E+05   45.00  2.87645E+05  2.55538E+03  2.86376E+05 -9.41733E+03  9.41733E+03 -0.7E+01(6)
                        5.000E-02  1.51377E+05  1.51377E+05  1.42896E+05   45.00  2.94272E+05  8.48135E+03  2.90125E+05

       33  CENTER      -5.000E-02  1.50582E+05  1.50582E+05  1.38274E+05   45.00  2.88857E+05  1.23078E+04  2.82904E+05 -9.28691E+03  9.28691E+03
                        5.000E-02  1.44427E+05  1.44427E+05  1.45253E+05   45.00  2.89680E+05 -8.26709E+02  2.90094E+05

           GRD      84 -5.000E-02  1.41783E+05  1.56475E+05  1.36847E+05   46.54  2.86173E+05  1.20849E+04  2.80326E+05 -1.54089E+04  2.77118E+03 -0.2E+01(1)
                        5.000E-02  1.51966E+05  1.33892E+05  1.43754E+05   43.20  2.86966E+05 -1.10843E+03  2.87522E+05

           GRD      28 -5.000E-02  1.35289E+05  1.35289E+05  1.44300E+05   45.00  2.79589E+05 -9.01038E+03  2.84201E+05 -1.55648E+04  1.55648E+04  0.2E+01(1)
                        5.000E-02  1.59955E+05  1.59955E+05  1.34586E+05   45.00  2.94541E+05  2.53687E+04  2.82711E+05

           GRD      49 -5.000E-02  1.56475E+05  1.41783E+05  1.36847E+05   43.46  2.86173E+05  1.20849E+04  2.80326E+05 -2.77118E+03  1.54089E+04  0.2E+01(1)
                        5.000E-02  1.33892E+05  1.51966E+05  1.43754E+05   46.80  2.86966E+05 -1.10843E+03  2.87522E+05

           GRD      13 -5.000E-02  1.62969E+05  1.62969E+05  1.29395E+05   45.00  2.92364E+05  3.35743E+04  2.77107E+05 -2.61528E+03  2.61528E+03 -0.2E+01(1)
                        5.000E-02  1.25903E+05  1.25903E+05  1.52921E+05   45.00  2.78825E+05 -2.70180E+04  2.93269E+05

       34  CENTER      -5.000E-02  1.50331E+05  1.50331E+05  1.39647E+05   45.00  2.89978E+05  1.06846E+04  2.84786E+05 -5.50253E+02  5.50253E+02
                        5.000E-02  1.49971E+05  1.49971E+05  1.43512E+05   45.00  2.93484E+05  6.45900E+03  2.90308E+05

           GRD      23 -5.000E-02  1.53836E+05  1.43867E+05  1.38206E+05   43.97  2.87147E+05  1.05562E+04  2.82017E+05  7.15627E+03  8.23345E+03 -0.2E+01(2)
                        5.000E-02  1.44608E+05  1.52283E+05  1.42031E+05   45.77  2.90528E+05  6.36182E+03  2.87400E+05

           GRD      22 -5.000E-02  1.58242E+05  1.58242E+05  1.33149E+05   45.00  2.91391E+05  2.50923E+04  2.79690E+05  7.34612E+03 -7.34612E+03  0.2E+01(2)
                        5.000E-02  1.41215E+05  1.41215E+05  1.45924E+05   45.00  2.87140E+05 -4.70896E+03  2.89523E+05

           GRD      79 -5.000E-02  1.43867E+05  1.53836E+05  1.38206E+05   46.03  2.87147E+05  1.05562E+04  2.82017E+05 -8.23345E+03 -7.15627E+03  0.2E+01(2)
                        5.000E-02  1.52283E+05  1.44608E+05  1.42031E+05   44.23  2.90528E+05  6.36182E+03  2.87400E+05

           GRD      83 -5.000E-02  1.39461E+05  1.39461E+05  1.43262E+05   45.00  2.82723E+05 -3.80030E+03  2.84642E+05 -8.42330E+03  8.42330E+03 -0.2E+01(2)
                        5.000E-02  1.55675E+05  1.55675E+05  1.38139E+05   45.00  2.93813E+05  1.75363E+04  2.85449E+05

       35  CENTER      -5.000E-02  1.45851E+05  1.45851E+05  1.44852E+05   45.00  2.90704E+05  9.98964E+02  2.90205E+05 -3.65853E+02  3.65853E+02
                        5.000E-02  1.53468E+05  1.53468E+05  1.44528E+05   45.00  2.97995E+05  8.94021E+03  2.93627E+05

           GRD       4 -5.000E-02  1.47098E+05  1.41661E+05  1.43357E+05   44.46  2.87762E+05  9.97105E+02  2.87265E+05  9.08061E+03  9.79680E+03 -0.2E+01(1)
                        5.000E-02  1.50009E+05  1.53885E+05  1.43036E+05   45.39  2.94996E+05  8.89780E+03  2.90649E+05

           GRD      66 -5.000E-02  1.49501E+05  1.49501E+05  1.40599E+05   45.00  2.90100E+05  8.90243E+03  2.85753E+05  9.31348E+03 -9.31348E+03  0.2E+01(1)
                        5.000E-02  1.48296E+05  1.48296E+05  1.45002E+05   45.00  2.93298E+05  3.29411E+03  2.91664E+05

           GRD      29 -5.000E-02  1.41661E+05  1.47098E+05  1.43357E+05   45.54  2.87762E+05  9.97105E+02  2.87265E+05 -9.79680E+03 -9.08061E+03  0.2E+01(1)
                        5.000E-02  1.53885E+05  1.50009E+05  1.43036E+05   44.61  2.94996E+05  8.89780E+03  2.90649E+05

           GRD      96 -5.000E-02  1.39258E+05  1.39258E+05  1.46114E+05   45.00  2.85372E+05 -6.85667E+03  2.88862E+05 -1.00297E+04  1.00297E+04 -0.2E+01(1)
                        5.000E-02  1.55598E+05  1.55598E+05  1.41070E+05   45.00  2.96668E+05  1.45277E+04  2.89677E+05

       36  CENTER      -5.000E-02  1.45851E+05  1.45851E+05  1.44852E+05   45.00  2.90704E+05  9.98964E+02  2.90205E+05 -3.65853E+02  3.65853E+02
                        5.000E-02  1.53468E+05  1.53468E+05  1.44528E+05   45.00  2.97995E+05  8.94021E+03  2.93627E+05

           GRD      26 -5.000E-02  1.47098E+05  1.41661E+05  1.43357E+05   44.46  2.87762E+05  9.97105E+02  2.87265E+05  9.08061E+03  9.79680E+03 -0.2E+01(1)
                        5.000E-02  1.50009E+05  1.53885E+05  1.43036E+05   45.39  2.94996E+05  8.89780E+03  2.90649E+05

           GRD      95 -5.000E-02  1.49501E+05  1.49501E+05  1.40599E+05   45.00  2.90100E+05  8.90243E+03  2.85753E+05  9.31348E+03 -9.31348E+03  0.2E+01(1)
                        5.000E-02  1.48296E+05  1.48296E+05  1.45002E+05   45.00  2.93298E+05  3.29411E+03  2.91664E+05

           GRD      69 -5.000E-02  1.41661E+05  1.47098E+05  1.43357E+05   45.54  2.87762E+05  9.97105E+02  2.87265E+05 -9.79680E+03 -9.08061E+03  0.2E+01(1)
                        5.000E-02  1.53885E+05  1.50009E+05  1.43036E+05   44.61  2.94996E+05  8.89780E+03  2.90649E+05

           GRD       8 -5.000E-02  1.39258E+05  1.39258E+05  1.46114E+05   45.00  2.85372E+05 -6.85667E+03  2.88862E+05 -1.00297E+04  1.00297E+04 -0.2E+01(1)
                        5.000E-02  1.55598E+05  1.55598E+05  1.41070E+05   45.00  2.96668E+05  1.45277E+04  2.89677E+05

       37  CENTER      -5.000E-02  1.45851E+05  1.45851E+05  1.44852E+05   45.00  2.90704E+05  9.98964E+02  2.90205E+05  3.65853E+02 -3.65853E+02
                        5.000E-02  1.53468E+05  1.53468E+05  1.44528E+05   45.00  2.97995E+05  8.94021E+03  2.93627E+05

           GRD      88 -5.000E-02  1.41661E+05  1.47098E+05  1.43357E+05   45.54  2.87762E+05  9.97105E+02  2.87265E+05  9.79680E+03  9.08061E+03 -0.8E+01(6)
                        5.000E-02  1.53885E+05  1.50009E+05  1.43036E+05   44.61  2.94996E+05  8.89780E+03  2.90649E+05

           GRD      92 -5.000E-02  1.39258E+05  1.39258E+05  1.46114E+05   45.00  2.85372E+05 -6.85667E+03  2.88862E+05  1.00297E+04 -1.00297E+04  0.8E+01(6)
                        5.000E-02  1.55598E+05  1.55598E+05  1.41070E+05   45.00  2.96668E+05  1.45277E+04  2.89677E+05

           GRD      10 -5.000E-02  1.47098E+05  1.41661E+05  1.43357E+05   44.46  2.87762E+05  9.97105E+02  2.87265E+05 -9.08061E+03 -9.79680E+03  0.8E+01(6)
                        5.000E-02  1.50009E+05  1.53885E+05  1.43036E+05   45.39  2.94996E+05  8.89780E+03  2.90649E+05

           GRD      12 -5.000E-02  1.49501E+05  1.49501E+05  1.40599E+05   45.00  2.90100E+05  8.90243E+03  2.85753E+05 -9.31348E+03  9.31348E+03 -0.8E+01(6)
                        5.000E-02  1.48296E+05  1.48296E+05  1.45002E+05   45.00  2.93298E+05  3.29411E+03  2.91664E+05

       38  CENTER      -5.000E-02  1.46573E+05  1.46573E+05  1.44032E+05   45.00  2.90606E+05  2.54130E+03  2.89343E+05  7.50063E-07  7.23963E-07
                        5.000E-02  1.52899E+05  1.52899E+05  1.44386E+05   45.00  2.97285E+05  8.51295E+03  2.93121E+05

           GRD      70 -5.000E-02  1.45100E+05  1.45100E+05  1.42545E+05   45.00  2.87645E+05  2.55538E+03  2.86376E+05  9.19058E+03  9.19058E+03 -0.7E+01(6)
                        5.000E-02  1.51377E+05  1.51377E+05  1.42896E+05   45.00  2.94272E+05  8.48135E+03  2.90125E+05

           GRD      77 -5.000E-02  1.45100E+05  1.45100E+05  1.42545E+05   45.00  2.87645E+05  2.55538E+03  2.86376E+05  9.41733E+03 -9.41733E+03  0.7E+01(6)
                        5.000E-02  1.51377E+05  1.51377E+05  1.42896E+05   45.00  2.94272E+05  8.48135E+03  2.90125E+05

           GRD       9 -5.000E-02  1.45100E+05  1.45100E+05  1.42545E+05   45.00  2.87645E+05  2.55538E+03  2.86376E+05 -9.19058E+03 -9.19058E+03  0.7E+01(6)
                        5.000E-02  1.51377E+05  1.51377E+05  1.42896E+05   45.00  2.94272E+05  8.48135E+03  2.90125E+05

           GRD       5 -5.000E-02  1.45100E+05  1.45100E+05  1.42545E+05   45.00  2.87645E+05  2.55538E+03  2.86376E+05 -9.41733E+03  9.41733E+03 -0.7E+01(6)
                        5.000E-02  1.51377E+05  1.51377E+05  1.42896E+05   45.00  2.94272E+05  8.48135E+03  2.90125E+05

       39  CENTER      -5.000E-02  1.48888E+05  1.48888E+05  1.41540E+05   45.00  2.90429E+05  7.34844E+03  2.86825E+05  1.71892E+02 -1.71892E+02
                        5.000E-02  1.51405E+05  1.51405E+05  1.43898E+05   45.00  2.95302E+05  7.50704E+03  2.91621E+05

           GRD      40 -5.000E-02  1.46233E+05  1.48586E+05  1.40079E+05   45.24  2.87494E+05  7.32577E+03  2.83902E+05  8.26226E+03  7.92577E+03 -0.2E+01(1)
                        5.000E-02  1.50693E+05  1.49064E+05  1.42413E+05   44.84  2.92293E+05  7.46354E+03  2.88634E+05

           GRD      21 -5.000E-02  1.45194E+05  1.45194E+05  1.41272E+05   45.00  2.86466E+05  3.92109E+03  2.84526E+05  8.46196E+03 -8.46196E+03  0.2E+01(1)
                        5.000E-02  1.51413E+05  1.51413E+05  1.41586E+05   45.00  2.92999E+05  9.82689E+03  2.88211E+05

           GRD      95 -5.000E-02  1.48586E+05  1.46233E+05  1.40079E+05   44.76  2.87494E+05  7.32577E+03  2.83902E+05 -7.92577E+03 -8.26226E+03  0.2E+01(1)
                        5.000E-02  1.49064E+05  1.50693E+05  1.42413E+05   45.16  2.92293E+05  7.46354E+03  2.88634E+05

           GRD      26 -5.000E-02  1.49626E+05  1.49626E+05  1.38886E+05   45.00  2.88512E+05  1.07403E+04  2.83294E+05 -8.12546E+03  8.12546E+03 -0.2E+01(1)
                        5.000E-02  1.48344E+05  1.48344E+05  1.43239E+05   45.00  2.91583E+05  5.10486E+03  2.89064E+05

       40  CENTER      -5.000E-02  1.45851E+05  1.45851E+05 -1.44852E+05  -45.00  2.90704E+05  9.98964E+02  2.90205E+05  3.65853E+02  3.65853E+02
                        5.000E-02  1.53468E+05  1.53468E+05 -1.44528E+05  -45.00  2.97995E+05  8.94021E+03  2.93627E+05

           GRD      35 -5.000E-02  1.49501E+05  1.49501E+05 -1.40599E+05  -45.00  2.90100E+05  8.90243E+03  2.85753E+05 -9.31348E+03 -9.31348E+03  0.2E+01(1)
                        5.000E-02  1.48296E+05  1.48296E+05 -1.45002E+05  -45.00  2.93298E+05  3.29411E+03  2.91664E+05

           GRD      32 -5.000E-02  1.47098E+05  1.41661E+05 -1.43357E+05  -44.46  2.87762E+05  9.97105E+02  2.87265E+05 -9.08061E+03  9.79680E+03 -0.2E+01(1)
                        5.000E-02  1.50009E+05  1.53885E+05 -1.43036E+05  -45.39  2.94996E+05  8.89780E+03  2.90649E+05

           GRD      56 -5.000E-02  1.39258E+05  1.39258E+05 -1.46114E+05  -45.00  2.85372E+05 -6.85667E+03  2.88862E+05  1.00297E+04  1.00297E+04 -0.2E+01(1)
                        5.000E-02  1.55598E+05  1.55598E+05 -1.41070E+05  -45.00  2.96668E+05  1.45277E+04  2.89677E+05

           GRD      42 -5.000E-02  1.41661E+05  1.47098E+05 -1.43357E+05  -45.54  2.87762E+05  9.97105E+02  2.87265E+05  9.79680E+03 -9.08061E+03  0.2E+01(1)
                        5.000E-02  1.53885E+05  1.50009E+05 -1.43036E+05  -44.61  2.94996E+05  8.89780E+03  2.90649E+05

       41  CENTER      -5.000E-02  1.47480E+05  1.47480E+05  1.37623E+05   45.00  2.85103E+05  9.85707E+03  2.80304E+05  1.30294E+03 -1.30294E+03
                        5.000E-02  1.48579E+05  1.48579E+05  1.40642E+05   45.00  2.89221E+05  7.93694E+03  2.85335E+05

           GRD      90 -5.000E-02  1.55106E+05  1.36936E+05  1.36203E+05   43.09  2.82526E+05  9.51575E+03  2.77891E+05  1.20269E+04  9.47630E+03 -0.2E+01(1)
                        5.000E-02  1.35872E+05  1.58276E+05  1.39191E+05   47.30  2.86714E+05  7.43298E+03  2.83071E+05

           GRD      84 -5.000E-02  1.63138E+05  1.63138E+05  1.26986E+05   45.00  2.90124E+05  3.61520E+04  2.73843E+05  1.22922E+04 -1.22922E+04  0.2E+01(1)
                        5.000E-02  1.25969E+05  1.25969E+05  1.50555E+05   45.00  2.76524E+05 -2.45855E+04  2.89600E+05

           GRD      13 -5.000E-02  1.36936E+05  1.55106E+05  1.36203E+05   46.91  2.82526E+05  9.51575E+03  2.77891E+05 -9.47630E+03 -1.20269E+04  0.2E+01(1)
                        5.000E-02  1.58276E+05  1.35872E+05  1.39191E+05   42.70  2.86714E+05  7.43298E+03  2.83071E+05

           GRD      60 -5.000E-02  1.28904E+05  1.28904E+05  1.45419E+05   45.00  2.74323E+05 -1.65151E+04  2.82943E+05 -9.74156E+03  9.74156E+03 -0.2E+01(1)
                        5.000E-02  1.68178E+05  1.68178E+05  1.27827E+05   45.00  2.96005E+05  4.03515E+04  2.78034E+05

       42  CENTER      -5.000E-02  1.50331E+05  1.50331E+05  1.39647E+05   45.00  2.89978E+05  1.06846E+04  2.84786E+05 -5.50253E+02  5.50253E+02
                        5.000E-02  1.49971E+05  1.49971E+05  1.43512E+05   45.00  2.93484E+05  6.45900E+03  2.90308E+05

           GRD      79 -5.000E-02  1.53836E+05  1.43867E+05  1.38206E+05   43.97  2.87147E+05  1.05562E+04  2.82017E+05  7.15627E+03  8.23345E+03 -0.2E+01(1)
                        5.000E-02  1.44608E+05  1.52283E+05  1.42031E+05   45.77  2.90528E+05  6.36182E+03  2.87400E+05

           GRD      86 -5.000E-02  1.58242E+05  1.58242E+05  1.33149E+05   45.00  2.91391E+05  2.50923E+04  2.79690E+05  7.34612E+03 -7.34612E+03  0.2E+01(1)
                        5.000E-02  1.41215E+05  1.41215E+05  1.45924E+05   45.00  2.87140E+05 -4.70896E+03  2.89523E+05

           GRD      92 -5.000E-02  1.43867E+05  1.53836E+05  1.38206E+05   46.03  2.87147E+05  1.05562E+04  2.82017E+05 -8.23345E+03 -7.15627E+03  0.2E+01(1)
                        5.000E-02  1.52283E+05  1.44608E+05  1.42031E+05   44.23  2.90528E+05  6.36182E+03  2.87400E+05

           GRD      88 -5.000E-02  1.39461E+05  1.39461E+05  1.43262E+05   45.00  2.82723E+05 -3.80030E+03  2.84642E+05 -8.42330E+03  8.42330E+03 -0.2E+01(1)
                        5.000E-02  1.55675E+05  1.55675E+05  1.38139E+05   45.00  2.93813E+05  1.75363E+04  2.85449E+05

       43  CENTER      -5.000E-02  1.45851E+05  1.45851E+05  1.44852E+05   45.00  2.90704E+05  9.98964E+02  2.90205E+05 -3.65853E+02  3.65853E+02
                        5.000E-02  1.53468E+05  1.53468E+05  1.44528E+05   45.00  2.97995E+05  8.94021E+03  2.93627E+05

           GRD       6 -5.000E-02  1.47098E+05  1.41661E+05  1.43357E+05   44.46  2.87762E+05  9.97105E+02  2.87265E+05  9.08061E+03  9.79680E+03 -0.2E+01(1)
                        5.000E-02  1.50009E+05  1.53885E+05  1.43036E+05   45.39  2.94996E+05  8.89780E+03  2.90649E+05

           GRD       5 -5.000E-02  1.49501E+05  1.49501E+05  1.40599E+05   45.00  2.90100E+05  8.90243E+03  2.85753E+05  9.31348E+03 -9.31348E+03  0.2E+01(1)
                        5.000E-02  1.48296E+05  1.48296E+05  1.45002E+05   45.00  2.93298E+05  3.29411E+03  2.91664E+05

           GRD      15 -5.000E-02  1.41661E+05  1.47098E+05  1.43357E+05   45.54  2.87762E+05  9.97105E+02  2.87265E+05 -9.79680E+03 -9.08061E+03  0.2E+01(1)
                        5.000E-02  1.53885E+05  1.50009E+05  1.43036E+05   44.61  2.94996E+05  8.89780E+03  2.90649E+05

           GRD      11 -5.000E-02  1.39258E+05  1.39258E+05  1.46114E+05   45.00  2.85372E+05 -6.85667E+03  2.88862E+05 -1.00297E+04  1.00297E+04 -0.2E+01(1)
                        5.000E-02  1.55598E+05  1.55598E+05  1.41070E+05   45.00  2.96668E+05  1.45277E+04  2.89677E+05

       44  CENTER      -5.000E-02  1.47480E+05  1.47480E+05 -1.37623E+05  -45.00  2.85103E+05  9.85707E+03  2.80304E+05  1.30294E+03  1.30294E+03
                        5.000E-02  1.48579E+05  1.48579E+05 -1.40642E+05  -45.00  2.89221E+05  7.93694E+03  2.85335E+05

           GRD      31 -5.000E-02  1.28904E+05  1.28904E+05 -1.45419E+05  -45.00  2.74323E+05 -1.65151E+04  2.82943E+05 -9.74156E+03 -9.74156E+03  0.2E+01(2)
                        5.000E-02  1.68178E+05  1.68178E+05 -1.27827E+05  -45.00  2.96005E+05  4.03515E+04  2.78034E+05

           GRD      36 -5.000E-02  1.36936E+05  1.55106E+05 -1.36203E+05  -46.91  2.82526E+05  9.51575E+03  2.77891E+05 -9.47630E+03  1.20269E+04 -0.2E+01(2)
                        5.000E-02  1.58276E+05  1.35872E+05 -1.39191E+05  -42.70  2.86714E+05  7.43298E+03  2.83071E+05

           GRD      30 -5.000E-02  1.63138E+05  1.63138E+05 -1.26986E+05  -45.00  2.90124E+05  3.61520E+04  2.73843E+05  1.22922E+04  1.22922E+04 -0.2E+01(2)
                        5.000E-02  1.25969E+05  1.25969E+05 -1.50555E+05  -45.00  2.76524E+05 -2.45855E+04  2.89600E+05

           GRD      16 -5.000E-02  1.55106E+05  1.36936E+05 -1.36203E+05  -43.09  2.82526E+05  9.51575E+03  2.77891E+05  1.20269E+04 -9.47630E+03  0.2E+01(2)
                        5.000E-02  1.35872E+05  1.58276E+05 -1.39191E+05  -47.30  2.86714E+05  7.43298E+03  2.83071E+05

       45  CENTER      -5.000E-02  1.50582E+05  1.50582E+05  1.38274E+05   45.00  2.88857E+05  1.23078E+04  2.82904E+05 -9.28691E+03  9.28691E+03
                        5.000E-02  1.44427E+05  1.44427E+05  1.45253E+05   45.00  2.89680E+05 -8.26709E+02  2.90094E+05

           GRD      75 -5.000E-02  1.41783E+05  1.56475E+05  1.36847E+05   46.54  2.86173E+05  1.20849E+04  2.80326E+05 -1.54089E+04  2.77118E+03 -0.2E+01(1)
                        5.000E-02  1.51966E+05  1.33892E+05  1.43754E+05   43.20  2.86966E+05 -1.10843E+03  2.87522E+05

           GRD      91 -5.000E-02  1.35289E+05  1.35289E+05  1.44300E+05   45.00  2.79589E+05 -9.01038E+03  2.84201E+05 -1.55648E+04  1.55648E+04  0.2E+01(1)
                        5.000E-02  1.59955E+05  1.59955E+05  1.34586E+05   45.00  2.94541E+05  2.53687E+04  2.82711E+05

           GRD      84 -5.000E-02  1.56475E+05  1.41783E+05  1.36847E+05   43.46  2.86173E+05  1.20849E+04  2.80326E+05 -2.77118E+03  1.54089E+04  0.2E+01(1)
                        5.000E-02  1.33892E+05  1.51966E+05  1.43754E+05   46.80  2.86966E+05 -1.10843E+03  2.87522E+05

           GRD      90 -5.000E-02  1.62969E+05  1.62969E+05  1.29395E+05   45.00  2.92364E+05  3.35743E+04  2.77107E+05 -2.61528E+03  2.61528E+03 -0.2E+01(1)
                        5.000E-02  1.25903E+05  1.25903E+05  1.52921E+05   45.00  2.78825E+05 -2.70180E+04  2.93269E+05

       46  CENTER      -5.000E-02  1.45851E+05  1.45851E+05  1.44852E+05   45.00  2.90704E+05  9.98964E+02  2.90205E+05  3.65853E+02 -3.65853E+02
                        5.000E-02  1.53468E+05  1.53468E+05  1.44528E+05   45.00  2.97995E+05  8.94021E+03  2.93627E+05

           GRD      83 -5.000E-02  1.41661E+05  1.47098E+05  1.43357E+05   45.54  2.87762E+05  9.97105E+02  2.87265E+05  9.79680E+03  9.08061E+03 -0.8E+01(6)
                        5.000E-02  1.53885E+05  1.50009E+05  1.43036E+05   44.61  2.94996E+05  8.89780E+03  2.90649E+05

           GRD      79 -5.000E-02  1.39258E+05  1.39258E+05  1.46114E+05   45.00  2.85372E+05 -6.85667E+03  2.88862E+05  1.00297E+04 -1.00297E+04  0.8E+01(6)
                        5.000E-02  1.55598E+05  1.55598E+05  1.41070E+05   45.00  2.96668E+05  1.45277E+04  2.89677E+05

           GRD      88 -5.000E-02  1.47098E+05  1.41661E+05  1.43357E+05   44.46  2.87762E+05  9.97105E+02  2.87265E+05 -9.08061E+03 -9.79680E+03  0.8E+01(6)
                        5.000E-02  1.50009E+05  1.53885E+05  1.43036E+05   45.39  2.94996E+05  8.89780E+03  2.90649E+05

           GRD      87 -5.000E-02  1.49501E+05  1.49501E+05  1.40599E+05   45.00  2.90100E+05  8.90243E+03  2.85753E+05 -9.31348E+03  9.31348E+03 -0.8E+01(6)
                        5.000E-02  1.48296E+05  1.48296E+05  1.45002E+05   45.00  2.93298E+05  3.29411E+03  2.91664E+05

       47  CENTER      -5.000E-02  1.44583E+05  1.44583E+05  1.47956E+05   45.00  2.92539E+05 -3.37304E+03  2.94240E+05  4.35624E+02 -4.35624E+02
                        5.000E-02  1.56044E+05  1.56044E+05  1.45633E+05   45.00  3.01677E+05  1.04104E+04  2.96609E+05

           GRD      22 -5.000E-02  1.35264E+05  1.50947E+05  1.46428E+05   46.53  2.89743E+05 -3.53166E+03  2.91525E+05  9.83991E+03  8.98713E+03 -0.2E+01(1)
                        5.000E-02  1.61649E+05  1.47383E+05  1.44130E+05   43.58  2.98822E+05  1.02097E+04  2.93851E+05

           GRD      25 -5.000E-02  1.28333E+05  1.28333E+05  1.54382E+05   45.00  2.82715E+05 -2.60496E+04  2.96599E+05  1.00722E+04 -1.00722E+04  0.2E+01(1)
                        5.000E-02  1.67954E+05  1.67954E+05  1.36894E+05   45.00  3.04848E+05  3.10599E+04  2.90566E+05

           GRD      86 -5.000E-02  1.50947E+05  1.35264E+05  1.46428E+05   43.47  2.89743E+05 -3.53166E+03  2.91525E+05 -8.98713E+03 -9.83991E+03  0.2E+01(1)
                        5.000E-02  1.47383E+05  1.61649E+05  1.44130E+05   46.42  2.98822E+05  1.02097E+04  2.93851E+05

           GRD      79 -5.000E-02  1.57879E+05  1.57879E+05  1.38473E+05   45.00  2.96352E+05  1.94059E+04  2.87141E+05 -9.21938E+03  9.21938E+03 -0.2E+01(1)
                        5.000E-02  1.41078E+05  1.41078E+05  1.51366E+05   45.00  2.92444E+05 -1.02877E+04  2.97721E+05

       48  CENTER      -5.000E-02  1.45851E+05  1.45851E+05  1.44852E+05   45.00  2.90704E+05  9.98964E+02  2.90205E+05  3.65853E+02 -3.65853E+02
                        5.000E-02  1.53468E+05  1.53468E+05  1.44528E+05   45.00  2.97995E+05  8.94021E+03  2.93627E+05

           GRD      10 -5.000E-02  1.41661E+05  1.47098E+05  1.43357E+05   45.54  2.87762E+05  9.97105E+02  2.87265E+05  9.79680E+03  9.08061E+03 -0.8E+01(6)
                        5.000E-02  1.53885E+05  1.50009E+05  1.43036E+05   44.61  2.94996E+05  8.89780E+03  2.90649E+05

           GRD      38 -5.000E-02  1.39258E+05  1.39258E+05  1.46114E+05   45.00  2.85372E+05 -6.85667E+03  2.88862E+05  1.00297E+04 -1.00297E+04  0.8E+01(6)
                        5.000E-02  1.55598E+05  1.55598E+05  1.41070E+05   45.00  2.96668E+05  1.45277E+04  2.89677E+05

           GRD      44 -5.000E-02  1.47098E+05  1.41661E+05  1.43357E+05   44.46  2.87762E+05  9.97105E+02  2.87265E+05 -9.08061E+03 -9.79680E+03  0.8E+01(6)
                        5.000E-02  1.50009E+05  1.53885E+05  1.43036E+05   45.39  2.94996E+05  8.89780E+03  2.90649E+05

           GRD       7 -5.000E-02  1.49501E+05  1.49501E+05  1.40599E+05   45.00  2.90100E+05  8.90243E+03  2.85753E+05 -9.31348E+03  9.31348E+03 -0.8E+01(6)
                        5.000E-02  1.48296E+05  1.48296E+05  1.45002E+05   45.00  2.93298E+05  3.29411E+03  2.91664E+05

       49  CENTER      -5.000E-02  1.46573E+05  1.46573E+05  1.44032E+05   45.00  2.90606E+05  2.54130E+03  2.89343E+05 -6.30964E-07 -6.33442E-07
                        5.000E-02  1.52899E+05  1.52899E+05  1.44386E+05   45.00  2.97285E+05  8.51295E+03  2.93121E+05

           GRD       9 -5.000E-02  1.45100E+05  1.45100E+05  1.42545E+05   45.00  2.87645E+05  2.55538E+03  2.86376E+05  9.19058E+03  9.19058E+03 -0.7E+01(6)
                        5.000E-02  1.51377E+05  1.51377E+05  1.42896E+05   45.00  2.94272E+05  8.48135E+03  2.90125E+05

           GRD      34 -5.000E-02  1.45100E+05  1.45100E+05  1.42545E+05   45.00  2.87645E+05  2.55538E+03  2.86376E+05  9.41733E+03 -9.41733E+03  0.7E+01(6)
                        5.000E-02  1.51377E+05  1.51377E+05  1.42896E+05   45.00  2.94272E+05  8.48135E+03  2.90125E+05

           GRD      63 -5.000E-02  1.45100E+05  1.45100E+05  1.42545E+05   45.00  2.87645E+05  2.55538E+03  2.86376E+05 -9.19058E+03 -9.19058E+03  0.7E+01(6)
                        5.000E-02  1.51377E+05  1.51377E+05  1.42896E+05   45.00  2.94272E+05  8.48135E+03  2.90125E+05

           GRD      18 -5.000E-02  1.45100E+05  1.45100E+05  1.42545E+05   45.00  2.87645E+05  2.55538E+03  2.86376E+05 -9.41733E+03  9.41733E+03 -0.7E+01(6)
                        5.000E-02  1.51377E+05  1.51377E+05  1.42896E+05   45.00  2.94272E+05  8.48135E+03  2.90125E+05

       50  CENTER      -5.000E-02  1.45851E+05  1.45851E+05  1.44852E+05   45.00  2.90704E+05  9.98964E+02  2.90205E+05 -3.65853E+02  3.65853E+02
                        5.000E-02  1.53468E+05  1.53468E+05  1.44528E+05   45.00  2.97995E+05  8.94021E+03  2.93627E+05

           GRD      15 -5.000E-02  1.47098E+05  1.41661E+05  1.43357E+05   44.46  2.87762E+05  9.97105E+02  2.87265E+05  9.08061E+03  9.79680E+03 -0.2E+01(2)
                        5.000E-02  1.50009E+05  1.53885E+05  1.43036E+05   45.39  2.94996E+05  8.89780E+03  2.90649E+05

           GRD      18 -5.000E-02  1.49501E+05  1.49501E+05  1.40599E+05   45.00  2.90100E+05  8.90243E+03  2.85753E+05  9.31348E+03 -9.31348E+03  0.2E+01(2)
                        5.000E-02  1.48296E+05  1.48296E+05  1.45002E+05   45.00  2.93298E+05  3.29411E+03  2.91664E+05

           GRD      64 -5.000E-02  1.41661E+05  1.47098E+05  1.43357E+05   45.54  2.87762E+05  9.97105E+02  2.87265E+05 -9.79680E+03 -9.08061E+03  0.2E+01(2)
                        5.000E-02  1.53885E+05  1.50009E+05  1.43036E+05   44.61  2.94996E+05  8.89780E+03  2.90649E+05

           GRD      62 -5.000E-02  1.39258E+05  1.39258E+05  1.46114E+05   45.00  2.85372E+05 -6.85667E+03  2.88862E+05 -1.00297E+04  1.00297E+04 -0.2E+01(2)
                        5.000E-02  1.55598E+05  1.55598E+05  1.41070E+05   45.00  2.96668E+05  1.45277E+04  2.89677E+05

       51  CENTER      -5.000E-02  1.48888E+05  1.48888E+05 -1.41540E+05  -45.00  2.90429E+05  7.34844E+03  2.86825E+05  1.71892E+02  1.71892E+02
                        5.000E-02  1.51405E+05  1.51405E+05 -1.43898E+05  -45.00  2.95302E+05  7.50704E+03  2.91621E+05

           GRD      64 -5.000E-02  1.49626E+05  1.49626E+05 -1.38886E+05  -45.00  2.88512E+05  1.07403E+04  2.83294E+05 -8.12546E+03 -8.12546E+03 -0.2E+01(6)
                        5.000E-02  1.48344E+05  1.48344E+05 -1.43239E+05  -45.00  2.91583E+05  5.10486E+03  2.89064E+05

           GRD      18 -5.000E-02  1.48586E+05  1.46233E+05 -1.40079E+05  -44.76  2.87494E+05  7.32577E+03  2.83902E+05 -7.92577E+03  8.26226E+03  0.2E+01(6)
                        5.000E-02  1.49064E+05  1.50693E+05 -1.42413E+05  -45.16  2.92293E+05  7.46354E+03  2.88634E+05

           GRD      63 -5.000E-02  1.45194E+05  1.45194E+05 -1.41272E+05  -45.00  2.86466E+05  3.92109E+03  2.84526E+05  8.46196E+03  8.46196E+03  0.2E+01(6)
                        5.000E-02  1.51413E+05  1.51413E+05 -1.41586E+05  -45.00  2.92999E+05  9.82689E+03  2.88211E+05

           GRD      99 -5.000E-02  1.46233E+05  1.48586E+05 -1.40079E+05  -45.24  2.87494E+05  7.32577E+03  2.83902E+05  8.26226E+03 -7.92577E+03 -0.2E+01(6)
                        5.000E-02  1.50693E+05  1.49064E+05 -1.42413E+05  -44.84  2.92293E+05  7.46354E+03  2.88634E+05

       52  CENTER      -5.000E-02  1.46573E+05  1.46573E+05 -1.44032E+05  -45.00  2.90606E+05  2.54130E+03  2.89343E+05  3.72436E-07 -3.98422E-07
                        5.000E-02  1.52899E+05  1.52899E+05 -1.44386E+05  -45.00  2.97285E+05  8.51295E+03  2.93121E+05

           GRD      61 -5.000E-02  1.45100E+05  1.45100E+05 -1.42545E+05  -45.00  2.87645E+05  2.55538E+03  2.86376E+05 -9.41733E+03 -9.41733E+03 -0.7E+01(6)
                        5.000E-02  1.51377E+05  1.51377E+05 -1.42896E+05  -45.00  2.94272E+05  8.48135E+03  2.90125E+05

           GRD       3 -5.000E-02  1.45100E+05  1.45100E+05 -1.42545E+05  -45.00  2.87645E+05  2.55538E+03  2.86376E+05 -9.19058E+03  9.19058E+03  0.7E+01(6)
                        5.000E-02  1.51377E+05  1.51377E+05 -1.42896E+05  -45.00  2.94272E+05  8.48135E+03  2.90125E+05

           GRD      55 -5.000E-02  1.45100E+05  1.45100E+05 -1.42545E+05  -45.00  2.87645E+05  2.55538E+03  2.86376E+05  9.41733E+03  9.41733E+03  0.7E+01(6)
                        5.000E-02  1.51377E+05  1.51377E+05 -1.42896E+05  -45.00  2.94272E+05  8.48135E+03  2.90125E+05

           GRD      97 -5.000E-02  1.45100E+05  1.45100E+05 -1.42545E+05  -45.00  2.87645E+05  2.55538E+03  2.86376E+05  9.19058E+03 -9.19058E+03 -0.7E+01(6)
                        5.000E-02  1.51377E+05  1.51377E+05 -1.42896E+05  -45.00  2.94272E+05  8.48135E+03  2.90125E+05

       53  CENTER      -5.000E-02  1.45851E+05  1.45851E+05 -1.44852E+05  -45.00  2.90704E+05  9.98964E+02  2.90205E+05 -3.65853E+02 -3.65853E+02
                        5.000E-02  1.53468E+05  1.53468E+05 -1.44528E+05  -45.00  2.97995E+05  8.94021E+03  2.93627E+05

           GRD      98 -5.000E-02  1.39258E+05  1.39258E+05 -1.46114E+05  -45.00  2.85372E+05 -6.85667E+03  2.88862E+05 -1.00297E+04 -1.00297E+04  0.2E+01(1)
                        5.000E-02  1.55598E+05  1.55598E+05 -1.41070E+05  -45.00  2.96668E+05  1.45277E+04  2.89677E+05

           GRD      69 -5.000E-02  1.41661E+05  1.47098E+05 -1.43357E+05  -45.54  2.87762E+05  9.97105E+02  2.87265E+05 -9.79680E+03  9.08061E+03 -0.2E+01(1)
                        5.000E-02  1.53885E+05  1.50009E+05 -1.43036E+05  -44.61  2.94996E+05  8.89780E+03  2.90649E+05

           GRD      61 -5.000E-02  1.49501E+05  1.49501E+05 -1.40599E+05  -45.00  2.90100E+05  8.90243E+03  2.85753E+05  9.31348E+03  9.31348E+03 -0.2E+01(1)
                        5.000E-02  1.48296E+05  1.48296E+05 -1.45002E+05  -45.00  2.93298E+05  3.29411E+03  2.91664E+05

           GRD       2 -5.000E-02  1.47098E+05  1.41661E+05 -1.43357E+05  -44.46  2.87762E+05  9.97105E+02  2.87265E+05  9.08061E+03 -9.79680E+03  0.2E+01(1)
                        5.000E-02  1.50009E+05  1.53885E+05 -1.43036E+05  -45.39  2.94996E+05  8.89780E+03  2.90649E+05

       54  CENTER      -5.000E-02  1.46573E+05  1.46573E+05  1.44032E+05   45.00  2.90606E+05  2.54130E+03  2.89343E+05  2.72722E-08  1.92018E-08
                        5.000E-02  1.52899E+05  1.52899E+05  1.44386E+05   45.00  2.97285E+05  8.51295E+03  2.93121E+05

           GRD      97 -5.000E-02  1.45100E+05  1.45100E+05  1.42545E+05   45.00  2.87645E+05  2.55538E+03  2.86376E+05  9.19058E+03  9.19058E+03 -0.7E+01(6)
                        5.000E-02  1.51377E+05  1.51377E+05  1.42896E+05   45.00  2.94272E+05  8.48135E+03  2.90125E+05

           GRD      58 -5.000E-02  1.45100E+05  1.45100E+05  1.42545E+05   45.00  2.87645E+05  2.55538E+03  2.86376E+05  9.41733E+03 -9.41733E+03  0.7E+01(6)
                        5.000E-02  1.51377E+05  1.51377E+05  1.42896E+05   45.00  2.94272E+05  8.48135E+03  2.90125E+05

           GRD      70 -5.000E-02  1.45100E+05  1.45100E+05  1.42545E+05   45.00  2.87645E+05  2.55538E+03  2.86376E+05 -9.19058E+03 -9.19058E+03  0.7E+01(6)
                        5.000E-02  1.51377E+05  1.51377E+05  1.42896E+05   45.00  2.94272E+05  8.48135E+03  2.90125E+05

           GRD      85 -5.000E-02  1.45100E+05  1.45100E+05  1.42545E+05   45.00  2.87645E+05  2.55538E+03  2.86376E+05 -9.41733E+03  9.41733E+03 -0.7E+01(6)
                        5.000E-02  1.51377E+05  1.51377E+05  1.42896E+05   45.00  2.94272E+05  8.48135E+03  2.90125E+05

       55  CENTER      -5.000E-02  1.45851E+05  1.45851E+05  1.44852E+05   45.00  2.90704E+05  9.98964E+02  2.90205E+05 -3.65853E+02  3.65853E+02
                        5.000E-02  1.53468E+05  1.53468E+05  1.44528E+05   45.00  2.97995E+05  8.94021E+03  2.93627E+05

           GRD      68 -5.000E-02  1.47098E+05  1.41661E+05  1.43357E+05   44.46  2.87762E+05  9.97105E+02  2.87265E+05  9.08061E+03  9.79680E+03 -0.2E+01(1)
                        5.000E-02  1.50009E+05  1.53885E+05  1.43036E+05   45.39  2.94996E+05  8.89780E+03  2.90649E+05

           GRD      40 -5.000E-02  1.49501E+05  1.49501E+05  1.40599E+05   45.00  2.90100E+05  8.90243E+03  2.85753E+05  9.31348E+03 -9.31348E+03  0.2E+01(1)
                        5.000E-02  1.48296E+05  1.48296E+05  1.45002E+05   45.00  2.93298E+05  3.29411E+03  2.91664E+05

           GRD      26 -5.000E-02  1.41661E+05  1.47098E+05  1.43357E+05   45.54  2.87762E+05  9.97105E+02  2.87265E+05 -9.79680E+03 -9.08061E+03  0.2E+01(1)
                        5.000E-02  1.53885E+05  1.50009E+05  1.43036E+05   44.61  2.94996E+05  8.89780E+03  2.90649E+05

           GRD      19 -5.000E-02  1.39258E+05  1.39258E+05  1.46114E+05   45.00  2.85372E+05 -6.85667E+03  2.88862E+05 -1.00297E+04  1.00297E+04 -0.2E+01(1)
                        5.000E-02  1.55598E+05  1.55598E+05  1.41070E+05   45.00  2.96668E+05  1.45277E+04  2.89677E+05

       56  CENTER      -5.000E-02  1.45851E+05  1.45851E+05  1.44852E+05   45.00  2.90704E+05  9.98964E+02  2.90205E+05  3.65853E+02 -3.65853E+02
                        5.000E-02  1.53468E+05  1.53468E+05  1.44528E+05   45.00  2.97995E+05  8.94021E+03  2.93627E+05

           GRD      42 -5.000E-02  1.41661E+05  1.47098E+05  1.43357E+05   45.54  2.87762E+05  9.97105E+02  2.87265E+05  9.79680E+03  9.08061E+03 -0.8E+01(6)
                        5.000E-02  1.53885E+05  1.50009E+05  1.43036E+05   44.61  2.94996E+05  8.89780E+03  2.90649E+05

           GRD      23 -5.000E-02  1.39258E+05  1.39258E+05  1.46114E+05   45.00  2.85372E+05 -6.85667E+03  2.88862E+05  1.00297E+04 -1.00297E+04  0.8E+01(6)
                        5.000E-02  1.55598E+05  1.55598E+05  1.41070E+05   45.00  2.96668E+05  1.45277E+04  2.89677E+05

           GRD      83 -5.000E-02  1.47098E+05  1.41661E+05  1.43357E+05   44.46  2.87762E+05  9.97105E+02  2.87265E+05 -9.08061E+03 -9.79680E+03  0.8E+01(6)
                        5.000E-02  1.50009E+05  1.53885E+05  1.43036E+05   45.39  2.94996E+05  8.89780E+03  2.90649E+05

           GRD      41 -5.000E-02  1.49501E+05  1.49501E+05  1.40599E+05   45.00  2.90100E+05  8.90243E+03  2.85753E+05 -9.31348E+03  9.31348E+03 -0.8E+01(6)
                        5.000E-02  1.48296E+05  1.48296E+05  1.45002E+05   45.00  2.93298E+05  3.29411E+03  2.91664E+05

       57  CENTER      -5.000E-02  1.44583E+05  1.44583E+05  1.47956E+05   45.00  2.92539E+05 -3.37304E+03  2.94240E+05  4.35624E+02 -4.35624E+02
                        5.000E-02  1.56044E+05  1.56044E+05  1.45633E+05   45.00  3.01677E+05  1.04104E+04  2.96609E+05

           GRD      45 -5.000E-02  1.35264E+05  1.50947E+05  1.46428E+05   46.53  2.89743E+05 -3.53166E+03  2.91525E+05  9.83991E+03  8.98713E+03 -0.2E+01(2)
                        5.000E-02  1.61649E+05  1.47383E+05  1.44130E+05   43.58  2.98822E+05  1.02097E+04  2.93851E+05

           GRD      48 -5.000E-02  1.28333E+05  1.28333E+05  1.54382E+05   45.00  2.82715E+05 -2.60496E+04  2.96599E+05  1.00722E+04 -1.00722E+04  0.2E+01(2)
                        5.000E-02  1.67954E+05  1.67954E+05  1.36894E+05   45.00  3.04848E+05  3.10599E+04  2.90566E+05

           GRD      76 -5.000E-02  1.50947E+05  1.35264E+05  1.46428E+05   43.47  2.89743E+05 -3.53166E+03  2.91525E+05 -8.98713E+03 -9.83991E+03  0.2E+01(2)
                        5.000E-02  1.47383E+05  1.61649E+05  1.44130E+05   46.42  2.98822E+05  1.02097E+04  2.93851E+05

           GRD      72 -5.000E-02  1.57879E+05  1.57879E+05  1.38473E+05   45.00  2.96352E+05  1.94059E+04  2.87141E+05 -9.21938E+03  9.21938E+03 -0.2E+01(2)
                        5.000E-02  1.41078E+05  1.41078E+05  1.51366E+05   45.00  2.92444E+05 -1.02877E+04  2.97721E+05

       58  CENTER      -5.000E-02  1.48888E+05  1.48888E+05  1.41540E+05   45.00  2.90429E+05  7.34844E+03  2.86825E+05 -1.71892E+02  1.71892E+02
                        5.000E-02  1.51405E+05  1.51405E+05  1.43898E+05   45.00  2.95302E+05  7.50704E+03  2.91621E+05

           GRD      77 -5.000E-02  1.48586E+05  1.46233E+05  1.40079E+05   44.76  2.87494E+05  7.32577E+03  2.83902E+05  7.92577E+03  8.26226E+03 -0.2E+01(1)
                        5.000E-02  1.49064E+05  1.50693E+05  1.42413E+05   45.16  2.92293E+05  7.46354E+03  2.88634E+05

           GRD      78 -5.000E-02  1.49626E+05  1.49626E+05  1.38886E+05   45.00  2.88512E+05  1.07403E+04  2.83294E+05  8.12546E+03 -8.12546E+03  0.2E+01(1)
                        5.000E-02  1.48344E+05  1.48344E+05  1.43239E+05   45.00  2.91583E+05  5.10486E+03  2.89064E+05

           GRD      34 -5.000E-02  1.46233E+05  1.48586E+05  1.40079E+05   45.24  2.87494E+05  7.32577E+03  2.83902E+05 -8.26226E+03 -7.92577E+03  0.2E+01(1)
                        5.000E-02  1.50693E+05  1.49064E+05  1.42413E+05   44.84  2.92293E+05  7.46354E+03  2.88634E+05

           GRD       9 -5.000E-02  1.45194E+05  1.45194E+05  1.41272E+05   45.00  2.86466E+05  3.92109E+03  2.84526E+05 -8.46196E+03  8.46196E+03 -0.2E+01(1)
                        5.000E-02  1.51413E+05  1.51413E+05  1.41586E+05   45.00  2.92999E+05  9.82689E+03  2.88211E+05

       59  CENTER      -5.000E-02  1.44583E+05  1.44583E+05  1.47956E+05   45.00  2.92539E+05 -3.37304E+03  2.94240E+05  4.35624E+02 -4.35624E+02
                        5.000E-02  1.56044E+05  1.56044E+05  1.45633E+05   45.00  3.01677E+05  1.04104E+04  2.96609E+05

           GRD      31 -5.000E-02  1.35264E+05  1.50947E+05  1.46428E+05   46.53  2.89743E+05 -3.53166E+03  2.91525E+05  9.83991E+03  8.98713E+03 -0.2E+01(2)
                        5.000E-02  1.61649E+05  1.47383E+05  1.44130E+05   43.58  2.98822E+05  1.02097E+04  2.93851E+05

           GRD      16 -5.000E-02  1.28333E+05  1.28333E+05  1.54382E+05   45.00  2.82715E+05 -2.60496E+04  2.96599E+05  1.00722E+04 -1.00722E+04  0.2E+01(2)
                        5.000E-02  1.67954E+05  1.67954E+05  1.36894E+05   45.00  3.04848E+05  3.10599E+04  2.90566E+05

           GRD      22 -5.000E-02  1.50947E+05  1.35264E+05  1.46428E+05   43.47  2.89743E+05 -3.53166E+03  2.91525E+05 -8.98713E+03 -9.83991E+03  0.2E+01(2)
                        5.000E-02  1.47383E+05  1.61649E+05  1.44130E+05   46.42  2.98822E+05  1.02097E+04  2.93851E+05

           GRD      23 -5.000E-02  1.57879E+05  1.57879E+05  1.38473E+05   45.00  2.96352E+05  1.94059E+04  2.87141E+05 -9.21938E+03  9.21938E+03 -0.2E+01(2)
                        5.000E-02  1.41078E+05  1.41078E+05  1.51366E+05   45.00  2.92444E+05 -1.02877E+04  2.97721E+05

       60  CENTER      -5.000E-02  1.50331E+05  1.50331E+05  1.39647E+05   45.00  2.89978E+05  1.06846E+04  2.84786E+05 -5.50253E+02  5.50253E+02
                        5.000E-02  1.49971E+05  1.49971E+05  1.43512E+05   45.00  2.93484E+05  6.45900E+03  2.90308E+05

           GRD      33 -5.000E-02  1.53836E+05  1.43867E+05  1.38206E+05   43.97  2.87147E+05  1.05562E+04  2.82017E+05  7.15627E+03  8.23345E+03 -0.2E+01(1)
                        5.000E-02  1.44608E+05  1.52283E+05  1.42031E+05   45.77  2.90528E+05  6.36182E+03  2.87400E+05

           GRD      54 -5.000E-02  1.58242E+05  1.58242E+05  1.33149E+05   45.00  2.91391E+05  2.50923E+04  2.79690E+05  7.34612E+03 -7.34612E+03  0.2E+01(1)
                        5.000E-02  1.41215E+05  1.41215E+05  1.45924E+05   45.00  2.87140E+05 -4.70896E+03  2.89523E+05

           GRD      46 -5.000E-02  1.43867E+05  1.53836E+05  1.38206E+05   46.03  2.87147E+05  1.05562E+04  2.82017E+05 -8.23345E+03 -7.15627E+03  0.2E+01(1)
                        5.000E-02  1.52283E+05  1.44608E+05  1.42031E+05   44.23  2.90528E+05  6.36182E+03  2.87400E+05

           GRD      59 -5.000E-02  1.39461E+05  1.39461E+05  1.43262E+05   45.00  2.82723E+05 -3.80030E+03  2.84642E+05 -8.42330E+03  8.42330E+03 -0.2E+01(1)
                        5.000E-02  1.55675E+05  1.55675E+05  1.38139E+05   45.00  2.93813E+05  1.75363E+04  2.85449E+05

       61  CENTER      -5.000E-02  1.45851E+05  1.45851E+05  1.44852E+05   45.00  2.90704E+05  9.98964E+02  2.90205E+05  3.65853E+02 -3.65853E+02
                        5.000E-02  1.53468E+05  1.53468E+05  1.44528E+05   45.00  2.97995E+05  8.94021E+03  2.93627E+05

           GRD      59 -5.000E-02  1.41661E+05  1.47098E+05  1.43357E+05   45.54  2.87762E+05  9.97105E+02  2.87265E+05  9.79680E+03  9.08061E+03 -0.8E+01(6)
                        5.000E-02  1.53885E+05  1.50009E+05  1.43036E+05   44.61  2.94996E+05  8.89780E+03  2.90649E+05

           GRD      46 -5.000E-02  1.39258E+05  1.39258E+05  1.46114E+05   45.00  2.85372E+05 -6.85667E+03  2.88862E+05  1.00297E+04 -1.00297E+04  0.8E+01(6)
                        5.000E-02  1.55598E+05  1.55598E+05  1.41070E+05   45.00  2.96668E+05  1.45277E+04  2.89677E+05

           GRD      73 -5.000E-02  1.47098E+05  1.41661E+05  1.43357E+05   44.46  2.87762E+05  9.97105E+02  2.87265E+05 -9.08061E+03 -9.79680E+03  0.8E+01(6)
                        5.000E-02  1.50009E+05  1.53885E+05  1.43036E+05   45.39  2.94996E+05  8.89780E+03  2.90649E+05

           GRD      58 -5.000E-02  1.49501E+05  1.49501E+05  1.40599E+05   45.00  2.90100E+05  8.90243E+03  2.85753E+05 -9.31348E+03  9.31348E+03 -0.8E+01(6)
                        5.000E-02  1.48296E+05  1.48296E+05  1.45002E+05   45.00  2.93298E+05  3.29411E+03  2.91664E+05

       62  CENTER      -5.000E-02  1.45851E+05  1.45851E+05  1.44852E+05   45.00  2.90704E+05  9.98964E+02  2.90205E+05  3.65853E+02 -3.65853E+02
                        5.000E-02  1.53468E+05  1.53468E+05  1.44528E+05   45.00  2.97995E+05  8.94021E+03  2.93627E+05

           GRD      78 -5.000E-02  1.41661E+05  1.47098E+05  1.43357E+05   45.54  2.87762E+05  9.97105E+02  2.87265E+05  9.79680E+03  9.08061E+03 -0.8E+01(6)
                        5.000E-02  1.53885E+05  1.50009E+05  1.43036E+05   44.61  2.94996E+05  8.89780E+03  2.90649E+05

           GRD      82 -5.000E-02  1.39258E+05  1.39258E+05  1.46114E+05   45.00  2.85372E+05 -6.85667E+03  2.88862E+05  1.00297E+04 -1.00297E+04  0.8E+01(6)
                        5.000E-02  1.55598E+05  1.55598E+05  1.41070E+05   45.00  2.96668E+05  1.45277E+04  2.89677E+05

           GRD      32 -5.000E-02  1.47098E+05  1.41661E+05  1.43357E+05   44.46  2.87762E+05  9.97105E+02  2.87265E+05 -9.08061E+03 -9.79680E+03  0.8E+01(6)
                        5.000E-02  1.50009E+05  1.53885E+05  1.43036E+05   45.39  2.94996E+05  8.89780E+03  2.90649E+05

           GRD      34 -5.000E-02  1.49501E+05  1.49501E+05  1.40599E+05   45.00  2.90100E+05  8.90243E+03  2.85753E+05 -9.31348E+03  9.31348E+03 -0.8E+01(6)
                        5.000E-02  1.48296E+05  1.48296E+05  1.45002E+05   45.00  2.93298E+05  3.29411E+03  2.91664E+05

       63  CENTER      -5.000E-02  1.48888E+05  1.48888E+05 -1.41540E+05  -45.00  2.90429E+05  7.34844E+03  2.86825E+05 -1.71892E+02 -1.71892E+02
                        5.000E-02  1.51405E+05  1.51405E+05 -1.43898E+05  -45.00  2.95302E+05  7.50704E+03  2.91621E+05

           GRD      63 -5.000E-02  1.45194E+05  1.45194E+05 -1.41272E+05  -45.00  2.86466E+05  3.92109E+03  2.84526E+05 -8.46196E+03 -8.46196E+03  0.2E+01(2)
                        5.000E-02  1.51413E+05  1.51413E+05 -1.41586E+05  -45.00  2.92999E+05  9.82689E+03  2.88211E+05

           GRD      34 -5.000E-02  1.46233E+05  1.48586E+05 -1.40079E+05  -45.24  2.87494E+05  7.32577E+03  2.83902E+05 -8.26226E+03  7.92577E+03 -0.2E+01(2)
                        5.000E-02  1.50693E+05  1.49064E+05 -1.42413E+05  -44.84  2.92293E+05  7.46354E+03  2.88634E+05

           GRD      32 -5.000E-02  1.49626E+05  1.49626E+05 -1.38886E+05  -45.00  2.88512E+05  1.07403E+04  2.83294E+05  8.12546E+03  8.12546E+03 -0.2E+01(2)
                        5.000E-02  1.48344E+05  1.48344E+05 -1.43239E+05  -45.00  2.91583E+05  5.10486E+03  2.89064E+05

           GRD      35 -5.000E-02  1.48586E+05  1.46233E+05 -1.40079E+05  -44.76  2.87494E+05  7.32577E+03  2.83902E+05  7.92577E+03 -8.26226E+03  0.2E+01(2)
                        5.000E-02  1.49064E+05  1.50693E+05 -1.42413E+05  -45.16  2.92293E+05  7.46354E+03  2.88634E+05

       64  CENTER      -5.000E-02  1.45851E+05  1.45851E+05  1.44852E+05   45.00  2.90704E+05  9.98964E+02  2.90205E+05 -3.65853E+02  3.65853E+02
                        5.000E-02  1.53468E+05  1.53468E+05  1.44528E+05   45.00  2.97995E+05  8.94021E+03  2.93627E+05

           GRD       2 -5.000E-02  1.47098E+05  1.41661E+05  1.43357E+05   44.46  2.87762E+05  9.97105E+02  2.87265E+05  9.08061E+03  9.79680E+03 -0.2E+01(2)
                        5.000E-02  1.50009E+05  1.53885E+05  1.43036E+05   45.39  2.94996E+05  8.89780E+03  2.90649E+05

           GRD      85 -5.000E-02  1.49501E+05  1.49501E+05  1.40599E+05   45.00  2.90100E+05  8.90243E+03  2.85753E+05  9.31348E+03 -9.31348E+03  0.2E+01(2)
                        5.000E-02  1.48296E+05  1.48296E+05  1.45002E+05   45.00  2.93298E+05  3.29411E+03  2.91664E+05

           GRD       6 -5.000E-02  1.41661E+05  1.47098E+05  1.43357E+05   45.54  2.87762E+05  9.97105E+02  2.87265E+05 -9.79680E+03 -9.08061E+03  0.2E+01(2)
                        5.000E-02  1.53885E+05  1.50009E+05  1.43036E+05   44.61  2.94996E+05  8.89780E+03  2.90649E+05

           GRD       1 -5.000E-02  1.39258E+05  1.39258E+05  1.46114E+05   45.00  2.85372E+05 -6.85667E+03  2.88862E+05 -1.00297E+04  1.00297E+04 -0.2E+01(2)
                        5.000E-02  1.55598E+05  1.55598E+05  1.41070E+05   45.00  2.96668E+05  1.45277E+04  2.89677E+05

       65  CENTER      -5.000E-02  1.45851E+05  1.45851E+05  1.44852E+05   45.00  2.90704E+05  9.98964E+02  2.90205E+05  3.65853E+02 -3.65853E+02
                        5.000E-02  1.53468E+05  1.53468E+05  1.44528E+05   45.00  2.97995E+05  8.94021E+03  2.93627E+05

           GRD      73 -5.000E-02  1.41661E+05  1.47098E+05  1.43357E+05   45.54  2.87762E+05  9.97105E+02  2.87265E+05  9.79680E+03  9.08061E+03 -0.8E+01(6)
                        5.000E-02  1.53885E+05  1.50009E+05  1.43036E+05   44.61  2.94996E+05  8.89780E+03  2.90649E+05

           GRD      72 -5.000E-02  1.39258E+05  1.39258E+05  1.46114E+05   45.00  2.85372E+05 -6.85667E+03  2.88862E+05  1.00297E+04 -1.00297E+04  0.8E+01(6)
                        5.000E-02  1.55598E+05  1.55598E+05  1.41070E+05   45.00  2.96668E+05  1.45277E+04  2.89677E+05

           GRD      78 -5.000E-02  1.47098E+05  1.41661E+05  1.43357E+05   44.46  2.87762E+05  9.97105E+02  2.87265E+05 -9.08061E+03 -9.79680E+03  0.8E+01(6)
                        5.000E-02  1.50009E+05  1.53885E+05  1.43036E+05   45.39  2.94996E+05  8.89780E+03  2.90649E+05

           GRD      77 -5.000E-02  1.49501E+05  1.49501E+05  1.40599E+05   45.00  2.90100E+05  8.90243E+03  2.85753E+05 -9.31348E+03  9.31348E+03 -0.8E+01(6)
                        5.000E-02  1.48296E+05  1.48296E+05  1.45002E+05   45.00  2.93298E+05  3.29411E+03  2.91664E+05

       66  CENTER      -5.000E-02  1.44583E+05  1.44583E+05  1.47956E+05   45.00  2.92539E+05 -3.37304E+03  2.94240E+05  4.35624E+02 -4.35624E+02
                        5.000E-02  1.56044E+05  1.56044E+05  1.45633E+05   45.00  3.01677E+05  1.04104E+04  2.96609E+05

           GRD      60 -5.000E-02  1.35264E+05  1.50947E+05  1.46428E+05   46.53  2.89743E+05 -3.53166E+03  2.91525E+05  9.83991E+03  8.98713E+03 -0.2E+01(2)
                        5.000E-02  1.61649E+05  1.47383E+05  1.44130E+05   43.58  2.98822E+05  1.02097E+04  2.93851E+05

           GRD      13 -5.000E-02  1.28333E+05  1.28333E+05  1.54382E+05   45.00  2.82715E+05 -2.60496E+04  2.96599E+05  1.00722E+04 -1.00722E+04  0.2E+01(2)
                        5.000E-02  1.67954E+05  1.67954E+05  1.36894E+05   45.00  3.04848E+05  3.10599E+04  2.90566E+05

           GRD      65 -5.000E-02  1.50947E+05  1.35264E+05  1.46428E+05   43.47  2.89743E+05 -3.53166E+03  2.91525E+05 -8.98713E+03 -9.83991E+03  0.2E+01(2)
                        5.000E-02  1.47383E+05  1.61649E+05  1.44130E+05   46.42  2.98822E+05  1.02097E+04  2.93851E+05

           GRD      38 -5.000E-02  1.57879E+05  1.57879E+05  1.38473E+05   45.00  2.96352E+05  1.94059E+04  2.87141E+05 -9.21938E+03  9.21938E+03 -0.2E+01(2)
                        5.000E-02  1.41078E+05  1.41078E+05  1.51366E+05   45.00  2.92444E+05 -1.02877E+04  2.97721E+05

       67  CENTER      -5.000E-02  1.46573E+05  1.46573E+05  1.44032E+05   45.00  2.90606E+05  2.54130E+03  2.89343E+05 -1.86846E-08 -2.80636E-08
                        5.000E-02  1.52899E+05  1.52899E+05  1.44386E+05   45.00  2.97285E+05  8.51295E+03  2.93121E+05

           GRD      52 -5.000E-02  1.45100E+05  1.45100E+05  1.42545E+05   45.00  2.87645E+05  2.55538E+03  2.86376E+05  9.19058E+03  9.19058E+03 -0.7E+01(6)
                        5.000E-02  1.51377E+05  1.51377E+05  1.42896E+05   45.00  2.94272E+05  8.48135E+03  2.90125E+05

           GRD      12 -5.000E-02  1.45100E+05  1.45100E+05  1.42545E+05   45.00  2.87645E+05  2.55538E+03  2.86376E+05  9.41733E+03 -9.41733E+03  0.7E+01(6)
                        5.000E-02  1.51377E+05  1.51377E+05  1.42896E+05   45.00  2.94272E+05  8.48135E+03  2.90125E+05

           GRD      21 -5.000E-02  1.45100E+05  1.45100E+05  1.42545E+05   45.00  2.87645E+05  2.55538E+03  2.86376E+05 -9.19058E+03 -9.19058E+03  0.7E+01(6)
                        5.000E-02  1.51377E+05  1.51377E+05  1.42896E+05   45.00  2.94272E+05  8.48135E+03  2.90125E+05

           GRD      40 -5.000E-02  1.45100E+05  1.45100E+05  1.42545E+05   45.00  2.87645E+05  2.55538E+03  2.86376E+05 -9.41733E+03  9.41733E+03 -0.7E+01(6)
                        5.000E-02  1.51377E+05  1.51377E+05  1.42896E+05   45.00  2.94272E+05  8.48135E+03  2.90125E+05

       68  CENTER      -5.000E-02  1.45851E+05  1.45851E+05 -1.44852E+05  -45.00  2.90704E+05  9.98964E+02  2.90205E+05 -3.65853E+02 -3.65853E+02
                        5.000E-02  1.53468E+05  1.53468E+05 -1.44528E+05  -45.00  2.97995E+05  8.94021E+03  2.93627E+05

           GRD      93 -5.000E-02  1.39258E+05  1.39258E+05 -1.46114E+05  -45.00  2.85372E+05 -6.85667E+03  2.88862E+05 -1.00297E+04 -1.00297E+04  0.2E+01(1)
                        5.000E-02  1.55598E+05  1.55598E+05 -1.41070E+05  -45.00  2.96668E+05  1.45277E+04  2.89677E+05

           GRD      64 -5.000E-02  1.41661E+05  1.47098E+05 -1.43357E+05  -45.54  2.87762E+05  9.97105E+02  2.87265E+05 -9.79680E+03  9.08061E+03 -0.2E+01(1)
                        5.000E-02  1.53885E+05  1.50009E+05 -1.43036E+05  -44.61  2.94996E+05  8.89780E+03  2.90649E+05

           GRD      99 -5.000E-02  1.49501E+05  1.49501E+05 -1.40599E+05  -45.00  2.90100E+05  8.90243E+03  2.85753E+05  9.31348E+03  9.31348E+03 -0.2E+01(1)
                        5.000E-02  1.48296E+05  1.48296E+05 -1.45002E+05  -45.00  2.93298E+05  3.29411E+03  2.91664E+05

           GRD       4 -5.000E-02  1.47098E+05  1.41661E+05 -1.43357E+05  -44.46  2.87762E+05  9.97105E+02  2.87265E+05  9.08061E+03 -9.79680E+03  0.2E+01(1)
                        5.000E-02  1.50009E+05  1.53885E+05 -1.43036E+05  -45.39  2.94996E+05  8.89780E+03  2.90649E+05

       69  CENTER      -5.000E-02  1.45851E+05  1.45851E+05  1.44852E+05   45.00  2.90704E+05  9.98964E+02  2.90205E+05 -3.65853E+02  3.65853E+02
                        5.000E-02  1.53468E+05  1.53468E+05  1.44528E+05   45.00  2.97995E+05  8.94021E+03  2.93627E+05

           GRD      29 -5.000E-02  1.47098E+05  1.41661E+05  1.43357E+05   44.46  2.87762E+05  9.97105E+02  2.87265E+05  9.08061E+03  9.79680E+03 -0.2E+01(2)
                        5.000E-02  1.50009E+05  1.53885E+05  1.43036E+05   45.39  2.94996E+05  8.89780E+03  2.90649E+05

           GRD      17 -5.000E-02  1.49501E+05  1.49501E+05  1.40599E+05   45.00  2.90100E+05  8.90243E+03  2.85753E+05  9.31348E+03 -9.31348E+03  0.2E+01(2)
                        5.000E-02  1.48296E+05  1.48296E+05  1.45002E+05   45.00  2.93298E+05  3.29411E+03  2.91664E+05

           GRD      68 -5.000E-02  1.41661E+05  1.47098E+05  1.43357E+05   45.54  2.87762E+05  9.97105E+02  2.87265E+05 -9.79680E+03 -9.08061E+03  0.2E+01(2)
                        5.000E-02  1.53885E+05  1.50009E+05  1.43036E+05   44.61  2.94996E+05  8.89780E+03  2.90649E+05

           GRD      67 -5.000E-02  1.39258E+05  1.39258E+05  1.46114E+05   45.00  2.85372E+05 -6.85667E+03  2.88862E+05 -1.00297E+04  1.00297E+04 -0.2E+01(2)
                        5.000E-02  1.55598E+05  1.55598E+05  1.41070E+05   45.00  2.96668E+05  1.45277E+04  2.89677E+05

       70  CENTER      -5.000E-02  1.48888E+05  1.48888E+05  1.41540E+05   45.00  2.90429E+05  7.34844E+03  2.86825E+05 -1.71892E+02  1.71892E+02
                        5.000E-02  1.51405E+05  1.51405E+05  1.43898E+05   45.00  2.95302E+05  7.50704E+03  2.91621E+05

           GRD       7 -5.000E-02  1.48586E+05  1.46233E+05  1.40079E+05   44.76  2.87494E+05  7.32577E+03  2.83902E+05  7.92577E+03  8.26226E+03 -0.2E+01(1)
                        5.000E-02  1.49064E+05  1.50693E+05  1.42413E+05   45.16  2.92293E+05  7.46354E+03  2.88634E+05

           GRD      44 -5.000E-02  1.49626E+05  1.49626E+05  1.38886E+05   45.00  2.88512E+05  1.07403E+04  2.83294E+05  8.12546E+03 -8.12546E+03  0.2E+01(1)
                        5.000E-02  1.48344E+05  1.48344E+05  1.43239E+05   45.00  2.91583E+05  5.10486E+03  2.89064E+05

           GRD      55 -5.000E-02  1.46233E+05  1.48586E+05  1.40079E+05   45.24  2.87494E+05  7.32577E+03  2.83902E+05 -8.26226E+03 -7.92577E+03  0.2E+01(1)
                        5.000E-02  1.50693E+05  1.49064E+05  1.42413E+05   44.84  2.92293E+05  7.46354E+03  2.88634E+05

           GRD       3 -5.000E-02  1.45194E+05  1.45194E+05  1.41272E+05   45.00  2.86466E+05  3.92109E+03  2.84526E+05 -8.46196E+03  8.46196E+03 -0.2E+01(1)
                        5.000E-02  1.51413E+05  1.51413E+05  1.41586E+05   45.00  2.92999E+05  9.82689E+03  2.88211E+05

       71  CENTER      -5.000E-02  1.50582E+05  1.50582E+05 -1.38274E+05  -45.00  2.88857E+05  1.23078E+04  2.82904E+05 -9.28691E+03 -9.28691E+03
                        5.000E-02  1.44427E+05  1.44427E+05 -1.45253E+05  -45.00  2.89680E+05 -8.26709E+02  2.90094E+05

           GRD      39 -5.000E-02  1.62969E+05  1.62969E+05 -1.29395E+05  -45.00  2.92364E+05  3.35743E+04  2.77107E+05 -2.61528E+03 -2.61528E+03  0.2E+01(1)
                        5.000E-02  1.25903E+05  1.25903E+05 -1.52921E+05  -45.00  2.78825E+05 -2.70180E+04  2.93269E+05

           GRD      53 -5.000E-02  1.56475E+05  1.41783E+05 -1.36847E+05  -43.46  2.86173E+05  1.20849E+04  2.80326E+05 -2.77118E+03 -1.54089E+04 -0.2E+01(1)
                        5.000E-02  1.33892E+05  1.51966E+05 -1.43754E+05  -46.80  2.86966E+05 -1.10843E+03  2.87522E+05

           GRD      37 -5.000E-02  1.35289E+05  1.35289E+05 -1.44300E+05  -45.00  2.79589E+05 -9.01038E+03  2.84201E+05 -1.55648E+04 -1.55648E+04 -0.2E+01(1)
                        5.000E-02  1.59955E+05  1.59955E+05 -1.34586E+05  -45.00  2.94541E+05  2.53687E+04  2.82711E+05

           GRD      43 -5.000E-02  1.41783E+05  1.56475E+05 -1.36847E+05  -46.54  2.86173E+05  1.20849E+04  2.80326E+05 -1.54089E+04 -2.77118E+03  0.2E+01(1)
                        5.000E-02  1.51966E+05  1.33892E+05 -1.43754E+05  -43.20  2.86966E+05 -1.10843E+03  2.87522E+05

       72  CENTER      -5.000E-02  1.50582E+05  1.50582E+05 -1.38274E+05  -45.00  2.88857E+05  1.23078E+04  2.82904E+05 -9.28691E+03 -9.28691E+03
                        5.000E-02  1.44427E+05  1.44427E+05 -1.45253E+05  -45.00  2.89680E+05 -8.26709E+02  2.90094E+05

           GRD      51 -5.000E-02  1.62969E+05  1.62969E+05 -1.29395E+05  -45.00  2.92364E+05  3.35743E+04  2.77107E+05 -2.61528E+03 -2.61528E+03  0.2E+01(1)
                        5.000E-02  1.25903E+05  1.25903E+05 -1.52921E+05  -45.00  2.78825E+05 -2.70180E+04  2.93269E+05

           GRD      49 -5.000E-02  1.56475E+05  1.41783E+05 -1.36847E+05  -43.46  2.86173E+05  1.20849E+04  2.80326E+05 -2.77118E+03 -1.54089E+04 -0.2E+01(1)
                        5.000E-02  1.33892E+05  1.51966E+05 -1.43754E+05  -46.80  2.86966E+05 -1.10843E+03  2.87522E+05

           GRD      50 -5.000E-02  1.35289E+05  1.35289E+05 -1.44300E+05  -45.00  2.79589E+05 -9.01038E+03  2.84201E+05 -1.55648E+04 -1.55648E+04 -0.2E+01(1)
                        5.000E-02  1.59955E+05  1.59955E+05 -1.34586E+05  -45.00  2.94541E+05  2.53687E+04  2.82711E+05

           GRD      53 -5.000E-02  1.41783E+05  1.56475E+05 -1.36847E+05  -46.54  2.86173E+05  1.20849E+04  2.80326E+05 -1.54089E+04 -2.77118E+03  0.2E+01(1)
                        5.000E-02  1.51966E+05  1.33892E+05 -1.43754E+05  -43.20  2.86966E+05 -1.10843E+03  2.87522E+05

       73  CENTER      -5.000E-02  1.48888E+05  1.48888E+05  1.41540E+05   45.00  2.90429E+05  7.34844E+03  2.86825E+05 -1.71892E+02  1.71892E+02
                        5.000E-02  1.51405E+05  1.51405E+05  1.43898E+05   45.00  2.95302E+05  7.50704E+03  2.91621E+05

           GRD      58 -5.000E-02  1.48586E+05  1.46233E+05  1.40079E+05   44.76  2.87494E+05  7.32577E+03  2.83902E+05  7.92577E+03  8.26226E+03 -0.2E+01(2)
                        5.000E-02  1.49064E+05  1.50693E+05  1.42413E+05   45.16  2.92293E+05  7.46354E+03  2.88634E+05

           GRD      73 -5.000E-02  1.49626E+05  1.49626E+05  1.38886E+05   45.00  2.88512E+05  1.07403E+04  2.83294E+05  8.12546E+03 -8.12546E+03  0.2E+01(2)
                        5.000E-02  1.48344E+05  1.48344E+05  1.43239E+05   45.00  2.91583E+05  5.10486E+03  2.89064E+05

           GRD      77 -5.000E-02  1.46233E+05  1.48586E+05  1.40079E+05   45.24  2.87494E+05  7.32577E+03  2.83902E+05 -8.26226E+03 -7.92577E+03  0.2E+01(2)
                        5.000E-02  1.50693E+05  1.49064E+05  1.42413E+05   44.84  2.92293E+05  7.46354E+03  2.88634E+05

           GRD      70 -5.000E-02  1.45194E+05  1.45194E+05  1.41272E+05   45.00  2.86466E+05  3.92109E+03  2.84526E+05 -8.46196E+03  8.46196E+03 -0.2E+01(2)
                        5.000E-02  1.51413E+05  1.51413E+05  1.41586E+05   45.00  2.92999E+05  9.82689E+03  2.88211E+05

       74  CENTER      -5.000E-02  1.50331E+05  1.50331E+05  1.39647E+05   45.00  2.89978E+05  1.06846E+04  2.84786E+05 -5.50253E+02  5.50253E+02
                        5.000E-02  1.49971E+05  1.49971E+05  1.43512E+05   45.00  2.93484E+05  6.45900E+03  2.90308E+05

           GRD      38 -5.000E-02  1.53836E+05  1.43867E+05  1.38206E+05   43.97  2.87147E+05  1.05562E+04  2.82017E+05  7.15627E+03  8.23345E+03 -0.2E+01(2)
                        5.000E-02  1.44608E+05  1.52283E+05  1.42031E+05   45.77  2.90528E+05  6.36182E+03  2.87400E+05

           GRD      65 -5.000E-02  1.58242E+05  1.58242E+05  1.33149E+05   45.00  2.91391E+05  2.50923E+04  2.79690E+05  7.34612E+03 -7.34612E+03  0.2E+01(1)
                        5.000E-02  1.41215E+05  1.41215E+05  1.45924E+05   45.00  2.87140E+05 -4.70896E+03  2.89523E+05

           GRD      33 -5.000E-02  1.43867E+05  1.53836E+05  1.38206E+05   46.03  2.87147E+05  1.05562E+04  2.82017E+05 -8.23345E+03 -7.15627E+03  0.2E+01(2)
                        5.000E-02  1.52283E+05  1.44608E+05  1.42031E+05   44.23  2.90528E+05  6.36182E+03  2.87400E+05

           GRD      44 -5.000E-02  1.39461E+05  1.39461E+05  1.43262E+05   45.00  2.82723E+05 -3.80030E+03  2.84642E+05 -8.42330E+03  8.42330E+03 -0.2E+01(2)
                        5.000E-02  1.55675E+05  1.55675E+05  1.38139E+05   45.00  2.93813E+05  1.75363E+04  2.85449E+05

       75  CENTER      -5.000E-02  1.48888E+05  1.48888E+05  1.41540E+05   45.00  2.90429E+05  7.34844E+03  2.86825E+05  1.71892E+02 -1.71892E+02
                        5.000E-02  1.51405E+05  1.51405E+05  1.43898E+05   45.00  2.95302E+05  7.50704E+03  2.91621E+05

           GRD      61 -5.000E-02  1.46233E+05  1.48586E+05  1.40079E+05   45.24  2.87494E+05  7.32577E+03  2.83902E+05  8.26226E+03  7.92577E+03 -0.2E+01(2)
                        5.000E-02  1.50693E+05  1.49064E+05  1.42413E+05   44.84  2.92293E+05  7.46354E+03  2.88634E+05

           GRD      97 -5.000E-02  1.45194E+05  1.45194E+05  1.41272E+05   45.00  2.86466E+05  3.92109E+03  2.84526E+05  8.46196E+03 -8.46196E+03  0.2E+01(2)
                        5.000E-02  1.51413E+05  1.51413E+05  1.41586E+05   45.00  2.92999E+05  9.82689E+03  2.88211E+05

           GRD      85 -5.000E-02  1.48586E+05  1.46233E+05  1.40079E+05   44.76  2.87494E+05  7.32577E+03  2.83902E+05 -7.92577E+03 -8.26226E+03  0.2E+01(2)
                        5.000E-02  1.49064E+05  1.50693E+05  1.42413E+05   45.16  2.92293E+05  7.46354E+03  2.88634E+05

           GRD       2 -5.000E-02  1.49626E+05  1.49626E+05  1.38886E+05   45.00  2.88512E+05  1.07403E+04  2.83294E+05 -8.12546E+03  8.12546E+03 -0.2E+01(2)
                        5.000E-02  1.48344E+05  1.48344E+05  1.43239E+05   45.00  2.91583E+05  5.10486E+03  2.89064E+05

       76  CENTER      -5.000E-02  1.47480E+05  1.47480E+05  1.37623E+05   45.00  2.85103E+05  9.85707E+03  2.80304E+05  1.30294E+03 -1.30294E+03
                        5.000E-02  1.48579E+05  1.48579E+05  1.40642E+05   45.00  2.89221E+05  7.93694E+03  2.85335E+05

           GRD      25 -5.000E-02  1.55106E+05  1.36936E+05  1.36203E+05   43.09  2.82526E+05  9.51575E+03  2.77891E+05  1.20269E+04  9.47630E+03 -0.2E+01(2)
                        5.000E-02  1.35872E+05  1.58276E+05  1.39191E+05   47.30  2.86714E+05  7.43298E+03  2.83071E+05

           GRD      75 -5.000E-02  1.63138E+05  1.63138E+05  1.26986E+05   45.00  2.90124E+05  3.61520E+04  2.73843E+05  1.22922E+04 -1.22922E+04  0.2E+01(2)
                        5.000E-02  1.25969E+05  1.25969E+05  1.50555E+05   45.00  2.76524E+05 -2.45855E+04  2.89600E+05

           GRD      90 -5.000E-02  1.36936E+05  1.55106E+05  1.36203E+05   46.91  2.82526E+05  9.51575E+03  2.77891E+05 -9.47630E+03 -1.20269E+04  0.2E+01(2)
                        5.000E-02  1.58276E+05  1.35872E+05  1.39191E+05   42.70  2.86714E+05  7.43298E+03  2.83071E+05

           GRD      86 -5.000E-02  1.28904E+05  1.28904E+05  1.45419E+05   45.00  2.74323E+05 -1.65151E+04  2.82943E+05 -9.74156E+03  9.74156E+03 -0.2E+01(2)
                        5.000E-02  1.68178E+05  1.68178E+05  1.27827E+05   45.00  2.96005E+05  4.03515E+04  2.78034E+05

       77  CENTER      -5.000E-02  1.50331E+05  1.50331E+05  1.39647E+05   45.00  2.89978E+05  1.06846E+04  2.84786E+05 -5.50253E+02  5.50253E+02
                        5.000E-02  1.49971E+05  1.49971E+05  1.43512E+05   45.00  2.93484E+05  6.45900E+03  2.90308E+05

           GRD      56 -5.000E-02  1.53836E+05  1.43867E+05  1.38206E+05   43.97  2.87147E+05  1.05562E+04  2.82017E+05  7.15627E+03  8.23345E+03 -0.2E+01(2)
                        5.000E-02  1.44608E+05  1.52283E+05  1.42031E+05   45.77  2.90528E+05  6.36182E+03  2.87400E+05

           GRD      31 -5.000E-02  1.58242E+05  1.58242E+05  1.33149E+05   45.00  2.91391E+05  2.50923E+04  2.79690E+05  7.34612E+03 -7.34612E+03  0.2E+01(2)
                        5.000E-02  1.41215E+05  1.41215E+05  1.45924E+05   45.00  2.87140E+05 -4.70896E+03  2.89523E+05

           GRD      23 -5.000E-02  1.43867E+05  1.53836E+05  1.38206E+05   46.03  2.87147E+05  1.05562E+04  2.82017E+05 -8.23345E+03 -7.15627E+03  0.2E+01(2)
                        5.000E-02  1.52283E+05  1.44608E+05  1.42031E+05   44.23  2.90528E+05  6.36182E+03  2.87400E+05

           GRD      42 -5.000E-02  1.39461E+05  1.39461E+05  1.43262E+05   45.00  2.82723E+05 -3.80030E+03  2.84642E+05 -8.42330E+03  8.42330E+03 -0.2E+01(2)
                        5.000E-02  1.55675E+05  1.55675E+05  1.38139E+05   45.00  2.93813E+05  1.75363E+04  2.85449E+05

       78  CENTER      -5.000E-02  1.50331E+05  1.50331E+05  1.39647E+05   45.00  2.89978E+05  1.06846E+04  2.84786E+05 -5.50253E+02  5.50253E+02
                        5.000E-02  1.49971E+05  1.49971E+05  1.43512E+05   45.00  2.93484E+05  6.45900E+03  2.90308E+05

           GRD      92 -5.000E-02  1.53836E+05  1.43867E+05  1.38206E+05   43.97  2.87147E+05  1.05562E+04  2.82017E+05  7.15627E+03  8.23345E+03 -0.2E+01(2)
                        5.000E-02  1.44608E+05  1.52283E+05  1.42031E+05   45.77  2.90528E+05  6.36182E+03  2.87400E+05

           GRD      60 -5.000E-02  1.58242E+05  1.58242E+05  1.33149E+05   45.00  2.91391E+05  2.50923E+04  2.79690E+05  7.34612E+03 -7.34612E+03  0.2E+01(2)
                        5.000E-02  1.41215E+05  1.41215E+05  1.45924E+05   45.00  2.87140E+05 -4.70896E+03  2.89523E+05

           GRD      38 -5.000E-02  1.43867E+05  1.53836E+05  1.38206E+05   46.03  2.87147E+05  1.05562E+04  2.82017E+05 -8.23345E+03 -7.15627E+03  0.2E+01(2)
                        5.000E-02  1.52283E+05  1.44608E+05  1.42031E+05   44.23  2.90528E+05  6.36182E+03  2.87400E+05

           GRD      10 -5.000E-02  1.39461E+05  1.39461E+05  1.43262E+05   45.00  2.82723E+05 -3.80030E+03  2.84642E+05 -8.42330E+03  8.42330E+03 -0.2E+01(2)
                        5.000E-02  1.55675E+05  1.55675E+05  1.38139E+05   45.00  2.93813E+05  1.75363E+04  2.85449E+05

       79  CENTER      -5.000E-02  1.50331E+05  1.50331E+05 -1.39647E+05  -45.00  2.89978E+05  1.06846E+04  2.84786E+05  5.50253E+02  5.50253E+02
                        5.000E-02  1.49971E+05  1.49971E+05 -1.43512E+05  -45.00  2.93484E+05  6.45900E+03  2.90308E+05

           GRD     123 -5.000E-02  1.58242E+05  1.58242E+05 -1.33149E+05  -45.00  2.91391E+05  2.50923E+04  2.79690E+05 -7.34612E+03 -7.34612E+03 -0.2E+01(6)
                        5.000E-02  1.41215E+05  1.41215E+05 -1.45924E+05  -45.00  2.87140E+05 -4.70896E+03  2.89523E+05

           GRD      62 -5.000E-02  1.53836E+05  1.43867E+05 -1.38206E+05  -43.97  2.87147E+05  1.05562E+04  2.82017E+05 -7.15627E+03  8.23345E+03  0.2E+01(6)
                        5.000E-02  1.44608E+05  1.52283E+05 -1.42031E+05  -45.77  2.90528E+05  6.36182E+03  2.87400E+05

           GRD      64 -5.000E-02  1.39461E+05  1.39461E+05 -1.43262E+05  -45.00  2.82723E+05 -3.80030E+03  2.84642E+05  8.42330E+03  8.42330E+03  0.2E+01(6)
                        5.000E-02  1.55675E+05  1.55675E+05 -1.38139E+05  -45.00  2.93813E+05  1.75363E+04  2.85449E+05

           GRD      93 -5.000E-02  1.43867E+05  1.53836E+05 -1.38206E+05  -46.03  2.87147E+05  1.05562E+04  2.82017E+05  8.23345E+03 -7.15627E+03 -0.2E+01(6)
                        5.000E-02  1.52283E+05  1.44608E+05 -1.42031E+05  -44.23  2.90528E+05  6.36182E+03  2.87400E+05

       80  CENTER      -5.000E-02  1.44583E+05  1.44583E+05  1.47956E+05   45.00  2.92539E+05 -3.37304E+03  2.94240E+05  4.35624E+02 -4.35624E+02
                        5.000E-02  1.56044E+05  1.56044E+05  1.45633E+05   45.00  3.01677E+05  1.04104E+04  2.96609E+05

           GRD      54 -5.000E-02  1.35264E+05  1.50947E+05  1.46428E+05   46.53  2.89743E+05 -3.53166E+03  2.91525E+05  9.83991E+03  8.98713E+03 -0.2E+01(1)
                        5.000E-02  1.61649E+05  1.47383E+05  1.44130E+05   43.58  2.98822E+05  1.02097E+04  2.93851E+05

           GRD      39 -5.000E-02  1.28333E+05  1.28333E+05  1.54382E+05   45.00  2.82715E+05 -2.60496E+04  2.96599E+05  1.00722E+04 -1.00722E+04  0.2E+01(1)
                        5.000E-02  1.67954E+05  1.67954E+05  1.36894E+05   45.00  3.04848E+05  3.10599E+04  2.90566E+05

           GRD      45 -5.000E-02  1.50947E+05  1.35264E+05  1.46428E+05   43.47  2.89743E+05 -3.53166E+03  2.91525E+05 -8.98713E+03 -9.83991E+03  0.2E+01(1)
                        5.000E-02  1.47383E+05  1.61649E+05  1.44130E+05   46.42  2.98822E+05  1.02097E+04  2.93851E+05

           GRD      46 -5.000E-02  1.57879E+05  1.57879E+05  1.38473E+05   45.00  2.96352E+05  1.94059E+04  2.87141E+05 -9.21938E+03  9.21938E+03 -0.2E+01(1)
                        5.000E-02  1.41078E+05  1.41078E+05  1.51366E+05   45.00  2.92444E+05 -1.02877E+04  2.97721E+05

       81  CENTER      -5.000E-02  1.47480E+05  1.47480E+05 -1.37623E+05  -45.00  2.85103E+05  9.85707E+03  2.80304E+05 -1.30294E+03 -1.30294E+03
                        5.000E-02  1.48579E+05  1.48579E+05 -1.40642E+05  -45.00  2.89221E+05  7.93694E+03  2.85335E+05

           GRD     100 -5.000E-02  1.63138E+05  1.63138E+05 -1.26986E+05  -45.00  2.90124E+05  3.61520E+04  2.73843E+05 -1.22922E+04 -1.22922E+04  0.2E+01(2)
                        5.000E-02  1.25969E+05  1.25969E+05 -1.50555E+05  -45.00  2.76524E+05 -2.45855E+04  2.89600E+05

           GRD     132 -5.000E-02  1.55106E+05  1.36936E+05 -1.36203E+05  -43.09  2.82526E+05  9.51575E+03  2.77891E+05 -1.20269E+04  9.47630E+03 -0.2E+01(2)
                        5.000E-02  1.35872E+05  1.58276E+05 -1.39191E+05  -47.30  2.86714E+05  7.43298E+03  2.83071E+05

           GRD     123 -5.000E-02  1.28904E+05  1.28904E+05 -1.45419E+05  -45.00  2.74323E+05 -1.65151E+04  2.82943E+05  9.74156E+03  9.74156E+03 -0.2E+01(2)
                        5.000E-02  1.68178E+05  1.68178E+05 -1.27827E+05  -45.00  2.96005E+05  4.03515E+04  2.78034E+05

           GRD     125 -5.000E-02  1.36936E+05  1.55106E+05 -1.36203E+05  -46.91  2.82526E+05  9.51575E+03  2.77891E+05  9.47630E+03 -1.20269E+04  0.2E+01(2)
                        5.000E-02  1.58276E+05  1.35872E+05 -1.39191E+05  -42.70  2.86714E+05  7.43298E+03  2.83071E+05

      100  CENTER      -5.000E-02  1.44583E+05  1.44583E+05 -1.47956E+05  -45.00  2.92539E+05 -3.37304E+03  2.94240E+05 -4.35624E+02 -4.35624E+02
                        5.000E-02  1.56044E+05  1.56044E+05 -1.45633E+05  -45.00  3.01677E+05  1.04104E+04  2.96609E+05

           GRD     125 -5.000E-02  1.28333E+05  1.28333E+05 -1.54382E+05  -45.00  2.82715E+05 -2.60496E+04  2.96599E+05 -1.00722E+04 -1.00722E+04  0.2E+01(1)
                        5.000E-02  1.67954E+05  1.67954E+05 -1.36894E+05  -45.00  3.04848E+05  3.10599E+04  2.90566E+05

           GRD     123 -5.000E-02  1.35264E+05  1.50947E+05 -1.46428E+05  -46.53  2.89743E+05 -3.53166E+03  2.91525E+05 -9.83991E+03  8.98713E+03 -0.2E+01(1)
                        5.000E-02  1.61649E+05  1.47383E+05 -1.44130E+05  -43.58  2.98822E+05  1.02097E+04  2.93851E+05

           GRD      93 -5.000E-02  1.57879E+05  1.57879E+05 -1.38473E+05  -45.00  2.96352E+05  1.94059E+04  2.87141E+05  9.21938E+03  9.21938E+03 -0.2E+01(1)
                        5.000E-02  1.41078E+05  1.41078E+05 -1.51366E+05  -45.00  2.92444E+05 -1.02877E+04  2.97721E+05

           GRD     128 -5.000E-02  1.50947E+05  1.35264E+05 -1.46428E+05  -43.47  2.89743E+05 -3.53166E+03  2.91525E+05  8.98713E+03 -9.83991E+03  0.2E+01(1)
                        5.000E-02  1.47383E+05  1.61649E+05 -1.44130E+05  -46.42  2.98822E+05  1.02097E+04  2.93851E+05

      101  CENTER      -5.000E-02  1.50331E+05  1.50331E+05  1.39647E+05   45.00  2.89978E+05  1.06846E+04  2.84786E+05  5.50253E+02 -5.50253E+02
                        5.000E-02  1.49971E+05  1.49971E+05  1.43512E+05   45.00  2.93484E+05  6.45900E+03  2.90308E+05

           GRD      19 -5.000E-02  1.43867E+05  1.53836E+05  1.38206E+05   46.03  2.87147E+05  1.05562E+04  2.82017E+05  8.23345E+03  7.15627E+03 -0.2E+01(1)
                        5.000E-02  1.52283E+05  1.44608E+05  1.42031E+05   44.23  2.90528E+05  6.36182E+03  2.87400E+05

           GRD      26 -5.000E-02  1.39461E+05  1.39461E+05  1.43262E+05   45.00  2.82723E+05 -3.80030E+03  2.84642E+05  8.42330E+03 -8.42330E+03  0.2E+01(1)
                        5.000E-02  1.55675E+05  1.55675E+05  1.38139E+05   45.00  2.93813E+05  1.75363E+04  2.85449E+05

           GRD       8 -5.000E-02  1.53836E+05  1.43867E+05  1.38206E+05   43.97  2.87147E+05  1.05562E+04  2.82017E+05 -7.15627E+03 -8.23345E+03  0.2E+01(1)
                        5.000E-02  1.44608E+05  1.52283E+05  1.42031E+05   45.77  2.90528E+05  6.36182E+03  2.87400E+05

           GRD     134 -5.000E-02  1.58242E+05  1.58242E+05  1.33149E+05   45.00  2.91391E+05  2.50923E+04  2.79690E+05 -7.34612E+03  7.34612E+03 -0.2E+01(1)
                        5.000E-02  1.41215E+05  1.41215E+05  1.45924E+05   45.00  2.87140E+05 -4.70896E+03  2.89523E+05

      102  CENTER      -5.000E-02  1.47480E+05  1.47480E+05  1.37623E+05   45.00  2.85103E+05  9.85707E+03  2.80304E+05 -1.30294E+03  1.30294E+03
                        5.000E-02  1.48579E+05  1.48579E+05  1.40642E+05   45.00  2.89221E+05  7.93694E+03  2.85335E+05

           GRD     131 -5.000E-02  1.36936E+05  1.55106E+05  1.36203E+05   46.91  2.82526E+05  9.51575E+03  2.77891E+05  9.47630E+03  1.20269E+04 -0.2E+01(1)
                        5.000E-02  1.58276E+05  1.35872E+05  1.39191E+05   42.70  2.86714E+05  7.43298E+03  2.83071E+05

           GRD     129 -5.000E-02  1.28904E+05  1.28904E+05  1.45419E+05   45.00  2.74323E+05 -1.65151E+04  2.82943E+05  9.74156E+03 -9.74156E+03  0.2E+01(1)
                        5.000E-02  1.68178E+05  1.68178E+05  1.27827E+05   45.00  2.96005E+05  4.03515E+04  2.78034E+05

           GRD     124 -5.000E-02  1.55106E+05  1.36936E+05  1.36203E+05   43.09  2.82526E+05  9.51575E+03  2.77891E+05 -1.20269E+04 -9.47630E+03  0.2E+01(1)
                        5.000E-02  1.35872E+05  1.58276E+05  1.39191E+05   47.30  2.86714E+05  7.43298E+03  2.83071E+05

           GRD     113 -5.000E-02  1.63138E+05  1.63138E+05  1.26986E+05   45.00  2.90124E+05  3.61520E+04  2.73843E+05 -1.22922E+04  1.22922E+04 -0.2E+01(1)
                        5.000E-02  1.25969E+05  1.25969E+05  1.50555E+05   45.00  2.76524E+05 -2.45855E+04  2.89600E+05

      103  CENTER      -5.000E-02  1.44583E+05  1.44583E+05  1.47956E+05   45.00  2.92539E+05 -3.37304E+03  2.94240E+05 -4.35624E+02  4.35624E+02
                        5.000E-02  1.56044E+05  1.56044E+05  1.45633E+05   45.00  3.01677E+05  1.04104E+04  2.96609E+05

           GRD     128 -5.000E-02  1.50947E+05  1.35264E+05  1.46428E+05   43.47  2.89743E+05 -3.53166E+03  2.91525E+05  8.98713E+03  9.83991E+03 -0.2E+01(1)
                        5.000E-02  1.47383E+05  1.61649E+05  1.44130E+05   46.42  2.98822E+05  1.02097E+04  2.93851E+05

           GRD      96 -5.000E-02  1.57879E+05  1.57879E+05  1.38473E+05   45.00  2.96352E+05  1.94059E+04  2.87141E+05  9.21938E+03 -9.21938E+03  0.2E+01(1)
                        5.000E-02  1.41078E+05  1.41078E+05  1.51366E+05   45.00  2.92444E+05 -1.02877E+04  2.97721E+05

           GRD     133 -5.000E-02  1.35264E+05  1.50947E+05  1.46428E+05   46.53  2.89743E+05 -3.53166E+03  2.91525E+05 -9.83991E+03 -8.98713E+03  0.2E+01(1)
                        5.000E-02  1.61649E+05  1.47383E+05  1.44130E+05   43.58  2.98822E+05  1.02097E+04  2.93851E+05

           GRD     127 -5.000E-02  1.28333E+05  1.28333E+05  1.54382E+05   45.00  2.82715E+05 -2.60496E+04  2.96599E+05 -1.00722E+04  1.00722E+04 -0.2E+01(1)
                        5.000E-02  1.67954E+05  1.67954E+05  1.36894E+05   45.00  3.04848E+05  3.10599E+04  2.90566E+05

      104  CENTER      -5.000E-02  1.50331E+05  1.50331E+05 -1.39647E+05  -45.00  2.89978E+05  1.06846E+04  2.84786E+05  5.50253E+02  5.50253E+02
                        5.000E-02  1.49971E+05  1.49971E+05 -1.43512E+05  -45.00  2.93484E+05  6.45900E+03  2.90308E+05

           GRD     130 -5.000E-02  1.58242E+05  1.58242E+05 -1.33149E+05  -45.00  2.91391E+05  2.50923E+04  2.79690E+05 -7.34612E+03 -7.34612E+03 -0.2E+01(6)
                        5.000E-02  1.41215E+05  1.41215E+05 -1.45924E+05  -45.00  2.87140E+05 -4.70896E+03  2.89523E+05

           GRD      98 -5.000E-02  1.53836E+05  1.43867E+05 -1.38206E+05  -43.97  2.87147E+05  1.05562E+04  2.82017E+05 -7.15627E+03  8.23345E+03  0.2E+01(6)
                        5.000E-02  1.44608E+05  1.52283E+05 -1.42031E+05  -45.77  2.90528E+05  6.36182E+03  2.87400E+05

           GRD       2 -5.000E-02  1.39461E+05  1.39461E+05 -1.43262E+05  -45.00  2.82723E+05 -3.80030E+03  2.84642E+05  8.42330E+03  8.42330E+03  0.2E+01(6)
                        5.000E-02  1.55675E+05  1.55675E+05 -1.38139E+05  -45.00  2.93813E+05  1.75363E+04  2.85449E+05

           GRD       1 -5.000E-02  1.43867E+05  1.53836E+05 -1.38206E+05  -46.03  2.87147E+05  1.05562E+04  2.82017E+05  8.23345E+03 -7.15627E+03 -0.2E+01(6)
                        5.000E-02  1.52283E+05  1.44608E+05 -1.42031E+05  -44.23  2.90528E+05  6.36182E+03  2.87400E+05

      105  CENTER      -5.000E-02  1.47480E+05  1.47480E+05  1.37623E+05   45.00  2.85103E+05  9.85707E+03  2.80304E+05 -1.30294E+03  1.30294E+03
                        5.000E-02  1.48579E+05  1.48579E+05  1.40642E+05   45.00  2.89221E+05  7.93694E+03  2.85335E+05

           GRD     135 -5.000E-02  1.36936E+05  1.55106E+05  1.36203E+05   46.91  2.82526E+05  9.51575E+03  2.77891E+05  9.47630E+03  1.20269E+04 -0.2E+01(2)
                        5.000E-02  1.58276E+05  1.35872E+05  1.39191E+05   42.70  2.86714E+05  7.43298E+03  2.83071E+05

           GRD     118 -5.000E-02  1.28904E+05  1.28904E+05  1.45419E+05   45.00  2.74323E+05 -1.65151E+04  2.82943E+05  9.74156E+03 -9.74156E+03  0.2E+01(2)
                        5.000E-02  1.68178E+05  1.68178E+05  1.27827E+05   45.00  2.96005E+05  4.03515E+04  2.78034E+05

           GRD     122 -5.000E-02  1.55106E+05  1.36936E+05  1.36203E+05   43.09  2.82526E+05  9.51575E+03  2.77891E+05 -1.20269E+04 -9.47630E+03  0.2E+01(2)
                        5.000E-02  1.35872E+05  1.58276E+05  1.39191E+05   47.30  2.86714E+05  7.43298E+03  2.83071E+05

           GRD     105 -5.000E-02  1.63138E+05  1.63138E+05  1.26986E+05   45.00  2.90124E+05  3.61520E+04  2.73843E+05 -1.22922E+04  1.22922E+04 -0.2E+01(2)
                        5.000E-02  1.25969E+05  1.25969E+05  1.50555E+05   45.00  2.76524E+05 -2.45855E+04  2.89600E+05

      106  CENTER      -5.000E-02  1.47480E+05  1.47480E+05  1.37623E+05   45.00  2.85103E+05  9.85707E+03  2.80304E+05 -1.30294E+03  1.30294E+03
                        5.000E-02  1.48579E+05  1.48579E+05  1.40642E+05   45.00  2.89221E+05  7.93694E+03  2.85335E+05

           GRD     122 -5.000E-02  1.36936E+05  1.55106E+05  1.36203E+05   46.91  2.82526E+05  9.51575E+03  2.77891E+05  9.47630E+03  1.20269E+04 -0.2E+01(1)
                        5.000E-02  1.58276E+05  1.35872E+05  1.39191E+05   42.70  2.86714E+05  7.43298E+03  2.83071E+05

           GRD     126 -5.000E-02  1.28904E+05  1.28904E+05  1.45419E+05   45.00  2.74323E+05 -1.65151E+04  2.82943E+05  9.74156E+03 -9.74156E+03  0.2E+01(1)
                        5.000E-02  1.68178E+05  1.68178E+05  1.27827E+05   45.00  2.96005E+05  4.03515E+04  2.78034E+05

           GRD     132 -5.000E-02  1.55106E+05  1.36936E+05  1.36203E+05   43.09  2.82526E+05  9.51575E+03  2.77891E+05 -1.20269E+04 -9.47630E+03  0.2E+01(1)
                        5.000E-02  1.35872E+05  1.58276E+05  1.39191E+05   47.30  2.86714E+05  7.43298E+03  2.83071E+05

           GRD     103 -5.000E-02  1.63138E+05  1.63138E+05  1.26986E+05   45.00  2.90124E+05  3.61520E+04  2.73843E+05 -1.22922E+04  1.22922E+04 -0.2E+01(1)
                        5.000E-02  1.25969E+05  1.25969E+05  1.50555E+05   45.00  2.76524E+05 -2.45855E+04  2.89600E+05

      107  CENTER      -5.000E-02  1.44583E+05  1.44583E+05  1.47956E+05   45.00  2.92539E+05 -3.37304E+03  2.94240E+05 -4.35624E+02  4.35624E+02
                        5.000E-02  1.56044E+05  1.56044E+05  1.45633E+05   45.00  3.01677E+05  1.04104E+04  2.96609E+05

           GRD     134 -5.000E-02  1.50947E+05  1.35264E+05  1.46428E+05   43.47  2.89743E+05 -3.53166E+03  2.91525E+05  8.98713E+03  9.83991E+03 -0.2E+01(1)
                        5.000E-02  1.47383E+05  1.61649E+05  1.44130E+05   46.42  2.98822E+05  1.02097E+04  2.93851E+05

           GRD       8 -5.000E-02  1.57879E+05  1.57879E+05  1.38473E+05   45.00  2.96352E+05  1.94059E+04  2.87141E+05  9.21938E+03 -9.21938E+03  0.2E+01(1)
                        5.000E-02  1.41078E+05  1.41078E+05  1.51366E+05   45.00  2.92444E+05 -1.02877E+04  2.97721E+05

           GRD     120 -5.000E-02  1.35264E+05  1.50947E+05  1.46428E+05   46.53  2.89743E+05 -3.53166E+03  2.91525E+05 -9.83991E+03 -8.98713E+03  0.2E+01(1)
                        5.000E-02  1.61649E+05  1.47383E+05  1.44130E+05   43.58  2.98822E+05  1.02097E+04  2.93851E+05

           GRD     121 -5.000E-02  1.28333E+05  1.28333E+05  1.54382E+05   45.00  2.82715E+05 -2.60496E+04  2.96599E+05 -1.00722E+04  1.00722E+04 -0.2E+01(1)
                        5.000E-02  1.67954E+05  1.67954E+05  1.36894E+05   45.00  3.04848E+05  3.10599E+04  2.90566E+05

      108  CENTER      -5.000E-02  1.50331E+05  1.50331E+05  1.39647E+05   45.00  2.89978E+05  1.06846E+04  2.84786E+05  5.50253E+02 -5.50253E+02
                        5.000E-02  1.49971E+05  1.49971E+05  1.43512E+05   45.00  2.93484E+05  6.45900E+03  2.90308E+05

           GRD      67 -5.000E-02  1.43867E+05  1.53836E+05  1.38206E+05   46.03  2.87147E+05  1.05562E+04  2.82017E+05  8.23345E+03  7.15627E+03 -0.2E+01(2)
                        5.000E-02  1.52283E+05  1.44608E+05  1.42031E+05   44.23  2.90528E+05  6.36182E+03  2.87400E+05

           GRD      68 -5.000E-02  1.39461E+05  1.39461E+05  1.43262E+05   45.00  2.82723E+05 -3.80030E+03  2.84642E+05  8.42330E+03 -8.42330E+03  0.2E+01(2)
                        5.000E-02  1.55675E+05  1.55675E+05  1.38139E+05   45.00  2.93813E+05  1.75363E+04  2.85449E+05

           GRD      19 -5.000E-02  1.53836E+05  1.43867E+05  1.38206E+05   43.97  2.87147E+05  1.05562E+04  2.82017E+05 -7.15627E+03 -8.23345E+03  0.2E+01(2)
                        5.000E-02  1.44608E+05  1.52283E+05  1.42031E+05   45.77  2.90528E+05  6.36182E+03  2.87400E+05

           GRD     129 -5.000E-02  1.58242E+05  1.58242E+05  1.33149E+05   45.00  2.91391E+05  2.50923E+04  2.79690E+05 -7.34612E+03  7.34612E+03 -0.2E+01(2)
                        5.000E-02  1.41215E+05  1.41215E+05  1.45924E+05   45.00  2.87140E+05 -4.70896E+03  2.89523E+05

      109  CENTER      -5.000E-02  1.47480E+05  1.47480E+05  1.37623E+05   45.00  2.85103E+05  9.85707E+03  2.80304E+05 -1.30294E+03  1.30294E+03
                        5.000E-02  1.48579E+05  1.48579E+05  1.40642E+05   45.00  2.89221E+05  7.93694E+03  2.85335E+05

           GRD     127 -5.000E-02  1.36936E+05  1.55106E+05  1.36203E+05   46.91  2.82526E+05  9.51575E+03  2.77891E+05  9.47630E+03  1.20269E+04 -0.2E+01(2)
                        5.000E-02  1.58276E+05  1.35872E+05  1.39191E+05   42.70  2.86714E+05  7.43298E+03  2.83071E+05

           GRD     133 -5.000E-02  1.28904E+05  1.28904E+05  1.45419E+05   45.00  2.74323E+05 -1.65151E+04  2.82943E+05  9.74156E+03 -9.74156E+03  0.2E+01(2)
                        5.000E-02  1.68178E+05  1.68178E+05  1.27827E+05   45.00  2.96005E+05  4.03515E+04  2.78034E+05

           GRD     131 -5.000E-02  1.55106E+05  1.36936E+05  1.36203E+05   43.09  2.82526E+05  9.51575E+03  2.77891E+05 -1.20269E+04 -9.47630E+03  0.2E+01(2)
                        5.000E-02  1.35872E+05  1.58276E+05  1.39191E+05   47.30  2.86714E+05  7.43298E+03  2.83071E+05

           GRD     115 -5.000E-02  1.63138E+05  1.63138E+05  1.26986E+05   45.00  2.90124E+05  3.61520E+04  2.73843E+05 -1.22922E+04  1.22922E+04 -0.2E+01(2)
                        5.000E-02  1.25969E+05  1.25969E+05  1.50555E+05   45.00  2.76524E+05 -2.45855E+04  2.89600E+05

      110  CENTER      -5.000E-02  1.47480E+05  1.47480E+05  1.37623E+05   45.00  2.85103E+05  9.85707E+03  2.80304E+05 -1.30294E+03  1.30294E+03
                        5.000E-02  1.48579E+05  1.48579E+05  1.40642E+05   45.00  2.89221E+05  7.93694E+03  2.85335E+05

           GRD     125 -5.000E-02  1.36936E+05  1.55106E+05  1.36203E+05   46.91  2.82526E+05  9.51575E+03  2.77891E+05  9.47630E+03  1.20269E+04 -0.2E+01(2)
                        5.000E-02  1.58276E+05  1.35872E+05  1.39191E+05   42.70  2.86714E+05  7.43298E+03  2.83071E+05

           GRD     128 -5.000E-02  1.28904E+05  1.28904E+05  1.45419E+05   45.00  2.74323E+05 -1.65151E+04  2.82943E+05  9.74156E+03 -9.74156E+03  0.2E+01(2)
                        5.000E-02  1.68178E+05  1.68178E+05  1.27827E+05   45.00  2.96005E+05  4.03515E+04  2.78034E+05

           GRD     127 -5.000E-02  1.55106E+05  1.36936E+05  1.36203E+05   43.09  2.82526E+05  9.51575E+03  2.77891E+05 -1.20269E+04 -9.47630E+03  0.2E+01(2)
                        5.000E-02  1.35872E+05  1.58276E+05  1.39191E+05   47.30  2.86714E+05  7.43298E+03  2.83071E+05

           GRD     117 -5.000E-02  1.63138E+05  1.63138E+05  1.26986E+05   45.00  2.90124E+05  3.61520E+04  2.73843E+05 -1.22922E+04  1.22922E+04 -0.2E+01(2)
                        5.000E-02  1.25969E+05  1.25969E+05  1.50555E+05   45.00  2.76524E+05 -2.45855E+04  2.89600E+05

      111  CENTER      -5.000E-02  1.50331E+05  1.50331E+05 -1.39647E+05  -45.00  2.89978E+05  1.06846E+04  2.84786E+05  5.50253E+02  5.50253E+02
                        5.000E-02  1.49971E+05  1.49971E+05 -1.43512E+05  -45.00  2.93484E+05  6.45900E+03  2.90308E+05

           GRD     128 -5.000E-02  1.58242E+05  1.58242E+05 -1.33149E+05  -45.00  2.91391E+05  2.50923E+04  2.79690E+05 -7.34612E+03 -7.34612E+03 -0.2E+01(6)
                        5.000E-02  1.41215E+05  1.41215E+05 -1.45924E+05  -45.00  2.87140E+05 -4.70896E+03  2.89523E+05

           GRD      93 -5.000E-02  1.53836E+05  1.43867E+05 -1.38206E+05  -43.97  2.87147E+05  1.05562E+04  2.82017E+05 -7.15627E+03  8.23345E+03  0.2E+01(6)
                        5.000E-02  1.44608E+05  1.52283E+05 -1.42031E+05  -45.77  2.90528E+05  6.36182E+03  2.87400E+05

           GRD       4 -5.000E-02  1.39461E+05  1.39461E+05 -1.43262E+05  -45.00  2.82723E+05 -3.80030E+03  2.84642E+05  8.42330E+03  8.42330E+03  0.2E+01(6)
                        5.000E-02  1.55675E+05  1.55675E+05 -1.38139E+05  -45.00  2.93813E+05  1.75363E+04  2.85449E+05

           GRD      96 -5.000E-02  1.43867E+05  1.53836E+05 -1.38206E+05  -46.03  2.87147E+05  1.05562E+04  2.82017E+05  8.23345E+03 -7.15627E+03 -0.2E+01(6)
                        5.000E-02  1.52283E+05  1.44608E+05 -1.42031E+05  -44.23  2.90528E+05  6.36182E+03  2.87400E+05

      112  CENTER      -5.000E-02  1.47480E+05  1.47480E+05  1.37623E+05   45.00  2.85103E+05  9.85707E+03  2.80304E+05 -1.30294E+03  1.30294E+03
                        5.000E-02  1.48579E+05  1.48579E+05  1.40642E+05   45.00  2.89221E+05  7.93694E+03  2.85335E+05

           GRD     121 -5.000E-02  1.36936E+05  1.55106E+05  1.36203E+05   46.91  2.82526E+05  9.51575E+03  2.77891E+05  9.47630E+03  1.20269E+04 -0.2E+01(2)
                        5.000E-02  1.58276E+05  1.35872E+05  1.39191E+05   42.70  2.86714E+05  7.43298E+03  2.83071E+05

           GRD     120 -5.000E-02  1.28904E+05  1.28904E+05  1.45419E+05   45.00  2.74323E+05 -1.65151E+04  2.82943E+05  9.74156E+03 -9.74156E+03  0.2E+01(1)
                        5.000E-02  1.68178E+05  1.68178E+05  1.27827E+05   45.00  2.96005E+05  4.03515E+04  2.78034E+05

           GRD     119 -5.000E-02  1.55106E+05  1.36936E+05  1.36203E+05   43.09  2.82526E+05  9.51575E+03  2.77891E+05 -1.20269E+04 -9.47630E+03  0.2E+01(2)
                        5.000E-02  1.35872E+05  1.58276E+05  1.39191E+05   47.30  2.86714E+05  7.43298E+03  2.83071E+05

           GRD     109 -5.000E-02  1.63138E+05  1.63138E+05  1.26986E+05   45.00  2.90124E+05  3.61520E+04  2.73843E+05 -1.22922E+04  1.22922E+04 -0.2E+01(2)
                        5.000E-02  1.25969E+05  1.25969E+05  1.50555E+05   45.00  2.76524E+05 -2.45855E+04  2.89600E+05

      113  CENTER      -5.000E-02  1.50331E+05  1.50331E+05  1.39647E+05   45.00  2.89978E+05  1.06846E+04  2.84786E+05  5.50253E+02 -5.50253E+02
                        5.000E-02  1.49971E+05  1.49971E+05  1.43512E+05   45.00  2.93484E+05  6.45900E+03  2.90308E+05

           GRD      96 -5.000E-02  1.43867E+05  1.53836E+05  1.38206E+05   46.03  2.87147E+05  1.05562E+04  2.82017E+05  8.23345E+03  7.15627E+03 -0.2E+01(2)
                        5.000E-02  1.52283E+05  1.44608E+05  1.42031E+05   44.23  2.90528E+05  6.36182E+03  2.87400E+05

           GRD      29 -5.000E-02  1.39461E+05  1.39461E+05  1.43262E+05   45.00  2.82723E+05 -3.80030E+03  2.84642E+05  8.42330E+03 -8.42330E+03  0.2E+01(2)
                        5.000E-02  1.55675E+05  1.55675E+05  1.38139E+05   45.00  2.93813E+05  1.75363E+04  2.85449E+05

           GRD      67 -5.000E-02  1.53836E+05  1.43867E+05  1.38206E+05   43.97  2.87147E+05  1.05562E+04  2.82017E+05 -7.15627E+03 -8.23345E+03  0.2E+01(2)
                        5.000E-02  1.44608E+05  1.52283E+05  1.42031E+05   45.77  2.90528E+05  6.36182E+03  2.87400E+05

           GRD     133 -5.000E-02  1.58242E+05  1.58242E+05  1.33149E+05   45.00  2.91391E+05  2.50923E+04  2.79690E+05 -7.34612E+03  7.34612E+03 -0.2E+01(2)
                        5.000E-02  1.41215E+05  1.41215E+05  1.45924E+05   45.00  2.87140E+05 -4.70896E+03  2.89523E+05

      114  CENTER      -5.000E-02  1.44583E+05  1.44583E+05  1.47956E+05   45.00  2.92539E+05 -3.37304E+03  2.94240E+05 -4.35624E+02  4.35624E+02
                        5.000E-02  1.56044E+05  1.56044E+05  1.45633E+05   45.00  3.01677E+05  1.04104E+04  2.96609E+05

           GRD     133 -5.000E-02  1.50947E+05  1.35264E+05  1.46428E+05   43.47  2.89743E+05 -3.53166E+03  2.91525E+05  8.98713E+03  9.83991E+03 -0.2E+01(2)
                        5.000E-02  1.47383E+05  1.61649E+05  1.44130E+05   46.42  2.98822E+05  1.02097E+04  2.93851E+05

           GRD      67 -5.000E-02  1.57879E+05  1.57879E+05  1.38473E+05   45.00  2.96352E+05  1.94059E+04  2.87141E+05  9.21938E+03 -9.21938E+03  0.2E+01(2)
                        5.000E-02  1.41078E+05  1.41078E+05  1.51366E+05   45.00  2.92444E+05 -1.02877E+04  2.97721E+05

           GRD     129 -5.000E-02  1.35264E+05  1.50947E+05  1.46428E+05   46.53  2.89743E+05 -3.53166E+03  2.91525E+05 -9.83991E+03 -8.98713E+03  0.2E+01(2)
                        5.000E-02  1.61649E+05  1.47383E+05  1.44130E+05   43.58  2.98822E+05  1.02097E+04  2.93851E+05

           GRD     131 -5.000E-02  1.28333E+05  1.28333E+05  1.54382E+05   45.00  2.82715E+05 -2.60496E+04  2.96599E+05 -1.00722E+04  1.00722E+04 -0.2E+01(2)
                        5.000E-02  1.67954E+05  1.67954E+05  1.36894E+05   45.00  3.04848E+05  3.10599E+04  2.90566E+05

      115  CENTER      -5.000E-02  1.50582E+05  1.50582E+05  1.38274E+05   45.00  2.88857E+05  1.23078E+04  2.82904E+05  9.28691E+03 -9.28691E+03
                        5.000E-02  1.44427E+05  1.44427E+05  1.45253E+05   45.00  2.89680E+05 -8.26709E+02  2.90094E+05

           GRD     117 -5.000E-02  1.56475E+05  1.41783E+05  1.36847E+05   43.46  2.86173E+05  1.20849E+04  2.80326E+05  2.77118E+03 -1.54089E+04 -0.4E+01(4)
                        5.000E-02  1.33892E+05  1.51966E+05  1.43754E+05   46.80  2.86966E+05 -1.10843E+03  2.87522E+05

           GRD     127 -5.000E-02  1.62969E+05  1.62969E+05  1.29395E+05   45.00  2.92364E+05  3.35743E+04  2.77107E+05  2.61528E+03 -2.61528E+03  0.4E+01(4)
                        5.000E-02  1.25903E+05  1.25903E+05  1.52921E+05   45.00  2.78825E+05 -2.70180E+04  2.93269E+05

           GRD     115 -5.000E-02  1.41783E+05  1.56475E+05  1.36847E+05   46.54  2.86173E+05  1.20849E+04  2.80326E+05  1.54089E+04 -2.77118E+03  0.4E+01(4)
                        5.000E-02  1.51966E+05  1.33892E+05  1.43754E+05   43.20  2.86966E+05 -1.10843E+03  2.87522E+05

           GRD     116 -5.000E-02  1.35289E+05  1.35289E+05  1.44300E+05   45.00  2.79589E+05 -9.01038E+03  2.84201E+05  1.55648E+04 -1.55648E+04 -0.4E+01(4)
                        5.000E-02  1.59955E+05  1.59955E+05  1.34586E+05   45.00  2.94541E+05  2.53687E+04  2.82711E+05

      116  CENTER      -5.000E-02  1.50582E+05  1.50582E+05  1.38274E+05   45.00  2.88857E+05  1.23078E+04  2.82904E+05  9.28691E+03 -9.28691E+03
                        5.000E-02  1.44427E+05  1.44427E+05  1.45253E+05   45.00  2.89680E+05 -8.26709E+02  2.90094E+05

           GRD     111 -5.000E-02  1.56475E+05  1.41783E+05  1.36847E+05   43.46  2.86173E+05  1.20849E+04  2.80326E+05  2.77118E+03 -1.54089E+04 -0.4E+01(4)
                        5.000E-02  1.33892E+05  1.51966E+05  1.43754E+05   46.80  2.86966E+05 -1.10843E+03  2.87522E+05

           GRD     121 -5.000E-02  1.62969E+05  1.62969E+05  1.29395E+05   45.00  2.92364E+05  3.35743E+04  2.77107E+05  2.61528E+03 -2.61528E+03  0.4E+01(4)
                        5.000E-02  1.25903E+05  1.25903E+05  1.52921E+05   45.00  2.78825E+05 -2.70180E+04  2.93269E+05

           GRD     109 -5.000E-02  1.41783E+05  1.56475E+05  1.36847E+05   46.54  2.86173E+05  1.20849E+04  2.80326E+05  1.54089E+04 -2.77118E+03  0.4E+01(4)
                        5.000E-02  1.51966E+05  1.33892E+05  1.43754E+05   43.20  2.86966E+05 -1.10843E+03  2.87522E+05

           GRD     110 -5.000E-02  1.35289E+05  1.35289E+05  1.44300E+05   45.00  2.79589E+05 -9.01038E+03  2.84201E+05  1.55648E+04 -1.55648E+04 -0.4E+01(4)
                        5.000E-02  1.59955E+05  1.59955E+05  1.34586E+05   45.00  2.94541E+05  2.53687E+04  2.82711E+05

      117  CENTER      -5.000E-02  1.44583E+05  1.44583E+05  1.47956E+05   45.00  2.92539E+05 -3.37304E+03  2.94240E+05 -4.35624E+02  4.35624E+02
                        5.000E-02  1.56044E+05  1.56044E+05  1.45633E+05   45.00  3.01677E+05  1.04104E+04  2.96609E+05

           GRD     118 -5.000E-02  1.50947E+05  1.35264E+05  1.46428E+05   43.47  2.89743E+05 -3.53166E+03  2.91525E+05  8.98713E+03  9.83991E+03 -0.2E+01(1)
                        5.000E-02  1.47383E+05  1.61649E+05  1.44130E+05   46.42  2.98822E+05  1.02097E+04  2.93851E+05

           GRD      11 -5.000E-02  1.57879E+05  1.57879E+05  1.38473E+05   45.00  2.96352E+05  1.94059E+04  2.87141E+05  9.21938E+03 -9.21938E+03  0.2E+01(1)
                        5.000E-02  1.41078E+05  1.41078E+05  1.51366E+05   45.00  2.92444E+05 -1.02877E+04  2.97721E+05

           GRD     126 -5.000E-02  1.35264E+05  1.50947E+05  1.46428E+05   46.53  2.89743E+05 -3.53166E+03  2.91525E+05 -9.83991E+03 -8.98713E+03  0.2E+01(1)
                        5.000E-02  1.61649E+05  1.47383E+05  1.44130E+05   43.58  2.98822E+05  1.02097E+04  2.93851E+05

           GRD     122 -5.000E-02  1.28333E+05  1.28333E+05  1.54382E+05   45.00  2.82715E+05 -2.60496E+04  2.96599E+05 -1.00722E+04  1.00722E+04 -0.2E+01(1)
                        5.000E-02  1.67954E+05  1.67954E+05  1.36894E+05   45.00  3.04848E+05  3.10599E+04  2.90566E+05

      118  CENTER      -5.000E-02  1.47480E+05  1.47480E+05  1.37623E+05   45.00  2.85103E+05  9.85707E+03  2.80304E+05 -1.30294E+03  1.30294E+03
                        5.000E-02  1.48579E+05  1.48579E+05  1.40642E+05   45.00  2.89221E+05  7.93694E+03  2.85335E+05

           GRD     124 -5.000E-02  1.36936E+05  1.55106E+05  1.36203E+05   46.91  2.82526E+05  9.51575E+03  2.77891E+05  9.47630E+03  1.20269E+04 -0.2E+01(2)
                        5.000E-02  1.58276E+05  1.35872E+05  1.39191E+05   42.70  2.86714E+05  7.43298E+03  2.83071E+05

           GRD     134 -5.000E-02  1.28904E+05  1.28904E+05  1.45419E+05   45.00  2.74323E+05 -1.65151E+04  2.82943E+05  9.74156E+03 -9.74156E+03  0.2E+01(2)
                        5.000E-02  1.68178E+05  1.68178E+05  1.27827E+05   45.00  2.96005E+05  4.03515E+04  2.78034E+05

           GRD     121 -5.000E-02  1.55106E+05  1.36936E+05  1.36203E+05   43.09  2.82526E+05  9.51575E+03  2.77891E+05 -1.20269E+04 -9.47630E+03  0.2E+01(2)
                        5.000E-02  1.35872E+05  1.58276E+05  1.39191E+05   47.30  2.86714E+05  7.43298E+03  2.83071E+05

           GRD     111 -5.000E-02  1.63138E+05  1.63138E+05  1.26986E+05   45.00  2.90124E+05  3.61520E+04  2.73843E+05 -1.22922E+04  1.22922E+04 -0.2E+01(2)
                        5.000E-02  1.25969E+05  1.25969E+05  1.50555E+05   45.00  2.76524E+05 -2.45855E+04  2.89600E+05

      119  CENTER      -5.000E-02  1.50582E+05  1.50582E+05  1.38274E+05   45.00  2.88857E+05  1.23078E+04  2.82904E+05  9.28691E+03 -9.28691E+03
                        5.000E-02  1.44427E+05  1.44427E+05  1.45253E+05   45.00  2.89680E+05 -8.26709E+02  2.90094E+05

           GRD     105 -5.000E-02  1.56475E+05  1.41783E+05  1.36847E+05   43.46  2.86173E+05  1.20849E+04  2.80326E+05  2.77118E+03 -1.54089E+04 -0.4E+01(4)
                        5.000E-02  1.33892E+05  1.51966E+05  1.43754E+05   46.80  2.86966E+05 -1.10843E+03  2.87522E+05

           GRD     122 -5.000E-02  1.62969E+05  1.62969E+05  1.29395E+05   45.00  2.92364E+05  3.35743E+04  2.77107E+05  2.61528E+03 -2.61528E+03  0.4E+01(4)
                        5.000E-02  1.25903E+05  1.25903E+05  1.52921E+05   45.00  2.78825E+05 -2.70180E+04  2.93269E+05

           GRD     103 -5.000E-02  1.41783E+05  1.56475E+05  1.36847E+05   46.54  2.86173E+05  1.20849E+04  2.80326E+05  1.54089E+04 -2.77118E+03  0.4E+01(4)
                        5.000E-02  1.51966E+05  1.33892E+05  1.43754E+05   43.20  2.86966E+05 -1.10843E+03  2.87522E+05

           GRD     104 -5.000E-02  1.35289E+05  1.35289E+05  1.44300E+05   45.00  2.79589E+05 -9.01038E+03  2.84201E+05  1.55648E+04 -1.55648E+04 -0.4E+01(4)
                        5.000E-02  1.59955E+05  1.59955E+05  1.34586E+05   45.00  2.94541E+05  2.53687E+04  2.82711E+05

      120  CENTER      -5.000E-02  1.44583E+05  1.44583E+05  1.47956E+05   45.00  2.92539E+05 -3.37304E+03  2.94240E+05 -4.35624E+02  4.35624E+02
                        5.000E-02  1.56044E+05  1.56044E+05  1.45633E+05   45.00  3.01677E+05  1.04104E+04  2.96609E+05

           GRD     126 -5.000E-02  1.50947E+05  1.35264E+05  1.46428E+05   43.47  2.89743E+05 -3.53166E+03  2.91525E+05  8.98713E+03  9.83991E+03 -0.2E+01(2)
                        5.000E-02  1.47383E+05  1.61649E+05  1.44130E+05   46.42  2.98822E+05  1.02097E+04  2.93851E+05

           GRD      62 -5.000E-02  1.57879E+05  1.57879E+05  1.38473E+05   45.00  2.96352E+05  1.94059E+04  2.87141E+05  9.21938E+03 -9.21938E+03  0.2E+01(2)
                        5.000E-02  1.41078E+05  1.41078E+05  1.51366E+05   45.00  2.92444E+05 -1.02877E+04  2.97721E+05

           GRD     123 -5.000E-02  1.35264E+05  1.50947E+05  1.46428E+05   46.53  2.89743E+05 -3.53166E+03  2.91525E+05 -9.83991E+03 -8.98713E+03  0.2E+01(2)
                        5.000E-02  1.61649E+05  1.47383E+05  1.44130E+05   43.58  2.98822E+05  1.02097E+04  2.93851E+05

           GRD     132 -5.000E-02  1.28333E+05  1.28333E+05  1.54382E+05   45.00  2.82715E+05 -2.60496E+04  2.96599E+05 -1.00722E+04  1.00722E+04 -0.2E+01(2)
                        5.000E-02  1.67954E+05  1.67954E+05  1.36894E+05   45.00  3.04848E+05  3.10599E+04  2.90566E+05

      121  CENTER      -5.000E-02  1.50582E+05  1.50582E+05  1.38274E+05   45.00  2.88857E+05  1.23078E+04  2.82904E+05  9.28691E+03 -9.28691E+03
                        5.000E-02  1.44427E+05  1.44427E+05  1.45253E+05   45.00  2.89680E+05 -8.26709E+02  2.90094E+05

           GRD     103 -5.000E-02  1.56475E+05  1.41783E+05  1.36847E+05   43.46  2.86173E+05  1.20849E+04  2.80326E+05  2.77118E+03 -1.54089E+04 -0.4E+01(4)
                        5.000E-02  1.33892E+05  1.51966E+05  1.43754E+05   46.80  2.86966E+05 -1.10843E+03  2.87522E+05

           GRD     132 -5.000E-02  1.62969E+05  1.62969E+05  1.29395E+05   45.00  2.92364E+05  3.35743E+04  2.77107E+05  2.61528E+03 -2.61528E+03  0.4E+01(4)
                        5.000E-02  1.25903E+05  1.25903E+05  1.52921E+05   45.00  2.78825E+05 -2.70180E+04  2.93269E+05

           GRD     100 -5.000E-02  1.41783E+05  1.56475E+05  1.36847E+05   46.54  2.86173E+05  1.20849E+04  2.80326E+05  1.54089E+04 -2.77118E+03  0.4E+01(4)
                        5.000E-02  1.51966E+05  1.33892E+05  1.43754E+05   43.20  2.86966E+05 -1.10843E+03  2.87522E+05

           GRD     102 -5.000E-02  1.35289E+05  1.35289E+05  1.44300E+05   45.00  2.79589E+05 -9.01038E+03  2.84201E+05  1.55648E+04 -1.55648E+04 -0.4E+01(4)
                        5.000E-02  1.59955E+05  1.59955E+05  1.34586E+05   45.00  2.94541E+05  2.53687E+04  2.82711E+05

      122  CENTER      -5.000E-02  1.47480E+05  1.47480E+05 -1.37623E+05  -45.00  2.85103E+05  9.85707E+03  2.80304E+05  1.30294E+03  1.30294E+03
                        5.000E-02  1.48579E+05  1.48579E+05 -1.40642E+05  -45.00  2.89221E+05  7.93694E+03  2.85335E+05

           GRD      94 -5.000E-02  1.28904E+05  1.28904E+05 -1.45419E+05  -45.00  2.74323E+05 -1.65151E+04  2.82943E+05 -9.74156E+03 -9.74156E+03  0.2E+01(1)
                        5.000E-02  1.68178E+05  1.68178E+05 -1.27827E+05  -45.00  2.96005E+05  4.03515E+04  2.78034E+05

           GRD      80 -5.000E-02  1.36936E+05  1.55106E+05 -1.36203E+05  -46.91  2.82526E+05  9.51575E+03  2.77891E+05 -9.47630E+03  1.20269E+04 -0.2E+01(1)
                        5.000E-02  1.58276E+05  1.35872E+05 -1.39191E+05  -42.70  2.86714E+05  7.43298E+03  2.83071E+05

           GRD      74 -5.000E-02  1.63138E+05  1.63138E+05 -1.26986E+05  -45.00  2.90124E+05  3.61520E+04  2.73843E+05  1.22922E+04  1.22922E+04 -0.2E+01(1)
                        5.000E-02  1.25969E+05  1.25969E+05 -1.50555E+05  -45.00  2.76524E+05 -2.45855E+04  2.89600E+05

           GRD      36 -5.000E-02  1.55106E+05  1.36936E+05 -1.36203E+05  -43.09  2.82526E+05  9.51575E+03  2.77891E+05  1.20269E+04 -9.47630E+03  0.2E+01(1)
                        5.000E-02  1.35872E+05  1.58276E+05 -1.39191E+05  -47.30  2.86714E+05  7.43298E+03  2.83071E+05

      123  CENTER      -5.000E-02  1.44583E+05  1.44583E+05 -1.47956E+05  -45.00  2.92539E+05 -3.37304E+03  2.94240E+05 -4.35624E+02 -4.35624E+02
                        5.000E-02  1.56044E+05  1.56044E+05 -1.45633E+05  -45.00  3.01677E+05  1.04104E+04  2.96609E+05

           GRD     119 -5.000E-02  1.28333E+05  1.28333E+05 -1.54382E+05  -45.00  2.82715E+05 -2.60496E+04  2.96599E+05 -1.00722E+04 -1.00722E+04  0.2E+01(1)
                        5.000E-02  1.67954E+05  1.67954E+05 -1.36894E+05  -45.00  3.04848E+05  3.10599E+04  2.90566E+05

           GRD     120 -5.000E-02  1.35264E+05  1.50947E+05 -1.46428E+05  -46.53  2.89743E+05 -3.53166E+03  2.91525E+05 -9.83991E+03  8.98713E+03 -0.2E+01(1)
                        5.000E-02  1.61649E+05  1.47383E+05 -1.44130E+05  -43.58  2.98822E+05  1.02097E+04  2.93851E+05

           GRD      98 -5.000E-02  1.57879E+05  1.57879E+05 -1.38473E+05  -45.00  2.96352E+05  1.94059E+04  2.87141E+05  9.21938E+03  9.21938E+03 -0.2E+01(1)
                        5.000E-02  1.41078E+05  1.41078E+05 -1.51366E+05  -45.00  2.92444E+05 -1.02877E+04  2.97721E+05

           GRD     130 -5.000E-02  1.50947E+05  1.35264E+05 -1.46428E+05  -43.47  2.89743E+05 -3.53166E+03  2.91525E+05  8.98713E+03 -9.83991E+03  0.2E+01(1)
                        5.000E-02  1.47383E+05  1.61649E+05 -1.44130E+05  -46.42  2.98822E+05  1.02097E+04  2.93851E+05

      124  CENTER      -5.000E-02  1.50582E+05  1.50582E+05 -1.38274E+05  -45.00  2.88857E+05  1.23078E+04  2.82904E+05  9.28691E+03  9.28691E+03
                        5.000E-02  1.44427E+05  1.44427E+05 -1.45253E+05  -45.00  2.89680E+05 -8.26709E+02  2.90094E+05

           GRD     108 -5.000E-02  1.35289E+05  1.35289E+05 -1.44300E+05  -45.00  2.79589E+05 -9.01038E+03  2.84201E+05  1.55648E+04  1.55648E+04  0.2E+01(1)
                        5.000E-02  1.59955E+05  1.59955E+05 -1.34586E+05  -45.00  2.94541E+05  2.53687E+04  2.82711E+05

           GRD     109 -5.000E-02  1.41783E+05  1.56475E+05 -1.36847E+05  -46.54  2.86173E+05  1.20849E+04  2.80326E+05  1.54089E+04  2.77118E+03 -0.2E+01(1)
                        5.000E-02  1.51966E+05  1.33892E+05 -1.43754E+05  -43.20  2.86966E+05 -1.10843E+03  2.87522E+05

           GRD     119 -5.000E-02  1.62969E+05  1.62969E+05 -1.29395E+05  -45.00  2.92364E+05  3.35743E+04  2.77107E+05  2.61528E+03  2.61528E+03 -0.2E+01(1)
                        5.000E-02  1.25903E+05  1.25903E+05 -1.52921E+05  -45.00  2.78825E+05 -2.70180E+04  2.93269E+05

           GRD     107 -5.000E-02  1.56475E+05  1.41783E+05 -1.36847E+05  -43.46  2.86173E+05  1.20849E+04  2.80326E+05  2.77118E+03  1.54089E+04  0.2E+01(1)
                        5.000E-02  1.33892E+05  1.51966E+05 -1.43754E+05  -46.80  2.86966E+05 -1.10843E+03  2.87522E+05

      125  CENTER      -5.000E-02  1.44583E+05  1.44583E+05  1.47956E+05   45.00  2.92539E+05 -3.37304E+03  2.94240E+05 -4.35624E+02  4.35624E+02
                        5.000E-02  1.56044E+05  1.56044E+05  1.45633E+05   45.00  3.01677E+05  1.04104E+04  2.96609E+05

           GRD     130 -5.000E-02  1.50947E+05  1.35264E+05  1.46428E+05   43.47  2.89743E+05 -3.53166E+03  2.91525E+05  8.98713E+03  9.83991E+03 -0.2E+01(2)
                        5.000E-02  1.47383E+05  1.61649E+05  1.44130E+05   46.42  2.98822E+05  1.02097E+04  2.93851E+05

           GRD       1 -5.000E-02  1.57879E+05  1.57879E+05  1.38473E+05   45.00  2.96352E+05  1.94059E+04  2.87141E+05  9.21938E+03 -9.21938E+03  0.2E+01(2)
                        5.000E-02  1.41078E+05  1.41078E+05  1.51366E+05   45.00  2.92444E+05 -1.02877E+04  2.97721E+05

           GRD     118 -5.000E-02  1.35264E+05  1.50947E+05  1.46428E+05   46.53  2.89743E+05 -3.53166E+03  2.91525E+05 -9.83991E+03 -8.98713E+03  0.2E+01(2)
                        5.000E-02  1.61649E+05  1.47383E+05  1.44130E+05   43.58  2.98822E+05  1.02097E+04  2.93851E+05

           GRD     135 -5.000E-02  1.28333E+05  1.28333E+05  1.54382E+05   45.00  2.82715E+05 -2.60496E+04  2.96599E+05 -1.00722E+04  1.00722E+04 -0.2E+01(2)
                        5.000E-02  1.67954E+05  1.67954E+05  1.36894E+05   45.00  3.04848E+05  3.10599E+04  2.90566E+05

      126  CENTER      -5.000E-02  1.50582E+05  1.50582E+05  1.38274E+05   45.00  2.88857E+05  1.23078E+04  2.82904E+05  9.28691E+03 -9.28691E+03
                        5.000E-02  1.44427E+05  1.44427E+05  1.45253E+05   45.00  2.89680E+05 -8.26709E+02  2.90094E+05

           GRD     113 -5.000E-02  1.56475E+05  1.41783E+05  1.36847E+05   43.46  2.86173E+05  1.20849E+04  2.80326E+05  2.77118E+03 -1.54089E+04 -0.4E+01(4)
                        5.000E-02  1.33892E+05  1.51966E+05  1.43754E+05   46.80  2.86966E+05 -1.10843E+03  2.87522E+05

           GRD     124 -5.000E-02  1.62969E+05  1.62969E+05  1.29395E+05   45.00  2.92364E+05  3.35743E+04  2.77107E+05  2.61528E+03 -2.61528E+03  0.4E+01(4)
                        5.000E-02  1.25903E+05  1.25903E+05  1.52921E+05   45.00  2.78825E+05 -2.70180E+04  2.93269E+05

           GRD     111 -5.000E-02  1.41783E+05  1.56475E+05  1.36847E+05   46.54  2.86173E+05  1.20849E+04  2.80326E+05  1.54089E+04 -2.77118E+03  0.4E+01(4)
                        5.000E-02  1.51966E+05  1.33892E+05  1.43754E+05   43.20  2.86966E+05 -1.10843E+03  2.87522E+05

           GRD     112 -5.000E-02  1.35289E+05  1.35289E+05  1.44300E+05   45.00  2.79589E+05 -9.01038E+03  2.84201E+05  1.55648E+04 -1.55648E+04 -0.4E+01(4)
                        5.000E-02  1.59955E+05  1.59955E+05  1.34586E+05   45.00  2.94541E+05  2.53687E+04  2.82711E+05

      127  CENTER      -5.000E-02  1.50331E+05  1.50331E+05  1.39647E+05   45.00  2.89978E+05  1.06846E+04  2.84786E+05  5.50253E+02 -5.50253E+02
                        5.000E-02  1.49971E+05  1.49971E+05  1.43512E+05   45.00  2.93484E+05  6.45900E+03  2.90308E+05

           GRD      11 -5.000E-02  1.43867E+05  1.53836E+05  1.38206E+05   46.03  2.87147E+05  1.05562E+04  2.82017E+05  8.23345E+03  7.15627E+03 -0.2E+01(1)
                        5.000E-02  1.52283E+05  1.44608E+05  1.42031E+05   44.23  2.90528E+05  6.36182E+03  2.87400E+05

           GRD      15 -5.000E-02  1.39461E+05  1.39461E+05  1.43262E+05   45.00  2.82723E+05 -3.80030E+03  2.84642E+05  8.42330E+03 -8.42330E+03  0.2E+01(1)
                        5.000E-02  1.55675E+05  1.55675E+05  1.38139E+05   45.00  2.93813E+05  1.75363E+04  2.85449E+05

           GRD      62 -5.000E-02  1.53836E+05  1.43867E+05  1.38206E+05   43.97  2.87147E+05  1.05562E+04  2.82017E+05 -7.15627E+03 -8.23345E+03  0.2E+01(1)
                        5.000E-02  1.44608E+05  1.52283E+05  1.42031E+05   45.77  2.90528E+05  6.36182E+03  2.87400E+05

           GRD     126 -5.000E-02  1.58242E+05  1.58242E+05  1.33149E+05   45.00  2.91391E+05  2.50923E+04  2.79690E+05 -7.34612E+03  7.34612E+03 -0.2E+01(1)
                        5.000E-02  1.41215E+05  1.41215E+05  1.45924E+05   45.00  2.87140E+05 -4.70896E+03  2.89523E+05

      128  CENTER      -5.000E-02  1.50582E+05  1.50582E+05  1.38274E+05   45.00  2.88857E+05  1.23078E+04  2.82904E+05  9.28691E+03 -9.28691E+03
                        5.000E-02  1.44427E+05  1.44427E+05  1.45253E+05   45.00  2.89680E+05 -8.26709E+02  2.90094E+05

           GRD     107 -5.000E-02  1.56475E+05  1.41783E+05  1.36847E+05   43.46  2.86173E+05  1.20849E+04  2.80326E+05  2.77118E+03 -1.54089E+04 -0.4E+01(4)
                        5.000E-02  1.33892E+05  1.51966E+05  1.43754E+05   46.80  2.86966E+05 -1.10843E+03  2.87522E+05

           GRD     135 -5.000E-02  1.62969E+05  1.62969E+05  1.29395E+05   45.00  2.92364E+05  3.35743E+04  2.77107E+05  2.61528E+03 -2.61528E+03  0.4E+01(4)
                        5.000E-02  1.25903E+05  1.25903E+05  1.52921E+05   45.00  2.78825E+05 -2.70180E+04  2.93269E+05

           GRD     105 -5.000E-02  1.41783E+05  1.56475E+05  1.36847E+05   46.54  2.86173E+05  1.20849E+04  2.80326E+05  1.54089E+04 -2.77118E+03  0.4E+01(4)
                        5.000E-02  1.51966E+05  1.33892E+05  1.43754E+05   43.20  2.86966E+05 -1.10843E+03  2.87522E+05

           GRD     106 -5.000E-02  1.35289E+05  1.35289E+05  1.44300E+05   45.00  2.79589E+05 -9.01038E+03  2.84201E+05  1.55648E+04 -1.55648E+04 -0.4E+01(4)
                        5.000E-02  1.59955E+05  1.59955E+05  1.34586E+05   45.00  2.94541E+05  2.53687E+04  2.82711E+05

      129  CENTER      -5.000E-02  1.44583E+05  1.44583E+05  1.47956E+05   45.00  2.92539E+05 -3.37304E+03  2.94240E+05 -4.35624E+02  4.35624E+02
                        5.000E-02  1.56044E+05  1.56044E+05  1.45633E+05   45.00  3.01677E+05  1.04104E+04  2.96609E+05

           GRD     129 -5.000E-02  1.50947E+05  1.35264E+05  1.46428E+05   43.47  2.89743E+05 -3.53166E+03  2.91525E+05  8.98713E+03  9.83991E+03 -0.2E+01(1)
                        5.000E-02  1.47383E+05  1.61649E+05  1.44130E+05   46.42  2.98822E+05  1.02097E+04  2.93851E+05

           GRD      19 -5.000E-02  1.57879E+05  1.57879E+05  1.38473E+05   45.00  2.96352E+05  1.94059E+04  2.87141E+05  9.21938E+03 -9.21938E+03  0.2E+01(1)
                        5.000E-02  1.41078E+05  1.41078E+05  1.51366E+05   45.00  2.92444E+05 -1.02877E+04  2.97721E+05

           GRD     134 -5.000E-02  1.35264E+05  1.50947E+05  1.46428E+05   46.53  2.89743E+05 -3.53166E+03  2.91525E+05 -9.83991E+03 -8.98713E+03  0.2E+01(1)
                        5.000E-02  1.61649E+05  1.47383E+05  1.44130E+05   43.58  2.98822E+05  1.02097E+04  2.93851E+05

           GRD     124 -5.000E-02  1.28333E+05  1.28333E+05  1.54382E+05   45.00  2.82715E+05 -2.60496E+04  2.96599E+05 -1.00722E+04  1.00722E+04 -0.2E+01(1)
                        5.000E-02  1.67954E+05  1.67954E+05  1.36894E+05   45.00  3.04848E+05  3.10599E+04  2.90566E+05

      130  CENTER      -5.000E-02  1.50582E+05  1.50582E+05 -1.38274E+05  -45.00  2.88857E+05  1.23078E+04  2.82904E+05  9.28691E+03  9.28691E+03
                        5.000E-02  1.44427E+05  1.44427E+05 -1.45253E+05  -45.00  2.89680E+05 -8.26709E+02  2.90094E+05

           GRD     101 -5.000E-02  1.35289E+05  1.35289E+05 -1.44300E+05  -45.00  2.79589E+05 -9.01038E+03  2.84201E+05  1.55648E+04  1.55648E+04  0.2E+01(1)
                        5.000E-02  1.59955E+05  1.59955E+05 -1.34586E+05  -45.00  2.94541E+05  2.53687E+04  2.82711E+05

           GRD     100 -5.000E-02  1.41783E+05  1.56475E+05 -1.36847E+05  -46.54  2.86173E+05  1.20849E+04  2.80326E+05  1.54089E+04  2.77118E+03 -0.2E+01(1)
                        5.000E-02  1.51966E+05  1.33892E+05 -1.43754E+05  -43.20  2.86966E+05 -1.10843E+03  2.87522E+05

           GRD     125 -5.000E-02  1.62969E+05  1.62969E+05 -1.29395E+05  -45.00  2.92364E+05  3.35743E+04  2.77107E+05  2.61528E+03  2.61528E+03 -0.2E+01(1)
                        5.000E-02  1.25903E+05  1.25903E+05 -1.52921E+05  -45.00  2.78825E+05 -2.70180E+04  2.93269E+05

           GRD     117 -5.000E-02  1.56475E+05  1.41783E+05 -1.36847E+05  -43.46  2.86173E+05  1.20849E+04  2.80326E+05  2.77118E+03  1.54089E+04  0.2E+01(1)
                        5.000E-02  1.33892E+05  1.51966E+05 -1.43754E+05  -46.80  2.86966E+05 -1.10843E+03  2.87522E+05

      131  CENTER      -5.000E-02  1.50582E+05  1.50582E+05  1.38274E+05   45.00  2.88857E+05  1.23078E+04  2.82904E+05  9.28691E+03 -9.28691E+03
                        5.000E-02  1.44427E+05  1.44427E+05  1.45253E+05   45.00  2.89680E+05 -8.26709E+02  2.90094E+05

           GRD     115 -5.000E-02  1.56475E+05  1.41783E+05  1.36847E+05   43.46  2.86173E+05  1.20849E+04  2.80326E+05  2.77118E+03 -1.54089E+04 -0.4E+01(4)
                        5.000E-02  1.33892E+05  1.51966E+05  1.43754E+05   46.80  2.86966E+05 -1.10843E+03  2.87522E+05

           GRD     131 -5.000E-02  1.62969E+05  1.62969E+05  1.29395E+05   45.00  2.92364E+05  3.35743E+04  2.77107E+05  2.61528E+03 -2.61528E+03  0.4E+01(4)
                        5.000E-02  1.25903E+05  1.25903E+05  1.52921E+05   45.00  2.78825E+05 -2.70180E+04  2.93269E+05

           GRD     113 -5.000E-02  1.41783E+05  1.56475E+05  1.36847E+05   46.54  2.86173E+05  1.20849E+04  2.80326E+05  1.54089E+04 -2.77118E+03  0.4E+01(4)
                        5.000E-02  1.51966E+05  1.33892E+05  1.43754E+05   43.20  2.86966E+05 -1.10843E+03  2.87522E+05

           GRD     114 -5.000E-02  1.35289E+05  1.35289E+05  1.44300E+05   45.00  2.79589E+05 -9.01038E+03  2.84201E+05  1.55648E+04 -1.55648E+04 -0.4E+01(4)
                        5.000E-02  1.59955E+05  1.59955E+05  1.34586E+05   45.00  2.94541E+05  2.53687E+04  2.82711E+05

      132  CENTER      -5.000E-02  1.50331E+05  1.50331E+05  1.39647E+05   45.00  2.89978E+05  1.06846E+04  2.84786E+05  5.50253E+02 -5.50253E+02
                        5.000E-02  1.49971E+05  1.49971E+05  1.43512E+05   45.00  2.93484E+05  6.45900E+03  2.90308E+05

           GRD       8 -5.000E-02  1.43867E+05  1.53836E+05  1.38206E+05   46.03  2.87147E+05  1.05562E+04  2.82017E+05  8.23345E+03  7.15627E+03 -0.2E+01(2)
                        5.000E-02  1.52283E+05  1.44608E+05  1.42031E+05   44.23  2.90528E+05  6.36182E+03  2.87400E+05

           GRD      69 -5.000E-02  1.39461E+05  1.39461E+05  1.43262E+05   45.00  2.82723E+05 -3.80030E+03  2.84642E+05  8.42330E+03 -8.42330E+03  0.2E+01(2)
                        5.000E-02  1.55675E+05  1.55675E+05  1.38139E+05   45.00  2.93813E+05  1.75363E+04  2.85449E+05

           GRD      98 -5.000E-02  1.53836E+05  1.43867E+05  1.38206E+05   43.97  2.87147E+05  1.05562E+04  2.82017E+05 -7.15627E+03 -8.23345E+03  0.2E+01(2)
                        5.000E-02  1.44608E+05  1.52283E+05  1.42031E+05   45.77  2.90528E+05  6.36182E+03  2.87400E+05

           GRD     120 -5.000E-02  1.58242E+05  1.58242E+05  1.33149E+05   45.00  2.91391E+05  2.50923E+04  2.79690E+05 -7.34612E+03  7.34612E+03 -0.2E+01(2)
                        5.000E-02  1.41215E+05  1.41215E+05  1.45924E+05   45.00  2.87140E+05 -4.70896E+03  2.89523E+05

      133  CENTER      -5.000E-02  1.50331E+05  1.50331E+05  1.39647E+05   45.00  2.89978E+05  1.06846E+04  2.84786E+05  5.50253E+02 -5.50253E+02
                        5.000E-02  1.49971E+05  1.49971E+05  1.43512E+05   45.00  2.93484E+05  6.45900E+03  2.90308E+05

           GRD       1 -5.000E-02  1.43867E+05  1.53836E+05  1.38206E+05   46.03  2.87147E+05  1.05562E+04  2.82017E+05  8.23345E+03  7.15627E+03 -0.2E+01(1)
                        5.000E-02  1.52283E+05  1.44608E+05  1.42031E+05   44.23  2.90528E+05  6.36182E+03  2.87400E+05

           GRD       6 -5.000E-02  1.39461E+05  1.39461E+05  1.43262E+05   45.00  2.82723E+05 -3.80030E+03  2.84642E+05  8.42330E+03 -8.42330E+03  0.2E+01(1)
                        5.000E-02  1.55675E+05  1.55675E+05  1.38139E+05   45.00  2.93813E+05  1.75363E+04  2.85449E+05

           GRD      11 -5.000E-02  1.53836E+05  1.43867E+05  1.38206E+05   43.97  2.87147E+05  1.05562E+04  2.82017E+05 -7.15627E+03 -8.23345E+03  0.2E+01(1)
                        5.000E-02  1.44608E+05  1.52283E+05  1.42031E+05   45.77  2.90528E+05  6.36182E+03  2.87400E+05

           GRD     118 -5.000E-02  1.58242E+05  1.58242E+05  1.33149E+05   45.00  2.91391E+05  2.50923E+04  2.79690E+05 -7.34612E+03  7.34612E+03 -0.2E+01(1)
                        5.000E-02  1.41215E+05  1.41215E+05  1.45924E+05   45.00  2.87140E+05 -4.70896E+03  2.89523E+05

      134  CENTER      -5.000E-02  1.47480E+05  1.47480E+05  1.37623E+05   45.00  2.85103E+05  9.85707E+03  2.80304E+05 -1.30294E+03  1.30294E+03
                        5.000E-02  1.48579E+05  1.48579E+05  1.40642E+05   45.00  2.89221E+05  7.93694E+03  2.85335E+05

           GRD     119 -5.000E-02  1.36936E+05  1.55106E+05  1.36203E+05   46.91  2.82526E+05  9.51575E+03  2.77891E+05  9.47630E+03  1.20269E+04 -0.2E+01(1)
                        5.000E-02  1.58276E+05  1.35872E+05  1.39191E+05   42.70  2.86714E+05  7.43298E+03  2.83071E+05

           GRD     130 -5.000E-02  1.28904E+05  1.28904E+05  1.45419E+05   45.00  2.74323E+05 -1.65151E+04  2.82943E+05  9.74156E+03 -9.74156E+03  0.2E+01(1)
                        5.000E-02  1.68178E+05  1.68178E+05  1.27827E+05   45.00  2.96005E+05  4.03515E+04  2.78034E+05

           GRD     135 -5.000E-02  1.55106E+05  1.36936E+05  1.36203E+05   43.09  2.82526E+05  9.51575E+03  2.77891E+05 -1.20269E+04 -9.47630E+03  0.2E+01(1)
                        5.000E-02  1.35872E+05  1.58276E+05  1.39191E+05   47.30  2.86714E+05  7.43298E+03  2.83071E+05

           GRD     107 -5.000E-02  1.63138E+05  1.63138E+05  1.26986E+05   45.00  2.90124E+05  3.61520E+04  2.73843E+05 -1.22922E+04  1.22922E+04 -0.2E+01(1)
                        5.000E-02  1.25969E+05  1.25969E+05  1.50555E+05   45.00  2.76524E+05 -2.45855E+04  2.89600E+05

      135  CENTER      -5.000E-02  1.50331E+05  1.50331E+05 -1.39647E+05  -45.00  2.89978E+05  1.06846E+04  2.84786E+05 -5.50253E+02 -5.50253E+02
                        5.000E-02  1.49971E+05  1.49971E+05 -1.43512E+05  -45.00  2.93484E+05  6.45900E+03  2.90308E+05

           GRD      32 -5.000E-02  1.39461E+05  1.39461E+05 -1.43262E+05  -45.00  2.82723E+05 -3.80030E+03  2.84642E+05 -8.42330E+03 -8.42330E+03  0.2E+01(2)
                        5.000E-02  1.55675E+05  1.55675E+05 -1.38139E+05  -45.00  2.93813E+05  1.75363E+04  2.85449E+05

           GRD      82 -5.000E-02  1.43867E+05  1.53836E+05 -1.38206E+05  -46.03  2.87147E+05  1.05562E+04  2.82017E+05 -8.23345E+03  7.15627E+03 -0.2E+01(2)
                        5.000E-02  1.52283E+05  1.44608E+05 -1.42031E+05  -44.23  2.90528E+05  6.36182E+03  2.87400E+05

           GRD      94 -5.000E-02  1.58242E+05  1.58242E+05 -1.33149E+05  -45.00  2.91391E+05  2.50923E+04  2.79690E+05  7.34612E+03  7.34612E+03 -0.2E+01(2)
                        5.000E-02  1.41215E+05  1.41215E+05 -1.45924E+05  -45.00  2.87140E+05 -4.70896E+03  2.89523E+05

           GRD      56 -5.000E-02  1.53836E+05  1.43867E+05 -1.38206E+05  -43.97  2.87147E+05  1.05562E+04  2.82017E+05  7.15627E+03 -8.23345E+03  0.2E+01(2)
                        5.000E-02  1.44608E+05  1.52283E+05 -1.42031E+05  -45.77  2.90528E+05  6.36182E+03  2.87400E+05
                                  ------------ ------------ ------------         ------------ ------------ ------------ ------------ ------------ --------
 MAX* :                            1.68178E+05  1.68178E+05  1.54382E+05          3.04848E+05  4.03515E+04  2.97721E+05  1.55648E+04  1.55648E+04  0.8E+01
 MIN* :                            1.25903E+05  1.25903E+05 -1.54382E+05          2.74323E+05 -2.70180E+04  2.73843E+05 -1.55648E+04 -1.55648E+04 -0.8E+01

 ABS* :                            1.68178E+05  1.68178E+05  1.54382E+05          3.04848E+05  4.03515E+04  2.97721E+05  1.55648E+04  1.55648E+04  0.8E+01
 *for output set
 NOTE: Explanation of errors in the polynomial fit to extrapolate element corner point stresses from values at the Gauss points:
       (1): Polynomial fit error is in X  normal  stress
       (2): Polynomial fit error is in Y  normal  stress
       (4): Polynomial fit error is in X  bending stress
       (6): Polynomial fit error is in XY twist   stress


 OUTPUT FOR SUBCASE        1

                                    E L E M E N T   S T R E S S E S   I N   L O C A L   E L E M E N T   C O O R D I N A T E   S Y S T E M
                                                                 F O R   E L E M E N T   T Y P E   T R I A 3  
  Element    Location       Fiber       Stresses In Element Coord System      Principal Stresses (Zero Shear)                Transverse   Transverse
     ID                    Distance    Normal-X     Normal-Y     Shear-XY      Angle     Major        Minor      von Mises    Shear-XZ     Shear-YZ
                                                                                                                             (max through thickness)

       82    Anywhere   -5.00000E-02  1.42010E+05  1.39038E+05 -1.54435E+05  -44.724  2.94967E+05 -1.39179E+04  3.02166E+05 -6.42019E+02 -6.48226E+02
             in elem     5.00000E-02  1.62364E+05  1.59604E+05 -1.43419E+05  -44.724  3.04410E+05  1.75589E+04  2.96021E+05

       83    Anywhere   -5.00000E-02  1.42010E+05  1.39038E+05 -1.54435E+05  -44.724  2.94967E+05 -1.39179E+04  3.02166E+05 -6.42019E+02 -6.48226E+02
             in elem     5.00000E-02  1.62364E+05  1.59604E+05 -1.43419E+05  -44.724  3.04410E+05  1.75589E+04  2.96021E+05

       84    Anywhere   -5.00000E-02  1.42010E+05  1.39038E+05 -1.54435E+05  -44.724  2.94967E+05 -1.39179E+04  3.02166E+05 -6.42019E+02 -6.48226E+02
             in elem     5.00000E-02  1.62364E+05  1.59604E+05 -1.43419E+05  -44.724  3.04410E+05  1.75589E+04  2.96021E+05

       85    Anywhere   -5.00000E-02  1.42010E+05  1.39038E+05 -1.54435E+05  -44.724  2.94967E+05 -1.39179E+04  3.02166E+05 -6.42019E+02 -6.48226E+02
             in elem     5.00000E-02  1.62364E+05  1.59604E+05 -1.43419E+05  -44.724  3.04410E+05  1.75589E+04  2.96021E+05

       86    Anywhere   -5.00000E-02  1.42010E+05  1.39038E+05 -1.54435E+05  -44.724  2.94967E+05 -1.39179E+04  3.02166E+05 -6.42019E+02 -6.48226E+02
             in elem     5.00000E-02  1.62364E+05  1.59604E+05 -1.43419E+05  -44.724  3.04410E+05  1.75589E+04  2.96021E+05

       87    Anywhere   -5.00000E-02  1.42010E+05  1.39038E+05 -1.54435E+05  -44.724  2.94967E+05 -1.39179E+04  3.02166E+05 -6.42019E+02 -6.48226E+02
             in elem     5.00000E-02  1.62364E+05  1.59604E+05 -1.43419E+05  -44.724  3.04410E+05  1.75589E+04  2.96021E+05

       88    Anywhere   -5.00000E-02  1.42010E+05  1.39038E+05 -1.54435E+05  -44.724  2.94967E+05 -1.39179E+04  3.02166E+05 -6.42019E+02 -6.48226E+02
             in elem     5.00000E-02  1.62364E+05  1.59604E+05 -1.43419E+05  -44.724  3.04410E+05  1.75589E+04  2.96021E+05

       89    Anywhere   -5.00000E-02  1.42010E+05  1.39038E+05 -1.54435E+05  -44.724  2.94967E+05 -1.39179E+04  3.02166E+05 -6.42019E+02 -6.48226E+02
             in elem     5.00000E-02  1.62364E+05  1.59604E+05 -1.43419E+05  -44.724  3.04410E+05  1.75589E+04  2.96021E+05

       90    Anywhere   -5.00000E-02  1.42010E+05  1.39038E+05 -1.54435E+05  -44.724  2.94967E+05 -1.39179E+04  3.02166E+05 -6.42019E+02 -6.48226E+02
             in elem     5.00000E-02  1.62364E+05  1.59604E+05 -1.43419E+05  -44.724  3.04410E+05  1.75589E+04  2.96021E+05

       91    Anywhere   -5.00000E-02  1.42010E+05  1.39038E+05 -1.54435E+05  -44.724  2.94967E+05 -1.39179E+04  3.02166E+05 -6.42019E+02 -6.48226E+02
             in elem     5.00000E-02  1.62364E+05  1.59604E+05 -1.43419E+05  -44.724  3.04410E+05  1.75589E+04  2.96021E+05

       92    Anywhere   -5.00000E-02  1.42010E+05  1.39038E+05 -1.54435E+05  -44.724  2.94967E+05 -1.39179E+04  3.02166E+05 -6.42019E+02 -6.48226E+02
             in elem     5.00000E-02  1.62364E+05  1.59604E+05 -1.43419E+05  -44.724  3.04410E+05  1.75589E+04  2.96021E+05

       93    Anywhere   -5.00000E-02  1.42010E+05  1.39038E+05 -1.54435E+05  -44.724  2.94967E+05 -1.39179E+04  3.02166E+05 -6.42019E+02 -6.48226E+02
             in elem     5.00000E-02  1.62364E+05  1.59604E+05 -1.43419E+05  -44.724  3.04410E+05  1.75589E+04  2.96021E+05

       94    Anywhere   -5.00000E-02  1.42010E+05  1.39038E+05 -1.54435E+05  -44.724  2.94967E+05 -1.39179E+04  3.02166E+05 -6.42019E+02 -6.48226E+02
             in elem     5.00000E-02  1.62364E+05  1.59604E+05 -1.43419E+05  -44.724  3.04410E+05  1.75589E+04  2.96021E+05

       95    Anywhere   -5.00000E-02  1.42010E+05  1.39038E+05 -1.54435E+05  -44.724  2.94967E+05 -1.39179E+04  3.02166E+05 -6.42019E+02 -6.48226E+02
             in elem     5.00000E-02  1.62364E+05  1.59604E+05 -1.43419E+05  -44.724  3.04410E+05  1.75589E+04  2.96021E+05

       96    Anywhere   -5.00000E-02  1.42010E+05  1.39038E+05 -1.54435E+05  -44.724  2.94967E+05 -1.39179E+04  3.02166E+05 -6.42019E+02 -6.48226E+02
             in elem     5.00000E-02  1.62364E+05  1.59604E+05 -1.43419E+05  -44.724  3.04410E+05  1.75589E+04  2.96021E+05

       97    Anywhere   -5.00000E-02  1.42010E+05  1.39038E+05 -1.54435E+05  -44.724  2.94967E+05 -1.39179E+04  3.02166E+05 -6.42019E+02 -6.48226E+02
             in elem     5.00000E-02  1.62364E+05  1.59604E+05 -1.43419E+05  -44.724  3.04410E+05  1.75589E+04  2.96021E+05

       98    Anywhere   -5.00000E-02  1.42010E+05  1.39038E+05 -1.54435E+05  -44.724  2.94967E+05 -1.39179E+04  3.02166E+05 -6.42019E+02 -6.48226E+02
             in elem     5.00000E-02  1.62364E+05  1.59604E+05 -1.43419E+05  -44.724  3.04410E+05  1.75589E+04  2.96021E+05

       99    Anywhere   -5.00000E-02  1.42010E+05  1.39038E+05 -1.54435E+05  -44.724  2.94967E+05 -1.39179E+04  3.02166E+05 -6.42019E+02 -6.48226E+02
             in elem     5.00000E-02  1.62364E+05  1.59604E+05 -1.43419E+05  -44.724  3.04410E+05  1.75589E+04  2.96021E+05
                                     ------------ ------------ ------------          ------------ ------------ ------------ ------------ ------------
 MAX* :                               1.62364E+05  1.59604E+05 -1.43419E+05           3.04410E+05  1.75589E+04  3.02166E+05 -6.42019E+02 -6.48226E+02
 MIN* :                               1.42010E+05  1.39038E+05 -1.54435E+05           2.94967E+05 -1.39179E+04  2.96021E+05 -6.42019E+02 -6.48226E+02

 ABS* :                               1.62364E+05  1.59604E+05  1.54435E+05           3.04410E+05  1.75589E+04  3.02166E+05  6.42019E+02  6.48226E+02
 *for output set


 OUTPUT FOR SUBCASE        1

                                           E L E M E N T   S T R A I N S   I N   L O C A L   E L E M E N T   C O O R D I N A T E   S Y S T E M
                                                                       F O R   E L E M E N T   T Y P E   Q U A D 4  
    Elem  Location       Fiber        Strains In Element Coord System     Principal  Strains (Zero Shear)                Transverse   Transverse   % Poly
     ID                 Distance    Normal-X     Normal-Y     Shear-XY     Angle     Major        Minor      von Mises    Shear-XZ     Shear-YZ    Fit Err

        1  CENTER      -5.000E-02  5.13007E-07  5.13007E-07 -1.87242E-06  -45.00  1.44922E-06 -4.23202E-07  1.13385E-06 -1.23095E-19 -1.11315E-19
                        5.000E-02  5.35146E-07  5.35146E-07 -1.87702E-06  -45.00  1.47365E-06 -4.03362E-07  1.14091E-06

           GRD      99 -5.000E-02  5.07851E-07  5.07851E-07 -1.85308E-06  -45.00  1.43439E-06 -4.18691E-07  1.12217E-06 -1.22425E-07 -1.22425E-07 -0.7E+01(6)
                        5.000E-02  5.29819E-07  5.29819E-07 -1.85764E-06  -45.00  1.45864E-06 -3.99002E-07  1.12918E-06

           GRD      63 -5.000E-02  5.07851E-07  5.07851E-07 -1.85308E-06  -45.00  1.43439E-06 -4.18691E-07  1.12217E-06 -1.19478E-07  1.19478E-07  0.7E+01(6)
                        5.000E-02  5.29819E-07  5.29819E-07 -1.85764E-06  -45.00  1.45864E-06 -3.99002E-07  1.12918E-06

           GRD      35 -5.000E-02  5.07851E-07  5.07851E-07 -1.85308E-06  -45.00  1.43439E-06 -4.18691E-07  1.12217E-06  1.22425E-07  1.22425E-07  0.7E+01(6)
                        5.000E-02  5.29819E-07  5.29819E-07 -1.85764E-06  -45.00  1.45864E-06 -3.99002E-07  1.12918E-06

           GRD      89 -5.000E-02  5.07851E-07  5.07851E-07 -1.85308E-06  -45.00  1.43439E-06 -4.18691E-07  1.12217E-06  1.19478E-07 -1.19478E-07 -0.7E+01(6)
                        5.000E-02  5.29819E-07  5.29819E-07 -1.85764E-06  -45.00  1.45864E-06 -3.99002E-07  1.12918E-06

        2  CENTER      -5.000E-02  5.16180E-07  5.16180E-07  1.78910E-06   45.00  1.41073E-06 -3.78369E-07  1.08875E-06  1.69382E-08 -1.69382E-08
                        5.000E-02  5.20026E-07  5.20026E-07  1.82834E-06   45.00  1.43420E-06 -3.94146E-07  1.11107E-06

           GRD      16 -5.000E-02  5.70129E-07  4.52018E-07  1.77063E-06   43.09  1.39836E-06 -3.76211E-07  1.07971E-06  1.56350E-07  1.23192E-07 -0.2E+01(1)
                        5.000E-02  4.41944E-07  5.87571E-07  1.80948E-06   47.30  1.42242E-06 -3.92906E-07  1.10283E-06

           GRD      20 -5.000E-02  5.70982E-07  5.70982E-07  1.65082E-06   45.00  1.39639E-06 -2.54426E-07  1.02630E-06  1.59798E-07 -1.59798E-07  0.2E+01(1)
                        5.000E-02  4.40892E-07  4.40892E-07  1.95721E-06   45.00  1.41950E-06 -5.37713E-07  1.16760E-06

           GRD      25 -5.000E-02  4.52018E-07  5.70129E-07  1.77063E-06   46.91  1.39836E-06 -3.76211E-07  1.07971E-06 -1.23192E-07 -1.56350E-07  0.2E+01(1)
                        5.000E-02  5.87571E-07  4.41944E-07  1.80948E-06   42.70  1.42242E-06 -3.92906E-07  1.10283E-06

           GRD      22 -5.000E-02  4.51165E-07  4.51165E-07  1.89045E-06   45.00  1.39639E-06 -4.94061E-07  1.13214E-06 -1.26640E-07  1.26640E-07 -0.2E+01(1)
                        5.000E-02  5.88623E-07  5.88623E-07  1.66175E-06   45.00  1.41950E-06 -2.42249E-07  1.03656E-06

        3  CENTER      -5.000E-02  5.06040E-07  5.06040E-07 -1.92343E-06  -45.00  1.46775E-06 -4.55673E-07  1.16060E-06  5.66312E-09  5.66312E-09
                        5.000E-02  5.46152E-07  5.46152E-07 -1.89323E-06  -45.00  1.49277E-06 -4.00463E-07  1.15210E-06

           GRD      33 -5.000E-02  5.52576E-07  5.52576E-07 -1.80015E-06  -45.00  1.45265E-06 -3.47498E-07  1.10267E-06 -1.19852E-07 -1.19852E-07  0.2E+01(2)
                        5.000E-02  4.93773E-07  4.93773E-07 -1.96776E-06  -45.00  1.47765E-06 -4.90104E-07  1.18281E-06

           GRD      65 -5.000E-02  5.51839E-07  4.49901E-07 -1.90356E-06  -43.47  1.45401E-06 -4.52273E-07  1.15013E-06 -1.16833E-07  1.27919E-07 -0.2E+01(2)
                        5.000E-02  4.94443E-07  5.87169E-07 -1.87369E-06  -46.42  1.47880E-06 -3.97185E-07  1.14153E-06

           GRD      51 -5.000E-02  4.49165E-07  4.49165E-07 -2.00697E-06  -45.00  1.45265E-06 -5.54321E-07  1.19679E-06  1.30938E-07  1.30938E-07 -0.2E+01(2)
                        5.000E-02  5.87839E-07  5.87839E-07 -1.77962E-06  -45.00  1.47765E-06 -3.01973E-07  1.09967E-06

           GRD      54 -5.000E-02  4.49901E-07  5.51839E-07 -1.90356E-06  -46.53  1.45401E-06 -4.52273E-07  1.15013E-06  1.27919E-07 -1.16833E-07  0.2E+01(2)
                        5.000E-02  5.87169E-07  4.94443E-07 -1.87369E-06  -43.58  1.47880E-06 -3.97185E-07  1.14153E-06

        4  CENTER      -5.000E-02  5.26160E-07  5.26160E-07  1.81541E-06   45.00  1.43386E-06 -3.81544E-07  1.10526E-06 -7.15329E-09  7.15329E-09
                        5.000E-02  5.24900E-07  5.24900E-07  1.86566E-06   45.00  1.45773E-06 -4.07931E-07  1.13256E-06

           GRD      46 -5.000E-02  5.53378E-07  4.88583E-07  1.79667E-06   43.97  1.41990E-06 -3.77940E-07  1.09455E-06  9.30315E-08  1.07035E-07 -0.2E+01(2)
                        5.000E-02  4.94614E-07  5.44501E-07  1.84641E-06   45.77  1.44310E-06 -4.03983E-07  1.12125E-06

           GRD      45 -5.000E-02  5.53846E-07  5.53846E-07  1.73094E-06   45.00  1.41932E-06 -3.11625E-07  1.06539E-06  9.54996E-08 -9.54996E-08  0.2E+01(2)
                        5.000E-02  4.94254E-07  4.94254E-07  1.89702E-06   45.00  1.44276E-06 -4.54254E-07  1.14373E-06

           GRD      72 -5.000E-02  4.88583E-07  5.53378E-07  1.79667E-06   46.03  1.41990E-06 -3.77940E-07  1.09455E-06 -1.07035E-07 -9.30315E-08  0.2E+01(2)
                        5.000E-02  5.44501E-07  4.94614E-07  1.84641E-06   44.23  1.44310E-06 -4.03983E-07  1.12125E-06

           GRD      73 -5.000E-02  4.88115E-07  4.88115E-07  1.86240E-06   45.00  1.41932E-06 -4.43086E-07  1.12342E-06 -1.09503E-07  1.09503E-07 -0.2E+01(2)
                        5.000E-02  5.44862E-07  5.44862E-07  1.79580E-06   45.00  1.44276E-06 -3.53039E-07  1.09859E-06

        5  CENTER      -5.000E-02  5.21110E-07  5.21110E-07  1.84002E-06   45.00  1.44112E-06 -3.98901E-07  1.11770E-06 -2.23460E-09  2.23460E-09
                        5.000E-02  5.29916E-07  5.29916E-07  1.87067E-06   45.00  1.46525E-06 -4.05418E-07  1.13634E-06

           GRD      12 -5.000E-02  5.23581E-07  5.08288E-07  1.82103E-06   44.76  1.42648E-06 -3.94612E-07  1.10624E-06  1.03035E-07  1.07409E-07 -0.2E+01(2)
                        5.000E-02  5.19280E-07  5.29869E-07  1.85136E-06   45.16  1.45027E-06 -4.01122E-07  1.12466E-06

           GRD      10 -5.000E-02  5.23691E-07  5.23691E-07  1.80551E-06   45.00  1.42645E-06 -3.79066E-07  1.09933E-06  1.05631E-07 -1.05631E-07  0.2E+01(2)
                        5.000E-02  5.19203E-07  5.19203E-07  1.86211E-06   45.00  1.45026E-06 -4.11850E-07  1.12943E-06

           GRD       7 -5.000E-02  5.08288E-07  5.23581E-07  1.82103E-06   45.24  1.42648E-06 -3.94612E-07  1.10624E-06 -1.07409E-07 -1.03035E-07  0.2E+01(2)
                        5.000E-02  5.29869E-07  5.19280E-07  1.85136E-06   44.84  1.45027E-06 -4.01122E-07  1.12466E-06

           GRD      21 -5.000E-02  5.08177E-07  5.08177E-07  1.83654E-06   45.00  1.42645E-06 -4.10093E-07  1.11314E-06 -1.10005E-07  1.10005E-07 -0.2E+01(2)
                        5.000E-02  5.29946E-07  5.29946E-07  1.84062E-06   45.00  1.45026E-06 -3.90364E-07  1.11987E-06

        6  CENTER      -5.000E-02  5.21110E-07  5.21110E-07  1.84002E-06   45.00  1.44112E-06 -3.98901E-07  1.11770E-06  2.23460E-09 -2.23460E-09
                        5.000E-02  5.29916E-07  5.29916E-07  1.87067E-06   45.00  1.46525E-06 -4.05418E-07  1.13634E-06

           GRD      17 -5.000E-02  5.08288E-07  5.23581E-07  1.82103E-06   45.24  1.42648E-06 -3.94612E-07  1.10624E-06  1.07409E-07  1.03035E-07 -0.2E+01(2)
                        5.000E-02  5.29869E-07  5.19280E-07  1.85136E-06   44.84  1.45027E-06 -4.01122E-07  1.12466E-06

           GRD      52 -5.000E-02  5.08177E-07  5.08177E-07  1.83654E-06   45.00  1.42645E-06 -4.10093E-07  1.11314E-06  1.10005E-07 -1.10005E-07  0.2E+01(2)
                        5.000E-02  5.29946E-07  5.29946E-07  1.84062E-06   45.00  1.45026E-06 -3.90364E-07  1.11987E-06

           GRD      40 -5.000E-02  5.23581E-07  5.08288E-07  1.82103E-06   44.76  1.42648E-06 -3.94612E-07  1.10624E-06 -1.03035E-07 -1.07409E-07  0.2E+01(2)
                        5.000E-02  5.19280E-07  5.29869E-07  1.85136E-06   45.16  1.45027E-06 -4.01122E-07  1.12466E-06

           GRD      68 -5.000E-02  5.23691E-07  5.23691E-07  1.80551E-06   45.00  1.42645E-06 -3.79066E-07  1.09933E-06 -1.05631E-07  1.05631E-07 -0.2E+01(2)
                        5.000E-02  5.19203E-07  5.19203E-07  1.86211E-06   45.00  1.45026E-06 -4.11850E-07  1.12943E-06

        7  CENTER      -5.000E-02  5.13007E-07  5.13007E-07  1.87242E-06   45.00  1.44922E-06 -4.23202E-07  1.13385E-06  8.23600E-18  8.21392E-18
                        5.000E-02  5.35146E-07  5.35146E-07  1.87702E-06   45.00  1.47365E-06 -4.03362E-07  1.14091E-06

           GRD      89 -5.000E-02  5.07851E-07  5.07851E-07  1.85308E-06   45.00  1.43439E-06 -4.18691E-07  1.12217E-06  1.19478E-07  1.19478E-07 -0.7E+01(6)
                        5.000E-02  5.29819E-07  5.29819E-07  1.85764E-06   45.00  1.45864E-06 -3.99002E-07  1.12918E-06

           GRD      41 -5.000E-02  5.07851E-07  5.07851E-07  1.85308E-06   45.00  1.43439E-06 -4.18691E-07  1.12217E-06  1.22425E-07 -1.22425E-07  0.7E+01(6)
                        5.000E-02  5.29819E-07  5.29819E-07  1.85764E-06   45.00  1.45864E-06 -3.99002E-07  1.12918E-06

           GRD      57 -5.000E-02  5.07851E-07  5.07851E-07  1.85308E-06   45.00  1.43439E-06 -4.18691E-07  1.12217E-06 -1.19478E-07 -1.19478E-07  0.7E+01(6)
                        5.000E-02  5.29819E-07  5.29819E-07  1.85764E-06   45.00  1.45864E-06 -3.99002E-07  1.12918E-06

           GRD      66 -5.000E-02  5.07851E-07  5.07851E-07  1.85308E-06   45.00  1.43439E-06 -4.18691E-07  1.12217E-06 -1.22425E-07  1.22425E-07 -0.7E+01(6)
                        5.000E-02  5.29819E-07  5.29819E-07  1.85764E-06   45.00  1.45864E-06 -3.99002E-07  1.12918E-06

        8  CENTER      -5.000E-02  5.21110E-07  5.21110E-07 -1.84002E-06  -45.00  1.44112E-06 -3.98901E-07  1.11770E-06 -2.23460E-09 -2.23460E-09
                        5.000E-02  5.29916E-07  5.29916E-07 -1.87067E-06  -45.00  1.46525E-06 -4.05418E-07  1.13634E-06

           GRD      97 -5.000E-02  5.08177E-07  5.08177E-07 -1.83654E-06  -45.00  1.42645E-06 -4.10093E-07  1.11314E-06 -1.10005E-07 -1.10005E-07  0.2E+01(2)
                        5.000E-02  5.29946E-07  5.29946E-07 -1.84062E-06  -45.00  1.45026E-06 -3.90364E-07  1.11987E-06

           GRD      55 -5.000E-02  5.08288E-07  5.23581E-07 -1.82103E-06  -45.24  1.42648E-06 -3.94612E-07  1.10624E-06 -1.07409E-07  1.03035E-07 -0.2E+01(2)
                        5.000E-02  5.29869E-07  5.19280E-07 -1.85136E-06  -44.84  1.45027E-06 -4.01122E-07  1.12466E-06

           GRD      59 -5.000E-02  5.23691E-07  5.23691E-07 -1.80551E-06  -45.00  1.42645E-06 -3.79066E-07  1.09933E-06  1.05631E-07  1.05631E-07 -0.2E+01(2)
                        5.000E-02  5.19203E-07  5.19203E-07 -1.86211E-06  -45.00  1.45026E-06 -4.11850E-07  1.12943E-06

           GRD      58 -5.000E-02  5.23581E-07  5.08288E-07 -1.82103E-06  -44.76  1.42648E-06 -3.94612E-07  1.10624E-06  1.03035E-07 -1.07409E-07  0.2E+01(2)
                        5.000E-02  5.19280E-07  5.29869E-07 -1.85136E-06  -45.16  1.45027E-06 -4.01122E-07  1.12466E-06

        9  CENTER      -5.000E-02  5.21110E-07  5.21110E-07  1.84002E-06   45.00  1.44112E-06 -3.98901E-07  1.11770E-06  2.23460E-09 -2.23460E-09
                        5.000E-02  5.29916E-07  5.29916E-07  1.87067E-06   45.00  1.46525E-06 -4.05418E-07  1.13634E-06

           GRD      85 -5.000E-02  5.08288E-07  5.23581E-07  1.82103E-06   45.24  1.42648E-06 -3.94612E-07  1.10624E-06  1.07409E-07  1.03035E-07 -0.2E+01(1)
                        5.000E-02  5.29869E-07  5.19280E-07  1.85136E-06   44.84  1.45027E-06 -4.01122E-07  1.12466E-06

           GRD      70 -5.000E-02  5.08177E-07  5.08177E-07  1.83654E-06   45.00  1.42645E-06 -4.10093E-07  1.11314E-06  1.10005E-07 -1.10005E-07  0.2E+01(1)
                        5.000E-02  5.29946E-07  5.29946E-07  1.84062E-06   45.00  1.45026E-06 -3.90364E-07  1.11987E-06

           GRD       5 -5.000E-02  5.23581E-07  5.08288E-07  1.82103E-06   44.76  1.42648E-06 -3.94612E-07  1.10624E-06 -1.03035E-07 -1.07409E-07  0.2E+01(1)
                        5.000E-02  5.19280E-07  5.29869E-07  1.85136E-06   45.16  1.45027E-06 -4.01122E-07  1.12466E-06

           GRD       6 -5.000E-02  5.23691E-07  5.23691E-07  1.80551E-06   45.00  1.42645E-06 -3.79066E-07  1.09933E-06 -1.05631E-07  1.05631E-07 -0.2E+01(1)
                        5.000E-02  5.19203E-07  5.19203E-07  1.86211E-06   45.00  1.45026E-06 -4.11850E-07  1.12943E-06

       10  CENTER      -5.000E-02  5.16180E-07  5.16180E-07 -1.78910E-06  -45.00  1.41073E-06 -3.78369E-07  1.08875E-06  1.69382E-08  1.69382E-08
                        5.000E-02  5.20026E-07  5.20026E-07 -1.82834E-06  -45.00  1.43420E-06 -3.94146E-07  1.11107E-06

           GRD      54 -5.000E-02  4.51165E-07  4.51165E-07 -1.89045E-06  -45.00  1.39639E-06 -4.94061E-07  1.13214E-06 -1.26640E-07 -1.26640E-07  0.2E+01(1)
                        5.000E-02  5.88623E-07  5.88623E-07 -1.66175E-06  -45.00  1.41950E-06 -2.42249E-07  1.03656E-06

           GRD      51 -5.000E-02  4.52018E-07  5.70129E-07 -1.77063E-06  -46.91  1.39836E-06 -3.76211E-07  1.07971E-06 -1.23192E-07  1.56350E-07 -0.2E+01(1)
                        5.000E-02  5.87571E-07  4.41944E-07 -1.80948E-06  -42.70  1.42242E-06 -3.92906E-07  1.10283E-06

           GRD      53 -5.000E-02  5.70982E-07  5.70982E-07 -1.65082E-06  -45.00  1.39639E-06 -2.54426E-07  1.02630E-06  1.59798E-07  1.59798E-07 -0.2E+01(1)
                        5.000E-02  4.40892E-07  4.40892E-07 -1.95721E-06  -45.00  1.41950E-06 -5.37713E-07  1.16760E-06

           GRD      39 -5.000E-02  5.70129E-07  4.52018E-07 -1.77063E-06  -43.09  1.39836E-06 -3.76211E-07  1.07971E-06  1.56350E-07 -1.23192E-07  0.2E+01(1)
                        5.000E-02  4.41944E-07  5.87571E-07 -1.80948E-06  -47.30  1.42242E-06 -3.92906E-07  1.10283E-06

       11  CENTER      -5.000E-02  5.16180E-07  5.16180E-07  1.78910E-06   45.00  1.41073E-06 -3.78369E-07  1.08875E-06  1.69382E-08 -1.69382E-08
                        5.000E-02  5.20026E-07  5.20026E-07  1.82834E-06   45.00  1.43420E-06 -3.94146E-07  1.11107E-06

           GRD      13 -5.000E-02  5.70129E-07  4.52018E-07  1.77063E-06   43.09  1.39836E-06 -3.76211E-07  1.07971E-06  1.56350E-07  1.23192E-07 -0.2E+01(1)
                        5.000E-02  4.41944E-07  5.87571E-07  1.80948E-06   47.30  1.42242E-06 -3.92906E-07  1.10283E-06

           GRD      49 -5.000E-02  5.70982E-07  5.70982E-07  1.65082E-06   45.00  1.39639E-06 -2.54426E-07  1.02630E-06  1.59798E-07 -1.59798E-07  0.2E+01(2)
                        5.000E-02  4.40892E-07  4.40892E-07  1.95721E-06   45.00  1.41950E-06 -5.37713E-07  1.16760E-06

           GRD      51 -5.000E-02  4.52018E-07  5.70129E-07  1.77063E-06   46.91  1.39836E-06 -3.76211E-07  1.07971E-06 -1.23192E-07 -1.56350E-07  0.2E+01(2)
                        5.000E-02  5.87571E-07  4.41944E-07  1.80948E-06   42.70  1.42242E-06 -3.92906E-07  1.10283E-06

           GRD      65 -5.000E-02  4.51165E-07  4.51165E-07  1.89045E-06   45.00  1.39639E-06 -4.94061E-07  1.13214E-06 -1.26640E-07  1.26640E-07 -0.2E+01(2)
                        5.000E-02  5.88623E-07  5.88623E-07  1.66175E-06   45.00  1.41950E-06 -2.42249E-07  1.03656E-06

       12  CENTER      -5.000E-02  5.21110E-07  5.21110E-07  1.84002E-06   45.00  1.44112E-06 -3.98901E-07  1.11770E-06  2.23460E-09 -2.23460E-09
                        5.000E-02  5.29916E-07  5.29916E-07  1.87067E-06   45.00  1.46525E-06 -4.05418E-07  1.13634E-06

           GRD       5 -5.000E-02  5.08288E-07  5.23581E-07  1.82103E-06   45.24  1.42648E-06 -3.94612E-07  1.10624E-06  1.07409E-07  1.03035E-07 -0.2E+01(2)
                        5.000E-02  5.29869E-07  5.19280E-07  1.85136E-06   44.84  1.45027E-06 -4.01122E-07  1.12466E-06

           GRD       9 -5.000E-02  5.08177E-07  5.08177E-07  1.83654E-06   45.00  1.42645E-06 -4.10093E-07  1.11314E-06  1.10005E-07 -1.10005E-07  0.2E+01(2)
                        5.000E-02  5.29946E-07  5.29946E-07  1.84062E-06   45.00  1.45026E-06 -3.90364E-07  1.11987E-06

           GRD      18 -5.000E-02  5.23581E-07  5.08288E-07  1.82103E-06   44.76  1.42648E-06 -3.94612E-07  1.10624E-06 -1.03035E-07 -1.07409E-07  0.2E+01(2)
                        5.000E-02  5.19280E-07  5.29869E-07  1.85136E-06   45.16  1.45027E-06 -4.01122E-07  1.12466E-06

           GRD      15 -5.000E-02  5.23691E-07  5.23691E-07  1.80551E-06   45.00  1.42645E-06 -3.79066E-07  1.09933E-06 -1.05631E-07  1.05631E-07 -0.2E+01(2)
                        5.000E-02  5.19203E-07  5.19203E-07  1.86211E-06   45.00  1.45026E-06 -4.11850E-07  1.12943E-06

       13  CENTER      -5.000E-02  5.13007E-07  5.13007E-07  1.87242E-06   45.00  1.44922E-06 -4.23202E-07  1.13385E-06  4.84370E-18  5.18705E-18
                        5.000E-02  5.35146E-07  5.35146E-07  1.87702E-06   45.00  1.47365E-06 -4.03362E-07  1.14091E-06

           GRD      21 -5.000E-02  5.07851E-07  5.07851E-07  1.85308E-06   45.00  1.43439E-06 -4.18691E-07  1.12217E-06  1.19478E-07  1.19478E-07 -0.7E+01(6)
                        5.000E-02  5.29819E-07  5.29819E-07  1.85764E-06   45.00  1.45864E-06 -3.99002E-07  1.12918E-06

           GRD       7 -5.000E-02  5.07851E-07  5.07851E-07  1.85308E-06   45.00  1.43439E-06 -4.18691E-07  1.12217E-06  1.22425E-07 -1.22425E-07  0.7E+01(6)
                        5.000E-02  5.29819E-07  5.29819E-07  1.85764E-06   45.00  1.45864E-06 -3.99002E-07  1.12918E-06

           GRD       3 -5.000E-02  5.07851E-07  5.07851E-07  1.85308E-06   45.00  1.43439E-06 -4.18691E-07  1.12217E-06 -1.19478E-07 -1.19478E-07  0.7E+01(6)
                        5.000E-02  5.29819E-07  5.29819E-07  1.85764E-06   45.00  1.45864E-06 -3.99002E-07  1.12918E-06

           GRD      95 -5.000E-02  5.07851E-07  5.07851E-07  1.85308E-06   45.00  1.43439E-06 -4.18691E-07  1.12217E-06 -1.22425E-07  1.22425E-07 -0.7E+01(6)
                        5.000E-02  5.29819E-07  5.29819E-07  1.85764E-06   45.00  1.45864E-06 -3.99002E-07  1.12918E-06

       14  CENTER      -5.000E-02  5.16180E-07  5.16180E-07  1.78910E-06   45.00  1.41073E-06 -3.78369E-07  1.08875E-06  1.69382E-08 -1.69382E-08
                        5.000E-02  5.20026E-07  5.20026E-07  1.82834E-06   45.00  1.43420E-06 -3.94146E-07  1.11107E-06

           GRD      39 -5.000E-02  5.70129E-07  4.52018E-07  1.77063E-06   43.09  1.39836E-06 -3.76211E-07  1.07971E-06  1.56350E-07  1.23192E-07 -0.2E+01(1)
                        5.000E-02  4.41944E-07  5.87571E-07  1.80948E-06   47.30  1.42242E-06 -3.92906E-07  1.10283E-06

           GRD      43 -5.000E-02  5.70982E-07  5.70982E-07  1.65082E-06   45.00  1.39639E-06 -2.54426E-07  1.02630E-06  1.59798E-07 -1.59798E-07  0.2E+01(1)
                        5.000E-02  4.40892E-07  4.40892E-07  1.95721E-06   45.00  1.41950E-06 -5.37713E-07  1.16760E-06

           GRD      48 -5.000E-02  4.52018E-07  5.70129E-07  1.77063E-06   46.91  1.39836E-06 -3.76211E-07  1.07971E-06 -1.23192E-07 -1.56350E-07  0.2E+01(1)
                        5.000E-02  5.87571E-07  4.41944E-07  1.80948E-06   42.70  1.42242E-06 -3.92906E-07  1.10283E-06

           GRD      45 -5.000E-02  4.51165E-07  4.51165E-07  1.89045E-06   45.00  1.39639E-06 -4.94061E-07  1.13214E-06 -1.26640E-07  1.26640E-07 -0.2E+01(1)
                        5.000E-02  5.88623E-07  5.88623E-07  1.66175E-06   45.00  1.41950E-06 -2.42249E-07  1.03656E-06

       15  CENTER      -5.000E-02  5.21110E-07  5.21110E-07  1.84002E-06   45.00  1.44112E-06 -3.98901E-07  1.11770E-06 -2.23460E-09  2.23460E-09
                        5.000E-02  5.29916E-07  5.29916E-07  1.87067E-06   45.00  1.46525E-06 -4.05418E-07  1.13634E-06

           GRD      87 -5.000E-02  5.23581E-07  5.08288E-07  1.82103E-06   44.76  1.42648E-06 -3.94612E-07  1.10624E-06  1.03035E-07  1.07409E-07 -0.2E+01(1)
                        5.000E-02  5.19280E-07  5.29869E-07  1.85136E-06   45.16  1.45027E-06 -4.01122E-07  1.12466E-06

           GRD      88 -5.000E-02  5.23691E-07  5.23691E-07  1.80551E-06   45.00  1.42645E-06 -3.79066E-07  1.09933E-06  1.05631E-07 -1.05631E-07  0.2E+01(1)
                        5.000E-02  5.19203E-07  5.19203E-07  1.86211E-06   45.00  1.45026E-06 -4.11850E-07  1.12943E-06

           GRD      12 -5.000E-02  5.08288E-07  5.23581E-07  1.82103E-06   45.24  1.42648E-06 -3.94612E-07  1.10624E-06 -1.07409E-07 -1.03035E-07  0.2E+01(1)
                        5.000E-02  5.29869E-07  5.19280E-07  1.85136E-06   44.84  1.45027E-06 -4.01122E-07  1.12466E-06

           GRD      52 -5.000E-02  5.08177E-07  5.08177E-07  1.83654E-06   45.00  1.42645E-06 -4.10093E-07  1.11314E-06 -1.10005E-07  1.10005E-07 -0.2E+01(1)
                        5.000E-02  5.29946E-07  5.29946E-07  1.84062E-06   45.00  1.45026E-06 -3.90364E-07  1.11987E-06

       16  CENTER      -5.000E-02  5.21110E-07  5.21110E-07  1.84002E-06   45.00  1.44112E-06 -3.98901E-07  1.11770E-06  2.23460E-09 -2.23460E-09
                        5.000E-02  5.29916E-07  5.29916E-07  1.87067E-06   45.00  1.46525E-06 -4.05418E-07  1.13634E-06

           GRD      66 -5.000E-02  5.08288E-07  5.23581E-07  1.82103E-06   45.24  1.42648E-06 -3.94612E-07  1.10624E-06  1.07409E-07  1.03035E-07 -0.2E+01(1)
                        5.000E-02  5.29869E-07  5.19280E-07  1.85136E-06   44.84  1.45027E-06 -4.01122E-07  1.12466E-06

           GRD      57 -5.000E-02  5.08177E-07  5.08177E-07  1.83654E-06   45.00  1.42645E-06 -4.10093E-07  1.11314E-06  1.10005E-07 -1.10005E-07  0.2E+01(1)
                        5.000E-02  5.29946E-07  5.29946E-07  1.84062E-06   45.00  1.45026E-06 -3.90364E-07  1.11987E-06

           GRD      17 -5.000E-02  5.23581E-07  5.08288E-07  1.82103E-06   44.76  1.42648E-06 -3.94612E-07  1.10624E-06 -1.03035E-07 -1.07409E-07  0.2E+01(1)
                        5.000E-02  5.19280E-07  5.29869E-07  1.85136E-06   45.16  1.45027E-06 -4.01122E-07  1.12466E-06

           GRD      29 -5.000E-02  5.23691E-07  5.23691E-07  1.80551E-06   45.00  1.42645E-06 -3.79066E-07  1.09933E-06 -1.05631E-07  1.05631E-07 -0.2E+01(1)
                        5.000E-02  5.19203E-07  5.19203E-07  1.86211E-06   45.00  1.45026E-06 -4.11850E-07  1.12943E-06

       17  CENTER      -5.000E-02  5.21110E-07  5.21110E-07  1.84002E-06   45.00  1.44112E-06 -3.98901E-07  1.11770E-06  2.23460E-09 -2.23460E-09
                        5.000E-02  5.29916E-07  5.29916E-07  1.87067E-06   45.00  1.46525E-06 -4.05418E-07  1.13634E-06

           GRD      99 -5.000E-02  5.08288E-07  5.23581E-07  1.82103E-06   45.24  1.42648E-06 -3.94612E-07  1.10624E-06  1.07409E-07  1.03035E-07 -0.2E+01(1)
                        5.000E-02  5.29869E-07  5.19280E-07  1.85136E-06   44.84  1.45027E-06 -4.01122E-07  1.12466E-06

           GRD      89 -5.000E-02  5.08177E-07  5.08177E-07  1.83654E-06   45.00  1.42645E-06 -4.10093E-07  1.11314E-06  1.10005E-07 -1.10005E-07  0.2E+01(1)
                        5.000E-02  5.29946E-07  5.29946E-07  1.84062E-06   45.00  1.45026E-06 -3.90364E-07  1.11987E-06

           GRD      66 -5.000E-02  5.23581E-07  5.08288E-07  1.82103E-06   44.76  1.42648E-06 -3.94612E-07  1.10624E-06 -1.03035E-07 -1.07409E-07  0.2E+01(1)
                        5.000E-02  5.19280E-07  5.29869E-07  1.85136E-06   45.16  1.45027E-06 -4.01122E-07  1.12466E-06

           GRD       4 -5.000E-02  5.23691E-07  5.23691E-07  1.80551E-06   45.00  1.42645E-06 -3.79066E-07  1.09933E-06 -1.05631E-07  1.05631E-07 -0.2E+01(1)
                        5.000E-02  5.19203E-07  5.19203E-07  1.86211E-06   45.00  1.45026E-06 -4.11850E-07  1.12943E-06

       18  CENTER      -5.000E-02  5.21110E-07  5.21110E-07 -1.84002E-06  -45.00  1.44112E-06 -3.98901E-07  1.11770E-06 -2.23460E-09 -2.23460E-09
                        5.000E-02  5.29916E-07  5.29916E-07 -1.87067E-06  -45.00  1.46525E-06 -4.05418E-07  1.13634E-06

           GRD      89 -5.000E-02  5.08177E-07  5.08177E-07 -1.83654E-06  -45.00  1.42645E-06 -4.10093E-07  1.11314E-06 -1.10005E-07 -1.10005E-07  0.2E+01(1)
                        5.000E-02  5.29946E-07  5.29946E-07 -1.84062E-06  -45.00  1.45026E-06 -3.90364E-07  1.11987E-06

           GRD      35 -5.000E-02  5.08288E-07  5.23581E-07 -1.82103E-06  -45.24  1.42648E-06 -3.94612E-07  1.10624E-06 -1.07409E-07  1.03035E-07 -0.2E+01(1)
                        5.000E-02  5.29869E-07  5.19280E-07 -1.85136E-06  -44.84  1.45027E-06 -4.01122E-07  1.12466E-06

           GRD      42 -5.000E-02  5.23691E-07  5.23691E-07 -1.80551E-06  -45.00  1.42645E-06 -3.79066E-07  1.09933E-06  1.05631E-07  1.05631E-07 -0.2E+01(1)
                        5.000E-02  5.19203E-07  5.19203E-07 -1.86211E-06  -45.00  1.45026E-06 -4.11850E-07  1.12943E-06

           GRD      41 -5.000E-02  5.23581E-07  5.08288E-07 -1.82103E-06  -44.76  1.42648E-06 -3.94612E-07  1.10624E-06  1.03035E-07 -1.07409E-07  0.2E+01(1)
                        5.000E-02  5.19280E-07  5.29869E-07 -1.85136E-06  -45.16  1.45027E-06 -4.01122E-07  1.12466E-06

       19  CENTER      -5.000E-02  5.06040E-07  5.06040E-07 -1.92343E-06  -45.00  1.46775E-06 -4.55673E-07  1.16060E-06  5.66312E-09  5.66312E-09
                        5.000E-02  5.46152E-07  5.46152E-07 -1.89323E-06  -45.00  1.49277E-06 -4.00463E-07  1.15210E-06

           GRD      56 -5.000E-02  5.52576E-07  5.52576E-07 -1.80015E-06  -45.00  1.45265E-06 -3.47498E-07  1.10267E-06 -1.19852E-07 -1.19852E-07  0.2E+01(2)
                        5.000E-02  4.93773E-07  4.93773E-07 -1.96776E-06  -45.00  1.47765E-06 -4.90104E-07  1.18281E-06

           GRD      94 -5.000E-02  5.51839E-07  4.49901E-07 -1.90356E-06  -43.47  1.45401E-06 -4.52273E-07  1.15013E-06 -1.16833E-07  1.27919E-07 -0.2E+01(1)
                        5.000E-02  4.94443E-07  5.87169E-07 -1.87369E-06  -46.42  1.47880E-06 -3.97185E-07  1.14153E-06

           GRD      36 -5.000E-02  4.49165E-07  4.49165E-07 -2.00697E-06  -45.00  1.45265E-06 -5.54321E-07  1.19679E-06  1.30938E-07  1.30938E-07 -0.2E+01(1)
                        5.000E-02  5.87839E-07  5.87839E-07 -1.77962E-06  -45.00  1.47765E-06 -3.01973E-07  1.09967E-06

           GRD      31 -5.000E-02  4.49901E-07  5.51839E-07 -1.90356E-06  -46.53  1.45401E-06 -4.52273E-07  1.15013E-06  1.27919E-07 -1.16833E-07  0.2E+01(1)
                        5.000E-02  5.87169E-07  4.94443E-07 -1.87369E-06  -43.58  1.47880E-06 -3.97185E-07  1.14153E-06

       20  CENTER      -5.000E-02  5.21110E-07  5.21110E-07  1.84002E-06   45.00  1.44112E-06 -3.98901E-07  1.11770E-06  2.23460E-09 -2.23460E-09
                        5.000E-02  5.29916E-07  5.29916E-07  1.87067E-06   45.00  1.46525E-06 -4.05418E-07  1.13634E-06

           GRD      95 -5.000E-02  5.08288E-07  5.23581E-07  1.82103E-06   45.24  1.42648E-06 -3.94612E-07  1.10624E-06  1.07409E-07  1.03035E-07 -0.2E+01(1)
                        5.000E-02  5.29869E-07  5.19280E-07  1.85136E-06   44.84  1.45027E-06 -4.01122E-07  1.12466E-06

           GRD       3 -5.000E-02  5.08177E-07  5.08177E-07  1.83654E-06   45.00  1.42645E-06 -4.10093E-07  1.11314E-06  1.10005E-07 -1.10005E-07  0.2E+01(1)
                        5.000E-02  5.29946E-07  5.29946E-07  1.84062E-06   45.00  1.45026E-06 -3.90364E-07  1.11987E-06

           GRD      61 -5.000E-02  5.23581E-07  5.08288E-07  1.82103E-06   44.76  1.42648E-06 -3.94612E-07  1.10624E-06 -1.03035E-07 -1.07409E-07  0.2E+01(1)
                        5.000E-02  5.19280E-07  5.29869E-07  1.85136E-06   45.16  1.45027E-06 -4.01122E-07  1.12466E-06

           GRD      69 -5.000E-02  5.23691E-07  5.23691E-07  1.80551E-06   45.00  1.42645E-06 -3.79066E-07  1.09933E-06 -1.05631E-07  1.05631E-07 -0.2E+01(1)
                        5.000E-02  5.19203E-07  5.19203E-07  1.86211E-06   45.00  1.45026E-06 -4.11850E-07  1.12943E-06

       21  CENTER      -5.000E-02  5.27037E-07  5.27037E-07 -1.79757E-06  -45.00  1.42582E-06 -3.71746E-07  1.09569E-06 -1.20730E-07 -1.20730E-07
                        5.000E-02  5.05493E-07  5.05493E-07 -1.88829E-06  -45.00  1.44964E-06 -4.38653E-07  1.14110E-06

           GRD      16 -5.000E-02  5.70392E-07  5.70392E-07 -1.68213E-06  -45.00  1.41146E-06 -2.70675E-07  1.04297E-06 -3.39986E-08 -3.39986E-08  0.2E+01(2)
                        5.000E-02  4.40662E-07  4.40662E-07 -1.98798E-06  -45.00  1.43465E-06 -5.53327E-07  1.18476E-06

           GRD      30 -5.000E-02  5.69702E-07  4.74202E-07 -1.77901E-06  -43.46  1.41274E-06 -3.68835E-07  1.08586E-06 -3.60253E-08 -2.00315E-07 -0.2E+01(2)
                        5.000E-02  4.41511E-07  5.58992E-07 -1.86880E-06  -46.80  1.43649E-06 -4.35992E-07  1.13135E-06

           GRD      14 -5.000E-02  4.73512E-07  4.73512E-07 -1.87589E-06  -45.00  1.41146E-06 -4.64435E-07  1.12811E-06 -2.02342E-07 -2.02342E-07 -0.2E+01(2)
                        5.000E-02  5.59841E-07  5.59841E-07 -1.74962E-06  -45.00  1.43465E-06 -3.14968E-07  1.07689E-06

           GRD      20 -5.000E-02  4.74202E-07  5.69702E-07 -1.77901E-06  -46.54  1.41274E-06 -3.68835E-07  1.08586E-06 -2.00315E-07 -3.60253E-08  0.2E+01(2)
                        5.000E-02  5.58992E-07  4.41511E-07 -1.86880E-06  -43.20  1.43649E-06 -4.35992E-07  1.13135E-06

       22  CENTER      -5.000E-02  5.27037E-07  5.27037E-07 -1.79757E-06  -45.00  1.42582E-06 -3.71746E-07  1.09569E-06 -1.20730E-07 -1.20730E-07
                        5.000E-02  5.05493E-07  5.05493E-07 -1.88829E-06  -45.00  1.44964E-06 -4.38653E-07  1.14110E-06

           GRD      36 -5.000E-02  5.70392E-07  5.70392E-07 -1.68213E-06  -45.00  1.41146E-06 -2.70675E-07  1.04297E-06 -3.39986E-08 -3.39986E-08  0.2E+01(2)
                        5.000E-02  4.40662E-07  4.40662E-07 -1.98798E-06  -45.00  1.43465E-06 -5.53327E-07  1.18476E-06

           GRD      74 -5.000E-02  5.69702E-07  4.74202E-07 -1.77901E-06  -43.46  1.41274E-06 -3.68835E-07  1.08586E-06 -3.60253E-08 -2.00315E-07 -0.2E+01(2)
                        5.000E-02  4.41511E-07  5.58992E-07 -1.86880E-06  -46.80  1.43649E-06 -4.35992E-07  1.13135E-06

           GRD      27 -5.000E-02  4.73512E-07  4.73512E-07 -1.87589E-06  -45.00  1.41146E-06 -4.64435E-07  1.12811E-06 -2.02342E-07 -2.02342E-07 -0.2E+01(2)
                        5.000E-02  5.59841E-07  5.59841E-07 -1.74962E-06  -45.00  1.43465E-06 -3.14968E-07  1.07689E-06

           GRD      30 -5.000E-02  4.74202E-07  5.69702E-07 -1.77901E-06  -46.54  1.41274E-06 -3.68835E-07  1.08586E-06 -2.00315E-07 -3.60253E-08  0.2E+01(2)
                        5.000E-02  5.58992E-07  4.41511E-07 -1.86880E-06  -43.20  1.43649E-06 -4.35992E-07  1.13135E-06

       23  CENTER      -5.000E-02  5.06040E-07  5.06040E-07  1.92343E-06   45.00  1.46775E-06 -4.55673E-07  1.16060E-06  5.66312E-09 -5.66312E-09
                        5.000E-02  5.46152E-07  5.46152E-07  1.89323E-06   45.00  1.49277E-06 -4.00463E-07  1.15210E-06

           GRD      86 -5.000E-02  4.49901E-07  5.51839E-07  1.90356E-06   46.53  1.45401E-06 -4.52273E-07  1.15013E-06  1.27919E-07  1.16833E-07 -0.2E+01(2)
                        5.000E-02  5.87169E-07  4.94443E-07  1.87369E-06   43.58  1.47880E-06 -3.97185E-07  1.14153E-06

           GRD      90 -5.000E-02  4.49165E-07  4.49165E-07  2.00697E-06   45.00  1.45265E-06 -5.54321E-07  1.19679E-06  1.30938E-07 -1.30938E-07  0.2E+01(2)
                        5.000E-02  5.87839E-07  5.87839E-07  1.77962E-06   45.00  1.47765E-06 -3.01973E-07  1.09967E-06

           GRD      60 -5.000E-02  5.51839E-07  4.49901E-07  1.90356E-06   43.47  1.45401E-06 -4.52273E-07  1.15013E-06 -1.16833E-07 -1.27919E-07  0.2E+01(2)
                        5.000E-02  4.94443E-07  5.87169E-07  1.87369E-06   46.42  1.47880E-06 -3.97185E-07  1.14153E-06

           GRD      92 -5.000E-02  5.52576E-07  5.52576E-07  1.80015E-06   45.00  1.45265E-06 -3.47498E-07  1.10267E-06 -1.19852E-07  1.19852E-07 -0.2E+01(2)
                        5.000E-02  4.93773E-07  4.93773E-07  1.96776E-06   45.00  1.47765E-06 -4.90104E-07  1.18281E-06

       24  CENTER      -5.000E-02  5.27037E-07  5.27037E-07  1.79757E-06   45.00  1.42582E-06 -3.71746E-07  1.09569E-06 -1.20730E-07  1.20730E-07
                        5.000E-02  5.05493E-07  5.05493E-07  1.88829E-06   45.00  1.44964E-06 -4.38653E-07  1.14110E-06

           GRD      20 -5.000E-02  4.74202E-07  5.69702E-07  1.77901E-06   46.54  1.41274E-06 -3.68835E-07  1.08586E-06 -2.00315E-07  3.60253E-08 -0.2E+01(2)
                        5.000E-02  5.58992E-07  4.41511E-07  1.86880E-06   43.20  1.43649E-06 -4.35992E-07  1.13135E-06

           GRD      24 -5.000E-02  4.73512E-07  4.73512E-07  1.87589E-06   45.00  1.41146E-06 -4.64435E-07  1.12811E-06 -2.02342E-07  2.02342E-07  0.2E+01(2)
                        5.000E-02  5.59841E-07  5.59841E-07  1.74962E-06   45.00  1.43465E-06 -3.14968E-07  1.07689E-06

           GRD      75 -5.000E-02  5.69702E-07  4.74202E-07  1.77901E-06   43.46  1.41274E-06 -3.68835E-07  1.08586E-06 -3.60253E-08  2.00315E-07  0.2E+01(2)
                        5.000E-02  4.41511E-07  5.58992E-07  1.86880E-06   46.80  1.43649E-06 -4.35992E-07  1.13135E-06

           GRD      25 -5.000E-02  5.70392E-07  5.70392E-07  1.68213E-06   45.00  1.41146E-06 -2.70675E-07  1.04297E-06 -3.39986E-08  3.39986E-08 -0.2E+01(2)
                        5.000E-02  4.40662E-07  4.40662E-07  1.98798E-06   45.00  1.43465E-06 -5.53327E-07  1.18476E-06

       25  CENTER      -5.000E-02  5.27037E-07  5.27037E-07  1.79757E-06   45.00  1.42582E-06 -3.71746E-07  1.09569E-06 -1.20730E-07  1.20730E-07
                        5.000E-02  5.05493E-07  5.05493E-07  1.88829E-06   45.00  1.44964E-06 -4.38653E-07  1.14110E-06

           GRD      43 -5.000E-02  4.74202E-07  5.69702E-07  1.77901E-06   46.54  1.41274E-06 -3.68835E-07  1.08586E-06 -2.00315E-07  3.60253E-08 -0.2E+01(1)
                        5.000E-02  5.58992E-07  4.41511E-07  1.86880E-06   43.20  1.43649E-06 -4.35992E-07  1.13135E-06

           GRD      47 -5.000E-02  4.73512E-07  4.73512E-07  1.87589E-06   45.00  1.41146E-06 -4.64435E-07  1.12811E-06 -2.02342E-07  2.02342E-07  0.2E+01(1)
                        5.000E-02  5.59841E-07  5.59841E-07  1.74962E-06   45.00  1.43465E-06 -3.14968E-07  1.07689E-06

           GRD      71 -5.000E-02  5.69702E-07  4.74202E-07  1.77901E-06   43.46  1.41274E-06 -3.68835E-07  1.08586E-06 -3.60253E-08  2.00315E-07  0.2E+01(1)
                        5.000E-02  4.41511E-07  5.58992E-07  1.86880E-06   46.80  1.43649E-06 -4.35992E-07  1.13135E-06

           GRD      48 -5.000E-02  5.70392E-07  5.70392E-07  1.68213E-06   45.00  1.41146E-06 -2.70675E-07  1.04297E-06 -3.39986E-08  3.39986E-08 -0.2E+01(1)
                        5.000E-02  4.40662E-07  4.40662E-07  1.98798E-06   45.00  1.43465E-06 -5.53327E-07  1.18476E-06

       26  CENTER      -5.000E-02  5.16180E-07  5.16180E-07  1.78910E-06   45.00  1.41073E-06 -3.78369E-07  1.08875E-06  1.69382E-08 -1.69382E-08
                        5.000E-02  5.20026E-07  5.20026E-07  1.82834E-06   45.00  1.43420E-06 -3.94146E-07  1.11107E-06

           GRD      48 -5.000E-02  5.70129E-07  4.52018E-07  1.77063E-06   43.09  1.39836E-06 -3.76211E-07  1.07971E-06  1.56350E-07  1.23192E-07 -0.2E+01(2)
                        5.000E-02  4.41944E-07  5.87571E-07  1.80948E-06   47.30  1.42242E-06 -3.92906E-07  1.10283E-06

           GRD      71 -5.000E-02  5.70982E-07  5.70982E-07  1.65082E-06   45.00  1.39639E-06 -2.54426E-07  1.02630E-06  1.59798E-07 -1.59798E-07  0.2E+01(2)
                        5.000E-02  4.40892E-07  4.40892E-07  1.95721E-06   45.00  1.41950E-06 -5.37713E-07  1.16760E-06

           GRD      80 -5.000E-02  4.52018E-07  5.70129E-07  1.77063E-06   46.91  1.39836E-06 -3.76211E-07  1.07971E-06 -1.23192E-07 -1.56350E-07  0.2E+01(2)
                        5.000E-02  5.87571E-07  4.41944E-07  1.80948E-06   42.70  1.42242E-06 -3.92906E-07  1.10283E-06

           GRD      76 -5.000E-02  4.51165E-07  4.51165E-07  1.89045E-06   45.00  1.39639E-06 -4.94061E-07  1.13214E-06 -1.26640E-07  1.26640E-07 -0.2E+01(2)
                        5.000E-02  5.88623E-07  5.88623E-07  1.66175E-06   45.00  1.41950E-06 -2.42249E-07  1.03656E-06

       27  CENTER      -5.000E-02  5.21110E-07  5.21110E-07  1.84002E-06   45.00  1.44112E-06 -3.98901E-07  1.11770E-06 -2.23460E-09  2.23460E-09
                        5.000E-02  5.29916E-07  5.29916E-07  1.87067E-06   45.00  1.46525E-06 -4.05418E-07  1.13634E-06

           GRD      41 -5.000E-02  5.23581E-07  5.08288E-07  1.82103E-06   44.76  1.42648E-06 -3.94612E-07  1.10624E-06  1.03035E-07  1.07409E-07 -0.2E+01(2)
                        5.000E-02  5.19280E-07  5.29869E-07  1.85136E-06   45.16  1.45027E-06 -4.01122E-07  1.12466E-06

           GRD      83 -5.000E-02  5.23691E-07  5.23691E-07  1.80551E-06   45.00  1.42645E-06 -3.79066E-07  1.09933E-06  1.05631E-07 -1.05631E-07  0.2E+01(2)
                        5.000E-02  5.19203E-07  5.19203E-07  1.86211E-06   45.00  1.45026E-06 -4.11850E-07  1.12943E-06

           GRD      87 -5.000E-02  5.08288E-07  5.23581E-07  1.82103E-06   45.24  1.42648E-06 -3.94612E-07  1.10624E-06 -1.07409E-07 -1.03035E-07  0.2E+01(2)
                        5.000E-02  5.29869E-07  5.19280E-07  1.85136E-06   44.84  1.45027E-06 -4.01122E-07  1.12466E-06

           GRD      57 -5.000E-02  5.08177E-07  5.08177E-07  1.83654E-06   45.00  1.42645E-06 -4.10093E-07  1.11314E-06 -1.10005E-07  1.10005E-07 -0.2E+01(2)
                        5.000E-02  5.29946E-07  5.29946E-07  1.84062E-06   45.00  1.45026E-06 -3.90364E-07  1.11987E-06

       28  CENTER      -5.000E-02  5.10480E-07  5.10480E-07 -1.88308E-06  -45.00  1.45202E-06 -4.31061E-07  1.13922E-06  4.75608E-09  4.75608E-09
                        5.000E-02  5.37137E-07  5.37137E-07 -1.87886E-06  -45.00  1.47657E-06 -4.02292E-07  1.14234E-06

           GRD      55 -5.000E-02  5.23254E-07  5.23254E-07 -1.82778E-06  -45.00  1.43715E-06 -3.90638E-07  1.11143E-06 -1.21075E-07 -1.21075E-07  0.2E+01(2)
                        5.000E-02  5.19035E-07  5.19035E-07 -1.88502E-06  -45.00  1.46155E-06 -4.23476E-07  1.14200E-06

           GRD      44 -5.000E-02  5.22999E-07  4.87658E-07 -1.86364E-06  -44.46  1.43731E-06 -4.26657E-07  1.12766E-06 -1.18048E-07  1.27358E-07 -0.2E+01(2)
                        5.000E-02  5.19217E-07  5.44410E-07 -1.85947E-06  -45.39  1.46163E-06 -3.98005E-07  1.13069E-06

           GRD      33 -5.000E-02  4.87402E-07  4.87402E-07 -1.89949E-06  -45.00  1.43715E-06 -4.62342E-07  1.14379E-06  1.30386E-07  1.30386E-07 -0.2E+01(2)
                        5.000E-02  5.44592E-07  5.44592E-07 -1.83391E-06  -45.00  1.46155E-06 -3.72363E-07  1.11932E-06

           GRD      59 -5.000E-02  4.87658E-07  5.22999E-07 -1.86364E-06  -45.54  1.43731E-06 -4.26657E-07  1.12766E-06  1.27358E-07 -1.18048E-07  0.2E+01(2)
                        5.000E-02  5.44410E-07  5.19217E-07 -1.85947E-06  -44.61  1.46163E-06 -3.98005E-07  1.13069E-06

       29  CENTER      -5.000E-02  5.26160E-07  5.26160E-07  1.81541E-06   45.00  1.43386E-06 -3.81544E-07  1.10526E-06 -7.15329E-09  7.15329E-09
                        5.000E-02  5.24900E-07  5.24900E-07  1.86566E-06   45.00  1.45773E-06 -4.07931E-07  1.13256E-06

           GRD      72 -5.000E-02  5.53378E-07  4.88583E-07  1.79667E-06   43.97  1.41990E-06 -3.77940E-07  1.09455E-06  9.30315E-08  1.07035E-07 -0.2E+01(1)
                        5.000E-02  4.94614E-07  5.44501E-07  1.84641E-06   45.77  1.44310E-06 -4.03983E-07  1.12125E-06

           GRD      76 -5.000E-02  5.53846E-07  5.53846E-07  1.73094E-06   45.00  1.41932E-06 -3.11625E-07  1.06539E-06  9.54996E-08 -9.54996E-08  0.2E+01(1)
                        5.000E-02  4.94254E-07  4.94254E-07  1.89702E-06   45.00  1.44276E-06 -4.54254E-07  1.14373E-06

           GRD      82 -5.000E-02  4.88583E-07  5.53378E-07  1.79667E-06   46.03  1.41990E-06 -3.77940E-07  1.09455E-06 -1.07035E-07 -9.30315E-08  0.2E+01(1)
                        5.000E-02  5.44501E-07  4.94614E-07  1.84641E-06   44.23  1.44310E-06 -4.03983E-07  1.12125E-06

           GRD      78 -5.000E-02  4.88115E-07  4.88115E-07  1.86240E-06   45.00  1.41932E-06 -4.43086E-07  1.12342E-06 -1.09503E-07  1.09503E-07 -0.2E+01(1)
                        5.000E-02  5.44862E-07  5.44862E-07  1.79580E-06   45.00  1.44276E-06 -3.53039E-07  1.09859E-06

       30  CENTER      -5.000E-02  5.06040E-07  5.06040E-07  1.92343E-06   45.00  1.46775E-06 -4.55673E-07  1.16060E-06  5.66312E-09 -5.66312E-09
                        5.000E-02  5.46152E-07  5.46152E-07  1.89323E-06   45.00  1.49277E-06 -4.00463E-07  1.15210E-06

           GRD      76 -5.000E-02  4.49901E-07  5.51839E-07  1.90356E-06   46.53  1.45401E-06 -4.52273E-07  1.15013E-06  1.27919E-07  1.16833E-07 -0.2E+01(1)
                        5.000E-02  5.87169E-07  4.94443E-07  1.87369E-06   43.58  1.47880E-06 -3.97185E-07  1.14153E-06

           GRD      80 -5.000E-02  4.49165E-07  4.49165E-07  2.00697E-06   45.00  1.45265E-06 -5.54321E-07  1.19679E-06  1.30938E-07 -1.30938E-07  0.2E+01(1)
                        5.000E-02  5.87839E-07  5.87839E-07  1.77962E-06   45.00  1.47765E-06 -3.01973E-07  1.09967E-06

           GRD      94 -5.000E-02  5.51839E-07  4.49901E-07  1.90356E-06   43.47  1.45401E-06 -4.52273E-07  1.15013E-06 -1.16833E-07 -1.27919E-07  0.2E+01(1)
                        5.000E-02  4.94443E-07  5.87169E-07  1.87369E-06   46.42  1.47880E-06 -3.97185E-07  1.14153E-06

           GRD      82 -5.000E-02  5.52576E-07  5.52576E-07  1.80015E-06   45.00  1.45265E-06 -3.47498E-07  1.10267E-06 -1.19852E-07  1.19852E-07 -0.2E+01(1)
                        5.000E-02  4.93773E-07  4.93773E-07  1.96776E-06   45.00  1.47765E-06 -4.90104E-07  1.18281E-06

       31  CENTER      -5.000E-02  5.27037E-07  5.27037E-07  1.79757E-06   45.00  1.42582E-06 -3.71746E-07  1.09569E-06 -1.20730E-07  1.20730E-07
                        5.000E-02  5.05493E-07  5.05493E-07  1.88829E-06   45.00  1.44964E-06 -4.38653E-07  1.14110E-06

           GRD      71 -5.000E-02  4.74202E-07  5.69702E-07  1.77901E-06   46.54  1.41274E-06 -3.68835E-07  1.08586E-06 -2.00315E-07  3.60253E-08 -0.2E+01(2)
                        5.000E-02  5.58992E-07  4.41511E-07  1.86880E-06   43.20  1.43649E-06 -4.35992E-07  1.13135E-06

           GRD      81 -5.000E-02  4.73512E-07  4.73512E-07  1.87589E-06   45.00  1.41146E-06 -4.64435E-07  1.12811E-06 -2.02342E-07  2.02342E-07  0.2E+01(2)
                        5.000E-02  5.59841E-07  5.59841E-07  1.74962E-06   45.00  1.43465E-06 -3.14968E-07  1.07689E-06

           GRD      74 -5.000E-02  5.69702E-07  4.74202E-07  1.77901E-06   43.46  1.41274E-06 -3.68835E-07  1.08586E-06 -3.60253E-08  2.00315E-07  0.2E+01(2)
                        5.000E-02  4.41511E-07  5.58992E-07  1.86880E-06   46.80  1.43649E-06 -4.35992E-07  1.13135E-06

           GRD      80 -5.000E-02  5.70392E-07  5.70392E-07  1.68213E-06   45.00  1.41146E-06 -2.70675E-07  1.04297E-06 -3.39986E-08  3.39986E-08 -0.2E+01(2)
                        5.000E-02  4.40662E-07  4.40662E-07  1.98798E-06   45.00  1.43465E-06 -5.53327E-07  1.18476E-06

       32  CENTER      -5.000E-02  5.13007E-07  5.13007E-07  1.87242E-06   45.00  1.44922E-06 -4.23202E-07  1.13385E-06 -9.42552E-18 -9.76407E-18
                        5.000E-02  5.35146E-07  5.35146E-07  1.87702E-06   45.00  1.47365E-06 -4.03362E-07  1.14091E-06

           GRD      57 -5.000E-02  5.07851E-07  5.07851E-07  1.85308E-06   45.00  1.43439E-06 -4.18691E-07  1.12217E-06  1.19478E-07  1.19478E-07 -0.7E+01(6)
                        5.000E-02  5.29819E-07  5.29819E-07  1.85764E-06   45.00  1.45864E-06 -3.99002E-07  1.12918E-06

           GRD      87 -5.000E-02  5.07851E-07  5.07851E-07  1.85308E-06   45.00  1.43439E-06 -4.18691E-07  1.12217E-06  1.22425E-07 -1.22425E-07  0.7E+01(6)
                        5.000E-02  5.29819E-07  5.29819E-07  1.85764E-06   45.00  1.45864E-06 -3.99002E-07  1.12918E-06

           GRD      52 -5.000E-02  5.07851E-07  5.07851E-07  1.85308E-06   45.00  1.43439E-06 -4.18691E-07  1.12217E-06 -1.19478E-07 -1.19478E-07  0.7E+01(6)
                        5.000E-02  5.29819E-07  5.29819E-07  1.85764E-06   45.00  1.45864E-06 -3.99002E-07  1.12918E-06

           GRD      17 -5.000E-02  5.07851E-07  5.07851E-07  1.85308E-06   45.00  1.43439E-06 -4.18691E-07  1.12217E-06 -1.22425E-07  1.22425E-07 -0.7E+01(6)
                        5.000E-02  5.29819E-07  5.29819E-07  1.85764E-06   45.00  1.45864E-06 -3.99002E-07  1.12918E-06

       33  CENTER      -5.000E-02  5.27037E-07  5.27037E-07  1.79757E-06   45.00  1.42582E-06 -3.71746E-07  1.09569E-06 -1.20730E-07  1.20730E-07
                        5.000E-02  5.05493E-07  5.05493E-07  1.88829E-06   45.00  1.44964E-06 -4.38653E-07  1.14110E-06

           GRD      84 -5.000E-02  4.74202E-07  5.69702E-07  1.77901E-06   46.54  1.41274E-06 -3.68835E-07  1.08586E-06 -2.00315E-07  3.60253E-08 -0.2E+01(1)
                        5.000E-02  5.58992E-07  4.41511E-07  1.86880E-06   43.20  1.43649E-06 -4.35992E-07  1.13135E-06

           GRD      28 -5.000E-02  4.73512E-07  4.73512E-07  1.87589E-06   45.00  1.41146E-06 -4.64435E-07  1.12811E-06 -2.02342E-07  2.02342E-07  0.2E+01(1)
                        5.000E-02  5.59841E-07  5.59841E-07  1.74962E-06   45.00  1.43465E-06 -3.14968E-07  1.07689E-06

           GRD      49 -5.000E-02  5.69702E-07  4.74202E-07  1.77901E-06   43.46  1.41274E-06 -3.68835E-07  1.08586E-06 -3.60253E-08  2.00315E-07  0.2E+01(1)
                        5.000E-02  4.41511E-07  5.58992E-07  1.86880E-06   46.80  1.43649E-06 -4.35992E-07  1.13135E-06

           GRD      13 -5.000E-02  5.70392E-07  5.70392E-07  1.68213E-06   45.00  1.41146E-06 -2.70675E-07  1.04297E-06 -3.39986E-08  3.39986E-08 -0.2E+01(1)
                        5.000E-02  4.40662E-07  4.40662E-07  1.98798E-06   45.00  1.43465E-06 -5.53327E-07  1.18476E-06

       34  CENTER      -5.000E-02  5.26160E-07  5.26160E-07  1.81541E-06   45.00  1.43386E-06 -3.81544E-07  1.10526E-06 -7.15329E-09  7.15329E-09
                        5.000E-02  5.24900E-07  5.24900E-07  1.86566E-06   45.00  1.45773E-06 -4.07931E-07  1.13256E-06

           GRD      23 -5.000E-02  5.53378E-07  4.88583E-07  1.79667E-06   43.97  1.41990E-06 -3.77940E-07  1.09455E-06  9.30315E-08  1.07035E-07 -0.2E+01(2)
                        5.000E-02  4.94614E-07  5.44501E-07  1.84641E-06   45.77  1.44310E-06 -4.03983E-07  1.12125E-06

           GRD      22 -5.000E-02  5.53846E-07  5.53846E-07  1.73094E-06   45.00  1.41932E-06 -3.11625E-07  1.06539E-06  9.54996E-08 -9.54996E-08  0.2E+01(2)
                        5.000E-02  4.94254E-07  4.94254E-07  1.89702E-06   45.00  1.44276E-06 -4.54254E-07  1.14373E-06

           GRD      79 -5.000E-02  4.88583E-07  5.53378E-07  1.79667E-06   46.03  1.41990E-06 -3.77940E-07  1.09455E-06 -1.07035E-07 -9.30315E-08  0.2E+01(2)
                        5.000E-02  5.44501E-07  4.94614E-07  1.84641E-06   44.23  1.44310E-06 -4.03983E-07  1.12125E-06

           GRD      83 -5.000E-02  4.88115E-07  4.88115E-07  1.86240E-06   45.00  1.41932E-06 -4.43086E-07  1.12342E-06 -1.09503E-07  1.09503E-07 -0.2E+01(2)
                        5.000E-02  5.44862E-07  5.44862E-07  1.79580E-06   45.00  1.44276E-06 -3.53039E-07  1.09859E-06

       35  CENTER      -5.000E-02  5.10480E-07  5.10480E-07  1.88308E-06   45.00  1.45202E-06 -4.31061E-07  1.13922E-06 -4.75608E-09  4.75608E-09
                        5.000E-02  5.37137E-07  5.37137E-07  1.87886E-06   45.00  1.47657E-06 -4.02292E-07  1.14234E-06

           GRD       4 -5.000E-02  5.22999E-07  4.87658E-07  1.86364E-06   44.46  1.43731E-06 -4.26657E-07  1.12766E-06  1.18048E-07  1.27358E-07 -0.2E+01(1)
                        5.000E-02  5.19217E-07  5.44410E-07  1.85947E-06   45.39  1.46163E-06 -3.98005E-07  1.13069E-06

           GRD      66 -5.000E-02  5.23254E-07  5.23254E-07  1.82778E-06   45.00  1.43715E-06 -3.90638E-07  1.11143E-06  1.21075E-07 -1.21075E-07  0.2E+01(1)
                        5.000E-02  5.19035E-07  5.19035E-07  1.88502E-06   45.00  1.46155E-06 -4.23476E-07  1.14200E-06

           GRD      29 -5.000E-02  4.87658E-07  5.22999E-07  1.86364E-06   45.54  1.43731E-06 -4.26657E-07  1.12766E-06 -1.27358E-07 -1.18048E-07  0.2E+01(1)
                        5.000E-02  5.44410E-07  5.19217E-07  1.85947E-06   44.61  1.46163E-06 -3.98005E-07  1.13069E-06

           GRD      96 -5.000E-02  4.87402E-07  4.87402E-07  1.89949E-06   45.00  1.43715E-06 -4.62342E-07  1.14379E-06 -1.30386E-07  1.30386E-07 -0.2E+01(1)
                        5.000E-02  5.44592E-07  5.44592E-07  1.83391E-06   45.00  1.46155E-06 -3.72363E-07  1.11932E-06

       36  CENTER      -5.000E-02  5.10480E-07  5.10480E-07  1.88308E-06   45.00  1.45202E-06 -4.31061E-07  1.13922E-06 -4.75608E-09  4.75608E-09
                        5.000E-02  5.37137E-07  5.37137E-07  1.87886E-06   45.00  1.47657E-06 -4.02292E-07  1.14234E-06

           GRD      26 -5.000E-02  5.22999E-07  4.87658E-07  1.86364E-06   44.46  1.43731E-06 -4.26657E-07  1.12766E-06  1.18048E-07  1.27358E-07 -0.2E+01(1)
                        5.000E-02  5.19217E-07  5.44410E-07  1.85947E-06   45.39  1.46163E-06 -3.98005E-07  1.13069E-06

           GRD      95 -5.000E-02  5.23254E-07  5.23254E-07  1.82778E-06   45.00  1.43715E-06 -3.90638E-07  1.11143E-06  1.21075E-07 -1.21075E-07  0.2E+01(1)
                        5.000E-02  5.19035E-07  5.19035E-07  1.88502E-06   45.00  1.46155E-06 -4.23476E-07  1.14200E-06

           GRD      69 -5.000E-02  4.87658E-07  5.22999E-07  1.86364E-06   45.54  1.43731E-06 -4.26657E-07  1.12766E-06 -1.27358E-07 -1.18048E-07  0.2E+01(1)
                        5.000E-02  5.44410E-07  5.19217E-07  1.85947E-06   44.61  1.46163E-06 -3.98005E-07  1.13069E-06

           GRD       8 -5.000E-02  4.87402E-07  4.87402E-07  1.89949E-06   45.00  1.43715E-06 -4.62342E-07  1.14379E-06 -1.30386E-07  1.30386E-07 -0.2E+01(1)
                        5.000E-02  5.44592E-07  5.44592E-07  1.83391E-06   45.00  1.46155E-06 -3.72363E-07  1.11932E-06

       37  CENTER      -5.000E-02  5.10480E-07  5.10480E-07  1.88308E-06   45.00  1.45202E-06 -4.31061E-07  1.13922E-06  4.75608E-09 -4.75608E-09
                        5.000E-02  5.37137E-07  5.37137E-07  1.87886E-06   45.00  1.47657E-06 -4.02292E-07  1.14234E-06

           GRD      88 -5.000E-02  4.87658E-07  5.22999E-07  1.86364E-06   45.54  1.43731E-06 -4.26657E-07  1.12766E-06  1.27358E-07  1.18048E-07 -0.8E+01(6)
                        5.000E-02  5.44410E-07  5.19217E-07  1.85947E-06   44.61  1.46163E-06 -3.98005E-07  1.13069E-06

           GRD      92 -5.000E-02  4.87402E-07  4.87402E-07  1.89949E-06   45.00  1.43715E-06 -4.62342E-07  1.14379E-06  1.30386E-07 -1.30386E-07  0.8E+01(6)
                        5.000E-02  5.44592E-07  5.44592E-07  1.83391E-06   45.00  1.46155E-06 -3.72363E-07  1.11932E-06

           GRD      10 -5.000E-02  5.22999E-07  4.87658E-07  1.86364E-06   44.46  1.43731E-06 -4.26657E-07  1.12766E-06 -1.18048E-07 -1.27358E-07  0.8E+01(6)
                        5.000E-02  5.19217E-07  5.44410E-07  1.85947E-06   45.39  1.46163E-06 -3.98005E-07  1.13069E-06

           GRD      12 -5.000E-02  5.23254E-07  5.23254E-07  1.82778E-06   45.00  1.43715E-06 -3.90638E-07  1.11143E-06 -1.21075E-07  1.21075E-07 -0.8E+01(6)
                        5.000E-02  5.19035E-07  5.19035E-07  1.88502E-06   45.00  1.46155E-06 -4.23476E-07  1.14200E-06

       38  CENTER      -5.000E-02  5.13007E-07  5.13007E-07  1.87242E-06   45.00  1.44922E-06 -4.23202E-07  1.13385E-06  9.75082E-18  9.41152E-18
                        5.000E-02  5.35146E-07  5.35146E-07  1.87702E-06   45.00  1.47365E-06 -4.03362E-07  1.14091E-06

           GRD      70 -5.000E-02  5.07851E-07  5.07851E-07  1.85308E-06   45.00  1.43439E-06 -4.18691E-07  1.12217E-06  1.19478E-07  1.19478E-07 -0.7E+01(6)
                        5.000E-02  5.29819E-07  5.29819E-07  1.85764E-06   45.00  1.45864E-06 -3.99002E-07  1.12918E-06

           GRD      77 -5.000E-02  5.07851E-07  5.07851E-07  1.85308E-06   45.00  1.43439E-06 -4.18691E-07  1.12217E-06  1.22425E-07 -1.22425E-07  0.7E+01(6)
                        5.000E-02  5.29819E-07  5.29819E-07  1.85764E-06   45.00  1.45864E-06 -3.99002E-07  1.12918E-06

           GRD       9 -5.000E-02  5.07851E-07  5.07851E-07  1.85308E-06   45.00  1.43439E-06 -4.18691E-07  1.12217E-06 -1.19478E-07 -1.19478E-07  0.7E+01(6)
                        5.000E-02  5.29819E-07  5.29819E-07  1.85764E-06   45.00  1.45864E-06 -3.99002E-07  1.12918E-06

           GRD       5 -5.000E-02  5.07851E-07  5.07851E-07  1.85308E-06   45.00  1.43439E-06 -4.18691E-07  1.12217E-06 -1.22425E-07  1.22425E-07 -0.7E+01(6)
                        5.000E-02  5.29819E-07  5.29819E-07  1.85764E-06   45.00  1.45864E-06 -3.99002E-07  1.12918E-06

       39  CENTER      -5.000E-02  5.21110E-07  5.21110E-07  1.84002E-06   45.00  1.44112E-06 -3.98901E-07  1.11770E-06  2.23460E-09 -2.23460E-09
                        5.000E-02  5.29916E-07  5.29916E-07  1.87067E-06   45.00  1.46525E-06 -4.05418E-07  1.13634E-06

           GRD      40 -5.000E-02  5.08288E-07  5.23581E-07  1.82103E-06   45.24  1.42648E-06 -3.94612E-07  1.10624E-06  1.07409E-07  1.03035E-07 -0.2E+01(1)
                        5.000E-02  5.29869E-07  5.19280E-07  1.85136E-06   44.84  1.45027E-06 -4.01122E-07  1.12466E-06

           GRD      21 -5.000E-02  5.08177E-07  5.08177E-07  1.83654E-06   45.00  1.42645E-06 -4.10093E-07  1.11314E-06  1.10005E-07 -1.10005E-07  0.2E+01(1)
                        5.000E-02  5.29946E-07  5.29946E-07  1.84062E-06   45.00  1.45026E-06 -3.90364E-07  1.11987E-06

           GRD      95 -5.000E-02  5.23581E-07  5.08288E-07  1.82103E-06   44.76  1.42648E-06 -3.94612E-07  1.10624E-06 -1.03035E-07 -1.07409E-07  0.2E+01(1)
                        5.000E-02  5.19280E-07  5.29869E-07  1.85136E-06   45.16  1.45027E-06 -4.01122E-07  1.12466E-06

           GRD      26 -5.000E-02  5.23691E-07  5.23691E-07  1.80551E-06   45.00  1.42645E-06 -3.79066E-07  1.09933E-06 -1.05631E-07  1.05631E-07 -0.2E+01(1)
                        5.000E-02  5.19203E-07  5.19203E-07  1.86211E-06   45.00  1.45026E-06 -4.11850E-07  1.12943E-06

       40  CENTER      -5.000E-02  5.10480E-07  5.10480E-07 -1.88308E-06  -45.00  1.45202E-06 -4.31061E-07  1.13922E-06  4.75608E-09  4.75608E-09
                        5.000E-02  5.37137E-07  5.37137E-07 -1.87886E-06  -45.00  1.47657E-06 -4.02292E-07  1.14234E-06

           GRD      35 -5.000E-02  5.23254E-07  5.23254E-07 -1.82778E-06  -45.00  1.43715E-06 -3.90638E-07  1.11143E-06 -1.21075E-07 -1.21075E-07  0.2E+01(1)
                        5.000E-02  5.19035E-07  5.19035E-07 -1.88502E-06  -45.00  1.46155E-06 -4.23476E-07  1.14200E-06

           GRD      32 -5.000E-02  5.22999E-07  4.87658E-07 -1.86364E-06  -44.46  1.43731E-06 -4.26657E-07  1.12766E-06 -1.18048E-07  1.27358E-07 -0.2E+01(1)
                        5.000E-02  5.19217E-07  5.44410E-07 -1.85947E-06  -45.39  1.46163E-06 -3.98005E-07  1.13069E-06

           GRD      56 -5.000E-02  4.87402E-07  4.87402E-07 -1.89949E-06  -45.00  1.43715E-06 -4.62342E-07  1.14379E-06  1.30386E-07  1.30386E-07 -0.2E+01(1)
                        5.000E-02  5.44592E-07  5.44592E-07 -1.83391E-06  -45.00  1.46155E-06 -3.72363E-07  1.11932E-06

           GRD      42 -5.000E-02  4.87658E-07  5.22999E-07 -1.86364E-06  -45.54  1.43731E-06 -4.26657E-07  1.12766E-06  1.27358E-07 -1.18048E-07  0.2E+01(1)
                        5.000E-02  5.44410E-07  5.19217E-07 -1.85947E-06  -44.61  1.46163E-06 -3.98005E-07  1.13069E-06

       41  CENTER      -5.000E-02  5.16180E-07  5.16180E-07  1.78910E-06   45.00  1.41073E-06 -3.78369E-07  1.08875E-06  1.69382E-08 -1.69382E-08
                        5.000E-02  5.20026E-07  5.20026E-07  1.82834E-06   45.00  1.43420E-06 -3.94146E-07  1.11107E-06

           GRD      90 -5.000E-02  5.70129E-07  4.52018E-07  1.77063E-06   43.09  1.39836E-06 -3.76211E-07  1.07971E-06  1.56350E-07  1.23192E-07 -0.2E+01(1)
                        5.000E-02  4.41944E-07  5.87571E-07  1.80948E-06   47.30  1.42242E-06 -3.92906E-07  1.10283E-06

           GRD      84 -5.000E-02  5.70982E-07  5.70982E-07  1.65082E-06   45.00  1.39639E-06 -2.54426E-07  1.02630E-06  1.59798E-07 -1.59798E-07  0.2E+01(1)
                        5.000E-02  4.40892E-07  4.40892E-07  1.95721E-06   45.00  1.41950E-06 -5.37713E-07  1.16760E-06

           GRD      13 -5.000E-02  4.52018E-07  5.70129E-07  1.77063E-06   46.91  1.39836E-06 -3.76211E-07  1.07971E-06 -1.23192E-07 -1.56350E-07  0.2E+01(1)
                        5.000E-02  5.87571E-07  4.41944E-07  1.80948E-06   42.70  1.42242E-06 -3.92906E-07  1.10283E-06

           GRD      60 -5.000E-02  4.51165E-07  4.51165E-07  1.89045E-06   45.00  1.39639E-06 -4.94061E-07  1.13214E-06 -1.26640E-07  1.26640E-07 -0.2E+01(1)
                        5.000E-02  5.88623E-07  5.88623E-07  1.66175E-06   45.00  1.41950E-06 -2.42249E-07  1.03656E-06

       42  CENTER      -5.000E-02  5.26160E-07  5.26160E-07  1.81541E-06   45.00  1.43386E-06 -3.81544E-07  1.10526E-06 -7.15329E-09  7.15329E-09
                        5.000E-02  5.24900E-07  5.24900E-07  1.86566E-06   45.00  1.45773E-06 -4.07931E-07  1.13256E-06

           GRD      79 -5.000E-02  5.53378E-07  4.88583E-07  1.79667E-06   43.97  1.41990E-06 -3.77940E-07  1.09455E-06  9.30315E-08  1.07035E-07 -0.2E+01(1)
                        5.000E-02  4.94614E-07  5.44501E-07  1.84641E-06   45.77  1.44310E-06 -4.03983E-07  1.12125E-06

           GRD      86 -5.000E-02  5.53846E-07  5.53846E-07  1.73094E-06   45.00  1.41932E-06 -3.11625E-07  1.06539E-06  9.54996E-08 -9.54996E-08  0.2E+01(1)
                        5.000E-02  4.94254E-07  4.94254E-07  1.89702E-06   45.00  1.44276E-06 -4.54254E-07  1.14373E-06

           GRD      92 -5.000E-02  4.88583E-07  5.53378E-07  1.79667E-06   46.03  1.41990E-06 -3.77940E-07  1.09455E-06 -1.07035E-07 -9.30315E-08  0.2E+01(1)
                        5.000E-02  5.44501E-07  4.94614E-07  1.84641E-06   44.23  1.44310E-06 -4.03983E-07  1.12125E-06

           GRD      88 -5.000E-02  4.88115E-07  4.88115E-07  1.86240E-06   45.00  1.41932E-06 -4.43086E-07  1.12342E-06 -1.09503E-07  1.09503E-07 -0.2E+01(1)
                        5.000E-02  5.44862E-07  5.44862E-07  1.79580E-06   45.00  1.44276E-06 -3.53039E-07  1.09859E-06

       43  CENTER      -5.000E-02  5.10480E-07  5.10480E-07  1.88308E-06   45.00  1.45202E-06 -4.31061E-07  1.13922E-06 -4.75608E-09  4.75608E-09
                        5.000E-02  5.37137E-07  5.37137E-07  1.87886E-06   45.00  1.47657E-06 -4.02292E-07  1.14234E-06

           GRD       6 -5.000E-02  5.22999E-07  4.87658E-07  1.86364E-06   44.46  1.43731E-06 -4.26657E-07  1.12766E-06  1.18048E-07  1.27358E-07 -0.2E+01(1)
                        5.000E-02  5.19217E-07  5.44410E-07  1.85947E-06   45.39  1.46163E-06 -3.98005E-07  1.13069E-06

           GRD       5 -5.000E-02  5.23254E-07  5.23254E-07  1.82778E-06   45.00  1.43715E-06 -3.90638E-07  1.11143E-06  1.21075E-07 -1.21075E-07  0.2E+01(1)
                        5.000E-02  5.19035E-07  5.19035E-07  1.88502E-06   45.00  1.46155E-06 -4.23476E-07  1.14200E-06

           GRD      15 -5.000E-02  4.87658E-07  5.22999E-07  1.86364E-06   45.54  1.43731E-06 -4.26657E-07  1.12766E-06 -1.27358E-07 -1.18048E-07  0.2E+01(1)
                        5.000E-02  5.44410E-07  5.19217E-07  1.85947E-06   44.61  1.46163E-06 -3.98005E-07  1.13069E-06

           GRD      11 -5.000E-02  4.87402E-07  4.87402E-07  1.89949E-06   45.00  1.43715E-06 -4.62342E-07  1.14379E-06 -1.30386E-07  1.30386E-07 -0.2E+01(1)
                        5.000E-02  5.44592E-07  5.44592E-07  1.83391E-06   45.00  1.46155E-06 -3.72363E-07  1.11932E-06

       44  CENTER      -5.000E-02  5.16180E-07  5.16180E-07 -1.78910E-06  -45.00  1.41073E-06 -3.78369E-07  1.08875E-06  1.69382E-08  1.69382E-08
                        5.000E-02  5.20026E-07  5.20026E-07 -1.82834E-06  -45.00  1.43420E-06 -3.94146E-07  1.11107E-06

           GRD      31 -5.000E-02  4.51165E-07  4.51165E-07 -1.89045E-06  -45.00  1.39639E-06 -4.94061E-07  1.13214E-06 -1.26640E-07 -1.26640E-07  0.2E+01(2)
                        5.000E-02  5.88623E-07  5.88623E-07 -1.66175E-06  -45.00  1.41950E-06 -2.42249E-07  1.03656E-06

           GRD      36 -5.000E-02  4.52018E-07  5.70129E-07 -1.77063E-06  -46.91  1.39836E-06 -3.76211E-07  1.07971E-06 -1.23192E-07  1.56350E-07 -0.2E+01(2)
                        5.000E-02  5.87571E-07  4.41944E-07 -1.80948E-06  -42.70  1.42242E-06 -3.92906E-07  1.10283E-06

           GRD      30 -5.000E-02  5.70982E-07  5.70982E-07 -1.65082E-06  -45.00  1.39639E-06 -2.54426E-07  1.02630E-06  1.59798E-07  1.59798E-07 -0.2E+01(2)
                        5.000E-02  4.40892E-07  4.40892E-07 -1.95721E-06  -45.00  1.41950E-06 -5.37713E-07  1.16760E-06

           GRD      16 -5.000E-02  5.70129E-07  4.52018E-07 -1.77063E-06  -43.09  1.39836E-06 -3.76211E-07  1.07971E-06  1.56350E-07 -1.23192E-07  0.2E+01(2)
                        5.000E-02  4.41944E-07  5.87571E-07 -1.80948E-06  -47.30  1.42242E-06 -3.92906E-07  1.10283E-06

       45  CENTER      -5.000E-02  5.27037E-07  5.27037E-07  1.79757E-06   45.00  1.42582E-06 -3.71746E-07  1.09569E-06 -1.20730E-07  1.20730E-07
                        5.000E-02  5.05493E-07  5.05493E-07  1.88829E-06   45.00  1.44964E-06 -4.38653E-07  1.14110E-06

           GRD      75 -5.000E-02  4.74202E-07  5.69702E-07  1.77901E-06   46.54  1.41274E-06 -3.68835E-07  1.08586E-06 -2.00315E-07  3.60253E-08 -0.2E+01(1)
                        5.000E-02  5.58992E-07  4.41511E-07  1.86880E-06   43.20  1.43649E-06 -4.35992E-07  1.13135E-06

           GRD      91 -5.000E-02  4.73512E-07  4.73512E-07  1.87589E-06   45.00  1.41146E-06 -4.64435E-07  1.12811E-06 -2.02342E-07  2.02342E-07  0.2E+01(1)
                        5.000E-02  5.59841E-07  5.59841E-07  1.74962E-06   45.00  1.43465E-06 -3.14968E-07  1.07689E-06

           GRD      84 -5.000E-02  5.69702E-07  4.74202E-07  1.77901E-06   43.46  1.41274E-06 -3.68835E-07  1.08586E-06 -3.60253E-08  2.00315E-07  0.2E+01(1)
                        5.000E-02  4.41511E-07  5.58992E-07  1.86880E-06   46.80  1.43649E-06 -4.35992E-07  1.13135E-06

           GRD      90 -5.000E-02  5.70392E-07  5.70392E-07  1.68213E-06   45.00  1.41146E-06 -2.70675E-07  1.04297E-06 -3.39986E-08  3.39986E-08 -0.2E+01(1)
                        5.000E-02  4.40662E-07  4.40662E-07  1.98798E-06   45.00  1.43465E-06 -5.53327E-07  1.18476E-06

       46  CENTER      -5.000E-02  5.10480E-07  5.10480E-07  1.88308E-06   45.00  1.45202E-06 -4.31061E-07  1.13922E-06  4.75608E-09 -4.75608E-09
                        5.000E-02  5.37137E-07  5.37137E-07  1.87886E-06   45.00  1.47657E-06 -4.02292E-07  1.14234E-06

           GRD      83 -5.000E-02  4.87658E-07  5.22999E-07  1.86364E-06   45.54  1.43731E-06 -4.26657E-07  1.12766E-06  1.27358E-07  1.18048E-07 -0.8E+01(6)
                        5.000E-02  5.44410E-07  5.19217E-07  1.85947E-06   44.61  1.46163E-06 -3.98005E-07  1.13069E-06

           GRD      79 -5.000E-02  4.87402E-07  4.87402E-07  1.89949E-06   45.00  1.43715E-06 -4.62342E-07  1.14379E-06  1.30386E-07 -1.30386E-07  0.8E+01(6)
                        5.000E-02  5.44592E-07  5.44592E-07  1.83391E-06   45.00  1.46155E-06 -3.72363E-07  1.11932E-06

           GRD      88 -5.000E-02  5.22999E-07  4.87658E-07  1.86364E-06   44.46  1.43731E-06 -4.26657E-07  1.12766E-06 -1.18048E-07 -1.27358E-07  0.8E+01(6)
                        5.000E-02  5.19217E-07  5.44410E-07  1.85947E-06   45.39  1.46163E-06 -3.98005E-07  1.13069E-06

           GRD      87 -5.000E-02  5.23254E-07  5.23254E-07  1.82778E-06   45.00  1.43715E-06 -3.90638E-07  1.11143E-06 -1.21075E-07  1.21075E-07 -0.8E+01(6)
                        5.000E-02  5.19035E-07  5.19035E-07  1.88502E-06   45.00  1.46155E-06 -4.23476E-07  1.14200E-06

       47  CENTER      -5.000E-02  5.06040E-07  5.06040E-07  1.92343E-06   45.00  1.46775E-06 -4.55673E-07  1.16060E-06  5.66312E-09 -5.66312E-09
                        5.000E-02  5.46152E-07  5.46152E-07  1.89323E-06   45.00  1.49277E-06 -4.00463E-07  1.15210E-06

           GRD      22 -5.000E-02  4.49901E-07  5.51839E-07  1.90356E-06   46.53  1.45401E-06 -4.52273E-07  1.15013E-06  1.27919E-07  1.16833E-07 -0.2E+01(1)
                        5.000E-02  5.87169E-07  4.94443E-07  1.87369E-06   43.58  1.47880E-06 -3.97185E-07  1.14153E-06

           GRD      25 -5.000E-02  4.49165E-07  4.49165E-07  2.00697E-06   45.00  1.45265E-06 -5.54321E-07  1.19679E-06  1.30938E-07 -1.30938E-07  0.2E+01(1)
                        5.000E-02  5.87839E-07  5.87839E-07  1.77962E-06   45.00  1.47765E-06 -3.01973E-07  1.09967E-06

           GRD      86 -5.000E-02  5.51839E-07  4.49901E-07  1.90356E-06   43.47  1.45401E-06 -4.52273E-07  1.15013E-06 -1.16833E-07 -1.27919E-07  0.2E+01(1)
                        5.000E-02  4.94443E-07  5.87169E-07  1.87369E-06   46.42  1.47880E-06 -3.97185E-07  1.14153E-06

           GRD      79 -5.000E-02  5.52576E-07  5.52576E-07  1.80015E-06   45.00  1.45265E-06 -3.47498E-07  1.10267E-06 -1.19852E-07  1.19852E-07 -0.2E+01(1)
                        5.000E-02  4.93773E-07  4.93773E-07  1.96776E-06   45.00  1.47765E-06 -4.90104E-07  1.18281E-06

       48  CENTER      -5.000E-02  5.10480E-07  5.10480E-07  1.88308E-06   45.00  1.45202E-06 -4.31061E-07  1.13922E-06  4.75608E-09 -4.75608E-09
                        5.000E-02  5.37137E-07  5.37137E-07  1.87886E-06   45.00  1.47657E-06 -4.02292E-07  1.14234E-06

           GRD      10 -5.000E-02  4.87658E-07  5.22999E-07  1.86364E-06   45.54  1.43731E-06 -4.26657E-07  1.12766E-06  1.27358E-07  1.18048E-07 -0.8E+01(6)
                        5.000E-02  5.44410E-07  5.19217E-07  1.85947E-06   44.61  1.46163E-06 -3.98005E-07  1.13069E-06

           GRD      38 -5.000E-02  4.87402E-07  4.87402E-07  1.89949E-06   45.00  1.43715E-06 -4.62342E-07  1.14379E-06  1.30386E-07 -1.30386E-07  0.8E+01(6)
                        5.000E-02  5.44592E-07  5.44592E-07  1.83391E-06   45.00  1.46155E-06 -3.72363E-07  1.11932E-06

           GRD      44 -5.000E-02  5.22999E-07  4.87658E-07  1.86364E-06   44.46  1.43731E-06 -4.26657E-07  1.12766E-06 -1.18048E-07 -1.27358E-07  0.8E+01(6)
                        5.000E-02  5.19217E-07  5.44410E-07  1.85947E-06   45.39  1.46163E-06 -3.98005E-07  1.13069E-06

           GRD       7 -5.000E-02  5.23254E-07  5.23254E-07  1.82778E-06   45.00  1.43715E-06 -3.90638E-07  1.11143E-06 -1.21075E-07  1.21075E-07 -0.8E+01(6)
                        5.000E-02  5.19035E-07  5.19035E-07  1.88502E-06   45.00  1.46155E-06 -4.23476E-07  1.14200E-06

       49  CENTER      -5.000E-02  5.13007E-07  5.13007E-07  1.87242E-06   45.00  1.44922E-06 -4.23202E-07  1.13385E-06 -8.20253E-18 -8.23475E-18
                        5.000E-02  5.35146E-07  5.35146E-07  1.87702E-06   45.00  1.47365E-06 -4.03362E-07  1.14091E-06

           GRD       9 -5.000E-02  5.07851E-07  5.07851E-07  1.85308E-06   45.00  1.43439E-06 -4.18691E-07  1.12217E-06  1.19478E-07  1.19478E-07 -0.7E+01(6)
                        5.000E-02  5.29819E-07  5.29819E-07  1.85764E-06   45.00  1.45864E-06 -3.99002E-07  1.12918E-06

           GRD      34 -5.000E-02  5.07851E-07  5.07851E-07  1.85308E-06   45.00  1.43439E-06 -4.18691E-07  1.12217E-06  1.22425E-07 -1.22425E-07  0.7E+01(6)
                        5.000E-02  5.29819E-07  5.29819E-07  1.85764E-06   45.00  1.45864E-06 -3.99002E-07  1.12918E-06

           GRD      63 -5.000E-02  5.07851E-07  5.07851E-07  1.85308E-06   45.00  1.43439E-06 -4.18691E-07  1.12217E-06 -1.19478E-07 -1.19478E-07  0.7E+01(6)
                        5.000E-02  5.29819E-07  5.29819E-07  1.85764E-06   45.00  1.45864E-06 -3.99002E-07  1.12918E-06

           GRD      18 -5.000E-02  5.07851E-07  5.07851E-07  1.85308E-06   45.00  1.43439E-06 -4.18691E-07  1.12217E-06 -1.22425E-07  1.22425E-07 -0.7E+01(6)
                        5.000E-02  5.29819E-07  5.29819E-07  1.85764E-06   45.00  1.45864E-06 -3.99002E-07  1.12918E-06

       50  CENTER      -5.000E-02  5.10480E-07  5.10480E-07  1.88308E-06   45.00  1.45202E-06 -4.31061E-07  1.13922E-06 -4.75608E-09  4.75608E-09
                        5.000E-02  5.37137E-07  5.37137E-07  1.87886E-06   45.00  1.47657E-06 -4.02292E-07  1.14234E-06

           GRD      15 -5.000E-02  5.22999E-07  4.87658E-07  1.86364E-06   44.46  1.43731E-06 -4.26657E-07  1.12766E-06  1.18048E-07  1.27358E-07 -0.2E+01(2)
                        5.000E-02  5.19217E-07  5.44410E-07  1.85947E-06   45.39  1.46163E-06 -3.98005E-07  1.13069E-06

           GRD      18 -5.000E-02  5.23254E-07  5.23254E-07  1.82778E-06   45.00  1.43715E-06 -3.90638E-07  1.11143E-06  1.21075E-07 -1.21075E-07  0.2E+01(2)
                        5.000E-02  5.19035E-07  5.19035E-07  1.88502E-06   45.00  1.46155E-06 -4.23476E-07  1.14200E-06

           GRD      64 -5.000E-02  4.87658E-07  5.22999E-07  1.86364E-06   45.54  1.43731E-06 -4.26657E-07  1.12766E-06 -1.27358E-07 -1.18048E-07  0.2E+01(2)
                        5.000E-02  5.44410E-07  5.19217E-07  1.85947E-06   44.61  1.46163E-06 -3.98005E-07  1.13069E-06

           GRD      62 -5.000E-02  4.87402E-07  4.87402E-07  1.89949E-06   45.00  1.43715E-06 -4.62342E-07  1.14379E-06 -1.30386E-07  1.30386E-07 -0.2E+01(2)
                        5.000E-02  5.44592E-07  5.44592E-07  1.83391E-06   45.00  1.46155E-06 -3.72363E-07  1.11932E-06

       51  CENTER      -5.000E-02  5.21110E-07  5.21110E-07 -1.84002E-06  -45.00  1.44112E-06 -3.98901E-07  1.11770E-06  2.23460E-09  2.23460E-09
                        5.000E-02  5.29916E-07  5.29916E-07 -1.87067E-06  -45.00  1.46525E-06 -4.05418E-07  1.13634E-06

           GRD      64 -5.000E-02  5.23691E-07  5.23691E-07 -1.80551E-06  -45.00  1.42645E-06 -3.79066E-07  1.09933E-06 -1.05631E-07 -1.05631E-07 -0.2E+01(6)
                        5.000E-02  5.19203E-07  5.19203E-07 -1.86211E-06  -45.00  1.45026E-06 -4.11850E-07  1.12943E-06

           GRD      18 -5.000E-02  5.23581E-07  5.08288E-07 -1.82103E-06  -44.76  1.42648E-06 -3.94612E-07  1.10624E-06 -1.03035E-07  1.07409E-07  0.2E+01(6)
                        5.000E-02  5.19280E-07  5.29869E-07 -1.85136E-06  -45.16  1.45027E-06 -4.01122E-07  1.12466E-06

           GRD      63 -5.000E-02  5.08177E-07  5.08177E-07 -1.83654E-06  -45.00  1.42645E-06 -4.10093E-07  1.11314E-06  1.10005E-07  1.10005E-07  0.2E+01(6)
                        5.000E-02  5.29946E-07  5.29946E-07 -1.84062E-06  -45.00  1.45026E-06 -3.90364E-07  1.11987E-06

           GRD      99 -5.000E-02  5.08288E-07  5.23581E-07 -1.82103E-06  -45.24  1.42648E-06 -3.94612E-07  1.10624E-06  1.07409E-07 -1.03035E-07 -0.2E+01(6)
                        5.000E-02  5.29869E-07  5.19280E-07 -1.85136E-06  -44.84  1.45027E-06 -4.01122E-07  1.12466E-06

       52  CENTER      -5.000E-02  5.13007E-07  5.13007E-07 -1.87242E-06  -45.00  1.44922E-06 -4.23202E-07  1.13385E-06  4.84166E-18 -5.17949E-18
                        5.000E-02  5.35146E-07  5.35146E-07 -1.87702E-06  -45.00  1.47365E-06 -4.03362E-07  1.14091E-06

           GRD      61 -5.000E-02  5.07851E-07  5.07851E-07 -1.85308E-06  -45.00  1.43439E-06 -4.18691E-07  1.12217E-06 -1.22425E-07 -1.22425E-07 -0.7E+01(6)
                        5.000E-02  5.29819E-07  5.29819E-07 -1.85764E-06  -45.00  1.45864E-06 -3.99002E-07  1.12918E-06

           GRD       3 -5.000E-02  5.07851E-07  5.07851E-07 -1.85308E-06  -45.00  1.43439E-06 -4.18691E-07  1.12217E-06 -1.19478E-07  1.19478E-07  0.7E+01(6)
                        5.000E-02  5.29819E-07  5.29819E-07 -1.85764E-06  -45.00  1.45864E-06 -3.99002E-07  1.12918E-06

           GRD      55 -5.000E-02  5.07851E-07  5.07851E-07 -1.85308E-06  -45.00  1.43439E-06 -4.18691E-07  1.12217E-06  1.22425E-07  1.22425E-07  0.7E+01(6)
                        5.000E-02  5.29819E-07  5.29819E-07 -1.85764E-06  -45.00  1.45864E-06 -3.99002E-07  1.12918E-06

           GRD      97 -5.000E-02  5.07851E-07  5.07851E-07 -1.85308E-06  -45.00  1.43439E-06 -4.18691E-07  1.12217E-06  1.19478E-07 -1.19478E-07 -0.7E+01(6)
                        5.000E-02  5.29819E-07  5.29819E-07 -1.85764E-06  -45.00  1.45864E-06 -3.99002E-07  1.12918E-06

       53  CENTER      -5.000E-02  5.10480E-07  5.10480E-07 -1.88308E-06  -45.00  1.45202E-06 -4.31061E-07  1.13922E-06 -4.75608E-09 -4.75608E-09
                        5.000E-02  5.37137E-07  5.37137E-07 -1.87886E-06  -45.00  1.47657E-06 -4.02292E-07  1.14234E-06

           GRD      98 -5.000E-02  4.87402E-07  4.87402E-07 -1.89949E-06  -45.00  1.43715E-06 -4.62342E-07  1.14379E-06 -1.30386E-07 -1.30386E-07  0.2E+01(1)
                        5.000E-02  5.44592E-07  5.44592E-07 -1.83391E-06  -45.00  1.46155E-06 -3.72363E-07  1.11932E-06

           GRD      69 -5.000E-02  4.87658E-07  5.22999E-07 -1.86364E-06  -45.54  1.43731E-06 -4.26657E-07  1.12766E-06 -1.27358E-07  1.18048E-07 -0.2E+01(1)
                        5.000E-02  5.44410E-07  5.19217E-07 -1.85947E-06  -44.61  1.46163E-06 -3.98005E-07  1.13069E-06

           GRD      61 -5.000E-02  5.23254E-07  5.23254E-07 -1.82778E-06  -45.00  1.43715E-06 -3.90638E-07  1.11143E-06  1.21075E-07  1.21075E-07 -0.2E+01(1)
                        5.000E-02  5.19035E-07  5.19035E-07 -1.88502E-06  -45.00  1.46155E-06 -4.23476E-07  1.14200E-06

           GRD       2 -5.000E-02  5.22999E-07  4.87658E-07 -1.86364E-06  -44.46  1.43731E-06 -4.26657E-07  1.12766E-06  1.18048E-07 -1.27358E-07  0.2E+01(1)
                        5.000E-02  5.19217E-07  5.44410E-07 -1.85947E-06  -45.39  1.46163E-06 -3.98005E-07  1.13069E-06

       54  CENTER      -5.000E-02  5.13007E-07  5.13007E-07  1.87242E-06   45.00  1.44922E-06 -4.23202E-07  1.13385E-06  3.54538E-19  2.49624E-19
                        5.000E-02  5.35146E-07  5.35146E-07  1.87702E-06   45.00  1.47365E-06 -4.03362E-07  1.14091E-06

           GRD      97 -5.000E-02  5.07851E-07  5.07851E-07  1.85308E-06   45.00  1.43439E-06 -4.18691E-07  1.12217E-06  1.19478E-07  1.19478E-07 -0.7E+01(6)
                        5.000E-02  5.29819E-07  5.29819E-07  1.85764E-06   45.00  1.45864E-06 -3.99002E-07  1.12918E-06

           GRD      58 -5.000E-02  5.07851E-07  5.07851E-07  1.85308E-06   45.00  1.43439E-06 -4.18691E-07  1.12217E-06  1.22425E-07 -1.22425E-07  0.7E+01(6)
                        5.000E-02  5.29819E-07  5.29819E-07  1.85764E-06   45.00  1.45864E-06 -3.99002E-07  1.12918E-06

           GRD      70 -5.000E-02  5.07851E-07  5.07851E-07  1.85308E-06   45.00  1.43439E-06 -4.18691E-07  1.12217E-06 -1.19478E-07 -1.19478E-07  0.7E+01(6)
                        5.000E-02  5.29819E-07  5.29819E-07  1.85764E-06   45.00  1.45864E-06 -3.99002E-07  1.12918E-06

           GRD      85 -5.000E-02  5.07851E-07  5.07851E-07  1.85308E-06   45.00  1.43439E-06 -4.18691E-07  1.12217E-06 -1.22425E-07  1.22425E-07 -0.7E+01(6)
                        5.000E-02  5.29819E-07  5.29819E-07  1.85764E-06   45.00  1.45864E-06 -3.99002E-07  1.12918E-06

       55  CENTER      -5.000E-02  5.10480E-07  5.10480E-07  1.88308E-06   45.00  1.45202E-06 -4.31061E-07  1.13922E-06 -4.75608E-09  4.75608E-09
                        5.000E-02  5.37137E-07  5.37137E-07  1.87886E-06   45.00  1.47657E-06 -4.02292E-07  1.14234E-06

           GRD      68 -5.000E-02  5.22999E-07  4.87658E-07  1.86364E-06   44.46  1.43731E-06 -4.26657E-07  1.12766E-06  1.18048E-07  1.27358E-07 -0.2E+01(1)
                        5.000E-02  5.19217E-07  5.44410E-07  1.85947E-06   45.39  1.46163E-06 -3.98005E-07  1.13069E-06

           GRD      40 -5.000E-02  5.23254E-07  5.23254E-07  1.82778E-06   45.00  1.43715E-06 -3.90638E-07  1.11143E-06  1.21075E-07 -1.21075E-07  0.2E+01(1)
                        5.000E-02  5.19035E-07  5.19035E-07  1.88502E-06   45.00  1.46155E-06 -4.23476E-07  1.14200E-06

           GRD      26 -5.000E-02  4.87658E-07  5.22999E-07  1.86364E-06   45.54  1.43731E-06 -4.26657E-07  1.12766E-06 -1.27358E-07 -1.18048E-07  0.2E+01(1)
                        5.000E-02  5.44410E-07  5.19217E-07  1.85947E-06   44.61  1.46163E-06 -3.98005E-07  1.13069E-06

           GRD      19 -5.000E-02  4.87402E-07  4.87402E-07  1.89949E-06   45.00  1.43715E-06 -4.62342E-07  1.14379E-06 -1.30386E-07  1.30386E-07 -0.2E+01(1)
                        5.000E-02  5.44592E-07  5.44592E-07  1.83391E-06   45.00  1.46155E-06 -3.72363E-07  1.11932E-06

       56  CENTER      -5.000E-02  5.10480E-07  5.10480E-07  1.88308E-06   45.00  1.45202E-06 -4.31061E-07  1.13922E-06  4.75608E-09 -4.75608E-09
                        5.000E-02  5.37137E-07  5.37137E-07  1.87886E-06   45.00  1.47657E-06 -4.02292E-07  1.14234E-06

           GRD      42 -5.000E-02  4.87658E-07  5.22999E-07  1.86364E-06   45.54  1.43731E-06 -4.26657E-07  1.12766E-06  1.27358E-07  1.18048E-07 -0.8E+01(6)
                        5.000E-02  5.44410E-07  5.19217E-07  1.85947E-06   44.61  1.46163E-06 -3.98005E-07  1.13069E-06

           GRD      23 -5.000E-02  4.87402E-07  4.87402E-07  1.89949E-06   45.00  1.43715E-06 -4.62342E-07  1.14379E-06  1.30386E-07 -1.30386E-07  0.8E+01(6)
                        5.000E-02  5.44592E-07  5.44592E-07  1.83391E-06   45.00  1.46155E-06 -3.72363E-07  1.11932E-06

           GRD      83 -5.000E-02  5.22999E-07  4.87658E-07  1.86364E-06   44.46  1.43731E-06 -4.26657E-07  1.12766E-06 -1.18048E-07 -1.27358E-07  0.8E+01(6)
                        5.000E-02  5.19217E-07  5.44410E-07  1.85947E-06   45.39  1.46163E-06 -3.98005E-07  1.13069E-06

           GRD      41 -5.000E-02  5.23254E-07  5.23254E-07  1.82778E-06   45.00  1.43715E-06 -3.90638E-07  1.11143E-06 -1.21075E-07  1.21075E-07 -0.8E+01(6)
                        5.000E-02  5.19035E-07  5.19035E-07  1.88502E-06   45.00  1.46155E-06 -4.23476E-07  1.14200E-06

       57  CENTER      -5.000E-02  5.06040E-07  5.06040E-07  1.92343E-06   45.00  1.46775E-06 -4.55673E-07  1.16060E-06  5.66312E-09 -5.66312E-09
                        5.000E-02  5.46152E-07  5.46152E-07  1.89323E-06   45.00  1.49277E-06 -4.00463E-07  1.15210E-06

           GRD      45 -5.000E-02  4.49901E-07  5.51839E-07  1.90356E-06   46.53  1.45401E-06 -4.52273E-07  1.15013E-06  1.27919E-07  1.16833E-07 -0.2E+01(2)
                        5.000E-02  5.87169E-07  4.94443E-07  1.87369E-06   43.58  1.47880E-06 -3.97185E-07  1.14153E-06

           GRD      48 -5.000E-02  4.49165E-07  4.49165E-07  2.00697E-06   45.00  1.45265E-06 -5.54321E-07  1.19679E-06  1.30938E-07 -1.30938E-07  0.2E+01(2)
                        5.000E-02  5.87839E-07  5.87839E-07  1.77962E-06   45.00  1.47765E-06 -3.01973E-07  1.09967E-06

           GRD      76 -5.000E-02  5.51839E-07  4.49901E-07  1.90356E-06   43.47  1.45401E-06 -4.52273E-07  1.15013E-06 -1.16833E-07 -1.27919E-07  0.2E+01(2)
                        5.000E-02  4.94443E-07  5.87169E-07  1.87369E-06   46.42  1.47880E-06 -3.97185E-07  1.14153E-06

           GRD      72 -5.000E-02  5.52576E-07  5.52576E-07  1.80015E-06   45.00  1.45265E-06 -3.47498E-07  1.10267E-06 -1.19852E-07  1.19852E-07 -0.2E+01(2)
                        5.000E-02  4.93773E-07  4.93773E-07  1.96776E-06   45.00  1.47765E-06 -4.90104E-07  1.18281E-06

       58  CENTER      -5.000E-02  5.21110E-07  5.21110E-07  1.84002E-06   45.00  1.44112E-06 -3.98901E-07  1.11770E-06 -2.23460E-09  2.23460E-09
                        5.000E-02  5.29916E-07  5.29916E-07  1.87067E-06   45.00  1.46525E-06 -4.05418E-07  1.13634E-06

           GRD      77 -5.000E-02  5.23581E-07  5.08288E-07  1.82103E-06   44.76  1.42648E-06 -3.94612E-07  1.10624E-06  1.03035E-07  1.07409E-07 -0.2E+01(1)
                        5.000E-02  5.19280E-07  5.29869E-07  1.85136E-06   45.16  1.45027E-06 -4.01122E-07  1.12466E-06

           GRD      78 -5.000E-02  5.23691E-07  5.23691E-07  1.80551E-06   45.00  1.42645E-06 -3.79066E-07  1.09933E-06  1.05631E-07 -1.05631E-07  0.2E+01(1)
                        5.000E-02  5.19203E-07  5.19203E-07  1.86211E-06   45.00  1.45026E-06 -4.11850E-07  1.12943E-06

           GRD      34 -5.000E-02  5.08288E-07  5.23581E-07  1.82103E-06   45.24  1.42648E-06 -3.94612E-07  1.10624E-06 -1.07409E-07 -1.03035E-07  0.2E+01(1)
                        5.000E-02  5.29869E-07  5.19280E-07  1.85136E-06   44.84  1.45027E-06 -4.01122E-07  1.12466E-06

           GRD       9 -5.000E-02  5.08177E-07  5.08177E-07  1.83654E-06   45.00  1.42645E-06 -4.10093E-07  1.11314E-06 -1.10005E-07  1.10005E-07 -0.2E+01(1)
                        5.000E-02  5.29946E-07  5.29946E-07  1.84062E-06   45.00  1.45026E-06 -3.90364E-07  1.11987E-06

       59  CENTER      -5.000E-02  5.06040E-07  5.06040E-07  1.92343E-06   45.00  1.46775E-06 -4.55673E-07  1.16060E-06  5.66312E-09 -5.66312E-09
                        5.000E-02  5.46152E-07  5.46152E-07  1.89323E-06   45.00  1.49277E-06 -4.00463E-07  1.15210E-06

           GRD      31 -5.000E-02  4.49901E-07  5.51839E-07  1.90356E-06   46.53  1.45401E-06 -4.52273E-07  1.15013E-06  1.27919E-07  1.16833E-07 -0.2E+01(2)
                        5.000E-02  5.87169E-07  4.94443E-07  1.87369E-06   43.58  1.47880E-06 -3.97185E-07  1.14153E-06

           GRD      16 -5.000E-02  4.49165E-07  4.49165E-07  2.00697E-06   45.00  1.45265E-06 -5.54321E-07  1.19679E-06  1.30938E-07 -1.30938E-07  0.2E+01(2)
                        5.000E-02  5.87839E-07  5.87839E-07  1.77962E-06   45.00  1.47765E-06 -3.01973E-07  1.09967E-06

           GRD      22 -5.000E-02  5.51839E-07  4.49901E-07  1.90356E-06   43.47  1.45401E-06 -4.52273E-07  1.15013E-06 -1.16833E-07 -1.27919E-07  0.2E+01(2)
                        5.000E-02  4.94443E-07  5.87169E-07  1.87369E-06   46.42  1.47880E-06 -3.97185E-07  1.14153E-06

           GRD      23 -5.000E-02  5.52576E-07  5.52576E-07  1.80015E-06   45.00  1.45265E-06 -3.47498E-07  1.10267E-06 -1.19852E-07  1.19852E-07 -0.2E+01(2)
                        5.000E-02  4.93773E-07  4.93773E-07  1.96776E-06   45.00  1.47765E-06 -4.90104E-07  1.18281E-06

       60  CENTER      -5.000E-02  5.26160E-07  5.26160E-07  1.81541E-06   45.00  1.43386E-06 -3.81544E-07  1.10526E-06 -7.15329E-09  7.15329E-09
                        5.000E-02  5.24900E-07  5.24900E-07  1.86566E-06   45.00  1.45773E-06 -4.07931E-07  1.13256E-06

           GRD      33 -5.000E-02  5.53378E-07  4.88583E-07  1.79667E-06   43.97  1.41990E-06 -3.77940E-07  1.09455E-06  9.30315E-08  1.07035E-07 -0.2E+01(1)
                        5.000E-02  4.94614E-07  5.44501E-07  1.84641E-06   45.77  1.44310E-06 -4.03983E-07  1.12125E-06

           GRD      54 -5.000E-02  5.53846E-07  5.53846E-07  1.73094E-06   45.00  1.41932E-06 -3.11625E-07  1.06539E-06  9.54996E-08 -9.54996E-08  0.2E+01(1)
                        5.000E-02  4.94254E-07  4.94254E-07  1.89702E-06   45.00  1.44276E-06 -4.54254E-07  1.14373E-06

           GRD      46 -5.000E-02  4.88583E-07  5.53378E-07  1.79667E-06   46.03  1.41990E-06 -3.77940E-07  1.09455E-06 -1.07035E-07 -9.30315E-08  0.2E+01(1)
                        5.000E-02  5.44501E-07  4.94614E-07  1.84641E-06   44.23  1.44310E-06 -4.03983E-07  1.12125E-06

           GRD      59 -5.000E-02  4.88115E-07  4.88115E-07  1.86240E-06   45.00  1.41932E-06 -4.43086E-07  1.12342E-06 -1.09503E-07  1.09503E-07 -0.2E+01(1)
                        5.000E-02  5.44862E-07  5.44862E-07  1.79580E-06   45.00  1.44276E-06 -3.53039E-07  1.09859E-06

       61  CENTER      -5.000E-02  5.10480E-07  5.10480E-07  1.88308E-06   45.00  1.45202E-06 -4.31061E-07  1.13922E-06  4.75608E-09 -4.75608E-09
                        5.000E-02  5.37137E-07  5.37137E-07  1.87886E-06   45.00  1.47657E-06 -4.02292E-07  1.14234E-06

           GRD      59 -5.000E-02  4.87658E-07  5.22999E-07  1.86364E-06   45.54  1.43731E-06 -4.26657E-07  1.12766E-06  1.27358E-07  1.18048E-07 -0.8E+01(6)
                        5.000E-02  5.44410E-07  5.19217E-07  1.85947E-06   44.61  1.46163E-06 -3.98005E-07  1.13069E-06

           GRD      46 -5.000E-02  4.87402E-07  4.87402E-07  1.89949E-06   45.00  1.43715E-06 -4.62342E-07  1.14379E-06  1.30386E-07 -1.30386E-07  0.8E+01(6)
                        5.000E-02  5.44592E-07  5.44592E-07  1.83391E-06   45.00  1.46155E-06 -3.72363E-07  1.11932E-06

           GRD      73 -5.000E-02  5.22999E-07  4.87658E-07  1.86364E-06   44.46  1.43731E-06 -4.26657E-07  1.12766E-06 -1.18048E-07 -1.27358E-07  0.8E+01(6)
                        5.000E-02  5.19217E-07  5.44410E-07  1.85947E-06   45.39  1.46163E-06 -3.98005E-07  1.13069E-06

           GRD      58 -5.000E-02  5.23254E-07  5.23254E-07  1.82778E-06   45.00  1.43715E-06 -3.90638E-07  1.11143E-06 -1.21075E-07  1.21075E-07 -0.8E+01(6)
                        5.000E-02  5.19035E-07  5.19035E-07  1.88502E-06   45.00  1.46155E-06 -4.23476E-07  1.14200E-06

       62  CENTER      -5.000E-02  5.10480E-07  5.10480E-07  1.88308E-06   45.00  1.45202E-06 -4.31061E-07  1.13922E-06  4.75608E-09 -4.75608E-09
                        5.000E-02  5.37137E-07  5.37137E-07  1.87886E-06   45.00  1.47657E-06 -4.02292E-07  1.14234E-06

           GRD      78 -5.000E-02  4.87658E-07  5.22999E-07  1.86364E-06   45.54  1.43731E-06 -4.26657E-07  1.12766E-06  1.27358E-07  1.18048E-07 -0.8E+01(6)
                        5.000E-02  5.44410E-07  5.19217E-07  1.85947E-06   44.61  1.46163E-06 -3.98005E-07  1.13069E-06

           GRD      82 -5.000E-02  4.87402E-07  4.87402E-07  1.89949E-06   45.00  1.43715E-06 -4.62342E-07  1.14379E-06  1.30386E-07 -1.30386E-07  0.8E+01(6)
                        5.000E-02  5.44592E-07  5.44592E-07  1.83391E-06   45.00  1.46155E-06 -3.72363E-07  1.11932E-06

           GRD      32 -5.000E-02  5.22999E-07  4.87658E-07  1.86364E-06   44.46  1.43731E-06 -4.26657E-07  1.12766E-06 -1.18048E-07 -1.27358E-07  0.8E+01(6)
                        5.000E-02  5.19217E-07  5.44410E-07  1.85947E-06   45.39  1.46163E-06 -3.98005E-07  1.13069E-06

           GRD      34 -5.000E-02  5.23254E-07  5.23254E-07  1.82778E-06   45.00  1.43715E-06 -3.90638E-07  1.11143E-06 -1.21075E-07  1.21075E-07 -0.8E+01(6)
                        5.000E-02  5.19035E-07  5.19035E-07  1.88502E-06   45.00  1.46155E-06 -4.23476E-07  1.14200E-06

       63  CENTER      -5.000E-02  5.21110E-07  5.21110E-07 -1.84002E-06  -45.00  1.44112E-06 -3.98901E-07  1.11770E-06 -2.23460E-09 -2.23460E-09
                        5.000E-02  5.29916E-07  5.29916E-07 -1.87067E-06  -45.00  1.46525E-06 -4.05418E-07  1.13634E-06

           GRD      63 -5.000E-02  5.08177E-07  5.08177E-07 -1.83654E-06  -45.00  1.42645E-06 -4.10093E-07  1.11314E-06 -1.10005E-07 -1.10005E-07  0.2E+01(2)
                        5.000E-02  5.29946E-07  5.29946E-07 -1.84062E-06  -45.00  1.45026E-06 -3.90364E-07  1.11987E-06

           GRD      34 -5.000E-02  5.08288E-07  5.23581E-07 -1.82103E-06  -45.24  1.42648E-06 -3.94612E-07  1.10624E-06 -1.07409E-07  1.03035E-07 -0.2E+01(2)
                        5.000E-02  5.29869E-07  5.19280E-07 -1.85136E-06  -44.84  1.45027E-06 -4.01122E-07  1.12466E-06

           GRD      32 -5.000E-02  5.23691E-07  5.23691E-07 -1.80551E-06  -45.00  1.42645E-06 -3.79066E-07  1.09933E-06  1.05631E-07  1.05631E-07 -0.2E+01(2)
                        5.000E-02  5.19203E-07  5.19203E-07 -1.86211E-06  -45.00  1.45026E-06 -4.11850E-07  1.12943E-06

           GRD      35 -5.000E-02  5.23581E-07  5.08288E-07 -1.82103E-06  -44.76  1.42648E-06 -3.94612E-07  1.10624E-06  1.03035E-07 -1.07409E-07  0.2E+01(2)
                        5.000E-02  5.19280E-07  5.29869E-07 -1.85136E-06  -45.16  1.45027E-06 -4.01122E-07  1.12466E-06

       64  CENTER      -5.000E-02  5.10480E-07  5.10480E-07  1.88308E-06   45.00  1.45202E-06 -4.31061E-07  1.13922E-06 -4.75608E-09  4.75608E-09
                        5.000E-02  5.37137E-07  5.37137E-07  1.87886E-06   45.00  1.47657E-06 -4.02292E-07  1.14234E-06

           GRD       2 -5.000E-02  5.22999E-07  4.87658E-07  1.86364E-06   44.46  1.43731E-06 -4.26657E-07  1.12766E-06  1.18048E-07  1.27358E-07 -0.2E+01(2)
                        5.000E-02  5.19217E-07  5.44410E-07  1.85947E-06   45.39  1.46163E-06 -3.98005E-07  1.13069E-06

           GRD      85 -5.000E-02  5.23254E-07  5.23254E-07  1.82778E-06   45.00  1.43715E-06 -3.90638E-07  1.11143E-06  1.21075E-07 -1.21075E-07  0.2E+01(2)
                        5.000E-02  5.19035E-07  5.19035E-07  1.88502E-06   45.00  1.46155E-06 -4.23476E-07  1.14200E-06

           GRD       6 -5.000E-02  4.87658E-07  5.22999E-07  1.86364E-06   45.54  1.43731E-06 -4.26657E-07  1.12766E-06 -1.27358E-07 -1.18048E-07  0.2E+01(2)
                        5.000E-02  5.44410E-07  5.19217E-07  1.85947E-06   44.61  1.46163E-06 -3.98005E-07  1.13069E-06

           GRD       1 -5.000E-02  4.87402E-07  4.87402E-07  1.89949E-06   45.00  1.43715E-06 -4.62342E-07  1.14379E-06 -1.30386E-07  1.30386E-07 -0.2E+01(2)
                        5.000E-02  5.44592E-07  5.44592E-07  1.83391E-06   45.00  1.46155E-06 -3.72363E-07  1.11932E-06

       65  CENTER      -5.000E-02  5.10480E-07  5.10480E-07  1.88308E-06   45.00  1.45202E-06 -4.31061E-07  1.13922E-06  4.75608E-09 -4.75608E-09
                        5.000E-02  5.37137E-07  5.37137E-07  1.87886E-06   45.00  1.47657E-06 -4.02292E-07  1.14234E-06

           GRD      73 -5.000E-02  4.87658E-07  5.22999E-07  1.86364E-06   45.54  1.43731E-06 -4.26657E-07  1.12766E-06  1.27358E-07  1.18048E-07 -0.8E+01(6)
                        5.000E-02  5.44410E-07  5.19217E-07  1.85947E-06   44.61  1.46163E-06 -3.98005E-07  1.13069E-06

           GRD      72 -5.000E-02  4.87402E-07  4.87402E-07  1.89949E-06   45.00  1.43715E-06 -4.62342E-07  1.14379E-06  1.30386E-07 -1.30386E-07  0.8E+01(6)
                        5.000E-02  5.44592E-07  5.44592E-07  1.83391E-06   45.00  1.46155E-06 -3.72363E-07  1.11932E-06

           GRD      78 -5.000E-02  5.22999E-07  4.87658E-07  1.86364E-06   44.46  1.43731E-06 -4.26657E-07  1.12766E-06 -1.18048E-07 -1.27358E-07  0.8E+01(6)
                        5.000E-02  5.19217E-07  5.44410E-07  1.85947E-06   45.39  1.46163E-06 -3.98005E-07  1.13069E-06

           GRD      77 -5.000E-02  5.23254E-07  5.23254E-07  1.82778E-06   45.00  1.43715E-06 -3.90638E-07  1.11143E-06 -1.21075E-07  1.21075E-07 -0.8E+01(6)
                        5.000E-02  5.19035E-07  5.19035E-07  1.88502E-06   45.00  1.46155E-06 -4.23476E-07  1.14200E-06

       66  CENTER      -5.000E-02  5.06040E-07  5.06040E-07  1.92343E-06   45.00  1.46775E-06 -4.55673E-07  1.16060E-06  5.66312E-09 -5.66312E-09
                        5.000E-02  5.46152E-07  5.46152E-07  1.89323E-06   45.00  1.49277E-06 -4.00463E-07  1.15210E-06

           GRD      60 -5.000E-02  4.49901E-07  5.51839E-07  1.90356E-06   46.53  1.45401E-06 -4.52273E-07  1.15013E-06  1.27919E-07  1.16833E-07 -0.2E+01(2)
                        5.000E-02  5.87169E-07  4.94443E-07  1.87369E-06   43.58  1.47880E-06 -3.97185E-07  1.14153E-06

           GRD      13 -5.000E-02  4.49165E-07  4.49165E-07  2.00697E-06   45.00  1.45265E-06 -5.54321E-07  1.19679E-06  1.30938E-07 -1.30938E-07  0.2E+01(2)
                        5.000E-02  5.87839E-07  5.87839E-07  1.77962E-06   45.00  1.47765E-06 -3.01973E-07  1.09967E-06

           GRD      65 -5.000E-02  5.51839E-07  4.49901E-07  1.90356E-06   43.47  1.45401E-06 -4.52273E-07  1.15013E-06 -1.16833E-07 -1.27919E-07  0.2E+01(2)
                        5.000E-02  4.94443E-07  5.87169E-07  1.87369E-06   46.42  1.47880E-06 -3.97185E-07  1.14153E-06

           GRD      38 -5.000E-02  5.52576E-07  5.52576E-07  1.80015E-06   45.00  1.45265E-06 -3.47498E-07  1.10267E-06 -1.19852E-07  1.19852E-07 -0.2E+01(2)
                        5.000E-02  4.93773E-07  4.93773E-07  1.96776E-06   45.00  1.47765E-06 -4.90104E-07  1.18281E-06

       67  CENTER      -5.000E-02  5.13007E-07  5.13007E-07  1.87242E-06   45.00  1.44922E-06 -4.23202E-07  1.13385E-06 -2.42900E-19 -3.64827E-19
                        5.000E-02  5.35146E-07  5.35146E-07  1.87702E-06   45.00  1.47365E-06 -4.03362E-07  1.14091E-06

           GRD      52 -5.000E-02  5.07851E-07  5.07851E-07  1.85308E-06   45.00  1.43439E-06 -4.18691E-07  1.12217E-06  1.19478E-07  1.19478E-07 -0.7E+01(6)
                        5.000E-02  5.29819E-07  5.29819E-07  1.85764E-06   45.00  1.45864E-06 -3.99002E-07  1.12918E-06

           GRD      12 -5.000E-02  5.07851E-07  5.07851E-07  1.85308E-06   45.00  1.43439E-06 -4.18691E-07  1.12217E-06  1.22425E-07 -1.22425E-07  0.7E+01(6)
                        5.000E-02  5.29819E-07  5.29819E-07  1.85764E-06   45.00  1.45864E-06 -3.99002E-07  1.12918E-06

           GRD      21 -5.000E-02  5.07851E-07  5.07851E-07  1.85308E-06   45.00  1.43439E-06 -4.18691E-07  1.12217E-06 -1.19478E-07 -1.19478E-07  0.7E+01(6)
                        5.000E-02  5.29819E-07  5.29819E-07  1.85764E-06   45.00  1.45864E-06 -3.99002E-07  1.12918E-06

           GRD      40 -5.000E-02  5.07851E-07  5.07851E-07  1.85308E-06   45.00  1.43439E-06 -4.18691E-07  1.12217E-06 -1.22425E-07  1.22425E-07 -0.7E+01(6)
                        5.000E-02  5.29819E-07  5.29819E-07  1.85764E-06   45.00  1.45864E-06 -3.99002E-07  1.12918E-06

       68  CENTER      -5.000E-02  5.10480E-07  5.10480E-07 -1.88308E-06  -45.00  1.45202E-06 -4.31061E-07  1.13922E-06 -4.75608E-09 -4.75608E-09
                        5.000E-02  5.37137E-07  5.37137E-07 -1.87886E-06  -45.00  1.47657E-06 -4.02292E-07  1.14234E-06

           GRD      93 -5.000E-02  4.87402E-07  4.87402E-07 -1.89949E-06  -45.00  1.43715E-06 -4.62342E-07  1.14379E-06 -1.30386E-07 -1.30386E-07  0.2E+01(1)
                        5.000E-02  5.44592E-07  5.44592E-07 -1.83391E-06  -45.00  1.46155E-06 -3.72363E-07  1.11932E-06

           GRD      64 -5.000E-02  4.87658E-07  5.22999E-07 -1.86364E-06  -45.54  1.43731E-06 -4.26657E-07  1.12766E-06 -1.27358E-07  1.18048E-07 -0.2E+01(1)
                        5.000E-02  5.44410E-07  5.19217E-07 -1.85947E-06  -44.61  1.46163E-06 -3.98005E-07  1.13069E-06

           GRD      99 -5.000E-02  5.23254E-07  5.23254E-07 -1.82778E-06  -45.00  1.43715E-06 -3.90638E-07  1.11143E-06  1.21075E-07  1.21075E-07 -0.2E+01(1)
                        5.000E-02  5.19035E-07  5.19035E-07 -1.88502E-06  -45.00  1.46155E-06 -4.23476E-07  1.14200E-06

           GRD       4 -5.000E-02  5.22999E-07  4.87658E-07 -1.86364E-06  -44.46  1.43731E-06 -4.26657E-07  1.12766E-06  1.18048E-07 -1.27358E-07  0.2E+01(1)
                        5.000E-02  5.19217E-07  5.44410E-07 -1.85947E-06  -45.39  1.46163E-06 -3.98005E-07  1.13069E-06

       69  CENTER      -5.000E-02  5.10480E-07  5.10480E-07  1.88308E-06   45.00  1.45202E-06 -4.31061E-07  1.13922E-06 -4.75608E-09  4.75608E-09
                        5.000E-02  5.37137E-07  5.37137E-07  1.87886E-06   45.00  1.47657E-06 -4.02292E-07  1.14234E-06

           GRD      29 -5.000E-02  5.22999E-07  4.87658E-07  1.86364E-06   44.46  1.43731E-06 -4.26657E-07  1.12766E-06  1.18048E-07  1.27358E-07 -0.2E+01(2)
                        5.000E-02  5.19217E-07  5.44410E-07  1.85947E-06   45.39  1.46163E-06 -3.98005E-07  1.13069E-06

           GRD      17 -5.000E-02  5.23254E-07  5.23254E-07  1.82778E-06   45.00  1.43715E-06 -3.90638E-07  1.11143E-06  1.21075E-07 -1.21075E-07  0.2E+01(2)
                        5.000E-02  5.19035E-07  5.19035E-07  1.88502E-06   45.00  1.46155E-06 -4.23476E-07  1.14200E-06

           GRD      68 -5.000E-02  4.87658E-07  5.22999E-07  1.86364E-06   45.54  1.43731E-06 -4.26657E-07  1.12766E-06 -1.27358E-07 -1.18048E-07  0.2E+01(2)
                        5.000E-02  5.44410E-07  5.19217E-07  1.85947E-06   44.61  1.46163E-06 -3.98005E-07  1.13069E-06

           GRD      67 -5.000E-02  4.87402E-07  4.87402E-07  1.89949E-06   45.00  1.43715E-06 -4.62342E-07  1.14379E-06 -1.30386E-07  1.30386E-07 -0.2E+01(2)
                        5.000E-02  5.44592E-07  5.44592E-07  1.83391E-06   45.00  1.46155E-06 -3.72363E-07  1.11932E-06

       70  CENTER      -5.000E-02  5.21110E-07  5.21110E-07  1.84002E-06   45.00  1.44112E-06 -3.98901E-07  1.11770E-06 -2.23460E-09  2.23460E-09
                        5.000E-02  5.29916E-07  5.29916E-07  1.87067E-06   45.00  1.46525E-06 -4.05418E-07  1.13634E-06

           GRD       7 -5.000E-02  5.23581E-07  5.08288E-07  1.82103E-06   44.76  1.42648E-06 -3.94612E-07  1.10624E-06  1.03035E-07  1.07409E-07 -0.2E+01(1)
                        5.000E-02  5.19280E-07  5.29869E-07  1.85136E-06   45.16  1.45027E-06 -4.01122E-07  1.12466E-06

           GRD      44 -5.000E-02  5.23691E-07  5.23691E-07  1.80551E-06   45.00  1.42645E-06 -3.79066E-07  1.09933E-06  1.05631E-07 -1.05631E-07  0.2E+01(1)
                        5.000E-02  5.19203E-07  5.19203E-07  1.86211E-06   45.00  1.45026E-06 -4.11850E-07  1.12943E-06

           GRD      55 -5.000E-02  5.08288E-07  5.23581E-07  1.82103E-06   45.24  1.42648E-06 -3.94612E-07  1.10624E-06 -1.07409E-07 -1.03035E-07  0.2E+01(1)
                        5.000E-02  5.29869E-07  5.19280E-07  1.85136E-06   44.84  1.45027E-06 -4.01122E-07  1.12466E-06

           GRD       3 -5.000E-02  5.08177E-07  5.08177E-07  1.83654E-06   45.00  1.42645E-06 -4.10093E-07  1.11314E-06 -1.10005E-07  1.10005E-07 -0.2E+01(1)
                        5.000E-02  5.29946E-07  5.29946E-07  1.84062E-06   45.00  1.45026E-06 -3.90364E-07  1.11987E-06

       71  CENTER      -5.000E-02  5.27037E-07  5.27037E-07 -1.79757E-06  -45.00  1.42582E-06 -3.71746E-07  1.09569E-06 -1.20730E-07 -1.20730E-07
                        5.000E-02  5.05493E-07  5.05493E-07 -1.88829E-06  -45.00  1.44964E-06 -4.38653E-07  1.14110E-06

           GRD      39 -5.000E-02  5.70392E-07  5.70392E-07 -1.68213E-06  -45.00  1.41146E-06 -2.70675E-07  1.04297E-06 -3.39986E-08 -3.39986E-08  0.2E+01(1)
                        5.000E-02  4.40662E-07  4.40662E-07 -1.98798E-06  -45.00  1.43465E-06 -5.53327E-07  1.18476E-06

           GRD      53 -5.000E-02  5.69702E-07  4.74202E-07 -1.77901E-06  -43.46  1.41274E-06 -3.68835E-07  1.08586E-06 -3.60253E-08 -2.00315E-07 -0.2E+01(1)
                        5.000E-02  4.41511E-07  5.58992E-07 -1.86880E-06  -46.80  1.43649E-06 -4.35992E-07  1.13135E-06

           GRD      37 -5.000E-02  4.73512E-07  4.73512E-07 -1.87589E-06  -45.00  1.41146E-06 -4.64435E-07  1.12811E-06 -2.02342E-07 -2.02342E-07 -0.2E+01(1)
                        5.000E-02  5.59841E-07  5.59841E-07 -1.74962E-06  -45.00  1.43465E-06 -3.14968E-07  1.07689E-06

           GRD      43 -5.000E-02  4.74202E-07  5.69702E-07 -1.77901E-06  -46.54  1.41274E-06 -3.68835E-07  1.08586E-06 -2.00315E-07 -3.60253E-08  0.2E+01(1)
                        5.000E-02  5.58992E-07  4.41511E-07 -1.86880E-06  -43.20  1.43649E-06 -4.35992E-07  1.13135E-06

       72  CENTER      -5.000E-02  5.27037E-07  5.27037E-07 -1.79757E-06  -45.00  1.42582E-06 -3.71746E-07  1.09569E-06 -1.20730E-07 -1.20730E-07
                        5.000E-02  5.05493E-07  5.05493E-07 -1.88829E-06  -45.00  1.44964E-06 -4.38653E-07  1.14110E-06

           GRD      51 -5.000E-02  5.70392E-07  5.70392E-07 -1.68213E-06  -45.00  1.41146E-06 -2.70675E-07  1.04297E-06 -3.39986E-08 -3.39986E-08  0.2E+01(1)
                        5.000E-02  4.40662E-07  4.40662E-07 -1.98798E-06  -45.00  1.43465E-06 -5.53327E-07  1.18476E-06

           GRD      49 -5.000E-02  5.69702E-07  4.74202E-07 -1.77901E-06  -43.46  1.41274E-06 -3.68835E-07  1.08586E-06 -3.60253E-08 -2.00315E-07 -0.2E+01(1)
                        5.000E-02  4.41511E-07  5.58992E-07 -1.86880E-06  -46.80  1.43649E-06 -4.35992E-07  1.13135E-06

           GRD      50 -5.000E-02  4.73512E-07  4.73512E-07 -1.87589E-06  -45.00  1.41146E-06 -4.64435E-07  1.12811E-06 -2.02342E-07 -2.02342E-07 -0.2E+01(1)
                        5.000E-02  5.59841E-07  5.59841E-07 -1.74962E-06  -45.00  1.43465E-06 -3.14968E-07  1.07689E-06

           GRD      53 -5.000E-02  4.74202E-07  5.69702E-07 -1.77901E-06  -46.54  1.41274E-06 -3.68835E-07  1.08586E-06 -2.00315E-07 -3.60253E-08  0.2E+01(1)
                        5.000E-02  5.58992E-07  4.41511E-07 -1.86880E-06  -43.20  1.43649E-06 -4.35992E-07  1.13135E-06

       73  CENTER      -5.000E-02  5.21110E-07  5.21110E-07  1.84002E-06   45.00  1.44112E-06 -3.98901E-07  1.11770E-06 -2.23460E-09  2.23460E-09
                        5.000E-02  5.29916E-07  5.29916E-07  1.87067E-06   45.00  1.46525E-06 -4.05418E-07  1.13634E-06

           GRD      58 -5.000E-02  5.23581E-07  5.08288E-07  1.82103E-06   44.76  1.42648E-06 -3.94612E-07  1.10624E-06  1.03035E-07  1.07409E-07 -0.2E+01(2)
                        5.000E-02  5.19280E-07  5.29869E-07  1.85136E-06   45.16  1.45027E-06 -4.01122E-07  1.12466E-06

           GRD      73 -5.000E-02  5.23691E-07  5.23691E-07  1.80551E-06   45.00  1.42645E-06 -3.79066E-07  1.09933E-06  1.05631E-07 -1.05631E-07  0.2E+01(2)
                        5.000E-02  5.19203E-07  5.19203E-07  1.86211E-06   45.00  1.45026E-06 -4.11850E-07  1.12943E-06

           GRD      77 -5.000E-02  5.08288E-07  5.23581E-07  1.82103E-06   45.24  1.42648E-06 -3.94612E-07  1.10624E-06 -1.07409E-07 -1.03035E-07  0.2E+01(2)
                        5.000E-02  5.29869E-07  5.19280E-07  1.85136E-06   44.84  1.45027E-06 -4.01122E-07  1.12466E-06

           GRD      70 -5.000E-02  5.08177E-07  5.08177E-07  1.83654E-06   45.00  1.42645E-06 -4.10093E-07  1.11314E-06 -1.10005E-07  1.10005E-07 -0.2E+01(2)
                        5.000E-02  5.29946E-07  5.29946E-07  1.84062E-06   45.00  1.45026E-06 -3.90364E-07  1.11987E-06

       74  CENTER      -5.000E-02  5.26160E-07  5.26160E-07  1.81541E-06   45.00  1.43386E-06 -3.81544E-07  1.10526E-06 -7.15329E-09  7.15329E-09
                        5.000E-02  5.24900E-07  5.24900E-07  1.86566E-06   45.00  1.45773E-06 -4.07931E-07  1.13256E-06

           GRD      38 -5.000E-02  5.53378E-07  4.88583E-07  1.79667E-06   43.97  1.41990E-06 -3.77940E-07  1.09455E-06  9.30315E-08  1.07035E-07 -0.2E+01(2)
                        5.000E-02  4.94614E-07  5.44501E-07  1.84641E-06   45.77  1.44310E-06 -4.03983E-07  1.12125E-06

           GRD      65 -5.000E-02  5.53846E-07  5.53846E-07  1.73094E-06   45.00  1.41932E-06 -3.11625E-07  1.06539E-06  9.54996E-08 -9.54996E-08  0.2E+01(2)
                        5.000E-02  4.94254E-07  4.94254E-07  1.89702E-06   45.00  1.44276E-06 -4.54254E-07  1.14373E-06

           GRD      33 -5.000E-02  4.88583E-07  5.53378E-07  1.79667E-06   46.03  1.41990E-06 -3.77940E-07  1.09455E-06 -1.07035E-07 -9.30315E-08  0.2E+01(2)
                        5.000E-02  5.44501E-07  4.94614E-07  1.84641E-06   44.23  1.44310E-06 -4.03983E-07  1.12125E-06

           GRD      44 -5.000E-02  4.88115E-07  4.88115E-07  1.86240E-06   45.00  1.41932E-06 -4.43086E-07  1.12342E-06 -1.09503E-07  1.09503E-07 -0.2E+01(2)
                        5.000E-02  5.44862E-07  5.44862E-07  1.79580E-06   45.00  1.44276E-06 -3.53039E-07  1.09859E-06

       75  CENTER      -5.000E-02  5.21110E-07  5.21110E-07  1.84002E-06   45.00  1.44112E-06 -3.98901E-07  1.11770E-06  2.23460E-09 -2.23460E-09
                        5.000E-02  5.29916E-07  5.29916E-07  1.87067E-06   45.00  1.46525E-06 -4.05418E-07  1.13634E-06

           GRD      61 -5.000E-02  5.08288E-07  5.23581E-07  1.82103E-06   45.24  1.42648E-06 -3.94612E-07  1.10624E-06  1.07409E-07  1.03035E-07 -0.2E+01(2)
                        5.000E-02  5.29869E-07  5.19280E-07  1.85136E-06   44.84  1.45027E-06 -4.01122E-07  1.12466E-06

           GRD      97 -5.000E-02  5.08177E-07  5.08177E-07  1.83654E-06   45.00  1.42645E-06 -4.10093E-07  1.11314E-06  1.10005E-07 -1.10005E-07  0.2E+01(2)
                        5.000E-02  5.29946E-07  5.29946E-07  1.84062E-06   45.00  1.45026E-06 -3.90364E-07  1.11987E-06

           GRD      85 -5.000E-02  5.23581E-07  5.08288E-07  1.82103E-06   44.76  1.42648E-06 -3.94612E-07  1.10624E-06 -1.03035E-07 -1.07409E-07  0.2E+01(2)
                        5.000E-02  5.19280E-07  5.29869E-07  1.85136E-06   45.16  1.45027E-06 -4.01122E-07  1.12466E-06

           GRD       2 -5.000E-02  5.23691E-07  5.23691E-07  1.80551E-06   45.00  1.42645E-06 -3.79066E-07  1.09933E-06 -1.05631E-07  1.05631E-07 -0.2E+01(2)
                        5.000E-02  5.19203E-07  5.19203E-07  1.86211E-06   45.00  1.45026E-06 -4.11850E-07  1.12943E-06

       76  CENTER      -5.000E-02  5.16180E-07  5.16180E-07  1.78910E-06   45.00  1.41073E-06 -3.78369E-07  1.08875E-06  1.69382E-08 -1.69382E-08
                        5.000E-02  5.20026E-07  5.20026E-07  1.82834E-06   45.00  1.43420E-06 -3.94146E-07  1.11107E-06

           GRD      25 -5.000E-02  5.70129E-07  4.52018E-07  1.77063E-06   43.09  1.39836E-06 -3.76211E-07  1.07971E-06  1.56350E-07  1.23192E-07 -0.2E+01(2)
                        5.000E-02  4.41944E-07  5.87571E-07  1.80948E-06   47.30  1.42242E-06 -3.92906E-07  1.10283E-06

           GRD      75 -5.000E-02  5.70982E-07  5.70982E-07  1.65082E-06   45.00  1.39639E-06 -2.54426E-07  1.02630E-06  1.59798E-07 -1.59798E-07  0.2E+01(2)
                        5.000E-02  4.40892E-07  4.40892E-07  1.95721E-06   45.00  1.41950E-06 -5.37713E-07  1.16760E-06

           GRD      90 -5.000E-02  4.52018E-07  5.70129E-07  1.77063E-06   46.91  1.39836E-06 -3.76211E-07  1.07971E-06 -1.23192E-07 -1.56350E-07  0.2E+01(2)
                        5.000E-02  5.87571E-07  4.41944E-07  1.80948E-06   42.70  1.42242E-06 -3.92906E-07  1.10283E-06

           GRD      86 -5.000E-02  4.51165E-07  4.51165E-07  1.89045E-06   45.00  1.39639E-06 -4.94061E-07  1.13214E-06 -1.26640E-07  1.26640E-07 -0.2E+01(2)
                        5.000E-02  5.88623E-07  5.88623E-07  1.66175E-06   45.00  1.41950E-06 -2.42249E-07  1.03656E-06

       77  CENTER      -5.000E-02  5.26160E-07  5.26160E-07  1.81541E-06   45.00  1.43386E-06 -3.81544E-07  1.10526E-06 -7.15329E-09  7.15329E-09
                        5.000E-02  5.24900E-07  5.24900E-07  1.86566E-06   45.00  1.45773E-06 -4.07931E-07  1.13256E-06

           GRD      56 -5.000E-02  5.53378E-07  4.88583E-07  1.79667E-06   43.97  1.41990E-06 -3.77940E-07  1.09455E-06  9.30315E-08  1.07035E-07 -0.2E+01(2)
                        5.000E-02  4.94614E-07  5.44501E-07  1.84641E-06   45.77  1.44310E-06 -4.03983E-07  1.12125E-06

           GRD      31 -5.000E-02  5.53846E-07  5.53846E-07  1.73094E-06   45.00  1.41932E-06 -3.11625E-07  1.06539E-06  9.54996E-08 -9.54996E-08  0.2E+01(2)
                        5.000E-02  4.94254E-07  4.94254E-07  1.89702E-06   45.00  1.44276E-06 -4.54254E-07  1.14373E-06

           GRD      23 -5.000E-02  4.88583E-07  5.53378E-07  1.79667E-06   46.03  1.41990E-06 -3.77940E-07  1.09455E-06 -1.07035E-07 -9.30315E-08  0.2E+01(2)
                        5.000E-02  5.44501E-07  4.94614E-07  1.84641E-06   44.23  1.44310E-06 -4.03983E-07  1.12125E-06

           GRD      42 -5.000E-02  4.88115E-07  4.88115E-07  1.86240E-06   45.00  1.41932E-06 -4.43086E-07  1.12342E-06 -1.09503E-07  1.09503E-07 -0.2E+01(2)
                        5.000E-02  5.44862E-07  5.44862E-07  1.79580E-06   45.00  1.44276E-06 -3.53039E-07  1.09859E-06

       78  CENTER      -5.000E-02  5.26160E-07  5.26160E-07  1.81541E-06   45.00  1.43386E-06 -3.81544E-07  1.10526E-06 -7.15329E-09  7.15329E-09
                        5.000E-02  5.24900E-07  5.24900E-07  1.86566E-06   45.00  1.45773E-06 -4.07931E-07  1.13256E-06

           GRD      92 -5.000E-02  5.53378E-07  4.88583E-07  1.79667E-06   43.97  1.41990E-06 -3.77940E-07  1.09455E-06  9.30315E-08  1.07035E-07 -0.2E+01(2)
                        5.000E-02  4.94614E-07  5.44501E-07  1.84641E-06   45.77  1.44310E-06 -4.03983E-07  1.12125E-06

           GRD      60 -5.000E-02  5.53846E-07  5.53846E-07  1.73094E-06   45.00  1.41932E-06 -3.11625E-07  1.06539E-06  9.54996E-08 -9.54996E-08  0.2E+01(2)
                        5.000E-02  4.94254E-07  4.94254E-07  1.89702E-06   45.00  1.44276E-06 -4.54254E-07  1.14373E-06

           GRD      38 -5.000E-02  4.88583E-07  5.53378E-07  1.79667E-06   46.03  1.41990E-06 -3.77940E-07  1.09455E-06 -1.07035E-07 -9.30315E-08  0.2E+01(2)
                        5.000E-02  5.44501E-07  4.94614E-07  1.84641E-06   44.23  1.44310E-06 -4.03983E-07  1.12125E-06

           GRD      10 -5.000E-02  4.88115E-07  4.88115E-07  1.86240E-06   45.00  1.41932E-06 -4.43086E-07  1.12342E-06 -1.09503E-07  1.09503E-07 -0.2E+01(2)
                        5.000E-02  5.44862E-07  5.44862E-07  1.79580E-06   45.00  1.44276E-06 -3.53039E-07  1.09859E-06

       79  CENTER      -5.000E-02  5.26160E-07  5.26160E-07 -1.81541E-06  -45.00  1.43386E-06 -3.81544E-07  1.10526E-06  7.15329E-09  7.15329E-09
                        5.000E-02  5.24900E-07  5.24900E-07 -1.86566E-06  -45.00  1.45773E-06 -4.07931E-07  1.13256E-06

           GRD     123 -5.000E-02  5.53846E-07  5.53846E-07 -1.73094E-06  -45.00  1.41932E-06 -3.11625E-07  1.06539E-06 -9.54996E-08 -9.54996E-08 -0.2E+01(6)
                        5.000E-02  4.94254E-07  4.94254E-07 -1.89702E-06  -45.00  1.44276E-06 -4.54254E-07  1.14373E-06

           GRD      62 -5.000E-02  5.53378E-07  4.88583E-07 -1.79667E-06  -43.97  1.41990E-06 -3.77940E-07  1.09455E-06 -9.30315E-08  1.07035E-07  0.2E+01(6)
                        5.000E-02  4.94614E-07  5.44501E-07 -1.84641E-06  -45.77  1.44310E-06 -4.03983E-07  1.12125E-06

           GRD      64 -5.000E-02  4.88115E-07  4.88115E-07 -1.86240E-06  -45.00  1.41932E-06 -4.43086E-07  1.12342E-06  1.09503E-07  1.09503E-07  0.2E+01(6)
                        5.000E-02  5.44862E-07  5.44862E-07 -1.79580E-06  -45.00  1.44276E-06 -3.53039E-07  1.09859E-06

           GRD      93 -5.000E-02  4.88583E-07  5.53378E-07 -1.79667E-06  -46.03  1.41990E-06 -3.77940E-07  1.09455E-06  1.07035E-07 -9.30315E-08 -0.2E+01(6)
                        5.000E-02  5.44501E-07  4.94614E-07 -1.84641E-06  -44.23  1.44310E-06 -4.03983E-07  1.12125E-06

       80  CENTER      -5.000E-02  5.06040E-07  5.06040E-07  1.92343E-06   45.00  1.46775E-06 -4.55673E-07  1.16060E-06  5.66312E-09 -5.66312E-09
                        5.000E-02  5.46152E-07  5.46152E-07  1.89323E-06   45.00  1.49277E-06 -4.00463E-07  1.15210E-06

           GRD      54 -5.000E-02  4.49901E-07  5.51839E-07  1.90356E-06   46.53  1.45401E-06 -4.52273E-07  1.15013E-06  1.27919E-07  1.16833E-07 -0.2E+01(1)
                        5.000E-02  5.87169E-07  4.94443E-07  1.87369E-06   43.58  1.47880E-06 -3.97185E-07  1.14153E-06

           GRD      39 -5.000E-02  4.49165E-07  4.49165E-07  2.00697E-06   45.00  1.45265E-06 -5.54321E-07  1.19679E-06  1.30938E-07 -1.30938E-07  0.2E+01(1)
                        5.000E-02  5.87839E-07  5.87839E-07  1.77962E-06   45.00  1.47765E-06 -3.01973E-07  1.09967E-06

           GRD      45 -5.000E-02  5.51839E-07  4.49901E-07  1.90356E-06   43.47  1.45401E-06 -4.52273E-07  1.15013E-06 -1.16833E-07 -1.27919E-07  0.2E+01(1)
                        5.000E-02  4.94443E-07  5.87169E-07  1.87369E-06   46.42  1.47880E-06 -3.97185E-07  1.14153E-06

           GRD      46 -5.000E-02  5.52576E-07  5.52576E-07  1.80015E-06   45.00  1.45265E-06 -3.47498E-07  1.10267E-06 -1.19852E-07  1.19852E-07 -0.2E+01(1)
                        5.000E-02  4.93773E-07  4.93773E-07  1.96776E-06   45.00  1.47765E-06 -4.90104E-07  1.18281E-06

       81  CENTER      -5.000E-02  5.16180E-07  5.16180E-07 -1.78910E-06  -45.00  1.41073E-06 -3.78369E-07  1.08875E-06 -1.69382E-08 -1.69382E-08
                        5.000E-02  5.20026E-07  5.20026E-07 -1.82834E-06  -45.00  1.43420E-06 -3.94146E-07  1.11107E-06

           GRD     100 -5.000E-02  5.70982E-07  5.70982E-07 -1.65082E-06  -45.00  1.39639E-06 -2.54426E-07  1.02630E-06 -1.59798E-07 -1.59798E-07  0.2E+01(2)
                        5.000E-02  4.40892E-07  4.40892E-07 -1.95721E-06  -45.00  1.41950E-06 -5.37713E-07  1.16760E-06

           GRD     132 -5.000E-02  5.70129E-07  4.52018E-07 -1.77063E-06  -43.09  1.39836E-06 -3.76211E-07  1.07971E-06 -1.56350E-07  1.23192E-07 -0.2E+01(2)
                        5.000E-02  4.41944E-07  5.87571E-07 -1.80948E-06  -47.30  1.42242E-06 -3.92906E-07  1.10283E-06

           GRD     123 -5.000E-02  4.51165E-07  4.51165E-07 -1.89045E-06  -45.00  1.39639E-06 -4.94061E-07  1.13214E-06  1.26640E-07  1.26640E-07 -0.2E+01(2)
                        5.000E-02  5.88623E-07  5.88623E-07 -1.66175E-06  -45.00  1.41950E-06 -2.42249E-07  1.03656E-06

           GRD     125 -5.000E-02  4.52018E-07  5.70129E-07 -1.77063E-06  -46.91  1.39836E-06 -3.76211E-07  1.07971E-06  1.23192E-07 -1.56350E-07  0.2E+01(2)
                        5.000E-02  5.87571E-07  4.41944E-07 -1.80948E-06  -42.70  1.42242E-06 -3.92906E-07  1.10283E-06

      100  CENTER      -5.000E-02  5.06040E-07  5.06040E-07 -1.92343E-06  -45.00  1.46775E-06 -4.55673E-07  1.16060E-06 -5.66312E-09 -5.66312E-09
                        5.000E-02  5.46152E-07  5.46152E-07 -1.89323E-06  -45.00  1.49277E-06 -4.00463E-07  1.15210E-06

           GRD     125 -5.000E-02  4.49165E-07  4.49165E-07 -2.00697E-06  -45.00  1.45265E-06 -5.54321E-07  1.19679E-06 -1.30938E-07 -1.30938E-07  0.2E+01(1)
                        5.000E-02  5.87839E-07  5.87839E-07 -1.77962E-06  -45.00  1.47765E-06 -3.01973E-07  1.09967E-06

           GRD     123 -5.000E-02  4.49901E-07  5.51839E-07 -1.90356E-06  -46.53  1.45401E-06 -4.52273E-07  1.15013E-06 -1.27919E-07  1.16833E-07 -0.2E+01(1)
                        5.000E-02  5.87169E-07  4.94443E-07 -1.87369E-06  -43.58  1.47880E-06 -3.97185E-07  1.14153E-06

           GRD      93 -5.000E-02  5.52576E-07  5.52576E-07 -1.80015E-06  -45.00  1.45265E-06 -3.47498E-07  1.10267E-06  1.19852E-07  1.19852E-07 -0.2E+01(1)
                        5.000E-02  4.93773E-07  4.93773E-07 -1.96776E-06  -45.00  1.47765E-06 -4.90104E-07  1.18281E-06

           GRD     128 -5.000E-02  5.51839E-07  4.49901E-07 -1.90356E-06  -43.47  1.45401E-06 -4.52273E-07  1.15013E-06  1.16833E-07 -1.27919E-07  0.2E+01(1)
                        5.000E-02  4.94443E-07  5.87169E-07 -1.87369E-06  -46.42  1.47880E-06 -3.97185E-07  1.14153E-06

      101  CENTER      -5.000E-02  5.26160E-07  5.26160E-07  1.81541E-06   45.00  1.43386E-06 -3.81544E-07  1.10526E-06  7.15329E-09 -7.15329E-09
                        5.000E-02  5.24900E-07  5.24900E-07  1.86566E-06   45.00  1.45773E-06 -4.07931E-07  1.13256E-06

           GRD      19 -5.000E-02  4.88583E-07  5.53378E-07  1.79667E-06   46.03  1.41990E-06 -3.77940E-07  1.09455E-06  1.07035E-07  9.30315E-08 -0.2E+01(1)
                        5.000E-02  5.44501E-07  4.94614E-07  1.84641E-06   44.23  1.44310E-06 -4.03983E-07  1.12125E-06

           GRD      26 -5.000E-02  4.88115E-07  4.88115E-07  1.86240E-06   45.00  1.41932E-06 -4.43086E-07  1.12342E-06  1.09503E-07 -1.09503E-07  0.2E+01(1)
                        5.000E-02  5.44862E-07  5.44862E-07  1.79580E-06   45.00  1.44276E-06 -3.53039E-07  1.09859E-06

           GRD       8 -5.000E-02  5.53378E-07  4.88583E-07  1.79667E-06   43.97  1.41990E-06 -3.77940E-07  1.09455E-06 -9.30315E-08 -1.07035E-07  0.2E+01(1)
                        5.000E-02  4.94614E-07  5.44501E-07  1.84641E-06   45.77  1.44310E-06 -4.03983E-07  1.12125E-06

           GRD     134 -5.000E-02  5.53846E-07  5.53846E-07  1.73094E-06   45.00  1.41932E-06 -3.11625E-07  1.06539E-06 -9.54996E-08  9.54996E-08 -0.2E+01(1)
                        5.000E-02  4.94254E-07  4.94254E-07  1.89702E-06   45.00  1.44276E-06 -4.54254E-07  1.14373E-06

      102  CENTER      -5.000E-02  5.16180E-07  5.16180E-07  1.78910E-06   45.00  1.41073E-06 -3.78369E-07  1.08875E-06 -1.69382E-08  1.69382E-08
                        5.000E-02  5.20026E-07  5.20026E-07  1.82834E-06   45.00  1.43420E-06 -3.94146E-07  1.11107E-06

           GRD     131 -5.000E-02  4.52018E-07  5.70129E-07  1.77063E-06   46.91  1.39836E-06 -3.76211E-07  1.07971E-06  1.23192E-07  1.56350E-07 -0.2E+01(1)
                        5.000E-02  5.87571E-07  4.41944E-07  1.80948E-06   42.70  1.42242E-06 -3.92906E-07  1.10283E-06

           GRD     129 -5.000E-02  4.51165E-07  4.51165E-07  1.89045E-06   45.00  1.39639E-06 -4.94061E-07  1.13214E-06  1.26640E-07 -1.26640E-07  0.2E+01(1)
                        5.000E-02  5.88623E-07  5.88623E-07  1.66175E-06   45.00  1.41950E-06 -2.42249E-07  1.03656E-06

           GRD     124 -5.000E-02  5.70129E-07  4.52018E-07  1.77063E-06   43.09  1.39836E-06 -3.76211E-07  1.07971E-06 -1.56350E-07 -1.23192E-07  0.2E+01(1)
                        5.000E-02  4.41944E-07  5.87571E-07  1.80948E-06   47.30  1.42242E-06 -3.92906E-07  1.10283E-06

           GRD     113 -5.000E-02  5.70982E-07  5.70982E-07  1.65082E-06   45.00  1.39639E-06 -2.54426E-07  1.02630E-06 -1.59798E-07  1.59798E-07 -0.2E+01(1)
                        5.000E-02  4.40892E-07  4.40892E-07  1.95721E-06   45.00  1.41950E-06 -5.37713E-07  1.16760E-06

      103  CENTER      -5.000E-02  5.06040E-07  5.06040E-07  1.92343E-06   45.00  1.46775E-06 -4.55673E-07  1.16060E-06 -5.66312E-09  5.66312E-09
                        5.000E-02  5.46152E-07  5.46152E-07  1.89323E-06   45.00  1.49277E-06 -4.00463E-07  1.15210E-06

           GRD     128 -5.000E-02  5.51839E-07  4.49901E-07  1.90356E-06   43.47  1.45401E-06 -4.52273E-07  1.15013E-06  1.16833E-07  1.27919E-07 -0.2E+01(1)
                        5.000E-02  4.94443E-07  5.87169E-07  1.87369E-06   46.42  1.47880E-06 -3.97185E-07  1.14153E-06

           GRD      96 -5.000E-02  5.52576E-07  5.52576E-07  1.80015E-06   45.00  1.45265E-06 -3.47498E-07  1.10267E-06  1.19852E-07 -1.19852E-07  0.2E+01(1)
                        5.000E-02  4.93773E-07  4.93773E-07  1.96776E-06   45.00  1.47765E-06 -4.90104E-07  1.18281E-06

           GRD     133 -5.000E-02  4.49901E-07  5.51839E-07  1.90356E-06   46.53  1.45401E-06 -4.52273E-07  1.15013E-06 -1.27919E-07 -1.16833E-07  0.2E+01(1)
                        5.000E-02  5.87169E-07  4.94443E-07  1.87369E-06   43.58  1.47880E-06 -3.97185E-07  1.14153E-06

           GRD     127 -5.000E-02  4.49165E-07  4.49165E-07  2.00697E-06   45.00  1.45265E-06 -5.54321E-07  1.19679E-06 -1.30938E-07  1.30938E-07 -0.2E+01(1)
                        5.000E-02  5.87839E-07  5.87839E-07  1.77962E-06   45.00  1.47765E-06 -3.01973E-07  1.09967E-06

      104  CENTER      -5.000E-02  5.26160E-07  5.26160E-07 -1.81541E-06  -45.00  1.43386E-06 -3.81544E-07  1.10526E-06  7.15329E-09  7.15329E-09
                        5.000E-02  5.24900E-07  5.24900E-07 -1.86566E-06  -45.00  1.45773E-06 -4.07931E-07  1.13256E-06

           GRD     130 -5.000E-02  5.53846E-07  5.53846E-07 -1.73094E-06  -45.00  1.41932E-06 -3.11625E-07  1.06539E-06 -9.54996E-08 -9.54996E-08 -0.2E+01(6)
                        5.000E-02  4.94254E-07  4.94254E-07 -1.89702E-06  -45.00  1.44276E-06 -4.54254E-07  1.14373E-06

           GRD      98 -5.000E-02  5.53378E-07  4.88583E-07 -1.79667E-06  -43.97  1.41990E-06 -3.77940E-07  1.09455E-06 -9.30315E-08  1.07035E-07  0.2E+01(6)
                        5.000E-02  4.94614E-07  5.44501E-07 -1.84641E-06  -45.77  1.44310E-06 -4.03983E-07  1.12125E-06

           GRD       2 -5.000E-02  4.88115E-07  4.88115E-07 -1.86240E-06  -45.00  1.41932E-06 -4.43086E-07  1.12342E-06  1.09503E-07  1.09503E-07  0.2E+01(6)
                        5.000E-02  5.44862E-07  5.44862E-07 -1.79580E-06  -45.00  1.44276E-06 -3.53039E-07  1.09859E-06

           GRD       1 -5.000E-02  4.88583E-07  5.53378E-07 -1.79667E-06  -46.03  1.41990E-06 -3.77940E-07  1.09455E-06  1.07035E-07 -9.30315E-08 -0.2E+01(6)
                        5.000E-02  5.44501E-07  4.94614E-07 -1.84641E-06  -44.23  1.44310E-06 -4.03983E-07  1.12125E-06

      105  CENTER      -5.000E-02  5.16180E-07  5.16180E-07  1.78910E-06   45.00  1.41073E-06 -3.78369E-07  1.08875E-06 -1.69382E-08  1.69382E-08
                        5.000E-02  5.20026E-07  5.20026E-07  1.82834E-06   45.00  1.43420E-06 -3.94146E-07  1.11107E-06

           GRD     135 -5.000E-02  4.52018E-07  5.70129E-07  1.77063E-06   46.91  1.39836E-06 -3.76211E-07  1.07971E-06  1.23192E-07  1.56350E-07 -0.2E+01(2)
                        5.000E-02  5.87571E-07  4.41944E-07  1.80948E-06   42.70  1.42242E-06 -3.92906E-07  1.10283E-06

           GRD     118 -5.000E-02  4.51165E-07  4.51165E-07  1.89045E-06   45.00  1.39639E-06 -4.94061E-07  1.13214E-06  1.26640E-07 -1.26640E-07  0.2E+01(2)
                        5.000E-02  5.88623E-07  5.88623E-07  1.66175E-06   45.00  1.41950E-06 -2.42249E-07  1.03656E-06

           GRD     122 -5.000E-02  5.70129E-07  4.52018E-07  1.77063E-06   43.09  1.39836E-06 -3.76211E-07  1.07971E-06 -1.56350E-07 -1.23192E-07  0.2E+01(2)
                        5.000E-02  4.41944E-07  5.87571E-07  1.80948E-06   47.30  1.42242E-06 -3.92906E-07  1.10283E-06

           GRD     105 -5.000E-02  5.70982E-07  5.70982E-07  1.65082E-06   45.00  1.39639E-06 -2.54426E-07  1.02630E-06 -1.59798E-07  1.59798E-07 -0.2E+01(2)
                        5.000E-02  4.40892E-07  4.40892E-07  1.95721E-06   45.00  1.41950E-06 -5.37713E-07  1.16760E-06

      106  CENTER      -5.000E-02  5.16180E-07  5.16180E-07  1.78910E-06   45.00  1.41073E-06 -3.78369E-07  1.08875E-06 -1.69382E-08  1.69382E-08
                        5.000E-02  5.20026E-07  5.20026E-07  1.82834E-06   45.00  1.43420E-06 -3.94146E-07  1.11107E-06

           GRD     122 -5.000E-02  4.52018E-07  5.70129E-07  1.77063E-06   46.91  1.39836E-06 -3.76211E-07  1.07971E-06  1.23192E-07  1.56350E-07 -0.2E+01(1)
                        5.000E-02  5.87571E-07  4.41944E-07  1.80948E-06   42.70  1.42242E-06 -3.92906E-07  1.10283E-06

           GRD     126 -5.000E-02  4.51165E-07  4.51165E-07  1.89045E-06   45.00  1.39639E-06 -4.94061E-07  1.13214E-06  1.26640E-07 -1.26640E-07  0.2E+01(1)
                        5.000E-02  5.88623E-07  5.88623E-07  1.66175E-06   45.00  1.41950E-06 -2.42249E-07  1.03656E-06

           GRD     132 -5.000E-02  5.70129E-07  4.52018E-07  1.77063E-06   43.09  1.39836E-06 -3.76211E-07  1.07971E-06 -1.56350E-07 -1.23192E-07  0.2E+01(1)
                        5.000E-02  4.41944E-07  5.87571E-07  1.80948E-06   47.30  1.42242E-06 -3.92906E-07  1.10283E-06

           GRD     103 -5.000E-02  5.70982E-07  5.70982E-07  1.65082E-06   45.00  1.39639E-06 -2.54426E-07  1.02630E-06 -1.59798E-07  1.59798E-07 -0.2E+01(1)
                        5.000E-02  4.40892E-07  4.40892E-07  1.95721E-06   45.00  1.41950E-06 -5.37713E-07  1.16760E-06

      107  CENTER      -5.000E-02  5.06040E-07  5.06040E-07  1.92343E-06   45.00  1.46775E-06 -4.55673E-07  1.16060E-06 -5.66312E-09  5.66312E-09
                        5.000E-02  5.46152E-07  5.46152E-07  1.89323E-06   45.00  1.49277E-06 -4.00463E-07  1.15210E-06

           GRD     134 -5.000E-02  5.51839E-07  4.49901E-07  1.90356E-06   43.47  1.45401E-06 -4.52273E-07  1.15013E-06  1.16833E-07  1.27919E-07 -0.2E+01(1)
                        5.000E-02  4.94443E-07  5.87169E-07  1.87369E-06   46.42  1.47880E-06 -3.97185E-07  1.14153E-06

           GRD       8 -5.000E-02  5.52576E-07  5.52576E-07  1.80015E-06   45.00  1.45265E-06 -3.47498E-07  1.10267E-06  1.19852E-07 -1.19852E-07  0.2E+01(1)
                        5.000E-02  4.93773E-07  4.93773E-07  1.96776E-06   45.00  1.47765E-06 -4.90104E-07  1.18281E-06

           GRD     120 -5.000E-02  4.49901E-07  5.51839E-07  1.90356E-06   46.53  1.45401E-06 -4.52273E-07  1.15013E-06 -1.27919E-07 -1.16833E-07  0.2E+01(1)
                        5.000E-02  5.87169E-07  4.94443E-07  1.87369E-06   43.58  1.47880E-06 -3.97185E-07  1.14153E-06

           GRD     121 -5.000E-02  4.49165E-07  4.49165E-07  2.00697E-06   45.00  1.45265E-06 -5.54321E-07  1.19679E-06 -1.30938E-07  1.30938E-07 -0.2E+01(1)
                        5.000E-02  5.87839E-07  5.87839E-07  1.77962E-06   45.00  1.47765E-06 -3.01973E-07  1.09967E-06

      108  CENTER      -5.000E-02  5.26160E-07  5.26160E-07  1.81541E-06   45.00  1.43386E-06 -3.81544E-07  1.10526E-06  7.15329E-09 -7.15329E-09
                        5.000E-02  5.24900E-07  5.24900E-07  1.86566E-06   45.00  1.45773E-06 -4.07931E-07  1.13256E-06

           GRD      67 -5.000E-02  4.88583E-07  5.53378E-07  1.79667E-06   46.03  1.41990E-06 -3.77940E-07  1.09455E-06  1.07035E-07  9.30315E-08 -0.2E+01(2)
                        5.000E-02  5.44501E-07  4.94614E-07  1.84641E-06   44.23  1.44310E-06 -4.03983E-07  1.12125E-06

           GRD      68 -5.000E-02  4.88115E-07  4.88115E-07  1.86240E-06   45.00  1.41932E-06 -4.43086E-07  1.12342E-06  1.09503E-07 -1.09503E-07  0.2E+01(2)
                        5.000E-02  5.44862E-07  5.44862E-07  1.79580E-06   45.00  1.44276E-06 -3.53039E-07  1.09859E-06

           GRD      19 -5.000E-02  5.53378E-07  4.88583E-07  1.79667E-06   43.97  1.41990E-06 -3.77940E-07  1.09455E-06 -9.30315E-08 -1.07035E-07  0.2E+01(2)
                        5.000E-02  4.94614E-07  5.44501E-07  1.84641E-06   45.77  1.44310E-06 -4.03983E-07  1.12125E-06

           GRD     129 -5.000E-02  5.53846E-07  5.53846E-07  1.73094E-06   45.00  1.41932E-06 -3.11625E-07  1.06539E-06 -9.54996E-08  9.54996E-08 -0.2E+01(2)
                        5.000E-02  4.94254E-07  4.94254E-07  1.89702E-06   45.00  1.44276E-06 -4.54254E-07  1.14373E-06

      109  CENTER      -5.000E-02  5.16180E-07  5.16180E-07  1.78910E-06   45.00  1.41073E-06 -3.78369E-07  1.08875E-06 -1.69382E-08  1.69382E-08
                        5.000E-02  5.20026E-07  5.20026E-07  1.82834E-06   45.00  1.43420E-06 -3.94146E-07  1.11107E-06

           GRD     127 -5.000E-02  4.52018E-07  5.70129E-07  1.77063E-06   46.91  1.39836E-06 -3.76211E-07  1.07971E-06  1.23192E-07  1.56350E-07 -0.2E+01(2)
                        5.000E-02  5.87571E-07  4.41944E-07  1.80948E-06   42.70  1.42242E-06 -3.92906E-07  1.10283E-06

           GRD     133 -5.000E-02  4.51165E-07  4.51165E-07  1.89045E-06   45.00  1.39639E-06 -4.94061E-07  1.13214E-06  1.26640E-07 -1.26640E-07  0.2E+01(2)
                        5.000E-02  5.88623E-07  5.88623E-07  1.66175E-06   45.00  1.41950E-06 -2.42249E-07  1.03656E-06

           GRD     131 -5.000E-02  5.70129E-07  4.52018E-07  1.77063E-06   43.09  1.39836E-06 -3.76211E-07  1.07971E-06 -1.56350E-07 -1.23192E-07  0.2E+01(2)
                        5.000E-02  4.41944E-07  5.87571E-07  1.80948E-06   47.30  1.42242E-06 -3.92906E-07  1.10283E-06

           GRD     115 -5.000E-02  5.70982E-07  5.70982E-07  1.65082E-06   45.00  1.39639E-06 -2.54426E-07  1.02630E-06 -1.59798E-07  1.59798E-07 -0.2E+01(2)
                        5.000E-02  4.40892E-07  4.40892E-07  1.95721E-06   45.00  1.41950E-06 -5.37713E-07  1.16760E-06

      110  CENTER      -5.000E-02  5.16180E-07  5.16180E-07  1.78910E-06   45.00  1.41073E-06 -3.78369E-07  1.08875E-06 -1.69382E-08  1.69382E-08
                        5.000E-02  5.20026E-07  5.20026E-07  1.82834E-06   45.00  1.43420E-06 -3.94146E-07  1.11107E-06

           GRD     125 -5.000E-02  4.52018E-07  5.70129E-07  1.77063E-06   46.91  1.39836E-06 -3.76211E-07  1.07971E-06  1.23192E-07  1.56350E-07 -0.2E+01(2)
                        5.000E-02  5.87571E-07  4.41944E-07  1.80948E-06   42.70  1.42242E-06 -3.92906E-07  1.10283E-06

           GRD     128 -5.000E-02  4.51165E-07  4.51165E-07  1.89045E-06   45.00  1.39639E-06 -4.94061E-07  1.13214E-06  1.26640E-07 -1.26640E-07  0.2E+01(2)
                        5.000E-02  5.88623E-07  5.88623E-07  1.66175E-06   45.00  1.41950E-06 -2.42249E-07  1.03656E-06

           GRD     127 -5.000E-02  5.70129E-07  4.52018E-07  1.77063E-06   43.09  1.39836E-06 -3.76211E-07  1.07971E-06 -1.56350E-07 -1.23192E-07  0.2E+01(2)
                        5.000E-02  4.41944E-07  5.87571E-07  1.80948E-06   47.30  1.42242E-06 -3.92906E-07  1.10283E-06

           GRD     117 -5.000E-02  5.70982E-07  5.70982E-07  1.65082E-06   45.00  1.39639E-06 -2.54426E-07  1.02630E-06 -1.59798E-07  1.59798E-07 -0.2E+01(2)
                        5.000E-02  4.40892E-07  4.40892E-07  1.95721E-06   45.00  1.41950E-06 -5.37713E-07  1.16760E-06

      111  CENTER      -5.000E-02  5.26160E-07  5.26160E-07 -1.81541E-06  -45.00  1.43386E-06 -3.81544E-07  1.10526E-06  7.15329E-09  7.15329E-09
                        5.000E-02  5.24900E-07  5.24900E-07 -1.86566E-06  -45.00  1.45773E-06 -4.07931E-07  1.13256E-06

           GRD     128 -5.000E-02  5.53846E-07  5.53846E-07 -1.73094E-06  -45.00  1.41932E-06 -3.11625E-07  1.06539E-06 -9.54996E-08 -9.54996E-08 -0.2E+01(6)
                        5.000E-02  4.94254E-07  4.94254E-07 -1.89702E-06  -45.00  1.44276E-06 -4.54254E-07  1.14373E-06

           GRD      93 -5.000E-02  5.53378E-07  4.88583E-07 -1.79667E-06  -43.97  1.41990E-06 -3.77940E-07  1.09455E-06 -9.30315E-08  1.07035E-07  0.2E+01(6)
                        5.000E-02  4.94614E-07  5.44501E-07 -1.84641E-06  -45.77  1.44310E-06 -4.03983E-07  1.12125E-06

           GRD       4 -5.000E-02  4.88115E-07  4.88115E-07 -1.86240E-06  -45.00  1.41932E-06 -4.43086E-07  1.12342E-06  1.09503E-07  1.09503E-07  0.2E+01(6)
                        5.000E-02  5.44862E-07  5.44862E-07 -1.79580E-06  -45.00  1.44276E-06 -3.53039E-07  1.09859E-06

           GRD      96 -5.000E-02  4.88583E-07  5.53378E-07 -1.79667E-06  -46.03  1.41990E-06 -3.77940E-07  1.09455E-06  1.07035E-07 -9.30315E-08 -0.2E+01(6)
                        5.000E-02  5.44501E-07  4.94614E-07 -1.84641E-06  -44.23  1.44310E-06 -4.03983E-07  1.12125E-06

      112  CENTER      -5.000E-02  5.16180E-07  5.16180E-07  1.78910E-06   45.00  1.41073E-06 -3.78369E-07  1.08875E-06 -1.69382E-08  1.69382E-08
                        5.000E-02  5.20026E-07  5.20026E-07  1.82834E-06   45.00  1.43420E-06 -3.94146E-07  1.11107E-06

           GRD     121 -5.000E-02  4.52018E-07  5.70129E-07  1.77063E-06   46.91  1.39836E-06 -3.76211E-07  1.07971E-06  1.23192E-07  1.56350E-07 -0.2E+01(2)
                        5.000E-02  5.87571E-07  4.41944E-07  1.80948E-06   42.70  1.42242E-06 -3.92906E-07  1.10283E-06

           GRD     120 -5.000E-02  4.51165E-07  4.51165E-07  1.89045E-06   45.00  1.39639E-06 -4.94061E-07  1.13214E-06  1.26640E-07 -1.26640E-07  0.2E+01(2)
                        5.000E-02  5.88623E-07  5.88623E-07  1.66175E-06   45.00  1.41950E-06 -2.42249E-07  1.03656E-06

           GRD     119 -5.000E-02  5.70129E-07  4.52018E-07  1.77063E-06   43.09  1.39836E-06 -3.76211E-07  1.07971E-06 -1.56350E-07 -1.23192E-07  0.2E+01(2)
                        5.000E-02  4.41944E-07  5.87571E-07  1.80948E-06   47.30  1.42242E-06 -3.92906E-07  1.10283E-06

           GRD     109 -5.000E-02  5.70982E-07  5.70982E-07  1.65082E-06   45.00  1.39639E-06 -2.54426E-07  1.02630E-06 -1.59798E-07  1.59798E-07 -0.2E+01(2)
                        5.000E-02  4.40892E-07  4.40892E-07  1.95721E-06   45.00  1.41950E-06 -5.37713E-07  1.16760E-06

      113  CENTER      -5.000E-02  5.26160E-07  5.26160E-07  1.81541E-06   45.00  1.43386E-06 -3.81544E-07  1.10526E-06  7.15329E-09 -7.15329E-09
                        5.000E-02  5.24900E-07  5.24900E-07  1.86566E-06   45.00  1.45773E-06 -4.07931E-07  1.13256E-06

           GRD      96 -5.000E-02  4.88583E-07  5.53378E-07  1.79667E-06   46.03  1.41990E-06 -3.77940E-07  1.09455E-06  1.07035E-07  9.30315E-08 -0.2E+01(2)
                        5.000E-02  5.44501E-07  4.94614E-07  1.84641E-06   44.23  1.44310E-06 -4.03983E-07  1.12125E-06

           GRD      29 -5.000E-02  4.88115E-07  4.88115E-07  1.86240E-06   45.00  1.41932E-06 -4.43086E-07  1.12342E-06  1.09503E-07 -1.09503E-07  0.2E+01(2)
                        5.000E-02  5.44862E-07  5.44862E-07  1.79580E-06   45.00  1.44276E-06 -3.53039E-07  1.09859E-06

           GRD      67 -5.000E-02  5.53378E-07  4.88583E-07  1.79667E-06   43.97  1.41990E-06 -3.77940E-07  1.09455E-06 -9.30315E-08 -1.07035E-07  0.2E+01(2)
                        5.000E-02  4.94614E-07  5.44501E-07  1.84641E-06   45.77  1.44310E-06 -4.03983E-07  1.12125E-06

           GRD     133 -5.000E-02  5.53846E-07  5.53846E-07  1.73094E-06   45.00  1.41932E-06 -3.11625E-07  1.06539E-06 -9.54996E-08  9.54996E-08 -0.2E+01(2)
                        5.000E-02  4.94254E-07  4.94254E-07  1.89702E-06   45.00  1.44276E-06 -4.54254E-07  1.14373E-06

      114  CENTER      -5.000E-02  5.06040E-07  5.06040E-07  1.92343E-06   45.00  1.46775E-06 -4.55673E-07  1.16060E-06 -5.66312E-09  5.66312E-09
                        5.000E-02  5.46152E-07  5.46152E-07  1.89323E-06   45.00  1.49277E-06 -4.00463E-07  1.15210E-06

           GRD     133 -5.000E-02  5.51839E-07  4.49901E-07  1.90356E-06   43.47  1.45401E-06 -4.52273E-07  1.15013E-06  1.16833E-07  1.27919E-07 -0.2E+01(2)
                        5.000E-02  4.94443E-07  5.87169E-07  1.87369E-06   46.42  1.47880E-06 -3.97185E-07  1.14153E-06

           GRD      67 -5.000E-02  5.52576E-07  5.52576E-07  1.80015E-06   45.00  1.45265E-06 -3.47498E-07  1.10267E-06  1.19852E-07 -1.19852E-07  0.2E+01(2)
                        5.000E-02  4.93773E-07  4.93773E-07  1.96776E-06   45.00  1.47765E-06 -4.90104E-07  1.18281E-06

           GRD     129 -5.000E-02  4.49901E-07  5.51839E-07  1.90356E-06   46.53  1.45401E-06 -4.52273E-07  1.15013E-06 -1.27919E-07 -1.16833E-07  0.2E+01(2)
                        5.000E-02  5.87169E-07  4.94443E-07  1.87369E-06   43.58  1.47880E-06 -3.97185E-07  1.14153E-06

           GRD     131 -5.000E-02  4.49165E-07  4.49165E-07  2.00697E-06   45.00  1.45265E-06 -5.54321E-07  1.19679E-06 -1.30938E-07  1.30938E-07 -0.2E+01(2)
                        5.000E-02  5.87839E-07  5.87839E-07  1.77962E-06   45.00  1.47765E-06 -3.01973E-07  1.09967E-06

      115  CENTER      -5.000E-02  5.27037E-07  5.27037E-07  1.79757E-06   45.00  1.42582E-06 -3.71746E-07  1.09569E-06  1.20730E-07 -1.20730E-07
                        5.000E-02  5.05493E-07  5.05493E-07  1.88829E-06   45.00  1.44964E-06 -4.38653E-07  1.14110E-06

           GRD     117 -5.000E-02  5.69702E-07  4.74202E-07  1.77901E-06   43.46  1.41274E-06 -3.68835E-07  1.08586E-06  3.60253E-08 -2.00315E-07 -0.2E+01(2)
                        5.000E-02  4.41511E-07  5.58992E-07  1.86880E-06   46.80  1.43649E-06 -4.35992E-07  1.13135E-06

           GRD     127 -5.000E-02  5.70392E-07  5.70392E-07  1.68213E-06   45.00  1.41146E-06 -2.70675E-07  1.04297E-06  3.39986E-08 -3.39986E-08  0.2E+01(2)
                        5.000E-02  4.40662E-07  4.40662E-07  1.98798E-06   45.00  1.43465E-06 -5.53327E-07  1.18476E-06

           GRD     115 -5.000E-02  4.74202E-07  5.69702E-07  1.77901E-06   46.54  1.41274E-06 -3.68835E-07  1.08586E-06  2.00315E-07 -3.60253E-08  0.2E+01(2)
                        5.000E-02  5.58992E-07  4.41511E-07  1.86880E-06   43.20  1.43649E-06 -4.35992E-07  1.13135E-06

           GRD     116 -5.000E-02  4.73512E-07  4.73512E-07  1.87589E-06   45.00  1.41146E-06 -4.64435E-07  1.12811E-06  2.02342E-07 -2.02342E-07 -0.2E+01(2)
                        5.000E-02  5.59841E-07  5.59841E-07  1.74962E-06   45.00  1.43465E-06 -3.14968E-07  1.07689E-06

      116  CENTER      -5.000E-02  5.27037E-07  5.27037E-07  1.79757E-06   45.00  1.42582E-06 -3.71746E-07  1.09569E-06  1.20730E-07 -1.20730E-07
                        5.000E-02  5.05493E-07  5.05493E-07  1.88829E-06   45.00  1.44964E-06 -4.38653E-07  1.14110E-06

           GRD     111 -5.000E-02  5.69702E-07  4.74202E-07  1.77901E-06   43.46  1.41274E-06 -3.68835E-07  1.08586E-06  3.60253E-08 -2.00315E-07 -0.2E+01(1)
                        5.000E-02  4.41511E-07  5.58992E-07  1.86880E-06   46.80  1.43649E-06 -4.35992E-07  1.13135E-06

           GRD     121 -5.000E-02  5.70392E-07  5.70392E-07  1.68213E-06   45.00  1.41146E-06 -2.70675E-07  1.04297E-06  3.39986E-08 -3.39986E-08  0.2E+01(1)
                        5.000E-02  4.40662E-07  4.40662E-07  1.98798E-06   45.00  1.43465E-06 -5.53327E-07  1.18476E-06

           GRD     109 -5.000E-02  4.74202E-07  5.69702E-07  1.77901E-06   46.54  1.41274E-06 -3.68835E-07  1.08586E-06  2.00315E-07 -3.60253E-08  0.2E+01(1)
                        5.000E-02  5.58992E-07  4.41511E-07  1.86880E-06   43.20  1.43649E-06 -4.35992E-07  1.13135E-06

           GRD     110 -5.000E-02  4.73512E-07  4.73512E-07  1.87589E-06   45.00  1.41146E-06 -4.64435E-07  1.12811E-06  2.02342E-07 -2.02342E-07 -0.2E+01(1)
                        5.000E-02  5.59841E-07  5.59841E-07  1.74962E-06   45.00  1.43465E-06 -3.14968E-07  1.07689E-06

      117  CENTER      -5.000E-02  5.06040E-07  5.06040E-07  1.92343E-06   45.00  1.46775E-06 -4.55673E-07  1.16060E-06 -5.66312E-09  5.66312E-09
                        5.000E-02  5.46152E-07  5.46152E-07  1.89323E-06   45.00  1.49277E-06 -4.00463E-07  1.15210E-06

           GRD     118 -5.000E-02  5.51839E-07  4.49901E-07  1.90356E-06   43.47  1.45401E-06 -4.52273E-07  1.15013E-06  1.16833E-07  1.27919E-07 -0.2E+01(1)
                        5.000E-02  4.94443E-07  5.87169E-07  1.87369E-06   46.42  1.47880E-06 -3.97185E-07  1.14153E-06

           GRD      11 -5.000E-02  5.52576E-07  5.52576E-07  1.80015E-06   45.00  1.45265E-06 -3.47498E-07  1.10267E-06  1.19852E-07 -1.19852E-07  0.2E+01(1)
                        5.000E-02  4.93773E-07  4.93773E-07  1.96776E-06   45.00  1.47765E-06 -4.90104E-07  1.18281E-06

           GRD     126 -5.000E-02  4.49901E-07  5.51839E-07  1.90356E-06   46.53  1.45401E-06 -4.52273E-07  1.15013E-06 -1.27919E-07 -1.16833E-07  0.2E+01(1)
                        5.000E-02  5.87169E-07  4.94443E-07  1.87369E-06   43.58  1.47880E-06 -3.97185E-07  1.14153E-06

           GRD     122 -5.000E-02  4.49165E-07  4.49165E-07  2.00697E-06   45.00  1.45265E-06 -5.54321E-07  1.19679E-06 -1.30938E-07  1.30938E-07 -0.2E+01(1)
                        5.000E-02  5.87839E-07  5.87839E-07  1.77962E-06   45.00  1.47765E-06 -3.01973E-07  1.09967E-06

      118  CENTER      -5.000E-02  5.16180E-07  5.16180E-07  1.78910E-06   45.00  1.41073E-06 -3.78369E-07  1.08875E-06 -1.69382E-08  1.69382E-08
                        5.000E-02  5.20026E-07  5.20026E-07  1.82834E-06   45.00  1.43420E-06 -3.94146E-07  1.11107E-06

           GRD     124 -5.000E-02  4.52018E-07  5.70129E-07  1.77063E-06   46.91  1.39836E-06 -3.76211E-07  1.07971E-06  1.23192E-07  1.56350E-07 -0.2E+01(2)
                        5.000E-02  5.87571E-07  4.41944E-07  1.80948E-06   42.70  1.42242E-06 -3.92906E-07  1.10283E-06

           GRD     134 -5.000E-02  4.51165E-07  4.51165E-07  1.89045E-06   45.00  1.39639E-06 -4.94061E-07  1.13214E-06  1.26640E-07 -1.26640E-07  0.2E+01(2)
                        5.000E-02  5.88623E-07  5.88623E-07  1.66175E-06   45.00  1.41950E-06 -2.42249E-07  1.03656E-06

           GRD     121 -5.000E-02  5.70129E-07  4.52018E-07  1.77063E-06   43.09  1.39836E-06 -3.76211E-07  1.07971E-06 -1.56350E-07 -1.23192E-07  0.2E+01(2)
                        5.000E-02  4.41944E-07  5.87571E-07  1.80948E-06   47.30  1.42242E-06 -3.92906E-07  1.10283E-06

           GRD     111 -5.000E-02  5.70982E-07  5.70982E-07  1.65082E-06   45.00  1.39639E-06 -2.54426E-07  1.02630E-06 -1.59798E-07  1.59798E-07 -0.2E+01(2)
                        5.000E-02  4.40892E-07  4.40892E-07  1.95721E-06   45.00  1.41950E-06 -5.37713E-07  1.16760E-06

      119  CENTER      -5.000E-02  5.27037E-07  5.27037E-07  1.79757E-06   45.00  1.42582E-06 -3.71746E-07  1.09569E-06  1.20730E-07 -1.20730E-07
                        5.000E-02  5.05493E-07  5.05493E-07  1.88829E-06   45.00  1.44964E-06 -4.38653E-07  1.14110E-06

           GRD     105 -5.000E-02  5.69702E-07  4.74202E-07  1.77901E-06   43.46  1.41274E-06 -3.68835E-07  1.08586E-06  3.60253E-08 -2.00315E-07 -0.2E+01(2)
                        5.000E-02  4.41511E-07  5.58992E-07  1.86880E-06   46.80  1.43649E-06 -4.35992E-07  1.13135E-06

           GRD     122 -5.000E-02  5.70392E-07  5.70392E-07  1.68213E-06   45.00  1.41146E-06 -2.70675E-07  1.04297E-06  3.39986E-08 -3.39986E-08  0.2E+01(2)
                        5.000E-02  4.40662E-07  4.40662E-07  1.98798E-06   45.00  1.43465E-06 -5.53327E-07  1.18476E-06

           GRD     103 -5.000E-02  4.74202E-07  5.69702E-07  1.77901E-06   46.54  1.41274E-06 -3.68835E-07  1.08586E-06  2.00315E-07 -3.60253E-08  0.2E+01(2)
                        5.000E-02  5.58992E-07  4.41511E-07  1.86880E-06   43.20  1.43649E-06 -4.35992E-07  1.13135E-06

           GRD     104 -5.000E-02  4.73512E-07  4.73512E-07  1.87589E-06   45.00  1.41146E-06 -4.64435E-07  1.12811E-06  2.02342E-07 -2.02342E-07 -0.2E+01(2)
                        5.000E-02  5.59841E-07  5.59841E-07  1.74962E-06   45.00  1.43465E-06 -3.14968E-07  1.07689E-06

      120  CENTER      -5.000E-02  5.06040E-07  5.06040E-07  1.92343E-06   45.00  1.46775E-06 -4.55673E-07  1.16060E-06 -5.66312E-09  5.66312E-09
                        5.000E-02  5.46152E-07  5.46152E-07  1.89323E-06   45.00  1.49277E-06 -4.00463E-07  1.15210E-06

           GRD     126 -5.000E-02  5.51839E-07  4.49901E-07  1.90356E-06   43.47  1.45401E-06 -4.52273E-07  1.15013E-06  1.16833E-07  1.27919E-07 -0.2E+01(2)
                        5.000E-02  4.94443E-07  5.87169E-07  1.87369E-06   46.42  1.47880E-06 -3.97185E-07  1.14153E-06

           GRD      62 -5.000E-02  5.52576E-07  5.52576E-07  1.80015E-06   45.00  1.45265E-06 -3.47498E-07  1.10267E-06  1.19852E-07 -1.19852E-07  0.2E+01(2)
                        5.000E-02  4.93773E-07  4.93773E-07  1.96776E-06   45.00  1.47765E-06 -4.90104E-07  1.18281E-06

           GRD     123 -5.000E-02  4.49901E-07  5.51839E-07  1.90356E-06   46.53  1.45401E-06 -4.52273E-07  1.15013E-06 -1.27919E-07 -1.16833E-07  0.2E+01(2)
                        5.000E-02  5.87169E-07  4.94443E-07  1.87369E-06   43.58  1.47880E-06 -3.97185E-07  1.14153E-06

           GRD     132 -5.000E-02  4.49165E-07  4.49165E-07  2.00697E-06   45.00  1.45265E-06 -5.54321E-07  1.19679E-06 -1.30938E-07  1.30938E-07 -0.2E+01(2)
                        5.000E-02  5.87839E-07  5.87839E-07  1.77962E-06   45.00  1.47765E-06 -3.01973E-07  1.09967E-06

      121  CENTER      -5.000E-02  5.27037E-07  5.27037E-07  1.79757E-06   45.00  1.42582E-06 -3.71746E-07  1.09569E-06  1.20730E-07 -1.20730E-07
                        5.000E-02  5.05493E-07  5.05493E-07  1.88829E-06   45.00  1.44964E-06 -4.38653E-07  1.14110E-06

           GRD     103 -5.000E-02  5.69702E-07  4.74202E-07  1.77901E-06   43.46  1.41274E-06 -3.68835E-07  1.08586E-06  3.60253E-08 -2.00315E-07 -0.2E+01(1)
                        5.000E-02  4.41511E-07  5.58992E-07  1.86880E-06   46.80  1.43649E-06 -4.35992E-07  1.13135E-06

           GRD     132 -5.000E-02  5.70392E-07  5.70392E-07  1.68213E-06   45.00  1.41146E-06 -2.70675E-07  1.04297E-06  3.39986E-08 -3.39986E-08  0.2E+01(1)
                        5.000E-02  4.40662E-07  4.40662E-07  1.98798E-06   45.00  1.43465E-06 -5.53327E-07  1.18476E-06

           GRD     100 -5.000E-02  4.74202E-07  5.69702E-07  1.77901E-06   46.54  1.41274E-06 -3.68835E-07  1.08586E-06  2.00315E-07 -3.60253E-08  0.2E+01(1)
                        5.000E-02  5.58992E-07  4.41511E-07  1.86880E-06   43.20  1.43649E-06 -4.35992E-07  1.13135E-06

           GRD     102 -5.000E-02  4.73512E-07  4.73512E-07  1.87589E-06   45.00  1.41146E-06 -4.64435E-07  1.12811E-06  2.02342E-07 -2.02342E-07 -0.2E+01(1)
                        5.000E-02  5.59841E-07  5.59841E-07  1.74962E-06   45.00  1.43465E-06 -3.14968E-07  1.07689E-06

      122  CENTER      -5.000E-02  5.16180E-07  5.16180E-07 -1.78910E-06  -45.00  1.41073E-06 -3.78369E-07  1.08875E-06  1.69382E-08  1.69382E-08
                        5.000E-02  5.20026E-07  5.20026E-07 -1.82834E-06  -45.00  1.43420E-06 -3.94146E-07  1.11107E-06

           GRD      94 -5.000E-02  4.51165E-07  4.51165E-07 -1.89045E-06  -45.00  1.39639E-06 -4.94061E-07  1.13214E-06 -1.26640E-07 -1.26640E-07  0.2E+01(1)
                        5.000E-02  5.88623E-07  5.88623E-07 -1.66175E-06  -45.00  1.41950E-06 -2.42249E-07  1.03656E-06

           GRD      80 -5.000E-02  4.52018E-07  5.70129E-07 -1.77063E-06  -46.91  1.39836E-06 -3.76211E-07  1.07971E-06 -1.23192E-07  1.56350E-07 -0.2E+01(1)
                        5.000E-02  5.87571E-07  4.41944E-07 -1.80948E-06  -42.70  1.42242E-06 -3.92906E-07  1.10283E-06

           GRD      74 -5.000E-02  5.70982E-07  5.70982E-07 -1.65082E-06  -45.00  1.39639E-06 -2.54426E-07  1.02630E-06  1.59798E-07  1.59798E-07 -0.2E+01(1)
                        5.000E-02  4.40892E-07  4.40892E-07 -1.95721E-06  -45.00  1.41950E-06 -5.37713E-07  1.16760E-06

           GRD      36 -5.000E-02  5.70129E-07  4.52018E-07 -1.77063E-06  -43.09  1.39836E-06 -3.76211E-07  1.07971E-06  1.56350E-07 -1.23192E-07  0.2E+01(1)
                        5.000E-02  4.41944E-07  5.87571E-07 -1.80948E-06  -47.30  1.42242E-06 -3.92906E-07  1.10283E-06

      123  CENTER      -5.000E-02  5.06040E-07  5.06040E-07 -1.92343E-06  -45.00  1.46775E-06 -4.55673E-07  1.16060E-06 -5.66312E-09 -5.66312E-09
                        5.000E-02  5.46152E-07  5.46152E-07 -1.89323E-06  -45.00  1.49277E-06 -4.00463E-07  1.15210E-06

           GRD     119 -5.000E-02  4.49165E-07  4.49165E-07 -2.00697E-06  -45.00  1.45265E-06 -5.54321E-07  1.19679E-06 -1.30938E-07 -1.30938E-07  0.2E+01(1)
                        5.000E-02  5.87839E-07  5.87839E-07 -1.77962E-06  -45.00  1.47765E-06 -3.01973E-07  1.09967E-06

           GRD     120 -5.000E-02  4.49901E-07  5.51839E-07 -1.90356E-06  -46.53  1.45401E-06 -4.52273E-07  1.15013E-06 -1.27919E-07  1.16833E-07 -0.2E+01(1)
                        5.000E-02  5.87169E-07  4.94443E-07 -1.87369E-06  -43.58  1.47880E-06 -3.97185E-07  1.14153E-06

           GRD      98 -5.000E-02  5.52576E-07  5.52576E-07 -1.80015E-06  -45.00  1.45265E-06 -3.47498E-07  1.10267E-06  1.19852E-07  1.19852E-07 -0.2E+01(1)
                        5.000E-02  4.93773E-07  4.93773E-07 -1.96776E-06  -45.00  1.47765E-06 -4.90104E-07  1.18281E-06

           GRD     130 -5.000E-02  5.51839E-07  4.49901E-07 -1.90356E-06  -43.47  1.45401E-06 -4.52273E-07  1.15013E-06  1.16833E-07 -1.27919E-07  0.2E+01(1)
                        5.000E-02  4.94443E-07  5.87169E-07 -1.87369E-06  -46.42  1.47880E-06 -3.97185E-07  1.14153E-06

      124  CENTER      -5.000E-02  5.27037E-07  5.27037E-07 -1.79757E-06  -45.00  1.42582E-06 -3.71746E-07  1.09569E-06  1.20730E-07  1.20730E-07
                        5.000E-02  5.05493E-07  5.05493E-07 -1.88829E-06  -45.00  1.44964E-06 -4.38653E-07  1.14110E-06

           GRD     108 -5.000E-02  4.73512E-07  4.73512E-07 -1.87589E-06  -45.00  1.41146E-06 -4.64435E-07  1.12811E-06  2.02342E-07  2.02342E-07  0.2E+01(1)
                        5.000E-02  5.59841E-07  5.59841E-07 -1.74962E-06  -45.00  1.43465E-06 -3.14968E-07  1.07689E-06

           GRD     109 -5.000E-02  4.74202E-07  5.69702E-07 -1.77901E-06  -46.54  1.41274E-06 -3.68835E-07  1.08586E-06  2.00315E-07  3.60253E-08 -0.2E+01(1)
                        5.000E-02  5.58992E-07  4.41511E-07 -1.86880E-06  -43.20  1.43649E-06 -4.35992E-07  1.13135E-06

           GRD     119 -5.000E-02  5.70392E-07  5.70392E-07 -1.68213E-06  -45.00  1.41146E-06 -2.70675E-07  1.04297E-06  3.39986E-08  3.39986E-08 -0.2E+01(1)
                        5.000E-02  4.40662E-07  4.40662E-07 -1.98798E-06  -45.00  1.43465E-06 -5.53327E-07  1.18476E-06

           GRD     107 -5.000E-02  5.69702E-07  4.74202E-07 -1.77901E-06  -43.46  1.41274E-06 -3.68835E-07  1.08586E-06  3.60253E-08  2.00315E-07  0.2E+01(1)
                        5.000E-02  4.41511E-07  5.58992E-07 -1.86880E-06  -46.80  1.43649E-06 -4.35992E-07  1.13135E-06

      125  CENTER      -5.000E-02  5.06040E-07  5.06040E-07  1.92343E-06   45.00  1.46775E-06 -4.55673E-07  1.16060E-06 -5.66312E-09  5.66312E-09
                        5.000E-02  5.46152E-07  5.46152E-07  1.89323E-06   45.00  1.49277E-06 -4.00463E-07  1.15210E-06

           GRD     130 -5.000E-02  5.51839E-07  4.49901E-07  1.90356E-06   43.47  1.45401E-06 -4.52273E-07  1.15013E-06  1.16833E-07  1.27919E-07 -0.2E+01(2)
                        5.000E-02  4.94443E-07  5.87169E-07  1.87369E-06   46.42  1.47880E-06 -3.97185E-07  1.14153E-06

           GRD       1 -5.000E-02  5.52576E-07  5.52576E-07  1.80015E-06   45.00  1.45265E-06 -3.47498E-07  1.10267E-06  1.19852E-07 -1.19852E-07  0.2E+01(2)
                        5.000E-02  4.93773E-07  4.93773E-07  1.96776E-06   45.00  1.47765E-06 -4.90104E-07  1.18281E-06

           GRD     118 -5.000E-02  4.49901E-07  5.51839E-07  1.90356E-06   46.53  1.45401E-06 -4.52273E-07  1.15013E-06 -1.27919E-07 -1.16833E-07  0.2E+01(2)
                        5.000E-02  5.87169E-07  4.94443E-07  1.87369E-06   43.58  1.47880E-06 -3.97185E-07  1.14153E-06

           GRD     135 -5.000E-02  4.49165E-07  4.49165E-07  2.00697E-06   45.00  1.45265E-06 -5.54321E-07  1.19679E-06 -1.30938E-07  1.30938E-07 -0.2E+01(2)
                        5.000E-02  5.87839E-07  5.87839E-07  1.77962E-06   45.00  1.47765E-06 -3.01973E-07  1.09967E-06

      126  CENTER      -5.000E-02  5.27037E-07  5.27037E-07  1.79757E-06   45.00  1.42582E-06 -3.71746E-07  1.09569E-06  1.20730E-07 -1.20730E-07
                        5.000E-02  5.05493E-07  5.05493E-07  1.88829E-06   45.00  1.44964E-06 -4.38653E-07  1.14110E-06

           GRD     113 -5.000E-02  5.69702E-07  4.74202E-07  1.77901E-06   43.46  1.41274E-06 -3.68835E-07  1.08586E-06  3.60253E-08 -2.00315E-07 -0.2E+01(1)
                        5.000E-02  4.41511E-07  5.58992E-07  1.86880E-06   46.80  1.43649E-06 -4.35992E-07  1.13135E-06

           GRD     124 -5.000E-02  5.70392E-07  5.70392E-07  1.68213E-06   45.00  1.41146E-06 -2.70675E-07  1.04297E-06  3.39986E-08 -3.39986E-08  0.2E+01(1)
                        5.000E-02  4.40662E-07  4.40662E-07  1.98798E-06   45.00  1.43465E-06 -5.53327E-07  1.18476E-06

           GRD     111 -5.000E-02  4.74202E-07  5.69702E-07  1.77901E-06   46.54  1.41274E-06 -3.68835E-07  1.08586E-06  2.00315E-07 -3.60253E-08  0.2E+01(1)
                        5.000E-02  5.58992E-07  4.41511E-07  1.86880E-06   43.20  1.43649E-06 -4.35992E-07  1.13135E-06

           GRD     112 -5.000E-02  4.73512E-07  4.73512E-07  1.87589E-06   45.00  1.41146E-06 -4.64435E-07  1.12811E-06  2.02342E-07 -2.02342E-07 -0.2E+01(1)
                        5.000E-02  5.59841E-07  5.59841E-07  1.74962E-06   45.00  1.43465E-06 -3.14968E-07  1.07689E-06

      127  CENTER      -5.000E-02  5.26160E-07  5.26160E-07  1.81541E-06   45.00  1.43386E-06 -3.81544E-07  1.10526E-06  7.15329E-09 -7.15329E-09
                        5.000E-02  5.24900E-07  5.24900E-07  1.86566E-06   45.00  1.45773E-06 -4.07931E-07  1.13256E-06

           GRD      11 -5.000E-02  4.88583E-07  5.53378E-07  1.79667E-06   46.03  1.41990E-06 -3.77940E-07  1.09455E-06  1.07035E-07  9.30315E-08 -0.2E+01(1)
                        5.000E-02  5.44501E-07  4.94614E-07  1.84641E-06   44.23  1.44310E-06 -4.03983E-07  1.12125E-06

           GRD      15 -5.000E-02  4.88115E-07  4.88115E-07  1.86240E-06   45.00  1.41932E-06 -4.43086E-07  1.12342E-06  1.09503E-07 -1.09503E-07  0.2E+01(1)
                        5.000E-02  5.44862E-07  5.44862E-07  1.79580E-06   45.00  1.44276E-06 -3.53039E-07  1.09859E-06

           GRD      62 -5.000E-02  5.53378E-07  4.88583E-07  1.79667E-06   43.97  1.41990E-06 -3.77940E-07  1.09455E-06 -9.30315E-08 -1.07035E-07  0.2E+01(1)
                        5.000E-02  4.94614E-07  5.44501E-07  1.84641E-06   45.77  1.44310E-06 -4.03983E-07  1.12125E-06

           GRD     126 -5.000E-02  5.53846E-07  5.53846E-07  1.73094E-06   45.00  1.41932E-06 -3.11625E-07  1.06539E-06 -9.54996E-08  9.54996E-08 -0.2E+01(1)
                        5.000E-02  4.94254E-07  4.94254E-07  1.89702E-06   45.00  1.44276E-06 -4.54254E-07  1.14373E-06

      128  CENTER      -5.000E-02  5.27037E-07  5.27037E-07  1.79757E-06   45.00  1.42582E-06 -3.71746E-07  1.09569E-06  1.20730E-07 -1.20730E-07
                        5.000E-02  5.05493E-07  5.05493E-07  1.88829E-06   45.00  1.44964E-06 -4.38653E-07  1.14110E-06

           GRD     107 -5.000E-02  5.69702E-07  4.74202E-07  1.77901E-06   43.46  1.41274E-06 -3.68835E-07  1.08586E-06  3.60253E-08 -2.00315E-07 -0.2E+01(2)
                        5.000E-02  4.41511E-07  5.58992E-07  1.86880E-06   46.80  1.43649E-06 -4.35992E-07  1.13135E-06

           GRD     135 -5.000E-02  5.70392E-07  5.70392E-07  1.68213E-06   45.00  1.41146E-06 -2.70675E-07  1.04297E-06  3.39986E-08 -3.39986E-08  0.2E+01(2)
                        5.000E-02  4.40662E-07  4.40662E-07  1.98798E-06   45.00  1.43465E-06 -5.53327E-07  1.18476E-06

           GRD     105 -5.000E-02  4.74202E-07  5.69702E-07  1.77901E-06   46.54  1.41274E-06 -3.68835E-07  1.08586E-06  2.00315E-07 -3.60253E-08  0.2E+01(2)
                        5.000E-02  5.58992E-07  4.41511E-07  1.86880E-06   43.20  1.43649E-06 -4.35992E-07  1.13135E-06

           GRD     106 -5.000E-02  4.73512E-07  4.73512E-07  1.87589E-06   45.00  1.41146E-06 -4.64435E-07  1.12811E-06  2.02342E-07 -2.02342E-07 -0.2E+01(2)
                        5.000E-02  5.59841E-07  5.59841E-07  1.74962E-06   45.00  1.43465E-06 -3.14968E-07  1.07689E-06

      129  CENTER      -5.000E-02  5.06040E-07  5.06040E-07  1.92343E-06   45.00  1.46775E-06 -4.55673E-07  1.16060E-06 -5.66312E-09  5.66312E-09
                        5.000E-02  5.46152E-07  5.46152E-07  1.89323E-06   45.00  1.49277E-06 -4.00463E-07  1.15210E-06

           GRD     129 -5.000E-02  5.51839E-07  4.49901E-07  1.90356E-06   43.47  1.45401E-06 -4.52273E-07  1.15013E-06  1.16833E-07  1.27919E-07 -0.2E+01(1)
                        5.000E-02  4.94443E-07  5.87169E-07  1.87369E-06   46.42  1.47880E-06 -3.97185E-07  1.14153E-06

           GRD      19 -5.000E-02  5.52576E-07  5.52576E-07  1.80015E-06   45.00  1.45265E-06 -3.47498E-07  1.10267E-06  1.19852E-07 -1.19852E-07  0.2E+01(1)
                        5.000E-02  4.93773E-07  4.93773E-07  1.96776E-06   45.00  1.47765E-06 -4.90104E-07  1.18281E-06

           GRD     134 -5.000E-02  4.49901E-07  5.51839E-07  1.90356E-06   46.53  1.45401E-06 -4.52273E-07  1.15013E-06 -1.27919E-07 -1.16833E-07  0.2E+01(1)
                        5.000E-02  5.87169E-07  4.94443E-07  1.87369E-06   43.58  1.47880E-06 -3.97185E-07  1.14153E-06

           GRD     124 -5.000E-02  4.49165E-07  4.49165E-07  2.00697E-06   45.00  1.45265E-06 -5.54321E-07  1.19679E-06 -1.30938E-07  1.30938E-07 -0.2E+01(1)
                        5.000E-02  5.87839E-07  5.87839E-07  1.77962E-06   45.00  1.47765E-06 -3.01973E-07  1.09967E-06

      130  CENTER      -5.000E-02  5.27037E-07  5.27037E-07 -1.79757E-06  -45.00  1.42582E-06 -3.71746E-07  1.09569E-06  1.20730E-07  1.20730E-07
                        5.000E-02  5.05493E-07  5.05493E-07 -1.88829E-06  -45.00  1.44964E-06 -4.38653E-07  1.14110E-06

           GRD     101 -5.000E-02  4.73512E-07  4.73512E-07 -1.87589E-06  -45.00  1.41146E-06 -4.64435E-07  1.12811E-06  2.02342E-07  2.02342E-07  0.2E+01(1)
                        5.000E-02  5.59841E-07  5.59841E-07 -1.74962E-06  -45.00  1.43465E-06 -3.14968E-07  1.07689E-06

           GRD     100 -5.000E-02  4.74202E-07  5.69702E-07 -1.77901E-06  -46.54  1.41274E-06 -3.68835E-07  1.08586E-06  2.00315E-07  3.60253E-08 -0.2E+01(1)
                        5.000E-02  5.58992E-07  4.41511E-07 -1.86880E-06  -43.20  1.43649E-06 -4.35992E-07  1.13135E-06

           GRD     125 -5.000E-02  5.70392E-07  5.70392E-07 -1.68213E-06  -45.00  1.41146E-06 -2.70675E-07  1.04297E-06  3.39986E-08  3.39986E-08 -0.2E+01(1)
                        5.000E-02  4.40662E-07  4.40662E-07 -1.98798E-06  -45.00  1.43465E-06 -5.53327E-07  1.18476E-06

           GRD     117 -5.000E-02  5.69702E-07  4.74202E-07 -1.77901E-06  -43.46  1.41274E-06 -3.68835E-07  1.08586E-06  3.60253E-08  2.00315E-07  0.2E+01(1)
                        5.000E-02  4.41511E-07  5.58992E-07 -1.86880E-06  -46.80  1.43649E-06 -4.35992E-07  1.13135E-06

      131  CENTER      -5.000E-02  5.27037E-07  5.27037E-07  1.79757E-06   45.00  1.42582E-06 -3.71746E-07  1.09569E-06  1.20730E-07 -1.20730E-07
                        5.000E-02  5.05493E-07  5.05493E-07  1.88829E-06   45.00  1.44964E-06 -4.38653E-07  1.14110E-06

           GRD     115 -5.000E-02  5.69702E-07  4.74202E-07  1.77901E-06   43.46  1.41274E-06 -3.68835E-07  1.08586E-06  3.60253E-08 -2.00315E-07 -0.2E+01(1)
                        5.000E-02  4.41511E-07  5.58992E-07  1.86880E-06   46.80  1.43649E-06 -4.35992E-07  1.13135E-06

           GRD     131 -5.000E-02  5.70392E-07  5.70392E-07  1.68213E-06   45.00  1.41146E-06 -2.70675E-07  1.04297E-06  3.39986E-08 -3.39986E-08  0.2E+01(1)
                        5.000E-02  4.40662E-07  4.40662E-07  1.98798E-06   45.00  1.43465E-06 -5.53327E-07  1.18476E-06

           GRD     113 -5.000E-02  4.74202E-07  5.69702E-07  1.77901E-06   46.54  1.41274E-06 -3.68835E-07  1.08586E-06  2.00315E-07 -3.60253E-08  0.2E+01(1)
                        5.000E-02  5.58992E-07  4.41511E-07  1.86880E-06   43.20  1.43649E-06 -4.35992E-07  1.13135E-06

           GRD     114 -5.000E-02  4.73512E-07  4.73512E-07  1.87589E-06   45.00  1.41146E-06 -4.64435E-07  1.12811E-06  2.02342E-07 -2.02342E-07 -0.2E+01(1)
                        5.000E-02  5.59841E-07  5.59841E-07  1.74962E-06   45.00  1.43465E-06 -3.14968E-07  1.07689E-06

      132  CENTER      -5.000E-02  5.26160E-07  5.26160E-07  1.81541E-06   45.00  1.43386E-06 -3.81544E-07  1.10526E-06  7.15329E-09 -7.15329E-09
                        5.000E-02  5.24900E-07  5.24900E-07  1.86566E-06   45.00  1.45773E-06 -4.07931E-07  1.13256E-06

           GRD       8 -5.000E-02  4.88583E-07  5.53378E-07  1.79667E-06   46.03  1.41990E-06 -3.77940E-07  1.09455E-06  1.07035E-07  9.30315E-08 -0.2E+01(2)
                        5.000E-02  5.44501E-07  4.94614E-07  1.84641E-06   44.23  1.44310E-06 -4.03983E-07  1.12125E-06

           GRD      69 -5.000E-02  4.88115E-07  4.88115E-07  1.86240E-06   45.00  1.41932E-06 -4.43086E-07  1.12342E-06  1.09503E-07 -1.09503E-07  0.2E+01(2)
                        5.000E-02  5.44862E-07  5.44862E-07  1.79580E-06   45.00  1.44276E-06 -3.53039E-07  1.09859E-06

           GRD      98 -5.000E-02  5.53378E-07  4.88583E-07  1.79667E-06   43.97  1.41990E-06 -3.77940E-07  1.09455E-06 -9.30315E-08 -1.07035E-07  0.2E+01(2)
                        5.000E-02  4.94614E-07  5.44501E-07  1.84641E-06   45.77  1.44310E-06 -4.03983E-07  1.12125E-06

           GRD     120 -5.000E-02  5.53846E-07  5.53846E-07  1.73094E-06   45.00  1.41932E-06 -3.11625E-07  1.06539E-06 -9.54996E-08  9.54996E-08 -0.2E+01(2)
                        5.000E-02  4.94254E-07  4.94254E-07  1.89702E-06   45.00  1.44276E-06 -4.54254E-07  1.14373E-06

      133  CENTER      -5.000E-02  5.26160E-07  5.26160E-07  1.81541E-06   45.00  1.43386E-06 -3.81544E-07  1.10526E-06  7.15329E-09 -7.15329E-09
                        5.000E-02  5.24900E-07  5.24900E-07  1.86566E-06   45.00  1.45773E-06 -4.07931E-07  1.13256E-06

           GRD       1 -5.000E-02  4.88583E-07  5.53378E-07  1.79667E-06   46.03  1.41990E-06 -3.77940E-07  1.09455E-06  1.07035E-07  9.30315E-08 -0.2E+01(1)
                        5.000E-02  5.44501E-07  4.94614E-07  1.84641E-06   44.23  1.44310E-06 -4.03983E-07  1.12125E-06

           GRD       6 -5.000E-02  4.88115E-07  4.88115E-07  1.86240E-06   45.00  1.41932E-06 -4.43086E-07  1.12342E-06  1.09503E-07 -1.09503E-07  0.2E+01(1)
                        5.000E-02  5.44862E-07  5.44862E-07  1.79580E-06   45.00  1.44276E-06 -3.53039E-07  1.09859E-06

           GRD      11 -5.000E-02  5.53378E-07  4.88583E-07  1.79667E-06   43.97  1.41990E-06 -3.77940E-07  1.09455E-06 -9.30315E-08 -1.07035E-07  0.2E+01(1)
                        5.000E-02  4.94614E-07  5.44501E-07  1.84641E-06   45.77  1.44310E-06 -4.03983E-07  1.12125E-06

           GRD     118 -5.000E-02  5.53846E-07  5.53846E-07  1.73094E-06   45.00  1.41932E-06 -3.11625E-07  1.06539E-06 -9.54996E-08  9.54996E-08 -0.2E+01(1)
                        5.000E-02  4.94254E-07  4.94254E-07  1.89702E-06   45.00  1.44276E-06 -4.54254E-07  1.14373E-06

      134  CENTER      -5.000E-02  5.16180E-07  5.16180E-07  1.78910E-06   45.00  1.41073E-06 -3.78369E-07  1.08875E-06 -1.69382E-08  1.69382E-08
                        5.000E-02  5.20026E-07  5.20026E-07  1.82834E-06   45.00  1.43420E-06 -3.94146E-07  1.11107E-06

           GRD     119 -5.000E-02  4.52018E-07  5.70129E-07  1.77063E-06   46.91  1.39836E-06 -3.76211E-07  1.07971E-06  1.23192E-07  1.56350E-07 -0.2E+01(1)
                        5.000E-02  5.87571E-07  4.41944E-07  1.80948E-06   42.70  1.42242E-06 -3.92906E-07  1.10283E-06

           GRD     130 -5.000E-02  4.51165E-07  4.51165E-07  1.89045E-06   45.00  1.39639E-06 -4.94061E-07  1.13214E-06  1.26640E-07 -1.26640E-07  0.2E+01(1)
                        5.000E-02  5.88623E-07  5.88623E-07  1.66175E-06   45.00  1.41950E-06 -2.42249E-07  1.03656E-06

           GRD     135 -5.000E-02  5.70129E-07  4.52018E-07  1.77063E-06   43.09  1.39836E-06 -3.76211E-07  1.07971E-06 -1.56350E-07 -1.23192E-07  0.2E+01(1)
                        5.000E-02  4.41944E-07  5.87571E-07  1.80948E-06   47.30  1.42242E-06 -3.92906E-07  1.10283E-06

           GRD     107 -5.000E-02  5.70982E-07  5.70982E-07  1.65082E-06   45.00  1.39639E-06 -2.54426E-07  1.02630E-06 -1.59798E-07  1.59798E-07 -0.2E+01(1)
                        5.000E-02  4.40892E-07  4.40892E-07  1.95721E-06   45.00  1.41950E-06 -5.37713E-07  1.16760E-06

      135  CENTER      -5.000E-02  5.26160E-07  5.26160E-07 -1.81541E-06  -45.00  1.43386E-06 -3.81544E-07  1.10526E-06 -7.15329E-09 -7.15329E-09
                        5.000E-02  5.24900E-07  5.24900E-07 -1.86566E-06  -45.00  1.45773E-06 -4.07931E-07  1.13256E-06

           GRD      32 -5.000E-02  4.88115E-07  4.88115E-07 -1.86240E-06  -45.00  1.41932E-06 -4.43086E-07  1.12342E-06 -1.09503E-07 -1.09503E-07  0.2E+01(2)
                        5.000E-02  5.44862E-07  5.44862E-07 -1.79580E-06  -45.00  1.44276E-06 -3.53039E-07  1.09859E-06

           GRD      82 -5.000E-02  4.88583E-07  5.53378E-07 -1.79667E-06  -46.03  1.41990E-06 -3.77940E-07  1.09455E-06 -1.07035E-07  9.30315E-08 -0.2E+01(2)
                        5.000E-02  5.44501E-07  4.94614E-07 -1.84641E-06  -44.23  1.44310E-06 -4.03983E-07  1.12125E-06

           GRD      94 -5.000E-02  5.53846E-07  5.53846E-07 -1.73094E-06  -45.00  1.41932E-06 -3.11625E-07  1.06539E-06  9.54996E-08  9.54996E-08 -0.2E+01(2)
                        5.000E-02  4.94254E-07  4.94254E-07 -1.89702E-06  -45.00  1.44276E-06 -4.54254E-07  1.14373E-06

           GRD      56 -5.000E-02  5.53378E-07  4.88583E-07 -1.79667E-06  -43.97  1.41990E-06 -3.77940E-07  1.09455E-06  9.30315E-08 -1.07035E-07  0.2E+01(2)
                        5.000E-02  4.94614E-07  5.44501E-07 -1.84641E-06  -45.77  1.44310E-06 -4.03983E-07  1.12125E-06
                                  ------------ ------------ ------------         ------------ ------------ ------------ ------------ ------------ --------
 MAX* :                            5.88623E-07  5.88623E-07  2.00697E-06          1.49277E-06 -2.42249E-07  1.19679E-06  2.02342E-07  2.02342E-07  0.8E+01
 MIN* :                            4.40662E-07  4.40662E-07 -2.00697E-06          1.39639E-06 -5.54321E-07  1.02630E-06 -2.02342E-07 -2.02342E-07 -0.8E+01

 ABS* :                            5.88623E-07  5.88623E-07  2.00697E-06          1.49277E-06  5.54321E-07  1.19679E-06  2.02342E-07  2.02342E-07  0.8E+01
 *for output set
 NOTE: Explanation of errors in the polynomial fit to extrapolate element corner point strains from values at the Gauss points:
       (1): Polynomial fit error is in X  normal  strain
       (2): Polynomial fit error is in Y  normal  strain
       (6): Polynomial fit error is in XY twist   strain


 OUTPUT FOR SUBCASE        1

                                     E L E M E N T   S T R A I N S   I N   L O C A L   E L E M E N T   C O O R D I N A T E   S Y S T E M
                                                                 F O R   E L E M E N T   T Y P E   T R I A 3  
  Element    Location      Fiber         Strains In Element Coord System      Principal  Strains (Zero Shear)                Transverse   Transverse
     ID                   Distance     Normal-X     Normal-Y     Shear-XY      Angle     Major        Minor      von Mises    Shear-XZ     Shear-YZ

       82    Anywhere   -5.00000E-02  5.01495E-07  4.82176E-07 -2.00766E-06  -44.724  1.49571E-06 -5.12039E-07  1.20466E-06 -5.71511E-07 -5.77037E-07
             in elem     5.00000E-02  5.72415E-07  5.54475E-07 -1.86444E-06  -44.724  1.49571E-06 -3.68820E-07  1.14014E-06

       83    Anywhere   -5.00000E-02  5.01495E-07  4.82176E-07 -2.00766E-06  -44.724  1.49571E-06 -5.12039E-07  1.20466E-06 -5.71511E-07 -5.77037E-07
             in elem     5.00000E-02  5.72415E-07  5.54475E-07 -1.86444E-06  -44.724  1.49571E-06 -3.68820E-07  1.14014E-06

       84    Anywhere   -5.00000E-02  5.01495E-07  4.82176E-07 -2.00766E-06  -44.724  1.49571E-06 -5.12039E-07  1.20466E-06 -5.71511E-07 -5.77037E-07
             in elem     5.00000E-02  5.72415E-07  5.54475E-07 -1.86444E-06  -44.724  1.49571E-06 -3.68820E-07  1.14014E-06

       85    Anywhere   -5.00000E-02  5.01495E-07  4.82176E-07 -2.00766E-06  -44.724  1.49571E-06 -5.12039E-07  1.20466E-06 -5.71511E-07 -5.77037E-07
             in elem     5.00000E-02  5.72415E-07  5.54475E-07 -1.86444E-06  -44.724  1.49571E-06 -3.68820E-07  1.14014E-06

       86    Anywhere   -5.00000E-02  5.01495E-07  4.82176E-07 -2.00766E-06  -44.724  1.49571E-06 -5.12039E-07  1.20466E-06 -5.71511E-07 -5.77037E-07
             in elem     5.00000E-02  5.72415E-07  5.54475E-07 -1.86444E-06  -44.724  1.49571E-06 -3.68820E-07  1.14014E-06

       87    Anywhere   -5.00000E-02  5.01495E-07  4.82176E-07 -2.00766E-06  -44.724  1.49571E-06 -5.12039E-07  1.20466E-06 -5.71511E-07 -5.77037E-07
             in elem     5.00000E-02  5.72415E-07  5.54475E-07 -1.86444E-06  -44.724  1.49571E-06 -3.68820E-07  1.14014E-06

       88    Anywhere   -5.00000E-02  5.01495E-07  4.82176E-07 -2.00766E-06  -44.724  1.49571E-06 -5.12039E-07  1.20466E-06 -5.71511E-07 -5.77037E-07
             in elem     5.00000E-02  5.72415E-07  5.54475E-07 -1.86444E-06  -44.724  1.49571E-06 -3.68820E-07  1.14014E-06

       89    Anywhere   -5.00000E-02  5.01495E-07  4.82176E-07 -2.00766E-06  -44.724  1.49571E-06 -5.12039E-07  1.20466E-06 -5.71511E-07 -5.77037E-07
             in elem     5.00000E-02  5.72415E-07  5.54475E-07 -1.86444E-06  -44.724  1.49571E-06 -3.68820E-07  1.14014E-06

       90    Anywhere   -5.00000E-02  5.01495E-07  4.82176E-07 -2.00766E-06  -44.724  1.49571E-06 -5.12039E-07  1.20466E-06 -5.71511E-07 -5.77037E-07
             in elem     5.00000E-02  5.72415E-07  5.54475E-07 -1.86444E-06  -44.724  1.49571E-06 -3.68820E-07  1.14014E-06

       91    Anywhere   -5.00000E-02  5.01495E-07  4.82176E-07 -2.00766E-06  -44.724  1.49571E-06 -5.12039E-07  1.20466E-06 -5.71511E-07 -5.77037E-07
             in elem     5.00000E-02  5.72415E-07  5.54475E-07 -1.86444E-06  -44.724  1.49571E-06 -3.68820E-07  1.14014E-06

       92    Anywhere   -5.00000E-02  5.01495E-07  4.82176E-07 -2.00766E-06  -44.724  1.49571E-06 -5.12039E-07  1.20466E-06 -5.71511E-07 -5.77037E-07
             in elem     5.00000E-02  5.72415E-07  5.54475E-07 -1.86444E-06  -44.724  1.49571E-06 -3.68820E-07  1.14014E-06

       93    Anywhere   -5.00000E-02  5.01495E-07  4.82176E-07 -2.00766E-06  -44.724  1.49571E-06 -5.12039E-07  1.20466E-06 -5.71511E-07 -5.77037E-07
             in elem     5.00000E-02  5.72415E-07  5.54475E-07 -1.86444E-06  -44.724  1.49571E-06 -3.68820E-07  1.14014E-06

       94    Anywhere   -5.00000E-02  5.01495E-07  4.82176E-07 -2.00766E-06  -44.724  1.49571E-06 -5.12039E-07  1.20466E-06 -5.71511E-07 -5.77037E-07
             in elem     5.00000E-02  5.72415E-07  5.54475E-07 -1.86444E-06  -44.724  1.49571E-06 -3.68820E-07  1.14014E-06

       95    Anywhere   -5.00000E-02  5.01495E-07  4.82176E-07 -2.00766E-06  -44.724  1.49571E-06 -5.12039E-07  1.20466E-06 -5.71511E-07 -5.77037E-07
             in elem     5.00000E-02  5.72415E-07  5.54475E-07 -1.86444E-06  -44.724  1.49571E-06 -3.68820E-07  1.14014E-06

       96    Anywhere   -5.00000E-02  5.01495E-07  4.82176E-07 -2.00766E-06  -44.724  1.49571E-06 -5.12039E-07  1.20466E-06 -5.71511E-07 -5.77037E-07
             in elem     5.00000E-02  5.72415E-07  5.54475E-07 -1.86444E-06  -44.724  1.49571E-06 -3.68820E-07  1.14014E-06

       97    Anywhere   -5.00000E-02  5.01495E-07  4.82176E-07 -2.00766E-06  -44.724  1.49571E-06 -5.12039E-07  1.20466E-06 -5.71511E-07 -5.77037E-07
             in elem     5.00000E-02  5.72415E-07  5.54475E-07 -1.86444E-06  -44.724  1.49571E-06 -3.68820E-07  1.14014E-06

       98    Anywhere   -5.00000E-02  5.01495E-07  4.82176E-07 -2.00766E-06  -44.724  1.49571E-06 -5.12039E-07  1.20466E-06 -5.71511E-07 -5.77037E-07
             in elem     5.00000E-02  5.72415E-07  5.54475E-07 -1.86444E-06  -44.724  1.49571E-06 -3.68820E-07  1.14014E-06

       99    Anywhere   -5.00000E-02  5.01495E-07  4.82176E-07 -2.00766E-06  -44.724  1.49571E-06 -5.12039E-07  1.20466E-06 -5.71511E-07 -5.77037E-07
             in elem     5.00000E-02  5.72415E-07  5.54475E-07 -1.86444E-06  -44.724  1.49571E-06 -3.68820E-07  1.14014E-06
                                     ------------ ------------ ------------          ------------ ------------ ------------ ------------ ------------
 MAX* :                               5.72415E-07  5.54475E-07 -1.86444E-06           1.49571E-06 -3.68820E-07  1.20466E-06 -5.71511E-07 -5.77037E-07
 MIN* :                               5.01495E-07  4.82176E-07 -2.00766E-06           1.49571E-06 -5.12039E-07  1.14014E-06 -5.71511E-07 -5.77037E-07

 ABS* :                               5.72415E-07  5.54475E-07  2.00766E-06           1.49571E-06  5.12039E-07  1.20466E-06  5.71511E-07  5.77037E-07
 *for output set

 >> LINK  9 END

    Total CPU time =  7.66E-01 seconds

 >> MYSTRAN END    :  9/24/2026 at 18: 1:42.181

                                          * * * END OF JOB * * *
