   627193302

 MYSTRAN Version 18.0.0   APR 20 2026 MYSTRAN developed by Dr Bill Case
*** Please report any problems to mystransolver@gmail.com ***                                                                                                                                                                                                   

 >> MYSTRAN BEGIN  :  6/27/2026 at 19:33: 2.234 The input file is C:\Users\victo\Documents\Git\MYSTRAN_Validation\working\NAS B30 quad4 laminate isotropic refined.bdf                                                                                                                                                            


 >> LINK  0 BEGIN


SOL 105                                                                                                                                                                                                                                                         
CEND                                                                                                                                                                                                                                                            
DISPLACEMENT = ALL                                                                                                                                                                                                                                              
SPC = 1                                                                                                                                                                                                                                                         
SUBCASE 1                                                                                                                                                                                                                                                       
LOAD = 1                                                                                                                                                                                                                                                        
SUBCASE 2                                                                                                                                                                                                                                                       
METHOD = 1                                                                                                                                                                                                                                                      
BEGIN BULK                                                                                                                                                                                                                                                      
ECHO: loadb GRID           1       0   0.0+0   0.0+0   0.0+0       0                                                                                                                                                                                                        
ECHO: loadb GRID           2       0   0.0+0  6.25-1   0.0+0       0                                                                                                                                                                                                        
ECHO: loadb GRID           3       0   5.0-2  6.25-1   0.0+0       0                                                                                                                                                                                                        
ECHO: loadb GRID           4       0   0.0+0   1.0+0   0.0+0       0                                                                                                                                                                                                        
ECHO: loadb GRID           5       0   5.0-2   0.0+0   0.0+0       0                                                                                                                                                                                                        
ECHO: loadb GRID           6       0   0.0+0  3.75-1   0.0+0       0                                                                                                                                                                                                        
ECHO: loadb GRID           7       0   5.0-2   2.5-1   0.0+0       0                                                                                                                                                                                                        
ECHO: loadb GRID           8       0   0.0+0   5.0-1   0.0+0       0                                                                                                                                                                                                        
ECHO: loadb GRID           9       0   0.0+0  1.25-1   0.0+0       0                                                                                                                                                                                                        
ECHO: loadb GRID          10       0   5.0-2  1.25-1   0.0+0       0                                                                                                                                                                                                        
ECHO: loadb GRID          11       0   5.0-2  3.75-1   0.0+0       0                                                                                                                                                                                                        
ECHO: loadb GRID          12       0   5.0-2   1.0+0   0.0+0       0                                                                                                                                                                                                        
ECHO: loadb GRID          13       0   0.0+0   7.5-1   0.0+0       0                                                                                                                                                                                                        
ECHO: loadb GRID          14       0   0.0+0  8.75-1   0.0+0       0                                                                                                                                                                                                        
ECHO: loadb GRID          15       0   5.0-2   5.0-1   0.0+0       0                                                                                                                                                                                                        
ECHO: loadb GRID          16       0   5.0-2  8.75-1   0.0+0       0                                                                                                                                                                                                        
ECHO: loadb GRID          17       0   0.0+0   2.5-1   0.0+0       0                                                                                                                                                                                                        
ECHO: loadb GRID          18       0   5.0-2   7.5-1   0.0+0       0                                                                                                                                                                                                        
ECHO: loadb GRID          19       0   2.5-2   0.0+0   0.0+0       0                                                                                                                                                                                                        
ECHO: loadb GRID          20       0   5.0-2  6.25-2   0.0+0       0                                                                                                                                                                                                        
ECHO: loadb GRID          21       0   2.5-2  1.25-1   0.0+0       0                                                                                                                                                                                                        
ECHO: loadb GRID          22       0   0.0+0  6.25-2   0.0+0       0                                                                                                                                                                                                        
ECHO: loadb GRID          23       0   2.5-2  6.25-2   0.0+0       0                                                                                                                                                                                                        
ECHO: loadb GRID          24       0   5.0-2 1.875-1   0.0+0       0                                                                                                                                                                                                        
ECHO: loadb GRID          25       0   2.5-2   2.5-1   0.0+0       0                                                                                                                                                                                                        
ECHO: loadb GRID          26       0   0.0+0 1.875-1   0.0+0       0                                                                                                                                                                                                        
ECHO: loadb GRID          27       0   2.5-2 1.875-1   0.0+0       0                                                                                                                                                                                                        
ECHO: loadb GRID          28       0   5.0-2 3.125-1   0.0+0       0                                                                                                                                                                                                        
ECHO: loadb GRID          29       0   2.5-2  3.75-1   0.0+0       0                                                                                                                                                                                                        
ECHO: loadb GRID          30       0   0.0+0 3.125-1   0.0+0       0                                                                                                                                                                                                        
ECHO: loadb GRID          31       0   2.5-2 3.125-1   0.0+0       0                                                                                                                                                                                                        
ECHO: loadb GRID          32       0   5.0-2 4.375-1   0.0+0       0                                                                                                                                                                                                        
ECHO: loadb GRID          33       0   2.5-2   5.0-1   0.0+0       0                                                                                                                                                                                                        
ECHO: loadb GRID          34       0   0.0+0 4.375-1   0.0+0       0                                                                                                                                                                                                        
ECHO: loadb GRID          35       0   2.5-2 4.375-1   0.0+0       0                                                                                                                                                                                                        
ECHO: loadb GRID          36       0   5.0-2 5.625-1   0.0+0       0                                                                                                                                                                                                        
ECHO: loadb GRID          37       0   2.5-2  6.25-1   0.0+0       0                                                                                                                                                                                                        
ECHO: loadb GRID          38       0   0.0+0 5.625-1   0.0+0       0                                                                                                                                                                                                        
ECHO: loadb GRID          39       0   2.5-2 5.625-1   0.0+0       0                                                                                                                                                                                                        
ECHO: loadb GRID          40       0   5.0-2 6.875-1   0.0+0       0                                                                                                                                                                                                        
ECHO: loadb GRID          41       0   2.5-2   7.5-1   0.0+0       0                                                                                                                                                                                                        
ECHO: loadb GRID          42       0   0.0+0 6.875-1   0.0+0       0                                                                                                                                                                                                        
ECHO: loadb GRID          43       0   2.5-2 6.875-1   0.0+0       0                                                                                                                                                                                                        
ECHO: loadb GRID          44       0   5.0-2 8.125-1   0.0+0       0                                                                                                                                                                                                        
ECHO: loadb GRID          45       0   2.5-2  8.75-1   0.0+0       0                                                                                                                                                                                                        
ECHO: loadb GRID          46       0   0.0+0 8.125-1   0.0+0       0                                                                                                                                                                                                        
ECHO: loadb GRID          47       0   2.5-2 8.125-1   0.0+0       0                                                                                                                                                                                                        
ECHO: loadb GRID          48       0   5.0-2 9.375-1   0.0+0       0                                                                                                                                                                                                        
ECHO: loadb GRID          49       0   2.5-2   1.0+0   0.0+0       0                                                                                                                                                                                                        
ECHO: loadb GRID          50       0   0.0+0 9.375-1   0.0+0       0                                                                                                                                                                                                        
ECHO: loadb GRID          51       0   2.5-2 9.375-1   0.0+0       0                                                                                                                                                                                                        
ECHO: loadb GRID*                 52               0           5.0-2        7.8125-1*                                                                                                                                                                                       
ECHO: loadb *                  0.0+0               0                                                                                                                                                                                                                        
ECHO: loadb GRID          53       0  3.75-2 8.125-1   0.0+0       0                                                                                                                                                                                                        
ECHO: loadb GRID*                 54               0           2.5-2        7.8125-1*                                                                                                                                                                                       
ECHO: loadb *                  0.0+0               0                                                                                                                                                                                                                        
ECHO: loadb GRID          55       0  3.75-2   7.5-1   0.0+0       0                                                                                                                                                                                                        
ECHO: loadb GRID*                 56               0          3.75-2        7.8125-1*                                                                                                                                                                                       
ECHO: loadb *                  0.0+0               0                                                                                                                                                                                                                        
ECHO: loadb GRID*                 57               0           5.0-2        8.4375-1*                                                                                                                                                                                       
ECHO: loadb *                  0.0+0               0                                                                                                                                                                                                                        
ECHO: loadb GRID          58       0  3.75-2  8.75-1   0.0+0       0                                                                                                                                                                                                        
ECHO: loadb GRID*                 59               0           2.5-2        8.4375-1*                                                                                                                                                                                       
ECHO: loadb *                  0.0+0               0                                                                                                                                                                                                                        
ECHO: loadb GRID*                 60               0          3.75-2        8.4375-1*                                                                                                                                                                                       
ECHO: loadb *                  0.0+0               0                                                                                                                                                                                                                        
ECHO: loadb GRID          61       0  1.25-2  8.75-1   0.0+0       0                                                                                                                                                                                                        
ECHO: loadb GRID*                 62               0           0.0+0        8.4375-1*                                                                                                                                                                                       
ECHO: loadb *                  0.0+0               0                                                                                                                                                                                                                        
ECHO: loadb GRID          63       0  1.25-2 8.125-1   0.0+0       0                                                                                                                                                                                                        
ECHO: loadb GRID*                 64               0          1.25-2        8.4375-1*                                                                                                                                                                                       
ECHO: loadb *                  0.0+0               0                                                                                                                                                                                                                        
ECHO: loadb GRID*                 65               0           0.0+0        7.8125-1*                                                                                                                                                                                       
ECHO: loadb *                  0.0+0               0                                                                                                                                                                                                                        
ECHO: loadb GRID          66       0  1.25-2   7.5-1   0.0+0       0                                                                                                                                                                                                        
ECHO: loadb GRID*                 67               0          1.25-2        7.8125-1*                                                                                                                                                                                       
ECHO: loadb *                  0.0+0               0                                                                                                                                                                                                                        
ECHO: loadb GRID*                 68               0           5.0-2        9.0625-1*                                                                                                                                                                                       
ECHO: loadb *                  0.0+0               0                                                                                                                                                                                                                        
ECHO: loadb GRID          69       0  3.75-2 9.375-1   0.0+0       0                                                                                                                                                                                                        
ECHO: loadb GRID*                 70               0           2.5-2        9.0625-1*                                                                                                                                                                                       
ECHO: loadb *                  0.0+0               0                                                                                                                                                                                                                        
ECHO: loadb GRID*                 71               0          3.75-2        9.0625-1*                                                                                                                                                                                       
ECHO: loadb *                  0.0+0               0                                                                                                                                                                                                                        
ECHO: loadb GRID*                 72               0           5.0-2        9.6875-1*                                                                                                                                                                                       
ECHO: loadb *                  0.0+0               0                                                                                                                                                                                                                        
ECHO: loadb GRID          73       0  3.75-2   1.0+0   0.0+0       0                                                                                                                                                                                                        
ECHO: loadb GRID*                 74               0           2.5-2        9.6875-1*                                                                                                                                                                                       
ECHO: loadb *                  0.0+0               0                                                                                                                                                                                                                        
ECHO: loadb GRID*                 75               0          3.75-2        9.6875-1*                                                                                                                                                                                       
ECHO: loadb *                  0.0+0               0                                                                                                                                                                                                                        
ECHO: loadb GRID          76       0  1.25-2   1.0+0   0.0+0       0                                                                                                                                                                                                        
ECHO: loadb GRID*                 77               0           0.0+0        9.6875-1*                                                                                                                                                                                       
ECHO: loadb *                  0.0+0               0                                                                                                                                                                                                                        
ECHO: loadb GRID          78       0  1.25-2 9.375-1   0.0+0       0                                                                                                                                                                                                        
ECHO: loadb GRID*                 79               0          1.25-2        9.6875-1*                                                                                                                                                                                       
ECHO: loadb *                  0.0+0               0                                                                                                                                                                                                                        
ECHO: loadb GRID*                 80               0           0.0+0        9.0625-1*                                                                                                                                                                                       
ECHO: loadb *                  0.0+0               0                                                                                                                                                                                                                        
ECHO: loadb GRID*                 81               0          1.25-2        9.0625-1*                                                                                                                                                                                       
ECHO: loadb *                  0.0+0               0                                                                                                                                                                                                                        
ECHO: loadb GRID          82       0  1.25-2   0.0+0   0.0+0       0                                                                                                                                                                                                        
ECHO: loadb GRID          83       0   2.5-2 3.125-2   0.0+0       0                                                                                                                                                                                                        
ECHO: loadb GRID          84       0  1.25-2  6.25-2   0.0+0       0                                                                                                                                                                                                        
ECHO: loadb GRID          85       0   0.0+0 3.125-2   0.0+0       0                                                                                                                                                                                                        
ECHO: loadb GRID          86       0  1.25-2 3.125-2   0.0+0       0                                                                                                                                                                                                        
ECHO: loadb GRID          87       0  3.75-2   0.0+0   0.0+0       0                                                                                                                                                                                                        
ECHO: loadb GRID          88       0   5.0-2 3.125-2   0.0+0       0                                                                                                                                                                                                        
ECHO: loadb GRID          89       0  3.75-2  6.25-2   0.0+0       0                                                                                                                                                                                                        
ECHO: loadb GRID          90       0  3.75-2 3.125-2   0.0+0       0                                                                                                                                                                                                        
ECHO: loadb GRID          91       0   5.0-2 9.375-2   0.0+0       0                                                                                                                                                                                                        
ECHO: loadb GRID          92       0  3.75-2  1.25-1   0.0+0       0                                                                                                                                                                                                        
ECHO: loadb GRID          93       0   2.5-2 9.375-2   0.0+0       0                                                                                                                                                                                                        
ECHO: loadb GRID          94       0  3.75-2 9.375-2   0.0+0       0                                                                                                                                                                                                        
ECHO: loadb GRID          95       0  1.25-2  1.25-1   0.0+0       0                                                                                                                                                                                                        
ECHO: loadb GRID          96       0   0.0+0 9.375-2   0.0+0       0                                                                                                                                                                                                        
ECHO: loadb GRID          97       0  1.25-2 9.375-2   0.0+0       0                                                                                                                                                                                                        
ECHO: loadb GRID*                 98               0           5.0-2        1.5625-1*                                                                                                                                                                                       
ECHO: loadb *                  0.0+0               0                                                                                                                                                                                                                        
ECHO: loadb GRID          99       0  3.75-2 1.875-1   0.0+0       0                                                                                                                                                                                                        
ECHO: loadb GRID*                100               0           2.5-2        1.5625-1*                                                                                                                                                                                       
ECHO: loadb *                  0.0+0               0                                                                                                                                                                                                                        
ECHO: loadb GRID*                101               0          3.75-2        1.5625-1*                                                                                                                                                                                       
ECHO: loadb *                  0.0+0               0                                                                                                                                                                                                                        
ECHO: loadb GRID*                102               0           5.0-2        2.1875-1*                                                                                                                                                                                       
ECHO: loadb *                  0.0+0               0                                                                                                                                                                                                                        
ECHO: loadb GRID         103       0  3.75-2   2.5-1   0.0+0       0                                                                                                                                                                                                        
ECHO: loadb GRID*                104               0           2.5-2        2.1875-1*                                                                                                                                                                                       
ECHO: loadb *                  0.0+0               0                                                                                                                                                                                                                        
ECHO: loadb GRID*                105               0          3.75-2        2.1875-1*                                                                                                                                                                                       
ECHO: loadb *                  0.0+0               0                                                                                                                                                                                                                        
ECHO: loadb GRID         106       0  1.25-2   2.5-1   0.0+0       0                                                                                                                                                                                                        
ECHO: loadb GRID*                107               0           0.0+0        2.1875-1*                                                                                                                                                                                       
ECHO: loadb *                  0.0+0               0                                                                                                                                                                                                                        
ECHO: loadb GRID         108       0  1.25-2 1.875-1   0.0+0       0                                                                                                                                                                                                        
ECHO: loadb GRID*                109               0          1.25-2        2.1875-1*                                                                                                                                                                                       
ECHO: loadb *                  0.0+0               0                                                                                                                                                                                                                        
ECHO: loadb GRID*                110               0           0.0+0        1.5625-1*                                                                                                                                                                                       
ECHO: loadb *                  0.0+0               0                                                                                                                                                                                                                        
ECHO: loadb GRID*                111               0          1.25-2        1.5625-1*                                                                                                                                                                                       
ECHO: loadb *                  0.0+0               0                                                                                                                                                                                                                        
ECHO: loadb GRID*                112               0           5.0-2        2.8125-1*                                                                                                                                                                                       
ECHO: loadb *                  0.0+0               0                                                                                                                                                                                                                        
ECHO: loadb GRID         113       0  3.75-2 3.125-1   0.0+0       0                                                                                                                                                                                                        
ECHO: loadb GRID*                114               0           2.5-2        2.8125-1*                                                                                                                                                                                       
ECHO: loadb *                  0.0+0               0                                                                                                                                                                                                                        
ECHO: loadb GRID*                115               0          3.75-2        2.8125-1*                                                                                                                                                                                       
ECHO: loadb *                  0.0+0               0                                                                                                                                                                                                                        
ECHO: loadb GRID*                116               0           5.0-2        3.4375-1*                                                                                                                                                                                       
ECHO: loadb *                  0.0+0               0                                                                                                                                                                                                                        
ECHO: loadb GRID         117       0  3.75-2  3.75-1   0.0+0       0                                                                                                                                                                                                        
ECHO: loadb GRID*                118               0           2.5-2        3.4375-1*                                                                                                                                                                                       
ECHO: loadb *                  0.0+0               0                                                                                                                                                                                                                        
ECHO: loadb GRID*                119               0          3.75-2        3.4375-1*                                                                                                                                                                                       
ECHO: loadb *                  0.0+0               0                                                                                                                                                                                                                        
ECHO: loadb GRID         120       0  1.25-2  3.75-1   0.0+0       0                                                                                                                                                                                                        
ECHO: loadb GRID*                121               0           0.0+0        3.4375-1*                                                                                                                                                                                       
ECHO: loadb *                  0.0+0               0                                                                                                                                                                                                                        
ECHO: loadb GRID         122       0  1.25-2 3.125-1   0.0+0       0                                                                                                                                                                                                        
ECHO: loadb GRID*                123               0          1.25-2        3.4375-1*                                                                                                                                                                                       
ECHO: loadb *                  0.0+0               0                                                                                                                                                                                                                        
ECHO: loadb GRID*                124               0           0.0+0        2.8125-1*                                                                                                                                                                                       
ECHO: loadb *                  0.0+0               0                                                                                                                                                                                                                        
ECHO: loadb GRID*                125               0          1.25-2        2.8125-1*                                                                                                                                                                                       
ECHO: loadb *                  0.0+0               0                                                                                                                                                                                                                        
ECHO: loadb GRID*                126               0           5.0-2        4.0625-1*                                                                                                                                                                                       
ECHO: loadb *                  0.0+0               0                                                                                                                                                                                                                        
ECHO: loadb GRID         127       0  3.75-2 4.375-1   0.0+0       0                                                                                                                                                                                                        
ECHO: loadb GRID*                128               0           2.5-2        4.0625-1*                                                                                                                                                                                       
ECHO: loadb *                  0.0+0               0                                                                                                                                                                                                                        
ECHO: loadb GRID*                129               0          3.75-2        4.0625-1*                                                                                                                                                                                       
ECHO: loadb *                  0.0+0               0                                                                                                                                                                                                                        
ECHO: loadb GRID*                130               0           5.0-2        4.6875-1*                                                                                                                                                                                       
ECHO: loadb *                  0.0+0               0                                                                                                                                                                                                                        
ECHO: loadb GRID         131       0  3.75-2   5.0-1   0.0+0       0                                                                                                                                                                                                        
ECHO: loadb GRID*                132               0           2.5-2        4.6875-1*                                                                                                                                                                                       
ECHO: loadb *                  0.0+0               0                                                                                                                                                                                                                        
ECHO: loadb GRID*                133               0          3.75-2        4.6875-1*                                                                                                                                                                                       
ECHO: loadb *                  0.0+0               0                                                                                                                                                                                                                        
ECHO: loadb GRID         134       0  1.25-2   5.0-1   0.0+0       0                                                                                                                                                                                                        
ECHO: loadb GRID*                135               0           0.0+0        4.6875-1*                                                                                                                                                                                       
ECHO: loadb *                  0.0+0               0                                                                                                                                                                                                                        
ECHO: loadb GRID         136       0  1.25-2 4.375-1   0.0+0       0                                                                                                                                                                                                        
ECHO: loadb GRID*                137               0          1.25-2        4.6875-1*                                                                                                                                                                                       
ECHO: loadb *                  0.0+0               0                                                                                                                                                                                                                        
ECHO: loadb GRID*                138               0           0.0+0        4.0625-1*                                                                                                                                                                                       
ECHO: loadb *                  0.0+0               0                                                                                                                                                                                                                        
ECHO: loadb GRID*                139               0          1.25-2        4.0625-1*                                                                                                                                                                                       
ECHO: loadb *                  0.0+0               0                                                                                                                                                                                                                        
ECHO: loadb GRID*                140               0           5.0-2        5.3125-1*                                                                                                                                                                                       
ECHO: loadb *                  0.0+0               0                                                                                                                                                                                                                        
ECHO: loadb GRID         141       0  3.75-2 5.625-1   0.0+0       0                                                                                                                                                                                                        
ECHO: loadb GRID*                142               0           2.5-2        5.3125-1*                                                                                                                                                                                       
ECHO: loadb *                  0.0+0               0                                                                                                                                                                                                                        
ECHO: loadb GRID*                143               0          3.75-2        5.3125-1*                                                                                                                                                                                       
ECHO: loadb *                  0.0+0               0                                                                                                                                                                                                                        
ECHO: loadb GRID*                144               0           5.0-2        5.9375-1*                                                                                                                                                                                       
ECHO: loadb *                  0.0+0               0                                                                                                                                                                                                                        
ECHO: loadb GRID         145       0  3.75-2  6.25-1   0.0+0       0                                                                                                                                                                                                        
ECHO: loadb GRID*                146               0           2.5-2        5.9375-1*                                                                                                                                                                                       
ECHO: loadb *                  0.0+0               0                                                                                                                                                                                                                        
ECHO: loadb GRID*                147               0          3.75-2        5.9375-1*                                                                                                                                                                                       
ECHO: loadb *                  0.0+0               0                                                                                                                                                                                                                        
ECHO: loadb GRID         148       0  1.25-2  6.25-1   0.0+0       0                                                                                                                                                                                                        
ECHO: loadb GRID*                149               0           0.0+0        5.9375-1*                                                                                                                                                                                       
ECHO: loadb *                  0.0+0               0                                                                                                                                                                                                                        
ECHO: loadb GRID         150       0  1.25-2 5.625-1   0.0+0       0                                                                                                                                                                                                        
ECHO: loadb GRID*                151               0          1.25-2        5.9375-1*                                                                                                                                                                                       
ECHO: loadb *                  0.0+0               0                                                                                                                                                                                                                        
ECHO: loadb GRID*                152               0           0.0+0        5.3125-1*                                                                                                                                                                                       
ECHO: loadb *                  0.0+0               0                                                                                                                                                                                                                        
ECHO: loadb GRID*                153               0          1.25-2        5.3125-1*                                                                                                                                                                                       
ECHO: loadb *                  0.0+0               0                                                                                                                                                                                                                        
ECHO: loadb GRID*                154               0           5.0-2        6.5625-1*                                                                                                                                                                                       
ECHO: loadb *                  0.0+0               0                                                                                                                                                                                                                        
ECHO: loadb GRID         155       0  3.75-2 6.875-1   0.0+0       0                                                                                                                                                                                                        
ECHO: loadb GRID*                156               0           2.5-2        6.5625-1*                                                                                                                                                                                       
ECHO: loadb *                  0.0+0               0                                                                                                                                                                                                                        
ECHO: loadb GRID*                157               0          3.75-2        6.5625-1*                                                                                                                                                                                       
ECHO: loadb *                  0.0+0               0                                                                                                                                                                                                                        
ECHO: loadb GRID*                158               0           5.0-2        7.1875-1*                                                                                                                                                                                       
ECHO: loadb *                  0.0+0               0                                                                                                                                                                                                                        
ECHO: loadb GRID*                159               0           2.5-2        7.1875-1*                                                                                                                                                                                       
ECHO: loadb *                  0.0+0               0                                                                                                                                                                                                                        
ECHO: loadb GRID*                160               0          3.75-2        7.1875-1*                                                                                                                                                                                       
ECHO: loadb *                  0.0+0               0                                                                                                                                                                                                                        
ECHO: loadb GRID*                161               0           0.0+0        7.1875-1*                                                                                                                                                                                       
ECHO: loadb *                  0.0+0               0                                                                                                                                                                                                                        
ECHO: loadb GRID         162       0  1.25-2 6.875-1   0.0+0       0                                                                                                                                                                                                        
ECHO: loadb GRID*                163               0          1.25-2        7.1875-1*                                                                                                                                                                                       
ECHO: loadb *                  0.0+0               0                                                                                                                                                                                                                        
ECHO: loadb GRID*                164               0           0.0+0        6.5625-1*                                                                                                                                                                                       
ECHO: loadb *                  0.0+0               0                                                                                                                                                                                                                        
ECHO: loadb GRID*                165               0          1.25-2        6.5625-1*                                                                                                                                                                                       
ECHO: loadb *                  0.0+0               0                                                                                                                                                                                                                        
ECHO: loadb PARAM    STR_CID      -2                                                                                                                                                                                                                                        
ECHO: loadb MAT8           1  5.0+10  5.0+10   0.0+0  2.5+10  2.5+10  2.5+10   0.0+0+                                                                                                                                                                                       
ECHO:  nextc +          0.0+0   0.0+0   0.0+0                                                                                                                                                                                                                                
ECHO: loadb MAT8           2  2.0+11  2.0+11   0.0+0  1.0+11  1.0+11  1.0+11   0.0+0+                                                                                                                                                                                       
ECHO:  nextc +          0.0+0   0.0+0   0.0+0                                                                                                                                                                                                                                
ECHO: loadb MAT8           3  5.0+10  5.0+10   0.0+0  2.5+10  2.5+10  2.5+10   0.0+0+                                                                                                                                                                                       
ECHO:  nextc +          0.0+0   0.0+0   0.0+0                                                                                                                                                                                                                                
ECHO: loadb SPC            1       1       1   0.0+0                                                                                                                                                                                                                        
ECHO: loadb SPC            1       1       3   0.0+0                                                                                                                                                                                                                        
ECHO: loadb SPC            1       1       2   0.0+0                                                                                                                                                                                                                        
ECHO: loadb SPC            1       1       4   0.0+0                                                                                                                                                                                                                        
ECHO: loadb SPC            1       1       6   0.0+0                                                                                                                                                                                                                        
ECHO: loadb SPC            1       5       2   0.0+0                                                                                                                                                                                                                        
ECHO: loadb SPC            1       5       3   0.0+0                                                                                                                                                                                                                        
ECHO: loadb SPC            1       5       4   0.0+0                                                                                                                                                                                                                        
ECHO: loadb SPC            1       5       6   0.0+0                                                                                                                                                                                                                        
ECHO: loadb SPC            1      19       2   0.0+0                                                                                                                                                                                                                        
ECHO: loadb SPC            1      19       3   0.0+0                                                                                                                                                                                                                        
ECHO: loadb SPC            1      19       4   0.0+0                                                                                                                                                                                                                        
ECHO: loadb SPC            1      19       6   0.0+0                                                                                                                                                                                                                        
ECHO: loadb SPC            1      82       2   0.0+0                                                                                                                                                                                                                        
ECHO: loadb SPC            1      82       3   0.0+0                                                                                                                                                                                                                        
ECHO: loadb SPC            1      82       4   0.0+0                                                                                                                                                                                                                        
ECHO: loadb SPC            1      82       6   0.0+0                                                                                                                                                                                                                        
ECHO: loadb SPC            1      87       2   0.0+0                                                                                                                                                                                                                        
ECHO: loadb SPC            1      87       3   0.0+0                                                                                                                                                                                                                        
ECHO: loadb SPC            1      87       4   0.0+0                                                                                                                                                                                                                        
ECHO: loadb SPC            1      87       6   0.0+0                                                                                                                                                                                                                        
ECHO: loadb PCOMP          1                                   0.0+0             SYM+                                                                                                                                                                                       
ECHO:  nextc +              1   5.0-3   0.0+0               2   5.0-3   0.0+0                                                                                                                                                                                                
ECHO: loadb CQUAD4         1       1      15     140     143     131  -9.0+1   0.0+0                                                                                                                                                                                        
ECHO: loadb CQUAD4         2       1     140      36     141     143  -9.0+1   0.0+0                                                                                                                                                                                        
ECHO: loadb CQUAD4         3       1     143     141      39     142  -9.0+1   0.0+0                                                                                                                                                                                        
ECHO: loadb CQUAD4         4       1     131     143     142      33  -9.0+1   0.0+0                                                                                                                                                                                        
ECHO: loadb CQUAD4         5       1      36     144     147     141  -9.0+1   0.0+0                                                                                                                                                                                        
ECHO: loadb CQUAD4         6       1     144       3     145     147  -9.0+1   0.0+0                                                                                                                                                                                        
ECHO: loadb CQUAD4         7       1     147     145      37     146  -9.0+1   0.0+0                                                                                                                                                                                        
ECHO: loadb CQUAD4         8       1     141     147     146      39  -9.0+1   0.0+0                                                                                                                                                                                        
ECHO: loadb CQUAD4         9       1      39     146     151     150  -9.0+1   0.0+0                                                                                                                                                                                        
ECHO: loadb CQUAD4        10       1     146      37     148     151  -9.0+1   0.0+0                                                                                                                                                                                        
ECHO: loadb CQUAD4        11       1     151     148       2     149  -9.0+1   0.0+0                                                                                                                                                                                        
ECHO: loadb CQUAD4        12       1     150     151     149      38  -9.0+1   0.0+0                                                                                                                                                                                        
ECHO: loadb CQUAD4        13       1      33     142     153     134  -9.0+1   0.0+0                                                                                                                                                                                        
ECHO: loadb CQUAD4        14       1     142      39     150     153  -9.0+1   0.0+0                                                                                                                                                                                        
ECHO: loadb CQUAD4        15       1     153     150      38     152  -9.0+1   0.0+0                                                                                                                                                                                        
ECHO: loadb CQUAD4        16       1     134     153     152       8  -9.0+1   0.0+0                                                                                                                                                                                        
ECHO: loadb CQUAD4        17       1       3     154     157     145  -9.0+1   0.0+0                                                                                                                                                                                        
ECHO: loadb CQUAD4        18       1     154      40     155     157  -9.0+1   0.0+0                                                                                                                                                                                        
ECHO: loadb CQUAD4        19       1     157     155      43     156  -9.0+1   0.0+0                                                                                                                                                                                        
ECHO: loadb CQUAD4        20       1     145     157     156      37  -9.0+1   0.0+0                                                                                                                                                                                        
ECHO: loadb CQUAD4        21       1      40     158     160     155  -9.0+1   0.0+0                                                                                                                                                                                        
ECHO: loadb CQUAD4        22       1     158      18      55     160  -9.0+1   0.0+0                                                                                                                                                                                        
ECHO: loadb CQUAD4        23       1     160      55      41     159  -9.0+1   0.0+0                                                                                                                                                                                        
ECHO: loadb CQUAD4        24       1     155     160     159      43  -9.0+1   0.0+0                                                                                                                                                                                        
ECHO: loadb CQUAD4        25       1      43     159     163     162  -9.0+1   0.0+0                                                                                                                                                                                        
ECHO: loadb CQUAD4        26       1     159      41      66     163  -9.0+1   0.0+0                                                                                                                                                                                        
ECHO: loadb CQUAD4        27       1     163      66      13     161  -9.0+1   0.0+0                                                                                                                                                                                        
ECHO: loadb CQUAD4        28       1     162     163     161      42  -9.0+1   0.0+0                                                                                                                                                                                        
ECHO: loadb CQUAD4        29       1      37     156     165     148  -9.0+1   0.0+0                                                                                                                                                                                        
ECHO: loadb CQUAD4        30       1     156      43     162     165  -9.0+1   0.0+0                                                                                                                                                                                        
ECHO: loadb CQUAD4        31       1     165     162      42     164  -9.0+1   0.0+0                                                                                                                                                                                        
ECHO: loadb CQUAD4        32       1     148     165     164       2  -9.0+1   0.0+0                                                                                                                                                                                        
ECHO: loadb CQUAD4        33       1      18      52      56      55  -9.0+1   0.0+0                                                                                                                                                                                        
ECHO: loadb CQUAD4        34       1      52      44      53      56  -9.0+1   0.0+0                                                                                                                                                                                        
ECHO: loadb CQUAD4        35       1      56      53      47      54  -9.0+1   0.0+0                                                                                                                                                                                        
ECHO: loadb CQUAD4        36       1      55      56      54      41  -9.0+1   0.0+0                                                                                                                                                                                        
ECHO: loadb CQUAD4        37       1      44      57      60      53  -9.0+1   0.0+0                                                                                                                                                                                        
ECHO: loadb CQUAD4        38       1      57      16      58      60  -9.0+1   0.0+0                                                                                                                                                                                        
ECHO: loadb CQUAD4        39       1      60      58      45      59  -9.0+1   0.0+0                                                                                                                                                                                        
ECHO: loadb CQUAD4        40       1      53      60      59      47  -9.0+1   0.0+0                                                                                                                                                                                        
ECHO: loadb CQUAD4        41       1      47      59      64      63  -9.0+1   0.0+0                                                                                                                                                                                        
ECHO: loadb CQUAD4        42       1      59      45      61      64  -9.0+1   0.0+0                                                                                                                                                                                        
ECHO: loadb CQUAD4        43       1      64      61      14      62  -9.0+1   0.0+0                                                                                                                                                                                        
ECHO: loadb CQUAD4        44       1      63      64      62      46  -9.0+1   0.0+0                                                                                                                                                                                        
ECHO: loadb CQUAD4        45       1      41      54      67      66  -9.0+1   0.0+0                                                                                                                                                                                        
ECHO: loadb CQUAD4        46       1      54      47      63      67  -9.0+1   0.0+0                                                                                                                                                                                        
ECHO: loadb CQUAD4        47       1      67      63      46      65  -9.0+1   0.0+0                                                                                                                                                                                        
ECHO: loadb CQUAD4        48       1      66      67      65      13  -9.0+1   0.0+0                                                                                                                                                                                        
ECHO: loadb CQUAD4        49       1      16      68      71      58  -9.0+1   0.0+0                                                                                                                                                                                        
ECHO: loadb CQUAD4        50       1      68      48      69      71  -9.0+1   0.0+0                                                                                                                                                                                        
ECHO: loadb CQUAD4        51       1      71      69      51      70  -9.0+1   0.0+0                                                                                                                                                                                        
ECHO: loadb CQUAD4        52       1      58      71      70      45  -9.0+1   0.0+0                                                                                                                                                                                        
ECHO: loadb CQUAD4        53       1      48      72      75      69  -9.0+1   0.0+0                                                                                                                                                                                        
ECHO: loadb CQUAD4        54       1      72      12      73      75  -9.0+1   0.0+0                                                                                                                                                                                        
ECHO: loadb CQUAD4        55       1      75      73      49      74  -9.0+1   0.0+0                                                                                                                                                                                        
ECHO: loadb CQUAD4        56       1      69      75      74      51  -9.0+1   0.0+0                                                                                                                                                                                        
ECHO: loadb CQUAD4        57       1      51      74      79      78  -9.0+1   0.0+0                                                                                                                                                                                        
ECHO: loadb CQUAD4        58       1      74      49      76      79  -9.0+1   0.0+0                                                                                                                                                                                        
ECHO: loadb CQUAD4        59       1      79      76       4      77  -9.0+1   0.0+0                                                                                                                                                                                        
ECHO: loadb CQUAD4        60       1      78      79      77      50  -9.0+1   0.0+0                                                                                                                                                                                        
ECHO: loadb CQUAD4        61       1      45      70      81      61  -9.0+1   0.0+0                                                                                                                                                                                        
ECHO: loadb CQUAD4        62       1      70      51      78      81  -9.0+1   0.0+0                                                                                                                                                                                        
ECHO: loadb CQUAD4        63       1      81      78      50      80  -9.0+1   0.0+0                                                                                                                                                                                        
ECHO: loadb CQUAD4        64       1      61      81      80      14  -9.0+1   0.0+0                                                                                                                                                                                        
ECHO: loadb CQUAD4        65       1       1      82      86      85   0.0+0   0.0+0                                                                                                                                                                                        
ECHO: loadb CQUAD4        66       1      82      19      83      86   0.0+0   0.0+0                                                                                                                                                                                        
ECHO: loadb CQUAD4        67       1      86      83      23      84   0.0+0   0.0+0                                                                                                                                                                                        
ECHO: loadb CQUAD4        68       1      85      86      84      22   0.0+0   0.0+0                                                                                                                                                                                        
ECHO: loadb CQUAD4        69       1      19      87      90      83   0.0+0   0.0+0                                                                                                                                                                                        
ECHO: loadb CQUAD4        70       1      87       5      88      90   0.0+0   0.0+0                                                                                                                                                                                        
ECHO: loadb CQUAD4        71       1      90      88      20      89   0.0+0   0.0+0                                                                                                                                                                                        
ECHO: loadb CQUAD4        72       1      83      90      89      23   0.0+0   0.0+0                                                                                                                                                                                        
ECHO: loadb CQUAD4        73       1      23      89      94      93   0.0+0   0.0+0                                                                                                                                                                                        
ECHO: loadb CQUAD4        74       1      89      20      91      94   0.0+0   0.0+0                                                                                                                                                                                        
ECHO: loadb CQUAD4        75       1      94      91      10      92   0.0+0   0.0+0                                                                                                                                                                                        
ECHO: loadb CQUAD4        76       1      93      94      92      21   0.0+0   0.0+0                                                                                                                                                                                        
ECHO: loadb CQUAD4        77       1      22      84      97      96   0.0+0   0.0+0                                                                                                                                                                                        
ECHO: loadb CQUAD4        78       1      84      23      93      97   0.0+0   0.0+0                                                                                                                                                                                        
ECHO: loadb CQUAD4        79       1      97      93      21      95   0.0+0   0.0+0                                                                                                                                                                                        
ECHO: loadb CQUAD4        80       1      96      97      95       9   0.0+0   0.0+0                                                                                                                                                                                        
ECHO: loadb CQUAD4        81       1      10      98     101      92  -9.0+1   0.0+0                                                                                                                                                                                        
ECHO: loadb CQUAD4        82       1      98      24      99     101  -9.0+1   0.0+0                                                                                                                                                                                        
ECHO: loadb CQUAD4        83       1     101      99      27     100  -9.0+1   0.0+0                                                                                                                                                                                        
ECHO: loadb CQUAD4        84       1      92     101     100      21  -9.0+1   0.0+0                                                                                                                                                                                        
ECHO: loadb CQUAD4        85       1      24     102     105      99  -9.0+1   0.0+0                                                                                                                                                                                        
ECHO: loadb CQUAD4        86       1     102       7     103     105  -9.0+1   0.0+0                                                                                                                                                                                        
ECHO: loadb CQUAD4        87       1     105     103      25     104  -9.0+1   0.0+0                                                                                                                                                                                        
ECHO: loadb CQUAD4        88       1      99     105     104      27  -9.0+1   0.0+0                                                                                                                                                                                        
ECHO: loadb CQUAD4        89       1      27     104     109     108  -9.0+1   0.0+0                                                                                                                                                                                        
ECHO: loadb CQUAD4        90       1     104      25     106     109  -9.0+1   0.0+0                                                                                                                                                                                        
ECHO: loadb CQUAD4        91       1     109     106      17     107  -9.0+1   0.0+0                                                                                                                                                                                        
ECHO: loadb CQUAD4        92       1     108     109     107      26  -9.0+1   0.0+0                                                                                                                                                                                        
ECHO: loadb CQUAD4        93       1      21     100     111      95  -9.0+1   0.0+0                                                                                                                                                                                        
ECHO: loadb CQUAD4        94       1     100      27     108     111  -9.0+1   0.0+0                                                                                                                                                                                        
ECHO: loadb CQUAD4        95       1     111     108      26     110  -9.0+1   0.0+0                                                                                                                                                                                        
ECHO: loadb CQUAD4        96       1      95     111     110       9  -9.0+1   0.0+0                                                                                                                                                                                        
ECHO: loadb CQUAD4        97       1       7     112     115     103  -9.0+1   0.0+0                                                                                                                                                                                        
ECHO: loadb CQUAD4        98       1     112      28     113     115  -9.0+1   0.0+0                                                                                                                                                                                        
ECHO: loadb CQUAD4        99       1     115     113      31     114  -9.0+1   0.0+0                                                                                                                                                                                        
ECHO: loadb CQUAD4       100       1     103     115     114      25  -9.0+1   0.0+0                                                                                                                                                                                        
ECHO: loadb CQUAD4       101       1      28     116     119     113  -9.0+1   0.0+0                                                                                                                                                                                        
ECHO: loadb CQUAD4       102       1     116      11     117     119  -9.0+1   0.0+0                                                                                                                                                                                        
ECHO: loadb CQUAD4       103       1     119     117      29     118  -9.0+1   0.0+0                                                                                                                                                                                        
ECHO: loadb CQUAD4       104       1     113     119     118      31  -9.0+1   0.0+0                                                                                                                                                                                        
ECHO: loadb CQUAD4       105       1      31     118     123     122  -9.0+1   0.0+0                                                                                                                                                                                        
ECHO: loadb CQUAD4       106       1     118      29     120     123  -9.0+1   0.0+0                                                                                                                                                                                        
ECHO: loadb CQUAD4       107       1     123     120       6     121  -9.0+1   0.0+0                                                                                                                                                                                        
ECHO: loadb CQUAD4       108       1     122     123     121      30  -9.0+1   0.0+0                                                                                                                                                                                        
ECHO: loadb CQUAD4       109       1      25     114     125     106  -9.0+1   0.0+0                                                                                                                                                                                        
ECHO: loadb CQUAD4       110       1     114      31     122     125  -9.0+1   0.0+0                                                                                                                                                                                        
ECHO: loadb CQUAD4       111       1     125     122      30     124  -9.0+1   0.0+0                                                                                                                                                                                        
ECHO: loadb CQUAD4       112       1     106     125     124      17  -9.0+1   0.0+0                                                                                                                                                                                        
ECHO: loadb CQUAD4       113       1      11     126     129     117  -9.0+1   0.0+0                                                                                                                                                                                        
ECHO: loadb CQUAD4       114       1     126      32     127     129  -9.0+1   0.0+0                                                                                                                                                                                        
ECHO: loadb CQUAD4       115       1     129     127      35     128  -9.0+1   0.0+0                                                                                                                                                                                        
ECHO: loadb CQUAD4       116       1     117     129     128      29  -9.0+1   0.0+0                                                                                                                                                                                        
ECHO: loadb CQUAD4       117       1      32     130     133     127  -9.0+1   0.0+0                                                                                                                                                                                        
ECHO: loadb CQUAD4       118       1     130      15     131     133  -9.0+1   0.0+0                                                                                                                                                                                        
ECHO: loadb CQUAD4       119       1     133     131      33     132  -9.0+1   0.0+0                                                                                                                                                                                        
ECHO: loadb CQUAD4       120       1     127     133     132      35  -9.0+1   0.0+0                                                                                                                                                                                        
ECHO: loadb CQUAD4       121       1      35     132     137     136  -9.0+1   0.0+0                                                                                                                                                                                        
ECHO: loadb CQUAD4       122       1     132      33     134     137  -9.0+1   0.0+0                                                                                                                                                                                        
ECHO: loadb CQUAD4       123       1     137     134       8     135  -9.0+1   0.0+0                                                                                                                                                                                        
ECHO: loadb CQUAD4       124       1     136     137     135      34  -9.0+1   0.0+0                                                                                                                                                                                        
ECHO: loadb CQUAD4       125       1      29     128     139     120  -9.0+1   0.0+0                                                                                                                                                                                        
ECHO: loadb CQUAD4       126       1     128      35     136     139  -9.0+1   0.0+0                                                                                                                                                                                        
ECHO: loadb CQUAD4       127       1     139     136      34     138  -9.0+1   0.0+0                                                                                                                                                                                        
ECHO: loadb CQUAD4       128       1     120     139     138       6  -9.0+1   0.0+0                                                                                                                                                                                        
ECHO: loadb FORCE          2      12       0   1.0+0   0.0+0 -1.25-1   0.0+0                                                                                                                                                                                                
ECHO: loadb FORCE          2      73       0   1.0+0   0.0+0  -2.5-1   0.0+0                                                                                                                                                                                                
ECHO: loadb FORCE          2      49       0   1.0+0   0.0+0  -2.5-1   0.0+0                                                                                                                                                                                                
ECHO: loadb FORCE          2      76       0   1.0+0   0.0+0  -2.5-1   0.0+0                                                                                                                                                                                                
ECHO: loadb FORCE          2       4       0   1.0+0   0.0+0 -1.25-1   0.0+0                                                                                                                                                                                                
ECHO: loadb EIGRL          1                       3       0           1.0+3    MASS                                                                                                                                                                                        
ECHO: loadb LOAD           1   1.0+0   1.0+0       2                                                                                                                                                                                                                        
ECHO: loadb ENDDATA                                                                                                                                                                                                                                                         





 >> LINK  0 END


 >> LINK  1 BEGIN

               DEALLOCATED  1.18E+00 MB MEMORY FROM ARRAY STF3


 *INFORMATION: AUTOSPC Summary, Stage 1 after identification of AUTOSPC's at the grid level                                                 

                                     AUTOSPC_RAT = 1.000000E-08

                       Number of DOF's identified for AUTOSPC in component  1         =            0
                       Number of DOF's identified for AUTOSPC in component  2         =            0
                       Number of DOF's identified for AUTOSPC in component  3         =            0
                       Number of DOF's identified for AUTOSPC in component  4         =            0
                       Number of DOF's identified for AUTOSPC in component  5         =            0
                       Number of DOF's identified for AUTOSPC in component  6         =          160
                                                                                        ------------
                       Total number of DOF's identified in this stage                 =          160

               DEALLOCATED  3.96E-03 MB MEMORY FROM ARRAY STFKEY
               DEALLOCATED  1.18E+00 MB MEMORY FROM ARRAY STF3

 >> LINK  1 END


 >> LINK  2 BEGIN



 *INFORMATION: AUTOSPC Summary, Overall: after identification of all AUTOSPC's                                                               

                                     AUTOSPC_RAT = 1.000000E-08

                       Number of DOF's identified for AUTOSPC in component  1         =            0
                       Number of DOF's identified for AUTOSPC in component  2         =            0
                       Number of DOF's identified for AUTOSPC in component  3         =            0
                       Number of DOF's identified for AUTOSPC in component  4         =            0
                       Number of DOF's identified for AUTOSPC in component  5         =            0
                       Number of DOF's identified for AUTOSPC in component  6         =          160
                                                                                        ------------
                       Total number of DOF's identified overall                       =          160


 >> LINK  2 END


 >> LINK  3 BEGIN

 SUPERLU FACTORIZATION OF MATRIX KLL SUCCEEDED IN SUBR SYM_MAT_DECOMP_SUPRLU          

 *INFORMATION: FOR INTERNAL SUBCASE NUMBER        1 EPSILON ERROR ESTIMATE            = -2.375877E-14 Based on U'*(K*U - P)/(U'*P)

 *WARNING    : CANNOT CALCULATE EPSILON ERROR ESTIMATE FOR INTERNAL SUBCASE NUMBER        2
               THE DOT PRODUCT OF DISPL AND LOAD VECTORS                     =    0.000000E+00 CANNOT BE INVERTED.
               IT IS TOO SMALL COMPARED TO MACHINE SAFE MINIMUM (MACH_SFMIN) =    2.225074-308


 >> LINK  3 END


 >> LINK  5 BEGIN


 >> LINK  5 END


 >> LINK  9 BEGIN



 OUTPUT FOR SUBCASE        1

                                                       D I S P L A C E M E N T S
                                              (in global coordinate system at each grid)
           GRID     COORD      T1            T2            T3            R1            R2            R3
                     SYS
              1        0  0.0           0.0           0.0           0.0           0.0           0.0         
              2        0 -4.494734E-20 -5.000000E-09  0.0           0.0           0.0           0.0         
              3        0 -4.494737E-20 -5.000000E-09  0.0           0.0           0.0           0.0         
              4        0 -8.522313E-20 -8.000000E-09  0.0           0.0           0.0           0.0         
              5        0 -1.395501E-23  0.0           0.0           0.0           0.0           0.0         
              6        0 -1.959913E-20 -3.000000E-09  0.0           0.0           0.0           0.0         
              7        0 -9.522838E-21 -2.000000E-09  0.0           0.0           0.0           0.0         
              8        0 -3.176779E-20 -4.000000E-09  0.0           0.0           0.0           0.0         
              9        0 -2.604983E-21 -1.000000E-09  0.0           0.0           0.0           0.0         
             10        0 -2.604985E-21 -1.000000E-09  0.0           0.0           0.0           0.0         
             11        0 -1.959913E-20 -3.000000E-09  0.0           0.0           0.0           0.0         
             12        0 -8.522250E-20 -8.000000E-09  0.0           0.0           0.0           0.0         
             13        0 -5.849481E-20 -6.000000E-09  0.0           0.0           0.0           0.0         
             14        0 -7.204750E-20 -7.000000E-09  0.0           0.0           0.0           0.0         
             15        0 -3.176777E-20 -4.000000E-09  0.0           0.0           0.0           0.0         
             16        0 -7.204734E-20 -7.000000E-09  0.0           0.0           0.0           0.0         
             17        0 -9.522496E-21 -2.000000E-09  0.0           0.0           0.0           0.0         
             18        0 -5.849478E-20 -6.000000E-09  0.0           0.0           0.0           0.0         
             19        0 -1.171600E-23  0.0           0.0           0.0           0.0           0.0         
             20        0 -6.915601E-22 -5.000000E-10  0.0           0.0           0.0           0.0         
             21        0 -2.604905E-21 -1.000000E-09  0.0           0.0           0.0           0.0         
             22        0 -6.918615E-22 -5.000000E-10  0.0           0.0           0.0           0.0         
             23        0 -6.917917E-22 -5.000000E-10  0.0           0.0           0.0           0.0         
             24        0 -5.598189E-21 -1.500000E-09  0.0           0.0           0.0           0.0         
             25        0 -9.522612E-21 -2.000000E-09  0.0           0.0           0.0           0.0         
             26        0 -5.598109E-21 -1.500000E-09  0.0           0.0           0.0           0.0         
             27        0 -5.598136E-21 -1.500000E-09  0.0           0.0           0.0           0.0         
             28        0 -1.423377E-20 -2.500000E-09  0.0           0.0           0.0           0.0         
             29        0 -1.959920E-20 -3.000000E-09  0.0           0.0           0.0           0.0         
             30        0 -1.423380E-20 -2.500000E-09  0.0           0.0           0.0           0.0         
             31        0 -1.423373E-20 -2.500000E-09  0.0           0.0           0.0           0.0         
             32        0 -2.548951E-20 -3.500000E-09  0.0           0.0           0.0           0.0         
             33        0 -3.176781E-20 -4.000000E-09  0.0           0.0           0.0           0.0         
             34        0 -2.548912E-20 -3.500000E-09  0.0           0.0           0.0           0.0         
             35        0 -2.548937E-20 -3.500000E-09  0.0           0.0           0.0           0.0         
             36        0 -3.828847E-20 -4.500000E-09  0.0           0.0           0.0           0.0         
             37        0 -4.494732E-20 -5.000000E-09  0.0           0.0           0.0           0.0         
             38        0 -3.828842E-20 -4.500000E-09  0.0           0.0           0.0           0.0         
             39        0 -3.828827E-20 -4.500000E-09  0.0           0.0           0.0           0.0         
             40        0 -5.169381E-20 -5.500000E-09  0.0           0.0           0.0           0.0         
             41        0 -5.849470E-20 -6.000000E-09  0.0           0.0           0.0           0.0         
             42        0 -5.169372E-20 -5.500000E-09  0.0           0.0           0.0           0.0         
             43        0 -5.169401E-20 -5.500000E-09  0.0           0.0           0.0           0.0         
             44        0 -6.529565E-20 -6.500000E-09  0.0           0.0           0.0           0.0         
             45        0 -7.204772E-20 -7.000000E-09  0.0           0.0           0.0           0.0         
             46        0 -6.529461E-20 -6.500000E-09  0.0           0.0           0.0           0.0         
             47        0 -6.529635E-20 -6.500000E-09  0.0           0.0           0.0           0.0         
             48        0 -7.867942E-20 -7.500000E-09  0.0           0.0           0.0           0.0         
             49        0 -8.522151E-20 -8.000000E-09  0.0           0.0           0.0           0.0         
             50        0 -7.867949E-20 -7.500000E-09  0.0           0.0           0.0           0.0         
             51        0 -7.867862E-20 -7.500000E-09  0.0           0.0           0.0           0.0         
             52        0 -6.189935E-20 -6.250000E-09  0.0           0.0           0.0           0.0         
             53        0 -6.529574E-20 -6.500000E-09  0.0           0.0           0.0           0.0         
             54        0 -6.189927E-20 -6.250000E-09  0.0           0.0           0.0           0.0         
             55        0 -5.849482E-20 -6.000000E-09  0.0           0.0           0.0           0.0         
             56        0 -6.189937E-20 -6.250000E-09  0.0           0.0           0.0           0.0         
             57        0 -6.868153E-20 -6.750000E-09  0.0           0.0           0.0           0.0         
             58        0 -7.204729E-20 -7.000000E-09  0.0           0.0           0.0           0.0         
             59        0 -6.868141E-20 -6.750000E-09  0.0           0.0           0.0           0.0         
             60        0 -6.868161E-20 -6.750000E-09  0.0           0.0           0.0           0.0         
             61        0 -7.204764E-20 -7.000000E-09  0.0           0.0           0.0           0.0         
             62        0 -6.868253E-20 -6.750000E-09  0.0           0.0           0.0           0.0         
             63        0 -6.529493E-20 -6.500000E-09  0.0           0.0           0.0           0.0         
             64        0 -6.868223E-20 -6.750000E-09  0.0           0.0           0.0           0.0         
             65        0 -6.189940E-20 -6.250000E-09  0.0           0.0           0.0           0.0         
             66        0 -5.849469E-20 -6.000000E-09  0.0           0.0           0.0           0.0         
             67        0 -6.189975E-20 -6.250000E-09  0.0           0.0           0.0           0.0         
             68        0 -7.537943E-20 -7.250000E-09  0.0           0.0           0.0           0.0         
             69        0 -7.867905E-20 -7.500000E-09  0.0           0.0           0.0           0.0         
             70        0 -7.537983E-20 -7.250000E-09  0.0           0.0           0.0           0.0         
             71        0 -7.537945E-20 -7.250000E-09  0.0           0.0           0.0           0.0         
             72        0 -8.195536E-20 -7.750000E-09  0.0           0.0           0.0           0.0         
             73        0 -8.522223E-20 -8.000000E-09  0.0           0.0           0.0           0.0         
             74        0 -8.195555E-20 -7.750000E-09  0.0           0.0           0.0           0.0         
             75        0 -8.195574E-20 -7.750000E-09  0.0           0.0           0.0           0.0         
             76        0 -8.522270E-20 -8.000000E-09  0.0           0.0           0.0           0.0         
             77        0 -8.195441E-20 -7.750000E-09  0.0           0.0           0.0           0.0         
             78        0 -7.867922E-20 -7.500000E-09  0.0           0.0           0.0           0.0         
             79        0 -8.195474E-20 -7.750000E-09  0.0           0.0           0.0           0.0         
             80        0 -7.537840E-20 -7.250000E-09  0.0           0.0           0.0           0.0         
             81        0 -7.537882E-20 -7.250000E-09  0.0           0.0           0.0           0.0         
             82        0 -7.425370E-24  0.0           0.0           0.0           0.0           0.0         
             83        0 -1.869977E-22 -2.500000E-10  0.0           0.0           0.0           0.0         
             84        0 -6.920581E-22 -5.000000E-10  0.0           0.0           0.0           0.0         
             85        0 -1.886812E-22 -2.500000E-10  0.0           0.0           0.0           0.0         
             86        0 -1.872016E-22 -2.500000E-10  0.0           0.0           0.0           0.0         
             87        0 -1.352551E-23  0.0           0.0           0.0           0.0           0.0         
             88        0 -1.871184E-22 -2.500000E-10  0.0           0.0           0.0           0.0         
             89        0 -6.915994E-22 -5.000000E-10  0.0           0.0           0.0           0.0         
             90        0 -1.870910E-22 -2.500000E-10  0.0           0.0           0.0           0.0         
             91        0 -1.503811E-21 -7.500000E-10  0.0           0.0           0.0           0.0         
             92        0 -2.604953E-21 -1.000000E-09  0.0           0.0           0.0           0.0         
             93        0 -1.503775E-21 -7.500000E-10  0.0           0.0           0.0           0.0         
             94        0 -1.503827E-21 -7.500000E-10  0.0           0.0           0.0           0.0         
             95        0 -2.604934E-21 -1.000000E-09  0.0           0.0           0.0           0.0         
             96        0 -1.503651E-21 -7.500000E-10  0.0           0.0           0.0           0.0         
             97        0 -1.503651E-21 -7.500000E-10  0.0           0.0           0.0           0.0         
             98        0 -3.975812E-21 -1.250000E-09  0.0           0.0           0.0           0.0         
             99        0 -5.598181E-21 -1.500000E-09  0.0           0.0           0.0           0.0         
            100        0 -3.975900E-21 -1.250000E-09  0.0           0.0           0.0           0.0         
            101        0 -3.975811E-21 -1.250000E-09  0.0           0.0           0.0           0.0         
            102        0 -7.453213E-21 -1.750000E-09  0.0           0.0           0.0           0.0         
            103        0 -9.522769E-21 -2.000000E-09  0.0           0.0           0.0           0.0         
            104        0 -7.453233E-21 -1.750000E-09  0.0           0.0           0.0           0.0         
            105        0 -7.453204E-21 -1.750000E-09  0.0           0.0           0.0           0.0         
            106        0 -9.522533E-21 -2.000000E-09  0.0           0.0           0.0           0.0         
            107        0 -7.453192E-21 -1.750000E-09  0.0           0.0           0.0           0.0         
            108        0 -5.598150E-21 -1.500000E-09  0.0           0.0           0.0           0.0         
            109        0 -7.453184E-21 -1.750000E-09  0.0           0.0           0.0           0.0         
            110        0 -3.975920E-21 -1.250000E-09  0.0           0.0           0.0           0.0         
            111        0 -3.975940E-21 -1.250000E-09  0.0           0.0           0.0           0.0         
            112        0 -1.178855E-20 -2.250000E-09  0.0           0.0           0.0           0.0         
            113        0 -1.423374E-20 -2.500000E-09  0.0           0.0           0.0           0.0         
            114        0 -1.178860E-20 -2.250000E-09  0.0           0.0           0.0           0.0         
            115        0 -1.178858E-20 -2.250000E-09  0.0           0.0           0.0           0.0         
            116        0 -1.684233E-20 -2.750000E-09  0.0           0.0           0.0           0.0         
            117        0 -1.959914E-20 -3.000000E-09  0.0           0.0           0.0           0.0         
            118        0 -1.684242E-20 -2.750000E-09  0.0           0.0           0.0           0.0         
            119        0 -1.684234E-20 -2.750000E-09  0.0           0.0           0.0           0.0         
            120        0 -1.959917E-20 -3.000000E-09  0.0           0.0           0.0           0.0         
            121        0 -1.684252E-20 -2.750000E-09  0.0           0.0           0.0           0.0         
            122        0 -1.423379E-20 -2.500000E-09  0.0           0.0           0.0           0.0         
            123        0 -1.684248E-20 -2.750000E-09  0.0           0.0           0.0           0.0         
            124        0 -1.178852E-20 -2.250000E-09  0.0           0.0           0.0           0.0         
            125        0 -1.178847E-20 -2.250000E-09  0.0           0.0           0.0           0.0         
            126        0 -2.248735E-20 -3.250000E-09  0.0           0.0           0.0           0.0         
            127        0 -2.548945E-20 -3.500000E-09  0.0           0.0           0.0           0.0         
            128        0 -2.248730E-20 -3.250000E-09  0.0           0.0           0.0           0.0         
            129        0 -2.248732E-20 -3.250000E-09  0.0           0.0           0.0           0.0         
            130        0 -2.858854E-20 -3.750000E-09  0.0           0.0           0.0           0.0         
            131        0 -3.176771E-20 -4.000000E-09  0.0           0.0           0.0           0.0         
            132        0 -2.858847E-20 -3.750000E-09  0.0           0.0           0.0           0.0         
            133        0 -2.858853E-20 -3.750000E-09  0.0           0.0           0.0           0.0         
            134        0 -3.176769E-20 -4.000000E-09  0.0           0.0           0.0           0.0         
            135        0 -2.858882E-20 -3.750000E-09  0.0           0.0           0.0           0.0         
            136        0 -2.548917E-20 -3.500000E-09  0.0           0.0           0.0           0.0         
            137        0 -2.858876E-20 -3.750000E-09  0.0           0.0           0.0           0.0         
            138        0 -2.248726E-20 -3.250000E-09  0.0           0.0           0.0           0.0         
            139        0 -2.248726E-20 -3.250000E-09  0.0           0.0           0.0           0.0         
            140        0 -3.500656E-20 -4.250000E-09  0.0           0.0           0.0           0.0         
            141        0 -3.828836E-20 -4.500000E-09  0.0           0.0           0.0           0.0         
            142        0 -3.500714E-20 -4.250000E-09  0.0           0.0           0.0           0.0         
            143        0 -3.500681E-20 -4.250000E-09  0.0           0.0           0.0           0.0         
            144        0 -4.160460E-20 -4.750000E-09  0.0           0.0           0.0           0.0         
            145        0 -4.494724E-20 -5.000000E-09  0.0           0.0           0.0           0.0         
            146        0 -4.160470E-20 -4.750000E-09  0.0           0.0           0.0           0.0         
            147        0 -4.160471E-20 -4.750000E-09  0.0           0.0           0.0           0.0         
            148        0 -4.494731E-20 -5.000000E-09  0.0           0.0           0.0           0.0         
            149        0 -4.160468E-20 -4.750000E-09  0.0           0.0           0.0           0.0         
            150        0 -3.828834E-20 -4.500000E-09  0.0           0.0           0.0           0.0         
            151        0 -4.160475E-20 -4.750000E-09  0.0           0.0           0.0           0.0         
            152        0 -3.500695E-20 -4.250000E-09  0.0           0.0           0.0           0.0         
            153        0 -3.500707E-20 -4.250000E-09  0.0           0.0           0.0           0.0         
            154        0 -4.831187E-20 -5.250000E-09  0.0           0.0           0.0           0.0         
            155        0 -5.169391E-20 -5.500000E-09  0.0           0.0           0.0           0.0         
            156        0 -4.831183E-20 -5.250000E-09  0.0           0.0           0.0           0.0         
            157        0 -4.831185E-20 -5.250000E-09  0.0           0.0           0.0           0.0         
            158        0 -5.508950E-20 -5.750000E-09  0.0           0.0           0.0           0.0         
            159        0 -5.508923E-20 -5.750000E-09  0.0           0.0           0.0           0.0         
            160        0 -5.508932E-20 -5.750000E-09  0.0           0.0           0.0           0.0         
            161        0 -5.508924E-20 -5.750000E-09  0.0           0.0           0.0           0.0         
            162        0 -5.169385E-20 -5.500000E-09  0.0           0.0           0.0           0.0         
            163        0 -5.508930E-20 -5.750000E-09  0.0           0.0           0.0           0.0         
            164        0 -4.831201E-20 -5.250000E-09  0.0           0.0           0.0           0.0         
            165        0 -4.831199E-20 -5.250000E-09  0.0           0.0           0.0           0.0         
                         ------------- ------------- ------------- ------------- ------------- -------------
                MAX* :    0.0           0.0           0.0           0.0           0.0           0.0         
                MIN* :   -8.522313E-20 -8.000000E-09  0.0           0.0           0.0           0.0         

                ABS* :    8.522313E-20  8.000000E-09  0.0           0.0           0.0           0.0         
                *for output set

                                                    SPC Force Summary on AUTOSPC'd DOF's
                                                 (in global coordinate system at each grid)
        For detailed information on the SPC forces for the AUTOSPC DOF's, set field 7 (AUTOSPC_SPCF) on the PARAM AUTOSPC entry to Y

                              T1             T2             T3             R1             R2             R3

 ABS AUTOSPC FORCES  :   0.000000E+00   0.000000E+00   0.000000E+00   0.000000E+00   0.000000E+00   0.000000E+00
 AUTOSPC FORCE TOTALS:   0.000000E+00   0.000000E+00   0.000000E+00   0.000000E+00   0.000000E+00   0.000000E+00
     (for output set)

 >> LINK  9 END

 >> LINK  1 BEGIN

               DEALLOCATED  1.18E+00 MB MEMORY FROM ARRAY STF3
               DEALLOCATED  3.96E-03 MB MEMORY FROM ARRAY STFKEY
               DEALLOCATED  1.18E+00 MB MEMORY FROM ARRAY STF3

 >> LINK  1 END


 >> LINK  2 BEGIN

 *INFORMATION: MAX DIAGONAL TERM IN THE KGGD MATRIX IS =  0.00E+00 WHICH IS TOO SMALL FOR CALCULATION OF MATRIX STATS
               IN SUBR GET_MATRIX_DIAG_STATS          
 *INFORMATION: MAX DIAGONAL TERM IN THE KNND MATRIX IS =  0.00E+00 WHICH IS TOO SMALL FOR CALCULATION OF MATRIX STATS
               IN SUBR GET_MATRIX_DIAG_STATS          
 *INFORMATION: MAX DIAGONAL TERM IN THE KAAD MATRIX IS =  0.00E+00 WHICH IS TOO SMALL FOR CALCULATION OF MATRIX STATS
               IN SUBR GET_MATRIX_DIAG_STATS          
 *INFORMATION: MAX DIAGONAL TERM IN THE KLLD MATRIX IS =  0.00E+00 WHICH IS TOO SMALL FOR CALCULATION OF MATRIX STATS
               IN SUBR GET_MATRIX_DIAG_STATS          

 >> LINK  2 END


 >> LINK  4 BEGIN

 SUPERLU FACTORIZATION OF MATRIX KMSM SUCCEEDED IN SUBR SYM_MAT_DECOMP_SUPRLU          

 OUTPUT FOR SUBCASE        2


                           E I G E N V A L U E   A N A L Y S I S   S U M M A R Y   (LANCZOS  Mode 2 DGB, Shift eigen =  1.00E+03)
                                                                      (SPARSE solution)

                                NUMBER OF EIGENVALUES EXTRACTED  . . . . . .         3

                                LARGEST OFF-DIAGONAL GENERALIZED MASS TERM    -1.7E-06 (Vecs renormed to 1.0 for gen masses)

                                                                       . . .         2
                                          MODE PAIR . . . . . . . . . .
                                                                       . . .         1

                                NUMBER OF OFF DIAGONAL GENERALIZED MASS
                                TERMS FAILING CRITERION OF  1.0E-04. . . . .         0



 OUTPUT FOR SUBCASE        2


                                            R E A L   E I G E N V A L U E S
                                      (subcase       2 buckling load factors)

                                         MODE  EXTRACTION      EIGENVALUE
                                        NUMBER   ORDER

                                             1       1        5.655888E+03
                                             2       2        5.100588E+04
                                             3       3        6.417277E+04



 >> LINK  4 END


 >> LINK  5 BEGIN


 >> LINK  5 END


 >> LINK  9 BEGIN



 OUTPUT FOR SUBCASE        2
 OUTPUT FOR EIGENVECTOR        1

                                                         E I G E N V E C T O R
                                              (in global coordinate system at each grid)
           GRID     COORD      T1            T2            T3            R1            R2            R3
                     SYS
              1        0  0.0           0.0           0.0           0.0          -6.372526E-07  0.0         
              2        0  4.258637E-14  3.481592E-15  4.001675E-01  1.176054E+00 -9.912281E-07  0.0         
              3        0  4.046943E-14 -1.121312E-15  4.001675E-01  1.176054E+00  9.912926E-07  0.0         
              4        0 -6.236786E-14 -1.417922E-14  9.004071E-01  1.414425E+00  7.361853E-05  0.0         
              5        0  2.579070E-15  0.0           0.0           0.0           6.372527E-07  0.0         
              6        0 -1.106981E-14 -8.406104E-16  1.517459E-01  7.858143E-01 -1.483509E-06  0.0         
              7        0 -7.621899E-15 -5.992143E-16  6.853936E-02  5.412783E-01  1.648419E-06  0.0         
              8        0  2.580874E-14  4.901920E-15  2.637230E-01  1.000152E+00 -1.261612E-06  0.0         
              9        0 -3.910020E-15 -1.938264E-15  1.730105E-02  2.759413E-01 -1.749388E-06  0.0         
             10        0 -3.577300E-15  4.393539E-15  1.730105E-02  2.759413E-01  1.749400E-06  0.0         
             11        0 -1.221902E-14 -1.859071E-15  1.517459E-01  7.858143E-01  1.483546E-06  0.0         
             12        0 -6.093297E-14  1.467177E-14  9.004071E-01  1.414425E+00 -7.361840E-05  0.0         
             13        0  3.171936E-14 -5.852058E-15  5.558359E-01  1.306761E+00 -6.825355E-07  0.0         
             14        0  2.252156E-15 -1.163253E-14  7.247460E-01  1.387251E+00 -2.666586E-07  0.0         
             15        0  2.520731E-14 -6.277605E-15  2.637230E-01  1.000152E+00  1.261661E-06  0.0         
             16        0  6.480144E-16  1.267451E-14  7.247460E-01  1.387251E+00  2.667714E-07  0.0         
             17        0 -7.397591E-15  2.264055E-15  6.853936E-02  5.412783E-01 -1.648394E-06  0.0         
             18        0  3.324940E-14  5.086819E-15  5.558359E-01  1.306761E+00  6.826204E-07  0.0         
             19        0  1.189432E-15  0.0           0.0           0.0           3.574102E-15  0.0         
             20        0  3.432842E-15 -1.060447E-15  4.335690E-03  1.386382E-01  1.760032E-06  0.0         
             21        0 -4.013454E-15 -7.709908E-16  1.730107E-02  2.759413E-01  6.271764E-12  0.0         
             22        0  7.194340E-15  1.063877E-15  4.335690E-03  1.386382E-01 -1.760026E-06  0.0         
             23        0  5.973998E-15  6.480041E-16  4.335712E-03  1.386382E-01  2.912706E-12  0.0         
             24        0 -9.763455E-15  5.112372E-16  3.877119E-02  4.105869E-01  1.707378E-06  0.0         
             25        0 -7.743821E-15 -1.102916E-15  6.853938E-02  5.412783E-01  1.274609E-11  0.0         
             26        0 -9.973415E-15 -1.403209E-15  3.877119E-02  4.105869E-01 -1.707358E-06  0.0         
             27        0 -1.029492E-14  9.246517E-17  3.877122E-02  4.105869E-01  9.649062E-12  0.0         
             28        0 -4.477466E-15  9.081962E-16  1.063189E-01  6.667569E-01  1.573560E-06  0.0         
             29        0 -1.121268E-14  1.267703E-15  1.517459E-01  7.858143E-01  1.884330E-11  0.0         
             30        0 -5.593444E-15 -7.824563E-16  1.063189E-01  6.667569E-01 -1.573529E-06  0.0         
             31        0 -5.176992E-15 -5.001267E-16  1.063189E-01  6.667569E-01  1.591950E-11  0.0         
             32        0 -6.434485E-16 -8.378521E-15  2.043829E-01  8.973039E-01  1.379245E-06  0.0         
             33        0  2.640358E-14  1.483175E-16  2.637230E-01  1.000152E+00  2.416231E-11  0.0         
             34        0  2.123155E-16  9.467380E-15  2.043829E-01  8.973039E-01 -1.379199E-06  0.0         
             35        0  2.828272E-16  1.531026E-15  2.043829E-01  8.973039E-01  2.182430E-11  0.0         
             36        0  3.893040E-14 -4.390353E-15  3.291947E-01  1.093368E+00  1.131926E-06  0.0         
             37        0  4.155540E-14 -5.218692E-17  4.001675E-01  1.176054E+00  3.212598E-11  0.0         
             38        0  4.073986E-14  5.482671E-15  3.291947E-01  1.093368E+00 -1.131873E-06  0.0         
             39        0  4.026940E-14 -1.566932E-16  3.291947E-01  1.093368E+00  2.644180E-11  0.0         
             40        0  4.571241E-14  3.193900E-15  4.759579E-01  1.247415E+00  8.411017E-07  0.0         
             41        0  3.236662E-14 -8.606482E-16  5.558360E-01  1.306761E+00  4.231057E-11  0.0         
             42        0  4.387497E-14 -3.083260E-15  4.759579E-01  1.247415E+00 -8.410271E-07  0.0         
             43        0  4.418086E-14 -6.930718E-16  4.759579E-01  1.247414E+00  3.695364E-11  0.0         
             44        0  2.487033E-14  2.294537E-15  6.390324E-01  1.353524E+00  5.138937E-07  0.0         
             45        0  7.822468E-16 -1.109564E-15  7.247460E-01  1.387251E+00  5.593337E-11  0.0         
             46        0  2.468711E-14 -5.911203E-15  6.390324E-01  1.353524E+00 -5.137954E-07  0.0         
             47        0  2.425595E-14 -9.256816E-16  6.390324E-01  1.353524E+00  4.805322E-11  0.0         
             48        0 -2.695773E-14  1.472937E-14  8.121514E-01  1.407617E+00 -1.852072E-06  0.0         
             49        0 -6.161731E-14 -4.209024E-16  9.004065E-01  1.414427E+00  6.845551E-11  0.0         
             50        0 -2.621993E-14 -1.405663E-14  8.121514E-01  1.407617E+00  1.852194E-06  0.0         
             51        0 -2.727044E-14 -1.166546E-15  8.121514E-01  1.407618E+00  6.219982E-11  0.0         
             52        0  2.702527E-14  3.002132E-15  5.970688E-01  1.331747E+00  6.020300E-07  0.0         
             53        0  2.481649E-14  2.188893E-15  6.390324E-01  1.353524E+00  2.607188E-07  0.0         
             54        0  2.821426E-14 -7.448724E-16  5.970688E-01  1.331747E+00  4.493428E-11  0.0         
             55        0  3.308133E-14  2.955333E-15  5.558359E-01  1.306761E+00  3.414376E-07  0.0         
             56        0  2.727689E-14  4.331419E-16  5.970688E-01  1.331747E+00  3.000675E-07  0.0         
             57        0  1.958914E-14  9.500627E-15  6.816257E-01  1.372040E+00  4.493935E-07  0.0         
             58        0  6.839349E-16  6.424250E-15  7.247460E-01  1.387251E+00  2.011746E-07  0.0         
             59        0  1.904915E-14  1.222863E-15  6.816257E-01  1.372040E+00  5.235992E-11  0.0         
             60        0  1.933302E-14  3.687432E-15  6.816257E-01  1.372040E+00  2.077741E-07  0.0         
             61        0  1.792905E-15 -6.433408E-15  7.247460E-01  1.387251E+00 -2.010622E-07  0.0         
             62        0  1.752295E-14 -7.279470E-15  6.816257E-01  1.372040E+00 -4.492894E-07  0.0         
             63        0  2.450138E-14 -3.887938E-15  6.390324E-01  1.353524E+00 -2.606226E-07  0.0         
             64        0  1.798295E-14 -2.412627E-15  6.816257E-01  1.372040E+00 -2.076694E-07  0.0         
             65        0  2.883655E-14 -3.808430E-15  5.970688E-01  1.331747E+00 -6.019398E-07  0.0         
             66        0  3.166373E-14 -3.313551E-15  5.558359E-01  1.306761E+00 -3.413529E-07  0.0         
             67        0  2.885144E-14 -2.491434E-15  5.970688E-01  1.331747E+00 -2.999772E-07  0.0         
             68        0 -1.061704E-14  9.822611E-15  7.682896E-01  1.399119E+00  5.034036E-07  0.0         
             69        0 -2.717300E-14  6.188931E-15  8.121514E-01  1.407618E+00  1.423996E-07  0.0         
             70        0 -1.007113E-14  1.233246E-15  7.682896E-01  1.399119E+00  5.889204E-11  0.0         
             71        0 -1.037702E-14  5.641574E-15  7.682896E-01  1.399119E+00 -6.168666E-08  0.0         
             72        0 -4.461348E-14  1.256294E-14  8.562259E-01  1.412727E+00  2.410643E-06  0.0         
             73        0 -6.133277E-14  6.207208E-15  9.004066E-01  1.414431E+00 -2.570659E-05  0.0         
             74        0 -4.420531E-14  8.786687E-16  8.562257E-01  1.412722E+00  6.590222E-11  0.0         
             75        0 -4.432534E-14  7.577717E-15  8.562258E-01  1.412725E+00 -5.150017E-06  0.0         
             76        0 -6.168939E-14 -8.412507E-15  9.004066E-01  1.414431E+00  2.570673E-05  0.0         
             77        0 -4.435844E-14 -1.300114E-14  8.562259E-01  1.412727E+00 -2.410509E-06  0.0         
             78        0 -2.630874E-14 -8.021215E-15  8.121514E-01  1.407618E+00 -1.422756E-07  0.0         
             79        0 -4.470169E-14 -4.960082E-15  8.562258E-01  1.412725E+00  5.150149E-06  0.0         
             80        0 -1.110681E-14 -1.158261E-14  7.682896E-01  1.399119E+00 -5.032867E-07  0.0         
             81        0 -1.085898E-14 -5.190540E-15  7.682896E-01  1.399119E+00  6.180417E-08  0.0         
             82        0  6.619714E-17  0.0           0.0           0.0          -1.549510E-07  0.0         
             83        0 -4.348383E-16 -9.253040E-18  1.084586E-03  6.940277E-02  1.030197E-12  0.0         
             84        0  6.934821E-15  1.137425E-15  4.335706E-03  1.386382E-01 -8.828489E-07  0.0         
             85        0 -2.766423E-16  3.360066E-15  1.084566E-03  6.940272E-02 -1.625772E-06  0.0         
             86        0 -1.681257E-16  9.845653E-16  1.084581E-03  6.940268E-02 -7.369483E-07  0.0         
             87        0  2.173055E-15  0.0           0.0           0.0           1.549511E-07  0.0         
             88        0 -1.849168E-16  1.020051E-15  1.084566E-03  6.940272E-02  1.625774E-06  0.0         
             89        0  4.232796E-15 -2.453094E-16  4.335706E-03  1.386382E-01  8.828547E-07  0.0         
             90        0 -2.579873E-16  6.728055E-16  1.084581E-03  6.940268E-02  7.369506E-07  0.0         
             91        0  4.665718E-15  2.234700E-15  9.745528E-03  2.075398E-01  1.762930E-06  0.0         
             92        0 -3.534892E-15  2.682968E-16  1.730106E-02  2.759413E-01  8.747261E-07  0.0         
             93        0  2.698820E-15  6.900917E-16  9.745550E-03  2.075397E-01  4.625542E-12  0.0         
             94        0  3.899765E-15  2.322728E-15  9.745545E-03  2.075398E-01  8.790567E-07  0.0         
             95        0 -4.028983E-15 -1.828260E-15  1.730106E-02  2.759413E-01 -8.747136E-07  0.0         
             96        0  1.802745E-15 -5.316442E-15  9.745528E-03  2.075398E-01 -1.762921E-06  0.0         
             97        0  1.928920E-15 -2.066269E-15  9.745545E-03  2.075398E-01 -8.790474E-07  0.0         
             98        0 -7.197875E-15  5.263997E-16  2.698404E-02  3.436781E-01  1.730821E-06  0.0         
             99        0 -1.006075E-14 -1.429362E-16  3.877121E-02  4.105869E-01  8.534753E-07  0.0         
            100        0 -5.814256E-15 -2.075875E-15  2.698407E-02  3.436781E-01  8.030632E-12  0.0         
            101        0 -6.695313E-15  5.614479E-17  2.698406E-02  3.436781E-01  8.650919E-07  0.0         
            102        0 -1.007203E-14  3.773082E-16  5.263410E-02  4.765066E-01  1.679941E-06  0.0         
            103        0 -7.366757E-15 -9.467907E-16  6.853938E-02  5.412783E-01  8.239906E-07  0.0         
            104        0 -1.028825E-14  1.395702E-15  5.263412E-02  4.765066E-01  1.146853E-11  0.0         
            105        0 -1.027566E-14  1.320006E-15  5.263411E-02  4.765066E-01  8.397418E-07  0.0         
            106        0 -7.383156E-15  1.383283E-15  6.853938E-02  5.412783E-01 -8.239651E-07  0.0         
            107        0 -1.040337E-14  1.046989E-15  5.263410E-02  4.765066E-01 -1.679918E-06  0.0         
            108        0 -9.870523E-15 -1.289943E-15  3.877121E-02  4.105869E-01 -8.534559E-07  0.0         
            109        0 -1.064396E-14  9.989385E-16  5.263411E-02  4.765066E-01 -8.397190E-07  0.0         
            110        0 -6.125934E-15 -4.509099E-15  2.698404E-02  3.436781E-01 -1.730805E-06  0.0         
            111        0 -5.945718E-15 -2.383847E-15  2.698406E-02  3.436781E-01 -8.650758E-07  0.0         
            112        0 -7.247147E-15 -1.923038E-15  8.644867E-02  6.047461E-01  1.612933E-06  0.0         
            113        0 -4.575735E-15  1.252450E-15  1.063189E-01  6.667569E-01  7.865724E-07  0.0         
            114        0 -6.425440E-15  8.538972E-16  8.644869E-02  6.047461E-01  1.403393E-11  0.0         
            115        0 -7.224924E-15 -8.844048E-16  8.644868E-02  6.047461E-01  8.062521E-07  0.0         
            116        0 -9.794094E-15  3.619376E-15  1.281021E-01  7.271615E-01  1.530397E-06  0.0         
            117        0 -1.181064E-14  5.351586E-16  1.517459E-01  7.858143E-01  7.415790E-07  0.0         
            118        0 -1.005993E-14 -7.347206E-16  1.281021E-01  7.271615E-01  1.743919E-11  0.0         
            119        0 -9.940999E-15 -8.128717E-17  1.281021E-01  7.271615E-01  7.649972E-07  0.0         
            120        0 -1.117108E-14 -6.821766E-16  1.517459E-01  7.858143E-01 -7.415413E-07  0.0         
            121        0 -9.942761E-15 -1.158246E-15  1.281021E-01  7.271615E-01 -1.530362E-06  0.0         
            122        0 -5.564170E-15 -7.205869E-16  1.063189E-01  6.667569E-01 -7.865406E-07  0.0         
            123        0 -9.844233E-15 -2.046357E-18  1.281021E-01  7.271615E-01 -7.649625E-07  0.0         
            124        0 -6.443804E-15 -8.538440E-16  8.644867E-02  6.047461E-01 -1.612905E-06  0.0         
            125        0 -6.429370E-15 -7.751983E-16  8.644868E-02  6.047461E-01 -8.062240E-07  0.0         
            126        0 -8.838241E-15 -3.134758E-15  1.771932E-01  8.425740E-01  1.433123E-06  0.0         
            127        0 -2.827983E-16 -2.838020E-15  2.043829E-01  8.973039E-01  6.894439E-07  0.0         
            128        0 -9.924411E-15 -7.111140E-16  1.771933E-01  8.425740E-01  2.063111E-11  0.0         
            129        0 -9.255965E-15 -2.525285E-15  1.771932E-01  8.425740E-01  7.163750E-07  0.0         
            130        0  1.340093E-14 -1.025483E-14  2.332493E-01  9.498721E-01  1.322044E-06  0.0         
            131        0  2.573716E-14 -3.588502E-15  2.637230E-01  1.000152E+00  6.306694E-07  0.0         
            132        0  1.260033E-14 -2.323868E-16  2.332493E-01  9.498721E-01  2.243016E-11  0.0         
            133        0  1.300054E-14 -4.882236E-15  2.332493E-01  9.498721E-01  6.608520E-07  0.0         
            134        0  2.626591E-14  2.042257E-15  2.637230E-01  1.000152E+00 -6.306211E-07  0.0         
            135        0  1.346540E-14  1.074321E-14  2.332493E-01  9.498721E-01 -1.321999E-06  0.0         
            136        0  5.514075E-16  3.481707E-15  2.043829E-01  8.973039E-01 -6.894001E-07  0.0         
            137        0  1.286322E-14  6.291755E-15  2.332493E-01  9.498721E-01 -6.608070E-07  0.0         
            138        0 -1.020322E-14  5.570140E-15  1.771932E-01  8.425740E-01 -1.433081E-06  0.0         
            139        0 -1.024377E-14  3.956042E-15  1.771932E-01  8.425740E-01 -7.163336E-07  0.0         
            140        0  3.112032E-14 -6.294414E-15  2.957305E-01  1.048022E+00  1.198237E-06  0.0         
            141        0  3.945230E-14 -2.462750E-15  3.291947E-01  1.093368E+00  5.658205E-07  0.0         
            142        0  2.953653E-14 -6.275407E-16  2.957305E-01  1.048022E+00  2.547059E-11  0.0         
            143        0  3.048081E-14 -2.917429E-15  2.957305E-01  1.048022E+00  5.989669E-07  0.0         
            144        0  4.125951E-14 -1.988471E-16  3.640350E-01  1.136080E+00  1.062889E-06  0.0         
            145        0  4.080202E-14  4.739020E-17  4.001675E-01  1.176054E+00  4.955271E-07  0.0         
            146        0  4.007942E-14  2.052763E-16  3.640350E-01  1.136080E+00  2.849581E-11  0.0         
            147        0  4.084531E-14 -4.996968E-16  3.640350E-01  1.136080E+00  5.313131E-07  0.0         
            148        0  4.238611E-14  4.138665E-16  4.001675E-01  1.176054E+00 -4.954631E-07  0.0         
            149        0  3.926804E-14 -7.073091E-16  3.640350E-01  1.136080E+00 -1.062835E-06  0.0         
            150        0  4.065900E-14  2.108640E-15  3.291947E-01  1.093368E+00 -5.657685E-07  0.0         
            151        0  3.951570E-14  1.171803E-15  3.640350E-01  1.136080E+00 -5.312562E-07  0.0         
            152        0  2.942929E-14  5.518972E-15  2.957305E-01  1.048022E+00 -1.198186E-06  0.0         
            153        0  2.924497E-14  2.558285E-15  2.957305E-01  1.048022E+00 -5.989157E-07  0.0         
            154        0  4.576388E-14 -2.634708E-15  4.375051E-01  1.213196E+00  9.173132E-07  0.0         
            155        0  4.526850E-14  1.588811E-15  4.759579E-01  1.247415E+00  4.204644E-07  0.0         
            156        0  4.571987E-14  8.840166E-16  4.375051E-01  1.213196E+00  3.485300E-11  0.0         
            157        0  4.580142E-14 -1.186650E-15  4.375051E-01  1.213196E+00  4.585455E-07  0.0         
            158        0  3.814844E-14  5.041086E-15  5.154332E-01  1.278628E+00  7.629423E-07  0.0         
            159        0  3.967132E-14  1.614896E-15  5.154332E-01  1.278628E+00  3.942124E-11  0.0         
            160        0  3.851605E-14  2.486240E-15  5.154332E-01  1.278628E+00  3.813409E-07  0.0         
            161        0  4.017285E-14 -2.444632E-15  5.154332E-01  1.278628E+00 -7.628642E-07  0.0         
            162        0  4.377030E-14 -2.170710E-15  4.759579E-01  1.247415E+00 -4.203903E-07  0.0         
            163        0  4.031826E-14 -1.284401E-16  5.154332E-01  1.278628E+00 -3.812620E-07  0.0         
            164        0  4.512592E-14  1.012600E-15  4.375051E-01  1.213196E+00 -9.172421E-07  0.0         
            165        0  4.523547E-14  1.537209E-15  4.375051E-01  1.213196E+00 -4.584752E-07  0.0         
                         ------------- ------------- ------------- ------------- ------------- -------------
                MAX* :    4.580142E-14  1.472937E-14  9.004071E-01  1.414431E+00  7.361853E-05  0.0         
                MIN* :   -6.236786E-14 -1.417922E-14  0.0           0.0          -7.361840E-05  0.0         

                ABS* :    6.236786E-14  1.472937E-14  9.004071E-01  1.414431E+00  7.361853E-05  0.0         
                *for output set

                                                    SPC Force Summary on AUTOSPC'd DOF's
                                                 (in global coordinate system at each grid)
        For detailed information on the SPC forces for the AUTOSPC DOF's, set field 7 (AUTOSPC_SPCF) on the PARAM AUTOSPC entry to Y

                              T1             T2             T3             R1             R2             R3

 ABS AUTOSPC FORCES  :   0.000000E+00   0.000000E+00   0.000000E+00   0.000000E+00   0.000000E+00   0.000000E+00
 AUTOSPC FORCE TOTALS:   0.000000E+00   0.000000E+00   0.000000E+00   0.000000E+00   0.000000E+00   0.000000E+00
     (for output set)


 OUTPUT FOR SUBCASE        2
 OUTPUT FOR EIGENVECTOR        2

                                                         E I G E N V E C T O R
                                              (in global coordinate system at each grid)
           GRID     COORD      T1            T2            T3            R1            R2            R3
                     SYS
              1        0  0.0           0.0           0.0           0.0          -1.725419E-05  0.0         
              2        0 -1.759426E-13 -1.172311E-14  5.949821E-01  2.762776E-01  4.724542E-05  0.0         
              3        0 -1.813934E-13  1.780764E-14  5.949821E-01  2.762776E-01 -4.724547E-05  0.0         
              4        0 -7.813836E-13 -5.934726E-14  3.003729E-01 -1.416117E+00 -6.621889E-04  0.0         
              5        0  6.646028E-15  0.0           0.0           0.0           1.725419E-05  0.0         
              6        0 -1.353926E-13 -1.628812E-14  3.589773E-01  1.388936E+00  9.397670E-06  0.0         
              7        0 -6.721514E-14  8.009282E-15  1.854273E-01  1.308349E+00  1.843424E-05  0.0         
              8        0 -1.216156E-13 -5.456102E-15  5.127753E-01  1.001368E+00  3.406203E-05  0.0         
              9        0 -2.191546E-14 -9.721164E-15  5.062226E-02  7.867689E-01 -4.003809E-05  0.0         
             10        0 -2.105686E-14  1.604863E-14  5.062226E-02  7.867689E-01  4.003808E-05  0.0         
             11        0 -1.383440E-13  9.332127E-15  3.589773E-01  1.388936E+00 -9.397700E-06  0.0         
             12        0 -7.776806E-13  6.060502E-14  3.003729E-01 -1.416117E+00  6.621889E-04  0.0         
             13        0 -3.117514E-13 -3.731821E-14  5.778891E-01 -5.419348E-01  4.450230E-05  0.0         
             14        0 -5.008576E-13 -5.277111E-14  4.672576E-01 -1.177482E+00  2.602905E-05  0.0         
             15        0 -1.231606E-13  1.915078E-15  5.127753E-01  1.001368E+00 -3.406208E-05  0.0         
             16        0 -5.050017E-13  5.545219E-14  4.672576E-01 -1.177482E+00 -2.602909E-05  0.0         
             17        0 -6.663707E-14 -3.718307E-15  1.854273E-01  1.308349E+00 -1.843426E-05  0.0         
             18        0 -3.078217E-13  3.534697E-14  5.778891E-01 -5.419348E-01 -4.450235E-05  0.0         
             19        0  3.064507E-15  0.0           0.0           0.0          -6.041230E-14  0.0         
             20        0  5.851545E-15 -3.551606E-16  1.293375E-02  4.110854E-01  4.567773E-05  0.0         
             21        0 -2.218220E-14 -1.986299E-15  5.062276E-02  7.867685E-01 -4.425485E-12  0.0         
             22        0  1.554414E-14  3.644445E-16  1.293375E-02  4.110854E-01 -4.567774E-05  0.0         
             23        0  1.240089E-14  1.669828E-15  1.293431E-02  4.110855E-01 -2.027572E-12  0.0         
             24        0 -5.182781E-14  8.462726E-15  1.098195E-01  1.094696E+00  3.055865E-05  0.0         
             25        0 -6.752975E-14 -2.841971E-15  1.854275E-01  1.308348E+00 -9.706977E-12  0.0         
             26        0 -5.236768E-14 -1.076068E-14  1.098195E-01  1.094696E+00 -3.055866E-05  0.0         
             27        0 -5.319649E-14  2.391520E-16  1.098198E-01  1.094696E+00 -6.625474E-12  0.0         
             28        0 -8.591652E-14  1.420033E-14  2.709345E-01  1.409328E+00  4.721591E-06  0.0         
             29        0 -1.357615E-13  3.268101E-15  3.589772E-01  1.388935E+00 -1.459848E-11  0.0         
             30        0 -8.879327E-14 -1.387494E-14  2.709345E-01  1.409328E+00 -4.721617E-06  0.0         
             31        0 -8.771565E-14 -1.288522E-15  2.709346E-01  1.409327E+00 -1.244413E-11  0.0         
             32        0 -1.466324E-13 -5.301587E-15  4.419734E-01  1.248930E+00 -2.270767E-05  0.0         
             33        0 -1.200767E-13  3.833108E-16  5.127749E-01  1.001367E+00 -2.288151E-11  0.0         
             34        0 -1.444325E-13  8.110870E-15  4.419734E-01  1.248930E+00  2.270764E-05  0.0         
             35        0 -1.442470E-13  3.946685E-15  4.419731E-01  1.248930E+00 -1.802165E-11  0.0         
             36        0 -1.349722E-13  8.228869E-15  5.652856E-01  6.675678E-01 -4.248308E-05  0.0         
             37        0 -1.785928E-13 -1.322610E-16  5.949816E-01  2.762774E-01 -2.725359E-11  0.0         
             38        0 -1.303046E-13 -5.410164E-15  5.652856E-01  6.675678E-01  4.248303E-05  0.0         
             39        0 -1.315109E-13 -4.025317E-16  5.652851E-01  6.675675E-01 -2.769806E-11  0.0         
             40        0 -2.208435E-13  2.980829E-14  5.993075E-01 -1.388056E-01 -4.793901E-05  0.0         
             41        0 -3.100899E-13 -2.217054E-15  5.778886E-01 -5.419346E-01 -2.381208E-11  0.0         
             42        0 -2.255726E-13 -2.952388E-14  5.993075E-01 -1.388056E-01  4.793896E-05  0.0         
             43        0 -2.248086E-13 -1.783679E-15  5.993069E-01 -1.388055E-01 -2.651686E-11  0.0         
             44        0 -3.856591E-13  2.858724E-14  5.325716E-01 -8.983931E-01 -3.719989E-05  0.0         
             45        0 -5.046336E-13 -2.860961E-15  4.672572E-01 -1.177482E+00 -2.142676E-11  0.0         
             46        0 -3.861552E-13 -3.790808E-14  5.325716E-01 -8.983931E-01  3.719985E-05  0.0         
             47        0 -3.872645E-13 -2.387407E-15  5.325711E-01 -8.983926E-01 -2.146470E-11  0.0         
             48        0 -6.331192E-13  6.074320E-14  3.875718E-01 -1.355166E+00  4.261875E-06  0.0         
             49        0 -7.794231E-13 -1.088398E-15  3.003788E-01 -1.416133E+00 -1.973304E-11  0.0         
             50        0 -6.312371E-13 -5.901834E-14  3.875718E-01 -1.355166E+00 -4.261920E-06  0.0         
             51        0 -6.339387E-13 -3.005393E-15  3.875718E-01 -1.355168E+00 -2.200009E-11  0.0         
             52        0 -3.518280E-13  3.023061E-14  5.580189E-01 -7.280439E-01 -4.132584E-05  0.0         
             53        0 -3.858123E-13  1.697046E-14  5.325712E-01 -8.983930E-01 -1.858851E-05  0.0         
             54        0 -3.487701E-13 -1.916223E-15  5.580184E-01 -7.280436E-01 -2.287178E-11  0.0         
             55        0 -3.082671E-13  1.873338E-14  5.778887E-01 -5.419348E-01 -2.219811E-05  0.0         
             56        0 -3.511891E-13  1.235762E-14  5.580185E-01 -7.280439E-01 -2.060397E-05  0.0         
             57        0 -4.277221E-13  4.724276E-14  5.020979E-01 -1.049295E+00 -3.249258E-05  0.0         
             58        0 -5.049003E-13  2.795291E-14  4.672573E-01 -1.177482E+00 -1.359382E-05  0.0         
             59        0 -4.290836E-13  3.149113E-15  5.020975E-01 -1.049294E+00 -1.914125E-11  0.0         
             60        0 -4.283753E-13  2.087527E-14  5.020976E-01 -1.049295E+00 -1.605401E-05  0.0         
             61        0 -5.020367E-13 -2.797742E-14  4.672573E-01 -1.177482E+00  1.359378E-05  0.0         
             62        0 -4.330209E-13 -4.150679E-14  5.020979E-01 -1.049295E+00  3.249254E-05  0.0         
             63        0 -3.866409E-13 -2.134713E-14  5.325712E-01 -8.983930E-01  1.858847E-05  0.0         
             64        0 -4.318392E-13 -1.759590E-14  5.020976E-01 -1.049295E+00  1.605397E-05  0.0         
             65        0 -3.471856E-13 -3.231020E-14  5.580189E-01 -7.280439E-01  4.132580E-05  0.0         
             66        0 -3.118788E-13 -1.965420E-14  5.778887E-01 -5.419348E-01  2.219806E-05  0.0         
             67        0 -3.471352E-13 -1.766387E-14  5.580185E-01 -7.280439E-01  2.060392E-05  0.0         
             68        0 -5.625116E-13  4.811970E-14  4.288048E-01 -1.280182E+00 -2.278207E-05  0.0         
             69        0 -6.336925E-13  2.734530E-14  3.875718E-01 -1.355168E+00 -7.509227E-06  0.0         
             70        0 -5.611295E-13  3.176826E-15  4.288045E-01 -1.280180E+00 -2.223822E-11  0.0         
             71        0 -5.619396E-13  2.593600E-14  4.288046E-01 -1.280181E+00 -8.538619E-06  0.0         
             72        0 -7.070841E-13  5.516829E-14  3.444511E-01 -1.400836E+00 -2.832310E-05  0.0         
             73        0 -7.787412E-13  2.739026E-14  3.003776E-01 -1.416168E+00  2.303606E-04  0.0         
             74        0 -7.060423E-13  2.258777E-15  3.444520E-01 -1.400794E+00 -2.162473E-11  0.0         
             75        0 -7.063639E-13  3.091993E-14  3.444515E-01 -1.400823E+00  4.312961E-05  0.0         
             76        0 -7.796458E-13 -3.307820E-14  3.003776E-01 -1.416168E+00 -2.303606E-04  0.0         
             77        0 -7.064434E-13 -5.629995E-14  3.444511E-01 -1.400836E+00  2.832306E-05  0.0         
             78        0 -6.314831E-13 -3.206915E-14  3.875718E-01 -1.355168E+00  7.509183E-06  0.0         
             79        0 -7.073460E-13 -2.418351E-14  3.444515E-01 -1.400823E+00 -4.312965E-05  0.0         
             80        0 -5.637824E-13 -5.265245E-14  4.288048E-01 -1.280182E+00  2.278202E-05  0.0         
             81        0 -5.631436E-13 -2.477628E-14  4.288046E-01 -1.280181E+00  8.538575E-06  0.0         
             82        0  1.699191E-16  0.0           0.0           0.0          -4.174352E-06  0.0         
             83        0 -1.868416E-15 -2.396662E-17  3.251296E-03  2.077934E-01 -1.160139E-12  0.0         
             84        0  1.487603E-14  1.745344E-15  1.293417E-02  4.110857E-01 -2.286573E-05  0.0         
             85        0 -1.460107E-15  7.462679E-15  3.250776E-03  2.077922E-01 -4.344670E-05  0.0         
             86        0 -1.180497E-15  1.940004E-15  3.251182E-03  2.077909E-01 -1.962458E-05  0.0         
             87        0  5.599522E-15  0.0           0.0           0.0           4.174352E-06  0.0         
             88        0 -1.223872E-15  3.824827E-15  3.250776E-03  2.077922E-01  4.344670E-05  0.0         
             89        0  7.913354E-15  5.539806E-16  1.293417E-02  4.110857E-01  2.286573E-05  0.0         
             90        0 -1.412367E-15  2.331190E-15  3.251182E-03  2.077909E-01  1.962458E-05  0.0         
             91        0  5.335243E-15  9.296521E-15  2.883901E-02  6.054807E-01  4.349285E-05  0.0         
             92        0 -2.094801E-14  3.055752E-15  5.062263E-02  7.867688E-01  1.997675E-05  0.0         
             93        0  2.671810E-16  1.778898E-15  2.883956E-02  6.054803E-01 -3.023122E-12  0.0         
             94        0  3.361536E-15  7.758163E-15  2.883942E-02  6.054807E-01  2.163432E-05  0.0         
             95        0 -2.222266E-14 -7.075206E-15  5.062263E-02  7.867688E-01 -1.997676E-05  0.0         
             96        0 -2.041205E-15 -1.723806E-14  2.883901E-02  6.054807E-01 -4.349286E-05  0.0         
             97        0 -1.716297E-15 -7.096960E-15  2.883942E-02  6.054807E-01 -2.163432E-05  0.0         
             98        0 -3.704634E-14  7.289933E-15  7.781193E-02  9.510260E-01  3.569405E-05  0.0         
             99        0 -5.259252E-14  3.205635E-15  1.098197E-01  1.094696E+00  1.524207E-05  0.0         
            100        0 -3.347948E-14 -5.349873E-15  7.781237E-02  9.510255E-01 -5.312847E-12  0.0         
            101        0 -3.575090E-14  3.111190E-15  7.781226E-02  9.510259E-01  1.780070E-05  0.0         
            102        0 -6.231759E-14  9.333504E-15  1.459520E-01  1.214670E+00  2.476498E-05  0.0         
            103        0 -6.655932E-14  2.335214E-15  1.854275E-01  1.308349E+00  9.194401E-06  0.0         
            104        0 -6.287793E-14  3.597090E-15  1.459523E-01  1.214669E+00 -7.522835E-12  0.0         
            105        0 -6.284262E-14  7.580009E-15  1.459522E-01  1.214669E+00  1.235185E-05  0.0         
            106        0 -6.660065E-14 -1.208631E-15  1.854275E-01  1.308349E+00 -9.194420E-06  0.0         
            107        0 -6.317200E-14 -5.662552E-15  1.459520E-01  1.214670E+00 -2.476500E-05  0.0         
            108        0 -5.210119E-14 -6.897525E-15  1.098197E-01  1.094696E+00 -1.524208E-05  0.0         
            109        0 -6.379245E-14 -1.603547E-15  1.459522E-01  1.214669E+00 -1.235186E-05  0.0         
            110        0 -3.428378E-14 -1.755149E-14  7.781193E-02  9.510260E-01 -3.569406E-05  0.0         
            111        0 -3.381903E-14 -9.108738E-15  7.781226E-02  9.510259E-01 -1.780071E-05  0.0         
            112        0 -7.893527E-14  5.762984E-15  2.273909E-01  1.373707E+00  1.170462E-05  0.0         
            113        0 -8.617161E-14  9.157392E-15  2.709346E-01  1.409328E+00  2.354968E-06  0.0         
            114        0 -7.681201E-14  2.201805E-15  2.273911E-01  1.373706E+00 -1.190502E-11  0.0         
            115        0 -7.887338E-14  3.078331E-15  2.273911E-01  1.373707E+00  5.837865E-06  0.0         
            116        0 -1.151504E-13  2.231883E-14  3.151154E-01  1.414441E+00 -2.363635E-06  0.0         
            117        0 -1.372968E-13  8.439240E-15  3.589772E-01  1.388936E+00 -4.687268E-06  0.0         
            118        0 -1.158342E-13 -1.892886E-15  3.151154E-01  1.414440E+00 -1.330676E-11  0.0         
            119        0 -1.155285E-13  6.286847E-15  3.151154E-01  1.414441E+00 -1.178910E-06  0.0         
            120        0 -1.356491E-13 -8.816522E-15  3.589772E-01  1.388936E+00  4.687239E-06  0.0         
            121        0 -1.155281E-13 -1.597444E-14  3.151154E-01  1.414441E+00  2.363609E-06  0.0         
            122        0 -8.871802E-14 -7.785015E-15  2.709346E-01  1.409328E+00 -2.354993E-06  0.0         
            123        0 -1.152770E-13 -6.499845E-15  3.151154E-01  1.414441E+00  1.178883E-06  0.0         
            124        0 -7.686043E-14 -1.291729E-14  2.273909E-01  1.373707E+00 -1.170464E-05  0.0         
            125        0 -7.682335E-14 -7.354626E-15  2.273911E-01  1.373707E+00 -5.837888E-06  0.0         
            126        0 -1.480073E-13  7.157853E-15  4.015706E-01  1.333365E+00 -1.622833E-05  0.0         
            127        0 -1.457083E-13  8.235135E-16  4.419732E-01  1.248930E+00 -1.132584E-05  0.0         
            128        0 -1.508057E-13 -1.831838E-15  4.015704E-01  1.333364E+00 -1.565011E-11  0.0         
            129        0 -1.490797E-13  1.105777E-15  4.015705E-01  1.333365E+00 -8.094160E-06  0.0         
            130        0 -1.314596E-13 -9.180781E-15  4.793110E-01  1.137460E+00 -2.869546E-05  0.0         
            131        0 -1.217869E-13 -2.080987E-16  5.127750E-01  1.001368E+00 -1.698905E-05  0.0         
            132        0 -1.335225E-13 -5.970140E-16  4.793107E-01  1.137460E+00 -2.150626E-11  0.0         
            133        0 -1.324904E-13 -3.966717E-15  4.793108E-01  1.137460E+00 -1.431235E-05  0.0         
            134        0 -1.204335E-13 -3.775193E-15  5.127750E-01  1.001368E+00  1.698900E-05  0.0         
            135        0 -1.312919E-13  1.044163E-14  4.793110E-01  1.137460E+00  2.869542E-05  0.0         
            136        0 -1.435515E-13  8.362869E-16  4.419732E-01  1.248930E+00  1.132581E-05  0.0         
            137        0 -1.328400E-13  7.602583E-15  4.793108E-01  1.137460E+00  1.431231E-05  0.0         
            138        0 -1.515260E-13 -8.795939E-16  4.015706E-01  1.333365E+00  1.622830E-05  0.0         
            139        0 -1.516259E-13  2.583112E-15  4.015705E-01  1.333365E+00  8.094130E-06  0.0         
            140        0 -1.310538E-13  2.634559E-15  5.416418E-01  8.435984E-01 -3.869136E-05  0.0         
            141        0 -1.336309E-13  3.416458E-15  5.652852E-01  6.675678E-01 -2.118917E-05  0.0         
            142        0 -1.351387E-13 -1.616180E-15  5.416413E-01  8.435980E-01 -2.477407E-11  0.0         
            143        0 -1.326937E-13  1.904716E-15  5.416414E-01  8.435984E-01 -1.929798E-05  0.0         
            144        0 -1.538050E-13  1.963175E-14  5.831950E-01  4.770864E-01 -4.535518E-05  0.0         
            145        0 -1.805335E-13  1.046541E-14  5.949817E-01  2.762775E-01 -2.356449E-05  0.0         
            146        0 -1.568275E-13  5.296181E-16  5.831944E-01  4.770862E-01 -2.844147E-11  0.0         
            147        0 -1.548780E-13  8.782163E-15  5.831945E-01  4.770864E-01 -2.262167E-05  0.0         
            148        0 -1.764639E-13 -9.272790E-15  5.949817E-01  2.762775E-01  2.356444E-05  0.0         
            149        0 -1.589293E-13 -2.196089E-14  5.831950E-01  4.770864E-01  4.535512E-05  0.0         
            150        0 -1.305216E-13 -4.326567E-15  5.652852E-01  6.675678E-01  2.118911E-05  0.0         
            151        0 -1.582872E-13 -7.046578E-15  5.831945E-01  4.770864E-01  2.262162E-05  0.0         
            152        0 -1.354055E-13 -4.629989E-15  5.416418E-01  8.435984E-01  3.869131E-05  0.0         
            153        0 -1.358860E-13 -2.827588E-15  5.416414E-01  8.435984E-01  1.929793E-05  0.0         
            154        0 -1.939605E-13  1.438971E-14  6.003920E-01  6.948810E-02 -4.811307E-05  0.0         
            155        0 -2.219968E-13  1.488089E-14  5.993070E-01 -1.388056E-01 -2.391050E-05  0.0         
            156        0 -1.940636E-13  2.279265E-15  6.003914E-01  6.948806E-02 -2.738236E-11  0.0         
            157        0 -1.938599E-13  7.525560E-15  6.003916E-01  6.948810E-02 -2.399720E-05  0.0         
            158        0 -2.675546E-13  3.492577E-14  5.917520E-01 -3.440945E-01 -4.672790E-05  0.0         
            159        0 -2.636390E-13  4.161984E-15  5.917514E-01 -3.440943E-01 -2.525235E-11  0.0         
            160        0 -2.666141E-13  1.736954E-14  5.917515E-01 -3.440945E-01 -2.330593E-05  0.0         
            161        0 -2.623477E-13 -2.822642E-14  5.917520E-01 -3.440945E-01  4.672785E-05  0.0         
            162        0 -2.258660E-13 -1.637768E-14  5.993070E-01 -1.388056E-01  2.391044E-05  0.0         
            163        0 -2.619704E-13 -1.129161E-14  5.917515E-01 -3.440945E-01  2.330588E-05  0.0         
            164        0 -1.956047E-13 -1.856150E-14  6.003920E-01  6.948810E-02  4.811302E-05  0.0         
            165        0 -1.953174E-13 -6.619669E-15  6.003916E-01  6.948810E-02  2.399714E-05  0.0         
                         ------------- ------------- ------------- ------------- ------------- -------------
                MAX* :    1.554414E-14  6.074320E-14  6.003920E-01  1.414441E+00  6.621889E-04  0.0         
                MIN* :   -7.813836E-13 -5.934726E-14  0.0          -1.416168E+00 -6.621889E-04  0.0         

                ABS* :    7.813836E-13  6.074320E-14  6.003920E-01  1.416168E+00  6.621889E-04  0.0         
                *for output set

                                                    SPC Force Summary on AUTOSPC'd DOF's
                                                 (in global coordinate system at each grid)
        For detailed information on the SPC forces for the AUTOSPC DOF's, set field 7 (AUTOSPC_SPCF) on the PARAM AUTOSPC entry to Y

                              T1             T2             T3             R1             R2             R3

 ABS AUTOSPC FORCES  :   0.000000E+00   0.000000E+00   0.000000E+00   0.000000E+00   0.000000E+00   0.000000E+00
 AUTOSPC FORCE TOTALS:   0.000000E+00   0.000000E+00   0.000000E+00   0.000000E+00   0.000000E+00   0.000000E+00
     (for output set)


 OUTPUT FOR SUBCASE        2
 OUTPUT FOR EIGENVECTOR        3

                                                         E I G E N V E C T O R
                                              (in global coordinate system at each grid)
           GRID     COORD      T1            T2            T3            R1            R2            R3
                     SYS
              1        0  0.0           0.0           0.0           0.0          -4.306645E-14  0.0         
              2        0 -4.000647E-01 -2.936800E-02 -1.585841E-11 -5.367504E-11 -3.577595E-13  0.0         
              3        0 -4.000647E-01  2.936800E-02 -1.584663E-11 -5.339434E-11 -1.215352E-13  0.0         
              4        0 -9.001780E-01 -3.532127E-02 -3.104977E-11 -3.081361E-11 -7.221382E-13  0.0         
              5        0  6.733987E-14  0.0           0.0           0.0           2.525242E-15  0.0         
              6        0 -1.517069E-01 -1.962307E-02 -4.240962E-12 -2.797241E-11  7.880655E-14  0.0         
              7        0 -6.852176E-02  1.351661E-02 -1.590396E-12 -1.675644E-11 -2.258557E-14  0.0         
              8        0 -2.636552E-01 -2.497543E-02 -9.119668E-12 -4.938873E-11 -1.233896E-14  0.0         
              9        0 -1.729661E-02 -6.890706E-03 -1.495953E-13 -5.133322E-12 -9.033689E-15  0.0         
             10        0 -1.729661E-02  6.890706E-03 -1.472398E-13 -5.079911E-12 -8.918948E-14  0.0         
             11        0 -1.517069E-01  1.962307E-02 -4.249144E-12 -2.780774E-11  1.423587E-13  0.0         
             12        0 -9.001780E-01  3.532127E-02 -3.096141E-11 -3.200484E-11 -3.624310E-12  0.0         
             13        0 -5.556931E-01 -3.263198E-02 -2.193725E-11 -4.254751E-11 -7.568566E-14  0.0         
             14        0 -7.245598E-01 -3.464189E-02 -2.683724E-11 -3.839910E-11 -2.242320E-13  0.0         
             15        0 -2.636552E-01  2.497543E-02 -9.117829E-12 -4.933254E-11 -5.458891E-14  0.0         
             16        0 -7.245598E-01  3.464189E-02 -2.678892E-11 -3.558360E-11 -1.970933E-12  0.0         
             17        0 -6.852176E-02 -1.351661E-02 -1.589804E-12 -1.669843E-11  3.481754E-14  0.0         
             18        0 -5.556931E-01  3.263198E-02 -2.193508E-11 -4.261165E-11 -3.200998E-14  0.0         
             19        0 -6.681852E-08  0.0           0.0           0.0           4.650373E-15  0.0         
             20        0 -4.334589E-03  3.462023E-03  1.804923E-15 -4.536535E-13  3.116070E-14  0.0         
             21        0 -1.729668E-02  4.127148E-16 -1.492461E-13 -5.129071E-12 -5.065267E-14  0.0         
             22        0 -4.334589E-03 -3.462023E-03  2.352489E-15 -4.836427E-13  3.176255E-14  0.0         
             23        0 -4.334656E-03  1.695325E-16  2.140445E-15 -4.802091E-13 -8.253468E-15  0.0         
             24        0 -3.876124E-02  1.025303E-02 -6.857941E-13 -1.183295E-11 -4.591901E-14  0.0         
             25        0 -6.852182E-02  1.385256E-15 -1.590138E-12 -1.673808E-11  7.190648E-16  0.0         
             26        0 -3.876124E-02 -1.025303E-02 -6.851332E-13 -1.186674E-11  1.105499E-13  0.0         
             27        0 -3.876130E-02  6.356071E-16 -6.855182E-13 -1.183655E-11  4.228020E-15  0.0         
             28        0 -1.062915E-01  1.665001E-02 -2.753286E-12 -2.058512E-11 -1.431464E-13  0.0         
             29        0 -1.517069E-01  9.932270E-16 -4.244859E-12 -2.786524E-11  2.143782E-13  0.0         
             30        0 -1.062915E-01 -1.665001E-02 -2.755235E-12 -2.074096E-11  3.115065E-14  0.0         
             31        0 -1.062916E-01  1.424529E-15 -2.754928E-12 -2.068646E-11 -4.387798E-14  0.0         
             32        0 -2.043304E-01  2.240715E-02 -6.346448E-12 -3.938658E-11  5.581654E-13  0.0         
             33        0 -2.636553E-01  1.890080E-15 -9.119205E-12 -4.936368E-11 -3.884130E-14  0.0         
             34        0 -2.043304E-01 -2.240715E-02 -6.339908E-12 -3.946931E-11 -3.186792E-13  0.0         
             35        0 -2.043304E-01  1.131415E-15 -6.339894E-12 -3.930592E-11  1.524217E-13  0.0         
             36        0 -3.291101E-01  2.730319E-02 -1.241794E-11 -5.499016E-11  7.617359E-13  0.0         
             37        0 -4.000647E-01  2.387190E-15 -1.585137E-11 -5.366881E-11 -2.350580E-13  0.0         
             38        0 -3.291101E-01 -2.730319E-02 -1.241688E-11 -5.526716E-11  3.438871E-13  0.0         
             39        0 -3.291101E-01  2.209160E-15 -1.241792E-11 -5.518362E-11 -6.824779E-14  0.0         
             40        0 -4.758356E-01  3.114998E-02 -1.907713E-11 -4.931432E-11  4.621749E-13  0.0         
             41        0 -5.556931E-01  2.926608E-15 -2.193619E-11 -4.254391E-11 -3.164365E-14  0.0         
             42        0 -4.758356E-01 -3.114998E-02 -1.908500E-11 -4.865385E-11 -8.611561E-13  0.0         
             43        0 -4.758356E-01  2.752480E-15 -1.907585E-11 -4.910661E-11 -1.792729E-13  0.0         
             44        0 -6.388682E-01  3.379970E-02 -2.446117E-11 -3.873619E-11  1.870876E-13  0.0         
             45        0 -7.245598E-01  3.197001E-15 -2.682059E-11 -3.674368E-11 -9.778005E-13  0.0         
             46        0 -6.388682E-01 -3.379970E-02 -2.445660E-11 -3.897270E-11  1.561984E-13  0.0         
             47        0 -6.388682E-01  3.164315E-15 -2.445773E-11 -3.887773E-11  7.509409E-14  0.0         
             48        0 -8.119428E-01  3.515040E-02 -2.894353E-11 -3.283500E-11 -1.681446E-12  0.0         
             49        0 -9.001734E-01  2.980489E-15 -3.102370E-11 -3.248652E-11 -2.008111E-12  0.0         
             50        0 -8.119428E-01 -3.515040E-02 -2.901700E-11 -3.363121E-11 -1.456427E-12  0.0         
             51        0 -8.119425E-01  3.214607E-15 -2.898165E-11 -3.306685E-11 -1.371202E-12  0.0         
             52        0 -5.969153E-01  3.325590E-02 -2.322745E-11 -4.013223E-11  1.106996E-13  0.0         
             53        0 -6.388682E-01  1.689334E-02 -2.445936E-11 -3.887915E-11  1.440568E-13  0.0         
             54        0 -5.969154E-01  3.004783E-15 -2.322527E-11 -4.016499E-11 -6.270937E-14  0.0         
             55        0 -5.556931E-01  1.630970E-02 -2.193567E-11 -4.252729E-11 -4.641569E-14  0.0         
             56        0 -5.969153E-01  1.662154E-02 -2.322612E-11 -4.019159E-11  1.390759E-13  0.0         
             57        0 -6.814505E-01  3.426210E-02 -2.564715E-11 -3.710742E-11 -2.387546E-13  0.0         
             58        0 -7.245598E-01  1.731431E-02 -2.680775E-11 -3.633732E-11 -1.248481E-12  0.0         
             59        0 -6.814505E-01  2.386870E-15 -2.565552E-11 -3.763965E-11 -5.169795E-14  0.0         
             60        0 -6.814505E-01  1.712443E-02 -2.565202E-11 -3.747653E-11 -3.257731E-13  0.0         
             61        0 -7.245598E-01 -1.731431E-02 -2.683105E-11 -3.719850E-11 -7.353886E-13  0.0         
             62        0 -6.814505E-01 -3.426210E-02 -2.565649E-11 -3.780556E-11 -1.107086E-14  0.0         
             63        0 -6.388682E-01 -1.689334E-02 -2.445753E-11 -3.892136E-11  3.168177E-14  0.0         
             64        0 -6.814505E-01 -1.712443E-02 -2.565569E-11 -3.770748E-11  5.521584E-14  0.0         
             65        0 -5.969153E-01 -3.325590E-02 -2.322597E-11 -4.009019E-11 -2.987641E-14  0.0         
             66        0 -5.556931E-01 -1.630970E-02 -2.193625E-11 -4.253151E-11 -3.845295E-14  0.0         
             67        0 -5.969153E-01 -1.662154E-02 -2.322579E-11 -4.010411E-11 -5.937374E-14  0.0         
             68        0 -7.680921E-01  3.493838E-02 -2.789370E-11 -3.455407E-11 -1.423686E-12  0.0         
             69        0 -8.119427E-01  1.756859E-02 -2.896352E-11 -3.295567E-11 -1.493992E-12  0.0         
             70        0 -7.680922E-01  2.426088E-15 -2.792968E-11 -3.427100E-11 -1.430317E-12  0.0         
             71        0 -7.680921E-01  1.746236E-02 -2.791128E-11 -3.447717E-11 -1.419044E-12  0.0         
             72        0 -8.560052E-01  3.527815E-02 -2.995711E-11 -3.238744E-11 -2.123452E-12  0.0         
             73        0 -9.001757E-01  1.765294E-02 -3.099819E-11 -3.250587E-11 -1.946307E-12  0.0         
             74        0 -8.560063E-01  2.545912E-15 -3.000715E-11 -3.261008E-11 -1.883397E-12  0.0         
             75        0 -8.560057E-01  1.763215E-02 -2.998332E-11 -3.248489E-11 -2.103018E-12  0.0         
             76        0 -9.001757E-01 -1.765294E-02 -3.104452E-11 -3.259661E-11 -1.349408E-12  0.0         
             77        0 -8.560052E-01 -3.527815E-02 -3.004576E-11 -3.293730E-11 -1.178035E-12  0.0         
             78        0 -8.119427E-01 -1.756859E-02 -2.899834E-11 -3.321182E-11 -1.427624E-12  0.0         
             79        0 -8.560057E-01 -1.763215E-02 -3.002972E-11 -3.272791E-11 -1.653527E-12  0.0         
             80        0 -7.680921E-01 -3.493838E-02 -2.796082E-11 -3.390944E-11 -1.127005E-12  0.0         
             81        0 -7.680921E-01 -1.746236E-02 -2.794716E-11 -3.410635E-11 -1.263936E-12  0.0         
             82        0 -3.340925E-08  0.0           0.0           0.0          -2.263722E-15  0.0         
             83        0 -1.084367E-03 -2.775964E-15  4.231499E-15  2.023626E-13  3.410397E-14  0.0         
             84        0 -4.334623E-03 -1.730345E-03  2.012283E-15 -5.001702E-13  5.122684E-15  0.0         
             85        0 -1.084300E-03 -1.733099E-03  3.997421E-15  2.018448E-13 -1.350536E-14  0.0         
             86        0 -1.084334E-03 -8.662157E-04  4.484950E-15  2.032005E-13 -9.313507E-15  0.0         
             87        0 -3.340922E-08  0.0           0.0           0.0           2.637117E-16  0.0         
             88        0 -1.084300E-03  1.733099E-03  3.507337E-15  2.014497E-13 -7.460303E-17  0.0         
             89        0 -4.334623E-03  1.730345E-03  2.459362E-15 -4.691863E-13  1.221743E-14  0.0         
             90        0 -1.084334E-03  8.662157E-04  3.315519E-15  1.940443E-13  2.644231E-14  0.0         
             91        0 -9.743037E-03  5.182607E-03 -3.729493E-14 -2.173190E-12 -6.687812E-15  0.0         
             92        0 -1.729665E-02  3.444025E-03 -1.482600E-13 -5.101166E-12 -9.402649E-14  0.0         
             93        0 -9.743103E-03  6.671709E-16 -3.807838E-14 -2.185058E-12 -2.986279E-14  0.0         
             94        0 -9.743070E-03  2.590305E-03 -3.772072E-14 -2.174144E-12 -2.648556E-14  0.0         
             95        0 -1.729665E-02 -3.444025E-03 -1.492410E-13 -5.141688E-12  7.034072E-16  0.0         
             96        0 -9.743037E-03 -5.182607E-03 -3.869237E-14 -2.200182E-12 -2.278581E-14  0.0         
             97        0 -9.743070E-03 -2.590305E-03 -3.853227E-14 -2.194350E-12 -2.785409E-14  0.0         
             98        0 -2.697712E-02  8.582204E-03 -3.622960E-13 -8.775930E-12 -2.674171E-13  0.0         
             99        0 -3.876127E-02  5.124538E-03 -6.862335E-13 -1.183993E-11  1.670529E-14  0.0         
            100        0 -2.697719E-02  1.569941E-15 -3.656989E-13 -8.653193E-12 -3.849400E-14  0.0         
            101        0 -2.697715E-02  4.289448E-03 -3.646174E-13 -8.684913E-12 -1.335192E-13  0.0         
            102        0 -5.262058E-02  1.189915E-02 -1.098694E-12 -1.457738E-11 -4.876520E-14  0.0         
            103        0 -6.852179E-02  6.755698E-03 -1.590648E-12 -1.675399E-11  8.876562E-15  0.0         
            104        0 -5.262064E-02  4.228269E-16 -1.100650E-12 -1.456365E-11 -4.210901E-14  0.0         
            105        0 -5.262061E-02  5.947282E-03 -1.099246E-12 -1.457670E-11 -5.890219E-14  0.0         
            106        0 -6.852179E-02 -6.755698E-03 -1.590567E-12 -1.671946E-11  3.371611E-14  0.0         
            107        0 -5.262058E-02 -1.189915E-02 -1.100237E-12 -1.460839E-11 -5.510618E-15  0.0         
            108        0 -3.876127E-02 -5.124538E-03 -6.858009E-13 -1.188789E-11  1.814618E-14  0.0         
            109        0 -5.262061E-02 -5.947282E-03 -1.100132E-12 -1.455408E-11 -2.919208E-15  0.0         
            110        0 -2.697712E-02 -8.582204E-03 -3.645851E-13 -8.631883E-12  1.308992E-13  0.0         
            111        0 -2.697715E-02 -4.289448E-03 -3.658369E-13 -8.560105E-12  3.331381E-14  0.0         
            112        0 -8.642646E-02  1.510150E-02 -2.144502E-12 -1.857005E-11  1.752230E-13  0.0         
            113        0 -1.062916E-01  8.321798E-03 -2.754731E-12 -2.066668E-11 -6.043199E-14  0.0         
            114        0 -8.642652E-02  8.055052E-16 -2.142009E-12 -1.860248E-11  5.758365E-14  0.0         
            115        0 -8.642649E-02  7.547839E-03 -2.142785E-12 -1.859057E-11  9.634204E-14  0.0         
            116        0 -1.280692E-01  1.815841E-02 -3.445580E-12 -2.370146E-11  8.692323E-14  0.0         
            117        0 -1.517069E-01  9.807754E-03 -4.247297E-12 -2.780098E-11  1.534351E-13  0.0         
            118        0 -1.280692E-01  1.610303E-15 -3.444564E-12 -2.358892E-11  5.316352E-14  0.0         
            119        0 -1.280692E-01  9.075708E-03 -3.444599E-12 -2.382025E-11  4.059940E-14  0.0         
            120        0 -1.517069E-01 -9.807754E-03 -4.242263E-12 -2.790497E-11  1.686156E-13  0.0         
            121        0 -1.280692E-01 -1.815841E-02 -3.440981E-12 -2.320722E-11  3.160473E-13  0.0         
            122        0 -1.062916E-01 -8.321798E-03 -2.755793E-12 -2.070674E-11 -4.395281E-14  0.0         
            123        0 -1.280692E-01 -9.075708E-03 -3.443447E-12 -2.346223E-11  1.294452E-13  0.0         
            124        0 -8.642646E-02 -1.510150E-02 -2.141007E-12 -1.859566E-11  4.404628E-14  0.0         
            125        0 -8.642649E-02 -7.547839E-03 -2.141055E-12 -1.858942E-11  3.259425E-14  0.0         
            126        0 -1.771477E-01  2.104045E-02 -5.206680E-12 -3.362816E-11  2.808555E-13  0.0         
            127        0 -2.043304E-01  1.119926E-02 -6.342006E-12 -3.927777E-11  1.999382E-13  0.0         
            128        0 -1.771478E-01  1.845982E-15 -5.202157E-12 -3.347032E-11  1.182273E-13  0.0         
            129        0 -1.771477E-01  1.051617E-02 -5.203696E-12 -3.352076E-11  1.634971E-13  0.0         
            130        0 -2.331894E-01  2.371986E-02 -7.655087E-12 -4.452619E-11  4.449111E-13  0.0         
            131        0 -2.636552E-01  1.248290E-02 -9.118523E-12 -4.934932E-11 -4.401309E-14  0.0         
            132        0 -2.331894E-01  1.885905E-15 -7.650346E-12 -4.437634E-11  6.768082E-14  0.0         
            133        0 -2.331894E-01  1.185536E-02 -7.651776E-12 -4.443850E-11  7.247981E-14  0.0         
            134        0 -2.636552E-01 -1.248290E-02 -9.119586E-12 -4.937720E-11 -1.971485E-14  0.0         
            135        0 -2.331894E-01 -2.371986E-02 -7.650073E-12 -4.457985E-11  4.414289E-13  0.0         
            136        0 -2.043304E-01 -1.119926E-02 -6.338464E-12 -3.941448E-11  8.073957E-14  0.0         
            137        0 -2.331894E-01 -1.185536E-02 -7.651286E-12 -4.452034E-11 -2.284397E-13  0.0         
            138        0 -1.771477E-01 -2.104045E-02 -5.197551E-12 -3.340590E-11  2.477850E-13  0.0         
            139        0 -1.771477E-01 -1.051617E-02 -5.200440E-12 -3.343628E-11  1.858063E-13  0.0         
            140        0 -2.956545E-01  2.617083E-02 -1.072133E-11 -5.306509E-11 -2.872251E-14  0.0         
            141        0 -3.291101E-01  1.364633E-02 -1.241568E-11 -5.513342E-11 -2.754366E-13  0.0         
            142        0 -2.956545E-01  2.275549E-15 -1.072212E-11 -5.307252E-11 -5.703856E-14  0.0         
            143        0 -2.956545E-01  1.308037E-02 -1.072150E-11 -5.307893E-11 -3.663995E-14  0.0         
            144        0 -3.639415E-01  2.836977E-02 -1.414197E-11 -5.540233E-11 -6.067629E-13  0.0         
            145        0 -4.000647E-01  1.467834E-02 -1.584866E-11 -5.358791E-11 -1.204229E-13  0.0         
            146        0 -3.639415E-01  2.194629E-15 -1.414703E-11 -5.525387E-11 -1.184689E-13  0.0         
            147        0 -3.639415E-01  1.417942E-02 -1.414590E-11 -5.535716E-11 -1.149963E-13  0.0         
            148        0 -4.000647E-01 -1.467834E-02 -1.585431E-11 -5.373610E-11 -2.501648E-13  0.0         
            149        0 -3.639415E-01 -2.836977E-02 -1.415008E-11 -5.544028E-11 -2.203737E-13  0.0         
            150        0 -3.291101E-01 -1.364633E-02 -1.241833E-11 -5.522956E-11 -7.290105E-15  0.0         
            151        0 -3.639415E-01 -1.417942E-02 -1.414855E-11 -5.529192E-11 -9.424151E-14  0.0         
            152        0 -2.956545E-01 -2.617083E-02 -1.072350E-11 -5.304715E-11 -4.997110E-14  0.0         
            153        0 -2.956545E-01 -1.308037E-02 -1.072297E-11 -5.308208E-11 -5.389159E-14  0.0         
            154        0 -4.373927E-01  3.029549E-02 -1.749260E-11 -5.187168E-11 -3.484799E-13  0.0         
            155        0 -4.758356E-01  1.556899E-02 -1.907477E-11 -4.928948E-11  3.556967E-14  0.0         
            156        0 -4.373927E-01  2.134868E-15 -1.749827E-11 -5.175038E-11 -2.545687E-13  0.0         
            157        0 -4.373927E-01  1.514190E-02 -1.749551E-11 -5.183588E-11 -2.288826E-13  0.0         
            158        0 -5.153007E-01  3.192944E-02 -2.055997E-11 -4.561301E-11  3.689057E-14  0.0         
            159        0 -5.153008E-01  2.012898E-15 -2.055789E-11 -4.570317E-11  1.188356E-14  0.0         
            160        0 -5.153007E-01  1.595857E-02 -2.055858E-11 -4.569432E-11  8.954308E-14  0.0         
            161        0 -5.153007E-01 -3.192944E-02 -2.055764E-11 -4.565668E-11  2.200561E-13  0.0         
            162        0 -4.758356E-01 -1.556899E-02 -1.907861E-11 -4.898650E-11 -3.271480E-13  0.0         
            163        0 -5.153007E-01 -1.595857E-02 -2.055822E-11 -4.571635E-11  1.519988E-14  0.0         
            164        0 -4.373927E-01 -3.029549E-02 -1.750601E-11 -5.185076E-11 -3.366939E-13  0.0         
            165        0 -4.373927E-01 -1.514190E-02 -1.750195E-11 -5.169179E-11 -3.349120E-13  0.0         
                         ------------- ------------- ------------- ------------- ------------- -------------
                MAX* :    6.733987E-14  3.532127E-02  4.484950E-15  2.032005E-13  7.617359E-13  0.0         
                MIN* :   -9.001780E-01 -3.532127E-02 -3.104977E-11 -5.544028E-11 -3.624310E-12  0.0         

                ABS* :    9.001780E-01  3.532127E-02  3.104977E-11  5.544028E-11  3.624310E-12  0.0         
                *for output set

                                                    SPC Force Summary on AUTOSPC'd DOF's
                                                 (in global coordinate system at each grid)
        For detailed information on the SPC forces for the AUTOSPC DOF's, set field 7 (AUTOSPC_SPCF) on the PARAM AUTOSPC entry to Y

                              T1             T2             T3             R1             R2             R3

 ABS AUTOSPC FORCES  :   0.000000E+00   0.000000E+00   0.000000E+00   0.000000E+00   0.000000E+00   0.000000E+00
 AUTOSPC FORCE TOTALS:   0.000000E+00   0.000000E+00   0.000000E+00   0.000000E+00   0.000000E+00   0.000000E+00
     (for output set)

 >> LINK  9 END

    Total CPU time =  1.25E-01 seconds

 >> MYSTRAN END    :  6/27/2026 at 19:33: 2.455

                                          * * * END OF JOB * * *
