   627193250

 MYSTRAN Version 18.0.0   APR 20 2026 MYSTRAN developed by Dr Bill Case
*** Please report any problems to mystransolver@gmail.com ***                                                                                                                                                                                                   

 >> MYSTRAN BEGIN  :  6/27/2026 at 19:32:50.187 The input file is C:\Users\victo\Documents\Git\MYSTRAN_Validation\working\NAS displacement function of position.bdf                                                                                                                                                               


 >> LINK  0 BEGIN


SOL 101                                                                                                                                                                                                                                                         
CEND                                                                                                                                                                                                                                                            
DISPLACEMENT = ALL                                                                                                                                                                                                                                              
SPC = 1                                                                                                                                                                                                                                                         
BEGIN BULK                                                                                                                                                                                                                                                      
ECHO: loadb GRID           1       0   5.0-1   0.0+0   0.0+0       0                                                                                                                                                                                                        
ECHO: loadb GRID*                  2               0 4.63388347648-1 8.83883476483-2*                                                                                                                                                                                       
ECHO: loadb *                  0.0+0               0                                                                                                                                                                                                                        
ECHO: loadb GRID*                  3               0 4.26776695297-1 1.76776695297-1*                                                                                                                                                                                       
ECHO: loadb *                  0.0+0               0                                                                                                                                                                                                                        
ECHO: loadb GRID*                  4               0 3.90165042945-1 2.65165042945-1*                                                                                                                                                                                       
ECHO: loadb *                  0.0+0               0                                                                                                                                                                                                                        
ECHO: loadb GRID*                  5               0 3.53553390593-1 3.53553390593-1*                                                                                                                                                                                       
ECHO: loadb *                  0.0+0               0                                                                                                                                                                                                                        
ECHO: loadb GRID           6       0  6.25-1   0.0+0   0.0+0       0                                                                                                                                                                                                        
ECHO: loadb GRID*                  7               0   5.510524046-1 2.28253379564-1*                                                                                                                                                                                       
ECHO: loadb *                  0.0+0               0                                                                                                                                                                                                                        
ECHO: loadb GRID*                  8               0 4.41941738242-1 4.41941738242-1*                                                                                                                                                                                       
ECHO: loadb *                  0.0+0               0                                                                                                                                                                                                                        
ECHO: loadb GRID           9       0   7.5-1   0.0+0   0.0+0       0                                                                                                                                                                                                        
ECHO: loadb GRID*                 10               0 7.22086814026-1 1.41739334832-1*                                                                                                                                                                                       
ECHO: loadb *                  0.0+0               0                                                                                                                                                                                                                        
ECHO: loadb GRID*                 11               0 6.75328113904-1 2.79730063831-1*                                                                                                                                                                                       
ECHO: loadb *                  0.0+0               0                                                                                                                                                                                                                        
ECHO: loadb GRID*                 12               0 6.10817327624-1 4.10367637982-1*                                                                                                                                                                                       
ECHO: loadb *                  0.0+0               0                                                                                                                                                                                                                        
ECHO: loadb GRID*                 13               0  5.3033008589-1  5.3033008589-1*                                                                                                                                                                                       
ECHO: loadb *                  0.0+0               0                                                                                                                                                                                                                        
ECHO: loadb GRID          14       0  8.75-1   0.0+0   0.0+0       0                                                                                                                                                                                                        
ECHO: loadb GRID*                 15               0 7.99603823208-1 3.31206748098-1*                                                                                                                                                                                       
ECHO: loadb *                  0.0+0               0                                                                                                                                                                                                                        
ECHO: loadb GRID*                 16               0 6.18718433538-1 6.18718433538-1*                                                                                                                                                                                       
ECHO: loadb *                  0.0+0               0                                                                                                                                                                                                                        
ECHO: loadb GRID          17       0   1.0+0   0.0+0   0.0+0       0                                                                                                                                                                                                        
ECHO: loadb GRID*                 18               0 9.80785280403-1 1.95090322016-1*                                                                                                                                                                                       
ECHO: loadb *                  0.0+0               1                                                                                                                                                                                                                        
ECHO: loadb GRID*                 19               0 9.23879532511-1 3.82683432365-1*                                                                                                                                                                                       
ECHO: loadb *                  0.0+0               2                                                                                                                                                                                                                        
ECHO: loadb GRID*                 20               0 8.31469612303-1  5.5557023302-1*                                                                                                                                                                                       
ECHO: loadb *                  0.0+0               3                                                                                                                                                                                                                        
ECHO: loadb GRID*                 21               0 7.07106781187-1 7.07106781187-1*                                                                                                                                                                                       
ECHO: loadb *                  0.0+0               4                                                                                                                                                                                                                        
ECHO: loadb GRID*                 22               0-3.31206748098-1-7.99603823208-1*                                                                                                                                                                                       
ECHO: loadb *                  0.0+0               0                                                                                                                                                                                                                        
ECHO: loadb GRID*                 23               0 2.65165042945-1 3.90165042945-1*                                                                                                                                                                                       
ECHO: loadb *                  0.0+0               0                                                                                                                                                                                                                        
ECHO: loadb GRID*                 24               0 1.76776695297-1 4.26776695297-1*                                                                                                                                                                                       
ECHO: loadb *                  0.0+0               0                                                                                                                                                                                                                        
ECHO: loadb GRID*                 25               0 8.83883476483-2 4.63388347648-1*                                                                                                                                                                                       
ECHO: loadb *                  0.0+0               0                                                                                                                                                                                                                        
ECHO: loadb GRID          26       0   0.0+0   5.0-1   0.0+0       0                                                                                                                                                                                                        
ECHO: loadb GRID          27       0   0.0+0 -8.75-1   0.0+0       0                                                                                                                                                                                                        
ECHO: loadb GRID*                 28               0 2.28253379564-1   5.510524046-1*                                                                                                                                                                                       
ECHO: loadb *                  0.0+0               0                                                                                                                                                                                                                        
ECHO: loadb GRID          29       0   0.0+0  6.25-1   0.0+0       0                                                                                                                                                                                                        
ECHO: loadb GRID*                 30               0 9.23879532511-1-3.82683432365-1*                                                                                                                                                                                       
ECHO: loadb *                  0.0+0               5                                                                                                                                                                                                                        
ECHO: loadb GRID*                 31               0 4.10367637982-1 6.10817327624-1*                                                                                                                                                                                       
ECHO: loadb *                  0.0+0               0                                                                                                                                                                                                                        
ECHO: loadb GRID*                 32               0 2.79730063831-1 6.75328113904-1*                                                                                                                                                                                       
ECHO: loadb *                  0.0+0               0                                                                                                                                                                                                                        
ECHO: loadb GRID*                 33               0 1.41739334832-1 7.22086814026-1*                                                                                                                                                                                       
ECHO: loadb *                  0.0+0               0                                                                                                                                                                                                                        
ECHO: loadb GRID          34       0   0.0+0   7.5-1   0.0+0       0                                                                                                                                                                                                        
ECHO: loadb GRID*                 35               0 -5.5557023302-1-8.31469612303-1*                                                                                                                                                                                       
ECHO: loadb *                  0.0+0               6                                                                                                                                                                                                                        
ECHO: loadb GRID*                 36               0 3.31206748098-1 7.99603823208-1*                                                                                                                                                                                       
ECHO: loadb *                  0.0+0               0                                                                                                                                                                                                                        
ECHO: loadb GRID*                 37               0-3.82683432365-1-9.23879532511-1*                                                                                                                                                                                       
ECHO: loadb *                  0.0+0               5                                                                                                                                                                                                                        
ECHO: loadb GRID*                 38               0-1.95090322016-1-9.80785280403-1*                                                                                                                                                                                       
ECHO: loadb *                  0.0+0               7                                                                                                                                                                                                                        
ECHO: loadb GRID*                 39               0  5.5557023302-1 8.31469612303-1*                                                                                                                                                                                       
ECHO: loadb *                  0.0+0               6                                                                                                                                                                                                                        
ECHO: loadb GRID*                 40               0 3.82683432365-1 9.23879532511-1*                                                                                                                                                                                       
ECHO: loadb *                  0.0+0               5                                                                                                                                                                                                                        
ECHO: loadb GRID*                 41               0 1.95090322016-1 9.80785280403-1*                                                                                                                                                                                       
ECHO: loadb *                  0.0+0               7                                                                                                                                                                                                                        
ECHO: loadb GRID          42       0   0.0+0  -1.0+0   0.0+0       0                                                                                                                                                                                                        
ECHO: loadb GRID          43       0   0.0+0   0.0+0   0.0+0       0                                                                                                                                                                                                        
ECHO: loadb GRID          44       0   0.0+0  1.25-1   0.0+0       0                                                                                                                                                                                                        
ECHO: loadb GRID          45       0   0.0+0   2.5-1   0.0+0       0                                                                                                                                                                                                        
ECHO: loadb GRID          46       0   0.0+0  3.75-1   0.0+0       0                                                                                                                                                                                                        
ECHO: loadb GRID*                 47               0 8.31469612303-1 -5.5557023302-1*                                                                                                                                                                                       
ECHO: loadb *                  0.0+0               6                                                                                                                                                                                                                        
ECHO: loadb GRID          48       0  1.25-1   0.0+0   0.0+0       0                                                                                                                                                                                                        
ECHO: loadb GRID*                 49               0 1.06694173824-1 2.31694173824-1*                                                                                                                                                                                       
ECHO: loadb *                  0.0+0               0                                                                                                                                                                                                                        
ECHO: loadb GRID          50       0   0.0+0 -1.25-1   0.0+0       0                                                                                                                                                                                                        
ECHO: loadb GRID          51       0   2.5-1   0.0+0   0.0+0       0                                                                                                                                                                                                        
ECHO: loadb GRID*                 52               0 2.31694173824-1 1.06694173824-1*                                                                                                                                                                                       
ECHO: loadb *                  0.0+0               0                                                                                                                                                                                                                        
ECHO: loadb GRID*                 53               0 2.13388347648-1 2.13388347648-1*                                                                                                                                                                                       
ECHO: loadb *                  0.0+0               0                                                                                                                                                                                                                        
ECHO: loadb GRID*                 54               0 1.95082521472-1 3.20082521472-1*                                                                                                                                                                                       
ECHO: loadb *                  0.0+0               0                                                                                                                                                                                                                        
ECHO: loadb GRID          55       0   0.0+0  -2.5-1   0.0+0       0                                                                                                                                                                                                        
ECHO: loadb GRID          56       0  3.75-1   0.0+0   0.0+0       0                                                                                                                                                                                                        
ECHO: loadb GRID*                 57               0 3.20082521472-1 1.95082521472-1*                                                                                                                                                                                       
ECHO: loadb *                  0.0+0               0                                                                                                                                                                                                                        
ECHO: loadb GRID          58       0   0.0+0 -3.75-1   0.0+0       0                                                                                                                                                                                                        
ECHO: loadb GRID*                 59               0 7.07106781187-1-7.07106781187-1*                                                                                                                                                                                       
ECHO: loadb *                  0.0+0               8                                                                                                                                                                                                                        
ECHO: loadb GRID*                 60               0 3.20082521472-1-1.95082521472-1*                                                                                                                                                                                       
ECHO: loadb *                  0.0+0               0                                                                                                                                                                                                                        
ECHO: loadb GRID*                 61               0-1.06694173824-1-2.31694173824-1*                                                                                                                                                                                       
ECHO: loadb *                  0.0+0               0                                                                                                                                                                                                                        
ECHO: loadb GRID*                 62               0 2.65165042945-1-3.90165042945-1*                                                                                                                                                                                       
ECHO: loadb *                  0.0+0               0                                                                                                                                                                                                                        
ECHO: loadb GRID*                 63               0 1.76776695297-1-4.26776695297-1*                                                                                                                                                                                       
ECHO: loadb *                  0.0+0               0                                                                                                                                                                                                                        
ECHO: loadb GRID          64       0  -5.0-1   0.0+0   0.0+0       0                                                                                                                                                                                                        
ECHO: loadb GRID*                 65               0-4.63388347648-1 8.83883476483-2*                                                                                                                                                                                       
ECHO: loadb *                  0.0+0               0                                                                                                                                                                                                                        
ECHO: loadb GRID*                 66               0-4.26776695297-1 1.76776695297-1*                                                                                                                                                                                       
ECHO: loadb *                  0.0+0               0                                                                                                                                                                                                                        
ECHO: loadb GRID*                 67               0-3.90165042945-1 2.65165042945-1*                                                                                                                                                                                       
ECHO: loadb *                  0.0+0               0                                                                                                                                                                                                                        
ECHO: loadb GRID*                 68               0-3.53553390593-1 3.53553390593-1*                                                                                                                                                                                       
ECHO: loadb *                  0.0+0               0                                                                                                                                                                                                                        
ECHO: loadb GRID          69       0 -6.25-1   0.0+0   0.0+0       0                                                                                                                                                                                                        
ECHO: loadb GRID*                 70               0  -5.510524046-1 2.28253379564-1*                                                                                                                                                                                       
ECHO: loadb *                  0.0+0               0                                                                                                                                                                                                                        
ECHO: loadb GRID*                 71               0-4.41941738242-1 4.41941738242-1*                                                                                                                                                                                       
ECHO: loadb *                  0.0+0               0                                                                                                                                                                                                                        
ECHO: loadb GRID          72       0  -7.5-1   0.0+0   0.0+0       0                                                                                                                                                                                                        
ECHO: loadb GRID*                 73               0-7.22086814026-1 1.41739334832-1*                                                                                                                                                                                       
ECHO: loadb *                  0.0+0               0                                                                                                                                                                                                                        
ECHO: loadb GRID*                 74               0-6.75328113904-1 2.79730063831-1*                                                                                                                                                                                       
ECHO: loadb *                  0.0+0               0                                                                                                                                                                                                                        
ECHO: loadb GRID*                 75               0-6.10817327624-1 4.10367637982-1*                                                                                                                                                                                       
ECHO: loadb *                  0.0+0               0                                                                                                                                                                                                                        
ECHO: loadb GRID*                 76               0 -5.3033008589-1  5.3033008589-1*                                                                                                                                                                                       
ECHO: loadb *                  0.0+0               0                                                                                                                                                                                                                        
ECHO: loadb GRID          77       0 -8.75-1   0.0+0   0.0+0       0                                                                                                                                                                                                        
ECHO: loadb GRID*                 78               0-7.99603823208-1 3.31206748098-1*                                                                                                                                                                                       
ECHO: loadb *                  0.0+0               0                                                                                                                                                                                                                        
ECHO: loadb GRID*                 79               0-6.18718433538-1 6.18718433538-1*                                                                                                                                                                                       
ECHO: loadb *                  0.0+0               0                                                                                                                                                                                                                        
ECHO: loadb GRID          80       0  -1.0+0   0.0+0   0.0+0       0                                                                                                                                                                                                        
ECHO: loadb GRID*                 81               0-9.80785280403-1 1.95090322016-1*                                                                                                                                                                                       
ECHO: loadb *                  0.0+0               7                                                                                                                                                                                                                        
ECHO: loadb GRID*                 82               0-9.23879532511-1 3.82683432365-1*                                                                                                                                                                                       
ECHO: loadb *                  0.0+0               5                                                                                                                                                                                                                        
ECHO: loadb GRID*                 83               0-8.31469612303-1  5.5557023302-1*                                                                                                                                                                                       
ECHO: loadb *                  0.0+0               6                                                                                                                                                                                                                        
ECHO: loadb GRID*                 84               0-7.07106781187-1 7.07106781187-1*                                                                                                                                                                                       
ECHO: loadb *                  0.0+0               8                                                                                                                                                                                                                        
ECHO: loadb GRID*                 85               0-2.31694173824-1-1.06694173824-1*                                                                                                                                                                                       
ECHO: loadb *                  0.0+0               0                                                                                                                                                                                                                        
ECHO: loadb GRID*                 86               0-2.65165042945-1 3.90165042945-1*                                                                                                                                                                                       
ECHO: loadb *                  0.0+0               0                                                                                                                                                                                                                        
ECHO: loadb GRID*                 87               0-1.76776695297-1 4.26776695297-1*                                                                                                                                                                                       
ECHO: loadb *                  0.0+0               0                                                                                                                                                                                                                        
ECHO: loadb GRID*                 88               0-8.83883476483-2 4.63388347648-1*                                                                                                                                                                                       
ECHO: loadb *                  0.0+0               0                                                                                                                                                                                                                        
ECHO: loadb GRID*                 89               0-2.13388347648-1-2.13388347648-1*                                                                                                                                                                                       
ECHO: loadb *                  0.0+0               0                                                                                                                                                                                                                        
ECHO: loadb GRID*                 90               0-1.95082521472-1-3.20082521472-1*                                                                                                                                                                                       
ECHO: loadb *                  0.0+0               0                                                                                                                                                                                                                        
ECHO: loadb GRID*                 91               0-2.28253379564-1   5.510524046-1*                                                                                                                                                                                       
ECHO: loadb *                  0.0+0               0                                                                                                                                                                                                                        
ECHO: loadb GRID*                 92               0 8.83883476483-2-4.63388347648-1*                                                                                                                                                                                       
ECHO: loadb *                  0.0+0               0                                                                                                                                                                                                                        
ECHO: loadb GRID*                 93               0  5.5557023302-1-8.31469612303-1*                                                                                                                                                                                       
ECHO: loadb *                  0.0+0               3                                                                                                                                                                                                                        
ECHO: loadb GRID*                 94               0-4.10367637982-1 6.10817327624-1*                                                                                                                                                                                       
ECHO: loadb *                  0.0+0               0                                                                                                                                                                                                                        
ECHO: loadb GRID*                 95               0-2.79730063831-1 6.75328113904-1*                                                                                                                                                                                       
ECHO: loadb *                  0.0+0               0                                                                                                                                                                                                                        
ECHO: loadb GRID*                 96               0-1.41739334832-1 7.22086814026-1*                                                                                                                                                                                       
ECHO: loadb *                  0.0+0               0                                                                                                                                                                                                                        
ECHO: loadb GRID*                 97               0-3.20082521472-1-1.95082521472-1*                                                                                                                                                                                       
ECHO: loadb *                  0.0+0               0                                                                                                                                                                                                                        
ECHO: loadb GRID*                 98               0 3.82683432365-1-9.23879532511-1*                                                                                                                                                                                       
ECHO: loadb *                  0.0+0               2                                                                                                                                                                                                                        
ECHO: loadb GRID*                 99               0-3.31206748098-1 7.99603823208-1*                                                                                                                                                                                       
ECHO: loadb *                  0.0+0               0                                                                                                                                                                                                                        
ECHO: loadb GRID         100       0   0.0+0  8.75-1   0.0+0       0                                                                                                                                                                                                        
ECHO: loadb GRID*                101               0 2.28253379564-1  -5.510524046-1*                                                                                                                                                                                       
ECHO: loadb *                  0.0+0               0                                                                                                                                                                                                                        
ECHO: loadb GRID*                102               0 -5.5557023302-1 8.31469612303-1*                                                                                                                                                                                       
ECHO: loadb *                  0.0+0               3                                                                                                                                                                                                                        
ECHO: loadb GRID*                103               0-3.82683432365-1 9.23879532511-1*                                                                                                                                                                                       
ECHO: loadb *                  0.0+0               2                                                                                                                                                                                                                        
ECHO: loadb GRID*                104               0-1.95090322016-1 9.80785280403-1*                                                                                                                                                                                       
ECHO: loadb *                  0.0+0               1                                                                                                                                                                                                                        
ECHO: loadb GRID         105       0   0.0+0   1.0+0   0.0+0       0                                                                                                                                                                                                        
ECHO: loadb GRID*                106               0 1.95090322016-1-9.80785280403-1*                                                                                                                                                                                       
ECHO: loadb *                  0.0+0               1                                                                                                                                                                                                                        
ECHO: loadb GRID*                107               0 2.31694173824-1-1.06694173824-1*                                                                                                                                                                                       
ECHO: loadb *                  0.0+0               0                                                                                                                                                                                                                        
ECHO: loadb GRID*                108               0 4.10367637982-1-6.10817327624-1*                                                                                                                                                                                       
ECHO: loadb *                  0.0+0               0                                                                                                                                                                                                                        
ECHO: loadb GRID*                109               0 2.79730063831-1-6.75328113904-1*                                                                                                                                                                                       
ECHO: loadb *                  0.0+0               0                                                                                                                                                                                                                        
ECHO: loadb GRID*                110               0 1.41739334832-1-7.22086814026-1*                                                                                                                                                                                       
ECHO: loadb *                  0.0+0               0                                                                                                                                                                                                                        
ECHO: loadb GRID         111       0 -1.25-1   0.0+0   0.0+0       0                                                                                                                                                                                                        
ECHO: loadb GRID*                112               0-1.06694173824-1 2.31694173824-1*                                                                                                                                                                                       
ECHO: loadb *                  0.0+0               0                                                                                                                                                                                                                        
ECHO: loadb GRID*                113               0 4.63388347648-1-8.83883476483-2*                                                                                                                                                                                       
ECHO: loadb *                  0.0+0               0                                                                                                                                                                                                                        
ECHO: loadb GRID         114       0  -2.5-1   0.0+0   0.0+0       0                                                                                                                                                                                                        
ECHO: loadb GRID*                115               0-2.31694173824-1 1.06694173824-1*                                                                                                                                                                                       
ECHO: loadb *                  0.0+0               0                                                                                                                                                                                                                        
ECHO: loadb GRID*                116               0-2.13388347648-1 2.13388347648-1*                                                                                                                                                                                       
ECHO: loadb *                  0.0+0               0                                                                                                                                                                                                                        
ECHO: loadb GRID*                117               0-1.95082521472-1 3.20082521472-1*                                                                                                                                                                                       
ECHO: loadb *                  0.0+0               0                                                                                                                                                                                                                        
ECHO: loadb GRID*                118               0 4.26776695297-1-1.76776695297-1*                                                                                                                                                                                       
ECHO: loadb *                  0.0+0               0                                                                                                                                                                                                                        
ECHO: loadb GRID         119       0 -3.75-1   0.0+0   0.0+0       0                                                                                                                                                                                                        
ECHO: loadb GRID*                120               0-3.20082521472-1 1.95082521472-1*                                                                                                                                                                                       
ECHO: loadb *                  0.0+0               0                                                                                                                                                                                                                        
ECHO: loadb GRID*                121               0 3.90165042945-1-2.65165042945-1*                                                                                                                                                                                       
ECHO: loadb *                  0.0+0               0                                                                                                                                                                                                                        
ECHO: loadb GRID*                122               0 3.53553390593-1-3.53553390593-1*                                                                                                                                                                                       
ECHO: loadb *                  0.0+0               0                                                                                                                                                                                                                        
ECHO: loadb GRID*                123               0 2.13388347648-1-2.13388347648-1*                                                                                                                                                                                       
ECHO: loadb *                  0.0+0               0                                                                                                                                                                                                                        
ECHO: loadb GRID*                124               0   5.510524046-1-2.28253379564-1*                                                                                                                                                                                       
ECHO: loadb *                  0.0+0               0                                                                                                                                                                                                                        
ECHO: loadb GRID*                125               0 4.41941738242-1-4.41941738242-1*                                                                                                                                                                                       
ECHO: loadb *                  0.0+0               0                                                                                                                                                                                                                        
ECHO: loadb GRID*                126               0 1.06694173824-1-2.31694173824-1*                                                                                                                                                                                       
ECHO: loadb *                  0.0+0               0                                                                                                                                                                                                                        
ECHO: loadb GRID*                127               0 7.22086814026-1-1.41739334832-1*                                                                                                                                                                                       
ECHO: loadb *                  0.0+0               0                                                                                                                                                                                                                        
ECHO: loadb GRID*                128               0-4.63388347648-1-8.83883476483-2*                                                                                                                                                                                       
ECHO: loadb *                  0.0+0               0                                                                                                                                                                                                                        
ECHO: loadb GRID*                129               0-4.26776695297-1-1.76776695297-1*                                                                                                                                                                                       
ECHO: loadb *                  0.0+0               0                                                                                                                                                                                                                        
ECHO: loadb GRID*                130               0-3.90165042945-1-2.65165042945-1*                                                                                                                                                                                       
ECHO: loadb *                  0.0+0               0                                                                                                                                                                                                                        
ECHO: loadb GRID*                131               0-3.53553390593-1-3.53553390593-1*                                                                                                                                                                                       
ECHO: loadb *                  0.0+0               0                                                                                                                                                                                                                        
ECHO: loadb GRID*                132               0 6.75328113904-1-2.79730063831-1*                                                                                                                                                                                       
ECHO: loadb *                  0.0+0               0                                                                                                                                                                                                                        
ECHO: loadb GRID*                133               0  -5.510524046-1-2.28253379564-1*                                                                                                                                                                                       
ECHO: loadb *                  0.0+0               0                                                                                                                                                                                                                        
ECHO: loadb GRID*                134               0-4.41941738242-1-4.41941738242-1*                                                                                                                                                                                       
ECHO: loadb *                  0.0+0               0                                                                                                                                                                                                                        
ECHO: loadb GRID*                135               0 6.10817327624-1-4.10367637982-1*                                                                                                                                                                                       
ECHO: loadb *                  0.0+0               0                                                                                                                                                                                                                        
ECHO: loadb GRID*                136               0-7.22086814026-1-1.41739334832-1*                                                                                                                                                                                       
ECHO: loadb *                  0.0+0               0                                                                                                                                                                                                                        
ECHO: loadb GRID*                137               0-6.75328113904-1-2.79730063831-1*                                                                                                                                                                                       
ECHO: loadb *                  0.0+0               0                                                                                                                                                                                                                        
ECHO: loadb GRID*                138               0-6.10817327624-1-4.10367637982-1*                                                                                                                                                                                       
ECHO: loadb *                  0.0+0               0                                                                                                                                                                                                                        
ECHO: loadb GRID*                139               0 -5.3033008589-1 -5.3033008589-1*                                                                                                                                                                                       
ECHO: loadb *                  0.0+0               0                                                                                                                                                                                                                        
ECHO: loadb GRID*                140               0  5.3033008589-1 -5.3033008589-1*                                                                                                                                                                                       
ECHO: loadb *                  0.0+0               0                                                                                                                                                                                                                        
ECHO: loadb GRID*                141               0-7.99603823208-1-3.31206748098-1*                                                                                                                                                                                       
ECHO: loadb *                  0.0+0               0                                                                                                                                                                                                                        
ECHO: loadb GRID*                142               0-6.18718433538-1-6.18718433538-1*                                                                                                                                                                                       
ECHO: loadb *                  0.0+0               0                                                                                                                                                                                                                        
ECHO: loadb GRID*                143               0 3.31206748098-1-7.99603823208-1*                                                                                                                                                                                       
ECHO: loadb *                  0.0+0               0                                                                                                                                                                                                                        
ECHO: loadb GRID*                144               0-9.80785280403-1-1.95090322016-1*                                                                                                                                                                                       
ECHO: loadb *                  0.0+0               1                                                                                                                                                                                                                        
ECHO: loadb GRID*                145               0-9.23879532511-1-3.82683432365-1*                                                                                                                                                                                       
ECHO: loadb *                  0.0+0               2                                                                                                                                                                                                                        
ECHO: loadb GRID*                146               0-8.31469612303-1 -5.5557023302-1*                                                                                                                                                                                       
ECHO: loadb *                  0.0+0               3                                                                                                                                                                                                                        
ECHO: loadb GRID*                147               0-7.07106781187-1-7.07106781187-1*                                                                                                                                                                                       
ECHO: loadb *                  0.0+0               4                                                                                                                                                                                                                        
ECHO: loadb GRID*                148               0 7.99603823208-1-3.31206748098-1*                                                                                                                                                                                       
ECHO: loadb *                  0.0+0               0                                                                                                                                                                                                                        
ECHO: loadb GRID*                149               0-2.65165042945-1-3.90165042945-1*                                                                                                                                                                                       
ECHO: loadb *                  0.0+0               0                                                                                                                                                                                                                        
ECHO: loadb GRID*                150               0-1.76776695297-1-4.26776695297-1*                                                                                                                                                                                       
ECHO: loadb *                  0.0+0               0                                                                                                                                                                                                                        
ECHO: loadb GRID*                151               0-8.83883476483-2-4.63388347648-1*                                                                                                                                                                                       
ECHO: loadb *                  0.0+0               0                                                                                                                                                                                                                        
ECHO: loadb GRID         152       0   0.0+0  -5.0-1   0.0+0       0                                                                                                                                                                                                        
ECHO: loadb GRID*                153               0 6.18718433538-1-6.18718433538-1*                                                                                                                                                                                       
ECHO: loadb *                  0.0+0               0                                                                                                                                                                                                                        
ECHO: loadb GRID*                154               0-2.28253379564-1  -5.510524046-1*                                                                                                                                                                                       
ECHO: loadb *                  0.0+0               0                                                                                                                                                                                                                        
ECHO: loadb GRID         155       0   0.0+0 -6.25-1   0.0+0       0                                                                                                                                                                                                        
ECHO: loadb GRID*                156               0 1.95082521472-1-3.20082521472-1*                                                                                                                                                                                       
ECHO: loadb *                  0.0+0               0                                                                                                                                                                                                                        
ECHO: loadb GRID*                157               0-4.10367637982-1-6.10817327624-1*                                                                                                                                                                                       
ECHO: loadb *                  0.0+0               0                                                                                                                                                                                                                        
ECHO: loadb GRID*                158               0-2.79730063831-1-6.75328113904-1*                                                                                                                                                                                       
ECHO: loadb *                  0.0+0               0                                                                                                                                                                                                                        
ECHO: loadb GRID*                159               0-1.41739334832-1-7.22086814026-1*                                                                                                                                                                                       
ECHO: loadb *                  0.0+0               0                                                                                                                                                                                                                        
ECHO: loadb GRID         160       0   0.0+0  -7.5-1   0.0+0       0                                                                                                                                                                                                        
ECHO: loadb GRID*                161               0 9.80785280403-1-1.95090322016-1*                                                                                                                                                                                       
ECHO: loadb *                  0.0+0               7                                                                                                                                                                                                                        
ECHO: loadb GRID         162       0   5.0-1   0.0+0   1.0-1       0                                                                                                                                                                                                        
ECHO: loadb GRID         163       0   5.0-1   0.0+0   2.0-1       0                                                                                                                                                                                                        
ECHO: loadb GRID         164       0   7.5-1   0.0+0   1.0-1       0                                                                                                                                                                                                        
ECHO: loadb GRID         165       0   7.5-1   0.0+0   2.0-1       0                                                                                                                                                                                                        
ECHO: loadb GRID*                166               0 6.75328113904-1 2.79730063831-1*                                                                                                                                                                                       
ECHO: loadb *                  1.0-1               0                                                                                                                                                                                                                        
ECHO: loadb GRID*                167               0 6.75328113904-1 2.79730063831-1*                                                                                                                                                                                       
ECHO: loadb *                  2.0-1               0                                                                                                                                                                                                                        
ECHO: loadb GRID*                168               0 4.26776695297-1 1.76776695297-1*                                                                                                                                                                                       
ECHO: loadb *                  1.0-1               0                                                                                                                                                                                                                        
ECHO: loadb GRID*                169               0 4.26776695297-1 1.76776695297-1*                                                                                                                                                                                       
ECHO: loadb *                  2.0-1               0                                                                                                                                                                                                                        
ECHO: loadb GRID*                170               0  5.3033008589-1  5.3033008589-1*                                                                                                                                                                                       
ECHO: loadb *                  1.0-1               0                                                                                                                                                                                                                        
ECHO: loadb GRID*                171               0  5.3033008589-1  5.3033008589-1*                                                                                                                                                                                       
ECHO: loadb *                  2.0-1               0                                                                                                                                                                                                                        
ECHO: loadb GRID*                172               0 3.53553390593-1 3.53553390593-1*                                                                                                                                                                                       
ECHO: loadb *                  1.0-1               0                                                                                                                                                                                                                        
ECHO: loadb GRID*                173               0 3.53553390593-1 3.53553390593-1*                                                                                                                                                                                       
ECHO: loadb *                  2.0-1               0                                                                                                                                                                                                                        
ECHO: loadb GRID         174       0   1.0+0   0.0+0   1.0-1       0                                                                                                                                                                                                        
ECHO: loadb GRID         175       0   1.0+0   0.0+0   2.0-1       0                                                                                                                                                                                                        
ECHO: loadb GRID*                176               0 9.23879532511-1 3.82683432365-1*                                                                                                                                                                                       
ECHO: loadb *                  1.0-1               2                                                                                                                                                                                                                        
ECHO: loadb GRID*                177               0 9.23879532511-1 3.82683432365-1*                                                                                                                                                                                       
ECHO: loadb *                  2.0-1               2                                                                                                                                                                                                                        
ECHO: loadb GRID*                178               0 7.07106781187-1 7.07106781187-1*                                                                                                                                                                                       
ECHO: loadb *                  1.0-1               4                                                                                                                                                                                                                        
ECHO: loadb GRID*                179               0 7.07106781187-1 7.07106781187-1*                                                                                                                                                                                       
ECHO: loadb *                  2.0-1               8                                                                                                                                                                                                                        
ECHO: loadb GRID*                180               0 2.79730063831-1 6.75328113904-1*                                                                                                                                                                                       
ECHO: loadb *                  1.0-1               0                                                                                                                                                                                                                        
ECHO: loadb GRID*                181               0 2.79730063831-1 6.75328113904-1*                                                                                                                                                                                       
ECHO: loadb *                  2.0-1               0                                                                                                                                                                                                                        
ECHO: loadb GRID*                182               0 1.76776695297-1 4.26776695297-1*                                                                                                                                                                                       
ECHO: loadb *                  1.0-1               0                                                                                                                                                                                                                        
ECHO: loadb GRID*                183               0 1.76776695297-1 4.26776695297-1*                                                                                                                                                                                       
ECHO: loadb *                  2.0-1               0                                                                                                                                                                                                                        
ECHO: loadb GRID         184       0   0.0+0   7.5-1   1.0-1       0                                                                                                                                                                                                        
ECHO: loadb GRID         185       0   0.0+0   7.5-1   2.0-1       0                                                                                                                                                                                                        
ECHO: loadb GRID         186       0   0.0+0   5.0-1   1.0-1       0                                                                                                                                                                                                        
ECHO: loadb GRID         187       0   0.0+0   5.0-1   2.0-1       0                                                                                                                                                                                                        
ECHO: loadb GRID*                188               0 3.82683432365-1 9.23879532511-1*                                                                                                                                                                                       
ECHO: loadb *                  1.0-1               5                                                                                                                                                                                                                        
ECHO: loadb GRID*                189               0 3.82683432365-1 9.23879532511-1*                                                                                                                                                                                       
ECHO: loadb *                  2.0-1               5                                                                                                                                                                                                                        
ECHO: loadb GRID         190       0   0.0+0   1.0+0   1.0-1       0                                                                                                                                                                                                        
ECHO: loadb GRID         191       0   0.0+0   1.0+0   2.0-1       0                                                                                                                                                                                                        
ECHO: loadb GRID         192       0   0.0+0   0.0+0   1.0-1       0                                                                                                                                                                                                        
ECHO: loadb GRID         193       0   0.0+0   0.0+0   2.0-1       0                                                                                                                                                                                                        
ECHO: loadb GRID         194       0   2.5-1   0.0+0   1.0-1       0                                                                                                                                                                                                        
ECHO: loadb GRID         195       0   2.5-1   0.0+0   2.0-1       0                                                                                                                                                                                                        
ECHO: loadb GRID*                196               0 2.13388347648-1 2.13388347648-1*                                                                                                                                                                                       
ECHO: loadb *                  1.0-1               0                                                                                                                                                                                                                        
ECHO: loadb GRID*                197               0 2.13388347648-1 2.13388347648-1*                                                                                                                                                                                       
ECHO: loadb *                  2.0-1               0                                                                                                                                                                                                                        
ECHO: loadb GRID         198       0   0.0+0   2.5-1   1.0-1       0                                                                                                                                                                                                        
ECHO: loadb GRID         199       0   0.0+0   2.5-1   2.0-1       0                                                                                                                                                                                                        
ECHO: loadb GRID         200       0  -7.5-1   0.0+0   1.0-1       0                                                                                                                                                                                                        
ECHO: loadb GRID         201       0  -7.5-1   0.0+0   2.0-1       0                                                                                                                                                                                                        
ECHO: loadb GRID         202       0  -5.0-1   0.0+0   1.0-1       0                                                                                                                                                                                                        
ECHO: loadb GRID         203       0  -5.0-1   0.0+0   2.0-1       0                                                                                                                                                                                                        
ECHO: loadb GRID*                204               0-4.26776695297-1 1.76776695297-1*                                                                                                                                                                                       
ECHO: loadb *                  1.0-1               0                                                                                                                                                                                                                        
ECHO: loadb GRID*                205               0-4.26776695297-1 1.76776695297-1*                                                                                                                                                                                       
ECHO: loadb *                  2.0-1               0                                                                                                                                                                                                                        
ECHO: loadb GRID*                206               0-6.75328113904-1 2.79730063831-1*                                                                                                                                                                                       
ECHO: loadb *                  1.0-1               0                                                                                                                                                                                                                        
ECHO: loadb GRID*                207               0-6.75328113904-1 2.79730063831-1*                                                                                                                                                                                       
ECHO: loadb *                  2.0-1               0                                                                                                                                                                                                                        
ECHO: loadb GRID*                208               0-3.53553390593-1 3.53553390593-1*                                                                                                                                                                                       
ECHO: loadb *                  1.0-1               0                                                                                                                                                                                                                        
ECHO: loadb GRID*                209               0-3.53553390593-1 3.53553390593-1*                                                                                                                                                                                       
ECHO: loadb *                  2.0-1               0                                                                                                                                                                                                                        
ECHO: loadb GRID*                210               0 -5.3033008589-1  5.3033008589-1*                                                                                                                                                                                       
ECHO: loadb *                  1.0-1               0                                                                                                                                                                                                                        
ECHO: loadb GRID*                211               0 -5.3033008589-1  5.3033008589-1*                                                                                                                                                                                       
ECHO: loadb *                  2.0-1               0                                                                                                                                                                                                                        
ECHO: loadb GRID         212       0  -1.0+0   0.0+0   1.0-1       0                                                                                                                                                                                                        
ECHO: loadb GRID         213       0  -1.0+0   0.0+0   2.0-1       0                                                                                                                                                                                                        
ECHO: loadb GRID*                214               0-9.23879532511-1 3.82683432365-1*                                                                                                                                                                                       
ECHO: loadb *                  1.0-1               5                                                                                                                                                                                                                        
ECHO: loadb GRID*                215               0-9.23879532511-1 3.82683432365-1*                                                                                                                                                                                       
ECHO: loadb *                  2.0-1               5                                                                                                                                                                                                                        
ECHO: loadb GRID*                216               0-7.07106781187-1 7.07106781187-1*                                                                                                                                                                                       
ECHO: loadb *                  1.0-1               8                                                                                                                                                                                                                        
ECHO: loadb GRID*                217               0-7.07106781187-1 7.07106781187-1*                                                                                                                                                                                       
ECHO: loadb *                  2.0-1               4                                                                                                                                                                                                                        
ECHO: loadb GRID*                218               0-1.76776695297-1 4.26776695297-1*                                                                                                                                                                                       
ECHO: loadb *                  1.0-1               0                                                                                                                                                                                                                        
ECHO: loadb GRID*                219               0-1.76776695297-1 4.26776695297-1*                                                                                                                                                                                       
ECHO: loadb *                  2.0-1               0                                                                                                                                                                                                                        
ECHO: loadb GRID*                220               0-2.79730063831-1 6.75328113904-1*                                                                                                                                                                                       
ECHO: loadb *                  1.0-1               0                                                                                                                                                                                                                        
ECHO: loadb GRID*                221               0-2.79730063831-1 6.75328113904-1*                                                                                                                                                                                       
ECHO: loadb *                  2.0-1               0                                                                                                                                                                                                                        
ECHO: loadb GRID*                222               0-3.82683432365-1 9.23879532511-1*                                                                                                                                                                                       
ECHO: loadb *                  1.0-1               2                                                                                                                                                                                                                        
ECHO: loadb GRID*                223               0-3.82683432365-1 9.23879532511-1*                                                                                                                                                                                       
ECHO: loadb *                  2.0-1               2                                                                                                                                                                                                                        
ECHO: loadb GRID         224       0  -2.5-1   0.0+0   1.0-1       0                                                                                                                                                                                                        
ECHO: loadb GRID         225       0  -2.5-1   0.0+0   2.0-1       0                                                                                                                                                                                                        
ECHO: loadb GRID*                226               0-2.13388347648-1 2.13388347648-1*                                                                                                                                                                                       
ECHO: loadb *                  1.0-1               0                                                                                                                                                                                                                        
ECHO: loadb GRID*                227               0-2.13388347648-1 2.13388347648-1*                                                                                                                                                                                       
ECHO: loadb *                  2.0-1               0                                                                                                                                                                                                                        
ECHO: loadb GRID*                228               0-6.75328113904-1-2.79730063831-1*                                                                                                                                                                                       
ECHO: loadb *                  1.0-1               0                                                                                                                                                                                                                        
ECHO: loadb GRID*                229               0-6.75328113904-1-2.79730063831-1*                                                                                                                                                                                       
ECHO: loadb *                  2.0-1               0                                                                                                                                                                                                                        
ECHO: loadb GRID*                230               0-4.26776695297-1-1.76776695297-1*                                                                                                                                                                                       
ECHO: loadb *                  1.0-1               0                                                                                                                                                                                                                        
ECHO: loadb GRID*                231               0-4.26776695297-1-1.76776695297-1*                                                                                                                                                                                       
ECHO: loadb *                  2.0-1               0                                                                                                                                                                                                                        
ECHO: loadb GRID*                232               0 -5.3033008589-1 -5.3033008589-1*                                                                                                                                                                                       
ECHO: loadb *                  1.0-1               0                                                                                                                                                                                                                        
ECHO: loadb GRID*                233               0 -5.3033008589-1 -5.3033008589-1*                                                                                                                                                                                       
ECHO: loadb *                  2.0-1               0                                                                                                                                                                                                                        
ECHO: loadb GRID*                234               0-3.53553390593-1-3.53553390593-1*                                                                                                                                                                                       
ECHO: loadb *                  1.0-1               0                                                                                                                                                                                                                        
ECHO: loadb GRID*                235               0-3.53553390593-1-3.53553390593-1*                                                                                                                                                                                       
ECHO: loadb *                  2.0-1               0                                                                                                                                                                                                                        
ECHO: loadb GRID*                236               0-9.23879532511-1-3.82683432365-1*                                                                                                                                                                                       
ECHO: loadb *                  1.0-1               2                                                                                                                                                                                                                        
ECHO: loadb GRID*                237               0-9.23879532511-1-3.82683432365-1*                                                                                                                                                                                       
ECHO: loadb *                  2.0-1               2                                                                                                                                                                                                                        
ECHO: loadb GRID*                238               0-7.07106781187-1-7.07106781187-1*                                                                                                                                                                                       
ECHO: loadb *                  1.0-1               4                                                                                                                                                                                                                        
ECHO: loadb GRID*                239               0-7.07106781187-1-7.07106781187-1*                                                                                                                                                                                       
ECHO: loadb *                  2.0-1               8                                                                                                                                                                                                                        
ECHO: loadb GRID*                240               0-2.79730063831-1-6.75328113904-1*                                                                                                                                                                                       
ECHO: loadb *                  1.0-1               0                                                                                                                                                                                                                        
ECHO: loadb GRID*                241               0-2.79730063831-1-6.75328113904-1*                                                                                                                                                                                       
ECHO: loadb *                  2.0-1               0                                                                                                                                                                                                                        
ECHO: loadb GRID*                242               0-1.76776695297-1-4.26776695297-1*                                                                                                                                                                                       
ECHO: loadb *                  1.0-1               0                                                                                                                                                                                                                        
ECHO: loadb GRID*                243               0-1.76776695297-1-4.26776695297-1*                                                                                                                                                                                       
ECHO: loadb *                  2.0-1               0                                                                                                                                                                                                                        
ECHO: loadb GRID         244       0   0.0+0  -7.5-1   1.0-1       0                                                                                                                                                                                                        
ECHO: loadb GRID         245       0   0.0+0  -7.5-1   2.0-1       0                                                                                                                                                                                                        
ECHO: loadb GRID         246       0   0.0+0  -5.0-1   1.0-1       0                                                                                                                                                                                                        
ECHO: loadb GRID         247       0   0.0+0  -5.0-1   2.0-1       0                                                                                                                                                                                                        
ECHO: loadb GRID*                248               0-3.82683432365-1-9.23879532511-1*                                                                                                                                                                                       
ECHO: loadb *                  1.0-1               5                                                                                                                                                                                                                        
ECHO: loadb GRID*                249               0-3.82683432365-1-9.23879532511-1*                                                                                                                                                                                       
ECHO: loadb *                  2.0-1               5                                                                                                                                                                                                                        
ECHO: loadb GRID         250       0   0.0+0  -1.0+0   1.0-1       0                                                                                                                                                                                                        
ECHO: loadb GRID         251       0   0.0+0  -1.0+0   2.0-1       0                                                                                                                                                                                                        
ECHO: loadb GRID*                252               0-2.13388347648-1-2.13388347648-1*                                                                                                                                                                                       
ECHO: loadb *                  1.0-1               0                                                                                                                                                                                                                        
ECHO: loadb GRID*                253               0-2.13388347648-1-2.13388347648-1*                                                                                                                                                                                       
ECHO: loadb *                  2.0-1               0                                                                                                                                                                                                                        
ECHO: loadb GRID         254       0   0.0+0  -2.5-1   1.0-1       0                                                                                                                                                                                                        
ECHO: loadb GRID         255       0   0.0+0  -2.5-1   2.0-1       0                                                                                                                                                                                                        
ECHO: loadb GRID*                256               0 4.26776695297-1-1.76776695297-1*                                                                                                                                                                                       
ECHO: loadb *                  1.0-1               0                                                                                                                                                                                                                        
ECHO: loadb GRID*                257               0 4.26776695297-1-1.76776695297-1*                                                                                                                                                                                       
ECHO: loadb *                  2.0-1               0                                                                                                                                                                                                                        
ECHO: loadb GRID*                258               0 6.75328113904-1-2.79730063831-1*                                                                                                                                                                                       
ECHO: loadb *                  1.0-1               0                                                                                                                                                                                                                        
ECHO: loadb GRID*                259               0 6.75328113904-1-2.79730063831-1*                                                                                                                                                                                       
ECHO: loadb *                  2.0-1               0                                                                                                                                                                                                                        
ECHO: loadb GRID*                260               0 3.53553390593-1-3.53553390593-1*                                                                                                                                                                                       
ECHO: loadb *                  1.0-1               0                                                                                                                                                                                                                        
ECHO: loadb GRID*                261               0 3.53553390593-1-3.53553390593-1*                                                                                                                                                                                       
ECHO: loadb *                  2.0-1               0                                                                                                                                                                                                                        
ECHO: loadb GRID*                262               0  5.3033008589-1 -5.3033008589-1*                                                                                                                                                                                       
ECHO: loadb *                  1.0-1               0                                                                                                                                                                                                                        
ECHO: loadb GRID*                263               0  5.3033008589-1 -5.3033008589-1*                                                                                                                                                                                       
ECHO: loadb *                  2.0-1               0                                                                                                                                                                                                                        
ECHO: loadb GRID*                264               0 9.23879532511-1-3.82683432365-1*                                                                                                                                                                                       
ECHO: loadb *                  1.0-1               5                                                                                                                                                                                                                        
ECHO: loadb GRID*                265               0 9.23879532511-1-3.82683432365-1*                                                                                                                                                                                       
ECHO: loadb *                  2.0-1               5                                                                                                                                                                                                                        
ECHO: loadb GRID*                266               0 7.07106781187-1-7.07106781187-1*                                                                                                                                                                                       
ECHO: loadb *                  1.0-1               8                                                                                                                                                                                                                        
ECHO: loadb GRID*                267               0 7.07106781187-1-7.07106781187-1*                                                                                                                                                                                       
ECHO: loadb *                  2.0-1               4                                                                                                                                                                                                                        
ECHO: loadb GRID*                268               0 1.76776695297-1-4.26776695297-1*                                                                                                                                                                                       
ECHO: loadb *                  1.0-1               0                                                                                                                                                                                                                        
ECHO: loadb GRID*                269               0 1.76776695297-1-4.26776695297-1*                                                                                                                                                                                       
ECHO: loadb *                  2.0-1               0                                                                                                                                                                                                                        
ECHO: loadb GRID*                270               0 2.79730063831-1-6.75328113904-1*                                                                                                                                                                                       
ECHO: loadb *                  1.0-1               0                                                                                                                                                                                                                        
ECHO: loadb GRID*                271               0 2.79730063831-1-6.75328113904-1*                                                                                                                                                                                       
ECHO: loadb *                  2.0-1               0                                                                                                                                                                                                                        
ECHO: loadb GRID*                272               0 3.82683432365-1-9.23879532511-1*                                                                                                                                                                                       
ECHO: loadb *                  1.0-1               2                                                                                                                                                                                                                        
ECHO: loadb GRID*                273               0 3.82683432365-1-9.23879532511-1*                                                                                                                                                                                       
ECHO: loadb *                  2.0-1               2                                                                                                                                                                                                                        
ECHO: loadb GRID*                274               0 2.13388347648-1-2.13388347648-1*                                                                                                                                                                                       
ECHO: loadb *                  1.0-1               0                                                                                                                                                                                                                        
ECHO: loadb GRID*                275               0 2.13388347648-1-2.13388347648-1*                                                                                                                                                                                       
ECHO: loadb *                  2.0-1               0                                                                                                                                                                                                                        
ECHO: loadb GRID         276       0  6.25-1   0.0+0   2.0-1       0                                                                                                                                                                                                        
ECHO: loadb GRID*                277               0 7.22086814026-1 1.41739334832-1*                                                                                                                                                                                       
ECHO: loadb *                  2.0-1               0                                                                                                                                                                                                                        
ECHO: loadb GRID*                278               0   5.510524046-1 2.28253379564-1*                                                                                                                                                                                       
ECHO: loadb *                  2.0-1               0                                                                                                                                                                                                                        
ECHO: loadb GRID*                279               0 4.63388347648-1 8.83883476483-2*                                                                                                                                                                                       
ECHO: loadb *                  2.0-1               0                                                                                                                                                                                                                        
ECHO: loadb GRID*                280               0 6.10817327624-1 4.10367637982-1*                                                                                                                                                                                       
ECHO: loadb *                  2.0-1               0                                                                                                                                                                                                                        
ECHO: loadb GRID*                281               0 4.41941738242-1 4.41941738242-1*                                                                                                                                                                                       
ECHO: loadb *                  2.0-1               0                                                                                                                                                                                                                        
ECHO: loadb GRID*                282               0 3.90165042945-1 2.65165042945-1*                                                                                                                                                                                       
ECHO: loadb *                  2.0-1               0                                                                                                                                                                                                                        
ECHO: loadb GRID         283       0  8.75-1   0.0+0   2.0-1       0                                                                                                                                                                                                        
ECHO: loadb GRID*                284               0 9.80785280403-1 1.95090322016-1*                                                                                                                                                                                       
ECHO: loadb *                  2.0-1               1                                                                                                                                                                                                                        
ECHO: loadb GRID*                285               0 7.99603823208-1 3.31206748098-1*                                                                                                                                                                                       
ECHO: loadb *                  2.0-1               0                                                                                                                                                                                                                        
ECHO: loadb GRID*                286               0 8.31469612303-1  5.5557023302-1*                                                                                                                                                                                       
ECHO: loadb *                  2.0-1               3                                                                                                                                                                                                                        
ECHO: loadb GRID*                287               0 6.18718433538-1 6.18718433538-1*                                                                                                                                                                                       
ECHO: loadb *                  2.0-1               0                                                                                                                                                                                                                        
ECHO: loadb GRID*                288               0 4.10367637982-1 6.10817327624-1*                                                                                                                                                                                       
ECHO: loadb *                  2.0-1               0                                                                                                                                                                                                                        
ECHO: loadb GRID*                289               0 2.28253379564-1   5.510524046-1*                                                                                                                                                                                       
ECHO: loadb *                  2.0-1               0                                                                                                                                                                                                                        
ECHO: loadb GRID*                290               0 2.65165042945-1 3.90165042945-1*                                                                                                                                                                                       
ECHO: loadb *                  2.0-1               0                                                                                                                                                                                                                        
ECHO: loadb GRID*                291               0 1.41739334832-1 7.22086814026-1*                                                                                                                                                                                       
ECHO: loadb *                  2.0-1               0                                                                                                                                                                                                                        
ECHO: loadb GRID         292       0   0.0+0  6.25-1   2.0-1       0                                                                                                                                                                                                        
ECHO: loadb GRID*                293               0 8.83883476483-2 4.63388347648-1*                                                                                                                                                                                       
ECHO: loadb *                  2.0-1               0                                                                                                                                                                                                                        
ECHO: loadb GRID*                294               0  5.5557023302-1 8.31469612303-1*                                                                                                                                                                                       
ECHO: loadb *                  2.0-1               6                                                                                                                                                                                                                        
ECHO: loadb GRID*                295               0 3.31206748098-1 7.99603823208-1*                                                                                                                                                                                       
ECHO: loadb *                  2.0-1               0                                                                                                                                                                                                                        
ECHO: loadb GRID*                296               0 1.95090322016-1 9.80785280403-1*                                                                                                                                                                                       
ECHO: loadb *                  2.0-1               7                                                                                                                                                                                                                        
ECHO: loadb GRID         297       0   0.0+0  8.75-1   2.0-1       0                                                                                                                                                                                                        
ECHO: loadb GRID         298       0  1.25-1   0.0+0   2.0-1       0                                                                                                                                                                                                        
ECHO: loadb GRID*                299               0 2.31694173824-1 1.06694173824-1*                                                                                                                                                                                       
ECHO: loadb *                  2.0-1               0                                                                                                                                                                                                                        
ECHO: loadb GRID*                300               0 1.06694173824-1 2.31694173824-1*                                                                                                                                                                                       
ECHO: loadb *                  2.0-1               0                                                                                                                                                                                                                        
ECHO: loadb GRID         301       0   0.0+0  1.25-1   2.0-1       0                                                                                                                                                                                                        
ECHO: loadb GRID*                302               0 1.95082521472-1 3.20082521472-1*                                                                                                                                                                                       
ECHO: loadb *                  2.0-1               0                                                                                                                                                                                                                        
ECHO: loadb GRID         303       0   0.0+0  3.75-1   2.0-1       0                                                                                                                                                                                                        
ECHO: loadb GRID         304       0  3.75-1   0.0+0   2.0-1       0                                                                                                                                                                                                        
ECHO: loadb GRID*                305               0 3.20082521472-1 1.95082521472-1*                                                                                                                                                                                       
ECHO: loadb *                  2.0-1               0                                                                                                                                                                                                                        
ECHO: loadb GRID         306       0 -6.25-1   0.0+0   2.0-1       0                                                                                                                                                                                                        
ECHO: loadb GRID*                307               0-4.63388347648-1 8.83883476483-2*                                                                                                                                                                                       
ECHO: loadb *                  2.0-1               0                                                                                                                                                                                                                        
ECHO: loadb GRID*                308               0  -5.510524046-1 2.28253379564-1*                                                                                                                                                                                       
ECHO: loadb *                  2.0-1               0                                                                                                                                                                                                                        
ECHO: loadb GRID*                309               0-7.22086814026-1 1.41739334832-1*                                                                                                                                                                                       
ECHO: loadb *                  2.0-1               0                                                                                                                                                                                                                        
ECHO: loadb GRID*                310               0-3.90165042945-1 2.65165042945-1*                                                                                                                                                                                       
ECHO: loadb *                  2.0-1               0                                                                                                                                                                                                                        
ECHO: loadb GRID*                311               0-4.41941738242-1 4.41941738242-1*                                                                                                                                                                                       
ECHO: loadb *                  2.0-1               0                                                                                                                                                                                                                        
ECHO: loadb GRID*                312               0-6.10817327624-1 4.10367637982-1*                                                                                                                                                                                       
ECHO: loadb *                  2.0-1               0                                                                                                                                                                                                                        
ECHO: loadb GRID         313       0 -8.75-1   0.0+0   2.0-1       0                                                                                                                                                                                                        
ECHO: loadb GRID*                314               0-7.99603823208-1 3.31206748098-1*                                                                                                                                                                                       
ECHO: loadb *                  2.0-1               0                                                                                                                                                                                                                        
ECHO: loadb GRID*                315               0-9.80785280403-1 1.95090322016-1*                                                                                                                                                                                       
ECHO: loadb *                  2.0-1               7                                                                                                                                                                                                                        
ECHO: loadb GRID*                316               0-6.18718433538-1 6.18718433538-1*                                                                                                                                                                                       
ECHO: loadb *                  2.0-1               0                                                                                                                                                                                                                        
ECHO: loadb GRID*                317               0-8.31469612303-1  5.5557023302-1*                                                                                                                                                                                       
ECHO: loadb *                  2.0-1               6                                                                                                                                                                                                                        
ECHO: loadb GRID*                318               0-2.65165042945-1 3.90165042945-1*                                                                                                                                                                                       
ECHO: loadb *                  2.0-1               0                                                                                                                                                                                                                        
ECHO: loadb GRID*                319               0-2.28253379564-1   5.510524046-1*                                                                                                                                                                                       
ECHO: loadb *                  2.0-1               0                                                                                                                                                                                                                        
ECHO: loadb GRID*                320               0-4.10367637982-1 6.10817327624-1*                                                                                                                                                                                       
ECHO: loadb *                  2.0-1               0                                                                                                                                                                                                                        
ECHO: loadb GRID*                321               0-8.83883476483-2 4.63388347648-1*                                                                                                                                                                                       
ECHO: loadb *                  2.0-1               0                                                                                                                                                                                                                        
ECHO: loadb GRID*                322               0-1.41739334832-1 7.22086814026-1*                                                                                                                                                                                       
ECHO: loadb *                  2.0-1               0                                                                                                                                                                                                                        
ECHO: loadb GRID*                323               0-3.31206748098-1 7.99603823208-1*                                                                                                                                                                                       
ECHO: loadb *                  2.0-1               0                                                                                                                                                                                                                        
ECHO: loadb GRID*                324               0 -5.5557023302-1 8.31469612303-1*                                                                                                                                                                                       
ECHO: loadb *                  2.0-1               3                                                                                                                                                                                                                        
ECHO: loadb GRID*                325               0-1.95090322016-1 9.80785280403-1*                                                                                                                                                                                       
ECHO: loadb *                  2.0-1               1                                                                                                                                                                                                                        
ECHO: loadb GRID         326       0 -1.25-1   0.0+0   2.0-1       0                                                                                                                                                                                                        
ECHO: loadb GRID*                327               0-1.06694173824-1 2.31694173824-1*                                                                                                                                                                                       
ECHO: loadb *                  2.0-1               0                                                                                                                                                                                                                        
ECHO: loadb GRID*                328               0-2.31694173824-1 1.06694173824-1*                                                                                                                                                                                       
ECHO: loadb *                  2.0-1               0                                                                                                                                                                                                                        
ECHO: loadb GRID*                329               0-1.95082521472-1 3.20082521472-1*                                                                                                                                                                                       
ECHO: loadb *                  2.0-1               0                                                                                                                                                                                                                        
ECHO: loadb GRID         330       0 -3.75-1   0.0+0   2.0-1       0                                                                                                                                                                                                        
ECHO: loadb GRID*                331               0-3.20082521472-1 1.95082521472-1*                                                                                                                                                                                       
ECHO: loadb *                  2.0-1               0                                                                                                                                                                                                                        
ECHO: loadb GRID*                332               0-7.22086814026-1-1.41739334832-1*                                                                                                                                                                                       
ECHO: loadb *                  2.0-1               0                                                                                                                                                                                                                        
ECHO: loadb GRID*                333               0  -5.510524046-1-2.28253379564-1*                                                                                                                                                                                       
ECHO: loadb *                  2.0-1               0                                                                                                                                                                                                                        
ECHO: loadb GRID*                334               0-4.63388347648-1-8.83883476483-2*                                                                                                                                                                                       
ECHO: loadb *                  2.0-1               0                                                                                                                                                                                                                        
ECHO: loadb GRID*                335               0-6.10817327624-1-4.10367637982-1*                                                                                                                                                                                       
ECHO: loadb *                  2.0-1               0                                                                                                                                                                                                                        
ECHO: loadb GRID*                336               0-4.41941738242-1-4.41941738242-1*                                                                                                                                                                                       
ECHO: loadb *                  2.0-1               0                                                                                                                                                                                                                        
ECHO: loadb GRID*                337               0-3.90165042945-1-2.65165042945-1*                                                                                                                                                                                       
ECHO: loadb *                  2.0-1               0                                                                                                                                                                                                                        
ECHO: loadb GRID*                338               0-9.80785280403-1-1.95090322016-1*                                                                                                                                                                                       
ECHO: loadb *                  2.0-1               1                                                                                                                                                                                                                        
ECHO: loadb GRID*                339               0-7.99603823208-1-3.31206748098-1*                                                                                                                                                                                       
ECHO: loadb *                  2.0-1               0                                                                                                                                                                                                                        
ECHO: loadb GRID*                340               0-8.31469612303-1 -5.5557023302-1*                                                                                                                                                                                       
ECHO: loadb *                  2.0-1               3                                                                                                                                                                                                                        
ECHO: loadb GRID*                341               0-6.18718433538-1-6.18718433538-1*                                                                                                                                                                                       
ECHO: loadb *                  2.0-1               0                                                                                                                                                                                                                        
ECHO: loadb GRID*                342               0-4.10367637982-1-6.10817327624-1*                                                                                                                                                                                       
ECHO: loadb *                  2.0-1               0                                                                                                                                                                                                                        
ECHO: loadb GRID*                343               0-2.28253379564-1  -5.510524046-1*                                                                                                                                                                                       
ECHO: loadb *                  2.0-1               0                                                                                                                                                                                                                        
ECHO: loadb GRID*                344               0-2.65165042945-1-3.90165042945-1*                                                                                                                                                                                       
ECHO: loadb *                  2.0-1               0                                                                                                                                                                                                                        
ECHO: loadb GRID*                345               0-1.41739334832-1-7.22086814026-1*                                                                                                                                                                                       
ECHO: loadb *                  2.0-1               0                                                                                                                                                                                                                        
ECHO: loadb GRID         346       0   0.0+0 -6.25-1   2.0-1       0                                                                                                                                                                                                        
ECHO: loadb GRID*                347               0-8.83883476483-2-4.63388347648-1*                                                                                                                                                                                       
ECHO: loadb *                  2.0-1               0                                                                                                                                                                                                                        
ECHO: loadb GRID*                348               0 -5.5557023302-1-8.31469612303-1*                                                                                                                                                                                       
ECHO: loadb *                  2.0-1               6                                                                                                                                                                                                                        
ECHO: loadb GRID*                349               0-3.31206748098-1-7.99603823208-1*                                                                                                                                                                                       
ECHO: loadb *                  2.0-1               0                                                                                                                                                                                                                        
ECHO: loadb GRID*                350               0-1.95090322016-1-9.80785280403-1*                                                                                                                                                                                       
ECHO: loadb *                  2.0-1               7                                                                                                                                                                                                                        
ECHO: loadb GRID         351       0   0.0+0 -8.75-1   2.0-1       0                                                                                                                                                                                                        
ECHO: loadb GRID*                352               0-2.31694173824-1-1.06694173824-1*                                                                                                                                                                                       
ECHO: loadb *                  2.0-1               0                                                                                                                                                                                                                        
ECHO: loadb GRID*                353               0-1.06694173824-1-2.31694173824-1*                                                                                                                                                                                       
ECHO: loadb *                  2.0-1               0                                                                                                                                                                                                                        
ECHO: loadb GRID         354       0   0.0+0 -1.25-1   2.0-1       0                                                                                                                                                                                                        
ECHO: loadb GRID*                355               0-1.95082521472-1-3.20082521472-1*                                                                                                                                                                                       
ECHO: loadb *                  2.0-1               0                                                                                                                                                                                                                        
ECHO: loadb GRID         356       0   0.0+0 -3.75-1   2.0-1       0                                                                                                                                                                                                        
ECHO: loadb GRID*                357               0-3.20082521472-1-1.95082521472-1*                                                                                                                                                                                       
ECHO: loadb *                  2.0-1               0                                                                                                                                                                                                                        
ECHO: loadb GRID*                358               0 4.63388347648-1-8.83883476483-2*                                                                                                                                                                                       
ECHO: loadb *                  2.0-1               0                                                                                                                                                                                                                        
ECHO: loadb GRID*                359               0   5.510524046-1-2.28253379564-1*                                                                                                                                                                                       
ECHO: loadb *                  2.0-1               0                                                                                                                                                                                                                        
ECHO: loadb GRID*                360               0 7.22086814026-1-1.41739334832-1*                                                                                                                                                                                       
ECHO: loadb *                  2.0-1               0                                                                                                                                                                                                                        
ECHO: loadb GRID*                361               0 3.90165042945-1-2.65165042945-1*                                                                                                                                                                                       
ECHO: loadb *                  2.0-1               0                                                                                                                                                                                                                        
ECHO: loadb GRID*                362               0 4.41941738242-1-4.41941738242-1*                                                                                                                                                                                       
ECHO: loadb *                  2.0-1               0                                                                                                                                                                                                                        
ECHO: loadb GRID*                363               0 6.10817327624-1-4.10367637982-1*                                                                                                                                                                                       
ECHO: loadb *                  2.0-1               0                                                                                                                                                                                                                        
ECHO: loadb GRID*                364               0 7.99603823208-1-3.31206748098-1*                                                                                                                                                                                       
ECHO: loadb *                  2.0-1               0                                                                                                                                                                                                                        
ECHO: loadb GRID*                365               0 9.80785280403-1-1.95090322016-1*                                                                                                                                                                                       
ECHO: loadb *                  2.0-1               7                                                                                                                                                                                                                        
ECHO: loadb GRID*                366               0 6.18718433538-1-6.18718433538-1*                                                                                                                                                                                       
ECHO: loadb *                  2.0-1               0                                                                                                                                                                                                                        
ECHO: loadb GRID*                367               0 8.31469612303-1 -5.5557023302-1*                                                                                                                                                                                       
ECHO: loadb *                  2.0-1               6                                                                                                                                                                                                                        
ECHO: loadb GRID*                368               0 2.65165042945-1-3.90165042945-1*                                                                                                                                                                                       
ECHO: loadb *                  2.0-1               0                                                                                                                                                                                                                        
ECHO: loadb GRID*                369               0 2.28253379564-1  -5.510524046-1*                                                                                                                                                                                       
ECHO: loadb *                  2.0-1               0                                                                                                                                                                                                                        
ECHO: loadb GRID*                370               0 4.10367637982-1-6.10817327624-1*                                                                                                                                                                                       
ECHO: loadb *                  2.0-1               0                                                                                                                                                                                                                        
ECHO: loadb GRID*                371               0 8.83883476483-2-4.63388347648-1*                                                                                                                                                                                       
ECHO: loadb *                  2.0-1               0                                                                                                                                                                                                                        
ECHO: loadb GRID*                372               0 1.41739334832-1-7.22086814026-1*                                                                                                                                                                                       
ECHO: loadb *                  2.0-1               0                                                                                                                                                                                                                        
ECHO: loadb GRID*                373               0 3.31206748098-1-7.99603823208-1*                                                                                                                                                                                       
ECHO: loadb *                  2.0-1               0                                                                                                                                                                                                                        
ECHO: loadb GRID*                374               0  5.5557023302-1-8.31469612303-1*                                                                                                                                                                                       
ECHO: loadb *                  2.0-1               3                                                                                                                                                                                                                        
ECHO: loadb GRID*                375               0 1.95090322016-1-9.80785280403-1*                                                                                                                                                                                       
ECHO: loadb *                  2.0-1               1                                                                                                                                                                                                                        
ECHO: loadb GRID*                376               0 1.06694173824-1-2.31694173824-1*                                                                                                                                                                                       
ECHO: loadb *                  2.0-1               0                                                                                                                                                                                                                        
ECHO: loadb GRID*                377               0 2.31694173824-1-1.06694173824-1*                                                                                                                                                                                       
ECHO: loadb *                  2.0-1               0                                                                                                                                                                                                                        
ECHO: loadb GRID*                378               0 1.95082521472-1-3.20082521472-1*                                                                                                                                                                                       
ECHO: loadb *                  2.0-1               0                                                                                                                                                                                                                        
ECHO: loadb GRID*                379               0 3.20082521472-1-1.95082521472-1*                                                                                                                                                                                       
ECHO: loadb *                  2.0-1               0                                                                                                                                                                                                                        
ECHO: loadb PARAM    STR_CID      -2                                                                                                                                                                                                                                        
ECHO: loadb MAT1           1  1.0+11  5.0+10   0.0+0   0.0+0   0.0+0   0.0+0                                                                                                                                                                                                
ECHO: loadb CORD2R*                1               0           0.0+0           0.0+0*                                                                                                                                                                                       
ECHO: loadb *                  0.0+0           0.0+0           0.0+0           1.0+0*                                                                                                                                                                                       
ECHO nextc2: *        9.80785280403-1 1.95090322016-1           0.0+0                *                                                                                                                                                                                       
ECHO nextc2: *                                                                                                                                                                                                                                                               
ECHO: loadb CORD2R*                2               0           0.0+0           0.0+0*                                                                                                                                                                                       
ECHO: loadb *                  0.0+0           0.0+0           0.0+0           1.0+0*                                                                                                                                                                                       
ECHO nextc2: *        9.23879532511-1 3.82683432365-1           0.0+0                *                                                                                                                                                                                       
ECHO nextc2: *                                                                                                                                                                                                                                                               
ECHO: loadb CORD2R*                3               0           0.0+0           0.0+0*                                                                                                                                                                                       
ECHO: loadb *                  0.0+0           0.0+0           0.0+0           1.0+0*                                                                                                                                                                                       
ECHO nextc2: *        8.31469612303-1  5.5557023302-1           0.0+0                *                                                                                                                                                                                       
ECHO nextc2: *                                                                                                                                                                                                                                                               
ECHO: loadb CORD2R*                4               0           0.0+0           0.0+0*                                                                                                                                                                                       
ECHO: loadb *                  0.0+0           0.0+0           0.0+0           1.0+0*                                                                                                                                                                                       
ECHO nextc2: *        7.07106781187-1 7.07106781187-1           0.0+0                *                                                                                                                                                                                       
ECHO nextc2: *                                                                                                                                                                                                                                                               
ECHO: loadb CORD2R*                5               0           0.0+0           0.0+0*                                                                                                                                                                                       
ECHO: loadb *                  0.0+0           0.0+0           0.0+0           1.0+0*                                                                                                                                                                                       
ECHO nextc2: *        9.23879532511-1-3.82683432365-1           0.0+0                *                                                                                                                                                                                       
ECHO nextc2: *                                                                                                                                                                                                                                                               
ECHO: loadb CORD2R*                6               0           0.0+0           0.0+0*                                                                                                                                                                                       
ECHO: loadb *                  0.0+0           0.0+0           0.0+0           1.0+0*                                                                                                                                                                                       
ECHO nextc2: *        8.31469612303-1 -5.5557023302-1           0.0+0                *                                                                                                                                                                                       
ECHO nextc2: *                                                                                                                                                                                                                                                               
ECHO: loadb CORD2R*                7               0           0.0+0           0.0+0*                                                                                                                                                                                       
ECHO: loadb *                  0.0+0           0.0+0           0.0+0           1.0+0*                                                                                                                                                                                       
ECHO nextc2: *        9.80785280403-1-1.95090322016-1           0.0+0                *                                                                                                                                                                                       
ECHO nextc2: *                                                                                                                                                                                                                                                               
ECHO: loadb CORD2R*                8               0           0.0+0           0.0+0*                                                                                                                                                                                       
ECHO: loadb *                  0.0+0           0.0+0           0.0+0           1.0+0*                                                                                                                                                                                       
ECHO nextc2: *        7.07106781187-1-7.07106781187-1           0.0+0                *                                                                                                                                                                                       
ECHO nextc2: *                                                                                                                                                                                                                                                               
ECHO: loadb SPC            1      17       2   1.0-1                                                                                                                                                                                                                        
ECHO: loadb SPC            1      18       2   1.0-1                                                                                                                                                                                                                        
ECHO: loadb SPC            1      19       2   1.0-1                                                                                                                                                                                                                        
ECHO: loadb SPC            1      20       2   1.0-1                                                                                                                                                                                                                        
ECHO: loadb SPC            1      21       2   1.0-1                                                                                                                                                                                                                        
ECHO: loadb SPC            1      30       2   1.0-1                                                                                                                                                                                                                        
ECHO: loadb SPC            1      35       1   1.0-1                                                                                                                                                                                                                        
ECHO: loadb SPC            1      37       1   1.0-1                                                                                                                                                                                                                        
ECHO: loadb SPC            1      38       1   1.0-1                                                                                                                                                                                                                        
ECHO: loadb SPC            1      39       1  -1.0-1                                                                                                                                                                                                                        
ECHO: loadb SPC            1      40       1  -1.0-1                                                                                                                                                                                                                        
ECHO: loadb SPC            1      41       1  -1.0-1                                                                                                                                                                                                                        
ECHO: loadb SPC            1      42       1   1.0-1                                                                                                                                                                                                                        
ECHO: loadb SPC            1      47       2   1.0-1                                                                                                                                                                                                                        
ECHO: loadb SPC            1      59       2   1.0-1                                                                                                                                                                                                                        
ECHO: loadb SPC            1      80       2  -1.0-1                                                                                                                                                                                                                        
ECHO: loadb SPC            1      81       2  -1.0-1                                                                                                                                                                                                                        
ECHO: loadb SPC            1      82       2  -1.0-1                                                                                                                                                                                                                        
ECHO: loadb SPC            1      83       2  -1.0-1                                                                                                                                                                                                                        
ECHO: loadb SPC            1      84       2  -1.0-1                                                                                                                                                                                                                        
ECHO: loadb SPC            1      93       1   1.0-1                                                                                                                                                                                                                        
ECHO: loadb SPC            1      98       1   1.0-1                                                                                                                                                                                                                        
ECHO: loadb SPC            1     102       1  -1.0-1                                                                                                                                                                                                                        
ECHO: loadb SPC            1     103       1  -1.0-1                                                                                                                                                                                                                        
ECHO: loadb SPC            1     104       1  -1.0-1                                                                                                                                                                                                                        
ECHO: loadb SPC            1     105       1  -1.0-1                                                                                                                                                                                                                        
ECHO: loadb SPC            1     106       1   1.0-1                                                                                                                                                                                                                        
ECHO: loadb SPC            1     144       2  -1.0-1                                                                                                                                                                                                                        
ECHO: loadb SPC            1     145       2  -1.0-1                                                                                                                                                                                                                        
ECHO: loadb SPC            1     146       2  -1.0-1                                                                                                                                                                                                                        
ECHO: loadb SPC            1     147       2  -1.0-1                                                                                                                                                                                                                        
ECHO: loadb SPC            1     161       2   1.0-1                                                                                                                                                                                                                        
ECHO: loadb SPC            1     163       3   0.0+0                                                                                                                                                                                                                        
ECHO: loadb SPC            1     165       3   0.0+0                                                                                                                                                                                                                        
ECHO: loadb SPC            1     167       3   0.0+0                                                                                                                                                                                                                        
ECHO: loadb SPC            1     169       3   0.0+0                                                                                                                                                                                                                        
ECHO: loadb SPC            1     171       3   0.0+0                                                                                                                                                                                                                        
ECHO: loadb SPC            1     173       3   0.0+0                                                                                                                                                                                                                        
ECHO: loadb SPC            1     174       2   1.0-1                                                                                                                                                                                                                        
ECHO: loadb SPC            1     175       2   1.0-1                                                                                                                                                                                                                        
ECHO: loadb SPC*                   1             175               3-1.8088047912-17*                                                                                                                                                                                       
ECHO: loadb *                                                                                                                                                                                                                                                               
ECHO: loadb SPC            1     176       2   1.0-1                                                                                                                                                                                                                        
ECHO: loadb SPC            1     177       2   1.0-1                                                                                                                                                                                                                        
ECHO: loadb SPC*                   1             177               3-1.3855246183-17*                                                                                                                                                                                       
ECHO: loadb *                                                                                                                                                                                                                                                               
ECHO: loadb SPC            1     178       2   1.0-1                                                                                                                                                                                                                        
ECHO: loadb SPC            1     179       1  -1.0-1                                                                                                                                                                                                                        
ECHO: loadb SPC*                   1             179               3-1.1592321647-17*                                                                                                                                                                                       
ECHO: loadb *                                                                                                                                                                                                                                                               
ECHO: loadb SPC            1     181       3   0.0+0                                                                                                                                                                                                                        
ECHO: loadb SPC            1     183       3   0.0+0                                                                                                                                                                                                                        
ECHO: loadb SPC            1     185       3   0.0+0                                                                                                                                                                                                                        
ECHO: loadb SPC            1     187       3   0.0+0                                                                                                                                                                                                                        
ECHO: loadb SPC            1     188       1  -1.0-1                                                                                                                                                                                                                        
ECHO: loadb SPC            1     189       1  -1.0-1                                                                                                                                                                                                                        
ECHO: loadb SPC*                   1             189               3-9.0524707518-18*                                                                                                                                                                                       
ECHO: loadb *                                                                                                                                                                                                                                                               
ECHO: loadb SPC            1     190       1  -1.0-1                                                                                                                                                                                                                        
ECHO: loadb SPC            1     191       1  -1.0-1                                                                                                                                                                                                                        
ECHO: loadb SPC*                   1             191               3-2.0614695268-20*                                                                                                                                                                                       
ECHO: loadb *                                                                                                                                                                                                                                                               
ECHO: loadb SPC            1     193       3   0.0+0                                                                                                                                                                                                                        
ECHO: loadb SPC            1     195       3   0.0+0                                                                                                                                                                                                                        
ECHO: loadb SPC            1     197       3   0.0+0                                                                                                                                                                                                                        
ECHO: loadb SPC            1     199       3   0.0+0                                                                                                                                                                                                                        
ECHO: loadb SPC            1     201       3   0.0+0                                                                                                                                                                                                                        
ECHO: loadb SPC            1     203       3   0.0+0                                                                                                                                                                                                                        
ECHO: loadb SPC            1     205       3   0.0+0                                                                                                                                                                                                                        
ECHO: loadb SPC            1     207       3   0.0+0                                                                                                                                                                                                                        
ECHO: loadb SPC            1     209       3   0.0+0                                                                                                                                                                                                                        
ECHO: loadb SPC            1     211       3   0.0+0                                                                                                                                                                                                                        
ECHO: loadb SPC            1     212       2  -1.0-1                                                                                                                                                                                                                        
ECHO: loadb SPC            1     213       2  -1.0-1                                                                                                                                                                                                                        
ECHO: loadb SPC*                   1             213               3-1.7977851398-17*                                                                                                                                                                                       
ECHO: loadb *                                                                                                                                                                                                                                                               
ECHO: loadb SPC            1     214       2  -1.0-1                                                                                                                                                                                                                        
ECHO: loadb SPC            1     215       2  -1.0-1                                                                                                                                                                                                                        
ECHO: loadb SPC*                   1             215               3 6.8686279924-18*                                                                                                                                                                                       
ECHO: loadb *                                                                                                                                                                                                                                                               
ECHO: loadb SPC            1     216       2  -1.0-1                                                                                                                                                                                                                        
ECHO: loadb SPC            1     217       1  -1.0-1                                                                                                                                                                                                                        
ECHO: loadb SPC*                   1             217               3  4.583655787-18*                                                                                                                                                                                       
ECHO: loadb *                                                                                                                                                                                                                                                               
ECHO: loadb SPC            1     219       3   0.0+0                                                                                                                                                                                                                        
ECHO: loadb SPC            1     221       3   0.0+0                                                                                                                                                                                                                        
ECHO: loadb SPC            1     222       1  -1.0-1                                                                                                                                                                                                                        
ECHO: loadb SPC            1     223       1  -1.0-1                                                                                                                                                                                                                        
ECHO: loadb SPC*                   1             223               3 2.0375081573-18*                                                                                                                                                                                       
ECHO: loadb *                                                                                                                                                                                                                                                               
ECHO: loadb SPC            1     225       3   0.0+0                                                                                                                                                                                                                        
ECHO: loadb SPC            1     227       3   0.0+0                                                                                                                                                                                                                        
ECHO: loadb SPC            1     229       3   0.0+0                                                                                                                                                                                                                        
ECHO: loadb SPC            1     231       3   0.0+0                                                                                                                                                                                                                        
ECHO: loadb SPC            1     233       3   0.0+0                                                                                                                                                                                                                        
ECHO: loadb SPC            1     235       3   0.0+0                                                                                                                                                                                                                        
ECHO: loadb SPC            1     236       2  -1.0-1                                                                                                                                                                                                                        
ECHO: loadb SPC            1     237       2  -1.0-1                                                                                                                                                                                                                        
ECHO: loadb SPC*                   1             237               3-1.3855246183-17*                                                                                                                                                                                       
ECHO: loadb *                                                                                                                                                                                                                                                               
ECHO: loadb SPC            1     238       2  -1.0-1                                                                                                                                                                                                                        
ECHO: loadb SPC            1     239       1   1.0-1                                                                                                                                                                                                                        
ECHO: loadb SPC*                   1             239               3-1.1592321647-17*                                                                                                                                                                                       
ECHO: loadb *                                                                                                                                                                                                                                                               
ECHO: loadb SPC            1     241       3   0.0+0                                                                                                                                                                                                                        
ECHO: loadb SPC            1     243       3   0.0+0                                                                                                                                                                                                                        
ECHO: loadb SPC            1     245       3   0.0+0                                                                                                                                                                                                                        
ECHO: loadb SPC            1     247       3   0.0+0                                                                                                                                                                                                                        
ECHO: loadb SPC            1     248       1   1.0-1                                                                                                                                                                                                                        
ECHO: loadb SPC            1     249       1   1.0-1                                                                                                                                                                                                                        
ECHO: loadb SPC*                   1             249               3-9.0524707518-18*                                                                                                                                                                                       
ECHO: loadb *                                                                                                                                                                                                                                                               
ECHO: loadb SPC            1     250       1   1.0-1                                                                                                                                                                                                                        
ECHO: loadb SPC            1     251       1   1.0-1                                                                                                                                                                                                                        
ECHO: loadb SPC*                   1             251               3-2.0614695268-20*                                                                                                                                                                                       
ECHO: loadb *                                                                                                                                                                                                                                                               
ECHO: loadb SPC            1     253       3   0.0+0                                                                                                                                                                                                                        
ECHO: loadb SPC            1     255       3   0.0+0                                                                                                                                                                                                                        
ECHO: loadb SPC            1     257       3   0.0+0                                                                                                                                                                                                                        
ECHO: loadb SPC            1     259       3   0.0+0                                                                                                                                                                                                                        
ECHO: loadb SPC            1     261       3   0.0+0                                                                                                                                                                                                                        
ECHO: loadb SPC            1     263       3   0.0+0                                                                                                                                                                                                                        
ECHO: loadb SPC            1     264       2   1.0-1                                                                                                                                                                                                                        
ECHO: loadb SPC            1     265       2   1.0-1                                                                                                                                                                                                                        
ECHO: loadb SPC*                   1             265               3 6.8686279924-18*                                                                                                                                                                                       
ECHO: loadb *                                                                                                                                                                                                                                                               
ECHO: loadb SPC            1     266       2   1.0-1                                                                                                                                                                                                                        
ECHO: loadb SPC            1     267       1   1.0-1                                                                                                                                                                                                                        
ECHO: loadb SPC*                   1             267               3  4.583655787-18*                                                                                                                                                                                       
ECHO: loadb *                                                                                                                                                                                                                                                               
ECHO: loadb SPC            1     269       3   0.0+0                                                                                                                                                                                                                        
ECHO: loadb SPC            1     271       3   0.0+0                                                                                                                                                                                                                        
ECHO: loadb SPC            1     272       1   1.0-1                                                                                                                                                                                                                        
ECHO: loadb SPC            1     273       1   1.0-1                                                                                                                                                                                                                        
ECHO: loadb SPC*                   1             273               3 2.0375081573-18*                                                                                                                                                                                       
ECHO: loadb *                                                                                                                                                                                                                                                               
ECHO: loadb SPC            1     275       3   0.0+0                                                                                                                                                                                                                        
ECHO: loadb SPC            1     276       3   0.0+0                                                                                                                                                                                                                        
ECHO: loadb SPC            1     277       3   0.0+0                                                                                                                                                                                                                        
ECHO: loadb SPC            1     278       3   0.0+0                                                                                                                                                                                                                        
ECHO: loadb SPC            1     279       3   0.0+0                                                                                                                                                                                                                        
ECHO: loadb SPC            1     280       3   0.0+0                                                                                                                                                                                                                        
ECHO: loadb SPC            1     281       3   0.0+0                                                                                                                                                                                                                        
ECHO: loadb SPC            1     282       3   0.0+0                                                                                                                                                                                                                        
ECHO: loadb SPC            1     283       3   0.0+0                                                                                                                                                                                                                        
ECHO: loadb SPC            1     284       2   1.0-1                                                                                                                                                                                                                        
ECHO: loadb SPC            1     284       3   0.0+0                                                                                                                                                                                                                        
ECHO: loadb SPC            1     285       3   0.0+0                                                                                                                                                                                                                        
ECHO: loadb SPC            1     286       2   1.0-1                                                                                                                                                                                                                        
ECHO: loadb SPC            1     286       3   0.0+0                                                                                                                                                                                                                        
ECHO: loadb SPC            1     287       3   0.0+0                                                                                                                                                                                                                        
ECHO: loadb SPC            1     288       3   0.0+0                                                                                                                                                                                                                        
ECHO: loadb SPC            1     289       3   0.0+0                                                                                                                                                                                                                        
ECHO: loadb SPC            1     290       3   0.0+0                                                                                                                                                                                                                        
ECHO: loadb SPC            1     291       3   0.0+0                                                                                                                                                                                                                        
ECHO: loadb SPC            1     292       3   0.0+0                                                                                                                                                                                                                        
ECHO: loadb SPC            1     293       3   0.0+0                                                                                                                                                                                                                        
ECHO: loadb SPC            1     294       1  -1.0-1                                                                                                                                                                                                                        
ECHO: loadb SPC            1     294       3   0.0+0                                                                                                                                                                                                                        
ECHO: loadb SPC            1     295       3   0.0+0                                                                                                                                                                                                                        
ECHO: loadb SPC            1     296       1  -1.0-1                                                                                                                                                                                                                        
ECHO: loadb SPC            1     296       3   0.0+0                                                                                                                                                                                                                        
ECHO: loadb SPC            1     297       3   0.0+0                                                                                                                                                                                                                        
ECHO: loadb SPC            1     298       3   0.0+0                                                                                                                                                                                                                        
ECHO: loadb SPC            1     299       3   0.0+0                                                                                                                                                                                                                        
ECHO: loadb SPC            1     300       3   0.0+0                                                                                                                                                                                                                        
ECHO: loadb SPC            1     301       3   0.0+0                                                                                                                                                                                                                        
ECHO: loadb SPC            1     302       3   0.0+0                                                                                                                                                                                                                        
ECHO: loadb SPC            1     303       3   0.0+0                                                                                                                                                                                                                        
ECHO: loadb SPC            1     304       3   0.0+0                                                                                                                                                                                                                        
ECHO: loadb SPC            1     305       3   0.0+0                                                                                                                                                                                                                        
ECHO: loadb SPC            1     306       3   0.0+0                                                                                                                                                                                                                        
ECHO: loadb SPC            1     307       3   0.0+0                                                                                                                                                                                                                        
ECHO: loadb SPC            1     308       3   0.0+0                                                                                                                                                                                                                        
ECHO: loadb SPC            1     309       3   0.0+0                                                                                                                                                                                                                        
ECHO: loadb SPC            1     310       3   0.0+0                                                                                                                                                                                                                        
ECHO: loadb SPC            1     311       3   0.0+0                                                                                                                                                                                                                        
ECHO: loadb SPC            1     312       3   0.0+0                                                                                                                                                                                                                        
ECHO: loadb SPC            1     313       3   0.0+0                                                                                                                                                                                                                        
ECHO: loadb SPC            1     314       3   0.0+0                                                                                                                                                                                                                        
ECHO: loadb SPC            1     315       2  -1.0-1                                                                                                                                                                                                                        
ECHO: loadb SPC            1     315       3   0.0+0                                                                                                                                                                                                                        
ECHO: loadb SPC            1     316       3   0.0+0                                                                                                                                                                                                                        
ECHO: loadb SPC            1     317       2  -1.0-1                                                                                                                                                                                                                        
ECHO: loadb SPC            1     317       3   0.0+0                                                                                                                                                                                                                        
ECHO: loadb SPC            1     318       3   0.0+0                                                                                                                                                                                                                        
ECHO: loadb SPC            1     319       3   0.0+0                                                                                                                                                                                                                        
ECHO: loadb SPC            1     320       3   0.0+0                                                                                                                                                                                                                        
ECHO: loadb SPC            1     321       3   0.0+0                                                                                                                                                                                                                        
ECHO: loadb SPC            1     322       3   0.0+0                                                                                                                                                                                                                        
ECHO: loadb SPC            1     323       3   0.0+0                                                                                                                                                                                                                        
ECHO: loadb SPC            1     324       1  -1.0-1                                                                                                                                                                                                                        
ECHO: loadb SPC            1     324       3   0.0+0                                                                                                                                                                                                                        
ECHO: loadb SPC            1     325       1  -1.0-1                                                                                                                                                                                                                        
ECHO: loadb SPC            1     325       3   0.0+0                                                                                                                                                                                                                        
ECHO: loadb SPC            1     326       3   0.0+0                                                                                                                                                                                                                        
ECHO: loadb SPC            1     327       3   0.0+0                                                                                                                                                                                                                        
ECHO: loadb SPC            1     328       3   0.0+0                                                                                                                                                                                                                        
ECHO: loadb SPC            1     329       3   0.0+0                                                                                                                                                                                                                        
ECHO: loadb SPC            1     330       3   0.0+0                                                                                                                                                                                                                        
ECHO: loadb SPC            1     331       3   0.0+0                                                                                                                                                                                                                        
ECHO: loadb SPC            1     332       3   0.0+0                                                                                                                                                                                                                        
ECHO: loadb SPC            1     333       3   0.0+0                                                                                                                                                                                                                        
ECHO: loadb SPC            1     334       3   0.0+0                                                                                                                                                                                                                        
ECHO: loadb SPC            1     335       3   0.0+0                                                                                                                                                                                                                        
ECHO: loadb SPC            1     336       3   0.0+0                                                                                                                                                                                                                        
ECHO: loadb SPC            1     337       3   0.0+0                                                                                                                                                                                                                        
ECHO: loadb SPC            1     338       2  -1.0-1                                                                                                                                                                                                                        
ECHO: loadb SPC            1     338       3   0.0+0                                                                                                                                                                                                                        
ECHO: loadb SPC            1     339       3   0.0+0                                                                                                                                                                                                                        
ECHO: loadb SPC            1     340       2  -1.0-1                                                                                                                                                                                                                        
ECHO: loadb SPC            1     340       3   0.0+0                                                                                                                                                                                                                        
ECHO: loadb SPC            1     341       3   0.0+0                                                                                                                                                                                                                        
ECHO: loadb SPC            1     342       3   0.0+0                                                                                                                                                                                                                        
ECHO: loadb SPC            1     343       3   0.0+0                                                                                                                                                                                                                        
ECHO: loadb SPC            1     344       3   0.0+0                                                                                                                                                                                                                        
ECHO: loadb SPC            1     345       3   0.0+0                                                                                                                                                                                                                        
ECHO: loadb SPC            1     346       3   0.0+0                                                                                                                                                                                                                        
ECHO: loadb SPC            1     347       3   0.0+0                                                                                                                                                                                                                        
ECHO: loadb SPC            1     348       1   1.0-1                                                                                                                                                                                                                        
ECHO: loadb SPC            1     348       3   0.0+0                                                                                                                                                                                                                        
ECHO: loadb SPC            1     349       3   0.0+0                                                                                                                                                                                                                        
ECHO: loadb SPC            1     350       1   1.0-1                                                                                                                                                                                                                        
ECHO: loadb SPC            1     350       3   0.0+0                                                                                                                                                                                                                        
ECHO: loadb SPC            1     351       3   0.0+0                                                                                                                                                                                                                        
ECHO: loadb SPC            1     352       3   0.0+0                                                                                                                                                                                                                        
ECHO: loadb SPC            1     353       3   0.0+0                                                                                                                                                                                                                        
ECHO: loadb SPC            1     354       3   0.0+0                                                                                                                                                                                                                        
ECHO: loadb SPC            1     355       3   0.0+0                                                                                                                                                                                                                        
ECHO: loadb SPC            1     356       3   0.0+0                                                                                                                                                                                                                        
ECHO: loadb SPC            1     357       3   0.0+0                                                                                                                                                                                                                        
ECHO: loadb SPC            1     358       3   0.0+0                                                                                                                                                                                                                        
ECHO: loadb SPC            1     359       3   0.0+0                                                                                                                                                                                                                        
ECHO: loadb SPC            1     360       3   0.0+0                                                                                                                                                                                                                        
ECHO: loadb SPC            1     361       3   0.0+0                                                                                                                                                                                                                        
ECHO: loadb SPC            1     362       3   0.0+0                                                                                                                                                                                                                        
ECHO: loadb SPC            1     363       3   0.0+0                                                                                                                                                                                                                        
ECHO: loadb SPC            1     364       3   0.0+0                                                                                                                                                                                                                        
ECHO: loadb SPC            1     365       2   1.0-1                                                                                                                                                                                                                        
ECHO: loadb SPC            1     365       3   0.0+0                                                                                                                                                                                                                        
ECHO: loadb SPC            1     366       3   0.0+0                                                                                                                                                                                                                        
ECHO: loadb SPC            1     367       2   1.0-1                                                                                                                                                                                                                        
ECHO: loadb SPC            1     367       3   0.0+0                                                                                                                                                                                                                        
ECHO: loadb SPC            1     368       3   0.0+0                                                                                                                                                                                                                        
ECHO: loadb SPC            1     369       3   0.0+0                                                                                                                                                                                                                        
ECHO: loadb SPC            1     370       3   0.0+0                                                                                                                                                                                                                        
ECHO: loadb SPC            1     371       3   0.0+0                                                                                                                                                                                                                        
ECHO: loadb SPC            1     372       3   0.0+0                                                                                                                                                                                                                        
ECHO: loadb SPC            1     373       3   0.0+0                                                                                                                                                                                                                        
ECHO: loadb SPC            1     374       1   1.0-1                                                                                                                                                                                                                        
ECHO: loadb SPC            1     374       3   0.0+0                                                                                                                                                                                                                        
ECHO: loadb SPC            1     375       1   1.0-1                                                                                                                                                                                                                        
ECHO: loadb SPC            1     375       3   0.0+0                                                                                                                                                                                                                        
ECHO: loadb SPC            1     376       3   0.0+0                                                                                                                                                                                                                        
ECHO: loadb SPC            1     377       3   0.0+0                                                                                                                                                                                                                        
ECHO: loadb SPC            1     378       3   0.0+0                                                                                                                                                                                                                        
ECHO: loadb SPC            1     379       3   0.0+0                                                                                                                                                                                                                        
ECHO: loadb PSOLID         9       1       0       3               1                                                                                                                                                                                                        
ECHO: loadb CHEXA          1       9       1       9      11       3     163     165+                                                                                                                                                                                       
ECHO:  nextc +            167     169       6      10       7       2     162     164+                                                                                                                                                                                       
ECHO:  nextc +            166     168     276     277     278     279                                                                                                                                                                                                        
ECHO: loadb CHEXA          2       9       3      11      13       5     169     167+                                                                                                                                                                                       
ECHO:  nextc +            171     173       7      12       8       4     168     166+                                                                                                                                                                                       
ECHO:  nextc +            170     172     278     280     281     282                                                                                                                                                                                                        
ECHO: loadb CHEXA          3       9       9      17      19      11     165     175+                                                                                                                                                                                       
ECHO:  nextc +            177     167      14      18      15      10     164     174+                                                                                                                                                                                       
ECHO:  nextc +            176     166     283     284     285     277                                                                                                                                                                                                        
ECHO: loadb CHEXA          4       9      11      19      21      13     167     177+                                                                                                                                                                                       
ECHO:  nextc +            179     171      15      20      16      12     166     176+                                                                                                                                                                                       
ECHO:  nextc +            178     170     285     286     287     280                                                                                                                                                                                                        
ECHO: loadb CHEXA          5       9       5      13      32      24     173     171+                                                                                                                                                                                       
ECHO:  nextc +            181     183       8      31      28      23     172     170+                                                                                                                                                                                       
ECHO:  nextc +            180     182     281     288     289     290                                                                                                                                                                                                        
ECHO: loadb CHEXA          6       9      24      32      34      26     183     181+                                                                                                                                                                                       
ECHO:  nextc +            185     187      28      33      29      25     182     180+                                                                                                                                                                                       
ECHO:  nextc +            184     186     289     291     292     293                                                                                                                                                                                                        
ECHO: loadb CHEXA          7       9      13      21      40      32     171     179+                                                                                                                                                                                       
ECHO:  nextc +            189     181      16      39      36      31     170     178+                                                                                                                                                                                       
ECHO:  nextc +            188     180     287     294     295     288                                                                                                                                                                                                        
ECHO: loadb CHEXA          8       9      32      40     105      34     181     189+                                                                                                                                                                                       
ECHO:  nextc +            191     185      36      41     100      33     180     188+                                                                                                                                                                                       
ECHO:  nextc +            190     184     295     296     297     291                                                                                                                                                                                                        
ECHO: loadb CHEXA          9       9      43      51      53      45     193     195+                                                                                                                                                                                       
ECHO:  nextc +            197     199      48      52      49      44     192     194+                                                                                                                                                                                       
ECHO:  nextc +            196     198     298     299     300     301                                                                                                                                                                                                        
ECHO: loadb CHEXA         10       9      45      53      24      26     199     197+                                                                                                                                                                                       
ECHO:  nextc +            183     187      49      54      25      46     198     196+                                                                                                                                                                                       
ECHO:  nextc +            182     186     300     302     293     303                                                                                                                                                                                                        
ECHO: loadb CHEXA         11       9      51       1       3      53     195     163+                                                                                                                                                                                       
ECHO:  nextc +            169     197      56       2      57      52     194     162+                                                                                                                                                                                       
ECHO:  nextc +            168     196     304     279     305     299                                                                                                                                                                                                        
ECHO: loadb CHEXA         12       9      53       3       5      24     197     169+                                                                                                                                                                                       
ECHO:  nextc +            173     183      57       4      23      54     196     168+                                                                                                                                                                                       
ECHO:  nextc +            172     182     305     282     290     302                                                                                                                                                                                                        
ECHO: loadb CHEXA         13       9      72      64      66      74     201     203+                                                                                                                                                                                       
ECHO:  nextc +            205     207      69      65      70      73     200     202+                                                                                                                                                                                       
ECHO:  nextc +            204     206     306     307     308     309                                                                                                                                                                                                        
ECHO: loadb CHEXA         14       9      74      66      68      76     207     205+                                                                                                                                                                                       
ECHO:  nextc +            209     211      70      67      71      75     206     204+                                                                                                                                                                                       
ECHO:  nextc +            208     210     308     310     311     312                                                                                                                                                                                                        
ECHO: loadb CHEXA         15       9      80      72      74      82     213     201+                                                                                                                                                                                       
ECHO:  nextc +            207     215      77      73      78      81     212     200+                                                                                                                                                                                       
ECHO:  nextc +            206     214     313     309     314     315                                                                                                                                                                                                        
ECHO: loadb CHEXA         16       9      82      74      76      84     215     207+                                                                                                                                                                                       
ECHO:  nextc +            211     217      78      75      79      83     214     206+                                                                                                                                                                                       
ECHO:  nextc +            210     216     314     312     316     317                                                                                                                                                                                                        
ECHO: loadb CHEXA         17       9      76      68      87      95     211     209+                                                                                                                                                                                       
ECHO:  nextc +            219     221      71      86      91      94     210     208+                                                                                                                                                                                       
ECHO:  nextc +            218     220     311     318     319     320                                                                                                                                                                                                        
ECHO: loadb CHEXA         18       9      95      87      26      34     221     219+                                                                                                                                                                                       
ECHO:  nextc +            187     185      91      88      29      96     220     218+                                                                                                                                                                                       
ECHO:  nextc +            186     184     319     321     292     322                                                                                                                                                                                                        
ECHO: loadb CHEXA         19       9      84      76      95     103     217     211+                                                                                                                                                                                       
ECHO:  nextc +            221     223      79      94      99     102     216     210+                                                                                                                                                                                       
ECHO:  nextc +            220     222     316     320     323     324                                                                                                                                                                                                        
ECHO: loadb CHEXA         20       9     103      95      34     105     223     221+                                                                                                                                                                                       
ECHO:  nextc +            185     191      99      96     100     104     222     220+                                                                                                                                                                                       
ECHO:  nextc +            184     190     323     322     297     325                                                                                                                                                                                                        
ECHO: loadb CHEXA         21       9     114      43      45     116     225     193+                                                                                                                                                                                       
ECHO:  nextc +            199     227     111      44     112     115     224     192+                                                                                                                                                                                       
ECHO:  nextc +            198     226     326     301     327     328                                                                                                                                                                                                        
ECHO: loadb CHEXA         22       9     116      45      26      87     227     199+                                                                                                                                                                                       
ECHO:  nextc +            187     219     112      46      88     117     226     198+                                                                                                                                                                                       
ECHO:  nextc +            186     218     327     303     321     329                                                                                                                                                                                                        
ECHO: loadb CHEXA         23       9      64     114     116      66     203     225+                                                                                                                                                                                       
ECHO:  nextc +            227     205     119     115     120      65     202     224+                                                                                                                                                                                       
ECHO:  nextc +            226     204     330     328     331     307                                                                                                                                                                                                        
ECHO: loadb CHEXA         24       9      66     116      87      68     205     227+                                                                                                                                                                                       
ECHO:  nextc +            219     209     120     117      86      67     204     226+                                                                                                                                                                                       
ECHO:  nextc +            218     208     331     329     318     310                                                                                                                                                                                                        
ECHO: loadb CHEXA         25       9      64      72     137     129     203     201+                                                                                                                                                                                       
ECHO:  nextc +            229     231      69     136     133     128     202     200+                                                                                                                                                                                       
ECHO:  nextc +            228     230     306     332     333     334                                                                                                                                                                                                        
ECHO: loadb CHEXA         26       9     129     137     139     131     231     229+                                                                                                                                                                                       
ECHO:  nextc +            233     235     133     138     134     130     230     228+                                                                                                                                                                                       
ECHO:  nextc +            232     234     333     335     336     337                                                                                                                                                                                                        
ECHO: loadb CHEXA         27       9      72      80     145     137     201     213+                                                                                                                                                                                       
ECHO:  nextc +            237     229      77     144     141     136     200     212+                                                                                                                                                                                       
ECHO:  nextc +            236     228     313     338     339     332                                                                                                                                                                                                        
ECHO: loadb CHEXA         28       9     137     145     147     139     229     237+                                                                                                                                                                                       
ECHO:  nextc +            239     233     141     146     142     138     228     236+                                                                                                                                                                                       
ECHO:  nextc +            238     232     339     340     341     335                                                                                                                                                                                                        
ECHO: loadb CHEXA         29       9     131     139     158     150     235     233+                                                                                                                                                                                       
ECHO:  nextc +            241     243     134     157     154     149     234     232+                                                                                                                                                                                       
ECHO:  nextc +            240     242     336     342     343     344                                                                                                                                                                                                        
ECHO: loadb CHEXA         30       9     150     158     160     152     243     241+                                                                                                                                                                                       
ECHO:  nextc +            245     247     154     159     155     151     242     240+                                                                                                                                                                                       
ECHO:  nextc +            244     246     343     345     346     347                                                                                                                                                                                                        
ECHO: loadb CHEXA         31       9     139     147      37     158     233     239+                                                                                                                                                                                       
ECHO:  nextc +            249     241     142      35      22     157     232     238+                                                                                                                                                                                       
ECHO:  nextc +            248     240     341     348     349     342                                                                                                                                                                                                        
ECHO: loadb CHEXA         32       9     158      37      42     160     241     249+                                                                                                                                                                                       
ECHO:  nextc +            251     245      22      38      27     159     240     248+                                                                                                                                                                                       
ECHO:  nextc +            250     244     349     350     351     345                                                                                                                                                                                                        
ECHO: loadb CHEXA         33       9      43     114      89      55     193     225+                                                                                                                                                                                       
ECHO:  nextc +            253     255     111      85      61      50     192     224+                                                                                                                                                                                       
ECHO:  nextc +            252     254     326     352     353     354                                                                                                                                                                                                        
ECHO: loadb CHEXA         34       9      55      89     150     152     255     253+                                                                                                                                                                                       
ECHO:  nextc +            243     247      61      90     151      58     254     252+                                                                                                                                                                                       
ECHO:  nextc +            242     246     353     355     347     356                                                                                                                                                                                                        
ECHO: loadb CHEXA         35       9     114      64     129      89     225     203+                                                                                                                                                                                       
ECHO:  nextc +            231     253     119     128      97      85     224     202+                                                                                                                                                                                       
ECHO:  nextc +            230     252     330     334     357     352                                                                                                                                                                                                        
ECHO: loadb CHEXA         36       9      89     129     131     150     253     231+                                                                                                                                                                                       
ECHO:  nextc +            235     243      97     130     149      90     252     230+                                                                                                                                                                                       
ECHO:  nextc +            234     242     357     337     344     355                                                                                                                                                                                                        
ECHO: loadb CHEXA         37       9       9       1     118     132     165     163+                                                                                                                                                                                       
ECHO:  nextc +            257     259       6     113     124     127     164     162+                                                                                                                                                                                       
ECHO:  nextc +            256     258     276     358     359     360                                                                                                                                                                                                        
ECHO: loadb CHEXA         38       9     132     118     122     140     259     257+                                                                                                                                                                                       
ECHO:  nextc +            261     263     124     121     125     135     258     256+                                                                                                                                                                                       
ECHO:  nextc +            260     262     359     361     362     363                                                                                                                                                                                                        
ECHO: loadb CHEXA         39       9      17       9     132      30     175     165+                                                                                                                                                                                       
ECHO:  nextc +            259     265      14     127     148     161     174     164+                                                                                                                                                                                       
ECHO:  nextc +            258     264     283     360     364     365                                                                                                                                                                                                        
ECHO: loadb CHEXA         40       9      30     132     140      59     265     259+                                                                                                                                                                                       
ECHO:  nextc +            263     267     148     135     153      47     264     258+                                                                                                                                                                                       
ECHO:  nextc +            262     266     364     363     366     367                                                                                                                                                                                                        
ECHO: loadb CHEXA         41       9     140     122      63     109     263     261+                                                                                                                                                                                       
ECHO:  nextc +            269     271     125      62     101     108     262     260+                                                                                                                                                                                       
ECHO:  nextc +            268     270     362     368     369     370                                                                                                                                                                                                        
ECHO: loadb CHEXA         42       9     109      63     152     160     271     269+                                                                                                                                                                                       
ECHO:  nextc +            247     245     101      92     155     110     270     268+                                                                                                                                                                                       
ECHO:  nextc +            246     244     369     371     346     372                                                                                                                                                                                                        
ECHO: loadb CHEXA         43       9      59     140     109      98     267     263+                                                                                                                                                                                       
ECHO:  nextc +            271     273     153     108     143      93     266     262+                                                                                                                                                                                       
ECHO:  nextc +            270     272     366     370     373     374                                                                                                                                                                                                        
ECHO: loadb CHEXA         44       9      98     109     160      42     273     271+                                                                                                                                                                                       
ECHO:  nextc +            245     251     143     110      27     106     272     270+                                                                                                                                                                                       
ECHO:  nextc +            244     250     373     372     351     375                                                                                                                                                                                                        
ECHO: loadb CHEXA         45       9      51      43      55     123     195     193+                                                                                                                                                                                       
ECHO:  nextc +            255     275      48      50     126     107     194     192+                                                                                                                                                                                       
ECHO:  nextc +            254     274     298     354     376     377                                                                                                                                                                                                        
ECHO: loadb CHEXA         46       9     123      55     152      63     275     255+                                                                                                                                                                                       
ECHO:  nextc +            247     269     126      58      92     156     274     254+                                                                                                                                                                                       
ECHO:  nextc +            246     268     376     356     371     378                                                                                                                                                                                                        
ECHO: loadb CHEXA         47       9       1      51     123     118     163     195+                                                                                                                                                                                       
ECHO:  nextc +            275     257      56     107      60     113     162     194+                                                                                                                                                                                       
ECHO:  nextc +            274     256     304     377     379     358                                                                                                                                                                                                        
ECHO: loadb CHEXA         48       9     118     123      63     122     257     275+                                                                                                                                                                                       
ECHO:  nextc +            269     261      60     156      62     121     256     274+                                                                                                                                                                                       
ECHO:  nextc +            268     260     379     378     368     361                                                                                                                                                                                                        
ECHO: loadb ENDDATA                                                                                                                                                                                                                                                         




 >> LINK  0 END


 >> LINK  1 BEGIN

               DEALLOCATED  1.11E+01 MB MEMORY FROM ARRAY STF3


 *INFORMATION: AUTOSPC Summary, Stage 1 after identification of AUTOSPC's at the grid level                                                 

                                     AUTOSPC_RAT = 1.000000E-08

                       Number of DOF's identified for AUTOSPC in component  1         =            0
                       Number of DOF's identified for AUTOSPC in component  2         =            0
                       Number of DOF's identified for AUTOSPC in component  3         =            0
                       Number of DOF's identified for AUTOSPC in component  4         =          379
                       Number of DOF's identified for AUTOSPC in component  5         =          379
                       Number of DOF's identified for AUTOSPC in component  6         =          379
                                                                                        ------------
                       Total number of DOF's identified in this stage                 =         1137

               DEALLOCATED  9.10E-03 MB MEMORY FROM ARRAY STFKEY
               DEALLOCATED  1.11E+01 MB MEMORY FROM ARRAY STF3

 >> LINK  1 END


 >> LINK  2 BEGIN



 *INFORMATION: AUTOSPC Summary, Overall: after identification of all AUTOSPC's                                                               

                                     AUTOSPC_RAT = 1.000000E-08

                       Number of DOF's identified for AUTOSPC in component  1         =            0
                       Number of DOF's identified for AUTOSPC in component  2         =            0
                       Number of DOF's identified for AUTOSPC in component  3         =            0
                       Number of DOF's identified for AUTOSPC in component  4         =          379
                       Number of DOF's identified for AUTOSPC in component  5         =          379
                       Number of DOF's identified for AUTOSPC in component  6         =          379
                                                                                        ------------
                       Total number of DOF's identified overall                       =         1137


 >> LINK  2 END


 >> LINK  3 BEGIN

 SUPERLU FACTORIZATION OF MATRIX KLL SUCCEEDED IN SUBR SYM_MAT_DECOMP_SUPRLU          

 *INFORMATION: FOR INTERNAL SUBCASE NUMBER        1 EPSILON ERROR ESTIMATE            =  9.060463E-17 Based on U'*(K*U - P)/(U'*P)


 >> LINK  3 END


 >> LINK  5 BEGIN


 >> LINK  5 END


 >> LINK  9 BEGIN



 OUTPUT FOR SUBCASE        1

                                                       D I S P L A C E M E N T S
                                              (in global coordinate system at each grid)
           GRID     COORD      T1            T2            T3            R1            R2            R3
                     SYS
              1        0 -6.381947E-17  5.000000E-02 -3.591926E-17  0.0           0.0           0.0         
              2        0 -8.838835E-03  4.633883E-02  6.746577E-17  0.0           0.0           0.0         
              3        0 -1.767767E-02  4.267767E-02  9.628580E-17  0.0           0.0           0.0         
              4        0 -2.651650E-02  3.901650E-02  8.424022E-17  0.0           0.0           0.0         
              5        0 -3.535534E-02  3.535534E-02 -1.853259E-17  0.0           0.0           0.0         
              6        0 -9.344220E-17  6.250000E-02 -1.668711E-17  0.0           0.0           0.0         
              7        0 -2.282534E-02  5.510524E-02  2.343220E-16  0.0           0.0           0.0         
              8        0 -4.419417E-02  4.419417E-02  1.635365E-17  0.0           0.0           0.0         
              9        0 -8.394974E-17  7.500000E-02 -2.776078E-18  0.0           0.0           0.0         
             10        0 -1.417393E-02  7.220868E-02 -2.733645E-16  0.0           0.0           0.0         
             11        0 -2.797301E-02  6.753281E-02 -4.724196E-16  0.0           0.0           0.0         
             12        0 -4.103676E-02  6.108173E-02 -3.382626E-16  0.0           0.0           0.0         
             13        0 -5.303301E-02  5.303301E-02  1.813981E-17  0.0           0.0           0.0         
             14        0 -1.426686E-16  8.750000E-02  1.971481E-17  0.0           0.0           0.0         
             15        0 -3.312067E-02  7.996038E-02 -8.444900E-16  0.0           0.0           0.0         
             16        0 -6.187184E-02  6.187184E-02 -1.707507E-17  0.0           0.0           0.0         
             17        0 -1.366477E-16  1.000000E-01  3.903546E-17  0.0           0.0           0.0         
             18        1  2.976536E-15  1.000000E-01  1.799640E-15  0.0           0.0           0.0         
             19        2 -1.125103E-14  1.000000E-01  3.511454E-15  0.0           0.0           0.0         
             20        3 -1.445615E-14  1.000000E-01  1.778089E-15  0.0           0.0           0.0         
             21        4 -2.673552E-16  1.000000E-01 -6.606998E-17  0.0           0.0           0.0         
             22        0  7.996038E-02 -3.312067E-02  8.275492E-16  0.0           0.0           0.0         
             23        0 -3.901650E-02  2.651650E-02 -1.125896E-16  0.0           0.0           0.0         
             24        0 -4.267767E-02  1.767767E-02 -1.076561E-16  0.0           0.0           0.0         
             25        0 -4.633883E-02  8.838835E-03 -8.244322E-17  0.0           0.0           0.0         
             26        0 -5.000000E-02 -6.604429E-17  1.634960E-17  0.0           0.0           0.0         
             27        0  8.750000E-02 -6.466883E-17  1.775065E-17  0.0           0.0           0.0         
             28        0 -5.510524E-02  2.282534E-02 -2.414617E-16  0.0           0.0           0.0         
             29        0 -6.250000E-02 -7.532373E-17  1.278352E-17  0.0           0.0           0.0         
             30        5  1.100616E-14  1.000000E-01 -3.525903E-15  0.0           0.0           0.0         
             31        0 -6.108173E-02  4.103676E-02  3.535336E-16  0.0           0.0           0.0         
             32        0 -6.753281E-02  2.797301E-02  4.681716E-16  0.0           0.0           0.0         
             33        0 -7.220868E-02  1.417393E-02  2.873174E-16  0.0           0.0           0.0         
             34        0 -7.500000E-02 -7.466821E-17 -4.597818E-18  0.0           0.0           0.0         
             35        6  1.000000E-01 -1.419104E-14 -1.805484E-15  0.0           0.0           0.0         
             36        0 -7.996038E-02  3.312067E-02  8.368337E-16  0.0           0.0           0.0         
             37        5  1.000000E-01 -1.112832E-14 -3.521842E-15  0.0           0.0           0.0         
             38        7  1.000000E-01  3.113916E-15 -1.810482E-15  0.0           0.0           0.0         
             39        6 -1.000000E-01  1.400868E-14 -1.803726E-15  0.0           0.0           0.0         
             40        5 -1.000000E-01  1.099291E-14 -3.527353E-15  0.0           0.0           0.0         
             41        7 -1.000000E-01 -3.195669E-15 -1.806264E-15  0.0           0.0           0.0         
             42        0  1.000000E-01 -4.021804E-17  1.214614E-17  0.0           0.0           0.0         
             43        0 -7.804124E-18 -8.567587E-17  8.461695E-18  0.0           0.0           0.0         
             44        0 -1.250000E-02 -9.320381E-17  1.723632E-18  0.0           0.0           0.0         
             45        0 -2.500000E-02 -8.597798E-17 -6.882326E-18  0.0           0.0           0.0         
             46        0 -3.750000E-02 -8.307091E-17 -2.722564E-18  0.0           0.0           0.0         
             47        6  1.424555E-14  1.000000E-01 -1.787306E-15  0.0           0.0           0.0         
             48        0 -3.521076E-17  1.250000E-02 -2.011673E-18  0.0           0.0           0.0         
             49        0 -2.316942E-02  1.066942E-02  2.748760E-17  0.0           0.0           0.0         
             50        0  1.250000E-02 -8.883205E-17  8.520454E-18  0.0           0.0           0.0         
             51        0 -6.363605E-17  2.500000E-02 -1.103132E-17  0.0           0.0           0.0         
             52        0 -1.066942E-02  2.316942E-02 -5.079685E-17  0.0           0.0           0.0         
             53        0 -2.133883E-02  2.133883E-02 -1.574153E-17  0.0           0.0           0.0         
             54        0 -3.200825E-02  1.950825E-02  1.734183E-18  0.0           0.0           0.0         
             55        0  2.500000E-02 -7.766315E-17  5.885944E-18  0.0           0.0           0.0         
             56        0 -5.800016E-17  3.750000E-02 -2.605791E-17  0.0           0.0           0.0         
             57        0 -1.950825E-02  3.200825E-02 -2.963395E-17  0.0           0.0           0.0         
             58        0  3.750000E-02 -8.200395E-17  5.042774E-18  0.0           0.0           0.0         
             59        8  4.448460E-17  1.000000E-01  1.138125E-17  0.0           0.0           0.0         
             60        0  1.950825E-02  3.200825E-02  3.562775E-17  0.0           0.0           0.0         
             61        0  2.316942E-02 -1.066942E-02  2.608588E-17  0.0           0.0           0.0         
             62        0  3.901650E-02  2.651650E-02  1.061430E-16  0.0           0.0           0.0         
             63        0  4.267767E-02  1.767767E-02  1.083841E-16  0.0           0.0           0.0         
             64        0  5.674173E-17 -5.000000E-02 -3.865891E-19  0.0           0.0           0.0         
             65        0 -8.838835E-03 -4.633883E-02 -9.769833E-17  0.0           0.0           0.0         
             66        0 -1.767767E-02 -4.267767E-02 -9.821779E-17  0.0           0.0           0.0         
             67        0 -2.651650E-02 -3.901650E-02 -8.949993E-17  0.0           0.0           0.0         
             68        0 -3.535534E-02 -3.535534E-02  1.285984E-17  0.0           0.0           0.0         
             69        0  5.845787E-17 -6.250000E-02 -1.600834E-17  0.0           0.0           0.0         
             70        0 -2.282534E-02 -5.510524E-02 -2.367674E-16  0.0           0.0           0.0         
             71        0 -4.419417E-02 -4.419417E-02  3.325631E-17  0.0           0.0           0.0         
             72        0  4.407109E-17 -7.500000E-02 -2.005357E-17  0.0           0.0           0.0         
             73        0 -1.417393E-02 -7.220868E-02  2.897038E-16  0.0           0.0           0.0         
             74        0 -2.797301E-02 -6.753281E-02  4.617579E-16  0.0           0.0           0.0         
             75        0 -4.103676E-02 -6.108173E-02  3.573735E-16  0.0           0.0           0.0         
             76        0 -5.303301E-02 -5.303301E-02  3.638206E-17  0.0           0.0           0.0         
             77        0  1.011325E-16 -8.750000E-02  9.272883E-19  0.0           0.0           0.0         
             78        0 -3.312067E-02 -7.996038E-02  8.284619E-16  0.0           0.0           0.0         
             79        0 -6.187184E-02 -6.187184E-02  7.459455E-18  0.0           0.0           0.0         
             80        0  1.252616E-16 -1.000000E-01  8.517927E-18  0.0           0.0           0.0         
             81        7  3.342157E-15 -1.000000E-01 -1.818621E-15  0.0           0.0           0.0         
             82        5 -1.079282E-14 -1.000000E-01 -3.549329E-15  0.0           0.0           0.0         
             83        6 -1.404651E-14 -1.000000E-01 -1.775043E-15  0.0           0.0           0.0         
             84        8  1.511030E-16 -1.000000E-01 -1.720935E-17  0.0           0.0           0.0         
             85        0  1.066942E-02 -2.316942E-02 -3.673761E-17  0.0           0.0           0.0         
             86        0 -3.901650E-02 -2.651650E-02  9.994791E-17  0.0           0.0           0.0         
             87        0 -4.267767E-02 -1.767767E-02  9.602668E-17  0.0           0.0           0.0         
             88        0 -4.633883E-02 -8.838835E-03  8.307392E-17  0.0           0.0           0.0         
             89        0  2.133883E-02 -2.133883E-02 -4.748170E-18  0.0           0.0           0.0         
             90        0  3.200825E-02 -1.950825E-02  2.162128E-17  0.0           0.0           0.0         
             91        0 -5.510524E-02 -2.282534E-02  2.165900E-16  0.0           0.0           0.0         
             92        0  4.633883E-02  8.838835E-03  9.725070E-17  0.0           0.0           0.0         
             93        3  1.000000E-01  1.409604E-14  1.790615E-15  0.0           0.0           0.0         
             94        0 -6.108173E-02 -4.103676E-02 -3.365558E-16  0.0           0.0           0.0         
             95        0 -6.753281E-02 -2.797301E-02 -4.818471E-16  0.0           0.0           0.0         
             96        0 -7.220868E-02 -1.417393E-02 -2.950099E-16  0.0           0.0           0.0         
             97        0  1.950825E-02 -3.200825E-02 -4.944866E-18  0.0           0.0           0.0         
             98        2  1.000000E-01  1.089072E-14  3.464046E-15  0.0           0.0           0.0         
             99        0 -7.996038E-02 -3.312067E-02 -8.388129E-16  0.0           0.0           0.0         
            100        0 -8.750000E-02 -4.738732E-17  1.757587E-17  0.0           0.0           0.0         
            101        0  5.510524E-02  2.282534E-02  2.204866E-16  0.0           0.0           0.0         
            102        3 -1.000000E-01 -1.430945E-14  1.811243E-15  0.0           0.0           0.0         
            103        2 -1.000000E-01 -1.113419E-14  3.493881E-15  0.0           0.0           0.0         
            104        1 -1.000000E-01  3.089985E-15  1.772208E-15  0.0           0.0           0.0         
            105        0 -1.000000E-01 -4.854230E-17  2.135304E-17  0.0           0.0           0.0         
            106        1  1.000000E-01 -3.266980E-15  1.777217E-15  0.0           0.0           0.0         
            107        0  1.066942E-02  2.316942E-02  4.845599E-17  0.0           0.0           0.0         
            108        0  6.108173E-02  4.103676E-02 -3.372347E-16  0.0           0.0           0.0         
            109        0  6.753281E-02  2.797301E-02 -4.730239E-16  0.0           0.0           0.0         
            110        0  7.220868E-02  1.417393E-02 -2.922278E-16  0.0           0.0           0.0         
            111        0  2.020057E-17 -1.250000E-02  4.142897E-18  0.0           0.0           0.0         
            112        0 -2.316942E-02 -1.066942E-02 -3.350575E-17  0.0           0.0           0.0         
            113        0  8.838835E-03  4.633883E-02 -8.846694E-17  0.0           0.0           0.0         
            114        0  5.739608E-17 -2.500000E-02  5.657669E-18  0.0           0.0           0.0         
            115        0 -1.066942E-02 -2.316942E-02  4.170644E-17  0.0           0.0           0.0         
            116        0 -2.133883E-02 -2.133883E-02 -6.567736E-18  0.0           0.0           0.0         
            117        0 -3.200825E-02 -1.950825E-02 -3.525222E-17  0.0           0.0           0.0         
            118        0  1.767767E-02  4.267767E-02 -5.501828E-17  0.0           0.0           0.0         
            119        0  6.349415E-17 -3.750000E-02 -6.079516E-18  0.0           0.0           0.0         
            120        0 -1.950825E-02 -3.200825E-02  1.184526E-17  0.0           0.0           0.0         
            121        0  2.651650E-02  3.901650E-02 -8.312673E-17  0.0           0.0           0.0         
            122        0  3.535534E-02  3.535534E-02  1.796590E-18  0.0           0.0           0.0         
            123        0  2.133883E-02  2.133883E-02  8.244577E-18  0.0           0.0           0.0         
            124        0  2.282534E-02  5.510524E-02 -2.338506E-16  0.0           0.0           0.0         
            125        0  4.419417E-02  4.419417E-02  8.422013E-18  0.0           0.0           0.0         
            126        0  2.316942E-02  1.066942E-02 -3.079218E-17  0.0           0.0           0.0         
            127        0  1.417393E-02  7.220868E-02  2.721765E-16  0.0           0.0           0.0         
            128        0  8.838835E-03 -4.633883E-02  1.018162E-16  0.0           0.0           0.0         
            129        0  1.767767E-02 -4.267767E-02  1.086786E-16  0.0           0.0           0.0         
            130        0  2.651650E-02 -3.901650E-02  9.797755E-17  0.0           0.0           0.0         
            131        0  3.535534E-02 -3.535534E-02  2.928472E-18  0.0           0.0           0.0         
            132        0  2.797301E-02  6.753281E-02  4.505114E-16  0.0           0.0           0.0         
            133        0  2.282534E-02 -5.510524E-02  2.286097E-16  0.0           0.0           0.0         
            134        0  4.419417E-02 -4.419417E-02 -1.020054E-17  0.0           0.0           0.0         
            135        0  4.103676E-02  6.108173E-02  3.676437E-16  0.0           0.0           0.0         
            136        0  1.417393E-02 -7.220868E-02 -3.152997E-16  0.0           0.0           0.0         
            137        0  2.797301E-02 -6.753281E-02 -4.699428E-16  0.0           0.0           0.0         
            138        0  4.103676E-02 -6.108173E-02 -3.304882E-16  0.0           0.0           0.0         
            139        0  5.303301E-02 -5.303301E-02 -3.327015E-18  0.0           0.0           0.0         
            140        0  5.303301E-02  5.303301E-02  3.581014E-17  0.0           0.0           0.0         
            141        0  3.312067E-02 -7.996038E-02 -8.467449E-16  0.0           0.0           0.0         
            142        0  6.187184E-02 -6.187184E-02 -9.740144E-18  0.0           0.0           0.0         
            143        0  7.996038E-02  3.312067E-02 -8.369551E-16  0.0           0.0           0.0         
            144        1 -3.138461E-15 -1.000000E-01  1.808366E-15  0.0           0.0           0.0         
            145        2  1.091162E-14 -1.000000E-01  3.545904E-15  0.0           0.0           0.0         
            146        3  1.419563E-14 -1.000000E-01  1.783997E-15  0.0           0.0           0.0         
            147        4  1.134913E-16 -1.000000E-01 -1.057361E-16  0.0           0.0           0.0         
            148        0  3.312067E-02  7.996038E-02  8.250789E-16  0.0           0.0           0.0         
            149        0  3.901650E-02 -2.651650E-02 -8.077170E-17  0.0           0.0           0.0         
            150        0  4.267767E-02 -1.767767E-02 -9.854252E-17  0.0           0.0           0.0         
            151        0  4.633883E-02 -8.838835E-03 -9.294086E-17  0.0           0.0           0.0         
            152        0  5.000000E-02 -9.132081E-17  9.145646E-18  0.0           0.0           0.0         
            153        0  6.187184E-02  6.187184E-02  1.814231E-17  0.0           0.0           0.0         
            154        0  5.510524E-02 -2.282534E-02 -2.388953E-16  0.0           0.0           0.0         
            155        0  6.250000E-02 -8.196950E-17  1.284828E-17  0.0           0.0           0.0         
            156        0  3.200825E-02  1.950825E-02 -1.713519E-17  0.0           0.0           0.0         
            157        0  6.108173E-02 -4.103676E-02  3.379882E-16  0.0           0.0           0.0         
            158        0  6.753281E-02 -2.797301E-02  4.669196E-16  0.0           0.0           0.0         
            159        0  7.220868E-02 -1.417393E-02  2.919370E-16  0.0           0.0           0.0         
            160        0  7.500000E-02 -6.609237E-17  8.742667E-18  0.0           0.0           0.0         
            161        7 -3.271622E-15  1.000000E-01 -1.793301E-15  0.0           0.0           0.0         
            162        0 -8.547262E-17  5.000000E-02 -2.591710E-17  0.0           0.0           0.0         
            163        0 -9.379365E-17  5.000000E-02  0.0           0.0           0.0           0.0         
            164        0 -1.211469E-16  7.500000E-02 -4.704339E-18  0.0           0.0           0.0         
            165        0 -1.334057E-16  7.500000E-02  0.0           0.0           0.0           0.0         
            166        0 -2.797301E-02  6.753281E-02 -1.775926E-16  0.0           0.0           0.0         
            167        0 -2.797301E-02  6.753281E-02  0.0           0.0           0.0           0.0         
            168        0 -1.767767E-02  4.267767E-02  8.409321E-18  0.0           0.0           0.0         
            169        0 -1.767767E-02  4.267767E-02  0.0           0.0           0.0           0.0         
            170        0 -5.303301E-02  5.303301E-02  1.091161E-17  0.0           0.0           0.0         
            171        0 -5.303301E-02  5.303301E-02  0.0           0.0           0.0           0.0         
            172        0 -3.535534E-02  3.535534E-02 -6.463361E-18  0.0           0.0           0.0         
            173        0 -3.535534E-02  3.535534E-02  0.0           0.0           0.0           0.0         
            174        0 -1.691561E-16  1.000000E-01  2.504158E-17  0.0           0.0           0.0         
            175        0 -2.057022E-16  1.000000E-01  0.0           0.0           0.0           0.0         
            176        2 -1.752602E-14  1.000000E-01  1.693732E-15  0.0           0.0           0.0         
            177        2 -1.414570E-14  1.000000E-01  0.0           0.0           0.0           0.0         
            178        4 -2.347517E-16  1.000000E-01 -3.271371E-17  0.0           0.0           0.0         
            179        8 -1.000000E-01 -2.593570E-16  0.0           0.0           0.0           0.0         
            180        0 -6.753281E-02  2.797301E-02  1.775871E-16  0.0           0.0           0.0         
            181        0 -6.753281E-02  2.797301E-02  0.0           0.0           0.0           0.0         
            182        0 -4.267767E-02  1.767767E-02 -2.086008E-17  0.0           0.0           0.0         
            183        0 -4.267767E-02  1.767767E-02  0.0           0.0           0.0           0.0         
            184        0 -7.500000E-02 -6.397159E-17 -1.228519E-18  0.0           0.0           0.0         
            185        0 -7.500000E-02 -5.957558E-17  0.0           0.0           0.0           0.0         
            186        0 -5.000000E-02 -8.585344E-17  7.609052E-18  0.0           0.0           0.0         
            187        0 -5.000000E-02 -9.719467E-17  0.0           0.0           0.0           0.0         
            188        5 -1.000000E-01  1.723787E-14 -1.706032E-15  0.0           0.0           0.0         
            189        5 -1.000000E-01  1.379950E-14  0.0           0.0           0.0           0.0         
            190        0 -1.000000E-01 -3.999049E-17  7.777272E-18  0.0           0.0           0.0         
            191        0 -1.000000E-01 -7.555108E-18  0.0           0.0           0.0           0.0         
            192        0 -4.022208E-18 -8.595413E-17  4.280312E-18  0.0           0.0           0.0         
            193        0 -1.021233E-17 -9.101422E-17  0.0           0.0           0.0           0.0         
            194        0 -4.934469E-17  2.500000E-02 -3.838060E-18  0.0           0.0           0.0         
            195        0 -4.953684E-17  2.500000E-02  0.0           0.0           0.0           0.0         
            196        0 -2.133883E-02  2.133883E-02 -9.887033E-18  0.0           0.0           0.0         
            197        0 -2.133883E-02  2.133883E-02  0.0           0.0           0.0           0.0         
            198        0 -2.500000E-02 -7.409580E-17 -3.835523E-18  0.0           0.0           0.0         
            199        0 -2.500000E-02 -6.257065E-17  0.0           0.0           0.0           0.0         
            200        0  7.241353E-17 -7.500000E-02 -1.536363E-17  0.0           0.0           0.0         
            201        0  8.155724E-17 -7.500000E-02  0.0           0.0           0.0           0.0         
            202        0  7.000168E-17 -5.000000E-02 -3.901480E-19  0.0           0.0           0.0         
            203        0  7.136182E-17 -5.000000E-02  0.0           0.0           0.0           0.0         
            204        0 -1.767767E-02 -4.267767E-02 -1.508983E-17  0.0           0.0           0.0         
            205        0 -1.767767E-02 -4.267767E-02  0.0           0.0           0.0           0.0         
            206        0 -2.797301E-02 -6.753281E-02  1.727762E-16  0.0           0.0           0.0         
            207        0 -2.797301E-02 -6.753281E-02  0.0           0.0           0.0           0.0         
            208        0 -3.535534E-02 -3.535534E-02  5.956997E-19  0.0           0.0           0.0         
            209        0 -3.535534E-02 -3.535534E-02  0.0           0.0           0.0           0.0         
            210        0 -5.303301E-02 -5.303301E-02  2.937056E-17  0.0           0.0           0.0         
            211        0 -5.303301E-02 -5.303301E-02  0.0           0.0           0.0           0.0         
            212        0  1.218028E-16 -1.000000E-01  5.069553E-18  0.0           0.0           0.0         
            213        0  1.465942E-16 -1.000000E-01  0.0           0.0           0.0           0.0         
            214        5 -1.710201E-14 -1.000000E-01 -1.714826E-15  0.0           0.0           0.0         
            215        5 -1.370128E-14 -1.000000E-01  0.0           0.0           0.0           0.0         
            216        8  1.501783E-16 -1.000000E-01 -9.338159E-18  0.0           0.0           0.0         
            217        4 -1.000000E-01 -1.505568E-16  0.0           0.0           0.0           0.0         
            218        0 -4.267767E-02 -1.767767E-02  1.175892E-17  0.0           0.0           0.0         
            219        0 -4.267767E-02 -1.767767E-02  0.0           0.0           0.0           0.0         
            220        0 -6.753281E-02 -2.797301E-02 -1.898172E-16  0.0           0.0           0.0         
            221        0 -6.753281E-02 -2.797301E-02  0.0           0.0           0.0           0.0         
            222        2 -1.000000E-01 -1.736052E-14  1.689608E-15  0.0           0.0           0.0         
            223        2 -1.000000E-01 -1.392936E-14  0.0           0.0           0.0           0.0         
            224        0  3.856295E-17 -2.500000E-02  4.525605E-18  0.0           0.0           0.0         
            225        0  3.766971E-17 -2.500000E-02  0.0           0.0           0.0           0.0         
            226        0 -2.133883E-02 -2.133883E-02 -5.696638E-18  0.0           0.0           0.0         
            227        0 -2.133883E-02 -2.133883E-02  0.0           0.0           0.0           0.0         
            228        0  2.797301E-02 -6.753281E-02 -1.821715E-16  0.0           0.0           0.0         
            229        0  2.797301E-02 -6.753281E-02  0.0           0.0           0.0           0.0         
            230        0  1.767767E-02 -4.267767E-02  1.924285E-17  0.0           0.0           0.0         
            231        0  1.767767E-02 -4.267767E-02  0.0           0.0           0.0           0.0         
            232        0  5.303301E-02 -5.303301E-02  5.053273E-18  0.0           0.0           0.0         
            233        0  5.303301E-02 -5.303301E-02  0.0           0.0           0.0           0.0         
            234        0  3.535534E-02 -3.535534E-02  2.087820E-18  0.0           0.0           0.0         
            235        0  3.535534E-02 -3.535534E-02  0.0           0.0           0.0           0.0         
            236        2  1.726088E-14 -1.000000E-01  1.714826E-15  0.0           0.0           0.0         
            237        2  1.387341E-14 -1.000000E-01  0.0           0.0           0.0           0.0         
            238        4  3.852503E-18 -1.000000E-01 -5.413711E-17  0.0           0.0           0.0         
            239        8  1.000000E-01 -4.174482E-17  0.0           0.0           0.0           0.0         
            240        0  6.753281E-02 -2.797301E-02  1.755599E-16  0.0           0.0           0.0         
            241        0  6.753281E-02 -2.797301E-02  0.0           0.0           0.0           0.0         
            242        0  4.267767E-02 -1.767767E-02 -1.584781E-17  0.0           0.0           0.0         
            243        0  4.267767E-02 -1.767767E-02  0.0           0.0           0.0           0.0         
            244        0  7.500000E-02 -7.324034E-17  7.487883E-18  0.0           0.0           0.0         
            245        0  7.500000E-02 -7.881188E-17  0.0           0.0           0.0           0.0         
            246        0  5.000000E-02 -8.357912E-17  7.943496E-18  0.0           0.0           0.0         
            247        0  5.000000E-02 -7.372301E-17  0.0           0.0           0.0           0.0         
            248        5  1.000000E-01 -1.736981E-14 -1.702087E-15  0.0           0.0           0.0         
            249        5  1.000000E-01 -1.394324E-14  0.0           0.0           0.0           0.0         
            250        0  1.000000E-01 -6.697828E-17  2.726739E-19  0.0           0.0           0.0         
            251        0  1.000000E-01 -1.034372E-16  0.0           0.0           0.0           0.0         
            252        0  2.133883E-02 -2.133883E-02  1.918943E-18  0.0           0.0           0.0         
            253        0  2.133883E-02 -2.133883E-02  0.0           0.0           0.0           0.0         
            254        0  2.500000E-02 -8.859460E-17  1.779966E-18  0.0           0.0           0.0         
            255        0  2.500000E-02 -9.993965E-17  0.0           0.0           0.0           0.0         
            256        0  1.767767E-02  4.267767E-02  1.783912E-17  0.0           0.0           0.0         
            257        0  1.767767E-02  4.267767E-02  0.0           0.0           0.0           0.0         
            258        0  2.797301E-02  6.753281E-02  1.635670E-16  0.0           0.0           0.0         
            259        0  2.797301E-02  6.753281E-02  0.0           0.0           0.0           0.0         
            260        0  3.535534E-02  3.535534E-02 -9.608582E-18  0.0           0.0           0.0         
            261        0  3.535534E-02  3.535534E-02  0.0           0.0           0.0           0.0         
            262        0  5.303301E-02  5.303301E-02  2.804546E-17  0.0           0.0           0.0         
            263        0  5.303301E-02  5.303301E-02  0.0           0.0           0.0           0.0         
            264        5  1.726209E-14  1.000000E-01 -1.703579E-15  0.0           0.0           0.0         
            265        5  1.386490E-14  1.000000E-01  0.0           0.0           0.0           0.0         
            266        8  5.814590E-17  1.000000E-01  4.946081E-18  0.0           0.0           0.0         
            267        4  1.000000E-01 -4.821167E-17  0.0           0.0           0.0           0.0         
            268        0  4.267767E-02  1.767767E-02  1.892779E-17  0.0           0.0           0.0         
            269        0  4.267767E-02  1.767767E-02  0.0           0.0           0.0           0.0         
            270        0  6.753281E-02  2.797301E-02 -1.833873E-16  0.0           0.0           0.0         
            271        0  6.753281E-02  2.797301E-02  0.0           0.0           0.0           0.0         
            272        2  1.000000E-01  1.710425E-14  1.673400E-15  0.0           0.0           0.0         
            273        2  1.000000E-01  1.362416E-14  0.0           0.0           0.0           0.0         
            274        0  2.133883E-02  2.133883E-02  4.904138E-18  0.0           0.0           0.0         
            275        0  2.133883E-02  2.133883E-02  0.0           0.0           0.0           0.0         
            276        0 -1.044823E-16  6.250000E-02  0.0           0.0           0.0           0.0         
            277        0 -1.417393E-02  7.220868E-02  0.0           0.0           0.0           0.0         
            278        0 -2.282534E-02  5.510524E-02  0.0           0.0           0.0           0.0         
            279        0 -8.838835E-03  4.633883E-02  0.0           0.0           0.0           0.0         
            280        0 -4.103676E-02  6.108173E-02  0.0           0.0           0.0           0.0         
            281        0 -4.419417E-02  4.419417E-02  0.0           0.0           0.0           0.0         
            282        0 -2.651650E-02  3.901650E-02  0.0           0.0           0.0           0.0         
            283        0 -1.650173E-16  8.750000E-02  0.0           0.0           0.0           0.0         
            284        1  1.322900E-15  1.000000E-01  0.0           0.0           0.0           0.0         
            285        0 -3.312067E-02  7.996038E-02  0.0           0.0           0.0           0.0         
            286        3 -1.606461E-14  1.000000E-01  0.0           0.0           0.0           0.0         
            287        0 -6.187184E-02  6.187184E-02  0.0           0.0           0.0           0.0         
            288        0 -6.108173E-02  4.103676E-02  0.0           0.0           0.0           0.0         
            289        0 -5.510524E-02  2.282534E-02  0.0           0.0           0.0           0.0         
            290        0 -3.901650E-02  2.651650E-02  0.0           0.0           0.0           0.0         
            291        0 -7.220868E-02  1.417393E-02  0.0           0.0           0.0           0.0         
            292        0 -6.250000E-02 -7.360880E-17  0.0           0.0           0.0           0.0         
            293        0 -4.633883E-02  8.838835E-03  0.0           0.0           0.0           0.0         
            294        6 -1.000000E-01  1.562315E-14  0.0           0.0           0.0           0.0         
            295        0 -7.996038E-02  3.312067E-02  0.0           0.0           0.0           0.0         
            296        7 -1.000000E-01 -1.574404E-15  0.0           0.0           0.0           0.0         
            297        0 -8.750000E-02 -2.935120E-17  0.0           0.0           0.0           0.0         
            298        0 -3.387742E-17  1.250000E-02  0.0           0.0           0.0           0.0         
            299        0 -1.066942E-02  2.316942E-02  0.0           0.0           0.0           0.0         
            300        0 -2.316942E-02  1.066942E-02  0.0           0.0           0.0           0.0         
            301        0 -1.250000E-02 -7.676387E-17  0.0           0.0           0.0           0.0         
            302        0 -3.200825E-02  1.950825E-02  0.0           0.0           0.0           0.0         
            303        0 -3.750000E-02 -7.319965E-17  0.0           0.0           0.0           0.0         
            304        0 -7.386229E-17  3.750000E-02  0.0           0.0           0.0           0.0         
            305        0 -1.950825E-02  3.200825E-02  0.0           0.0           0.0           0.0         
            306        0  7.909192E-17 -6.250000E-02  0.0           0.0           0.0           0.0         
            307        0 -8.838835E-03 -4.633883E-02  0.0           0.0           0.0           0.0         
            308        0 -2.282534E-02 -5.510524E-02  0.0           0.0           0.0           0.0         
            309        0 -1.417393E-02 -7.220868E-02  0.0           0.0           0.0           0.0         
            310        0 -2.651650E-02 -3.901650E-02  0.0           0.0           0.0           0.0         
            311        0 -4.419417E-02 -4.419417E-02  0.0           0.0           0.0           0.0         
            312        0 -4.103676E-02 -6.108173E-02  0.0           0.0           0.0           0.0         
            313        0  1.210822E-16 -8.750000E-02  0.0           0.0           0.0           0.0         
            314        0 -3.312067E-02 -7.996038E-02  0.0           0.0           0.0           0.0         
            315        7  1.711971E-15 -1.000000E-01  0.0           0.0           0.0           0.0         
            316        0 -6.187184E-02 -6.187184E-02  0.0           0.0           0.0           0.0         
            317        6 -1.566084E-14 -1.000000E-01  0.0           0.0           0.0           0.0         
            318        0 -3.901650E-02 -2.651650E-02  0.0           0.0           0.0           0.0         
            319        0 -5.510524E-02 -2.282534E-02  0.0           0.0           0.0           0.0         
            320        0 -6.108173E-02 -4.103676E-02  0.0           0.0           0.0           0.0         
            321        0 -4.633883E-02 -8.838835E-03  0.0           0.0           0.0           0.0         
            322        0 -7.220868E-02 -1.417393E-02  0.0           0.0           0.0           0.0         
            323        0 -7.996038E-02 -3.312067E-02  0.0           0.0           0.0           0.0         
            324        3 -1.000000E-01 -1.593336E-14  0.0           0.0           0.0           0.0         
            325        1 -1.000000E-01  1.504013E-15  0.0           0.0           0.0           0.0         
            326        0  1.782843E-17 -1.250000E-02  0.0           0.0           0.0           0.0         
            327        0 -2.316942E-02 -1.066942E-02  0.0           0.0           0.0           0.0         
            328        0 -1.066942E-02 -2.316942E-02  0.0           0.0           0.0           0.0         
            329        0 -3.200825E-02 -1.950825E-02  0.0           0.0           0.0           0.0         
            330        0  5.011018E-17 -3.750000E-02  0.0           0.0           0.0           0.0         
            331        0 -1.950825E-02 -3.200825E-02  0.0           0.0           0.0           0.0         
            332        0  1.417393E-02 -7.220868E-02  0.0           0.0           0.0           0.0         
            333        0  2.282534E-02 -5.510524E-02  0.0           0.0           0.0           0.0         
            334        0  8.838835E-03 -4.633883E-02  0.0           0.0           0.0           0.0         
            335        0  4.103676E-02 -6.108173E-02  0.0           0.0           0.0           0.0         
            336        0  4.419417E-02 -4.419417E-02  0.0           0.0           0.0           0.0         
            337        0  2.651650E-02 -3.901650E-02  0.0           0.0           0.0           0.0         
            338        1 -1.496813E-15 -1.000000E-01  0.0           0.0           0.0           0.0         
            339        0  3.312067E-02 -7.996038E-02  0.0           0.0           0.0           0.0         
            340        3  1.581129E-14 -1.000000E-01  0.0           0.0           0.0           0.0         
            341        0  6.187184E-02 -6.187184E-02  0.0           0.0           0.0           0.0         
            342        0  6.108173E-02 -4.103676E-02  0.0           0.0           0.0           0.0         
            343        0  5.510524E-02 -2.282534E-02  0.0           0.0           0.0           0.0         
            344        0  3.901650E-02 -2.651650E-02  0.0           0.0           0.0           0.0         
            345        0  7.220868E-02 -1.417393E-02  0.0           0.0           0.0           0.0         
            346        0  6.250000E-02 -7.572940E-17  0.0           0.0           0.0           0.0         
            347        0  4.633883E-02 -8.838835E-03  0.0           0.0           0.0           0.0         
            348        6  1.000000E-01 -1.582821E-14  0.0           0.0           0.0           0.0         
            349        0  7.996038E-02 -3.312067E-02  0.0           0.0           0.0           0.0         
            350        7  1.000000E-01  1.476327E-15  0.0           0.0           0.0           0.0         
            351        0  8.750000E-02 -9.439279E-17  0.0           0.0           0.0           0.0         
            352        0  1.066942E-02 -2.316942E-02  0.0           0.0           0.0           0.0         
            353        0  2.316942E-02 -1.066942E-02  0.0           0.0           0.0           0.0         
            354        0  1.250000E-02 -8.942228E-17  0.0           0.0           0.0           0.0         
            355        0  3.200825E-02 -1.950825E-02  0.0           0.0           0.0           0.0         
            356        0  3.750000E-02 -8.665055E-17  0.0           0.0           0.0           0.0         
            357        0  1.950825E-02 -3.200825E-02  0.0           0.0           0.0           0.0         
            358        0  8.838835E-03  4.633883E-02  0.0           0.0           0.0           0.0         
            359        0  2.282534E-02  5.510524E-02  0.0           0.0           0.0           0.0         
            360        0  1.417393E-02  7.220868E-02  0.0           0.0           0.0           0.0         
            361        0  2.651650E-02  3.901650E-02  0.0           0.0           0.0           0.0         
            362        0  4.419417E-02  4.419417E-02  0.0           0.0           0.0           0.0         
            363        0  4.103676E-02  6.108173E-02  0.0           0.0           0.0           0.0         
            364        0  3.312067E-02  7.996038E-02  0.0           0.0           0.0           0.0         
            365        7 -1.642875E-15  1.000000E-01  0.0           0.0           0.0           0.0         
            366        0  6.187184E-02  6.187184E-02  0.0           0.0           0.0           0.0         
            367        6  1.585674E-14  1.000000E-01  0.0           0.0           0.0           0.0         
            368        0  3.901650E-02  2.651650E-02  0.0           0.0           0.0           0.0         
            369        0  5.510524E-02  2.282534E-02  0.0           0.0           0.0           0.0         
            370        0  6.108173E-02  4.103676E-02  0.0           0.0           0.0           0.0         
            371        0  4.633883E-02  8.838835E-03  0.0           0.0           0.0           0.0         
            372        0  7.220868E-02  1.417393E-02  0.0           0.0           0.0           0.0         
            373        0  7.996038E-02  3.312067E-02  0.0           0.0           0.0           0.0         
            374        3  1.000000E-01  1.569384E-14  0.0           0.0           0.0           0.0         
            375        1  1.000000E-01 -1.670924E-15  0.0           0.0           0.0           0.0         
            376        0  2.316942E-02  1.066942E-02  0.0           0.0           0.0           0.0         
            377        0  1.066942E-02  2.316942E-02  0.0           0.0           0.0           0.0         
            378        0  3.200825E-02  1.950825E-02  0.0           0.0           0.0           0.0         
            379        0  1.950825E-02  3.200825E-02  0.0           0.0           0.0           0.0         
                         ------------- ------------- ------------- ------------- ------------- -------------
                MAX* :    1.000000E-01  1.000000E-01  3.545904E-15  0.0           0.0           0.0         
                MIN* :   -1.000000E-01 -1.000000E-01 -3.549329E-15  0.0           0.0           0.0         

                ABS* :    1.000000E-01  1.000000E-01  3.549329E-15  0.0           0.0           0.0         
                *for output set

                                                    SPC Force Summary on AUTOSPC'd DOF's
                                                 (in global coordinate system at each grid)
        For detailed information on the SPC forces for the AUTOSPC DOF's, set field 7 (AUTOSPC_SPCF) on the PARAM AUTOSPC entry to Y

                              T1             T2             T3             R1             R2             R3

 ABS AUTOSPC FORCES  :   0.000000E+00   0.000000E+00   0.000000E+00   0.000000E+00   0.000000E+00   0.000000E+00
 AUTOSPC FORCE TOTALS:   0.000000E+00   0.000000E+00   0.000000E+00   0.000000E+00   0.000000E+00   0.000000E+00
     (for output set)

 >> LINK  9 END

    Total CPU time =  2.81E-01 seconds

 >> MYSTRAN END    :  6/27/2026 at 19:32:50.530

                                          * * * END OF JOB * * *
