   627193256

 MYSTRAN Version 18.0.0   APR 20 2026 MYSTRAN developed by Dr Bill Case
*** Please report any problems to mystransolver@gmail.com ***                                                                                                                                                                                                   

 >> MYSTRAN BEGIN  :  6/27/2026 at 19:32:56.272 The input file is C:\Users\victo\Documents\Git\MYSTRAN_Validation\working\NAS S30 solid thermal stress.bdf                                                                                                                                                                        


 >> LINK  0 BEGIN


SOL 101                                                                                                                                                                                                                                                         
CEND                                                                                                                                                                                                                                                            
DISPLACEMENT = ALL                                                                                                                                                                                                                                              
SPC = 1                                                                                                                                                                                                                                                         
TEMPERATURE = 1                                                                                                                                                                                                                                                 
BEGIN BULK                                                                                                                                                                                                                                                      
ECHO: loadb GRID           1       0   0.0+0   0.0+0   0.0+0       0                                                                                                                                                                                                        
ECHO: loadb GRID           2       0   1.0+0   0.0+0   0.0+0       0                                                                                                                                                                                                        
ECHO: loadb GRID           3       0   1.0+0   1.0+0   0.0+0       0                                                                                                                                                                                                        
ECHO: loadb GRID           4       0   0.0+0   1.0+0   0.0+0       0                                                                                                                                                                                                        
ECHO: loadb GRID           5       0   0.0+0   0.0+0   1.0+0       0                                                                                                                                                                                                        
ECHO: loadb GRID           6       0   1.0+0   0.0+0   1.0+0       0                                                                                                                                                                                                        
ECHO: loadb GRID           7       0   1.0+0   1.0+0   1.0+0       0                                                                                                                                                                                                        
ECHO: loadb GRID           8       0   0.0+0   1.0+0   1.0+0       0                                                                                                                                                                                                        
ECHO: loadb GRID           9       0   1.0+0   5.0-1   1.0+0       0                                                                                                                                                                                                        
ECHO: loadb GRID          10       0   1.0+0   1.0+0   5.0-1       0                                                                                                                                                                                                        
ECHO: loadb GRID          11       0   1.0+0   5.0-1   5.0-1       0                                                                                                                                                                                                        
ECHO: loadb GRID          12       0   5.0-1   5.0-1   1.0+0       0                                                                                                                                                                                                        
ECHO: loadb GRID          13       0   5.0-1   1.0+0   1.0+0       0                                                                                                                                                                                                        
ECHO: loadb GRID          14       0   5.0-1   1.0+0   5.0-1       0                                                                                                                                                                                                        
ECHO: loadb GRID          15       0   5.0-1   0.0+0   5.0-1       0                                                                                                                                                                                                        
ECHO: loadb GRID          16       0   0.0+0   5.0-1   5.0-1       0                                                                                                                                                                                                        
ECHO: loadb GRID          17       0   0.0+0   0.0+0   5.0-1       0                                                                                                                                                                                                        
ECHO: loadb GRID          18       0   5.0-1   0.0+0   1.0+0       0                                                                                                                                                                                                        
ECHO: loadb GRID          19       0   0.0+0   5.0-1   1.0+0       0                                                                                                                                                                                                        
ECHO: loadb GRID          20       0   5.0-1   5.0-1   0.0+0       0                                                                                                                                                                                                        
ECHO: loadb GRID          21       0   5.0-1   1.0+0   0.0+0       0                                                                                                                                                                                                        
ECHO: loadb GRID          22       0   0.0+0   5.0-1   0.0+0       0                                                                                                                                                                                                        
ECHO: loadb GRID          23       0   0.0+0   1.0+0   5.0-1       0                                                                                                                                                                                                        
ECHO: loadb GRID          24       0   5.0-1   0.0+0   0.0+0       0                                                                                                                                                                                                        
ECHO: loadb GRID          25       0   1.0+0   5.0-1   0.0+0       0                                                                                                                                                                                                        
ECHO: loadb GRID          26       0   1.0+0   0.0+0   5.0-1       0                                                                                                                                                                                                        
ECHO: loadb GRID          27       0   0.0+0   3.0+0   0.0+0       0                                                                                                                                                                                                        
ECHO: loadb GRID          28       0   1.0+0   3.0+0   0.0+0       0                                                                                                                                                                                                        
ECHO: loadb GRID          29       0   1.0+0   4.0+0   0.0+0       0                                                                                                                                                                                                        
ECHO: loadb GRID          30       0   0.0+0   4.0+0   0.0+0       0                                                                                                                                                                                                        
ECHO: loadb GRID          31       0   0.0+0   3.0+0   1.0+0       0                                                                                                                                                                                                        
ECHO: loadb GRID          32       0   1.0+0   3.0+0   1.0+0       0                                                                                                                                                                                                        
ECHO: loadb GRID          33       0   1.0+0   4.0+0   1.0+0       0                                                                                                                                                                                                        
ECHO: loadb GRID          34       0   0.0+0   4.0+0   1.0+0       0                                                                                                                                                                                                        
ECHO: loadb GRID          35       0   0.0+0   1.5+0   0.0+0       0                                                                                                                                                                                                        
ECHO: loadb GRID          36       0   0.0+0   2.0+0   0.0+0       0                                                                                                                                                                                                        
ECHO: loadb GRID          37       0   0.0+0   1.5+0   1.0+0       0                                                                                                                                                                                                        
ECHO: loadb GRID          38       0   0.0+0   2.0+0   1.0+0       0                                                                                                                                                                                                        
ECHO: loadb GRID          39       0   1.0+0   1.5+0   0.0+0       0                                                                                                                                                                                                        
ECHO: loadb GRID          40       0   1.0+0   2.0+0   0.0+0       0                                                                                                                                                                                                        
ECHO: loadb GRID          41       0   1.0+0   1.5+0   1.0+0       0                                                                                                                                                                                                        
ECHO: loadb GRID          42       0   1.0+0   2.0+0   1.0+0       0                                                                                                                                                                                                        
ECHO: loadb GRID          43       0   0.0+0   2.0+0   5.0-1       0                                                                                                                                                                                                        
ECHO: loadb GRID          44       0   5.0-1   2.0+0   5.0-1       0                                                                                                                                                                                                        
ECHO: loadb GRID          45       0   5.0-1   2.0+0   0.0+0       0                                                                                                                                                                                                        
ECHO: loadb GRID          46       0   5.0-1   2.0+0   1.0+0       0                                                                                                                                                                                                        
ECHO: loadb GRID          47       0   1.0+0   2.0+0   5.0-1       0                                                                                                                                                                                                        
ECHO: loadb GRID          48       0   0.0+0   5.0+0   0.0+0       0                                                                                                                                                                                                        
ECHO: loadb GRID          49       0   1.0+0   5.0+0   0.0+0       0                                                                                                                                                                                                        
ECHO: loadb GRID          50       0   1.0+0   6.0+0   0.0+0       0                                                                                                                                                                                                        
ECHO: loadb GRID          51       0   0.0+0   6.0+0   0.0+0       0                                                                                                                                                                                                        
ECHO: loadb GRID          52       0   0.0+0   5.0+0   1.0+0       0                                                                                                                                                                                                        
ECHO: loadb GRID          53       0   1.0+0   5.0+0   1.0+0       0                                                                                                                                                                                                        
ECHO: loadb GRID          54       0   1.0+0   6.0+0   1.0+0       0                                                                                                                                                                                                        
ECHO: loadb GRID          55       0   0.0+0   6.0+0   1.0+0       0                                                                                                                                                                                                        
ECHO: loadb GRID*                 56               0 1.83700055043+0-2.99999957085+0*                                                                                                                                                                                       
ECHO: loadb *        1.46454092091-1               0                                                                                                                                                                                                                        
ECHO: loadb GRID*                 57               0 2.07192370562+0-2.99999957085+0*                                                                                                                                                                                       
ECHO: loadb *        6.09490562598-2               0                                                                                                                                                                                                                        
ECHO: loadb GRID*                 58               0 2.07192370562+0-1.99999957085+0*                                                                                                                                                                                       
ECHO: loadb *        6.09490562598-2               0                                                                                                                                                                                                                        
ECHO: loadb GRID*                 59               0 1.83700055043+0-1.99999957085+0*                                                                                                                                                                                       
ECHO: loadb *        1.46454092091-1               0                                                                                                                                                                                                                        
ECHO: loadb GRID*                 60               0 1.92250558626+0-2.99999957085+0*                                                                                                                                                                                       
ECHO: loadb *        3.81377247288-1               0                                                                                                                                                                                                                        
ECHO: loadb GRID*                 61               0 2.15742874146+0-2.99999957085+0*                                                                                                                                                                                       
ECHO: loadb *        2.95872211456-1               0                                                                                                                                                                                                                        
ECHO: loadb GRID*                 62               0 2.15742874146+0-1.99999957085+0*                                                                                                                                                                                       
ECHO: loadb *        2.95872211456-1               0                                                                                                                                                                                                                        
ECHO: loadb GRID*                 63               0 1.92250558626+0-1.99999957085+0*                                                                                                                                                                                       
ECHO: loadb *        3.81377247288-1               0                                                                                                                                                                                                                        
ECHO: loadb GRID*                 64               0 1.83700055043+0 2.00000042915+0*                                                                                                                                                                                       
ECHO: loadb *        1.46454092091-1               0                                                                                                                                                                                                                        
ECHO: loadb GRID*                 65               0 2.07192370562+0 2.00000042915+0*                                                                                                                                                                                       
ECHO: loadb *        6.09490562598-2               0                                                                                                                                                                                                                        
ECHO: loadb GRID*                 66               0 2.07192370562+0 3.00000042915+0*                                                                                                                                                                                       
ECHO: loadb *        6.09490562598-2               0                                                                                                                                                                                                                        
ECHO: loadb GRID*                 67               0 1.83700055043+0 3.00000042915+0*                                                                                                                                                                                       
ECHO: loadb *        1.46454092091-1               0                                                                                                                                                                                                                        
ECHO: loadb GRID*                 68               0 1.92250558626+0 2.00000042915+0*                                                                                                                                                                                       
ECHO: loadb *        3.81377247288-1               0                                                                                                                                                                                                                        
ECHO: loadb GRID*                 69               0 2.15742874146+0 2.00000042915+0*                                                                                                                                                                                       
ECHO: loadb *        2.95872211456-1               0                                                                                                                                                                                                                        
ECHO: loadb GRID*                 70               0 2.15742874146+0 3.00000042915+0*                                                                                                                                                                                       
ECHO: loadb *        2.95872211456-1               0                                                                                                                                                                                                                        
ECHO: loadb GRID*                 71               0 1.92250558626+0 3.00000042915+0*                                                                                                                                                                                       
ECHO: loadb *        3.81377247288-1               0                                                                                                                                                                                                                        
ECHO: loadb GRID*                 72               0 1.83700055043+0-9.99999570847-1*                                                                                                                                                                                       
ECHO: loadb *        1.46454092091-1               0                                                                                                                                                                                                                        
ECHO: loadb GRID*                 73               0 2.07192370562+0-9.99999570847-1*                                                                                                                                                                                       
ECHO: loadb *        6.09490562598-2               0                                                                                                                                                                                                                        
ECHO: loadb GRID*                 74               0 2.07192370562+0 4.29153487858-7*                                                                                                                                                                                       
ECHO: loadb *        6.09490562598-2               0                                                                                                                                                                                                                        
ECHO: loadb GRID*                 75               0 1.83700055043+0 4.29153487858-7*                                                                                                                                                                                       
ECHO: loadb *        1.46454092091-1               0                                                                                                                                                                                                                        
ECHO: loadb GRID*                 76               0 1.92250558626+0-9.99999570847-1*                                                                                                                                                                                       
ECHO: loadb *        3.81377247288-1               0                                                                                                                                                                                                                        
ECHO: loadb GRID*                 77               0 2.15742874146+0-9.99999570847-1*                                                                                                                                                                                       
ECHO: loadb *        2.95872211456-1               0                                                                                                                                                                                                                        
ECHO: loadb GRID*                 78               0 2.15742874146+0 4.29153487858-7*                                                                                                                                                                                       
ECHO: loadb *        2.95872211456-1               0                                                                                                                                                                                                                        
ECHO: loadb GRID*                 79               0 1.92250558626+0 4.29153487858-7*                                                                                                                                                                                       
ECHO: loadb *        3.81377247288-1               0                                                                                                                                                                                                                        
ECHO: loadb GRID*                 80               0 1.83700055043+0 1.00000042915+0*                                                                                                                                                                                       
ECHO: loadb *        1.46454092091-1               0                                                                                                                                                                                                                        
ECHO: loadb GRID*                 81               0 2.07192370562+0 1.00000042915+0*                                                                                                                                                                                       
ECHO: loadb *        6.09490562598-2               0                                                                                                                                                                                                                        
ECHO: loadb GRID*                 82               0 1.92250558626+0 1.00000042915+0*                                                                                                                                                                                       
ECHO: loadb *        3.81377247288-1               0                                                                                                                                                                                                                        
ECHO: loadb GRID*                 83               0 2.15742874146+0 1.00000042915+0*                                                                                                                                                                                       
ECHO: loadb *        2.95872211456-1               0                                                                                                                                                                                                                        
ECHO: loadb PARAM    STR_CID      -2                                                                                                                                                                                                                                        
ECHO: loadb MAT1*                  1          1.5+11 5.7692307692+10           3.0-1*                                                                                                                                                                                       
ECHO: loadb *                  0.0+0           4.0-3        2.8315+2                                                                                                                                                                                                        
ECHO: loadb SPC            1       1       1   0.0+0                                                                                                                                                                                                                        
ECHO: loadb SPC            1       1       2   0.0+0                                                                                                                                                                                                                        
ECHO: loadb SPC            1       1       3   0.0+0                                                                                                                                                                                                                        
ECHO: loadb SPC            1       2       2   0.0+0                                                                                                                                                                                                                        
ECHO: loadb SPC            1       5       2   0.0+0                                                                                                                                                                                                                        
ECHO: loadb SPC            1       5       1   0.0+0                                                                                                                                                                                                                        
ECHO: loadb SPC            1      27       1   0.0+0                                                                                                                                                                                                                        
ECHO: loadb SPC            1      27       2   0.0+0                                                                                                                                                                                                                        
ECHO: loadb SPC            1      27       3   0.0+0                                                                                                                                                                                                                        
ECHO: loadb SPC            1      28       2   0.0+0                                                                                                                                                                                                                        
ECHO: loadb SPC            1      31       2   0.0+0                                                                                                                                                                                                                        
ECHO: loadb SPC            1      31       1   0.0+0                                                                                                                                                                                                                        
ECHO: loadb SPC            1      48       1   0.0+0                                                                                                                                                                                                                        
ECHO: loadb SPC            1      48       2   0.0+0                                                                                                                                                                                                                        
ECHO: loadb SPC            1      48       3   0.0+0                                                                                                                                                                                                                        
ECHO: loadb SPC            1      49       2   0.0+0                                                                                                                                                                                                                        
ECHO: loadb SPC            1      52       2   0.0+0                                                                                                                                                                                                                        
ECHO: loadb SPC            1      52       1   0.0+0                                                                                                                                                                                                                        
ECHO: loadb SPC            1      56       1   0.0+0                                                                                                                                                                                                                        
ECHO: loadb SPC            1      56       2   0.0+0                                                                                                                                                                                                                        
ECHO: loadb SPC            1      56       3   0.0+0                                                                                                                                                                                                                        
ECHO: loadb SPC            1      57       2   0.0+0                                                                                                                                                                                                                        
ECHO: loadb SPC            1      60       1   0.0+0                                                                                                                                                                                                                        
ECHO: loadb SPC            1      60       2   0.0+0                                                                                                                                                                                                                        
ECHO: loadb SPC            1      61       2   0.0+0                                                                                                                                                                                                                        
ECHO: loadb PSOLID         1       1       0                                                                                                                                                                                                                                
ECHO: loadb CTETRA         2       1       1       6       8       5      15      12+                                                                                                                                                                                       
ECHO:  nextc +             16      17      18      19                                                                                                                                                                                                                        
ECHO: loadb CTETRA         4       1       1       6       3       8      15      11+                                                                                                                                                                                       
ECHO:  nextc +             20      16      12      14                                                                                                                                                                                                                        
ECHO: loadb CTETRA         5       1       1       2       3       6      24      25+                                                                                                                                                                                       
ECHO:  nextc +             20      15      26      11                                                                                                                                                                                                                        
ECHO: loadb PSOLID         2       1       0       2               1                                                                                                                                                                                                        
ECHO: loadb CHEXA          6       2      27      28      29      30      31      32+                                                                                                                                                                                       
ECHO:  nextc +             33      34                                                                                                                                                                                                                                        
ECHO: loadb CHEXA          9       2      48      49      50      51      52      53+                                                                                                                                                                                       
ECHO:  nextc +             54      55                                                                                                                                                                                                                                        
ECHO: loadb CHEXA         10       2      56      57      58      59      60      61+                                                                                                                                                                                       
ECHO:  nextc +             62      63                                                                                                                                                                                                                                        
ECHO: loadb CHEXA         11       2      74      81      80      75      78      83+                                                                                                                                                                                       
ECHO:  nextc +             82      79                                                                                                                                                                                                                                        
ECHO: loadb CHEXA         12       2      72      73      74      75      76      77+                                                                                                                                                                                       
ECHO:  nextc +             78      79                                                                                                                                                                                                                                        
ECHO: loadb CHEXA         13       2      72      73      77      76      59      58+                                                                                                                                                                                       
ECHO:  nextc +             62      63                                                                                                                                                                                                                                        
ECHO: loadb CHEXA         14       2      80      81      65      64      82      83+                                                                                                                                                                                       
ECHO:  nextc +             69      68                                                                                                                                                                                                                                        
ECHO: loadb CHEXA         15       2      64      65      66      67      68      69+                                                                                                                                                                                       
ECHO:  nextc +             70      71                                                                                                                                                                                                                                        
ECHO: loadb PSOLID         3       1       0                                                                                                                                                                                                                                
ECHO: loadb CTETRA         1       3       6       7       3       8       9      10+                                                                                                                                                                                       
ECHO:  nextc +             11      12      13      14                                                                                                                                                                                                                        
ECHO: loadb CTETRA         3       3       1       3       4       8      20      21+                                                                                                                                                                                       
ECHO:  nextc +             22      16      14      23                                                                                                                                                                                                                        
ECHO: loadb PSOLID         4       1       0       3               1                                                                                                                                                                                                        
ECHO: loadb CPENTA         7       4       4       8       3      36      38      40+                                                                                                                                                                                       
ECHO:  nextc +             23      14      21      35      37      39      43      44+                                                                                                                                                                                       
ECHO:  nextc +             45                                                                                                                                                                                                                                                
ECHO: loadb CPENTA         8       4       3       8       7      40      38      42+                                                                                                                                                                                       
ECHO:  nextc +             14      13      10      39      37      41      44      46+                                                                                                                                                                                       
ECHO:  nextc +             47                                                                                                                                                                                                                                                
ECHO: loadb TEMP*                  1               1        3.7315+2                *                                                                                                                                                                                       
ECHO: loadb *                                                                                                                                                                                                                                                               
ECHO: loadb TEMP*                  1               2        3.7315+2                *                                                                                                                                                                                       
ECHO: loadb *                                                                                                                                                                                                                                                               
ECHO: loadb TEMP*                  1               3        3.7315+2                *                                                                                                                                                                                       
ECHO: loadb *                                                                                                                                                                                                                                                               
ECHO: loadb TEMP*                  1               4        3.7315+2                *                                                                                                                                                                                       
ECHO: loadb *                                                                                                                                                                                                                                                               
ECHO: loadb TEMP*                  1               5        3.7315+2                *                                                                                                                                                                                       
ECHO: loadb *                                                                                                                                                                                                                                                               
ECHO: loadb TEMP*                  1               6        3.7315+2                *                                                                                                                                                                                       
ECHO: loadb *                                                                                                                                                                                                                                                               
ECHO: loadb TEMP*                  1               7        3.7315+2                *                                                                                                                                                                                       
ECHO: loadb *                                                                                                                                                                                                                                                               
ECHO: loadb TEMP*                  1               8        3.7315+2                *                                                                                                                                                                                       
ECHO: loadb *                                                                                                                                                                                                                                                               
ECHO: loadb TEMP*                  1               9        3.7315+2                *                                                                                                                                                                                       
ECHO: loadb *                                                                                                                                                                                                                                                               
ECHO: loadb TEMP*                  1              10        3.7315+2                *                                                                                                                                                                                       
ECHO: loadb *                                                                                                                                                                                                                                                               
ECHO: loadb TEMP*                  1              11        3.7315+2                *                                                                                                                                                                                       
ECHO: loadb *                                                                                                                                                                                                                                                               
ECHO: loadb TEMP*                  1              12        3.7315+2                *                                                                                                                                                                                       
ECHO: loadb *                                                                                                                                                                                                                                                               
ECHO: loadb TEMP*                  1              13        3.7315+2                *                                                                                                                                                                                       
ECHO: loadb *                                                                                                                                                                                                                                                               
ECHO: loadb TEMP*                  1              14        3.7315+2                *                                                                                                                                                                                       
ECHO: loadb *                                                                                                                                                                                                                                                               
ECHO: loadb TEMP*                  1              15        3.7315+2                *                                                                                                                                                                                       
ECHO: loadb *                                                                                                                                                                                                                                                               
ECHO: loadb TEMP*                  1              16        3.7315+2                *                                                                                                                                                                                       
ECHO: loadb *                                                                                                                                                                                                                                                               
ECHO: loadb TEMP*                  1              17        3.7315+2                *                                                                                                                                                                                       
ECHO: loadb *                                                                                                                                                                                                                                                               
ECHO: loadb TEMP*                  1              18        3.7315+2                *                                                                                                                                                                                       
ECHO: loadb *                                                                                                                                                                                                                                                               
ECHO: loadb TEMP*                  1              19        3.7315+2                *                                                                                                                                                                                       
ECHO: loadb *                                                                                                                                                                                                                                                               
ECHO: loadb TEMP*                  1              20        3.7315+2                *                                                                                                                                                                                       
ECHO: loadb *                                                                                                                                                                                                                                                               
ECHO: loadb TEMP*                  1              21        3.7315+2                *                                                                                                                                                                                       
ECHO: loadb *                                                                                                                                                                                                                                                               
ECHO: loadb TEMP*                  1              22        3.7315+2                *                                                                                                                                                                                       
ECHO: loadb *                                                                                                                                                                                                                                                               
ECHO: loadb TEMP*                  1              23        3.7315+2                *                                                                                                                                                                                       
ECHO: loadb *                                                                                                                                                                                                                                                               
ECHO: loadb TEMP*                  1              24        3.7315+2                *                                                                                                                                                                                       
ECHO: loadb *                                                                                                                                                                                                                                                               
ECHO: loadb TEMP*                  1              25        3.7315+2                *                                                                                                                                                                                       
ECHO: loadb *                                                                                                                                                                                                                                                               
ECHO: loadb TEMP*                  1              26        3.7315+2                *                                                                                                                                                                                       
ECHO: loadb *                                                                                                                                                                                                                                                               
ECHO: loadb TEMP*                  1              40        3.7315+2                *                                                                                                                                                                                       
ECHO: loadb *                                                                                                                                                                                                                                                               
ECHO: loadb TEMP*                  1              38        3.7315+2                *                                                                                                                                                                                       
ECHO: loadb *                                                                                                                                                                                                                                                               
ECHO: loadb TEMP*                  1              42        3.7315+2                *                                                                                                                                                                                       
ECHO: loadb *                                                                                                                                                                                                                                                               
ECHO: loadb TEMP*                  1              39        3.7315+2                *                                                                                                                                                                                       
ECHO: loadb *                                                                                                                                                                                                                                                               
ECHO: loadb TEMP*                  1              37        3.7315+2                *                                                                                                                                                                                       
ECHO: loadb *                                                                                                                                                                                                                                                               
ECHO: loadb TEMP*                  1              41        3.7315+2                *                                                                                                                                                                                       
ECHO: loadb *                                                                                                                                                                                                                                                               
ECHO: loadb TEMP*                  1              44        3.7315+2                *                                                                                                                                                                                       
ECHO: loadb *                                                                                                                                                                                                                                                               
ECHO: loadb TEMP*                  1              46        3.7315+2                *                                                                                                                                                                                       
ECHO: loadb *                                                                                                                                                                                                                                                               
ECHO: loadb TEMP*                  1              47        3.7315+2                *                                                                                                                                                                                       
ECHO: loadb *                                                                                                                                                                                                                                                               
ECHO: loadb TEMP*                  1              43        3.7315+2                *                                                                                                                                                                                       
ECHO: loadb *                                                                                                                                                                                                                                                               
ECHO: loadb TEMP*                  1              36        3.7315+2                *                                                                                                                                                                                       
ECHO: loadb *                                                                                                                                                                                                                                                               
ECHO: loadb TEMP*                  1              35        3.7315+2                *                                                                                                                                                                                       
ECHO: loadb *                                                                                                                                                                                                                                                               
ECHO: loadb TEMP*                  1              45        3.7315+2                *                                                                                                                                                                                       
ECHO: loadb *                                                                                                                                                                                                                                                               
ECHO: loadb TEMP*                  1              56 2.23150008583+2                *                                                                                                                                                                                       
ECHO: loadb *                                                                                                                                                                                                                                                               
ECHO: loadb TEMP*                  1              57 2.23150008583+2                *                                                                                                                                                                                       
ECHO: loadb *                                                                                                                                                                                                                                                               
ECHO: loadb TEMP*                  1              58 2.43150008583+2                *                                                                                                                                                                                       
ECHO: loadb *                                                                                                                                                                                                                                                               
ECHO: loadb TEMP*                  1              59 2.43150008583+2                *                                                                                                                                                                                       
ECHO: loadb *                                                                                                                                                                                                                                                               
ECHO: loadb TEMP*                  1              60 2.23150008583+2                *                                                                                                                                                                                       
ECHO: loadb *                                                                                                                                                                                                                                                               
ECHO: loadb TEMP*                  1              61 2.23150008583+2                *                                                                                                                                                                                       
ECHO: loadb *                                                                                                                                                                                                                                                               
ECHO: loadb TEMP*                  1              62 2.43150008583+2                *                                                                                                                                                                                       
ECHO: loadb *                                                                                                                                                                                                                                                               
ECHO: loadb TEMP*                  1              63 2.43150008583+2                *                                                                                                                                                                                       
ECHO: loadb *                                                                                                                                                                                                                                                               
ECHO: loadb TEMP*                  1              74 2.83150008583+2                *                                                                                                                                                                                       
ECHO: loadb *                                                                                                                                                                                                                                                               
ECHO: loadb TEMP*                  1              81 3.03150008583+2                *                                                                                                                                                                                       
ECHO: loadb *                                                                                                                                                                                                                                                               
ECHO: loadb TEMP*                  1              80 3.03150008583+2                *                                                                                                                                                                                       
ECHO: loadb *                                                                                                                                                                                                                                                               
ECHO: loadb TEMP*                  1              75 2.83150008583+2                *                                                                                                                                                                                       
ECHO: loadb *                                                                                                                                                                                                                                                               
ECHO: loadb TEMP*                  1              78 2.83150008583+2                *                                                                                                                                                                                       
ECHO: loadb *                                                                                                                                                                                                                                                               
ECHO: loadb TEMP*                  1              83 3.03150008583+2                *                                                                                                                                                                                       
ECHO: loadb *                                                                                                                                                                                                                                                               
ECHO: loadb TEMP*                  1              82 3.03150008583+2                *                                                                                                                                                                                       
ECHO: loadb *                                                                                                                                                                                                                                                               
ECHO: loadb TEMP*                  1              79 2.83150008583+2                *                                                                                                                                                                                       
ECHO: loadb *                                                                                                                                                                                                                                                               
ECHO: loadb TEMP*                  1              72 2.63150008583+2                *                                                                                                                                                                                       
ECHO: loadb *                                                                                                                                                                                                                                                               
ECHO: loadb TEMP*                  1              73 2.63150008583+2                *                                                                                                                                                                                       
ECHO: loadb *                                                                                                                                                                                                                                                               
ECHO: loadb TEMP*                  1              76 2.63150008583+2                *                                                                                                                                                                                       
ECHO: loadb *                                                                                                                                                                                                                                                               
ECHO: loadb TEMP*                  1              77 2.63150008583+2                *                                                                                                                                                                                       
ECHO: loadb *                                                                                                                                                                                                                                                               
ECHO: loadb TEMP*                  1              65 3.23150008583+2                *                                                                                                                                                                                       
ECHO: loadb *                                                                                                                                                                                                                                                               
ECHO: loadb TEMP*                  1              64 3.23150008583+2                *                                                                                                                                                                                       
ECHO: loadb *                                                                                                                                                                                                                                                               
ECHO: loadb TEMP*                  1              69 3.23150008583+2                *                                                                                                                                                                                       
ECHO: loadb *                                                                                                                                                                                                                                                               
ECHO: loadb TEMP*                  1              68 3.23150008583+2                *                                                                                                                                                                                       
ECHO: loadb *                                                                                                                                                                                                                                                               
ECHO: loadb TEMP*                  1              66 3.43150008583+2                *                                                                                                                                                                                       
ECHO: loadb *                                                                                                                                                                                                                                                               
ECHO: loadb TEMP*                  1              67 3.43150008583+2                *                                                                                                                                                                                       
ECHO: loadb *                                                                                                                                                                                                                                                               
ECHO: loadb TEMP*                  1              70 3.43150008583+2                *                                                                                                                                                                                       
ECHO: loadb *                                                                                                                                                                                                                                                               
ECHO: loadb TEMP*                  1              71 3.43150008583+2                *                                                                                                                                                                                       
ECHO: loadb *                                                                                                                                                                                                                                                               
ECHO: loadb TEMP*                  1              27        3.8315+2                *                                                                                                                                                                                       
ECHO: loadb *                                                                                                                                                                                                                                                               
ECHO: loadb TEMP*                  1              28        3.8315+2                *                                                                                                                                                                                       
ECHO: loadb *                                                                                                                                                                                                                                                               
ECHO: loadb TEMP*                  1              29        3.8315+2                *                                                                                                                                                                                       
ECHO: loadb *                                                                                                                                                                                                                                                               
ECHO: loadb TEMP*                  1              30        3.8315+2                *                                                                                                                                                                                       
ECHO: loadb *                                                                                                                                                                                                                                                               
ECHO: loadb TEMP*                  1              31        3.8315+2                *                                                                                                                                                                                       
ECHO: loadb *                                                                                                                                                                                                                                                               
ECHO: loadb TEMP*                  1              32        3.8315+2                *                                                                                                                                                                                       
ECHO: loadb *                                                                                                                                                                                                                                                               
ECHO: loadb TEMP*                  1              33        3.8315+2                *                                                                                                                                                                                       
ECHO: loadb *                                                                                                                                                                                                                                                               
ECHO: loadb TEMP*                  1              34        3.8315+2                *                                                                                                                                                                                       
ECHO: loadb *                                                                                                                                                                                                                                                               
ECHO: loadb TEMPD*                 1        2.8315+2                                *                                                                                                                                                                                       
ECHO: loadb *                                                                                                                                                                                                                                                               
ECHO: loadb ENDDATA                                                                                                                                                                                                                                                         




 >> LINK  0 END


 >> LINK  1 BEGIN

               DEALLOCATED  8.42E-01 MB MEMORY FROM ARRAY STF3


 *INFORMATION: AUTOSPC Summary, Stage 1 after identification of AUTOSPC's at the grid level                                                 

                                     AUTOSPC_RAT = 1.000000E-08

                       Number of DOF's identified for AUTOSPC in component  1         =            0
                       Number of DOF's identified for AUTOSPC in component  2         =            0
                       Number of DOF's identified for AUTOSPC in component  3         =            0
                       Number of DOF's identified for AUTOSPC in component  4         =           83
                       Number of DOF's identified for AUTOSPC in component  5         =           83
                       Number of DOF's identified for AUTOSPC in component  6         =           83
                                                                                        ------------
                       Total number of DOF's identified in this stage                 =          249

               DEALLOCATED  1.99E-03 MB MEMORY FROM ARRAY STFKEY
               DEALLOCATED  8.42E-01 MB MEMORY FROM ARRAY STF3

 >> LINK  1 END


 >> LINK  2 BEGIN



 *INFORMATION: AUTOSPC Summary, Overall: after identification of all AUTOSPC's                                                               

                                     AUTOSPC_RAT = 1.000000E-08

                       Number of DOF's identified for AUTOSPC in component  1         =            0
                       Number of DOF's identified for AUTOSPC in component  2         =            0
                       Number of DOF's identified for AUTOSPC in component  3         =            0
                       Number of DOF's identified for AUTOSPC in component  4         =           83
                       Number of DOF's identified for AUTOSPC in component  5         =           83
                       Number of DOF's identified for AUTOSPC in component  6         =           83
                                                                                        ------------
                       Total number of DOF's identified overall                       =          249


 >> LINK  2 END


 >> LINK  3 BEGIN

 SUPERLU FACTORIZATION OF MATRIX KLL SUCCEEDED IN SUBR SYM_MAT_DECOMP_SUPRLU          

 *INFORMATION: FOR INTERNAL SUBCASE NUMBER        1 EPSILON ERROR ESTIMATE            = -5.836113E-17 Based on U'*(K*U - P)/(U'*P)


 >> LINK  3 END


 >> LINK  5 BEGIN


 >> LINK  5 END


 >> LINK  9 BEGIN



 OUTPUT FOR SUBCASE        1

                                                       D I S P L A C E M E N T S
                                              (in global coordinate system at each grid)
           GRID     COORD      T1            T2            T3            R1            R2            R3
                     SYS
              1        0  0.0           0.0           0.0           0.0           0.0           0.0         
              2        0  3.600000E-01  0.0          -5.389403E-15  0.0           0.0           0.0         
              3        0  3.600000E-01  3.600000E-01  3.575890E-14  0.0           0.0           0.0         
              4        0  2.886299E-14  3.600000E-01  3.893247E-14  0.0           0.0           0.0         
              5        0  0.0           0.0           3.600000E-01  0.0           0.0           0.0         
              6        0  3.600000E-01 -4.641186E-14  3.600000E-01  0.0           0.0           0.0         
              7        0  3.600000E-01  3.600000E-01  3.600000E-01  0.0           0.0           0.0         
              8        0  3.266197E-14  3.600000E-01  3.600000E-01  0.0           0.0           0.0         
              9        0  3.600000E-01  1.800000E-01  3.600000E-01  0.0           0.0           0.0         
             10        0  3.600000E-01  3.600000E-01  1.800000E-01  0.0           0.0           0.0         
             11        0  3.600000E-01  1.800000E-01  1.800000E-01  0.0           0.0           0.0         
             12        0  1.800000E-01  1.800000E-01  3.600000E-01  0.0           0.0           0.0         
             13        0  1.800000E-01  3.600000E-01  3.600000E-01  0.0           0.0           0.0         
             14        0  1.800000E-01  3.600000E-01  1.800000E-01  0.0           0.0           0.0         
             15        0  1.800000E-01 -1.353906E-14  1.800000E-01  0.0           0.0           0.0         
             16        0  1.645910E-14  1.800000E-01  1.800000E-01  0.0           0.0           0.0         
             17        0  1.631672E-15  2.531720E-16  1.800000E-01  0.0           0.0           0.0         
             18        0  1.800000E-01 -2.799246E-14  3.600000E-01  0.0           0.0           0.0         
             19        0  1.772648E-14  1.800000E-01  3.600000E-01  0.0           0.0           0.0         
             20        0  1.800000E-01  1.800000E-01  1.798434E-14  0.0           0.0           0.0         
             21        0  1.800000E-01  3.600000E-01  3.732911E-14  0.0           0.0           0.0         
             22        0  1.469699E-14  1.800000E-01  1.929147E-14  0.0           0.0           0.0         
             23        0  3.068723E-14  3.600000E-01  1.800000E-01  0.0           0.0           0.0         
             24        0  1.800000E-01  3.213510E-15 -6.125686E-16  0.0           0.0           0.0         
             25        0  3.600000E-01  1.800000E-01  1.511019E-14  0.0           0.0           0.0         
             26        0  3.600000E-01 -2.510366E-14  1.800000E-01  0.0           0.0           0.0         
             27        0  0.0           0.0           0.0           0.0           0.0           0.0         
             28        0  4.000000E-01  0.0           6.691045E-16  0.0           0.0           0.0         
             29        0  4.000000E-01  4.000000E-01  1.037293E-15  0.0           0.0           0.0         
             30        0  9.211545E-16  4.000000E-01  1.010493E-15  0.0           0.0           0.0         
             31        0  0.0           0.0           4.000000E-01  0.0           0.0           0.0         
             32        0  4.000000E-01 -1.358800E-15  4.000000E-01  0.0           0.0           0.0         
             33        0  4.000000E-01  4.000000E-01  4.000000E-01  0.0           0.0           0.0         
             34        0  1.004880E-15  4.000000E-01  4.000000E-01  0.0           0.0           0.0         
             35        0  4.507486E-14  5.400000E-01  6.023858E-14  0.0           0.0           0.0         
             36        0  6.086142E-14  7.200000E-01  8.018008E-14  0.0           0.0           0.0         
             37        0  4.804075E-14  5.400000E-01  3.600000E-01  0.0           0.0           0.0         
             38        0  6.386448E-14  7.200000E-01  3.600000E-01  0.0           0.0           0.0         
             39        0  3.600000E-01  5.400000E-01  5.627685E-14  0.0           0.0           0.0         
             40        0  3.600000E-01  7.200000E-01  7.790239E-14  0.0           0.0           0.0         
             41        0  3.600000E-01  5.400000E-01  3.600000E-01  0.0           0.0           0.0         
             42        0  3.600000E-01  7.200000E-01  3.600000E-01  0.0           0.0           0.0         
             43        0  6.241909E-14  7.200000E-01  1.800000E-01  0.0           0.0           0.0         
             44        0  1.800000E-01  7.200000E-01  1.800000E-01  0.0           0.0           0.0         
             45        0  1.800000E-01  7.200000E-01  7.893110E-14  0.0           0.0           0.0         
             46        0  1.800000E-01  7.200000E-01  3.600000E-01  0.0           0.0           0.0         
             47        0  3.600000E-01  7.200000E-01  1.800000E-01  0.0           0.0           0.0         
             48        0  0.0           0.0           0.0           0.0           0.0           0.0         
             49        0  3.993537E-16  0.0           3.081961E-16  0.0           0.0           0.0         
             50        0  9.115758E-17  1.860330E-16  3.199810E-16  0.0           0.0           0.0         
             51        0  2.133207E-16  9.115758E-17  2.133207E-16  0.0           0.0           0.0         
             52        0  0.0           0.0           3.993537E-16  0.0           0.0           0.0         
             53        0  9.115758E-17  2.015358E-16  3.993537E-16  0.0           0.0           0.0         
             54        0 -1.550275E-17  7.937268E-17  2.926933E-16  0.0           0.0           0.0         
             55        0  1.178490E-17  1.860330E-16  9.115758E-17  0.0           0.0           0.0         
             56        0  0.0           0.0           0.0           0.0           0.0           0.0         
             57        0 -6.588720E-02  0.0           9.307222E-13  0.0           0.0           0.0         
             58        0 -5.922738E-02 -1.973572E-01 -1.428203E-02  0.0           0.0           0.0         
             59        0 -1.428203E-02 -1.973572E-01 -6.659818E-03  0.0           0.0           0.0         
             60        0  0.0           0.0          -6.588720E-02  0.0           0.0           0.0         
             61        0 -6.588720E-02  0.0          -6.588720E-02  0.0           0.0           0.0         
             62        0 -5.160518E-02 -1.973572E-01 -5.922738E-02  0.0           0.0           0.0         
             63        0 -6.659818E-03 -1.973572E-01 -5.160518E-02  0.0           0.0           0.0         
             64        0 -6.507359E-02 -1.973571E-01 -3.034431E-02  0.0           0.0           0.0         
             65        0 -3.554289E-02 -1.973571E-01 -6.507359E-02  0.0           0.0           0.0         
             66        0 -2.888307E-02  2.059915E-07 -7.935561E-02  0.0           0.0           0.0         
             67        0 -7.935561E-02  2.059914E-07 -3.700413E-02  0.0           0.0           0.0         
             68        0 -3.034431E-02 -1.973571E-01 -8.136143E-04  0.0           0.0           0.0         
             69        0 -8.136143E-04 -1.973571E-01 -3.554289E-02  0.0           0.0           0.0         
             70        0  1.346841E-02  2.059915E-07 -2.888307E-02  0.0           0.0           0.0         
             71        0 -3.700413E-02  2.059915E-07  1.346841E-02  0.0           0.0           0.0         
             72        0 -2.681594E-02 -3.178754E-01 -1.250448E-02  0.0           0.0           0.0         
             73        0 -5.338272E-02 -3.178754E-01 -2.681594E-02  0.0           0.0           0.0         
             74        0 -4.738514E-02 -3.577557E-01 -3.967781E-02  0.0           0.0           0.0         
             75        0 -3.967781E-02 -3.577557E-01 -1.850206E-02  0.0           0.0           0.0         
             76        0 -1.250448E-02 -3.178754E-01 -3.907126E-02  0.0           0.0           0.0         
             77        0 -3.907126E-02 -3.178754E-01 -5.338272E-02  0.0           0.0           0.0         
             78        0 -2.620940E-02 -3.577557E-01 -4.738514E-02  0.0           0.0           0.0         
             79        0 -1.850206E-02 -3.577557E-01 -2.620940E-02  0.0           0.0           0.0         
             80        0 -5.253967E-02 -3.178753E-01 -2.449965E-02  0.0           0.0           0.0         
             81        0 -4.138755E-02 -3.178753E-01 -5.253967E-02  0.0           0.0           0.0         
             82        0 -2.449965E-02 -3.178753E-01 -1.334753E-02  0.0           0.0           0.0         
             83        0 -1.334753E-02 -3.178753E-01 -4.138755E-02  0.0           0.0           0.0         
                         ------------- ------------- ------------- ------------- ------------- -------------
                MAX* :    4.000000E-01  7.200000E-01  4.000000E-01  0.0           0.0           0.0         
                MIN* :   -7.935561E-02 -3.577557E-01 -7.935561E-02  0.0           0.0           0.0         

                ABS* :    4.000000E-01  7.200000E-01  4.000000E-01  0.0           0.0           0.0         
                *for output set

                                                    SPC Force Summary on AUTOSPC'd DOF's
                                                 (in global coordinate system at each grid)
        For detailed information on the SPC forces for the AUTOSPC DOF's, set field 7 (AUTOSPC_SPCF) on the PARAM AUTOSPC entry to Y

                              T1             T2             T3             R1             R2             R3

 ABS AUTOSPC FORCES  :   0.000000E+00   0.000000E+00   0.000000E+00   0.000000E+00   0.000000E+00   0.000000E+00
 AUTOSPC FORCE TOTALS:   0.000000E+00   0.000000E+00   0.000000E+00   0.000000E+00   0.000000E+00   0.000000E+00
     (for output set)

 >> LINK  9 END

    Total CPU time =  6.25E-02 seconds

 >> MYSTRAN END    :  6/27/2026 at 19:32:56.385

                                          * * * END OF JOB * * *
