$ Generated by Mecway 33
$-----------------------EXECUTIVE CONTROL SECTION-----------------------
SOL 101
CEND
$-------------------------CASE CONTROL SECTION--------------------------
DISPLACEMENT = ALL
SPCFORCES = ALL
MPCFORCES = ALL
SPC = 1
LOAD = 1
BEGIN BULK
$---------------------------BULK DATA SECTION---------------------------
GRID           1       0   0.0+0   0.0+0  -1.0-1       0
GRID           2       0   1.0+0   0.0+0   1.0-1       0
GRID           3       0   1.0+0   1.0+0  -1.0-1       0
GRID           4       0   0.0+0   1.0+0   1.0-1       0
GRID           5       0   2.0+0   0.0+0  -1.0-1       0
GRID           6       0   3.0+0   0.0+0   1.0-1       0
GRID           7       0   3.0+0   1.0+0  -1.0-1       0
GRID           8       0   2.0+0   1.0+0   1.0-1       0
GRID           9       0   4.0+0   0.0+0  -1.0-1       0
GRID          10       0   5.0+0   0.0+0   1.0-1       0
GRID          11       0   5.0+0   1.0+0  -1.0-1       0
GRID          12       0   4.0+0   1.0+0   1.0-1       0
GRID          13       0   6.0+0   0.0+0  -1.0-1       0
GRID          14       0   7.0+0   0.0+0   1.0-1       0
GRID          15       0   7.0+0   1.0+0  -1.0-1       0
GRID          16       0   6.0+0   1.0+0   1.0-1       0
GRID          17       0   2.5+0   0.0+0   0.0+0       0
GRID          18       0   3.0+0   5.0-1   0.0+0       0
GRID          19       0   2.5+0   1.0+0   0.0+0       0
GRID          20       0   2.0+0   5.0-1   0.0+0       0
GRID          21       0   2.5+0   5.0-1   0.0+0       0
GRID          22       0   4.5+0   0.0+0   0.0+0       0
GRID          23       0   5.0+0   5.0-1   0.0+0       0
GRID          24       0   4.5+0   1.0+0   0.0+0       0
GRID          25       0   4.0+0   5.0-1   0.0+0       0
GRID          26       0   4.5+0   5.0-1   0.0+0       0
GRID          27       0   6.5+0   0.0+0   0.0+0       0
GRID          28       0   7.0+0   5.0-1   0.0+0       0
GRID          29       0   6.5+0   1.0+0   0.0+0       0
GRID          30       0   6.0+0   5.0-1   0.0+0       0
GRID          31       0   6.5+0   5.0-1   0.0+0       0
GRID          32       0  6.75+0   0.0+0   5.0-2       0
GRID          33       0   7.0+0   2.5-1   5.0-2       0
GRID          34       0  6.75+0   5.0-1   0.0+0       0
GRID          35       0   6.5+0   2.5-1   0.0+0       0
GRID          36       0  6.75+0   2.5-1   2.5-2       0
GRID          37       0   7.0+0   7.5-1  -5.0-2       0
GRID          38       0  6.75+0   1.0+0  -5.0-2       0
GRID          39       0   6.5+0   7.5-1   0.0+0       0
GRID          40       0  6.75+0   7.5-1  -2.5-2       0
GRID          41       0  6.25+0   5.0-1   0.0+0       0
GRID          42       0  6.25+0   1.0+0   5.0-2       0
GRID          43       0   6.0+0   7.5-1   5.0-2       0
GRID          44       0  6.25+0   7.5-1   2.5-2       0
GRID          45       0  4.25+0   0.0+0  -5.0-2       0
GRID          46       0   4.5+0   2.5-1   0.0+0       0
GRID          47       0  4.25+0   5.0-1   0.0+0       0
GRID          48       0   4.0+0   2.5-1  -5.0-2       0
GRID          49       0  4.25+0   2.5-1  -2.5-2       0
GRID          50       0  4.75+0   0.0+0   5.0-2       0
GRID          51       0   5.0+0   2.5-1   5.0-2       0
GRID          52       0  4.75+0   5.0-1   0.0+0       0
GRID          53       0  4.75+0   2.5-1   2.5-2       0
GRID          54       0   5.0+0   7.5-1  -5.0-2       0
GRID          55       0  4.75+0   1.0+0  -5.0-2       0
GRID          56       0   4.5+0   7.5-1   0.0+0       0
GRID          57       0  4.75+0   7.5-1  -2.5-2       0
GRID          58       0  4.25+0   1.0+0   5.0-2       0
GRID          59       0   4.0+0   7.5-1   5.0-2       0
GRID          60       0  4.25+0   7.5-1   2.5-2       0
GRID          61       0  6.25+0   0.0+0  -5.0-2       0
GRID          62       0   6.0+0   2.5-1  -5.0-2       0
GRID          63       0  6.25+0   2.5-1  -2.5-2       0
GRID          64       0 6.125+0   0.0+0  -7.5-2       0
GRID          65       0  6.25+0  1.25-1 -3.75-2       0
GRID          66       0 6.125+0   2.5-1 -3.75-2       0
GRID          67       0   6.0+0  1.25-1  -7.5-2       0
GRID          68       0 6.125+0  1.25-1-5.625-2       0
GRID          69       0 6.375+0   0.0+0  -2.5-2       0
GRID          70       0   6.5+0  1.25-1   0.0+0       0
GRID          71       0 6.375+0   2.5-1 -1.25-2       0
GRID          72       0 6.375+0  1.25-1-1.875-2       0
GRID          73       0   6.5+0  3.75-1   0.0+0       0
GRID          74       0 6.375+0   5.0-1   0.0+0       0
GRID          75       0  6.25+0  3.75-1 -1.25-2       0
GRID          76       0 6.375+0  3.75-1 -6.25-3       0
GRID          77       0 6.125+0   5.0-1   0.0+0       0
GRID          78       0   6.0+0  3.75-1  -2.5-2       0
GRID          79       0 6.125+0  3.75-1-1.875-2       0
GRID          80       0 6.625+0   0.0+0   2.5-2       0
GRID          81       0  6.75+0  1.25-1  3.75-2       0
GRID          82       0 6.625+0   2.5-1  1.25-2       0
GRID          83       0 6.625+0  1.25-1 1.875-2       0
GRID          84       0 6.875+0   0.0+0   7.5-2       0
GRID          85       0   7.0+0  1.25-1   7.5-2       0
GRID          86       0 6.875+0   2.5-1  3.75-2       0
GRID          87       0 6.875+0  1.25-1 5.625-2       0
GRID          88       0   7.0+0  3.75-1   2.5-2       0
GRID          89       0 6.875+0   5.0-1   0.0+0       0
GRID          90       0  6.75+0  3.75-1  1.25-2       0
GRID          91       0 6.875+0  3.75-1 1.875-2       0
GRID          92       0 6.625+0   5.0-1   0.0+0       0
GRID          93       0 6.625+0  3.75-1  6.25-3       0
GRID          94       0  6.75+0  6.25-1 -1.25-2       0
GRID          95       0 6.625+0   7.5-1 -1.25-2       0
GRID          96       0   6.5+0  6.25-1   0.0+0       0
GRID          97       0 6.625+0  6.25-1 -6.25-3       0
GRID          98       0   7.0+0  6.25-1  -2.5-2       0
GRID          99       0 6.875+0   7.5-1 -3.75-2       0
GRID         100       0 6.875+0  6.25-1-1.875-2       0
GRID         101       0   7.0+0  8.75-1  -7.5-2       0
GRID         102       0 6.875+0   1.0+0  -7.5-2       0
GRID         103       0  6.75+0  8.75-1 -3.75-2       0
GRID         104       0 6.875+0  8.75-1-5.625-2       0
GRID         105       0 6.625+0   1.0+0  -2.5-2       0
GRID         106       0   6.5+0  8.75-1   0.0+0       0
GRID         107       0 6.625+0  8.75-1-1.875-2       0
GRID         108       0  6.25+0  6.25-1  1.25-2       0
GRID         109       0 6.125+0   7.5-1  3.75-2       0
GRID         110       0   6.0+0  6.25-1   2.5-2       0
GRID         111       0 6.125+0  6.25-1 1.875-2       0
GRID         112       0 6.375+0   7.5-1  1.25-2       0
GRID         113       0 6.375+0  6.25-1  6.25-3       0
GRID         114       0 6.375+0   1.0+0   2.5-2       0
GRID         115       0  6.25+0  8.75-1  3.75-2       0
GRID         116       0 6.375+0  8.75-1 1.875-2       0
GRID         117       0 6.125+0   1.0+0   7.5-2       0
GRID         118       0   6.0+0  8.75-1   7.5-2       0
GRID         119       0 6.125+0  8.75-1 5.625-2       0
GRID         120       0   8.0+0   0.0+0  -1.0-1       0
GRID         121       0   9.0+0   0.0+0   1.0-1       0
GRID         122       0   9.0+0   1.0+0  -1.0-1       0
GRID         123       0   8.0+0   1.0+0   1.0-1       0
GRID         124       0   8.5+0   0.0+0   0.0+0       0
GRID         125       0   9.0+0   5.0-1   0.0+0       0
GRID         126       0   8.5+0   1.0+0   0.0+0       0
GRID         127       0   8.0+0   5.0-1   0.0+0       0
GRID         128       0   8.5+0   5.0-1   0.0+0       0
GRID         129       0  8.75+0   0.0+0   5.0-2       0
GRID         130       0   9.0+0   2.5-1   5.0-2       0
GRID         131       0  8.75+0   5.0-1   0.0+0       0
GRID         132       0   8.5+0   2.5-1   0.0+0       0
GRID         133       0  8.75+0   2.5-1   2.5-2       0
GRID         134       0   9.0+0   7.5-1  -5.0-2       0
GRID         135       0  8.75+0   1.0+0  -5.0-2       0
GRID         136       0   8.5+0   7.5-1   0.0+0       0
GRID         137       0  8.75+0   7.5-1  -2.5-2       0
GRID         138       0  8.25+0   5.0-1   0.0+0       0
GRID         139       0  8.25+0   1.0+0   5.0-2       0
GRID         140       0   8.0+0   7.5-1   5.0-2       0
GRID         141       0  8.25+0   7.5-1   2.5-2       0
GRID         142       0  8.25+0   0.0+0  -5.0-2       0
GRID         143       0   8.0+0   2.5-1  -5.0-2       0
GRID         144       0  8.25+0   2.5-1  -2.5-2       0
GRID         145       0 8.125+0   0.0+0  -7.5-2       0
GRID         146       0  8.25+0  1.25-1 -3.75-2       0
GRID         147       0 8.125+0   2.5-1 -3.75-2       0
GRID         148       0   8.0+0  1.25-1  -7.5-2       0
GRID         149       0 8.125+0  1.25-1-5.625-2       0
GRID         150       0 8.375+0   0.0+0  -2.5-2       0
GRID         151       0   8.5+0  1.25-1   0.0+0       0
GRID         152       0 8.375+0   2.5-1 -1.25-2       0
GRID         153       0 8.375+0  1.25-1-1.875-2       0
GRID         154       0   8.5+0  3.75-1   0.0+0       0
GRID         155       0 8.375+0   5.0-1   0.0+0       0
GRID         156       0  8.25+0  3.75-1 -1.25-2       0
GRID         157       0 8.375+0  3.75-1 -6.25-3       0
GRID         158       0 8.125+0   5.0-1   0.0+0       0
GRID         159       0   8.0+0  3.75-1  -2.5-2       0
GRID         160       0 8.125+0  3.75-1-1.875-2       0
GRID         161       0 8.625+0   0.0+0   2.5-2       0
GRID         162       0  8.75+0  1.25-1  3.75-2       0
GRID         163       0 8.625+0   2.5-1  1.25-2       0
GRID         164       0 8.625+0  1.25-1 1.875-2       0
GRID         165       0 8.875+0   0.0+0   7.5-2       0
GRID         166       0   9.0+0  1.25-1   7.5-2       0
GRID         167       0 8.875+0   2.5-1  3.75-2       0
GRID         168       0 8.875+0  1.25-1 5.625-2       0
GRID         169       0   9.0+0  3.75-1   2.5-2       0
GRID         170       0 8.875+0   5.0-1   0.0+0       0
GRID         171       0  8.75+0  3.75-1  1.25-2       0
GRID         172       0 8.875+0  3.75-1 1.875-2       0
GRID         173       0 8.625+0   5.0-1   0.0+0       0
GRID         174       0 8.625+0  3.75-1  6.25-3       0
GRID         175       0  8.75+0  6.25-1 -1.25-2       0
GRID         176       0 8.625+0   7.5-1 -1.25-2       0
GRID         177       0   8.5+0  6.25-1   0.0+0       0
GRID         178       0 8.625+0  6.25-1 -6.25-3       0
GRID         179       0   9.0+0  6.25-1  -2.5-2       0
GRID         180       0 8.875+0   7.5-1 -3.75-2       0
GRID         181       0 8.875+0  6.25-1-1.875-2       0
GRID         182       0   9.0+0  8.75-1  -7.5-2       0
GRID         183       0 8.875+0   1.0+0  -7.5-2       0
GRID         184       0  8.75+0  8.75-1 -3.75-2       0
GRID         185       0 8.875+0  8.75-1-5.625-2       0
GRID         186       0 8.625+0   1.0+0  -2.5-2       0
GRID         187       0   8.5+0  8.75-1   0.0+0       0
GRID         188       0 8.625+0  8.75-1-1.875-2       0
GRID         189       0  8.25+0  6.25-1  1.25-2       0
GRID         190       0 8.125+0   7.5-1  3.75-2       0
GRID         191       0   8.0+0  6.25-1   2.5-2       0
GRID         192       0 8.125+0  6.25-1 1.875-2       0
GRID         193       0 8.375+0   7.5-1  1.25-2       0
GRID         194       0 8.375+0  6.25-1  6.25-3       0
GRID         195       0 8.375+0   1.0+0   2.5-2       0
GRID         196       0  8.25+0  8.75-1  3.75-2       0
GRID         197       0 8.375+0  8.75-1 1.875-2       0
GRID         198       0 8.125+0   1.0+0   7.5-2       0
GRID         199       0   8.0+0  8.75-1   7.5-2       0
GRID         200       0 8.125+0  8.75-1 5.625-2       0
GRID*                201               0        8.0625+0           5.0-1*
*                  0.0+0               0
GRID         202       0 8.125+0 5.625-1 9.375-3       0
GRID*                203               0        8.0625+0          6.25-1*
*               2.1875-2               0
GRID         204       0   8.0+0 5.625-1  1.25-2       0
GRID*                205               0        8.0625+0         5.625-1*
*              1.09375-2               0
GRID*                206               0        8.1875+0           5.0-1*
*                  0.0+0               0
GRID         207       0  8.25+0 5.625-1  6.25-3       0
GRID*                208               0        8.1875+0          6.25-1*
*               1.5625-2               0
GRID*                209               0        8.1875+0         5.625-1*
*               7.8125-3               0
GRID         210       0  8.25+0 6.875-1 1.875-2       0
GRID*                211               0        8.1875+0           7.5-1*
*                3.125-2               0
GRID*                212               0         8.125+0         6.875-1*
*               2.8125-2               0
GRID*                213               0        8.1875+0         6.875-1*
*              2.34375-2               0
GRID*                214               0        8.0625+0           7.5-1*
*                4.375-2               0
GRID         215       0   8.0+0 6.875-1  3.75-2       0
GRID*                216               0        8.0625+0         6.875-1*
*              3.28125-2               0
GRID*                217               0        8.3125+0           5.0-1*
*                  0.0+0               0
GRID         218       0 8.375+0 5.625-1 3.125-3       0
GRID*                219               0        8.3125+0          6.25-1*
*                9.375-3               0
GRID*                220               0        8.3125+0         5.625-1*
*               4.6875-3               0
GRID*                221               0        8.4375+0           5.0-1*
*                  0.0+0               0
GRID         222       0   8.5+0 5.625-1   0.0+0       0
GRID*                223               0        8.4375+0          6.25-1*
*                3.125-3               0
GRID*                224               0        8.4375+0         5.625-1*
*               1.5625-3               0
GRID         225       0   8.5+0 6.875-1   0.0+0       0
GRID*                226               0        8.4375+0           7.5-1*
*                 6.25-3               0
GRID         227       0 8.375+0 6.875-1 9.375-3       0
GRID*                228               0        8.4375+0         6.875-1*
*               4.6875-3               0
GRID*                229               0        8.3125+0           7.5-1*
*                1.875-2               0
GRID*                230               0        8.3125+0         6.875-1*
*              1.40625-2               0
GRID*                231               0         8.375+0         8.125-1*
*               1.5625-2               0
GRID*                232               0        8.3125+0          8.75-1*
*               2.8125-2               0
GRID         233       0  8.25+0 8.125-1 3.125-2       0
GRID*                234               0        8.3125+0         8.125-1*
*              2.34375-2               0
GRID         235       0   8.5+0 8.125-1   0.0+0       0
GRID*                236               0        8.4375+0          8.75-1*
*                9.375-3               0
GRID*                237               0        8.4375+0         8.125-1*
*               7.8125-3               0
GRID         238       0   8.5+0 9.375-1   0.0+0       0
GRID*                239               0        8.4375+0           1.0+0*
*                 1.25-2               0
GRID*                240               0         8.375+0         9.375-1*
*               2.1875-2               0
GRID*                241               0        8.4375+0         9.375-1*
*              1.09375-2               0
GRID*                242               0        8.3125+0           1.0+0*
*                 3.75-2               0
GRID         243       0  8.25+0 9.375-1 4.375-2       0
GRID*                244               0        8.3125+0         9.375-1*
*              3.28125-2               0
GRID*                245               0         8.125+0         8.125-1*
*               4.6875-2               0
GRID*                246               0        8.0625+0          8.75-1*
*               6.5625-2               0
GRID         247       0   8.0+0 8.125-1  6.25-2       0
GRID*                248               0        8.0625+0         8.125-1*
*              5.46875-2               0
GRID*                249               0        8.1875+0          8.75-1*
*               4.6875-2               0
GRID*                250               0        8.1875+0         8.125-1*
*              3.90625-2               0
GRID*                251               0        8.1875+0           1.0+0*
*                 6.25-2               0
GRID*                252               0         8.125+0         9.375-1*
*               6.5625-2               0
GRID*                253               0        8.1875+0         9.375-1*
*              5.46875-2               0
GRID*                254               0        8.0625+0           1.0+0*
*                 8.75-2               0
GRID         255       0   8.0+0 9.375-1  8.75-2       0
GRID*                256               0        8.0625+0         9.375-1*
*              7.65625-2               0
GRID*                257               0        8.0625+0           0.0+0*
*                -8.75-2               0
GRID*                258               0         8.125+0          6.25-2*
*              -6.5625-2               0
GRID*                259               0        8.0625+0          1.25-1*
*              -6.5625-2               0
GRID         260       0   8.0+0  6.25-2 -8.75-2       0
GRID*                261               0        8.0625+0          6.25-2*
*             -7.65625-2               0
GRID*                262               0        8.1875+0           0.0+0*
*                -6.25-2               0
GRID         263       0  8.25+0  6.25-2-4.375-2       0
GRID*                264               0        8.1875+0          1.25-1*
*              -4.6875-2               0
GRID*                265               0        8.1875+0          6.25-2*
*             -5.46875-2               0
GRID         266       0  8.25+0 1.875-1-3.125-2       0
GRID*                267               0        8.1875+0           2.5-1*
*               -3.125-2               0
GRID*                268               0         8.125+0         1.875-1*
*              -4.6875-2               0
GRID*                269               0        8.1875+0         1.875-1*
*             -3.90625-2               0
GRID*                270               0        8.0625+0           2.5-1*
*               -4.375-2               0
GRID         271       0   8.0+0 1.875-1 -6.25-2       0
GRID*                272               0        8.0625+0         1.875-1*
*             -5.46875-2               0
GRID*                273               0        8.3125+0           0.0+0*
*                -3.75-2               0
GRID*                274               0         8.375+0          6.25-2*
*              -2.1875-2               0
GRID*                275               0        8.3125+0          1.25-1*
*              -2.8125-2               0
GRID*                276               0        8.3125+0          6.25-2*
*             -3.28125-2               0
GRID*                277               0        8.4375+0           0.0+0*
*                -1.25-2               0
GRID         278       0   8.5+0  6.25-2   0.0+0       0
GRID*                279               0        8.4375+0          1.25-1*
*               -9.375-3               0
GRID*                280               0        8.4375+0          6.25-2*
*             -1.09375-2               0
GRID         281       0   8.5+0 1.875-1   0.0+0       0
GRID*                282               0        8.4375+0           2.5-1*
*                -6.25-3               0
GRID*                283               0         8.375+0         1.875-1*
*              -1.5625-2               0
GRID*                284               0        8.4375+0         1.875-1*
*              -7.8125-3               0
GRID*                285               0        8.3125+0           2.5-1*
*               -1.875-2               0
GRID*                286               0        8.3125+0         1.875-1*
*             -2.34375-2               0
GRID         287       0 8.375+0 3.125-1-9.375-3       0
GRID*                288               0        8.3125+0          3.75-1*
*               -9.375-3               0
GRID         289       0  8.25+0 3.125-1-1.875-2       0
GRID*                290               0        8.3125+0         3.125-1*
*             -1.40625-2               0
GRID         291       0   8.5+0 3.125-1   0.0+0       0
GRID*                292               0        8.4375+0          3.75-1*
*               -3.125-3               0
GRID*                293               0        8.4375+0         3.125-1*
*              -4.6875-3               0
GRID         294       0   8.5+0 4.375-1   0.0+0       0
GRID         295       0 8.375+0 4.375-1-3.125-3       0
GRID*                296               0        8.4375+0         4.375-1*
*              -1.5625-3               0
GRID         297       0  8.25+0 4.375-1 -6.25-3       0
GRID*                298               0        8.3125+0         4.375-1*
*              -4.6875-3               0
GRID*                299               0         8.125+0         3.125-1*
*              -2.8125-2               0
GRID*                300               0        8.0625+0          3.75-1*
*              -2.1875-2               0
GRID         301       0   8.0+0 3.125-1 -3.75-2       0
GRID*                302               0        8.0625+0         3.125-1*
*             -3.28125-2               0
GRID*                303               0        8.1875+0          3.75-1*
*              -1.5625-2               0
GRID*                304               0        8.1875+0         3.125-1*
*             -2.34375-2               0
GRID         305       0 8.125+0 4.375-1-9.375-3       0
GRID*                306               0        8.1875+0         4.375-1*
*              -7.8125-3               0
GRID         307       0   8.0+0 4.375-1 -1.25-2       0
GRID*                308               0        8.0625+0         4.375-1*
*             -1.09375-2               0
GRID*                309               0        8.5625+0           0.0+0*
*                 1.25-2               0
GRID*                310               0         8.625+0          6.25-2*
*               2.1875-2               0
GRID*                311               0        8.5625+0          1.25-1*
*                9.375-3               0
GRID*                312               0        8.5625+0          6.25-2*
*              1.09375-2               0
GRID*                313               0        8.6875+0           0.0+0*
*                 3.75-2               0
GRID         314       0  8.75+0  6.25-2 4.375-2       0
GRID*                315               0        8.6875+0          1.25-1*
*               2.8125-2               0
GRID*                316               0        8.6875+0          6.25-2*
*              3.28125-2               0
GRID         317       0  8.75+0 1.875-1 3.125-2       0
GRID*                318               0        8.6875+0           2.5-1*
*                1.875-2               0
GRID*                319               0         8.625+0         1.875-1*
*               1.5625-2               0
GRID*                320               0        8.6875+0         1.875-1*
*              2.34375-2               0
GRID*                321               0        8.5625+0           2.5-1*
*                 6.25-3               0
GRID*                322               0        8.5625+0         1.875-1*
*               7.8125-3               0
GRID*                323               0        8.8125+0           0.0+0*
*                 6.25-2               0
GRID*                324               0         8.875+0          6.25-2*
*               6.5625-2               0
GRID*                325               0        8.8125+0          1.25-1*
*               4.6875-2               0
GRID*                326               0        8.8125+0          6.25-2*
*              5.46875-2               0
GRID*                327               0        8.9375+0           0.0+0*
*                 8.75-2               0
GRID         328       0   9.0+0  6.25-2  8.75-2       0
GRID*                329               0        8.9375+0          1.25-1*
*               6.5625-2               0
GRID*                330               0        8.9375+0          6.25-2*
*              7.65625-2               0
GRID         331       0   9.0+0 1.875-1  6.25-2       0
GRID*                332               0        8.9375+0           2.5-1*
*                4.375-2               0
GRID*                333               0         8.875+0         1.875-1*
*               4.6875-2               0
GRID*                334               0        8.9375+0         1.875-1*
*              5.46875-2               0
GRID*                335               0        8.8125+0           2.5-1*
*                3.125-2               0
GRID*                336               0        8.8125+0         1.875-1*
*              3.90625-2               0
GRID*                337               0         8.875+0         3.125-1*
*               2.8125-2               0
GRID*                338               0        8.8125+0          3.75-1*
*               1.5625-2               0
GRID         339       0  8.75+0 3.125-1 1.875-2       0
GRID*                340               0        8.8125+0         3.125-1*
*              2.34375-2               0
GRID         341       0   9.0+0 3.125-1  3.75-2       0
GRID*                342               0        8.9375+0          3.75-1*
*               2.1875-2               0
GRID*                343               0        8.9375+0         3.125-1*
*              3.28125-2               0
GRID         344       0   9.0+0 4.375-1  1.25-2       0
GRID*                345               0        8.9375+0           5.0-1*
*                  0.0+0               0
GRID         346       0 8.875+0 4.375-1 9.375-3       0
GRID*                347               0        8.9375+0         4.375-1*
*              1.09375-2               0
GRID*                348               0        8.8125+0           5.0-1*
*                  0.0+0               0
GRID         349       0  8.75+0 4.375-1  6.25-3       0
GRID*                350               0        8.8125+0         4.375-1*
*               7.8125-3               0
GRID         351       0 8.625+0 3.125-1 9.375-3       0
GRID*                352               0        8.5625+0          3.75-1*
*                3.125-3               0
GRID*                353               0        8.5625+0         3.125-1*
*               4.6875-3               0
GRID*                354               0        8.6875+0          3.75-1*
*                9.375-3               0
GRID*                355               0        8.6875+0         3.125-1*
*              1.40625-2               0
GRID*                356               0        8.6875+0           5.0-1*
*                  0.0+0               0
GRID         357       0 8.625+0 4.375-1 3.125-3       0
GRID*                358               0        8.6875+0         4.375-1*
*               4.6875-3               0
GRID*                359               0        8.5625+0           5.0-1*
*                  0.0+0               0
GRID*                360               0        8.5625+0         4.375-1*
*               1.5625-3               0
GRID         361       0 8.625+0 5.625-1-3.125-3       0
GRID*                362               0        8.5625+0          6.25-1*
*               -3.125-3               0
GRID*                363               0        8.5625+0         5.625-1*
*              -1.5625-3               0
GRID         364       0  8.75+0 5.625-1 -6.25-3       0
GRID*                365               0        8.6875+0          6.25-1*
*               -9.375-3               0
GRID*                366               0        8.6875+0         5.625-1*
*              -4.6875-3               0
GRID         367       0  8.75+0 6.875-1-1.875-2       0
GRID*                368               0        8.6875+0           7.5-1*
*               -1.875-2               0
GRID         369       0 8.625+0 6.875-1-9.375-3       0
GRID*                370               0        8.6875+0         6.875-1*
*             -1.40625-2               0
GRID*                371               0        8.5625+0           7.5-1*
*                -6.25-3               0
GRID*                372               0        8.5625+0         6.875-1*
*              -4.6875-3               0
GRID         373       0 8.875+0 5.625-1-9.375-3       0
GRID*                374               0        8.8125+0          6.25-1*
*              -1.5625-2               0
GRID*                375               0        8.8125+0         5.625-1*
*              -7.8125-3               0
GRID         376       0   9.0+0 5.625-1 -1.25-2       0
GRID*                377               0        8.9375+0          6.25-1*
*              -2.1875-2               0
GRID*                378               0        8.9375+0         5.625-1*
*             -1.09375-2               0
GRID         379       0   9.0+0 6.875-1 -3.75-2       0
GRID*                380               0        8.9375+0           7.5-1*
*               -4.375-2               0
GRID*                381               0         8.875+0         6.875-1*
*              -2.8125-2               0
GRID*                382               0        8.9375+0         6.875-1*
*             -3.28125-2               0
GRID*                383               0        8.8125+0           7.5-1*
*               -3.125-2               0
GRID*                384               0        8.8125+0         6.875-1*
*             -2.34375-2               0
GRID*                385               0         8.875+0         8.125-1*
*              -4.6875-2               0
GRID*                386               0        8.8125+0          8.75-1*
*              -4.6875-2               0
GRID         387       0  8.75+0 8.125-1-3.125-2       0
GRID*                388               0        8.8125+0         8.125-1*
*             -3.90625-2               0
GRID         389       0   9.0+0 8.125-1 -6.25-2       0
GRID*                390               0        8.9375+0          8.75-1*
*              -6.5625-2               0
GRID*                391               0        8.9375+0         8.125-1*
*             -5.46875-2               0
GRID         392       0   9.0+0 9.375-1 -8.75-2       0
GRID*                393               0        8.9375+0           1.0+0*
*                -8.75-2               0
GRID*                394               0         8.875+0         9.375-1*
*              -6.5625-2               0
GRID*                395               0        8.9375+0         9.375-1*
*             -7.65625-2               0
GRID*                396               0        8.8125+0           1.0+0*
*                -6.25-2               0
GRID         397       0  8.75+0 9.375-1-4.375-2       0
GRID*                398               0        8.8125+0         9.375-1*
*             -5.46875-2               0
GRID*                399               0         8.625+0         8.125-1*
*              -1.5625-2               0
GRID*                400               0        8.5625+0          8.75-1*
*               -9.375-3               0
GRID*                401               0        8.5625+0         8.125-1*
*              -7.8125-3               0
GRID*                402               0        8.6875+0          8.75-1*
*              -2.8125-2               0
GRID*                403               0        8.6875+0         8.125-1*
*             -2.34375-2               0
GRID*                404               0        8.6875+0           1.0+0*
*                -3.75-2               0
GRID*                405               0         8.625+0         9.375-1*
*              -2.1875-2               0
GRID*                406               0        8.6875+0         9.375-1*
*             -3.28125-2               0
GRID*                407               0        8.5625+0           1.0+0*
*                -1.25-2               0
GRID*                408               0        8.5625+0         9.375-1*
*             -1.09375-2               0
GRID         409       0   1.0+1   0.0+0  -1.0-1       0
GRID         410       0   1.1+1   0.0+0   1.0-1       0
GRID         411       0   1.1+1   1.0+0  -1.0-1       0
GRID         412       0   1.0+1   1.0+0   1.0-1       0
GRID         413       0  1.05+1   0.0+0   0.0+0       0
GRID         414       0   1.1+1   5.0-1   0.0+0       0
GRID         415       0  1.05+1   1.0+0   0.0+0       0
GRID         416       0   1.0+1   5.0-1   0.0+0       0
GRID         417       0  1.05+1   5.0-1   0.0+0       0
GRID         418       0 1.075+1   0.0+0   5.0-2       0
GRID         419       0   1.1+1   2.5-1   5.0-2       0
GRID         420       0 1.075+1   5.0-1   0.0+0       0
GRID         421       0  1.05+1   2.5-1   0.0+0       0
GRID         422       0 1.075+1   2.5-1   2.5-2       0
GRID         423       0   1.1+1   7.5-1  -5.0-2       0
GRID         424       0 1.075+1   1.0+0  -5.0-2       0
GRID         425       0  1.05+1   7.5-1   0.0+0       0
GRID         426       0 1.075+1   7.5-1  -2.5-2       0
GRID         427       0 1.025+1   5.0-1   0.0+0       0
GRID         428       0 1.025+1   1.0+0   5.0-2       0
GRID         429       0   1.0+1   7.5-1   5.0-2       0
GRID         430       0 1.025+1   7.5-1   2.5-2       0
GRID         431       0 1.025+1   0.0+0  -5.0-2       0
GRID         432       0   1.0+1   2.5-1  -5.0-2       0
GRID         433       0 1.025+1   2.5-1  -2.5-2       0
GRID*                434               0        1.0125+1           0.0+0*
*                 -7.5-2               0
GRID         435       0 1.025+1  1.25-1 -3.75-2       0
GRID*                436               0        1.0125+1           2.5-1*
*                -3.75-2               0
GRID         437       0   1.0+1  1.25-1  -7.5-2       0
GRID*                438               0        1.0125+1          1.25-1*
*               -5.625-2               0
GRID*                439               0        1.0375+1           0.0+0*
*                 -2.5-2               0
GRID         440       0  1.05+1  1.25-1   0.0+0       0
GRID*                441               0        1.0375+1           2.5-1*
*                -1.25-2               0
GRID*                442               0        1.0375+1          1.25-1*
*               -1.875-2               0
GRID         443       0  1.05+1  3.75-1   0.0+0       0
GRID*                444               0        1.0375+1           5.0-1*
*                  0.0+0               0
GRID         445       0 1.025+1  3.75-1 -1.25-2       0
GRID*                446               0        1.0375+1          3.75-1*
*                -6.25-3               0
GRID*                447               0        1.0125+1           5.0-1*
*                  0.0+0               0
GRID         448       0   1.0+1  3.75-1  -2.5-2       0
GRID*                449               0        1.0125+1          3.75-1*
*               -1.875-2               0
GRID*                450               0        1.0625+1           0.0+0*
*                  2.5-2               0
GRID         451       0 1.075+1  1.25-1  3.75-2       0
GRID*                452               0        1.0625+1           2.5-1*
*                 1.25-2               0
GRID*                453               0        1.0625+1          1.25-1*
*                1.875-2               0
GRID*                454               0        1.0875+1           0.0+0*
*                  7.5-2               0
GRID         455       0   1.1+1  1.25-1   7.5-2       0
GRID*                456               0        1.0875+1           2.5-1*
*                 3.75-2               0
GRID*                457               0        1.0875+1          1.25-1*
*                5.625-2               0
GRID         458       0   1.1+1  3.75-1   2.5-2       0
GRID*                459               0        1.0875+1           5.0-1*
*                  0.0+0               0
GRID         460       0 1.075+1  3.75-1  1.25-2       0
GRID*                461               0        1.0875+1          3.75-1*
*                1.875-2               0
GRID*                462               0        1.0625+1           5.0-1*
*                  0.0+0               0
GRID*                463               0        1.0625+1          3.75-1*
*                 6.25-3               0
GRID         464       0 1.075+1  6.25-1 -1.25-2       0
GRID*                465               0        1.0625+1           7.5-1*
*                -1.25-2               0
GRID         466       0  1.05+1  6.25-1   0.0+0       0
GRID*                467               0        1.0625+1          6.25-1*
*                -6.25-3               0
GRID         468       0   1.1+1  6.25-1  -2.5-2       0
GRID*                469               0        1.0875+1           7.5-1*
*                -3.75-2               0
GRID*                470               0        1.0875+1          6.25-1*
*               -1.875-2               0
GRID         471       0   1.1+1  8.75-1  -7.5-2       0
GRID*                472               0        1.0875+1           1.0+0*
*                 -7.5-2               0
GRID         473       0 1.075+1  8.75-1 -3.75-2       0
GRID*                474               0        1.0875+1          8.75-1*
*               -5.625-2               0
GRID*                475               0        1.0625+1           1.0+0*
*                 -2.5-2               0
GRID         476       0  1.05+1  8.75-1   0.0+0       0
GRID*                477               0        1.0625+1          8.75-1*
*               -1.875-2               0
GRID         478       0 1.025+1  6.25-1  1.25-2       0
GRID*                479               0        1.0125+1           7.5-1*
*                 3.75-2               0
GRID         480       0   1.0+1  6.25-1   2.5-2       0
GRID*                481               0        1.0125+1          6.25-1*
*                1.875-2               0
GRID*                482               0        1.0375+1           7.5-1*
*                 1.25-2               0
GRID*                483               0        1.0375+1          6.25-1*
*                 6.25-3               0
GRID*                484               0        1.0375+1           1.0+0*
*                  2.5-2               0
GRID         485       0 1.025+1  8.75-1  3.75-2       0
GRID*                486               0        1.0375+1          8.75-1*
*                1.875-2               0
GRID*                487               0        1.0125+1           1.0+0*
*                  7.5-2               0
GRID         488       0   1.0+1  8.75-1   7.5-2       0
GRID*                489               0        1.0125+1          8.75-1*
*                5.625-2               0
GRID*                490               0       1.00625+1           5.0-1*
*                  0.0+0               0
GRID*                491               0        1.0125+1         5.625-1*
*                9.375-3               0
GRID*                492               0       1.00625+1          6.25-1*
*               2.1875-2               0
GRID         493       0   1.0+1 5.625-1  1.25-2       0
GRID*                494               0       1.00625+1         5.625-1*
*              1.09375-2               0
GRID*                495               0       1.01875+1           5.0-1*
*                  0.0+0               0
GRID         496       0 1.025+1 5.625-1  6.25-3       0
GRID*                497               0       1.01875+1          6.25-1*
*               1.5625-2               0
GRID*                498               0       1.01875+1         5.625-1*
*               7.8125-3               0
GRID         499       0 1.025+1 6.875-1 1.875-2       0
GRID*                500               0       1.01875+1           7.5-1*
*                3.125-2               0
GRID*                501               0        1.0125+1         6.875-1*
*               2.8125-2               0
GRID*                502               0       1.01875+1         6.875-1*
*              2.34375-2               0
GRID*                503               0       1.00625+1           7.5-1*
*                4.375-2               0
GRID         504       0   1.0+1 6.875-1  3.75-2       0
GRID*                505               0       1.00625+1         6.875-1*
*              3.28125-2               0
GRID*                506               0       1.03125+1           5.0-1*
*                  0.0+0               0
GRID*                507               0        1.0375+1         5.625-1*
*                3.125-3               0
GRID*                508               0       1.03125+1          6.25-1*
*                9.375-3               0
GRID*                509               0       1.03125+1         5.625-1*
*               4.6875-3               0
GRID*                510               0       1.04375+1           5.0-1*
*                  0.0+0               0
GRID         511       0  1.05+1 5.625-1   0.0+0       0
GRID*                512               0       1.04375+1          6.25-1*
*                3.125-3               0
GRID*                513               0       1.04375+1         5.625-1*
*               1.5625-3               0
GRID         514       0  1.05+1 6.875-1   0.0+0       0
GRID*                515               0       1.04375+1           7.5-1*
*                 6.25-3               0
GRID*                516               0        1.0375+1         6.875-1*
*                9.375-3               0
GRID*                517               0       1.04375+1         6.875-1*
*               4.6875-3               0
GRID*                518               0       1.03125+1           7.5-1*
*                1.875-2               0
GRID*                519               0       1.03125+1         6.875-1*
*              1.40625-2               0
GRID*                520               0        1.0375+1         8.125-1*
*               1.5625-2               0
GRID*                521               0       1.03125+1          8.75-1*
*               2.8125-2               0
GRID         522       0 1.025+1 8.125-1 3.125-2       0
GRID*                523               0       1.03125+1         8.125-1*
*              2.34375-2               0
GRID         524       0  1.05+1 8.125-1   0.0+0       0
GRID*                525               0       1.04375+1          8.75-1*
*                9.375-3               0
GRID*                526               0       1.04375+1         8.125-1*
*               7.8125-3               0
GRID         527       0  1.05+1 9.375-1   0.0+0       0
GRID*                528               0       1.04375+1           1.0+0*
*                 1.25-2               0
GRID*                529               0        1.0375+1         9.375-1*
*               2.1875-2               0
GRID*                530               0       1.04375+1         9.375-1*
*              1.09375-2               0
GRID*                531               0       1.03125+1           1.0+0*
*                 3.75-2               0
GRID         532       0 1.025+1 9.375-1 4.375-2       0
GRID*                533               0       1.03125+1         9.375-1*
*              3.28125-2               0
GRID*                534               0        1.0125+1         8.125-1*
*               4.6875-2               0
GRID*                535               0       1.00625+1          8.75-1*
*               6.5625-2               0
GRID         536       0   1.0+1 8.125-1  6.25-2       0
GRID*                537               0       1.00625+1         8.125-1*
*              5.46875-2               0
GRID*                538               0       1.01875+1          8.75-1*
*               4.6875-2               0
GRID*                539               0       1.01875+1         8.125-1*
*              3.90625-2               0
GRID*                540               0       1.01875+1           1.0+0*
*                 6.25-2               0
GRID*                541               0        1.0125+1         9.375-1*
*               6.5625-2               0
GRID*                542               0       1.01875+1         9.375-1*
*              5.46875-2               0
GRID*                543               0       1.00625+1           1.0+0*
*                 8.75-2               0
GRID         544       0   1.0+1 9.375-1  8.75-2       0
GRID*                545               0       1.00625+1         9.375-1*
*              7.65625-2               0
GRID*                546               0       1.00625+1           0.0+0*
*                -8.75-2               0
GRID*                547               0        1.0125+1          6.25-2*
*              -6.5625-2               0
GRID*                548               0       1.00625+1          1.25-1*
*              -6.5625-2               0
GRID         549       0   1.0+1  6.25-2 -8.75-2       0
GRID*                550               0       1.00625+1          6.25-2*
*             -7.65625-2               0
GRID*                551               0       1.01875+1           0.0+0*
*                -6.25-2               0
GRID         552       0 1.025+1  6.25-2-4.375-2       0
GRID*                553               0       1.01875+1          1.25-1*
*              -4.6875-2               0
GRID*                554               0       1.01875+1          6.25-2*
*             -5.46875-2               0
GRID         555       0 1.025+1 1.875-1-3.125-2       0
GRID*                556               0       1.01875+1           2.5-1*
*               -3.125-2               0
GRID*                557               0        1.0125+1         1.875-1*
*              -4.6875-2               0
GRID*                558               0       1.01875+1         1.875-1*
*             -3.90625-2               0
GRID*                559               0       1.00625+1           2.5-1*
*               -4.375-2               0
GRID         560       0   1.0+1 1.875-1 -6.25-2       0
GRID*                561               0       1.00625+1         1.875-1*
*             -5.46875-2               0
GRID*                562               0       1.03125+1           0.0+0*
*                -3.75-2               0
GRID*                563               0        1.0375+1          6.25-2*
*              -2.1875-2               0
GRID*                564               0       1.03125+1          1.25-1*
*              -2.8125-2               0
GRID*                565               0       1.03125+1          6.25-2*
*             -3.28125-2               0
GRID*                566               0       1.04375+1           0.0+0*
*                -1.25-2               0
GRID         567       0  1.05+1  6.25-2   0.0+0       0
GRID*                568               0       1.04375+1          1.25-1*
*               -9.375-3               0
GRID*                569               0       1.04375+1          6.25-2*
*             -1.09375-2               0
GRID         570       0  1.05+1 1.875-1   0.0+0       0
GRID*                571               0       1.04375+1           2.5-1*
*                -6.25-3               0
GRID*                572               0        1.0375+1         1.875-1*
*              -1.5625-2               0
GRID*                573               0       1.04375+1         1.875-1*
*              -7.8125-3               0
GRID*                574               0       1.03125+1           2.5-1*
*               -1.875-2               0
GRID*                575               0       1.03125+1         1.875-1*
*             -2.34375-2               0
GRID*                576               0        1.0375+1         3.125-1*
*               -9.375-3               0
GRID*                577               0       1.03125+1          3.75-1*
*               -9.375-3               0
GRID         578       0 1.025+1 3.125-1-1.875-2       0
GRID*                579               0       1.03125+1         3.125-1*
*             -1.40625-2               0
GRID         580       0  1.05+1 3.125-1   0.0+0       0
GRID*                581               0       1.04375+1          3.75-1*
*               -3.125-3               0
GRID*                582               0       1.04375+1         3.125-1*
*              -4.6875-3               0
GRID         583       0  1.05+1 4.375-1   0.0+0       0
GRID*                584               0        1.0375+1         4.375-1*
*               -3.125-3               0
GRID*                585               0       1.04375+1         4.375-1*
*              -1.5625-3               0
GRID         586       0 1.025+1 4.375-1 -6.25-3       0
GRID*                587               0       1.03125+1         4.375-1*
*              -4.6875-3               0
GRID*                588               0        1.0125+1         3.125-1*
*              -2.8125-2               0
GRID*                589               0       1.00625+1          3.75-1*
*              -2.1875-2               0
GRID         590       0   1.0+1 3.125-1 -3.75-2       0
GRID*                591               0       1.00625+1         3.125-1*
*             -3.28125-2               0
GRID*                592               0       1.01875+1          3.75-1*
*              -1.5625-2               0
GRID*                593               0       1.01875+1         3.125-1*
*             -2.34375-2               0
GRID*                594               0        1.0125+1         4.375-1*
*               -9.375-3               0
GRID*                595               0       1.01875+1         4.375-1*
*              -7.8125-3               0
GRID         596       0   1.0+1 4.375-1 -1.25-2       0
GRID*                597               0       1.00625+1         4.375-1*
*             -1.09375-2               0
GRID*                598               0       1.05625+1           0.0+0*
*                 1.25-2               0
GRID*                599               0        1.0625+1          6.25-2*
*               2.1875-2               0
GRID*                600               0       1.05625+1          1.25-1*
*                9.375-3               0
GRID*                601               0       1.05625+1          6.25-2*
*              1.09375-2               0
GRID*                602               0       1.06875+1           0.0+0*
*                 3.75-2               0
GRID         603       0 1.075+1  6.25-2 4.375-2       0
GRID*                604               0       1.06875+1          1.25-1*
*               2.8125-2               0
GRID*                605               0       1.06875+1          6.25-2*
*              3.28125-2               0
GRID         606       0 1.075+1 1.875-1 3.125-2       0
GRID*                607               0       1.06875+1           2.5-1*
*                1.875-2               0
GRID*                608               0        1.0625+1         1.875-1*
*               1.5625-2               0
GRID*                609               0       1.06875+1         1.875-1*
*              2.34375-2               0
GRID*                610               0       1.05625+1           2.5-1*
*                 6.25-3               0
GRID*                611               0       1.05625+1         1.875-1*
*               7.8125-3               0
GRID*                612               0       1.08125+1           0.0+0*
*                 6.25-2               0
GRID*                613               0        1.0875+1          6.25-2*
*               6.5625-2               0
GRID*                614               0       1.08125+1          1.25-1*
*               4.6875-2               0
GRID*                615               0       1.08125+1          6.25-2*
*              5.46875-2               0
GRID*                616               0       1.09375+1           0.0+0*
*                 8.75-2               0
GRID         617       0   1.1+1  6.25-2  8.75-2       0
GRID*                618               0       1.09375+1          1.25-1*
*               6.5625-2               0
GRID*                619               0       1.09375+1          6.25-2*
*              7.65625-2               0
GRID         620       0   1.1+1 1.875-1  6.25-2       0
GRID*                621               0       1.09375+1           2.5-1*
*                4.375-2               0
GRID*                622               0        1.0875+1         1.875-1*
*               4.6875-2               0
GRID*                623               0       1.09375+1         1.875-1*
*              5.46875-2               0
GRID*                624               0       1.08125+1           2.5-1*
*                3.125-2               0
GRID*                625               0       1.08125+1         1.875-1*
*              3.90625-2               0
GRID*                626               0        1.0875+1         3.125-1*
*               2.8125-2               0
GRID*                627               0       1.08125+1          3.75-1*
*               1.5625-2               0
GRID         628       0 1.075+1 3.125-1 1.875-2       0
GRID*                629               0       1.08125+1         3.125-1*
*              2.34375-2               0
GRID         630       0   1.1+1 3.125-1  3.75-2       0
GRID*                631               0       1.09375+1          3.75-1*
*               2.1875-2               0
GRID*                632               0       1.09375+1         3.125-1*
*              3.28125-2               0
GRID         633       0   1.1+1 4.375-1  1.25-2       0
GRID*                634               0       1.09375+1           5.0-1*
*                  0.0+0               0
GRID*                635               0        1.0875+1         4.375-1*
*                9.375-3               0
GRID*                636               0       1.09375+1         4.375-1*
*              1.09375-2               0
GRID*                637               0       1.08125+1           5.0-1*
*                  0.0+0               0
GRID         638       0 1.075+1 4.375-1  6.25-3       0
GRID*                639               0       1.08125+1         4.375-1*
*               7.8125-3               0
GRID*                640               0        1.0625+1         3.125-1*
*                9.375-3               0
GRID*                641               0       1.05625+1          3.75-1*
*                3.125-3               0
GRID*                642               0       1.05625+1         3.125-1*
*               4.6875-3               0
GRID*                643               0       1.06875+1          3.75-1*
*                9.375-3               0
GRID*                644               0       1.06875+1         3.125-1*
*              1.40625-2               0
GRID*                645               0       1.06875+1           5.0-1*
*                  0.0+0               0
GRID*                646               0        1.0625+1         4.375-1*
*                3.125-3               0
GRID*                647               0       1.06875+1         4.375-1*
*               4.6875-3               0
GRID*                648               0       1.05625+1           5.0-1*
*                  0.0+0               0
GRID*                649               0       1.05625+1         4.375-1*
*               1.5625-3               0
GRID*                650               0        1.0625+1         5.625-1*
*               -3.125-3               0
GRID*                651               0       1.05625+1          6.25-1*
*               -3.125-3               0
GRID*                652               0       1.05625+1         5.625-1*
*              -1.5625-3               0
GRID         653       0 1.075+1 5.625-1 -6.25-3       0
GRID*                654               0       1.06875+1          6.25-1*
*               -9.375-3               0
GRID*                655               0       1.06875+1         5.625-1*
*              -4.6875-3               0
GRID         656       0 1.075+1 6.875-1-1.875-2       0
GRID*                657               0       1.06875+1           7.5-1*
*               -1.875-2               0
GRID*                658               0        1.0625+1         6.875-1*
*               -9.375-3               0
GRID*                659               0       1.06875+1         6.875-1*
*             -1.40625-2               0
GRID*                660               0       1.05625+1           7.5-1*
*                -6.25-3               0
GRID*                661               0       1.05625+1         6.875-1*
*              -4.6875-3               0
GRID*                662               0        1.0875+1         5.625-1*
*               -9.375-3               0
GRID*                663               0       1.08125+1          6.25-1*
*              -1.5625-2               0
GRID*                664               0       1.08125+1         5.625-1*
*              -7.8125-3               0
GRID         665       0   1.1+1 5.625-1 -1.25-2       0
GRID*                666               0       1.09375+1          6.25-1*
*              -2.1875-2               0
GRID*                667               0       1.09375+1         5.625-1*
*             -1.09375-2               0
GRID         668       0   1.1+1 6.875-1 -3.75-2       0
GRID*                669               0       1.09375+1           7.5-1*
*               -4.375-2               0
GRID*                670               0        1.0875+1         6.875-1*
*              -2.8125-2               0
GRID*                671               0       1.09375+1         6.875-1*
*             -3.28125-2               0
GRID*                672               0       1.08125+1           7.5-1*
*               -3.125-2               0
GRID*                673               0       1.08125+1         6.875-1*
*             -2.34375-2               0
GRID*                674               0        1.0875+1         8.125-1*
*              -4.6875-2               0
GRID*                675               0       1.08125+1          8.75-1*
*              -4.6875-2               0
GRID         676       0 1.075+1 8.125-1-3.125-2       0
GRID*                677               0       1.08125+1         8.125-1*
*             -3.90625-2               0
GRID         678       0   1.1+1 8.125-1 -6.25-2       0
GRID*                679               0       1.09375+1          8.75-1*
*              -6.5625-2               0
GRID*                680               0       1.09375+1         8.125-1*
*             -5.46875-2               0
GRID         681       0   1.1+1 9.375-1 -8.75-2       0
GRID*                682               0       1.09375+1           1.0+0*
*                -8.75-2               0
GRID*                683               0        1.0875+1         9.375-1*
*              -6.5625-2               0
GRID*                684               0       1.09375+1         9.375-1*
*             -7.65625-2               0
GRID*                685               0       1.08125+1           1.0+0*
*                -6.25-2               0
GRID         686       0 1.075+1 9.375-1-4.375-2       0
GRID*                687               0       1.08125+1         9.375-1*
*             -5.46875-2               0
GRID*                688               0        1.0625+1         8.125-1*
*              -1.5625-2               0
GRID*                689               0       1.05625+1          8.75-1*
*               -9.375-3               0
GRID*                690               0       1.05625+1         8.125-1*
*              -7.8125-3               0
GRID*                691               0       1.06875+1          8.75-1*
*              -2.8125-2               0
GRID*                692               0       1.06875+1         8.125-1*
*             -2.34375-2               0
GRID*                693               0       1.06875+1           1.0+0*
*                -3.75-2               0
GRID*                694               0        1.0625+1         9.375-1*
*              -2.1875-2               0
GRID*                695               0       1.06875+1         9.375-1*
*             -3.28125-2               0
GRID*                696               0       1.05625+1           1.0+0*
*                -1.25-2               0
GRID*                697               0       1.05625+1         9.375-1*
*             -1.09375-2               0
GRID*                698               0      1.053125+1           5.0-1*
*                  0.0+0               0
GRID*                699               0       1.05625+1        5.3125-1*
*              -7.8125-4               0
GRID*                700               0      1.053125+1         5.625-1*
*              -7.8125-4               0
GRID*                701               0          1.05+1        5.3125-1*
*                  0.0+0               0
GRID*                702               0      1.053125+1        5.3125-1*
*             -3.90625-4               0
GRID*                703               0      1.059375+1           5.0-1*
*                  0.0+0               0
GRID*                704               0        1.0625+1        5.3125-1*
*              -1.5625-3               0
GRID*                705               0      1.059375+1         5.625-1*
*             -2.34375-3               0
GRID*                706               0      1.059375+1        5.3125-1*
*            -1.171875-3               0
GRID*                707               0        1.0625+1        5.9375-1*
*              -4.6875-3               0
GRID*                708               0      1.059375+1          6.25-1*
*              -4.6875-3               0
GRID*                709               0       1.05625+1        5.9375-1*
*             -2.34375-3               0
GRID*                710               0      1.059375+1        5.9375-1*
*            -3.515625-3               0
GRID*                711               0      1.053125+1          6.25-1*
*              -1.5625-3               0
GRID*                712               0          1.05+1        5.9375-1*
*                  0.0+0               0
GRID*                713               0      1.053125+1        5.9375-1*
*            -1.171875-3               0
GRID*                714               0      1.065625+1           5.0-1*
*                  0.0+0               0
GRID*                715               0       1.06875+1        5.3125-1*
*             -2.34375-3               0
GRID*                716               0      1.065625+1         5.625-1*
*             -3.90625-3               0
GRID*                717               0      1.065625+1        5.3125-1*
*            -1.953125-3               0
GRID*                718               0      1.071875+1           5.0-1*
*                  0.0+0               0
GRID*                719               0         1.075+1        5.3125-1*
*               -3.125-3               0
GRID*                720               0      1.071875+1         5.625-1*
*             -5.46875-3               0
GRID*                721               0      1.071875+1        5.3125-1*
*            -2.734375-3               0
GRID*                722               0         1.075+1        5.9375-1*
*               -9.375-3               0
GRID*                723               0      1.071875+1          6.25-1*
*             -1.09375-2               0
GRID*                724               0       1.06875+1        5.9375-1*
*             -7.03125-3               0
GRID*                725               0      1.071875+1        5.9375-1*
*            -8.203125-3               0
GRID*                726               0      1.065625+1          6.25-1*
*              -7.8125-3               0
GRID*                727               0      1.065625+1        5.9375-1*
*            -5.859375-3               0
GRID*                728               0       1.06875+1        6.5625-1*
*            -1.171875-2               0
GRID*                729               0      1.065625+1         6.875-1*
*            -1.171875-2               0
GRID*                730               0        1.0625+1        6.5625-1*
*              -7.8125-3               0
GRID*                731               0      1.065625+1        6.5625-1*
*            -9.765625-3               0
GRID*                732               0         1.075+1        6.5625-1*
*              -1.5625-2               0
GRID*                733               0      1.071875+1         6.875-1*
*            -1.640625-2               0
GRID*                734               0      1.071875+1        6.5625-1*
*           -1.3671875-2               0
GRID*                735               0         1.075+1        7.1875-1*
*              -2.1875-2               0
GRID*                736               0      1.071875+1           7.5-1*
*              -2.1875-2               0
GRID*                737               0       1.06875+1        7.1875-1*
*            -1.640625-2               0
GRID*                738               0      1.071875+1        7.1875-1*
*           -1.9140625-2               0
GRID*                739               0      1.065625+1           7.5-1*
*              -1.5625-2               0
GRID*                740               0        1.0625+1        7.1875-1*
*             -1.09375-2               0
GRID*                741               0      1.065625+1        7.1875-1*
*           -1.3671875-2               0
GRID*                742               0       1.05625+1        6.5625-1*
*             -3.90625-3               0
GRID*                743               0      1.053125+1         6.875-1*
*             -2.34375-3               0
GRID*                744               0          1.05+1        6.5625-1*
*                  0.0+0               0
GRID*                745               0      1.053125+1        6.5625-1*
*            -1.953125-3               0
GRID*                746               0      1.059375+1         6.875-1*
*             -7.03125-3               0
GRID*                747               0      1.059375+1        6.5625-1*
*            -5.859375-3               0
GRID*                748               0      1.059375+1           7.5-1*
*               -9.375-3               0
GRID*                749               0       1.05625+1        7.1875-1*
*             -5.46875-3               0
GRID*                750               0      1.059375+1        7.1875-1*
*            -8.203125-3               0
GRID*                751               0      1.053125+1           7.5-1*
*               -3.125-3               0
GRID*                752               0          1.05+1        7.1875-1*
*                  0.0+0               0
GRID*                753               0      1.053125+1        7.1875-1*
*            -2.734375-3               0
GRID*                754               0      1.078125+1           5.0-1*
*                  0.0+0               0
GRID*                755               0       1.08125+1        5.3125-1*
*             -3.90625-3               0
GRID*                756               0      1.078125+1         5.625-1*
*             -7.03125-3               0
GRID*                757               0      1.078125+1        5.3125-1*
*            -3.515625-3               0
GRID*                758               0      1.084375+1           5.0-1*
*                  0.0+0               0
GRID*                759               0        1.0875+1        5.3125-1*
*              -4.6875-3               0
GRID*                760               0      1.084375+1         5.625-1*
*             -8.59375-3               0
GRID*                761               0      1.084375+1        5.3125-1*
*            -4.296875-3               0
GRID*                762               0        1.0875+1        5.9375-1*
*             -1.40625-2               0
GRID*                763               0      1.084375+1          6.25-1*
*             -1.71875-2               0
GRID*                764               0       1.08125+1        5.9375-1*
*            -1.171875-2               0
GRID*                765               0      1.084375+1        5.9375-1*
*           -1.2890625-2               0
GRID*                766               0      1.078125+1          6.25-1*
*             -1.40625-2               0
GRID*                767               0      1.078125+1        5.9375-1*
*           -1.0546875-2               0
GRID*                768               0      1.090625+1           5.0-1*
*                  0.0+0               0
GRID*                769               0       1.09375+1        5.3125-1*
*             -5.46875-3               0
GRID*                770               0      1.090625+1         5.625-1*
*            -1.015625-2               0
GRID*                771               0      1.090625+1        5.3125-1*
*            -5.078125-3               0
GRID*                772               0      1.096875+1           5.0-1*
*                  0.0+0               0
GRID*                773               0           1.1+1        5.3125-1*
*                -6.25-3               0
GRID*                774               0      1.096875+1         5.625-1*
*            -1.171875-2               0
GRID*                775               0      1.096875+1        5.3125-1*
*            -5.859375-3               0
GRID*                776               0           1.1+1        5.9375-1*
*               -1.875-2               0
GRID*                777               0      1.096875+1          6.25-1*
*             -2.34375-2               0
GRID*                778               0       1.09375+1        5.9375-1*
*            -1.640625-2               0
GRID*                779               0      1.096875+1        5.9375-1*
*           -1.7578125-2               0
GRID*                780               0      1.090625+1          6.25-1*
*             -2.03125-2               0
GRID*                781               0      1.090625+1        5.9375-1*
*           -1.5234375-2               0
GRID*                782               0       1.09375+1        6.5625-1*
*            -2.734375-2               0
GRID*                783               0      1.090625+1         6.875-1*
*            -3.046875-2               0
GRID*                784               0        1.0875+1        6.5625-1*
*             -2.34375-2               0
GRID*                785               0      1.090625+1        6.5625-1*
*           -2.5390625-2               0
GRID*                786               0           1.1+1        6.5625-1*
*               -3.125-2               0
GRID*                787               0      1.096875+1         6.875-1*
*            -3.515625-2               0
GRID*                788               0      1.096875+1        6.5625-1*
*           -2.9296875-2               0
GRID*                789               0           1.1+1        7.1875-1*
*               -4.375-2               0
GRID*                790               0      1.096875+1           7.5-1*
*              -4.6875-2               0
GRID*                791               0       1.09375+1        7.1875-1*
*            -3.828125-2               0
GRID*                792               0      1.096875+1        7.1875-1*
*           -4.1015625-2               0
GRID*                793               0      1.090625+1           7.5-1*
*              -4.0625-2               0
GRID*                794               0        1.0875+1        7.1875-1*
*             -3.28125-2               0
GRID*                795               0      1.090625+1        7.1875-1*
*           -3.5546875-2               0
GRID*                796               0       1.08125+1        6.5625-1*
*            -1.953125-2               0
GRID*                797               0      1.078125+1         6.875-1*
*            -2.109375-2               0
GRID*                798               0      1.078125+1        6.5625-1*
*           -1.7578125-2               0
GRID*                799               0      1.084375+1         6.875-1*
*            -2.578125-2               0
GRID*                800               0      1.084375+1        6.5625-1*
*           -2.1484375-2               0
GRID*                801               0      1.084375+1           7.5-1*
*              -3.4375-2               0
GRID*                802               0       1.08125+1        7.1875-1*
*            -2.734375-2               0
GRID*                803               0      1.084375+1        7.1875-1*
*           -3.0078125-2               0
GRID*                804               0      1.078125+1           7.5-1*
*              -2.8125-2               0
GRID*                805               0      1.078125+1        7.1875-1*
*           -2.4609375-2               0
GRID*                806               0       1.08125+1        7.8125-1*
*            -3.515625-2               0
GRID*                807               0      1.078125+1         8.125-1*
*            -3.515625-2               0
GRID*                808               0         1.075+1        7.8125-1*
*              -2.8125-2               0
GRID*                809               0      1.078125+1        7.8125-1*
*           -3.1640625-2               0
GRID*                810               0        1.0875+1        7.8125-1*
*             -4.21875-2               0
GRID*                811               0      1.084375+1         8.125-1*
*            -4.296875-2               0
GRID*                812               0      1.084375+1        7.8125-1*
*           -3.8671875-2               0
GRID*                813               0        1.0875+1        8.4375-1*
*             -5.15625-2               0
GRID*                814               0      1.084375+1          8.75-1*
*             -5.15625-2               0
GRID*                815               0       1.08125+1        8.4375-1*
*            -4.296875-2               0
GRID*                816               0      1.084375+1        8.4375-1*
*           -4.7265625-2               0
GRID*                817               0      1.078125+1          8.75-1*
*             -4.21875-2               0
GRID*                818               0         1.075+1        8.4375-1*
*              -3.4375-2               0
GRID*                819               0      1.078125+1        8.4375-1*
*           -3.8671875-2               0
GRID*                820               0       1.09375+1        7.8125-1*
*            -4.921875-2               0
GRID*                821               0      1.090625+1         8.125-1*
*            -5.078125-2               0
GRID*                822               0      1.090625+1        7.8125-1*
*           -4.5703125-2               0
GRID*                823               0           1.1+1        7.8125-1*
*               -5.625-2               0
GRID*                824               0      1.096875+1         8.125-1*
*            -5.859375-2               0
GRID*                825               0      1.096875+1        7.8125-1*
*           -5.2734375-2               0
GRID*                826               0           1.1+1        8.4375-1*
*               -6.875-2               0
GRID*                827               0      1.096875+1          8.75-1*
*             -7.03125-2               0
GRID*                828               0       1.09375+1        8.4375-1*
*            -6.015625-2               0
GRID*                829               0      1.096875+1        8.4375-1*
*           -6.4453125-2               0
GRID*                830               0      1.090625+1          8.75-1*
*             -6.09375-2               0
GRID*                831               0      1.090625+1        8.4375-1*
*           -5.5859375-2               0
GRID*                832               0       1.09375+1        9.0625-1*
*            -7.109375-2               0
GRID*                833               0      1.090625+1         9.375-1*
*            -7.109375-2               0
GRID*                834               0        1.0875+1        9.0625-1*
*             -6.09375-2               0
GRID*                835               0      1.090625+1        9.0625-1*
*           -6.6015625-2               0
GRID*                836               0           1.1+1        9.0625-1*
*               -8.125-2               0
GRID*                837               0      1.096875+1         9.375-1*
*            -8.203125-2               0
GRID*                838               0      1.096875+1        9.0625-1*
*           -7.6171875-2               0
GRID*                839               0           1.1+1        9.6875-1*
*               -9.375-2               0
GRID*                840               0      1.096875+1           1.0+0*
*               -9.375-2               0
GRID*                841               0       1.09375+1        9.6875-1*
*            -8.203125-2               0
GRID*                842               0      1.096875+1        9.6875-1*
*           -8.7890625-2               0
GRID*                843               0      1.090625+1           1.0+0*
*               -8.125-2               0
GRID*                844               0        1.0875+1        9.6875-1*
*             -7.03125-2               0
GRID*                845               0      1.090625+1        9.6875-1*
*           -7.6171875-2               0
GRID*                846               0       1.08125+1        9.0625-1*
*            -5.078125-2               0
GRID*                847               0      1.078125+1         9.375-1*
*            -4.921875-2               0
GRID*                848               0         1.075+1        9.0625-1*
*              -4.0625-2               0
GRID*                849               0      1.078125+1        9.0625-1*
*           -4.5703125-2               0
GRID*                850               0      1.084375+1         9.375-1*
*            -6.015625-2               0
GRID*                851               0      1.084375+1        9.0625-1*
*           -5.5859375-2               0
GRID*                852               0      1.084375+1           1.0+0*
*               -6.875-2               0
GRID*                853               0       1.08125+1        9.6875-1*
*            -5.859375-2               0
GRID*                854               0      1.084375+1        9.6875-1*
*           -6.4453125-2               0
GRID*                855               0      1.078125+1           1.0+0*
*               -5.625-2               0
GRID*                856               0         1.075+1        9.6875-1*
*              -4.6875-2               0
GRID*                857               0      1.078125+1        9.6875-1*
*           -5.2734375-2               0
GRID*                858               0       1.05625+1        7.8125-1*
*             -7.03125-3               0
GRID*                859               0      1.053125+1         8.125-1*
*             -3.90625-3               0
GRID*                860               0          1.05+1        7.8125-1*
*                  0.0+0               0
GRID*                861               0      1.053125+1        7.8125-1*
*            -3.515625-3               0
GRID*                862               0        1.0625+1        7.8125-1*
*             -1.40625-2               0
GRID*                863               0      1.059375+1         8.125-1*
*            -1.171875-2               0
GRID*                864               0      1.059375+1        7.8125-1*
*           -1.0546875-2               0
GRID*                865               0        1.0625+1        8.4375-1*
*             -1.71875-2               0
GRID*                866               0      1.059375+1          8.75-1*
*             -1.40625-2               0
GRID*                867               0       1.05625+1        8.4375-1*
*             -8.59375-3               0
GRID*                868               0      1.059375+1        8.4375-1*
*           -1.2890625-2               0
GRID*                869               0      1.053125+1          8.75-1*
*              -4.6875-3               0
GRID*                870               0          1.05+1        8.4375-1*
*                  0.0+0               0
GRID*                871               0      1.053125+1        8.4375-1*
*            -4.296875-3               0
GRID*                872               0       1.06875+1        7.8125-1*
*            -2.109375-2               0
GRID*                873               0      1.065625+1         8.125-1*
*            -1.953125-2               0
GRID*                874               0      1.065625+1        7.8125-1*
*           -1.7578125-2               0
GRID*                875               0      1.071875+1         8.125-1*
*            -2.734375-2               0
GRID*                876               0      1.071875+1        7.8125-1*
*           -2.4609375-2               0
GRID*                877               0      1.071875+1          8.75-1*
*             -3.28125-2               0
GRID*                878               0       1.06875+1        8.4375-1*
*            -2.578125-2               0
GRID*                879               0      1.071875+1        8.4375-1*
*           -3.0078125-2               0
GRID*                880               0      1.065625+1          8.75-1*
*             -2.34375-2               0
GRID*                881               0      1.065625+1        8.4375-1*
*           -2.1484375-2               0
GRID*                882               0       1.06875+1        9.0625-1*
*            -3.046875-2               0
GRID*                883               0      1.065625+1         9.375-1*
*            -2.734375-2               0
GRID*                884               0        1.0625+1        9.0625-1*
*             -2.03125-2               0
GRID*                885               0      1.065625+1        9.0625-1*
*           -2.5390625-2               0
GRID*                886               0      1.071875+1         9.375-1*
*            -3.828125-2               0
GRID*                887               0      1.071875+1        9.0625-1*
*           -3.5546875-2               0
GRID*                888               0      1.071875+1           1.0+0*
*               -4.375-2               0
GRID*                889               0       1.06875+1        9.6875-1*
*            -3.515625-2               0
GRID*                890               0      1.071875+1        9.6875-1*
*           -4.1015625-2               0
GRID*                891               0      1.065625+1           1.0+0*
*               -3.125-2               0
GRID*                892               0        1.0625+1        9.6875-1*
*             -2.34375-2               0
GRID*                893               0      1.065625+1        9.6875-1*
*           -2.9296875-2               0
GRID*                894               0       1.05625+1        9.0625-1*
*            -1.015625-2               0
GRID*                895               0      1.053125+1         9.375-1*
*             -5.46875-3               0
GRID*                896               0          1.05+1        9.0625-1*
*                  0.0+0               0
GRID*                897               0      1.053125+1        9.0625-1*
*            -5.078125-3               0
GRID*                898               0      1.059375+1         9.375-1*
*            -1.640625-2               0
GRID*                899               0      1.059375+1        9.0625-1*
*           -1.5234375-2               0
GRID*                900               0      1.059375+1           1.0+0*
*               -1.875-2               0
GRID*                901               0       1.05625+1        9.6875-1*
*            -1.171875-2               0
GRID*                902               0      1.059375+1        9.6875-1*
*           -1.7578125-2               0
GRID*                903               0      1.053125+1           1.0+0*
*                -6.25-3               0
GRID*                904               0          1.05+1        9.6875-1*
*                  0.0+0               0
GRID*                905               0      1.053125+1        9.6875-1*
*            -5.859375-3               0
GRID*                906               0      1.003125+1           5.0-1*
*                  0.0+0               0
GRID*                907               0       1.00625+1        5.3125-1*
*              5.46875-3               0
GRID*                908               0      1.003125+1         5.625-1*
*             1.171875-2               0
GRID*                909               0           1.0+1        5.3125-1*
*                 6.25-3               0
GRID*                910               0      1.003125+1        5.3125-1*
*             5.859375-3               0
GRID*                911               0      1.009375+1           5.0-1*
*                  0.0+0               0
GRID*                912               0        1.0125+1        5.3125-1*
*               4.6875-3               0
GRID*                913               0      1.009375+1         5.625-1*
*             1.015625-2               0
GRID*                914               0      1.009375+1        5.3125-1*
*             5.078125-3               0
GRID*                915               0        1.0125+1        5.9375-1*
*              1.40625-2               0
GRID*                916               0      1.009375+1          6.25-1*
*              2.03125-2               0
GRID*                917               0       1.00625+1        5.9375-1*
*             1.640625-2               0
GRID*                918               0      1.009375+1        5.9375-1*
*            1.5234375-2               0
GRID*                919               0      1.003125+1          6.25-1*
*              2.34375-2               0
GRID*                920               0           1.0+1        5.9375-1*
*                1.875-2               0
GRID*                921               0      1.003125+1        5.9375-1*
*            1.7578125-2               0
GRID*                922               0      1.015625+1           5.0-1*
*                  0.0+0               0
GRID*                923               0       1.01875+1        5.3125-1*
*              3.90625-3               0
GRID*                924               0      1.015625+1         5.625-1*
*              8.59375-3               0
GRID*                925               0      1.015625+1        5.3125-1*
*             4.296875-3               0
GRID*                926               0      1.021875+1           5.0-1*
*                  0.0+0               0
GRID*                927               0         1.025+1        5.3125-1*
*                3.125-3               0
GRID*                928               0      1.021875+1         5.625-1*
*              7.03125-3               0
GRID*                929               0      1.021875+1        5.3125-1*
*             3.515625-3               0
GRID*                930               0         1.025+1        5.9375-1*
*                9.375-3               0
GRID*                931               0      1.021875+1          6.25-1*
*              1.40625-2               0
GRID*                932               0       1.01875+1        5.9375-1*
*             1.171875-2               0
GRID*                933               0      1.021875+1        5.9375-1*
*            1.0546875-2               0
GRID*                934               0      1.015625+1          6.25-1*
*              1.71875-2               0
GRID*                935               0      1.015625+1        5.9375-1*
*            1.2890625-2               0
GRID*                936               0       1.01875+1        6.5625-1*
*             1.953125-2               0
GRID*                937               0      1.015625+1         6.875-1*
*             2.578125-2               0
GRID*                938               0        1.0125+1        6.5625-1*
*              2.34375-2               0
GRID*                939               0      1.015625+1        6.5625-1*
*            2.1484375-2               0
GRID*                940               0         1.025+1        6.5625-1*
*               1.5625-2               0
GRID*                941               0      1.021875+1         6.875-1*
*             2.109375-2               0
GRID*                942               0      1.021875+1        6.5625-1*
*            1.7578125-2               0
GRID*                943               0         1.025+1        7.1875-1*
*               2.1875-2               0
GRID*                944               0      1.021875+1           7.5-1*
*               2.8125-2               0
GRID*                945               0       1.01875+1        7.1875-1*
*             2.734375-2               0
GRID*                946               0      1.021875+1        7.1875-1*
*            2.4609375-2               0
GRID*                947               0      1.015625+1           7.5-1*
*               3.4375-2               0
GRID*                948               0        1.0125+1        7.1875-1*
*              3.28125-2               0
GRID*                949               0      1.015625+1        7.1875-1*
*            3.0078125-2               0
GRID*                950               0       1.00625+1        6.5625-1*
*             2.734375-2               0
GRID*                951               0      1.003125+1         6.875-1*
*             3.515625-2               0
GRID*                952               0           1.0+1        6.5625-1*
*                3.125-2               0
GRID*                953               0      1.003125+1        6.5625-1*
*            2.9296875-2               0
GRID*                954               0      1.009375+1         6.875-1*
*             3.046875-2               0
GRID*                955               0      1.009375+1        6.5625-1*
*            2.5390625-2               0
GRID*                956               0      1.009375+1           7.5-1*
*               4.0625-2               0
GRID*                957               0       1.00625+1        7.1875-1*
*             3.828125-2               0
GRID*                958               0      1.009375+1        7.1875-1*
*            3.5546875-2               0
GRID*                959               0      1.003125+1           7.5-1*
*               4.6875-2               0
GRID*                960               0           1.0+1        7.1875-1*
*                4.375-2               0
GRID*                961               0      1.003125+1        7.1875-1*
*            4.1015625-2               0
GRID*                962               0      1.028125+1           5.0-1*
*                  0.0+0               0
GRID*                963               0       1.03125+1        5.3125-1*
*              2.34375-3               0
GRID*                964               0      1.028125+1         5.625-1*
*              5.46875-3               0
GRID*                965               0      1.028125+1        5.3125-1*
*             2.734375-3               0
GRID*                966               0      1.034375+1           5.0-1*
*                  0.0+0               0
GRID*                967               0        1.0375+1        5.3125-1*
*               1.5625-3               0
GRID*                968               0      1.034375+1         5.625-1*
*              3.90625-3               0
GRID*                969               0      1.034375+1        5.3125-1*
*             1.953125-3               0
GRID*                970               0        1.0375+1        5.9375-1*
*               4.6875-3               0
GRID*                971               0      1.034375+1          6.25-1*
*               7.8125-3               0
GRID*                972               0       1.03125+1        5.9375-1*
*              7.03125-3               0
GRID*                973               0      1.034375+1        5.9375-1*
*             5.859375-3               0
GRID*                974               0      1.028125+1          6.25-1*
*              1.09375-2               0
GRID*                975               0      1.028125+1        5.9375-1*
*             8.203125-3               0
GRID*                976               0      1.040625+1           5.0-1*
*                  0.0+0               0
GRID*                977               0       1.04375+1        5.3125-1*
*               7.8125-4               0
GRID*                978               0      1.040625+1         5.625-1*
*              2.34375-3               0
GRID*                979               0      1.040625+1        5.3125-1*
*             1.171875-3               0
GRID*                980               0      1.046875+1           5.0-1*
*                  0.0+0               0
GRID*                981               0      1.046875+1         5.625-1*
*               7.8125-4               0
GRID*                982               0      1.046875+1        5.3125-1*
*              3.90625-4               0
GRID*                983               0      1.046875+1          6.25-1*
*               1.5625-3               0
GRID*                984               0       1.04375+1        5.9375-1*
*              2.34375-3               0
GRID*                985               0      1.046875+1        5.9375-1*
*             1.171875-3               0
GRID*                986               0      1.040625+1          6.25-1*
*               4.6875-3               0
GRID*                987               0      1.040625+1        5.9375-1*
*             3.515625-3               0
GRID*                988               0       1.04375+1        6.5625-1*
*              3.90625-3               0
GRID*                989               0      1.040625+1         6.875-1*
*              7.03125-3               0
GRID*                990               0        1.0375+1        6.5625-1*
*               7.8125-3               0
GRID*                991               0      1.040625+1        6.5625-1*
*             5.859375-3               0
GRID*                992               0      1.046875+1         6.875-1*
*              2.34375-3               0
GRID*                993               0      1.046875+1        6.5625-1*
*             1.953125-3               0
GRID*                994               0      1.046875+1           7.5-1*
*                3.125-3               0
GRID*                995               0       1.04375+1        7.1875-1*
*              5.46875-3               0
GRID*                996               0      1.046875+1        7.1875-1*
*             2.734375-3               0
GRID*                997               0      1.040625+1           7.5-1*
*                9.375-3               0
GRID*                998               0        1.0375+1        7.1875-1*
*              1.09375-2               0
GRID*                999               0      1.040625+1        7.1875-1*
*             8.203125-3               0
GRID*               1000               0       1.03125+1        6.5625-1*
*             1.171875-2               0
GRID*               1001               0      1.028125+1         6.875-1*
*             1.640625-2               0
GRID*               1002               0      1.028125+1        6.5625-1*
*            1.3671875-2               0
GRID*               1003               0      1.034375+1         6.875-1*
*             1.171875-2               0
GRID*               1004               0      1.034375+1        6.5625-1*
*             9.765625-3               0
GRID*               1005               0      1.034375+1           7.5-1*
*               1.5625-2               0
GRID*               1006               0       1.03125+1        7.1875-1*
*             1.640625-2               0
GRID*               1007               0      1.034375+1        7.1875-1*
*            1.3671875-2               0
GRID*               1008               0      1.028125+1           7.5-1*
*               2.1875-2               0
GRID*               1009               0      1.028125+1        7.1875-1*
*            1.9140625-2               0
GRID*               1010               0       1.03125+1        7.8125-1*
*             2.109375-2               0
GRID*               1011               0      1.028125+1         8.125-1*
*             2.734375-2               0
GRID*               1012               0         1.025+1        7.8125-1*
*               2.8125-2               0
GRID*               1013               0      1.028125+1        7.8125-1*
*            2.4609375-2               0
GRID*               1014               0        1.0375+1        7.8125-1*
*              1.40625-2               0
GRID*               1015               0      1.034375+1         8.125-1*
*             1.953125-2               0
GRID*               1016               0      1.034375+1        7.8125-1*
*            1.7578125-2               0
GRID*               1017               0        1.0375+1        8.4375-1*
*              1.71875-2               0
GRID*               1018               0      1.034375+1          8.75-1*
*              2.34375-2               0
GRID*               1019               0       1.03125+1        8.4375-1*
*             2.578125-2               0
GRID*               1020               0      1.034375+1        8.4375-1*
*            2.1484375-2               0
GRID*               1021               0      1.028125+1          8.75-1*
*              3.28125-2               0
GRID*               1022               0         1.025+1        8.4375-1*
*               3.4375-2               0
GRID*               1023               0      1.028125+1        8.4375-1*
*            3.0078125-2               0
GRID*               1024               0       1.04375+1        7.8125-1*
*              7.03125-3               0
GRID*               1025               0      1.040625+1         8.125-1*
*             1.171875-2               0
GRID*               1026               0      1.040625+1        7.8125-1*
*            1.0546875-2               0
GRID*               1027               0      1.046875+1         8.125-1*
*              3.90625-3               0
GRID*               1028               0      1.046875+1        7.8125-1*
*             3.515625-3               0
GRID*               1029               0      1.046875+1          8.75-1*
*               4.6875-3               0
GRID*               1030               0       1.04375+1        8.4375-1*
*              8.59375-3               0
GRID*               1031               0      1.046875+1        8.4375-1*
*             4.296875-3               0
GRID*               1032               0      1.040625+1          8.75-1*
*              1.40625-2               0
GRID*               1033               0      1.040625+1        8.4375-1*
*            1.2890625-2               0
GRID*               1034               0       1.04375+1        9.0625-1*
*             1.015625-2               0
GRID*               1035               0      1.040625+1         9.375-1*
*             1.640625-2               0
GRID*               1036               0        1.0375+1        9.0625-1*
*              2.03125-2               0
GRID*               1037               0      1.040625+1        9.0625-1*
*            1.5234375-2               0
GRID*               1038               0      1.046875+1         9.375-1*
*              5.46875-3               0
GRID*               1039               0      1.046875+1        9.0625-1*
*             5.078125-3               0
GRID*               1040               0      1.046875+1           1.0+0*
*                 6.25-3               0
GRID*               1041               0       1.04375+1        9.6875-1*
*             1.171875-2               0
GRID*               1042               0      1.046875+1        9.6875-1*
*             5.859375-3               0
GRID*               1043               0      1.040625+1           1.0+0*
*                1.875-2               0
GRID*               1044               0        1.0375+1        9.6875-1*
*              2.34375-2               0
GRID*               1045               0      1.040625+1        9.6875-1*
*            1.7578125-2               0
GRID*               1046               0       1.03125+1        9.0625-1*
*             3.046875-2               0
GRID*               1047               0      1.028125+1         9.375-1*
*             3.828125-2               0
GRID*               1048               0         1.025+1        9.0625-1*
*               4.0625-2               0
GRID*               1049               0      1.028125+1        9.0625-1*
*            3.5546875-2               0
GRID*               1050               0      1.034375+1         9.375-1*
*             2.734375-2               0
GRID*               1051               0      1.034375+1        9.0625-1*
*            2.5390625-2               0
GRID*               1052               0      1.034375+1           1.0+0*
*                3.125-2               0
GRID*               1053               0       1.03125+1        9.6875-1*
*             3.515625-2               0
GRID*               1054               0      1.034375+1        9.6875-1*
*            2.9296875-2               0
GRID*               1055               0      1.028125+1           1.0+0*
*                4.375-2               0
GRID*               1056               0         1.025+1        9.6875-1*
*               4.6875-2               0
GRID*               1057               0      1.028125+1        9.6875-1*
*            4.1015625-2               0
GRID*               1058               0       1.00625+1        7.8125-1*
*             4.921875-2               0
GRID*               1059               0      1.003125+1         8.125-1*
*             5.859375-2               0
GRID*               1060               0           1.0+1        7.8125-1*
*                5.625-2               0
GRID*               1061               0      1.003125+1        7.8125-1*
*            5.2734375-2               0
GRID*               1062               0        1.0125+1        7.8125-1*
*              4.21875-2               0
GRID*               1063               0      1.009375+1         8.125-1*
*             5.078125-2               0
GRID*               1064               0      1.009375+1        7.8125-1*
*            4.5703125-2               0
GRID*               1065               0        1.0125+1        8.4375-1*
*              5.15625-2               0
GRID*               1066               0      1.009375+1          8.75-1*
*              6.09375-2               0
GRID*               1067               0       1.00625+1        8.4375-1*
*             6.015625-2               0
GRID*               1068               0      1.009375+1        8.4375-1*
*            5.5859375-2               0
GRID*               1069               0      1.003125+1          8.75-1*
*              7.03125-2               0
GRID*               1070               0           1.0+1        8.4375-1*
*                6.875-2               0
GRID*               1071               0      1.003125+1        8.4375-1*
*            6.4453125-2               0
GRID*               1072               0       1.01875+1        7.8125-1*
*             3.515625-2               0
GRID*               1073               0      1.015625+1         8.125-1*
*             4.296875-2               0
GRID*               1074               0      1.015625+1        7.8125-1*
*            3.8671875-2               0
GRID*               1075               0      1.021875+1         8.125-1*
*             3.515625-2               0
GRID*               1076               0      1.021875+1        7.8125-1*
*            3.1640625-2               0
GRID*               1077               0      1.021875+1          8.75-1*
*              4.21875-2               0
GRID*               1078               0       1.01875+1        8.4375-1*
*             4.296875-2               0
GRID*               1079               0      1.021875+1        8.4375-1*
*            3.8671875-2               0
GRID*               1080               0      1.015625+1          8.75-1*
*              5.15625-2               0
GRID*               1081               0      1.015625+1        8.4375-1*
*            4.7265625-2               0
GRID*               1082               0       1.01875+1        9.0625-1*
*             5.078125-2               0
GRID*               1083               0      1.015625+1         9.375-1*
*             6.015625-2               0
GRID*               1084               0        1.0125+1        9.0625-1*
*              6.09375-2               0
GRID*               1085               0      1.015625+1        9.0625-1*
*            5.5859375-2               0
GRID*               1086               0      1.021875+1         9.375-1*
*             4.921875-2               0
GRID*               1087               0      1.021875+1        9.0625-1*
*            4.5703125-2               0
GRID*               1088               0      1.021875+1           1.0+0*
*                5.625-2               0
GRID*               1089               0       1.01875+1        9.6875-1*
*             5.859375-2               0
GRID*               1090               0      1.021875+1        9.6875-1*
*            5.2734375-2               0
GRID*               1091               0      1.015625+1           1.0+0*
*                6.875-2               0
GRID*               1092               0        1.0125+1        9.6875-1*
*              7.03125-2               0
GRID*               1093               0      1.015625+1        9.6875-1*
*            6.4453125-2               0
GRID*               1094               0       1.00625+1        9.0625-1*
*             7.109375-2               0
GRID*               1095               0      1.003125+1         9.375-1*
*             8.203125-2               0
GRID*               1096               0           1.0+1        9.0625-1*
*                8.125-2               0
GRID*               1097               0      1.003125+1        9.0625-1*
*            7.6171875-2               0
GRID*               1098               0      1.009375+1         9.375-1*
*             7.109375-2               0
GRID*               1099               0      1.009375+1        9.0625-1*
*            6.6015625-2               0
GRID*               1100               0      1.009375+1           1.0+0*
*                8.125-2               0
GRID*               1101               0       1.00625+1        9.6875-1*
*             8.203125-2               0
GRID*               1102               0      1.009375+1        9.6875-1*
*            7.6171875-2               0
GRID*               1103               0      1.003125+1           1.0+0*
*                9.375-2               0
GRID*               1104               0           1.0+1        9.6875-1*
*                9.375-2               0
GRID*               1105               0      1.003125+1        9.6875-1*
*            8.7890625-2               0
GRID*               1106               0      1.003125+1           0.0+0*
*               -9.375-2               0
GRID*               1107               0       1.00625+1         3.125-2*
*            -8.203125-2               0
GRID*               1108               0      1.003125+1          6.25-2*
*            -8.203125-2               0
GRID        1109       0   1.0+1 3.125-2-9.375-2       0
GRID*               1110               0      1.003125+1         3.125-2*
*           -8.7890625-2               0
GRID*               1111               0      1.009375+1           0.0+0*
*               -8.125-2               0
GRID*               1112               0        1.0125+1         3.125-2*
*             -7.03125-2               0
GRID*               1113               0      1.009375+1          6.25-2*
*            -7.109375-2               0
GRID*               1114               0      1.009375+1         3.125-2*
*           -7.6171875-2               0
GRID*               1115               0        1.0125+1         9.375-2*
*             -6.09375-2               0
GRID*               1116               0      1.009375+1          1.25-1*
*             -6.09375-2               0
GRID*               1117               0       1.00625+1         9.375-2*
*            -7.109375-2               0
GRID*               1118               0      1.009375+1         9.375-2*
*           -6.6015625-2               0
GRID*               1119               0      1.003125+1          1.25-1*
*             -7.03125-2               0
GRID        1120       0   1.0+1 9.375-2-8.125-2       0
GRID*               1121               0      1.003125+1         9.375-2*
*           -7.6171875-2               0
GRID*               1122               0      1.015625+1           0.0+0*
*               -6.875-2               0
GRID*               1123               0       1.01875+1         3.125-2*
*            -5.859375-2               0
GRID*               1124               0      1.015625+1          6.25-2*
*            -6.015625-2               0
GRID*               1125               0      1.015625+1         3.125-2*
*           -6.4453125-2               0
GRID*               1126               0      1.021875+1           0.0+0*
*               -5.625-2               0
GRID*               1127               0         1.025+1         3.125-2*
*              -4.6875-2               0
GRID*               1128               0      1.021875+1          6.25-2*
*            -4.921875-2               0
GRID*               1129               0      1.021875+1         3.125-2*
*           -5.2734375-2               0
GRID*               1130               0         1.025+1         9.375-2*
*              -4.0625-2               0
GRID*               1131               0      1.021875+1          1.25-1*
*             -4.21875-2               0
GRID*               1132               0       1.01875+1         9.375-2*
*            -5.078125-2               0
GRID*               1133               0      1.021875+1         9.375-2*
*           -4.5703125-2               0
GRID*               1134               0      1.015625+1          1.25-1*
*             -5.15625-2               0
GRID*               1135               0      1.015625+1         9.375-2*
*           -5.5859375-2               0
GRID*               1136               0       1.01875+1        1.5625-1*
*            -4.296875-2               0
GRID*               1137               0      1.015625+1         1.875-1*
*            -4.296875-2               0
GRID*               1138               0        1.0125+1        1.5625-1*
*             -5.15625-2               0
GRID*               1139               0      1.015625+1        1.5625-1*
*           -4.7265625-2               0
GRID*               1140               0         1.025+1        1.5625-1*
*              -3.4375-2               0
GRID*               1141               0      1.021875+1         1.875-1*
*            -3.515625-2               0
GRID*               1142               0      1.021875+1        1.5625-1*
*           -3.8671875-2               0
GRID*               1143               0         1.025+1        2.1875-1*
*              -2.8125-2               0
GRID*               1144               0      1.021875+1           2.5-1*
*              -2.8125-2               0
GRID*               1145               0       1.01875+1        2.1875-1*
*            -3.515625-2               0
GRID*               1146               0      1.021875+1        2.1875-1*
*           -3.1640625-2               0
GRID*               1147               0      1.015625+1           2.5-1*
*              -3.4375-2               0
GRID*               1148               0        1.0125+1        2.1875-1*
*             -4.21875-2               0
GRID*               1149               0      1.015625+1        2.1875-1*
*           -3.8671875-2               0
GRID*               1150               0       1.00625+1        1.5625-1*
*            -6.015625-2               0
GRID*               1151               0      1.003125+1         1.875-1*
*            -5.859375-2               0
GRID*               1152               0           1.0+1        1.5625-1*
*               -6.875-2               0
GRID*               1153               0      1.003125+1        1.5625-1*
*           -6.4453125-2               0
GRID*               1154               0      1.009375+1         1.875-1*
*            -5.078125-2               0
GRID*               1155               0      1.009375+1        1.5625-1*
*           -5.5859375-2               0
GRID*               1156               0      1.009375+1           2.5-1*
*              -4.0625-2               0
GRID*               1157               0       1.00625+1        2.1875-1*
*            -4.921875-2               0
GRID*               1158               0      1.009375+1        2.1875-1*
*           -4.5703125-2               0
GRID*               1159               0      1.003125+1           2.5-1*
*              -4.6875-2               0
GRID*               1160               0           1.0+1        2.1875-1*
*               -5.625-2               0
GRID*               1161               0      1.003125+1        2.1875-1*
*           -5.2734375-2               0
GRID*               1162               0      1.028125+1           0.0+0*
*               -4.375-2               0
GRID*               1163               0       1.03125+1         3.125-2*
*            -3.515625-2               0
GRID*               1164               0      1.028125+1          6.25-2*
*            -3.828125-2               0
GRID*               1165               0      1.028125+1         3.125-2*
*           -4.1015625-2               0
GRID*               1166               0      1.034375+1           0.0+0*
*               -3.125-2               0
GRID*               1167               0        1.0375+1         3.125-2*
*             -2.34375-2               0
GRID*               1168               0      1.034375+1          6.25-2*
*            -2.734375-2               0
GRID*               1169               0      1.034375+1         3.125-2*
*           -2.9296875-2               0
GRID*               1170               0        1.0375+1         9.375-2*
*             -2.03125-2               0
GRID*               1171               0      1.034375+1          1.25-1*
*             -2.34375-2               0
GRID*               1172               0       1.03125+1         9.375-2*
*            -3.046875-2               0
GRID*               1173               0      1.034375+1         9.375-2*
*           -2.5390625-2               0
GRID*               1174               0      1.028125+1          1.25-1*
*             -3.28125-2               0
GRID*               1175               0      1.028125+1         9.375-2*
*           -3.5546875-2               0
GRID*               1176               0      1.040625+1           0.0+0*
*               -1.875-2               0
GRID*               1177               0       1.04375+1         3.125-2*
*            -1.171875-2               0
GRID*               1178               0      1.040625+1          6.25-2*
*            -1.640625-2               0
GRID*               1179               0      1.040625+1         3.125-2*
*           -1.7578125-2               0
GRID*               1180               0      1.046875+1           0.0+0*
*                -6.25-3               0
GRID        1181       0  1.05+1 3.125-2   0.0+0       0
GRID*               1182               0      1.046875+1          6.25-2*
*             -5.46875-3               0
GRID*               1183               0      1.046875+1         3.125-2*
*            -5.859375-3               0
GRID        1184       0  1.05+1 9.375-2   0.0+0       0
GRID*               1185               0      1.046875+1          1.25-1*
*              -4.6875-3               0
GRID*               1186               0       1.04375+1         9.375-2*
*            -1.015625-2               0
GRID*               1187               0      1.046875+1         9.375-2*
*            -5.078125-3               0
GRID*               1188               0      1.040625+1          1.25-1*
*             -1.40625-2               0
GRID*               1189               0      1.040625+1         9.375-2*
*           -1.5234375-2               0
GRID*               1190               0       1.04375+1        1.5625-1*
*             -8.59375-3               0
GRID*               1191               0      1.040625+1         1.875-1*
*            -1.171875-2               0
GRID*               1192               0        1.0375+1        1.5625-1*
*             -1.71875-2               0
GRID*               1193               0      1.040625+1        1.5625-1*
*           -1.2890625-2               0
GRID*               1194               0          1.05+1        1.5625-1*
*                  0.0+0               0
GRID*               1195               0      1.046875+1         1.875-1*
*             -3.90625-3               0
GRID*               1196               0      1.046875+1        1.5625-1*
*            -4.296875-3               0
GRID*               1197               0          1.05+1        2.1875-1*
*                  0.0+0               0
GRID*               1198               0      1.046875+1           2.5-1*
*               -3.125-3               0
GRID*               1199               0       1.04375+1        2.1875-1*
*             -7.03125-3               0
GRID*               1200               0      1.046875+1        2.1875-1*
*            -3.515625-3               0
GRID*               1201               0      1.040625+1           2.5-1*
*               -9.375-3               0
GRID*               1202               0        1.0375+1        2.1875-1*
*             -1.40625-2               0
GRID*               1203               0      1.040625+1        2.1875-1*
*           -1.0546875-2               0
GRID*               1204               0       1.03125+1        1.5625-1*
*            -2.578125-2               0
GRID*               1205               0      1.028125+1         1.875-1*
*            -2.734375-2               0
GRID*               1206               0      1.028125+1        1.5625-1*
*           -3.0078125-2               0
GRID*               1207               0      1.034375+1         1.875-1*
*            -1.953125-2               0
GRID*               1208               0      1.034375+1        1.5625-1*
*           -2.1484375-2               0
GRID*               1209               0      1.034375+1           2.5-1*
*              -1.5625-2               0
GRID*               1210               0       1.03125+1        2.1875-1*
*            -2.109375-2               0
GRID*               1211               0      1.034375+1        2.1875-1*
*           -1.7578125-2               0
GRID*               1212               0      1.028125+1           2.5-1*
*              -2.1875-2               0
GRID*               1213               0      1.028125+1        2.1875-1*
*           -2.4609375-2               0
GRID*               1214               0       1.03125+1        2.8125-1*
*            -1.640625-2               0
GRID*               1215               0      1.028125+1         3.125-1*
*            -1.640625-2               0
GRID*               1216               0         1.025+1        2.8125-1*
*              -2.1875-2               0
GRID*               1217               0      1.028125+1        2.8125-1*
*           -1.9140625-2               0
GRID*               1218               0        1.0375+1        2.8125-1*
*             -1.09375-2               0
GRID*               1219               0      1.034375+1         3.125-1*
*            -1.171875-2               0
GRID*               1220               0      1.034375+1        2.8125-1*
*           -1.3671875-2               0
GRID*               1221               0        1.0375+1        3.4375-1*
*              -7.8125-3               0
GRID*               1222               0      1.034375+1          3.75-1*
*              -7.8125-3               0
GRID*               1223               0       1.03125+1        3.4375-1*
*            -1.171875-2               0
GRID*               1224               0      1.034375+1        3.4375-1*
*            -9.765625-3               0
GRID*               1225               0      1.028125+1          3.75-1*
*             -1.09375-2               0
GRID*               1226               0         1.025+1        3.4375-1*
*              -1.5625-2               0
GRID*               1227               0      1.028125+1        3.4375-1*
*           -1.3671875-2               0
GRID*               1228               0       1.04375+1        2.8125-1*
*             -5.46875-3               0
GRID*               1229               0      1.040625+1         3.125-1*
*             -7.03125-3               0
GRID*               1230               0      1.040625+1        2.8125-1*
*            -8.203125-3               0
GRID*               1231               0          1.05+1        2.8125-1*
*                  0.0+0               0
GRID*               1232               0      1.046875+1         3.125-1*
*             -2.34375-3               0
GRID*               1233               0      1.046875+1        2.8125-1*
*            -2.734375-3               0
GRID*               1234               0          1.05+1        3.4375-1*
*                  0.0+0               0
GRID*               1235               0      1.046875+1          3.75-1*
*              -1.5625-3               0
GRID*               1236               0       1.04375+1        3.4375-1*
*             -3.90625-3               0
GRID*               1237               0      1.046875+1        3.4375-1*
*            -1.953125-3               0
GRID*               1238               0      1.040625+1          3.75-1*
*              -4.6875-3               0
GRID*               1239               0      1.040625+1        3.4375-1*
*            -5.859375-3               0
GRID*               1240               0       1.04375+1        4.0625-1*
*             -2.34375-3               0
GRID*               1241               0      1.040625+1         4.375-1*
*             -2.34375-3               0
GRID*               1242               0        1.0375+1        4.0625-1*
*              -4.6875-3               0
GRID*               1243               0      1.040625+1        4.0625-1*
*            -3.515625-3               0
GRID*               1244               0          1.05+1        4.0625-1*
*                  0.0+0               0
GRID*               1245               0      1.046875+1         4.375-1*
*              -7.8125-4               0
GRID*               1246               0      1.046875+1        4.0625-1*
*            -1.171875-3               0
GRID*               1247               0          1.05+1        4.6875-1*
*                  0.0+0               0
GRID*               1248               0       1.04375+1        4.6875-1*
*              -7.8125-4               0
GRID*               1249               0      1.046875+1        4.6875-1*
*             -3.90625-4               0
GRID*               1250               0        1.0375+1        4.6875-1*
*              -1.5625-3               0
GRID*               1251               0      1.040625+1        4.6875-1*
*            -1.171875-3               0
GRID*               1252               0       1.03125+1        4.0625-1*
*             -7.03125-3               0
GRID*               1253               0      1.028125+1         4.375-1*
*             -5.46875-3               0
GRID*               1254               0         1.025+1        4.0625-1*
*               -9.375-3               0
GRID*               1255               0      1.028125+1        4.0625-1*
*            -8.203125-3               0
GRID*               1256               0      1.034375+1         4.375-1*
*             -3.90625-3               0
GRID*               1257               0      1.034375+1        4.0625-1*
*            -5.859375-3               0
GRID*               1258               0       1.03125+1        4.6875-1*
*             -2.34375-3               0
GRID*               1259               0      1.034375+1        4.6875-1*
*            -1.953125-3               0
GRID*               1260               0         1.025+1        4.6875-1*
*               -3.125-3               0
GRID*               1261               0      1.028125+1        4.6875-1*
*            -2.734375-3               0
GRID*               1262               0       1.00625+1        2.8125-1*
*            -3.828125-2               0
GRID*               1263               0      1.003125+1         3.125-1*
*            -3.515625-2               0
GRID*               1264               0           1.0+1        2.8125-1*
*               -4.375-2               0
GRID*               1265               0      1.003125+1        2.8125-1*
*           -4.1015625-2               0
GRID*               1266               0        1.0125+1        2.8125-1*
*             -3.28125-2               0
GRID*               1267               0      1.009375+1         3.125-1*
*            -3.046875-2               0
GRID*               1268               0      1.009375+1        2.8125-1*
*           -3.5546875-2               0
GRID*               1269               0        1.0125+1        3.4375-1*
*             -2.34375-2               0
GRID*               1270               0      1.009375+1          3.75-1*
*             -2.03125-2               0
GRID*               1271               0       1.00625+1        3.4375-1*
*            -2.734375-2               0
GRID*               1272               0      1.009375+1        3.4375-1*
*           -2.5390625-2               0
GRID*               1273               0      1.003125+1          3.75-1*
*             -2.34375-2               0
GRID*               1274               0           1.0+1        3.4375-1*
*               -3.125-2               0
GRID*               1275               0      1.003125+1        3.4375-1*
*           -2.9296875-2               0
GRID*               1276               0       1.01875+1        2.8125-1*
*            -2.734375-2               0
GRID*               1277               0      1.015625+1         3.125-1*
*            -2.578125-2               0
GRID*               1278               0      1.015625+1        2.8125-1*
*           -3.0078125-2               0
GRID*               1279               0      1.021875+1         3.125-1*
*            -2.109375-2               0
GRID*               1280               0      1.021875+1        2.8125-1*
*           -2.4609375-2               0
GRID*               1281               0      1.021875+1          3.75-1*
*             -1.40625-2               0
GRID*               1282               0       1.01875+1        3.4375-1*
*            -1.953125-2               0
GRID*               1283               0      1.021875+1        3.4375-1*
*           -1.7578125-2               0
GRID*               1284               0      1.015625+1          3.75-1*
*             -1.71875-2               0
GRID*               1285               0      1.015625+1        3.4375-1*
*           -2.1484375-2               0
GRID*               1286               0       1.01875+1        4.0625-1*
*            -1.171875-2               0
GRID*               1287               0      1.015625+1         4.375-1*
*             -8.59375-3               0
GRID*               1288               0        1.0125+1        4.0625-1*
*             -1.40625-2               0
GRID*               1289               0      1.015625+1        4.0625-1*
*           -1.2890625-2               0
GRID*               1290               0      1.021875+1         4.375-1*
*             -7.03125-3               0
GRID*               1291               0      1.021875+1        4.0625-1*
*           -1.0546875-2               0
GRID*               1292               0       1.01875+1        4.6875-1*
*             -3.90625-3               0
GRID*               1293               0      1.021875+1        4.6875-1*
*            -3.515625-3               0
GRID*               1294               0        1.0125+1        4.6875-1*
*              -4.6875-3               0
GRID*               1295               0      1.015625+1        4.6875-1*
*            -4.296875-3               0
GRID*               1296               0       1.00625+1        4.0625-1*
*            -1.640625-2               0
GRID*               1297               0      1.003125+1         4.375-1*
*            -1.171875-2               0
GRID*               1298               0           1.0+1        4.0625-1*
*               -1.875-2               0
GRID*               1299               0      1.003125+1        4.0625-1*
*           -1.7578125-2               0
GRID*               1300               0      1.009375+1         4.375-1*
*            -1.015625-2               0
GRID*               1301               0      1.009375+1        4.0625-1*
*           -1.5234375-2               0
GRID*               1302               0       1.00625+1        4.6875-1*
*             -5.46875-3               0
GRID*               1303               0      1.009375+1        4.6875-1*
*            -5.078125-3               0
GRID*               1304               0           1.0+1        4.6875-1*
*                -6.25-3               0
GRID*               1305               0      1.003125+1        4.6875-1*
*            -5.859375-3               0
GRID*               1306               0      1.053125+1           0.0+0*
*                 6.25-3               0
GRID*               1307               0       1.05625+1         3.125-2*
*             1.171875-2               0
GRID*               1308               0      1.053125+1          6.25-2*
*              5.46875-3               0
GRID*               1309               0      1.053125+1         3.125-2*
*             5.859375-3               0
GRID*               1310               0      1.059375+1           0.0+0*
*                1.875-2               0
GRID*               1311               0        1.0625+1         3.125-2*
*              2.34375-2               0
GRID*               1312               0      1.059375+1          6.25-2*
*             1.640625-2               0
GRID*               1313               0      1.059375+1         3.125-2*
*            1.7578125-2               0
GRID*               1314               0        1.0625+1         9.375-2*
*              2.03125-2               0
GRID*               1315               0      1.059375+1          1.25-1*
*              1.40625-2               0
GRID*               1316               0       1.05625+1         9.375-2*
*             1.015625-2               0
GRID*               1317               0      1.059375+1         9.375-2*
*            1.5234375-2               0
GRID*               1318               0      1.053125+1          1.25-1*
*               4.6875-3               0
GRID*               1319               0      1.053125+1         9.375-2*
*             5.078125-3               0
GRID*               1320               0      1.065625+1           0.0+0*
*                3.125-2               0
GRID*               1321               0       1.06875+1         3.125-2*
*             3.515625-2               0
GRID*               1322               0      1.065625+1          6.25-2*
*             2.734375-2               0
GRID*               1323               0      1.065625+1         3.125-2*
*            2.9296875-2               0
GRID*               1324               0      1.071875+1           0.0+0*
*                4.375-2               0
GRID*               1325               0         1.075+1         3.125-2*
*               4.6875-2               0
GRID*               1326               0      1.071875+1          6.25-2*
*             3.828125-2               0
GRID*               1327               0      1.071875+1         3.125-2*
*            4.1015625-2               0
GRID*               1328               0         1.075+1         9.375-2*
*               4.0625-2               0
GRID*               1329               0      1.071875+1          1.25-1*
*              3.28125-2               0
GRID*               1330               0       1.06875+1         9.375-2*
*             3.046875-2               0
GRID*               1331               0      1.071875+1         9.375-2*
*            3.5546875-2               0
GRID*               1332               0      1.065625+1          1.25-1*
*              2.34375-2               0
GRID*               1333               0      1.065625+1         9.375-2*
*            2.5390625-2               0
GRID*               1334               0       1.06875+1        1.5625-1*
*             2.578125-2               0
GRID*               1335               0      1.065625+1         1.875-1*
*             1.953125-2               0
GRID*               1336               0        1.0625+1        1.5625-1*
*              1.71875-2               0
GRID*               1337               0      1.065625+1        1.5625-1*
*            2.1484375-2               0
GRID*               1338               0         1.075+1        1.5625-1*
*               3.4375-2               0
GRID*               1339               0      1.071875+1         1.875-1*
*             2.734375-2               0
GRID*               1340               0      1.071875+1        1.5625-1*
*            3.0078125-2               0
GRID*               1341               0         1.075+1        2.1875-1*
*               2.8125-2               0
GRID*               1342               0      1.071875+1           2.5-1*
*               2.1875-2               0
GRID*               1343               0       1.06875+1        2.1875-1*
*             2.109375-2               0
GRID*               1344               0      1.071875+1        2.1875-1*
*            2.4609375-2               0
GRID*               1345               0      1.065625+1           2.5-1*
*               1.5625-2               0
GRID*               1346               0        1.0625+1        2.1875-1*
*              1.40625-2               0
GRID*               1347               0      1.065625+1        2.1875-1*
*            1.7578125-2               0
GRID*               1348               0       1.05625+1        1.5625-1*
*              8.59375-3               0
GRID*               1349               0      1.053125+1         1.875-1*
*              3.90625-3               0
GRID*               1350               0      1.053125+1        1.5625-1*
*             4.296875-3               0
GRID*               1351               0      1.059375+1         1.875-1*
*             1.171875-2               0
GRID*               1352               0      1.059375+1        1.5625-1*
*            1.2890625-2               0
GRID*               1353               0      1.059375+1           2.5-1*
*                9.375-3               0
GRID*               1354               0       1.05625+1        2.1875-1*
*              7.03125-3               0
GRID*               1355               0      1.059375+1        2.1875-1*
*            1.0546875-2               0
GRID*               1356               0      1.053125+1           2.5-1*
*                3.125-3               0
GRID*               1357               0      1.053125+1        2.1875-1*
*             3.515625-3               0
GRID*               1358               0      1.078125+1           0.0+0*
*                5.625-2               0
GRID*               1359               0       1.08125+1         3.125-2*
*             5.859375-2               0
GRID*               1360               0      1.078125+1          6.25-2*
*             4.921875-2               0
GRID*               1361               0      1.078125+1         3.125-2*
*            5.2734375-2               0
GRID*               1362               0      1.084375+1           0.0+0*
*                6.875-2               0
GRID*               1363               0        1.0875+1         3.125-2*
*              7.03125-2               0
GRID*               1364               0      1.084375+1          6.25-2*
*             6.015625-2               0
GRID*               1365               0      1.084375+1         3.125-2*
*            6.4453125-2               0
GRID*               1366               0        1.0875+1         9.375-2*
*              6.09375-2               0
GRID*               1367               0      1.084375+1          1.25-1*
*              5.15625-2               0
GRID*               1368               0       1.08125+1         9.375-2*
*             5.078125-2               0
GRID*               1369               0      1.084375+1         9.375-2*
*            5.5859375-2               0
GRID*               1370               0      1.078125+1          1.25-1*
*              4.21875-2               0
GRID*               1371               0      1.078125+1         9.375-2*
*            4.5703125-2               0
GRID*               1372               0      1.090625+1           0.0+0*
*                8.125-2               0
GRID*               1373               0       1.09375+1         3.125-2*
*             8.203125-2               0
GRID*               1374               0      1.090625+1          6.25-2*
*             7.109375-2               0
GRID*               1375               0      1.090625+1         3.125-2*
*            7.6171875-2               0
GRID*               1376               0      1.096875+1           0.0+0*
*                9.375-2               0
GRID        1377       0   1.1+1 3.125-2 9.375-2       0
GRID*               1378               0      1.096875+1          6.25-2*
*             8.203125-2               0
GRID*               1379               0      1.096875+1         3.125-2*
*            8.7890625-2               0
GRID        1380       0   1.1+1 9.375-2 8.125-2       0
GRID*               1381               0      1.096875+1          1.25-1*
*              7.03125-2               0
GRID*               1382               0       1.09375+1         9.375-2*
*             7.109375-2               0
GRID*               1383               0      1.096875+1         9.375-2*
*            7.6171875-2               0
GRID*               1384               0      1.090625+1          1.25-1*
*              6.09375-2               0
GRID*               1385               0      1.090625+1         9.375-2*
*            6.6015625-2               0
GRID*               1386               0       1.09375+1        1.5625-1*
*             6.015625-2               0
GRID*               1387               0      1.090625+1         1.875-1*
*             5.078125-2               0
GRID*               1388               0        1.0875+1        1.5625-1*
*              5.15625-2               0
GRID*               1389               0      1.090625+1        1.5625-1*
*            5.5859375-2               0
GRID*               1390               0           1.1+1        1.5625-1*
*                6.875-2               0
GRID*               1391               0      1.096875+1         1.875-1*
*             5.859375-2               0
GRID*               1392               0      1.096875+1        1.5625-1*
*            6.4453125-2               0
GRID*               1393               0           1.1+1        2.1875-1*
*                5.625-2               0
GRID*               1394               0      1.096875+1           2.5-1*
*               4.6875-2               0
GRID*               1395               0       1.09375+1        2.1875-1*
*             4.921875-2               0
GRID*               1396               0      1.096875+1        2.1875-1*
*            5.2734375-2               0
GRID*               1397               0      1.090625+1           2.5-1*
*               4.0625-2               0
GRID*               1398               0        1.0875+1        2.1875-1*
*              4.21875-2               0
GRID*               1399               0      1.090625+1        2.1875-1*
*            4.5703125-2               0
GRID*               1400               0       1.08125+1        1.5625-1*
*             4.296875-2               0
GRID*               1401               0      1.078125+1         1.875-1*
*             3.515625-2               0
GRID*               1402               0      1.078125+1        1.5625-1*
*            3.8671875-2               0
GRID*               1403               0      1.084375+1         1.875-1*
*             4.296875-2               0
GRID*               1404               0      1.084375+1        1.5625-1*
*            4.7265625-2               0
GRID*               1405               0      1.084375+1           2.5-1*
*               3.4375-2               0
GRID*               1406               0       1.08125+1        2.1875-1*
*             3.515625-2               0
GRID*               1407               0      1.084375+1        2.1875-1*
*            3.8671875-2               0
GRID*               1408               0      1.078125+1           2.5-1*
*               2.8125-2               0
GRID*               1409               0      1.078125+1        2.1875-1*
*            3.1640625-2               0
GRID*               1410               0       1.08125+1        2.8125-1*
*             2.734375-2               0
GRID*               1411               0      1.078125+1         3.125-1*
*             2.109375-2               0
GRID*               1412               0         1.075+1        2.8125-1*
*               2.1875-2               0
GRID*               1413               0      1.078125+1        2.8125-1*
*            2.4609375-2               0
GRID*               1414               0        1.0875+1        2.8125-1*
*              3.28125-2               0
GRID*               1415               0      1.084375+1         3.125-1*
*             2.578125-2               0
GRID*               1416               0      1.084375+1        2.8125-1*
*            3.0078125-2               0
GRID*               1417               0        1.0875+1        3.4375-1*
*              2.34375-2               0
GRID*               1418               0      1.084375+1          3.75-1*
*              1.71875-2               0
GRID*               1419               0       1.08125+1        3.4375-1*
*             1.953125-2               0
GRID*               1420               0      1.084375+1        3.4375-1*
*            2.1484375-2               0
GRID*               1421               0      1.078125+1          3.75-1*
*              1.40625-2               0
GRID*               1422               0         1.075+1        3.4375-1*
*               1.5625-2               0
GRID*               1423               0      1.078125+1        3.4375-1*
*            1.7578125-2               0
GRID*               1424               0       1.09375+1        2.8125-1*
*             3.828125-2               0
GRID*               1425               0      1.090625+1         3.125-1*
*             3.046875-2               0
GRID*               1426               0      1.090625+1        2.8125-1*
*            3.5546875-2               0
GRID*               1427               0           1.1+1        2.8125-1*
*                4.375-2               0
GRID*               1428               0      1.096875+1         3.125-1*
*             3.515625-2               0
GRID*               1429               0      1.096875+1        2.8125-1*
*            4.1015625-2               0
GRID*               1430               0           1.1+1        3.4375-1*
*                3.125-2               0
GRID*               1431               0      1.096875+1          3.75-1*
*              2.34375-2               0
GRID*               1432               0       1.09375+1        3.4375-1*
*             2.734375-2               0
GRID*               1433               0      1.096875+1        3.4375-1*
*            2.9296875-2               0
GRID*               1434               0      1.090625+1          3.75-1*
*              2.03125-2               0
GRID*               1435               0      1.090625+1        3.4375-1*
*            2.5390625-2               0
GRID*               1436               0       1.09375+1        4.0625-1*
*             1.640625-2               0
GRID*               1437               0      1.090625+1         4.375-1*
*             1.015625-2               0
GRID*               1438               0        1.0875+1        4.0625-1*
*              1.40625-2               0
GRID*               1439               0      1.090625+1        4.0625-1*
*            1.5234375-2               0
GRID*               1440               0           1.1+1        4.0625-1*
*                1.875-2               0
GRID*               1441               0      1.096875+1         4.375-1*
*             1.171875-2               0
GRID*               1442               0      1.096875+1        4.0625-1*
*            1.7578125-2               0
GRID*               1443               0           1.1+1        4.6875-1*
*                 6.25-3               0
GRID*               1444               0       1.09375+1        4.6875-1*
*              5.46875-3               0
GRID*               1445               0      1.096875+1        4.6875-1*
*             5.859375-3               0
GRID*               1446               0        1.0875+1        4.6875-1*
*               4.6875-3               0
GRID*               1447               0      1.090625+1        4.6875-1*
*             5.078125-3               0
GRID*               1448               0       1.08125+1        4.0625-1*
*             1.171875-2               0
GRID*               1449               0      1.078125+1         4.375-1*
*              7.03125-3               0
GRID*               1450               0         1.075+1        4.0625-1*
*                9.375-3               0
GRID*               1451               0      1.078125+1        4.0625-1*
*            1.0546875-2               0
GRID*               1452               0      1.084375+1         4.375-1*
*              8.59375-3               0
GRID*               1453               0      1.084375+1        4.0625-1*
*            1.2890625-2               0
GRID*               1454               0       1.08125+1        4.6875-1*
*              3.90625-3               0
GRID*               1455               0      1.084375+1        4.6875-1*
*             4.296875-3               0
GRID*               1456               0         1.075+1        4.6875-1*
*                3.125-3               0
GRID*               1457               0      1.078125+1        4.6875-1*
*             3.515625-3               0
GRID*               1458               0       1.05625+1        2.8125-1*
*              5.46875-3               0
GRID*               1459               0      1.053125+1         3.125-1*
*              2.34375-3               0
GRID*               1460               0      1.053125+1        2.8125-1*
*             2.734375-3               0
GRID*               1461               0        1.0625+1        2.8125-1*
*              1.09375-2               0
GRID*               1462               0      1.059375+1         3.125-1*
*              7.03125-3               0
GRID*               1463               0      1.059375+1        2.8125-1*
*             8.203125-3               0
GRID*               1464               0        1.0625+1        3.4375-1*
*               7.8125-3               0
GRID*               1465               0      1.059375+1          3.75-1*
*               4.6875-3               0
GRID*               1466               0       1.05625+1        3.4375-1*
*              3.90625-3               0
GRID*               1467               0      1.059375+1        3.4375-1*
*             5.859375-3               0
GRID*               1468               0      1.053125+1          3.75-1*
*               1.5625-3               0
GRID*               1469               0      1.053125+1        3.4375-1*
*             1.953125-3               0
GRID*               1470               0       1.06875+1        2.8125-1*
*             1.640625-2               0
GRID*               1471               0      1.065625+1         3.125-1*
*             1.171875-2               0
GRID*               1472               0      1.065625+1        2.8125-1*
*            1.3671875-2               0
GRID*               1473               0      1.071875+1         3.125-1*
*             1.640625-2               0
GRID*               1474               0      1.071875+1        2.8125-1*
*            1.9140625-2               0
GRID*               1475               0      1.071875+1          3.75-1*
*              1.09375-2               0
GRID*               1476               0       1.06875+1        3.4375-1*
*             1.171875-2               0
GRID*               1477               0      1.071875+1        3.4375-1*
*            1.3671875-2               0
GRID*               1478               0      1.065625+1          3.75-1*
*               7.8125-3               0
GRID*               1479               0      1.065625+1        3.4375-1*
*             9.765625-3               0
GRID*               1480               0       1.06875+1        4.0625-1*
*              7.03125-3               0
GRID*               1481               0      1.065625+1         4.375-1*
*              3.90625-3               0
GRID*               1482               0        1.0625+1        4.0625-1*
*               4.6875-3               0
GRID*               1483               0      1.065625+1        4.0625-1*
*             5.859375-3               0
GRID*               1484               0      1.071875+1         4.375-1*
*              5.46875-3               0
GRID*               1485               0      1.071875+1        4.0625-1*
*             8.203125-3               0
GRID*               1486               0       1.06875+1        4.6875-1*
*              2.34375-3               0
GRID*               1487               0      1.071875+1        4.6875-1*
*             2.734375-3               0
GRID*               1488               0        1.0625+1        4.6875-1*
*               1.5625-3               0
GRID*               1489               0      1.065625+1        4.6875-1*
*             1.953125-3               0
GRID*               1490               0       1.05625+1        4.0625-1*
*              2.34375-3               0
GRID*               1491               0      1.053125+1         4.375-1*
*               7.8125-4               0
GRID*               1492               0      1.053125+1        4.0625-1*
*             1.171875-3               0
GRID*               1493               0      1.059375+1         4.375-1*
*              2.34375-3               0
GRID*               1494               0      1.059375+1        4.0625-1*
*             3.515625-3               0
GRID*               1495               0       1.05625+1        4.6875-1*
*               7.8125-4               0
GRID*               1496               0      1.059375+1        4.6875-1*
*             1.171875-3               0
GRID*               1497               0      1.053125+1        4.6875-1*
*              3.90625-4               0
GRID*               1498               0 2.40658998489+0 9.93061840534-1*
*       -2.27767276764+0               0
PARAM    STR_CID      -2
$--1---><--2---><--3---><--4---><--5---><--6---><--7---><--8---><--9---><--10-->
$$$$$$$$$$$$$$$$$$$$$$$$$$$$$$$$$$$ Material $$$$$$$$$$$$$$$$$$$$$$$$$$$$$$$$$$$
MAT1           1  2.1+11 1.05+11   0.0+0   0.0+0   0.0+0   0.0+0
$--1---><--2---><--3---><--4---><--5---><--6---><--7---><--8---><--9---><--10-->
SPC            1       1       1   0.0+0
SPC            1       1       2   0.0+0
SPC            1       1       3   0.0+0
SPC            1       1       4   0.0+0
SPC            1       1       5   0.0+0
SPC            1       1       6   0.0+0
SPC            1       2       1   0.0+0
SPC            1       2       2   0.0+0
SPC            1       2       3   0.0+0
SPC            1       2       4   0.0+0
SPC            1       2       5   0.0+0
SPC            1       2       6   0.0+0
SPC            1       5       1   0.0+0
SPC            1       5       2   0.0+0
SPC            1       5       3   0.0+0
SPC            1       5       4   0.0+0
SPC            1       5       5   0.0+0
SPC            1       5       6   0.0+0
SPC            1       6       1   0.0+0
SPC            1       6       2   0.0+0
SPC            1       6       3   0.0+0
SPC            1       6       4   0.0+0
SPC            1       6       5   0.0+0
SPC            1       6       6   0.0+0
SPC            1       9       1   0.0+0
SPC            1       9       2   0.0+0
SPC            1       9       3   0.0+0
SPC            1       9       4   0.0+0
SPC            1       9       5   0.0+0
SPC            1       9       6   0.0+0
SPC            1      10       1   0.0+0
SPC            1      10       2   0.0+0
SPC            1      10       3   0.0+0
SPC            1      10       4   0.0+0
SPC            1      10       5   0.0+0
SPC            1      10       6   0.0+0
SPC            1      13       1   0.0+0
SPC            1      13       2   0.0+0
SPC            1      13       3   0.0+0
SPC            1      13       4   0.0+0
SPC            1      13       5   0.0+0
SPC            1      13       6   0.0+0
SPC            1      14       1   0.0+0
SPC            1      14       2   0.0+0
SPC            1      14       3   0.0+0
SPC            1      14       4   0.0+0
SPC            1      14       5   0.0+0
SPC            1      14       6   0.0+0
SPC            1      17       1   0.0+0
SPC            1      17       2   0.0+0
SPC            1      17       3   0.0+0
SPC            1      17       4   0.0+0
SPC            1      17       5   0.0+0
SPC            1      17       6   0.0+0
SPC            1      22       1   0.0+0
SPC            1      22       2   0.0+0
SPC            1      22       3   0.0+0
SPC            1      22       4   0.0+0
SPC            1      22       5   0.0+0
SPC            1      22       6   0.0+0
SPC            1      27       1   0.0+0
SPC            1      27       2   0.0+0
SPC            1      27       3   0.0+0
SPC            1      27       4   0.0+0
SPC            1      27       5   0.0+0
SPC            1      27       6   0.0+0
SPC            1      32       1   0.0+0
SPC            1      32       2   0.0+0
SPC            1      32       3   0.0+0
SPC            1      32       4   0.0+0
SPC            1      32       5   0.0+0
SPC            1      32       6   0.0+0
SPC            1      45       1   0.0+0
SPC            1      45       2   0.0+0
SPC            1      45       3   0.0+0
SPC            1      45       4   0.0+0
SPC            1      45       5   0.0+0
SPC            1      45       6   0.0+0
SPC            1      50       1   0.0+0
SPC            1      50       2   0.0+0
SPC            1      50       3   0.0+0
SPC            1      50       4   0.0+0
SPC            1      50       5   0.0+0
SPC            1      50       6   0.0+0
SPC            1      61       1   0.0+0
SPC            1      61       2   0.0+0
SPC            1      61       3   0.0+0
SPC            1      61       4   0.0+0
SPC            1      61       5   0.0+0
SPC            1      61       6   0.0+0
SPC            1      64       1   0.0+0
SPC            1      64       2   0.0+0
SPC            1      64       3   0.0+0
SPC            1      64       4   0.0+0
SPC            1      64       5   0.0+0
SPC            1      64       6   0.0+0
SPC            1      69       1   0.0+0
SPC            1      69       2   0.0+0
SPC            1      69       3   0.0+0
SPC            1      69       4   0.0+0
SPC            1      69       5   0.0+0
SPC            1      69       6   0.0+0
SPC            1      80       1   0.0+0
SPC            1      80       2   0.0+0
SPC            1      80       3   0.0+0
SPC            1      80       4   0.0+0
SPC            1      80       5   0.0+0
SPC            1      80       6   0.0+0
SPC            1      84       1   0.0+0
SPC            1      84       2   0.0+0
SPC            1      84       3   0.0+0
SPC            1      84       4   0.0+0
SPC            1      84       5   0.0+0
SPC            1      84       6   0.0+0
SPC            1     120       1   0.0+0
SPC            1     120       2   0.0+0
SPC            1     120       3   0.0+0
SPC            1     120       4   0.0+0
SPC            1     120       5   0.0+0
SPC            1     120       6   0.0+0
SPC            1     121       1   0.0+0
SPC            1     121       2   0.0+0
SPC            1     121       3   0.0+0
SPC            1     121       4   0.0+0
SPC            1     121       5   0.0+0
SPC            1     121       6   0.0+0
SPC            1     124       1   0.0+0
SPC            1     124       2   0.0+0
SPC            1     124       3   0.0+0
SPC            1     124       4   0.0+0
SPC            1     124       5   0.0+0
SPC            1     124       6   0.0+0
SPC            1     129       1   0.0+0
SPC            1     129       2   0.0+0
SPC            1     129       3   0.0+0
SPC            1     129       4   0.0+0
SPC            1     129       5   0.0+0
SPC            1     129       6   0.0+0
SPC            1     142       1   0.0+0
SPC            1     142       2   0.0+0
SPC            1     142       3   0.0+0
SPC            1     142       4   0.0+0
SPC            1     142       5   0.0+0
SPC            1     142       6   0.0+0
SPC            1     145       1   0.0+0
SPC            1     145       2   0.0+0
SPC            1     145       3   0.0+0
SPC            1     145       4   0.0+0
SPC            1     145       5   0.0+0
SPC            1     145       6   0.0+0
SPC            1     150       1   0.0+0
SPC            1     150       2   0.0+0
SPC            1     150       3   0.0+0
SPC            1     150       4   0.0+0
SPC            1     150       5   0.0+0
SPC            1     150       6   0.0+0
SPC            1     161       1   0.0+0
SPC            1     161       2   0.0+0
SPC            1     161       3   0.0+0
SPC            1     161       4   0.0+0
SPC            1     161       5   0.0+0
SPC            1     161       6   0.0+0
SPC            1     165       1   0.0+0
SPC            1     165       2   0.0+0
SPC            1     165       3   0.0+0
SPC            1     165       4   0.0+0
SPC            1     165       5   0.0+0
SPC            1     165       6   0.0+0
SPC            1     257       1   0.0+0
SPC            1     257       2   0.0+0
SPC            1     257       3   0.0+0
SPC            1     257       4   0.0+0
SPC            1     257       5   0.0+0
SPC            1     257       6   0.0+0
SPC            1     262       1   0.0+0
SPC            1     262       2   0.0+0
SPC            1     262       3   0.0+0
SPC            1     262       4   0.0+0
SPC            1     262       5   0.0+0
SPC            1     262       6   0.0+0
SPC            1     273       1   0.0+0
SPC            1     273       2   0.0+0
SPC            1     273       3   0.0+0
SPC            1     273       4   0.0+0
SPC            1     273       5   0.0+0
SPC            1     273       6   0.0+0
SPC            1     277       1   0.0+0
SPC            1     277       2   0.0+0
SPC            1     277       3   0.0+0
SPC            1     277       4   0.0+0
SPC            1     277       5   0.0+0
SPC            1     277       6   0.0+0
SPC            1     309       1   0.0+0
SPC            1     309       2   0.0+0
SPC            1     309       3   0.0+0
SPC            1     309       4   0.0+0
SPC            1     309       5   0.0+0
SPC            1     309       6   0.0+0
SPC            1     313       1   0.0+0
SPC            1     313       2   0.0+0
SPC            1     313       3   0.0+0
SPC            1     313       4   0.0+0
SPC            1     313       5   0.0+0
SPC            1     313       6   0.0+0
SPC            1     323       1   0.0+0
SPC            1     323       2   0.0+0
SPC            1     323       3   0.0+0
SPC            1     323       4   0.0+0
SPC            1     323       5   0.0+0
SPC            1     323       6   0.0+0
SPC            1     327       1   0.0+0
SPC            1     327       2   0.0+0
SPC            1     327       3   0.0+0
SPC            1     327       4   0.0+0
SPC            1     327       5   0.0+0
SPC            1     327       6   0.0+0
SPC            1     409       1   0.0+0
SPC            1     409       2   0.0+0
SPC            1     409       3   0.0+0
SPC            1     409       4   0.0+0
SPC            1     409       5   0.0+0
SPC            1     409       6   0.0+0
SPC            1     410       1   0.0+0
SPC            1     410       2   0.0+0
SPC            1     410       3   0.0+0
SPC            1     410       4   0.0+0
SPC            1     410       5   0.0+0
SPC            1     410       6   0.0+0
SPC            1     413       1   0.0+0
SPC            1     413       2   0.0+0
SPC            1     413       3   0.0+0
SPC            1     413       4   0.0+0
SPC            1     413       5   0.0+0
SPC            1     413       6   0.0+0
SPC            1     418       1   0.0+0
SPC            1     418       2   0.0+0
SPC            1     418       3   0.0+0
SPC            1     418       4   0.0+0
SPC            1     418       5   0.0+0
SPC            1     418       6   0.0+0
SPC            1     431       1   0.0+0
SPC            1     431       2   0.0+0
SPC            1     431       3   0.0+0
SPC            1     431       4   0.0+0
SPC            1     431       5   0.0+0
SPC            1     431       6   0.0+0
SPC            1     434       1   0.0+0
SPC            1     434       2   0.0+0
SPC            1     434       3   0.0+0
SPC            1     434       4   0.0+0
SPC            1     434       5   0.0+0
SPC            1     434       6   0.0+0
SPC            1     439       1   0.0+0
SPC            1     439       2   0.0+0
SPC            1     439       3   0.0+0
SPC            1     439       4   0.0+0
SPC            1     439       5   0.0+0
SPC            1     439       6   0.0+0
SPC            1     450       1   0.0+0
SPC            1     450       2   0.0+0
SPC            1     450       3   0.0+0
SPC            1     450       4   0.0+0
SPC            1     450       5   0.0+0
SPC            1     450       6   0.0+0
SPC            1     454       1   0.0+0
SPC            1     454       2   0.0+0
SPC            1     454       3   0.0+0
SPC            1     454       4   0.0+0
SPC            1     454       5   0.0+0
SPC            1     454       6   0.0+0
SPC            1     546       1   0.0+0
SPC            1     546       2   0.0+0
SPC            1     546       3   0.0+0
SPC            1     546       4   0.0+0
SPC            1     546       5   0.0+0
SPC            1     546       6   0.0+0
SPC            1     551       1   0.0+0
SPC            1     551       2   0.0+0
SPC            1     551       3   0.0+0
SPC            1     551       4   0.0+0
SPC            1     551       5   0.0+0
SPC            1     551       6   0.0+0
SPC            1     562       1   0.0+0
SPC            1     562       2   0.0+0
SPC            1     562       3   0.0+0
SPC            1     562       4   0.0+0
SPC            1     562       5   0.0+0
SPC            1     562       6   0.0+0
SPC            1     566       1   0.0+0
SPC            1     566       2   0.0+0
SPC            1     566       3   0.0+0
SPC            1     566       4   0.0+0
SPC            1     566       5   0.0+0
SPC            1     566       6   0.0+0
SPC            1     598       1   0.0+0
SPC            1     598       2   0.0+0
SPC            1     598       3   0.0+0
SPC            1     598       4   0.0+0
SPC            1     598       5   0.0+0
SPC            1     598       6   0.0+0
SPC            1     602       1   0.0+0
SPC            1     602       2   0.0+0
SPC            1     602       3   0.0+0
SPC            1     602       4   0.0+0
SPC            1     602       5   0.0+0
SPC            1     602       6   0.0+0
SPC            1     612       1   0.0+0
SPC            1     612       2   0.0+0
SPC            1     612       3   0.0+0
SPC            1     612       4   0.0+0
SPC            1     612       5   0.0+0
SPC            1     612       6   0.0+0
SPC            1     616       1   0.0+0
SPC            1     616       2   0.0+0
SPC            1     616       3   0.0+0
SPC            1     616       4   0.0+0
SPC            1     616       5   0.0+0
SPC            1     616       6   0.0+0
SPC            1    1106       1   0.0+0
SPC            1    1106       2   0.0+0
SPC            1    1106       3   0.0+0
SPC            1    1106       4   0.0+0
SPC            1    1106       5   0.0+0
SPC            1    1106       6   0.0+0
SPC            1    1111       1   0.0+0
SPC            1    1111       2   0.0+0
SPC            1    1111       3   0.0+0
SPC            1    1111       4   0.0+0
SPC            1    1111       5   0.0+0
SPC            1    1111       6   0.0+0
SPC            1    1122       1   0.0+0
SPC            1    1122       2   0.0+0
SPC            1    1122       3   0.0+0
SPC            1    1122       4   0.0+0
SPC            1    1122       5   0.0+0
SPC            1    1122       6   0.0+0
SPC            1    1126       1   0.0+0
SPC            1    1126       2   0.0+0
SPC            1    1126       3   0.0+0
SPC            1    1126       4   0.0+0
SPC            1    1126       5   0.0+0
SPC            1    1126       6   0.0+0
SPC            1    1162       1   0.0+0
SPC            1    1162       2   0.0+0
SPC            1    1162       3   0.0+0
SPC            1    1162       4   0.0+0
SPC            1    1162       5   0.0+0
SPC            1    1162       6   0.0+0
SPC            1    1166       1   0.0+0
SPC            1    1166       2   0.0+0
SPC            1    1166       3   0.0+0
SPC            1    1166       4   0.0+0
SPC            1    1166       5   0.0+0
SPC            1    1166       6   0.0+0
SPC            1    1176       1   0.0+0
SPC            1    1176       2   0.0+0
SPC            1    1176       3   0.0+0
SPC            1    1176       4   0.0+0
SPC            1    1176       5   0.0+0
SPC            1    1176       6   0.0+0
SPC            1    1180       1   0.0+0
SPC            1    1180       2   0.0+0
SPC            1    1180       3   0.0+0
SPC            1    1180       4   0.0+0
SPC            1    1180       5   0.0+0
SPC            1    1180       6   0.0+0
SPC            1    1306       1   0.0+0
SPC            1    1306       2   0.0+0
SPC            1    1306       3   0.0+0
SPC            1    1306       4   0.0+0
SPC            1    1306       5   0.0+0
SPC            1    1306       6   0.0+0
SPC            1    1310       1   0.0+0
SPC            1    1310       2   0.0+0
SPC            1    1310       3   0.0+0
SPC            1    1310       4   0.0+0
SPC            1    1310       5   0.0+0
SPC            1    1310       6   0.0+0
SPC            1    1320       1   0.0+0
SPC            1    1320       2   0.0+0
SPC            1    1320       3   0.0+0
SPC            1    1320       4   0.0+0
SPC            1    1320       5   0.0+0
SPC            1    1320       6   0.0+0
SPC            1    1324       1   0.0+0
SPC            1    1324       2   0.0+0
SPC            1    1324       3   0.0+0
SPC            1    1324       4   0.0+0
SPC            1    1324       5   0.0+0
SPC            1    1324       6   0.0+0
SPC            1    1358       1   0.0+0
SPC            1    1358       2   0.0+0
SPC            1    1358       3   0.0+0
SPC            1    1358       4   0.0+0
SPC            1    1358       5   0.0+0
SPC            1    1358       6   0.0+0
SPC            1    1362       1   0.0+0
SPC            1    1362       2   0.0+0
SPC            1    1362       3   0.0+0
SPC            1    1362       4   0.0+0
SPC            1    1362       5   0.0+0
SPC            1    1362       6   0.0+0
SPC            1    1372       1   0.0+0
SPC            1    1372       2   0.0+0
SPC            1    1372       3   0.0+0
SPC            1    1372       4   0.0+0
SPC            1    1372       5   0.0+0
SPC            1    1372       6   0.0+0
SPC            1    1376       1   0.0+0
SPC            1    1376       2   0.0+0
SPC            1    1376       3   0.0+0
SPC            1    1376       4   0.0+0
SPC            1    1376       5   0.0+0
SPC            1    1376       6   0.0+0
SPC            1    1498       1   0.0+0
SPC            1    1498       2   0.0+0
SPC            1    1498       3   0.0+0
SPC            1    1498       4   0.0+0
SPC            1    1498       5   0.0+0
SPC            1    1498       6   0.0+0
$--1---><--2---><--3---><--4---><--5---><--6---><--7---><--8---><--9---><--10-->
$$$$$$$$$$$$$$$$$$$$$$$$$$$$$$$$$$$ Default $$$$$$$$$$$$$$$$$$$$$$$$$$$$$$$$$$$$
PSHELL         1       1   6.0-1       1               1           0.0+0
CQUAD4         1       1       1       2       3       4   0.0+0   0.0+0
CQUAD4*                2               1              25              47*
*                     60              59-3.9269099908-17           0.0+0
CQUAD4*                3               1              47              26*
*                     56              60  1.990641304-17           0.0+0
CQUAD4*                4               1              60              56*
*                     24              58-1.2946531376-16           0.0+0
CQUAD4*                5               1               5              17*
*                     21              20-2.5587399526-16           0.0+0
CQUAD4*                6               1              17               6*
*                     18              21 2.5587399526-16           0.0+0
CQUAD4*                7               1              21              18*
*                      7              19-2.0297696739-17           0.0+0
CQUAD4*                8               1              20              21*
*                     19               8 2.0297696739-17           0.0+0
CQUAD4*                9               1              59              60*
*                     58              12-1.0087483756-16           0.0+0
CQUAD4*               10               1              30              77*
*                    111             110 1.4700336843-17           0.0+0
CQUAD4        11       1      77      41     108     111   0.0+0   0.0+0
CQUAD4*               12               1             111             108*
*                     44             109-7.4225650136-17           0.0+0
CQUAD4        13       1     110     111     109      43   0.0+0   0.0+0
CQUAD4*               14               1              41              74*
*                    113             108 1.2395073736-17           0.0+0
CQUAD4        15       1      74      31      96     113   0.0+0   0.0+0
CQUAD4*               16               1             113              96*
*                     39             112 3.2289118702-17           0.0+0
CQUAD4*               17               1             108             113*
*                    112              44 2.4825307038-17           0.0+0
CQUAD4*               18               1              44             112*
*                    116             115 -6.243099455-17           0.0+0
CQUAD4*               19               1             112              39*
*                    106             116-8.2418824665-18           0.0+0
CQUAD4        20       1     116     106      29     114   0.0+0   0.0+0
CQUAD4*               21               1             115             116*
*                    114              42 -9.618907168-17           0.0+0
CQUAD4*               22               1              43             109*
*                    119             118 1.2480356649-16           0.0+0
CQUAD4        23       1     109      44     115     119   0.0+0   0.0+0
CQUAD4*               24               1             119             115*
*                     42             117 1.7004865507-16           0.0+0
CQUAD4*               25               1             118             119*
*                    117              16 9.9647296872-17           0.0+0
CQUAD4*               26               1               9              45*
*                     49              48 4.8614379549-17           0.0+0
CQUAD4*               27               1              45              22*
*                     46              49 3.0678984303-18           0.0+0
CQUAD4*               28               1              49              46*
*                     26              47  1.982895618-17           0.0+0
CQUAD4*               29               1              48              49*
*                     47              25-9.8479539613-17           0.0+0
CQUAD4*               30               1              22              50*
*                     53              46-3.0678984303-18           0.0+0
CQUAD4*               31               1              50              10*
*                     51              53-4.8614379549-17           0.0+0
CQUAD4*               32               1              53              51*
*                     23              52 9.8479539613-17           0.0+0
CQUAD4*               33               1              46              53*
*                     52              26 -1.982895618-17           0.0+0
CQUAD4*               34               1              26              52*
*                     57              56 -1.990641304-17           0.0+0
CQUAD4*               35               1              52              23*
*                     54              57 3.9269099908-17           0.0+0
CQUAD4*               36               1              57              54*
*                     11              55 1.0087483756-16           0.0+0
CQUAD4*               37               1              56              57*
*                     55              24 1.2946531376-16           0.0+0
CQUAD4*               38               1              13              64*
*                     68              67 2.0502318267-17           0.0+0
CQUAD4*               39               1              64              61*
*                     65              68-2.6828211921-16           0.0+0
CQUAD4*               40               1              68              65*
*                     63              66-1.2272582904-16           0.0+0
CQUAD4*               41               1              67              68*
*                     66              62 1.1068345495-16           0.0+0
CQUAD4*               42               1              61              69*
*                     72              65 1.0084215128-16           0.0+0
CQUAD4*               43               1              69              27*
*                     70              72-2.6380318392-17           0.0+0
CQUAD4*               44               1              72              70*
*                     35              71-1.9622612695-17           0.0+0
CQUAD4*               45               1              65              72*
*                     71              63 -4.994479564-17           0.0+0
CQUAD4        46       1      63      71      76      75   0.0+0   0.0+0
CQUAD4*               47               1              71              35*
*                     73              76 7.3151254836-18           0.0+0
CQUAD4        48       1      76      73      31      74   0.0+0   0.0+0
CQUAD4*               49               1              75              76*
*                     74              41  -4.91545469-18           0.0+0
CQUAD4*               50               1              62              66*
*                     79              78-3.8368836681-17           0.0+0
CQUAD4*               51               1              66              63*
*                     75              79  1.228257782-16           0.0+0
CQUAD4*               52               1              79              75*
*                     41              77   2.47256474-17           0.0+0
CQUAD4*               53               1              78              79*
*                     77              30-9.7932152989-17           0.0+0
CQUAD4*               54               1              27              80*
*                     83              70 2.6380318392-17           0.0+0
CQUAD4*               55               1              80              32*
*                     81              83-1.0084215128-16           0.0+0
CQUAD4*               56               1              83              81*
*                     36              82  4.994479564-17           0.0+0
CQUAD4*               57               1              70              83*
*                     82              35 1.9622612695-17           0.0+0
CQUAD4*               58               1              32              84*
*                     87              81 2.6828211921-16           0.0+0
CQUAD4*               59               1              84              14*
*                     85              87-2.0502318267-17           0.0+0
CQUAD4*               60               1              87              85*
*                     33              86-1.1068345495-16           0.0+0
CQUAD4*               61               1              81              87*
*                     86              36 1.2272582904-16           0.0+0
CQUAD4*               62               1              36              86*
*                     91              90 -1.228257782-16           0.0+0
CQUAD4*               63               1              86              33*
*                     88              91 3.8368836681-17           0.0+0
CQUAD4*               64               1              91              88*
*                     28              89 9.7932152989-17           0.0+0
CQUAD4*               65               1              90              91*
*                     89              34  -2.47256474-17           0.0+0
CQUAD4*               66               1              35              82*
*                     93              73-7.3151254836-18           0.0+0
CQUAD4        67       1      82      36      90      93   0.0+0   0.0+0
CQUAD4*               68               1              93              90*
*                     34              92   4.91545469-18           0.0+0
CQUAD4        69       1      73      93      92      31   0.0+0   0.0+0
CQUAD4        70       1      31      92      97      96   0.0+0   0.0+0
CQUAD4*               71               1              92              34*
*                     94              97-1.2395073736-17           0.0+0
CQUAD4*               72               1              97              94*
*                     40              95-2.4825307038-17           0.0+0
CQUAD4*               73               1              96              97*
*                     95              39-3.2289118702-17           0.0+0
CQUAD4        74       1      34      89     100      94   0.0+0   0.0+0
CQUAD4*               75               1              89              28*
*                     98             100-1.4700336843-17           0.0+0
CQUAD4        76       1     100      98      37      99   0.0+0   0.0+0
CQUAD4*               77               1              94             100*
*                     99              40 7.4225650136-17           0.0+0
CQUAD4        78       1      40      99     104     103   0.0+0   0.0+0
CQUAD4*               79               1              99              37*
*                    101             104-1.2480356649-16           0.0+0
CQUAD4*               80               1             104             101*
*                     15             102-9.9647296872-17           0.0+0
CQUAD4*               81               1             103             104*
*                    102              38-1.7004865507-16           0.0+0
CQUAD4*               82               1              39              95*
*                    107             106 8.2418824665-18           0.0+0
CQUAD4*               83               1              95              40*
*                    103             107  6.243099455-17           0.0+0
CQUAD4*               84               1             107             103*
*                     38             105  9.618907168-17           0.0+0
CQUAD4        85       1     106     107     105      29   0.0+0   0.0+0
CQUAD4*               86               1             128             359*
*                    363             222-1.2425133662-18           0.0+0
CQUAD4*               87               1             359             173*
*                    361             363 6.2132350936-19           0.0+0
CQUAD4*               88               1             363             361*
*                    178             362 -3.600096932-17           0.0+0
CQUAD4*               89               1             222             363*
*                    362             177-3.1090422239-18           0.0+0
CQUAD4        90       1     173     356     366     361   0.0+0   0.0+0
CQUAD4*               91               1             356             131*
*                    364             366 3.7127378509-18           0.0+0
CQUAD4*               92               1             366             364*
*                    175             365-1.2382618955-17           0.0+0
CQUAD4*               93               1             361             366*
*                    365             178 6.1810647332-18           0.0+0
CQUAD4        94       1     178     365     370     369   0.0+0   0.0+0
CQUAD4*               95               1             365             175*
*                    367             370 4.7037268717-17           0.0+0
CQUAD4*               96               1             370             367*
*                    137             368 4.9657143651-17           0.0+0
CQUAD4*               97               1             369             370*
*                    368             176-1.0513418248-16           0.0+0
CQUAD4*               98               1             177             362*
*                    372             225 4.9656069505-18           0.0+0
CQUAD4*               99               1             362             178*
*                    369             372 6.2197871434-18           0.0+0
CQUAD4*              100               1             372             369*
*                    176             371  -5.46564839-17           0.0+0
CQUAD4*              101               1             225             372*
*                    371             136 9.3495247444-18           0.0+0
CQUAD4*              102               1             131             348*
*                    375             364-1.1110686261-17           0.0+0
CQUAD4*              103               1             348             170*
*                    373             375 1.1076562451-17           0.0+0
CQUAD4*              104               1             375             373*
*                    181             374-3.6956906216-17           0.0+0
CQUAD4*              105               1             364             375*
*                    374             175  6.416995656-17           0.0+0
CQUAD4       106       1     170     345     378     373   0.0+0   0.0+0
CQUAD4*              107               1             345             125*
*                    376             378-1.8317870171-17           0.0+0
CQUAD4*              108               1             378             376*
*                    179             377 4.8811836284-17           0.0+0
CQUAD4*              109               1             373             378*
*                    377             181-2.4538306693-17           0.0+0
CQUAD4*              110               1             181             377*
*                    382             381-9.8301820731-17           0.0+0
CQUAD4*              111               1             377             179*
*                    379             382 1.2235880408-16           0.0+0
CQUAD4*              112               1             382             379*
*                    134             380-1.2166335462-16           0.0+0
CQUAD4*              113               1             381             382*
*                    380             180-2.5031015745-16           0.0+0
CQUAD4*              114               1             175             374*
*                    384             367-1.9619596384-17           0.0+0
CQUAD4*              115               1             374             181*
*                    381             384-4.4560863886-17           0.0+0
CQUAD4*              116               1             384             381*
*                    180             383-2.7915780912-17           0.0+0
CQUAD4*              117               1             367             384*
*                    383             137 6.1969601713-17           0.0+0
CQUAD4*              118               1             137             383*
*                    388             387 2.4884532931-17           0.0+0
CQUAD4*              119               1             383             180*
*                    385             388-5.3268703045-17           0.0+0
CQUAD4*              120               1             388             385*
*                    185             386 8.7046151316-17           0.0+0
CQUAD4*              121               1             387             388*
*                    386             184 1.1414449034-16           0.0+0
CQUAD4*              122               1             180             380*
*                    391             385-2.3799501551-16           0.0+0
CQUAD4*              123               1             380             134*
*                    389             391 4.7525008845-17           0.0+0
CQUAD4*              124               1             391             389*
*                    182             390  2.461845137-17           0.0+0
CQUAD4*              125               1             385             391*
*                    390             185-2.9004775282-16           0.0+0
CQUAD4*              126               1             185             390*
*                    395             394 3.5216575347-16           0.0+0
CQUAD4*              127               1             390             182*
*                    392             395-1.2352335754-16           0.0+0
CQUAD4*              128               1             395             392*
*                    122             393 2.4580964759-17           0.0+0
CQUAD4*              129               1             394             395*
*                    393             183 2.2439951011-16           0.0+0
CQUAD4*              130               1             184             386*
*                    398             397-2.3776648544-16           0.0+0
CQUAD4*              131               1             386             185*
*                    394             398-2.2701040408-16           0.0+0
CQUAD4*              132               1             398             394*
*                    183             396 6.3228956515-17           0.0+0
CQUAD4*              133               1             397             398*
*                    396             135-4.9971427895-17           0.0+0
CQUAD4*              134               1             136             371*
*                    401             235  5.087575523-19           0.0+0
CQUAD4*              135               1             371             176*
*                    399             401 7.8025655029-18           0.0+0
CQUAD4*              136               1             401             399*
*                    188             400-4.0714095589-17           0.0+0
CQUAD4*              137               1             235             401*
*                    400             187-8.7376962909-18           0.0+0
CQUAD4*              138               1             176             368*
*                    403             399 6.8119854765-17           0.0+0
CQUAD4*              139               1             368             137*
*                    387             403 5.0794125392-17           0.0+0
CQUAD4*              140               1             403             387*
*                    184             402 1.1225707643-16           0.0+0
CQUAD4*              141               1             399             403*
*                    402             188 -1.842706411-16           0.0+0
CQUAD4*              142               1             188             402*
*                    406             405 1.3575787441-16           0.0+0
CQUAD4*              143               1             402             184*
*                    397             406  1.002233318-16           0.0+0
CQUAD4*              144               1             406             397*
*                    135             404-6.0413459528-17           0.0+0
CQUAD4*              145               1             405             406*
*                    404             186 1.4502136857-16           0.0+0
CQUAD4*              146               1             187             400*
*                    408             238-7.8818492605-18           0.0+0
CQUAD4*              147               1             400             188*
*                    405             408-5.0263796385-17           0.0+0
CQUAD4*              148               1             408             405*
*                    186             407-8.7174888864-17           0.0+0
CQUAD4*              149               1             238             408*
*                    407             126 1.5978353098-18           0.0+0
CQUAD4*              150               1             127             201*
*                    205             204 1.8317870171-17           0.0+0
CQUAD4       151       1     201     158     202     205   0.0+0   0.0+0
CQUAD4*              152               1             205             202*
*                    192             203 2.4538306693-17           0.0+0
CQUAD4*              153               1             204             205*
*                    203             191-4.8811836284-17           0.0+0
CQUAD4*              154               1             158             206*
*                    209             202-1.1076562451-17           0.0+0
CQUAD4*              155               1             206             138*
*                    207             209 1.1110686261-17           0.0+0
CQUAD4*              156               1             209             207*
*                    189             208 -6.416995656-17           0.0+0
CQUAD4*              157               1             202             209*
*                    208             192 3.6956906216-17           0.0+0
CQUAD4*              158               1             192             208*
*                    213             212 4.4560863886-17           0.0+0
CQUAD4*              159               1             208             189*
*                    210             213 1.9619596384-17           0.0+0
CQUAD4*              160               1             213             210*
*                    141             211-6.1969601713-17           0.0+0
CQUAD4*              161               1             212             213*
*                    211             190 2.7915780912-17           0.0+0
CQUAD4*              162               1             191             203*
*                    216             215-1.2235880408-16           0.0+0
CQUAD4*              163               1             203             192*
*                    212             216 9.8301820731-17           0.0+0
CQUAD4*              164               1             216             212*
*                    190             214 2.5031015745-16           0.0+0
CQUAD4*              165               1             215             216*
*                    214             140 1.2166335462-16           0.0+0
CQUAD4*              166               1             138             217*
*                    220             207-3.7127378509-18           0.0+0
CQUAD4       167       1     217     155     218     220   0.0+0   0.0+0
CQUAD4*              168               1             220             218*
*                    194             219-6.1810647332-18           0.0+0
CQUAD4*              169               1             207             220*
*                    219             189 1.2382618955-17           0.0+0
CQUAD4*              170               1             155             221*
*                    224             218-6.2132350936-19           0.0+0
CQUAD4*              171               1             221             128*
*                    222             224 1.2425133662-18           0.0+0
CQUAD4*              172               1             224             222*
*                    177             223 3.1090422239-18           0.0+0
CQUAD4*              173               1             218             224*
*                    223             194  3.600096932-17           0.0+0
CQUAD4*              174               1             194             223*
*                    228             227-6.2197871434-18           0.0+0
CQUAD4*              175               1             223             177*
*                    225             228-4.9656069505-18           0.0+0
CQUAD4*              176               1             228             225*
*                    136             226-9.3495247444-18           0.0+0
CQUAD4*              177               1             227             228*
*                    226             193   5.46564839-17           0.0+0
CQUAD4*              178               1             189             219*
*                    230             210-4.7037268717-17           0.0+0
CQUAD4       179       1     219     194     227     230   0.0+0   0.0+0
CQUAD4*              180               1             230             227*
*                    193             229 1.0513418248-16           0.0+0
CQUAD4*              181               1             210             230*
*                    229             141-4.9657143651-17           0.0+0
CQUAD4*              182               1             141             229*
*                    234             233-5.0794125392-17           0.0+0
CQUAD4*              183               1             229             193*
*                    231             234-6.8119854765-17           0.0+0
CQUAD4*              184               1             234             231*
*                    197             232  1.842706411-16           0.0+0
CQUAD4*              185               1             233             234*
*                    232             196-1.1225707643-16           0.0+0
CQUAD4*              186               1             193             226*
*                    237             231-7.8025655029-18           0.0+0
CQUAD4*              187               1             226             136*
*                    235             237 -5.087575523-19           0.0+0
CQUAD4*              188               1             237             235*
*                    187             236 8.7376962909-18           0.0+0
CQUAD4*              189               1             231             237*
*                    236             197 4.0714095589-17           0.0+0
CQUAD4*              190               1             197             236*
*                    241             240 5.0263796385-17           0.0+0
CQUAD4*              191               1             236             187*
*                    238             241 7.8818492605-18           0.0+0
CQUAD4*              192               1             241             238*
*                    126             239-1.5978353098-18           0.0+0
CQUAD4*              193               1             240             241*
*                    239             195 8.7174888864-17           0.0+0
CQUAD4*              194               1             196             232*
*                    244             243 -1.002233318-16           0.0+0
CQUAD4*              195               1             232             197*
*                    240             244-1.3575787441-16           0.0+0
CQUAD4*              196               1             244             240*
*                    195             242-1.4502136857-16           0.0+0
CQUAD4*              197               1             243             244*
*                    242             139 6.0413459528-17           0.0+0
CQUAD4*              198               1             140             214*
*                    248             247-4.7525008845-17           0.0+0
CQUAD4*              199               1             214             190*
*                    245             248 2.3799501551-16           0.0+0
CQUAD4*              200               1             248             245*
*                    200             246 2.9004775282-16           0.0+0
CQUAD4*              201               1             247             248*
*                    246             199 -2.461845137-17           0.0+0
CQUAD4*              202               1             190             211*
*                    250             245 5.3268703045-17           0.0+0
CQUAD4*              203               1             211             141*
*                    233             250-2.4884532931-17           0.0+0
CQUAD4*              204               1             250             233*
*                    196             249-1.1414449034-16           0.0+0
CQUAD4*              205               1             245             250*
*                    249             200-8.7046151316-17           0.0+0
CQUAD4*              206               1             200             249*
*                    253             252 2.2701040408-16           0.0+0
CQUAD4*              207               1             249             196*
*                    243             253 2.3776648544-16           0.0+0
CQUAD4*              208               1             253             243*
*                    139             251 4.9971427895-17           0.0+0
CQUAD4*              209               1             252             253*
*                    251             198-6.3228956515-17           0.0+0
CQUAD4*              210               1             199             246*
*                    256             255 1.2352335754-16           0.0+0
CQUAD4*              211               1             246             200*
*                    252             256-3.5216575347-16           0.0+0
CQUAD4*              212               1             256             252*
*                    198             254-2.2439951011-16           0.0+0
CQUAD4*              213               1             255             256*
*                    254             123-2.4580964759-17           0.0+0
CQUAD4*              214               1             120             257*
*                    261             260-1.1389805808-16           0.0+0
CQUAD4*              215               1             257             145*
*                    258             261 2.3819131879-16           0.0+0
CQUAD4*              216               1             261             258*
*                    149             259-7.4618122471-17           0.0+0
CQUAD4*              217               1             260             261*
*                    259             148 2.6381544421-16           0.0+0
CQUAD4*              218               1             145             262*
*                    265             258 1.0009990903-16           0.0+0
CQUAD4*              219               1             262             142*
*                    263             265 2.4959163663-16           0.0+0
CQUAD4*              220               1             265             263*
*                    146             264 2.1289479702-16           0.0+0
CQUAD4*              221               1             258             265*
*                    264             149-1.2645444055-17           0.0+0
CQUAD4*              222               1             149             264*
*                    269             268-1.2405219901-17           0.0+0
CQUAD4*              223               1             264             146*
*                    266             269-2.6414548837-17           0.0+0
CQUAD4*              224               1             269             266*
*                    144             267-7.3234912016-17           0.0+0
CQUAD4*              225               1             268             269*
*                    267             147 1.3228299023-16           0.0+0
CQUAD4*              226               1             148             259*
*                    272             271 3.4507429916-16           0.0+0
CQUAD4*              227               1             259             149*
*                    268             272 2.8176935401-16           0.0+0
CQUAD4*              228               1             272             268*
*                    147             270 7.3986607605-17           0.0+0
CQUAD4*              229               1             271             272*
*                    270             143 -3.894168123-16           0.0+0
CQUAD4*              230               1             142             273*
*                    276             263  7.527920067-17           0.0+0
CQUAD4*              231               1             273             150*
*                    274             276 4.4087257813-17           0.0+0
CQUAD4*              232               1             276             274*
*                    153             275-1.1028355044-16           0.0+0
CQUAD4*              233               1             263             276*
*                    275             146 8.7757458344-17           0.0+0
CQUAD4*              234               1             150             277*
*                    280             274-1.2631969351-17           0.0+0
CQUAD4*              235               1             277             124*
*                    278             280 1.5620628775-18           0.0+0
CQUAD4*              236               1             280             278*
*                    151             279 3.0598148329-17           0.0+0
CQUAD4*              237               1             274             280*
*                    279             153 2.2068200127-17           0.0+0
CQUAD4*              238               1             153             279*
*                    284             283-4.4202227923-19           0.0+0
CQUAD4*              239               1             279             151*
*                    281             284 8.3410745886-19           0.0+0
CQUAD4*              240               1             284             281*
*                    132             282-1.0777944354-18           0.0+0
CQUAD4       241       1     283     284     282     152   0.0+0   0.0+0
CQUAD4       242       1     146     275     286     266   0.0+0   0.0+0
CQUAD4*              243               1             275             153*
*                    283             286 1.3565966208-16           0.0+0
CQUAD4*              244               1             286             283*
*                    152             285-1.2495699758-17           0.0+0
CQUAD4       245       1     266     286     285     144   0.0+0   0.0+0
CQUAD4*              246               1             144             285*
*                    290             289 4.9657143651-17           0.0+0
CQUAD4*              247               1             285             152*
*                    287             290-2.4503000672-17           0.0+0
CQUAD4*              248               1             290             287*
*                    157             288-3.1060339443-17           0.0+0
CQUAD4*              249               1             289             290*
*                    288             156 2.6635794349-18           0.0+0
CQUAD4*              250               1             152             282*
*                    293             287-7.7252468626-18           0.0+0
CQUAD4*              251               1             282             132*
*                    291             293 -1.714361537-17           0.0+0
CQUAD4*              252               1             293             291*
*                    154             292 -7.779571972-18           0.0+0
CQUAD4*              253               1             287             293*
*                    292             157-1.5549467858-17           0.0+0
CQUAD4*              254               1             157             292*
*                    296             295 1.5530067468-17           0.0+0
CQUAD4*              255               1             292             154*
*                    294             296 4.9639202128-18           0.0+0
CQUAD4*              256               1             296             294*
*                    128             221-3.1115907097-19           0.0+0
CQUAD4*              257               1             295             296*
*                    221             155 2.4846878682-18           0.0+0
CQUAD4*              258               1             156             288*
*                    298             297 -5.209106421-17           0.0+0
CQUAD4*              259               1             288             157*
*                    295             298 1.8564975555-17           0.0+0
CQUAD4*              260               1             298             295*
*                    155             217-6.1945976979-18           0.0+0
CQUAD4*              261               1             297             298*
*                    217             138  8.661846412-18           0.0+0
CQUAD4*              262               1             143             270*
*                    302             301-1.4706057989-16           0.0+0
CQUAD4*              263               1             270             147*
*                    299             302-2.9931459416-16           0.0+0
CQUAD4*              264               1             302             299*
*                    160             300-1.7635040641-16           0.0+0
CQUAD4*              265               1             301             302*
*                    300             159-9.7887043266-17           0.0+0
CQUAD4*              266               1             147             267*
*                    304             299-4.9451359322-17           0.0+0
CQUAD4*              267               1             267             144*
*                    289             304 1.1322496774-16           0.0+0
CQUAD4*              268               1             304             289*
*                    156             303-3.9191058331-17           0.0+0
CQUAD4*              269               1             299             304*
*                    303             160-1.2332696553-17           0.0+0
CQUAD4*              270               1             160             303*
*                    306             305 1.2800388656-16           0.0+0
CQUAD4*              271               1             303             156*
*                    297             306-7.3302669116-18           0.0+0
CQUAD4*              272               1             306             297*
*                    138             206-2.4695236259-17           0.0+0
CQUAD4*              273               1             305             306*
*                    206             158 -1.230969538-17           0.0+0
CQUAD4*              274               1             159             300*
*                    308             307-2.4434518827-17           0.0+0
CQUAD4*              275               1             300             160*
*                    305             308 8.8234504283-17           0.0+0
CQUAD4*              276               1             308             305*
*                    158             201-4.0467823444-17           0.0+0
CQUAD4*              277               1             307             308*
*                    201             127 1.2200784246-17           0.0+0
CQUAD4*              278               1             124             309*
*                    312             278-1.5620628775-18           0.0+0
CQUAD4*              279               1             309             161*
*                    310             312 1.2631969351-17           0.0+0
CQUAD4*              280               1             312             310*
*                    164             311-2.2068200127-17           0.0+0
CQUAD4*              281               1             278             312*
*                    311             151-3.0598148329-17           0.0+0
CQUAD4*              282               1             161             313*
*                    316             310-4.4087257813-17           0.0+0
CQUAD4*              283               1             313             129*
*                    314             316 -7.527920067-17           0.0+0
CQUAD4*              284               1             316             314*
*                    162             315-8.7757458344-17           0.0+0
CQUAD4*              285               1             310             316*
*                    315             164 1.1028355044-16           0.0+0
CQUAD4*              286               1             164             315*
*                    320             319-1.3565966208-16           0.0+0
CQUAD4       287       1     315     162     317     320   0.0+0   0.0+0
CQUAD4       288       1     320     317     133     318   0.0+0   0.0+0
CQUAD4*              289               1             319             320*
*                    318             163 1.2495699758-17           0.0+0
CQUAD4*              290               1             151             311*
*                    322             281-8.3410745886-19           0.0+0
CQUAD4*              291               1             311             164*
*                    319             322 4.4202227923-19           0.0+0
CQUAD4       292       1     322     319     163     321   0.0+0   0.0+0
CQUAD4*              293               1             281             322*
*                    321             132 1.0777944354-18           0.0+0
CQUAD4*              294               1             129             323*
*                    326             314-2.4959163663-16           0.0+0
CQUAD4*              295               1             323             165*
*                    324             326-1.0009990903-16           0.0+0
CQUAD4*              296               1             326             324*
*                    168             325 1.2645444055-17           0.0+0
CQUAD4*              297               1             314             326*
*                    325             162-2.1289479702-16           0.0+0
CQUAD4*              298               1             165             327*
*                    330             324-2.3819131879-16           0.0+0
CQUAD4*              299               1             327             121*
*                    328             330 1.1389805808-16           0.0+0
CQUAD4*              300               1             330             328*
*                    166             329-2.6381544421-16           0.0+0
CQUAD4*              301               1             324             330*
*                    329             168 7.4618122471-17           0.0+0
CQUAD4*              302               1             168             329*
*                    334             333-2.8176935401-16           0.0+0
CQUAD4*              303               1             329             166*
*                    331             334-3.4507429916-16           0.0+0
CQUAD4*              304               1             334             331*
*                    130             332  3.894168123-16           0.0+0
CQUAD4*              305               1             333             334*
*                    332             167-7.3986607605-17           0.0+0
CQUAD4*              306               1             162             325*
*                    336             317 2.6414548837-17           0.0+0
CQUAD4*              307               1             325             168*
*                    333             336 1.2405219901-17           0.0+0
CQUAD4*              308               1             336             333*
*                    167             335-1.3228299023-16           0.0+0
CQUAD4*              309               1             317             336*
*                    335             133 7.3234912016-17           0.0+0
CQUAD4*              310               1             133             335*
*                    340             339-1.1322496774-16           0.0+0
CQUAD4*              311               1             335             167*
*                    337             340 4.9451359322-17           0.0+0
CQUAD4*              312               1             340             337*
*                    172             338 1.2332696553-17           0.0+0
CQUAD4*              313               1             339             340*
*                    338             171 3.9191058331-17           0.0+0
CQUAD4*              314               1             167             332*
*                    343             337 2.9931459416-16           0.0+0
CQUAD4*              315               1             332             130*
*                    341             343 1.4706057989-16           0.0+0
CQUAD4*              316               1             343             341*
*                    169             342 9.7887043266-17           0.0+0
CQUAD4*              317               1             337             343*
*                    342             172 1.7635040641-16           0.0+0
CQUAD4*              318               1             172             342*
*                    347             346-8.8234504283-17           0.0+0
CQUAD4*              319               1             342             169*
*                    344             347 2.4434518827-17           0.0+0
CQUAD4*              320               1             347             344*
*                    125             345-1.2200784246-17           0.0+0
CQUAD4*              321               1             346             347*
*                    345             170 4.0467823444-17           0.0+0
CQUAD4*              322               1             171             338*
*                    350             349 7.3302669116-18           0.0+0
CQUAD4*              323               1             338             172*
*                    346             350-1.2800388656-16           0.0+0
CQUAD4*              324               1             350             346*
*                    170             348  1.230969538-17           0.0+0
CQUAD4*              325               1             349             350*
*                    348             131 2.4695236259-17           0.0+0
CQUAD4*              326               1             132             321*
*                    353             291  1.714361537-17           0.0+0
CQUAD4*              327               1             321             163*
*                    351             353 7.7252468626-18           0.0+0
CQUAD4*              328               1             353             351*
*                    174             352 1.5549467858-17           0.0+0
CQUAD4*              329               1             291             353*
*                    352             154  7.779571972-18           0.0+0
CQUAD4*              330               1             163             318*
*                    355             351 2.4503000672-17           0.0+0
CQUAD4*              331               1             318             133*
*                    339             355-4.9657143651-17           0.0+0
CQUAD4*              332               1             355             339*
*                    171             354-2.6635794349-18           0.0+0
CQUAD4*              333               1             351             355*
*                    354             174 3.1060339443-17           0.0+0
CQUAD4*              334               1             174             354*
*                    358             357-1.8564975555-17           0.0+0
CQUAD4*              335               1             354             171*
*                    349             358  5.209106421-17           0.0+0
CQUAD4*              336               1             358             349*
*                    131             356 -8.661846412-18           0.0+0
CQUAD4*              337               1             357             358*
*                    356             173 6.1945976979-18           0.0+0
CQUAD4*              338               1             154             352*
*                    360             294-4.9639202128-18           0.0+0
CQUAD4*              339               1             352             174*
*                    357             360-1.5530067468-17           0.0+0
CQUAD4*              340               1             360             357*
*                    173             359-2.4846878682-18           0.0+0
CQUAD4*              341               1             294             360*
*                    359             128 3.1115907097-19           0.0+0
CQUAD4*              342               1             413            1306*
*                   1309            1181 2.5013348605-18           0.0+0
CQUAD4*              343               1            1306             598*
*                   1307            1309-2.8472814402-17           0.0+0
CQUAD4*              344               1            1309            1307*
*                    601            1308-2.2980977625-17           0.0+0
CQUAD4*              345               1            1181            1309*
*                   1308             567 5.4303502941-18           0.0+0
CQUAD4*              346               1             598            1310*
*                   1313            1307 2.5268744493-17           0.0+0
CQUAD4*              347               1            1310             450*
*                   1311            1313  1.060537236-16           0.0+0
CQUAD4*              348               1            1313            1311*
*                    599            1312 3.9808538622-17           0.0+0
CQUAD4*              349               1            1307            1313*
*                   1312             601 -6.317172122-18           0.0+0
CQUAD4*              350               1             601            1312*
*                   1317            1316-4.7145731013-17           0.0+0
CQUAD4*              351               1            1312             599*
*                   1314            1317-4.0163090402-17           0.0+0
CQUAD4*              352               1            1317            1314*
*                    453            1315-6.2364977245-17           0.0+0
CQUAD4*              353               1            1316            1317*
*                   1315             600-1.6061462635-17           0.0+0
CQUAD4*              354               1             567            1308*
*                   1319            1184 3.5504615302-18           0.0+0
CQUAD4*              355               1            1308             601*
*                   1316            1319 1.9687699675-17           0.0+0
CQUAD4       356       1    1319    1316     600    1318   0.0+0   0.0+0
CQUAD4*              357               1            1184            1319*
*                   1318             440 7.8216326458-19           0.0+0
CQUAD4*              358               1             450            1320*
*                   1323            1311 7.1725641542-17           0.0+0
CQUAD4*              359               1            1320             602*
*                   1321            1323-4.4361728422-17           0.0+0
CQUAD4*              360               1            1323            1321*
*                    605            1322 1.2604345473-16           0.0+0
CQUAD4*              361               1            1311            1323*
*                   1322             599 1.5762421154-16           0.0+0
CQUAD4*              362               1             602            1324*
*                   1327            1321-1.7655135332-16           0.0+0
CQUAD4*              363               1            1324             418*
*                   1325            1327-2.2719910528-16           0.0+0
CQUAD4*              364               1            1327            1325*
*                    603            1326 7.6781364619-17           0.0+0
CQUAD4*              365               1            1321            1327*
*                   1326             605-1.4861182929-16           0.0+0
CQUAD4*              366               1             605            1326*
*                   1331            1330-1.0358007096-16           0.0+0
CQUAD4*              367               1            1326             603*
*                   1328            1331 1.8536491845-18           0.0+0
CQUAD4*              368               1            1331            1328*
*                    451            1329-8.1596615096-17           0.0+0
CQUAD4*              369               1            1330            1331*
*                   1329             604 5.9553645955-17           0.0+0
CQUAD4*              370               1             599            1322*
*                   1333            1314-7.2333846992-17           0.0+0
CQUAD4*              371               1            1322             605*
*                   1330            1333-8.2212528692-17           0.0+0
CQUAD4*              372               1            1333            1330*
*                    604            1332 1.4124577995-16           0.0+0
CQUAD4*              373               1            1314            1333*
*                   1332             453 5.9890158459-17           0.0+0
CQUAD4*              374               1             453            1332*
*                   1337            1336 -4.952694373-17           0.0+0
CQUAD4*              375               1            1332             604*
*                   1334            1337 1.2835031707-16           0.0+0
CQUAD4*              376               1            1337            1334*
*                    609            1335-9.2435691248-17           0.0+0
CQUAD4*              377               1            1336            1337*
*                   1335             608-1.5508142319-16           0.0+0
CQUAD4*              378               1             604            1329*
*                   1340            1334-1.5561503542-16           0.0+0
CQUAD4*              379               1            1329             451*
*                   1338            1340-1.8807590356-17           0.0+0
CQUAD4*              380               1            1340            1338*
*                    606            1339-1.0968535796-16           0.0+0
CQUAD4*              381               1            1334            1340*
*                   1339             609 6.2400303886-18           0.0+0
CQUAD4*              382               1             609            1339*
*                   1344            1343 8.1073949554-17           0.0+0
CQUAD4*              383               1            1339             606*
*                   1341            1344-1.7948906528-16           0.0+0
CQUAD4*              384               1            1344            1341*
*                    422            1342-4.2645634501-17           0.0+0
CQUAD4*              385               1            1343            1344*
*                   1342             607-4.3590960301-17           0.0+0
CQUAD4*              386               1             608            1335*
*                   1347            1346-2.5002008225-17           0.0+0
CQUAD4*              387               1            1335             609*
*                   1343            1347 2.0744498808-17           0.0+0
CQUAD4*              388               1            1347            1343*
*                    607            1345 8.1320940373-18           0.0+0
CQUAD4*              389               1            1346            1347*
*                   1345             452-5.5074831127-18           0.0+0
CQUAD4*              390               1             440            1318*
*                   1350            1194-9.8310119913-18           0.0+0
CQUAD4*              391               1            1318             600*
*                   1348            1350-2.4787949394-17           0.0+0
CQUAD4*              392               1            1350            1348*
*                    611            1349 1.0953537515-17           0.0+0
CQUAD4*              393               1            1194            1350*
*                   1349             570  7.048956779-18           0.0+0
CQUAD4*              394               1             600            1315*
*                   1352            1348 7.1064097695-17           0.0+0
CQUAD4*              395               1            1315             453*
*                   1336            1352 3.1116031472-17           0.0+0
CQUAD4*              396               1            1352            1336*
*                    608            1351-4.3881504629-17           0.0+0
CQUAD4*              397               1            1348            1352*
*                   1351             611-7.8468039359-18           0.0+0
CQUAD4*              398               1             611            1351*
*                   1355            1354 1.8771700104-17           0.0+0
CQUAD4*              399               1            1351             608*
*                   1346            1355-4.0766394443-17           0.0+0
CQUAD4*              400               1            1355            1346*
*                    452            1353 -3.745879237-17           0.0+0
CQUAD4*              401               1            1354            1355*
*                   1353             610-3.1281363273-18           0.0+0
CQUAD4*              402               1             570            1349*
*                   1357            1197 5.4276101978-19           0.0+0
CQUAD4*              403               1            1349             611*
*                   1354            1357-1.1016773142-17           0.0+0
CQUAD4*              404               1            1357            1354*
*                    610            1356 1.4060454286-17           0.0+0
CQUAD4*              405               1            1197            1357*
*                   1356             421-7.7726896829-19           0.0+0
CQUAD4*              406               1             418            1358*
*                   1361            1325 3.8521917528-16           0.0+0
CQUAD4*              407               1            1358             612*
*                   1359            1361-8.8033688508-17           0.0+0
CQUAD4*              408               1            1361            1359*
*                    615            1360-3.2225350091-16           0.0+0
CQUAD4*              409               1            1325            1361*
*                   1360             603-1.8830149584-16           0.0+0
CQUAD4*              410               1             612            1362*
*                   1365            1359 6.8878441484-17           0.0+0
CQUAD4*              411               1            1362             454*
*                   1363            1365-1.8423905472-16           0.0+0
CQUAD4*              412               1            1365            1363*
*                    613            1364 1.0994177888-16           0.0+0
CQUAD4*              413               1            1359            1365*
*                   1364             615-2.7524712464-16           0.0+0
CQUAD4*              414               1             615            1364*
*                   1369            1368 3.4967803274-17           0.0+0
CQUAD4*              415               1            1364             613*
*                   1366            1369-2.4795531192-16           0.0+0
CQUAD4*              416               1            1369            1366*
*                    457            1367 4.9799392564-17           0.0+0
CQUAD4*              417               1            1368            1369*
*                   1367             614  -8.57733483-17           0.0+0
CQUAD4*              418               1             603            1360*
*                   1371            1328-2.3170347179-16           0.0+0
CQUAD4       419       1    1360     615    1368    1371   0.0+0   0.0+0
CQUAD4*              420               1            1371            1368*
*                    614            1370 1.2667708321-17           0.0+0
CQUAD4*              421               1            1328            1371*
*                   1370             451  2.158149164-16           0.0+0
CQUAD4*              422               1             454            1372*
*                   1375            1363-2.9742065456-16           0.0+0
CQUAD4*              423               1            1372             616*
*                   1373            1375 6.1299750385-16           0.0+0
CQUAD4*              424               1            1375            1373*
*                    619            1374-3.4736771625-16           0.0+0
CQUAD4*              425               1            1363            1375*
*                   1374             613 1.6642293919-16           0.0+0
CQUAD4*              426               1             616            1376*
*                   1379            1373 4.2793710218-16           0.0+0
CQUAD4*              427               1            1376             410*
*                   1377            1379-9.9341373505-17           0.0+0
CQUAD4*              428               1            1379            1377*
*                    617            1378 9.9521129037-17           0.0+0
CQUAD4*              429               1            1373            1379*
*                   1378             619 5.7166077169-18           0.0+0
CQUAD4*              430               1             619            1378*
*                   1383            1382-9.9276183952-17           0.0+0
CQUAD4*              431               1            1378             617*
*                   1380            1383-1.3466842381-16           0.0+0
CQUAD4*              432               1            1383            1380*
*                    455            1381 2.4724616595-16           0.0+0
CQUAD4*              433               1            1382            1383*
*                   1381             618-1.8106400435-16           0.0+0
CQUAD4*              434               1             613            1374*
*                   1385            1366 1.0462987213-16           0.0+0
CQUAD4*              435               1            1374             619*
*                   1382            1385-2.4253379746-16           0.0+0
CQUAD4*              436               1            1385            1382*
*                    618            1384 -2.116813379-16           0.0+0
CQUAD4*              437               1            1366            1385*
*                   1384             457 5.6012924736-17           0.0+0
CQUAD4*              438               1             457            1384*
*                   1389            1388 3.2860952843-16           0.0+0
CQUAD4*              439               1            1384             618*
*                   1386            1389 3.8547451571-16           0.0+0
CQUAD4*              440               1            1389            1386*
*                    623            1387 -9.899001638-17           0.0+0
CQUAD4*              441               1            1388            1389*
*                   1387             622 8.8502802892-17           0.0+0
CQUAD4*              442               1             618            1381*
*                   1392            1386 3.5820442474-16           0.0+0
CQUAD4*              443               1            1381             455*
*                   1390            1392 1.2294555377-17           0.0+0
CQUAD4*              444               1            1392            1390*
*                    620            1391-1.7233786779-16           0.0+0
CQUAD4*              445               1            1386            1392*
*                   1391             623 -2.209819821-17           0.0+0
CQUAD4*              446               1             623            1391*
*                   1396            1395 7.3754701644-17           0.0+0
CQUAD4*              447               1            1391             620*
*                   1393            1396 -1.256380154-16           0.0+0
CQUAD4*              448               1            1396            1393*
*                    419            1394 4.9089499775-17           0.0+0
CQUAD4*              449               1            1395            1396*
*                   1394             621-2.0239786731-16           0.0+0
CQUAD4*              450               1             622            1387*
*                   1399            1398 2.4744891893-17           0.0+0
CQUAD4*              451               1            1387             623*
*                   1395            1399-7.9280189215-18           0.0+0
CQUAD4*              452               1            1399            1395*
*                    621            1397-9.4550893958-17           0.0+0
CQUAD4*              453               1            1398            1399*
*                   1397             456-7.8703583617-17           0.0+0
CQUAD4*              454               1             451            1370*
*                   1402            1338  4.990965242-17           0.0+0
CQUAD4*              455               1            1370             614*
*                   1400            1402 1.8759249025-17           0.0+0
CQUAD4*              456               1            1402            1400*
*                    625            1401 9.8712177045-17           0.0+0
CQUAD4*              457               1            1338            1402*
*                   1401             606 9.7923469689-17           0.0+0
CQUAD4*              458               1             614            1367*
*                   1404            1400-5.0336906131-16           0.0+0
CQUAD4*              459               1            1367             457*
*                   1388            1404 1.2227318175-17           0.0+0
CQUAD4*              460               1            1404            1388*
*                    622            1403 1.1795471933-16           0.0+0
CQUAD4*              461               1            1400            1404*
*                   1403             625 1.2425823644-16           0.0+0
CQUAD4*              462               1             625            1403*
*                   1407            1406-5.5869677664-17           0.0+0
CQUAD4*              463               1            1403             622*
*                   1398            1407 5.5776800699-17           0.0+0
CQUAD4*              464               1            1407            1398*
*                    456            1405-6.1150909445-18           0.0+0
CQUAD4*              465               1            1406            1407*
*                   1405             624 1.5239558304-16           0.0+0
CQUAD4*              466               1             606            1401*
*                   1409            1341 6.2256889109-18           0.0+0
CQUAD4*              467               1            1401             625*
*                   1406            1409-7.4467222721-17           0.0+0
CQUAD4*              468               1            1409            1406*
*                    624            1408 1.0568334578-16           0.0+0
CQUAD4*              469               1            1341            1409*
*                   1408             422 -6.479007093-17           0.0+0
CQUAD4*              470               1             422            1408*
*                   1413            1412 6.2226587807-18           0.0+0
CQUAD4*              471               1            1408             624*
*                   1410            1413-1.2428676059-16           0.0+0
CQUAD4*              472               1            1413            1410*
*                    629            1411 9.9608912336-17           0.0+0
CQUAD4*              473               1            1412            1413*
*                   1411             628-1.2089973524-16           0.0+0
CQUAD4*              474               1             624            1405*
*                   1416            1410-6.1327592794-18           0.0+0
CQUAD4*              475               1            1405             456*
*                   1414            1416 -4.749729711-18           0.0+0
CQUAD4*              476               1            1416            1414*
*                    626            1415 3.2474265985-17           0.0+0
CQUAD4*              477               1            1410            1416*
*                   1415             629 3.0883593906-17           0.0+0
CQUAD4*              478               1             629            1415*
*                   1420            1419 2.7342568205-17           0.0+0
CQUAD4*              479               1            1415             626*
*                   1417            1420 2.3612327053-16           0.0+0
CQUAD4*              480               1            1420            1417*
*                    461            1418 3.6943761774-17           0.0+0
CQUAD4*              481               1            1419            1420*
*                   1418             627-3.8843622989-18           0.0+0
CQUAD4*              482               1             628            1411*
*                   1423            1422 2.4783868595-17           0.0+0
CQUAD4*              483               1            1411             629*
*                   1419            1423-1.1606726184-17           0.0+0
CQUAD4*              484               1            1423            1419*
*                    627            1421 -3.090365624-17           0.0+0
CQUAD4*              485               1            1422            1423*
*                   1421             460-6.1892931393-18           0.0+0
CQUAD4*              486               1             456            1397*
*                   1426            1414 8.6275648612-17           0.0+0
CQUAD4*              487               1            1397             621*
*                   1424            1426 9.1067068291-17           0.0+0
CQUAD4*              488               1            1426            1424*
*                    632            1425 -3.688316794-17           0.0+0
CQUAD4*              489               1            1414            1426*
*                   1425             626  1.847788084-17           0.0+0
CQUAD4*              490               1             621            1394*
*                   1429            1424 2.4567468899-16           0.0+0
CQUAD4*              491               1            1394             419*
*                   1427            1429 2.6428199222-16           0.0+0
CQUAD4*              492               1            1429            1427*
*                    630            1428 8.5665853167-17           0.0+0
CQUAD4*              493               1            1424            1429*
*                   1428             632 7.3549051071-17           0.0+0
CQUAD4*              494               1             632            1428*
*                   1433            1432 5.5634451746-17           0.0+0
CQUAD4*              495               1            1428             630*
*                   1430            1433 -9.782683339-17           0.0+0
CQUAD4*              496               1            1433            1430*
*                    458            1431 -1.217865904-17           0.0+0
CQUAD4*              497               1            1432            1433*
*                   1431             631 2.7153981116-17           0.0+0
CQUAD4*              498               1             626            1425*
*                   1435            1417-5.5374086468-17           0.0+0
CQUAD4*              499               1            1425             632*
*                   1432            1435 8.5979628125-17           0.0+0
CQUAD4*              500               1            1435            1432*
*                    631            1434 1.9872277282-17           0.0+0
CQUAD4*              501               1            1417            1435*
*                   1434             461 4.9391008413-17           0.0+0
CQUAD4*              502               1             461            1434*
*                   1439            1438-7.9730498812-17           0.0+0
CQUAD4*              503               1            1434             631*
*                   1436            1439 1.2256185018-17           0.0+0
CQUAD4*              504               1            1439            1436*
*                    636            1437 2.4513962506-17           0.0+0
CQUAD4*              505               1            1438            1439*
*                   1437             635  3.677182307-17           0.0+0
CQUAD4*              506               1             631            1431*
*                   1442            1436 -2.447719408-17           0.0+0
CQUAD4*              507               1            1431             458*
*                   1440            1442-6.1046521614-17           0.0+0
CQUAD4*              508               1            1442            1440*
*                    633            1441-3.8965108828-17           0.0+0
CQUAD4*              509               1            1436            1442*
*                   1441             636-1.0502447812-16           0.0+0
CQUAD4*              510               1             636            1441*
*                   1445            1444 -1.236601715-18           0.0+0
CQUAD4*              511               1            1441             633*
*                   1443            1445-2.5602667058-17           0.0+0
CQUAD4*              512               1            1445            1443*
*                    414             772-9.4523657712-18           0.0+0
CQUAD4*              513               1            1444            1445*
*                    772             634 8.8625585042-18           0.0+0
CQUAD4*              514               1             635            1437*
*                   1447            1446 2.4538802719-17           0.0+0
CQUAD4*              515               1            1437             636*
*                   1444            1447 1.0658917494-16           0.0+0
CQUAD4*              516               1            1447            1444*
*                    634             768-1.2251200842-17           0.0+0
CQUAD4*              517               1            1446            1447*
*                    768             459-1.5337592292-18           0.0+0
CQUAD4*              518               1             460            1421*
*                   1451            1450-7.4200398992-17           0.0+0
CQUAD4*              519               1            1421             627*
*                   1448            1451 2.4685166447-17           0.0+0
CQUAD4*              520               1            1451            1448*
*                    639            1449 2.5204752577-18           0.0+0
CQUAD4*              521               1            1450            1451*
*                   1449             638 2.3438110123-17           0.0+0
CQUAD4*              522               1             627            1418*
*                   1453            1448-9.4846641716-17           0.0+0
CQUAD4*              523               1            1418             461*
*                   1438            1453 6.7708023754-17           0.0+0
CQUAD4*              524               1            1453            1438*
*                    635            1452-8.1143575218-17           0.0+0
CQUAD4*              525               1            1448            1453*
*                   1452             639-1.8486762261-17           0.0+0
CQUAD4*              526               1             639            1452*
*                   1455            1454 1.2319873149-17           0.0+0
CQUAD4*              527               1            1452             635*
*                   1446            1455 2.8276081199-17           0.0+0
CQUAD4*              528               1            1455            1446*
*                    459             758 1.2297997044-17           0.0+0
CQUAD4*              529               1            1454            1455*
*                    758             637-6.4667314142-18           0.0+0
CQUAD4*              530               1             638            1449*
*                   1457            1456 2.4614238994-18           0.0+0
CQUAD4*              531               1            1449             639*
*                   1454            1457 1.2461704462-18           0.0+0
CQUAD4*              532               1            1457            1454*
*                    637             754-1.2646452241-17           0.0+0
CQUAD4*              533               1            1456            1457*
*                    754             420 3.7080887451-18           0.0+0
CQUAD4*              534               1             421            1356*
*                   1460            1231 3.9107867131-19           0.0+0
CQUAD4*              535               1            1356             610*
*                   1458            1460-2.4971413181-17           0.0+0
CQUAD4*              536               1            1460            1458*
*                    642            1459 1.4849428178-17           0.0+0
CQUAD4*              537               1            1231            1460*
*                   1459             580-1.1668009443-18           0.0+0
CQUAD4*              538               1             610            1353*
*                   1463            1458 6.2362422811-18           0.0+0
CQUAD4*              539               1            1353             452*
*                   1461            1463-1.9010206895-17           0.0+0
CQUAD4*              540               1            1463            1461*
*                    640            1462-9.3257264014-18           0.0+0
CQUAD4*              541               1            1458            1463*
*                   1462             642 4.7914634667-17           0.0+0
CQUAD4*              542               1             642            1462*
*                   1467            1466 2.4890649295-17           0.0+0
CQUAD4*              543               1            1462             640*
*                   1464            1467 1.8667605832-17           0.0+0
CQUAD4*              544               1            1467            1464*
*                    463            1465 1.8648829627-17           0.0+0
CQUAD4*              545               1            1466            1467*
*                   1465             641 6.2209939013-18           0.0+0
CQUAD4*              546               1             580            1459*
*                   1469            1234-6.5121279707-18           0.0+0
CQUAD4*              547               1            1459             642*
*                   1466            1469  7.867011713-18           0.0+0
CQUAD4*              548               1            1469            1466*
*                    641            1468-1.3218277844-17           0.0+0
CQUAD4*              549               1            1234            1469*
*                   1468             443 7.7662473515-19           0.0+0
CQUAD4*              550               1             452            1345*
*                   1472            1461-1.0208416983-17           0.0+0
CQUAD4*              551               1            1345             607*
*                   1470            1472-7.1574948739-17           0.0+0
CQUAD4*              552               1            1472            1470*
*                    644            1471-8.5432627369-17           0.0+0
CQUAD4*              553               1            1461            1472*
*                   1471             640 3.5158400578-17           0.0+0
CQUAD4*              554               1             607            1342*
*                   1474            1470 5.1639516126-17           0.0+0
CQUAD4*              555               1            1342             422*
*                   1412            1474-1.8618728531-17           0.0+0
CQUAD4*              556               1            1474            1412*
*                    628            1473-5.6390717642-17           0.0+0
CQUAD4*              557               1            1470            1474*
*                   1473             644 1.8639597297-17           0.0+0
CQUAD4*              558               1             644            1473*
*                   1477            1476-7.0419301732-17           0.0+0
CQUAD4*              559               1            1473             628*
*                   1422            1477-3.0640200316-17           0.0+0
CQUAD4*              560               1            1477            1422*
*                    460            1475-2.4787734621-17           0.0+0
CQUAD4*              561               1            1476            1477*
*                   1475             643 1.8600060472-17           0.0+0
CQUAD4*              562               1             640            1471*
*                   1479            1464 5.2027073487-18           0.0+0
CQUAD4*              563               1            1471             644*
*                   1476            1479 7.3024235118-17           0.0+0
CQUAD4*              564               1            1479            1476*
*                    643            1478  4.273833744-17           0.0+0
CQUAD4*              565               1            1464            1479*
*                   1478             463 2.5389079589-17           0.0+0
CQUAD4*              566               1             463            1478*
*                   1483            1482 3.1066255007-18           0.0+0
CQUAD4*              567               1            1478             643*
*                   1480            1483 2.7242587561-17           0.0+0
CQUAD4*              568               1            1483            1480*
*                    647            1481 1.5501078771-17           0.0+0
CQUAD4*              569               1            1482            1483*
*                   1481             646 -6.800958105-18           0.0+0
CQUAD4*              570               1             643            1475*
*                   1485            1480 1.9760536471-17           0.0+0
CQUAD4*              571               1            1475             460*
*                   1450            1485-6.1959371636-18           0.0+0
CQUAD4*              572               1            1485            1450*
*                    638            1484   2.47034883-17           0.0+0
CQUAD4*              573               1            1480            1485*
*                   1484             647-1.9785440702-17           0.0+0
CQUAD4*              574               1             647            1484*
*                   1487            1486 1.8578863606-17           0.0+0
CQUAD4*              575               1            1484             638*
*                   1456            1487 9.0583346889-21           0.0+0
CQUAD4*              576               1            1487            1456*
*                    420             718-3.0931453984-18           0.0+0
CQUAD4*              577               1            1486            1487*
*                    718             645 2.1673263297-18           0.0+0
CQUAD4*              578               1             646            1481*
*                   1489            1488-1.1160217266-17           0.0+0
CQUAD4*              579               1            1481             647*
*                   1486            1489  2.106200113-17           0.0+0
CQUAD4*              580               1            1489            1486*
*                    645             714-6.1975740791-18           0.0+0
CQUAD4*              581               1            1488            1489*
*                    714             462 3.1040762469-19           0.0+0
CQUAD4*              582               1             443            1468*
*                   1492            1244-2.4813247336-18           0.0+0
CQUAD4*              583               1            1468             641*
*                   1490            1492 1.2282740595-18           0.0+0
CQUAD4*              584               1            1492            1490*
*                    649            1491 2.9472368029-18           0.0+0
CQUAD4*              585               1            1244            1492*
*                   1491             583-8.5296153062-19           0.0+0
CQUAD4*              586               1             641            1465*
*                   1494            1490-6.2115427175-18           0.0+0
CQUAD4*              587               1            1465             463*
*                   1482            1494 2.1742960372-17           0.0+0
CQUAD4*              588               1            1494            1482*
*                    646            1493  5.579726933-18           0.0+0
CQUAD4*              589               1            1490            1494*
*                   1493             649-1.0863466044-17           0.0+0
CQUAD4*              590               1             649            1493*
*                   1496            1495-4.6550154872-18           0.0+0
CQUAD4*              591               1            1493             646*
*                   1488            1496 -3.104315741-18           0.0+0
CQUAD4*              592               1            1496            1488*
*                    462             703 9.3112176529-19           0.0+0
CQUAD4*              593               1            1495            1496*
*                    703             648-3.1044343606-18           0.0+0
CQUAD4*              594               1             583            1491*
*                   1497            1247 1.7074035649-18           0.0+0
CQUAD4       595       1    1491     649    1495    1497   0.0+0   0.0+0
CQUAD4*              596               1            1497            1495*
*                    648             698 6.2115660875-19           0.0+0
CQUAD4*              597               1            1247            1497*
*                    698             417 6.2127260615-19           0.0+0
CQUAD4*              598               1             417             698*
*                    702             701 1.5529445548-19           0.0+0
CQUAD4       599       1     698     648     699     702   0.0+0   0.0+0
CQUAD4       600       1     702     699     652     700   0.0+0   0.0+0
CQUAD4*              601               1             701             702*
*                    700             511-3.8828921906-19           0.0+0
CQUAD4       602       1     648     703     706     699   0.0+0   0.0+0
CQUAD4*              603               1             703             462*
*                    704             706-1.2412684179-18           0.0+0
CQUAD4*              604               1             706             704*
*                    650             705 -3.104315741-18           0.0+0
CQUAD4*              605               1             699             706*
*                    705             652 4.6559248475-18           0.0+0
CQUAD4*              606               1             652             705*
*                    710             709 4.6590178639-18           0.0+0
CQUAD4*              607               1             705             650*
*                    707             710-1.2418239293-17           0.0+0
CQUAD4*              608               1             710             707*
*                    467             708 6.2128798769-18           0.0+0
CQUAD4       609       1     709     710     708     651   0.0+0   0.0+0
CQUAD4*              610               1             511             700*
*                    713             712-3.8843325435-19           0.0+0
CQUAD4*              611               1             700             652*
*                    709             713-7.7674527485-19           0.0+0
CQUAD4*              612               1             713             709*
*                    651             711-2.7837646914-18           0.0+0
CQUAD4*              613               1             712             713*
*                    711             466 3.8840300144-19           0.0+0
CQUAD4*              614               1             462             714*
*                    717             704 3.1010478799-19           0.0+0
CQUAD4*              615               1             714             645*
*                    715             717  3.098635739-19           0.0+0
CQUAD4*              616               1             717             715*
*                    655             716 1.6731846848-17           0.0+0
CQUAD4*              617               1             704             717*
*                    716             650  1.736679748-17           0.0+0
CQUAD4*              618               1             645             718*
*                    721             715 2.1671751701-18           0.0+0
CQUAD4       619       1     718     420     719     721   0.0+0   0.0+0
CQUAD4*              620               1             721             719*
*                    653             720 6.1892581484-18           0.0+0
CQUAD4*              621               1             715             721*
*                    720             655-9.9048581714-18           0.0+0
CQUAD4*              622               1             655             720*
*                    725             724 1.2389319274-17           0.0+0
CQUAD4*              623               1             720             653*
*                    722             725 -3.092765654-17           0.0+0
CQUAD4*              624               1             725             722*
*                    464             723-1.8570915674-17           0.0+0
CQUAD4       625       1     724     725     723     654   0.0+0   0.0+0
CQUAD4*              626               1             650             716*
*                    727             707-1.8537060457-18           0.0+0
CQUAD4*              627               1             716             655*
*                    724             727 4.7733038972-17           0.0+0
CQUAD4*              628               1             727             724*
*                    654             726-3.3451014609-17           0.0+0
CQUAD4*              629               1             707             727*
*                    726             467-1.9208554712-17           0.0+0
CQUAD4       630       1     467     726     731     730   0.0+0   0.0+0
CQUAD4*              631               1             726             654*
*                    728             731 -2.172205851-17           0.0+0
CQUAD4*              632               1             731             728*
*                    659             729-4.2003637613-17           0.0+0
CQUAD4*              633               1             730             731*
*                    729             658-6.9434691756-17           0.0+0
CQUAD4*              634               1             654             723*
*                    734             728 3.2156793935-17           0.0+0
CQUAD4*              635               1             723             464*
*                    732             734 1.8590800966-17           0.0+0
CQUAD4*              636               1             734             732*
*                    656             733-4.9602319249-17           0.0+0
CQUAD4*              637               1             728             734*
*                    733             659 6.2036740938-18           0.0+0
CQUAD4*              638               1             659             733*
*                    738             737-1.8670936506-17           0.0+0
CQUAD4*              639               1             733             656*
*                    735             738 2.4377300025-17           0.0+0
CQUAD4*              640               1             738             735*
*                    426             736-8.0741294981-17           0.0+0
CQUAD4*              641               1             737             738*
*                    736             657 7.0350532741-17           0.0+0
CQUAD4*              642               1             658             729*
*                    741             740 2.0808402608-17           0.0+0
CQUAD4*              643               1             729             659*
*                    737             741 4.6642170452-17           0.0+0
CQUAD4*              644               1             741             737*
*                    657             739 5.9125559608-17           0.0+0
CQUAD4*              645               1             740             741*
*                    739             465  2.491799325-17           0.0+0
CQUAD4*              646               1             466             711*
*                    745             744 4.2762057214-18           0.0+0
CQUAD4*              647               1             711             651*
*                    742             745-8.9998138208-18           0.0+0
CQUAD4*              648               1             745             742*
*                    661             743 4.6671995494-18           0.0+0
CQUAD4*              649               1             744             745*
*                    743             514 3.5009439631-18           0.0+0
CQUAD4*              650               1             651             708*
*                    747             742-1.3991787762-17           0.0+0
CQUAD4*              651               1             708             467*
*                    730             747-9.3216918267-18           0.0+0
CQUAD4*              652               1             747             730*
*                    658             746-2.2249483688-17           0.0+0
CQUAD4       653       1     742     747     746     661   0.0+0   0.0+0
CQUAD4*              654               1             661             746*
*                    750             749 3.2671541461-18           0.0+0
CQUAD4*              655               1             746             658*
*                    740             750-2.6941792817-18           0.0+0
CQUAD4*              656               1             750             740*
*                    465             748 3.4638836866-17           0.0+0
CQUAD4*              657               1             749             750*
*                    748             660 6.2362422811-18           0.0+0
CQUAD4*              658               1             514             743*
*                    753             752-1.1687660191-18           0.0+0
CQUAD4*              659               1             743             661*
*                    749             753-3.1188454166-18           0.0+0
CQUAD4*              660               1             753             749*
*                    660             751 3.1190865779-18           0.0+0
CQUAD4*              661               1             752             753*
*                    751             425 1.9485985534-18           0.0+0
CQUAD4*              662               1             420             754*
*                    757             719 -3.397422452-18           0.0+0
CQUAD4       663       1     754     637     755     757   0.0+0   0.0+0
CQUAD4*              664               1             757             755*
*                    664             756-1.1101698243-17           0.0+0
CQUAD4*              665               1             719             757*
*                    756             653 1.2355974027-17           0.0+0
CQUAD4*              666               1             637             758*
*                    761             755-3.0795391193-19           0.0+0
CQUAD4       667       1     758     459     759     761   0.0+0   0.0+0
CQUAD4*              668               1             761             759*
*                    662             760-1.2299116724-17           0.0+0
CQUAD4*              669               1             755             761*
*                    760             664-1.8481613864-17           0.0+0
CQUAD4*              670               1             664             760*
*                    765             764 2.5856216953-17           0.0+0
CQUAD4*              671               1             760             662*
*                    762             765 1.5973277052-17           0.0+0
CQUAD4*              672               1             765             762*
*                    470             763-3.8053368326-17           0.0+0
CQUAD4*              673               1             764             765*
*                    763             663 1.8493881278-17           0.0+0
CQUAD4*              674               1             653             756*
*                    767             722 3.3359150047-17           0.0+0
CQUAD4*              675               1             756             664*
*                    764             767-1.8515196889-17           0.0+0
CQUAD4*              676               1             767             764*
*                    663             766 2.4702018034-17           0.0+0
CQUAD4*              677               1             722             767*
*                    766             464-4.8162337636-17           0.0+0
CQUAD4       678       1     459     768     771     759   0.0+0   0.0+0
CQUAD4*              679               1             768             634*
*                    769             771-8.2694558882-18           0.0+0
CQUAD4       680       1     771     769     667     770   0.0+0   0.0+0
CQUAD4*              681               1             759             771*
*                    770             662-6.1400940867-18           0.0+0
CQUAD4       682       1     634     772     775     769   0.0+0   0.0+0
CQUAD4*              683               1             772             414*
*                    773             775 1.2197580781-17           0.0+0
CQUAD4       684       1     775     773     665     774   0.0+0   0.0+0
CQUAD4*              685               1             769             775*
*                    774             667-1.2226362323-17           0.0+0
CQUAD4*              686               1             667             774*
*                    779             778 2.4462037873-17           0.0+0
CQUAD4       687       1     774     665     776     779   0.0+0   0.0+0
CQUAD4*              688               1             779             776*
*                    468             777 9.0109606936-17           0.0+0
CQUAD4*              689               1             778             779*
*                    777             666-2.1900898435-17           0.0+0
CQUAD4*              690               1             662             770*
*                    781             762-6.1406188738-18           0.0+0
CQUAD4*              691               1             770             667*
*                    778             781-3.3061562701-17           0.0+0
CQUAD4*              692               1             781             778*
*                    666             780 2.4512370036-17           0.0+0
CQUAD4*              693               1             762             781*
*                    780             470  6.748361443-17           0.0+0
CQUAD4*              694               1             470             780*
*                    785             784 1.4737589415-16           0.0+0
CQUAD4*              695               1             780             666*
*                    782             785-2.4528573077-17           0.0+0
CQUAD4*              696               1             785             782*
*                    671             783-6.1429025736-17           0.0+0
CQUAD4*              697               1             784             785*
*                    783             670 6.1760644173-18           0.0+0
CQUAD4*              698               1             666             777*
*                    788             782-8.5700729865-17           0.0+0
CQUAD4*              699               1             777             468*
*                    786             788-1.2221474638-17           0.0+0
CQUAD4*              700               1             788             786*
*                    668             787 -6.116137997-17           0.0+0
CQUAD4*              701               1             782             788*
*                    787             671-1.0468443725-16           0.0+0
CQUAD4*              702               1             671             787*
*                    792             791-1.1112090144-16           0.0+0
CQUAD4*              703               1             787             668*
*                    789             792 2.8943631191-16           0.0+0
CQUAD4*              704               1             792             789*
*                    423             790-1.7525649446-16           0.0+0
CQUAD4*              705               1             791             792*
*                    790             669  5.535467056-17           0.0+0
CQUAD4*              706               1             670             783*
*                    795             794-9.2389404198-17           0.0+0
CQUAD4*              707               1             783             671*
*                    791             795 1.4422215462-16           0.0+0
CQUAD4*              708               1             795             791*
*                    669             793-6.1494454309-17           0.0+0
CQUAD4*              709               1             794             795*
*                    793             469 9.7639015723-17           0.0+0
CQUAD4*              710               1             464             766*
*                    798             732-2.3393552504-17           0.0+0
CQUAD4*              711               1             766             663*
*                    796             798 -2.210772263-17           0.0+0
CQUAD4*              712               1             798             796*
*                    673             797-6.1834425058-17           0.0+0
CQUAD4*              713               1             732             798*
*                    797             656 7.7652109316-17           0.0+0
CQUAD4*              714               1             663             763*
*                    800             796 2.3301369387-18           0.0+0
CQUAD4*              715               1             763             470*
*                    784             800 4.9287127035-17           0.0+0
CQUAD4*              716               1             800             784*
*                    670             799-1.0060789963-16           0.0+0
CQUAD4*              717               1             796             800*
*                    799             673-3.5376592942-17           0.0+0
CQUAD4*              718               1             673             799*
*                    803             802 6.6117462649-17           0.0+0
CQUAD4*              719               1             799             670*
*                    794             803-8.8133491554-17           0.0+0
CQUAD4*              720               1             803             794*
*                    469             801-9.5731208897-17           0.0+0
CQUAD4*              721               1             802             803*
*                    801             672-1.2409255104-17           0.0+0
CQUAD4*              722               1             656             797*
*                    805             735-9.4137617866-18           0.0+0
CQUAD4*              723               1             797             673*
*                    802             805-9.8972425989-17           0.0+0
CQUAD4*              724               1             805             802*
*                    672             804 3.7212610646-17           0.0+0
CQUAD4*              725               1             735             805*
*                    804             426 -1.271344448-16           0.0+0
CQUAD4*              726               1             426             804*
*                    809             808 5.2585541273-17           0.0+0
CQUAD4*              727               1             804             672*
*                    806             809-6.8295663572-17           0.0+0
CQUAD4*              728               1             809             806*
*                    677             807-1.8651505042-17           0.0+0
CQUAD4*              729               1             808             809*
*                    807             676 -7.470826693-17           0.0+0
CQUAD4*              730               1             672             801*
*                    812             806  1.153183684-16           0.0+0
CQUAD4*              731               1             801             469*
*                    810             812 1.3620409596-17           0.0+0
CQUAD4*              732               1             812             810*
*                    674             811-2.4880336639-17           0.0+0
CQUAD4*              733               1             806             812*
*                    811             677 1.0544081498-16           0.0+0
CQUAD4*              734               1             677             811*
*                    816             815 4.1694576631-16           0.0+0
CQUAD4*              735               1             811             674*
*                    813             816 1.9980036501-16           0.0+0
CQUAD4*              736               1             816             813*
*                    474             814 4.3487591363-17           0.0+0
CQUAD4*              737               1             815             816*
*                    814             675-3.7352407182-17           0.0+0
CQUAD4*              738               1             676             807*
*                    819             818 1.7926077186-16           0.0+0
CQUAD4*              739               1             807             677*
*                    815             819-1.8551542955-17           0.0+0
CQUAD4*              740               1             819             815*
*                    675             817-1.8759249025-17           0.0+0
CQUAD4*              741               1             818             819*
*                    817             473 1.1030573033-16           0.0+0
CQUAD4*              742               1             469             793*
*                    822             810 -1.420136161-16           0.0+0
CQUAD4*              743               1             793             669*
*                    820             822-1.2345968938-17           0.0+0
CQUAD4*              744               1             822             820*
*                    680             821 1.0680486402-16           0.0+0
CQUAD4*              745               1             810             822*
*                    821             674-1.2819149345-16           0.0+0
CQUAD4*              746               1             669             790*
*                    825             820-3.1327855745-16           0.0+0
CQUAD4*              747               1             790             423*
*                    823             825 4.9089499775-17           0.0+0
CQUAD4*              748               1             825             823*
*                    678             824 8.8932860684-17           0.0+0
CQUAD4*              749               1             820             825*
*                    824             680-2.3943005395-16           0.0+0
CQUAD4*              750               1             680             824*
*                    829             828 8.6261590698-17           0.0+0
CQUAD4*              751               1             824             678*
*                    826             829 2.2152055295-16           0.0+0
CQUAD4*              752               1             829             826*
*                    471             827 1.7255781177-16           0.0+0
CQUAD4*              753               1             828             829*
*                    827             679-2.1942964365-16           0.0+0
CQUAD4*              754               1             674             821*
*                    831             813-7.2045237836-17           0.0+0
CQUAD4*              755               1             821             680*
*                    828             831 6.1943508188-17           0.0+0
CQUAD4*              756               1             831             828*
*                    679             830 -7.635007063-17           0.0+0
CQUAD4*              757               1             813             831*
*                    830             474-3.6572408049-16           0.0+0
CQUAD4*              758               1             474             830*
*                    835             834 8.7052235821-17           0.0+0
CQUAD4*              759               1             830             679*
*                    832             835 2.8669398468-16           0.0+0
CQUAD4*              760               1             835             832*
*                    684             833-1.3082606686-16           0.0+0
CQUAD4*              761               1             834             835*
*                    833             683 1.8672757218-17           0.0+0
CQUAD4*              762               1             679             827*
*                    838             832    6.1830417-17           0.0+0
CQUAD4*              763               1             827             471*
*                    836             838-7.7037195859-17           0.0+0
CQUAD4*              764               1             838             836*
*                    681             837 7.4229799258-17           0.0+0
CQUAD4*              765               1             832             838*
*                    837             684  3.793166144-16           0.0+0
CQUAD4*              766               1             684             837*
*                    842             841  -2.79483823-16           0.0+0
CQUAD4*              767               1             837             681*
*                    839             842 3.7470530673-17           0.0+0
CQUAD4*              768               1             842             839*
*                    411             840 8.7358999015-17           0.0+0
CQUAD4*              769               1             841             842*
*                    840             682 3.4903696123-16           0.0+0
CQUAD4*              770               1             683             833*
*                    845             844-4.6022597716-16           0.0+0
CQUAD4*              771               1             833             684*
*                    841             845-3.1515501122-17           0.0+0
CQUAD4*              772               1             845             841*
*                    682             843 2.3258858453-16           0.0+0
CQUAD4*              773               1             844             845*
*                    843             472 3.0403272346-16           0.0+0
CQUAD4*              774               1             473             817*
*                    849             848-1.8788906898-17           0.0+0
CQUAD4*              775               1             817             675*
*                    846             849-1.1855736791-16           0.0+0
CQUAD4*              776               1             849             846*
*                    687             847 1.5388817064-16           0.0+0
CQUAD4*              777               1             848             849*
*                    847             686-1.8462316156-16           0.0+0
CQUAD4*              778               1             675             814*
*                    851             846-5.6086963255-17           0.0+0
CQUAD4*              779               1             814             474*
*                    834             851 2.4887353248-16           0.0+0
CQUAD4*              780               1             851             834*
*                    683             850-2.6085247539-16           0.0+0
CQUAD4*              781               1             846             851*
*                    850             687 2.5858519669-16           0.0+0
CQUAD4*              782               1             687             850*
*                    854             853-2.7284123422-16           0.0+0
CQUAD4*              783               1             850             683*
*                    844             854-1.7925824535-16           0.0+0
CQUAD4*              784               1             854             844*
*                    472             852-6.5794270641-17           0.0+0
CQUAD4*              785               1             853             854*
*                    852             685-2.2255070528-16           0.0+0
CQUAD4*              786               1             686             847*
*                    857             856-8.8002583209-17           0.0+0
CQUAD4*              787               1             847             687*
*                    853             857 3.2252859883-16           0.0+0
CQUAD4*              788               1             857             853*
*                    685             855-1.2408576028-17           0.0+0
CQUAD4*              789               1             856             857*
*                    855             424 2.7997932481-16           0.0+0
CQUAD4*              790               1             425             751*
*                    861             860 7.0261857261-18           0.0+0
CQUAD4*              791               1             751             660*
*                    858             861-1.4832476485-17           0.0+0
CQUAD4*              792               1             861             858*
*                    690             859-1.6165884377-18           0.0+0
CQUAD4*              793               1             860             861*
*                    859             524 4.3038358555-18           0.0+0
CQUAD4*              794               1             660             748*
*                    864             858-2.6261150655-17           0.0+0
CQUAD4*              795               1             748             465*
*                    862             864-2.5220831211-17           0.0+0
CQUAD4*              796               1             864             862*
*                    688             863 3.1067102887-17           0.0+0
CQUAD4*              797               1             858             864*
*                    863             690 2.0313127877-17           0.0+0
CQUAD4*              798               1             690             863*
*                    868             867 9.4111146807-18           0.0+0
CQUAD4*              799               1             863             688*
*                    865             868-5.6459939868-17           0.0+0
CQUAD4*              800               1             868             865*
*                    477             866 7.5110889266-17           0.0+0
CQUAD4*              801               1             867             868*
*                    866             689-2.1924694172-17           0.0+0
CQUAD4*              802               1             524             859*
*                    871             870  1.173773553-18           0.0+0
CQUAD4*              803               1             859             690*
*                    867             871-1.4108377627-17           0.0+0
CQUAD4*              804               1             871             867*
*                    689             869 -5.517371995-18           0.0+0
CQUAD4*              805               1             870             871*
*                    869             476-3.1806303569-18           0.0+0
CQUAD4*              806               1             465             739*
*                    874             862 2.7257945729-17           0.0+0
CQUAD4*              807               1             739             657*
*                    872             874 5.9202029771-17           0.0+0
CQUAD4*              808               1             874             872*
*                    692             873-1.6729744721-17           0.0+0
CQUAD4*              809               1             862             874*
*                    873             688 4.4345363317-17           0.0+0
CQUAD4*              810               1             657             736*
*                    876             872-1.0766659335-16           0.0+0
CQUAD4*              811               1             736             426*
*                    808             876 7.0082994839-18           0.0+0
CQUAD4*              812               1             876             808*
*                    676             875 1.0587479578-16           0.0+0
CQUAD4*              813               1             872             876*
*                    875             692-1.4046413029-16           0.0+0
CQUAD4*              814               1             692             875*
*                    879             878 1.2480060777-17           0.0+0
CQUAD4*              815               1             875             676*
*                    818             879 2.4088807679-16           0.0+0
CQUAD4*              816               1             879             818*
*                    473             877 1.9702051037-16           0.0+0
CQUAD4*              817               1             878             879*
*                    877             691 6.2501709511-17           0.0+0
CQUAD4*              818               1             688             873*
*                    881             865-5.4176884927-17           0.0+0
CQUAD4*              819               1             873             692*
*                    878             881-1.8737256379-17           0.0+0
CQUAD4*              820               1             881             878*
*                    691             880-4.0756934948-17           0.0+0
CQUAD4*              821               1             865             881*
*                    880             477 3.1248115282-18           0.0+0
CQUAD4*              822               1             477             880*
*                    885             884 3.6002557385-18           0.0+0
CQUAD4*              823               1             880             691*
*                    882             885-5.7708648386-17           0.0+0
CQUAD4*              824               1             885             882*
*                    695             883 6.7635906931-17           0.0+0
CQUAD4*              825               1             884             885*
*                    883             694 4.4037711847-17           0.0+0
CQUAD4*              826               1             691             877*
*                    887             882 1.4099779741-16           0.0+0
CQUAD4*              827               1             877             473*
*                    848             887-1.1263102107-16           0.0+0
CQUAD4*              828               1             887             848*
*                    686             886-3.2841517171-16           0.0+0
CQUAD4*              829               1             882             887*
*                    886             695 2.1187786736-16           0.0+0
CQUAD4*              830               1             695             886*
*                    890             889-2.4033988665-17           0.0+0
CQUAD4*              831               1             886             686*
*                    856             890 1.2586875094-17           0.0+0
CQUAD4*              832               1             890             856*
*                    424             888-1.6485184105-16           0.0+0
CQUAD4*              833               1             889             890*
*                    888             693 -6.618835337-17           0.0+0
CQUAD4*              834               1             694             883*
*                    893             892-4.7225040556-17           0.0+0
CQUAD4*              835               1             883             695*
*                    889             893-7.8718199173-17           0.0+0
CQUAD4*              836               1             893             889*
*                    693             891 2.1128865658-16           0.0+0
CQUAD4*              837               1             892             893*
*                    891             475-1.6036820166-16           0.0+0
CQUAD4*              838               1             476             869*
*                    897             896-1.0624534184-17           0.0+0
CQUAD4*              839               1             869             689*
*                    894             897 9.4144913236-18           0.0+0
CQUAD4*              840               1             897             894*
*                    697             895-4.2831123535-17           0.0+0
CQUAD4*              841               1             896             897*
*                    895             527-1.0207539513-17           0.0+0
CQUAD4*              842               1             689             866*
*                    899             894-1.5636112449-18           0.0+0
CQUAD4*              843               1             866             477*
*                    884             899-1.4417454816-16           0.0+0
CQUAD4*              844               1             899             884*
*                    694             898-2.2064479758-17           0.0+0
CQUAD4*              845               1             894             899*
*                    898             697 1.2807050656-17           0.0+0
CQUAD4*              846               1             697             898*
*                    902             901 1.2565134576-17           0.0+0
CQUAD4*              847               1             898             694*
*                    892             902 6.6196485305-17           0.0+0
CQUAD4*              848               1             902             892*
*                    475             900 1.1890374388-16           0.0+0
CQUAD4*              849               1             901             902*
*                    900             696 5.3559166027-17           0.0+0
CQUAD4*              850               1             527             895*
*                    905             904  2.825751942-18           0.0+0
CQUAD4*              851               1             895             697*
*                    901             905-2.5411210339-17           0.0+0
CQUAD4*              852               1             905             901*
*                    696             903-1.2675094683-17           0.0+0
CQUAD4*              853               1             904             905*
*                    903             415-7.7871914212-18           0.0+0
CQUAD4*              854               1             416             906*
*                    910             909-1.2197580781-17           0.0+0
CQUAD4       855       1     906     490     907     910   0.0+0   0.0+0
CQUAD4*              856               1             910             907*
*                    494             908 1.2226362323-17           0.0+0
CQUAD4       857       1     909     910     908     493   0.0+0   0.0+0
CQUAD4*              858               1             490             911*
*                    914             907 8.2694558882-18           0.0+0
CQUAD4       859       1     911     447     912     914   0.0+0   0.0+0
CQUAD4*              860               1             914             912*
*                    491             913 6.1400940867-18           0.0+0
CQUAD4       861       1     907     914     913     494   0.0+0   0.0+0
CQUAD4*              862               1             494             913*
*                    918             917 3.3061562701-17           0.0+0
CQUAD4*              863               1             913             491*
*                    915             918 6.1406188738-18           0.0+0
CQUAD4*              864               1             918             915*
*                    481             916 -6.748361443-17           0.0+0
CQUAD4*              865               1             917             918*
*                    916             492-2.4512370036-17           0.0+0
CQUAD4       866       1     493     908     921     920   0.0+0   0.0+0
CQUAD4*              867               1             908             494*
*                    917             921-2.4462037873-17           0.0+0
CQUAD4*              868               1             921             917*
*                    492             919 2.1900898435-17           0.0+0
CQUAD4*              869               1             920             921*
*                    919             480-9.0109606936-17           0.0+0
CQUAD4       870       1     447     922     925     912   0.0+0   0.0+0
CQUAD4*              871               1             922             495*
*                    923             925 3.0795391193-19           0.0+0
CQUAD4*              872               1             925             923*
*                    498             924 1.8481613864-17           0.0+0
CQUAD4*              873               1             912             925*
*                    924             491 1.2299116724-17           0.0+0
CQUAD4       874       1     495     926     929     923   0.0+0   0.0+0
CQUAD4*              875               1             926             427*
*                    927             929  3.397422452-18           0.0+0
CQUAD4*              876               1             929             927*
*                    496             928-1.2355974027-17           0.0+0
CQUAD4*              877               1             923             929*
*                    928             498 1.1101698243-17           0.0+0
CQUAD4*              878               1             498             928*
*                    933             932 1.8515196889-17           0.0+0
CQUAD4*              879               1             928             496*
*                    930             933-3.3359150047-17           0.0+0
CQUAD4*              880               1             933             930*
*                    478             931 4.8162337636-17           0.0+0
CQUAD4*              881               1             932             933*
*                    931             497-2.4702018034-17           0.0+0
CQUAD4*              882               1             491             924*
*                    935             915-1.5973277052-17           0.0+0
CQUAD4*              883               1             924             498*
*                    932             935-2.5856216953-17           0.0+0
CQUAD4*              884               1             935             932*
*                    497             934-1.8493881278-17           0.0+0
CQUAD4*              885               1             915             935*
*                    934             481 3.8053368326-17           0.0+0
CQUAD4*              886               1             481             934*
*                    939             938-4.9287127035-17           0.0+0
CQUAD4*              887               1             934             497*
*                    936             939-2.3301369387-18           0.0+0
CQUAD4*              888               1             939             936*
*                    502             937 3.5376592942-17           0.0+0
CQUAD4*              889               1             938             939*
*                    937             501 1.0060789963-16           0.0+0
CQUAD4*              890               1             497             931*
*                    942             936  2.210772263-17           0.0+0
CQUAD4*              891               1             931             478*
*                    940             942 2.3393552504-17           0.0+0
CQUAD4*              892               1             942             940*
*                    499             941-7.7652109316-17           0.0+0
CQUAD4*              893               1             936             942*
*                    941             502 6.1834425058-17           0.0+0
CQUAD4*              894               1             502             941*
*                    946             945 9.8972425989-17           0.0+0
CQUAD4*              895               1             941             499*
*                    943             946 9.4137617866-18           0.0+0
CQUAD4*              896               1             946             943*
*                    430             944  1.271344448-16           0.0+0
CQUAD4*              897               1             945             946*
*                    944             500-3.7212610646-17           0.0+0
CQUAD4*              898               1             501             937*
*                    949             948 8.8133491554-17           0.0+0
CQUAD4*              899               1             937             502*
*                    945             949-6.6117462649-17           0.0+0
CQUAD4*              900               1             949             945*
*                    500             947 1.2409255104-17           0.0+0
CQUAD4*              901               1             948             949*
*                    947             479 9.5731208897-17           0.0+0
CQUAD4*              902               1             480             919*
*                    953             952 1.2221474638-17           0.0+0
CQUAD4*              903               1             919             492*
*                    950             953 8.5700729865-17           0.0+0
CQUAD4*              904               1             953             950*
*                    505             951 1.0468443725-16           0.0+0
CQUAD4*              905               1             952             953*
*                    951             504  6.116137997-17           0.0+0
CQUAD4*              906               1             492             916*
*                    955             950 2.4528573077-17           0.0+0
CQUAD4*              907               1             916             481*
*                    938             955-1.4737589415-16           0.0+0
CQUAD4*              908               1             955             938*
*                    501             954-6.1760644173-18           0.0+0
CQUAD4*              909               1             950             955*
*                    954             505 6.1429025736-17           0.0+0
CQUAD4*              910               1             505             954*
*                    958             957-1.4422215462-16           0.0+0
CQUAD4*              911               1             954             501*
*                    948             958 9.2389404198-17           0.0+0
CQUAD4*              912               1             958             948*
*                    479             956-9.7639015723-17           0.0+0
CQUAD4*              913               1             957             958*
*                    956             503 6.1494454309-17           0.0+0
CQUAD4*              914               1             504             951*
*                    961             960-2.8943631191-16           0.0+0
CQUAD4*              915               1             951             505*
*                    957             961 1.1112090144-16           0.0+0
CQUAD4*              916               1             961             957*
*                    503             959 -5.535467056-17           0.0+0
CQUAD4*              917               1             960             961*
*                    959             429 1.7525649446-16           0.0+0
CQUAD4       918       1     427     962     965     927   0.0+0   0.0+0
CQUAD4*              919               1             962             506*
*                    963             965-2.1671751701-18           0.0+0
CQUAD4*              920               1             965             963*
*                    509             964 9.9048581714-18           0.0+0
CQUAD4*              921               1             927             965*
*                    964             496-6.1892581484-18           0.0+0
CQUAD4*              922               1             506             966*
*                    969             963 -3.098635739-19           0.0+0
CQUAD4*              923               1             966             444*
*                    967             969-3.1010478799-19           0.0+0
CQUAD4*              924               1             969             967*
*                    507             968 -1.736679748-17           0.0+0
CQUAD4*              925               1             963             969*
*                    968             509-1.6731846848-17           0.0+0
CQUAD4*              926               1             509             968*
*                    973             972-4.7733038972-17           0.0+0
CQUAD4*              927               1             968             507*
*                    970             973 1.8537060457-18           0.0+0
CQUAD4*              928               1             973             970*
*                    483             971 1.9208554712-17           0.0+0
CQUAD4*              929               1             972             973*
*                    971             508 3.3451014609-17           0.0+0
CQUAD4*              930               1             496             964*
*                    975             930  3.092765654-17           0.0+0
CQUAD4*              931               1             964             509*
*                    972             975-1.2389319274-17           0.0+0
CQUAD4       932       1     975     972     508     974   0.0+0   0.0+0
CQUAD4*              933               1             930             975*
*                    974             478 1.8570915674-17           0.0+0
CQUAD4*              934               1             444             976*
*                    979             967 1.2412684179-18           0.0+0
CQUAD4       935       1     976     510     977     979   0.0+0   0.0+0
CQUAD4*              936               1             979             977*
*                    513             978-4.6559248475-18           0.0+0
CQUAD4*              937               1             967             979*
*                    978             507  3.104315741-18           0.0+0
CQUAD4       938       1     510     980     982     977   0.0+0   0.0+0
CQUAD4*              939               1             980             417*
*                    701             982-1.5529445548-19           0.0+0
CQUAD4*              940               1             982             701*
*                    511             981 3.8828921906-19           0.0+0
CQUAD4       941       1     977     982     981     513   0.0+0   0.0+0
CQUAD4*              942               1             513             981*
*                    985             984 7.7674527485-19           0.0+0
CQUAD4*              943               1             981             511*
*                    712             985 3.8843325435-19           0.0+0
CQUAD4*              944               1             985             712*
*                    466             983-3.8840300144-19           0.0+0
CQUAD4*              945               1             984             985*
*                    983             512 2.7837646914-18           0.0+0
CQUAD4*              946               1             507             978*
*                    987             970 1.2418239293-17           0.0+0
CQUAD4*              947               1             978             513*
*                    984             987-4.6590178639-18           0.0+0
CQUAD4       948       1     987     984     512     986   0.0+0   0.0+0
CQUAD4*              949               1             970             987*
*                    986             483-6.2128798769-18           0.0+0
CQUAD4*              950               1             483             986*
*                    991             990 9.3216918267-18           0.0+0
CQUAD4*              951               1             986             512*
*                    988             991 1.3991787762-17           0.0+0
CQUAD4       952       1     991     988     517     989   0.0+0   0.0+0
CQUAD4*              953               1             990             991*
*                    989             516 2.2249483688-17           0.0+0
CQUAD4*              954               1             512             983*
*                    993             988 8.9998138208-18           0.0+0
CQUAD4*              955               1             983             466*
*                    744             993-4.2762057214-18           0.0+0
CQUAD4*              956               1             993             744*
*                    514             992-3.5009439631-18           0.0+0
CQUAD4*              957               1             988             993*
*                    992             517-4.6671995494-18           0.0+0
CQUAD4*              958               1             517             992*
*                    996             995 3.1188454166-18           0.0+0
CQUAD4*              959               1             992             514*
*                    752             996 1.1687660191-18           0.0+0
CQUAD4*              960               1             996             752*
*                    425             994-1.9485985534-18           0.0+0
CQUAD4*              961               1             995             996*
*                    994             515-3.1190865779-18           0.0+0
CQUAD4*              962               1             516             989*
*                    999             998 2.6941792817-18           0.0+0
CQUAD4*              963               1             989             517*
*                    995             999-3.2671541461-18           0.0+0
CQUAD4*              964               1             999             995*
*                    515             997-6.2362422811-18           0.0+0
CQUAD4*              965               1             998             999*
*                    997             482-3.4638836866-17           0.0+0
CQUAD4*              966               1             478             974*
*                   1002             940-1.8590800966-17           0.0+0
CQUAD4*              967               1             974             508*
*                   1000            1002-3.2156793935-17           0.0+0
CQUAD4*              968               1            1002            1000*
*                    519            1001-6.2036740938-18           0.0+0
CQUAD4*              969               1             940            1002*
*                   1001             499 4.9602319249-17           0.0+0
CQUAD4*              970               1             508             971*
*                   1004            1000  2.172205851-17           0.0+0
CQUAD4       971       1     971     483     990    1004   0.0+0   0.0+0
CQUAD4*              972               1            1004             990*
*                    516            1003 6.9434691756-17           0.0+0
CQUAD4*              973               1            1000            1004*
*                   1003             519 4.2003637613-17           0.0+0
CQUAD4*              974               1             519            1003*
*                   1007            1006-4.6642170452-17           0.0+0
CQUAD4*              975               1            1003             516*
*                    998            1007-2.0808402608-17           0.0+0
CQUAD4*              976               1            1007             998*
*                    482            1005 -2.491799325-17           0.0+0
CQUAD4*              977               1            1006            1007*
*                   1005             518-5.9125559608-17           0.0+0
CQUAD4*              978               1             499            1001*
*                   1009             943-2.4377300025-17           0.0+0
CQUAD4*              979               1            1001             519*
*                   1006            1009 1.8670936506-17           0.0+0
CQUAD4*              980               1            1009            1006*
*                    518            1008-7.0350532741-17           0.0+0
CQUAD4*              981               1             943            1009*
*                   1008             430 8.0741294981-17           0.0+0
CQUAD4*              982               1             430            1008*
*                   1013            1012-7.0082994839-18           0.0+0
CQUAD4*              983               1            1008             518*
*                   1010            1013 1.0766659335-16           0.0+0
CQUAD4*              984               1            1013            1010*
*                    523            1011 1.4046413029-16           0.0+0
CQUAD4*              985               1            1012            1013*
*                   1011             522-1.0587479578-16           0.0+0
CQUAD4*              986               1             518            1005*
*                   1016            1010-5.9202029771-17           0.0+0
CQUAD4*              987               1            1005             482*
*                   1014            1016-2.7257945729-17           0.0+0
CQUAD4*              988               1            1016            1014*
*                    520            1015-4.4345363317-17           0.0+0
CQUAD4*              989               1            1010            1016*
*                   1015             523 1.6729744721-17           0.0+0
CQUAD4*              990               1             523            1015*
*                   1020            1019 1.8737256379-17           0.0+0
CQUAD4*              991               1            1015             520*
*                   1017            1020 5.4176884927-17           0.0+0
CQUAD4*              992               1            1020            1017*
*                    486            1018-3.1248115282-18           0.0+0
CQUAD4*              993               1            1019            1020*
*                   1018             521 4.0756934948-17           0.0+0
CQUAD4*              994               1             522            1011*
*                   1023            1022-2.4088807679-16           0.0+0
CQUAD4*              995               1            1011             523*
*                   1019            1023-1.2480060777-17           0.0+0
CQUAD4*              996               1            1023            1019*
*                    521            1021-6.2501709511-17           0.0+0
CQUAD4*              997               1            1022            1023*
*                   1021             485-1.9702051037-16           0.0+0
CQUAD4*              998               1             482             997*
*                   1026            1014 2.5220831211-17           0.0+0
CQUAD4*              999               1             997             515*
*                   1024            1026 2.6261150655-17           0.0+0
CQUAD4*             1000               1            1026            1024*
*                    526            1025-2.0313127877-17           0.0+0
CQUAD4*             1001               1            1014            1026*
*                   1025             520-3.1067102887-17           0.0+0
CQUAD4*             1002               1             515             994*
*                   1028            1024 1.4832476485-17           0.0+0
CQUAD4*             1003               1             994             425*
*                    860            1028-7.0261857261-18           0.0+0
CQUAD4*             1004               1            1028             860*
*                    524            1027-4.3038358555-18           0.0+0
CQUAD4*             1005               1            1024            1028*
*                   1027             526 1.6165884377-18           0.0+0
CQUAD4*             1006               1             526            1027*
*                   1031            1030 1.4108377627-17           0.0+0
CQUAD4*             1007               1            1027             524*
*                    870            1031 -1.173773553-18           0.0+0
CQUAD4*             1008               1            1031             870*
*                    476            1029 3.1806303569-18           0.0+0
CQUAD4*             1009               1            1030            1031*
*                   1029             525  5.517371995-18           0.0+0
CQUAD4*             1010               1             520            1025*
*                   1033            1017 5.6459939868-17           0.0+0
CQUAD4*             1011               1            1025             526*
*                   1030            1033-9.4111146807-18           0.0+0
CQUAD4*             1012               1            1033            1030*
*                    525            1032 2.1924694172-17           0.0+0
CQUAD4*             1013               1            1017            1033*
*                   1032             486-7.5110889266-17           0.0+0
CQUAD4*             1014               1             486            1032*
*                   1037            1036 1.4417454816-16           0.0+0
CQUAD4*             1015               1            1032             525*
*                   1034            1037 1.5636112449-18           0.0+0
CQUAD4*             1016               1            1037            1034*
*                    530            1035-1.2807050656-17           0.0+0
CQUAD4*             1017               1            1036            1037*
*                   1035             529 2.2064479758-17           0.0+0
CQUAD4*             1018               1             525            1029*
*                   1039            1034-9.4144913236-18           0.0+0
CQUAD4*             1019               1            1029             476*
*                    896            1039 1.0624534184-17           0.0+0
CQUAD4*             1020               1            1039             896*
*                    527            1038 1.0207539513-17           0.0+0
CQUAD4*             1021               1            1034            1039*
*                   1038             530 4.2831123535-17           0.0+0
CQUAD4*             1022               1             530            1038*
*                   1042            1041 2.5411210339-17           0.0+0
CQUAD4*             1023               1            1038             527*
*                    904            1042 -2.825751942-18           0.0+0
CQUAD4*             1024               1            1042             904*
*                    415            1040 7.7871914212-18           0.0+0
CQUAD4*             1025               1            1041            1042*
*                   1040             528 1.2675094683-17           0.0+0
CQUAD4*             1026               1             529            1035*
*                   1045            1044-6.6196485305-17           0.0+0
CQUAD4*             1027               1            1035             530*
*                   1041            1045-1.2565134576-17           0.0+0
CQUAD4*             1028               1            1045            1041*
*                    528            1043-5.3559166027-17           0.0+0
CQUAD4*             1029               1            1044            1045*
*                   1043             484-1.1890374388-16           0.0+0
CQUAD4*             1030               1             485            1021*
*                   1049            1048 1.1263102107-16           0.0+0
CQUAD4*             1031               1            1021             521*
*                   1046            1049-1.4099779741-16           0.0+0
CQUAD4*             1032               1            1049            1046*
*                    533            1047-2.1187786736-16           0.0+0
CQUAD4*             1033               1            1048            1049*
*                   1047             532 3.2841517171-16           0.0+0
CQUAD4*             1034               1             521            1018*
*                   1051            1046 5.7708648386-17           0.0+0
CQUAD4*             1035               1            1018             486*
*                   1036            1051-3.6002557385-18           0.0+0
CQUAD4*             1036               1            1051            1036*
*                    529            1050-4.4037711847-17           0.0+0
CQUAD4*             1037               1            1046            1051*
*                   1050             533-6.7635906931-17           0.0+0
CQUAD4*             1038               1             533            1050*
*                   1054            1053 7.8718199173-17           0.0+0
CQUAD4*             1039               1            1050             529*
*                   1044            1054 4.7225040556-17           0.0+0
CQUAD4*             1040               1            1054            1044*
*                    484            1052 1.6036820166-16           0.0+0
CQUAD4*             1041               1            1053            1054*
*                   1052             531-2.1128865658-16           0.0+0
CQUAD4*             1042               1             532            1047*
*                   1057            1056-1.2586875094-17           0.0+0
CQUAD4*             1043               1            1047             533*
*                   1053            1057 2.4033988665-17           0.0+0
CQUAD4*             1044               1            1057            1053*
*                    531            1055  6.618835337-17           0.0+0
CQUAD4*             1045               1            1056            1057*
*                   1055             428 1.6485184105-16           0.0+0
CQUAD4*             1046               1             429             959*
*                   1061            1060-4.9089499775-17           0.0+0
CQUAD4*             1047               1             959             503*
*                   1058            1061 3.1327855745-16           0.0+0
CQUAD4*             1048               1            1061            1058*
*                    537            1059 2.3943005395-16           0.0+0
CQUAD4*             1049               1            1060            1061*
*                   1059             536-8.8932860684-17           0.0+0
CQUAD4*             1050               1             503             956*
*                   1064            1058 1.2345968938-17           0.0+0
CQUAD4*             1051               1             956             479*
*                   1062            1064  1.420136161-16           0.0+0
CQUAD4*             1052               1            1064            1062*
*                    534            1063 1.2819149345-16           0.0+0
CQUAD4*             1053               1            1058            1064*
*                   1063             537-1.0680486402-16           0.0+0
CQUAD4*             1054               1             537            1063*
*                   1068            1067-6.1943508188-17           0.0+0
CQUAD4*             1055               1            1063             534*
*                   1065            1068 7.2045237836-17           0.0+0
CQUAD4*             1056               1            1068            1065*
*                    489            1066 3.6572408049-16           0.0+0
CQUAD4*             1057               1            1067            1068*
*                   1066             535  7.635007063-17           0.0+0
CQUAD4*             1058               1             536            1059*
*                   1071            1070-2.2152055295-16           0.0+0
CQUAD4*             1059               1            1059             537*
*                   1067            1071-8.6261590698-17           0.0+0
CQUAD4*             1060               1            1071            1067*
*                    535            1069 2.1942964365-16           0.0+0
CQUAD4*             1061               1            1070            1071*
*                   1069             488-1.7255781177-16           0.0+0
CQUAD4*             1062               1             479             947*
*                   1074            1062-1.3620409596-17           0.0+0
CQUAD4*             1063               1             947             500*
*                   1072            1074 -1.153183684-16           0.0+0
CQUAD4*             1064               1            1074            1072*
*                    539            1073-1.0544081498-16           0.0+0
CQUAD4*             1065               1            1062            1074*
*                   1073             534 2.4880336639-17           0.0+0
CQUAD4*             1066               1             500             944*
*                   1076            1072 6.8295663572-17           0.0+0
CQUAD4*             1067               1             944             430*
*                   1012            1076-5.2585541273-17           0.0+0
CQUAD4*             1068               1            1076            1012*
*                    522            1075  7.470826693-17           0.0+0
CQUAD4*             1069               1            1072            1076*
*                   1075             539 1.8651505042-17           0.0+0
CQUAD4*             1070               1             539            1075*
*                   1079            1078 1.8551542955-17           0.0+0
CQUAD4*             1071               1            1075             522*
*                   1022            1079-1.7926077186-16           0.0+0
CQUAD4*             1072               1            1079            1022*
*                    485            1077-1.1030573033-16           0.0+0
CQUAD4*             1073               1            1078            1079*
*                   1077             538 1.8759249025-17           0.0+0
CQUAD4*             1074               1             534            1073*
*                   1081            1065-1.9980036501-16           0.0+0
CQUAD4*             1075               1            1073             539*
*                   1078            1081-4.1694576631-16           0.0+0
CQUAD4*             1076               1            1081            1078*
*                    538            1080 3.7352407182-17           0.0+0
CQUAD4*             1077               1            1065            1081*
*                   1080             489-4.3487591363-17           0.0+0
CQUAD4*             1078               1             489            1080*
*                   1085            1084-2.4887353248-16           0.0+0
CQUAD4*             1079               1            1080             538*
*                   1082            1085 5.6086963255-17           0.0+0
CQUAD4*             1080               1            1085            1082*
*                    542            1083-2.5858519669-16           0.0+0
CQUAD4*             1081               1            1084            1085*
*                   1083             541 2.6085247539-16           0.0+0
CQUAD4*             1082               1             538            1077*
*                   1087            1082 1.1855736791-16           0.0+0
CQUAD4*             1083               1            1077             485*
*                   1048            1087 1.8788906898-17           0.0+0
CQUAD4*             1084               1            1087            1048*
*                    532            1086 1.8462316156-16           0.0+0
CQUAD4*             1085               1            1082            1087*
*                   1086             542-1.5388817064-16           0.0+0
CQUAD4*             1086               1             542            1086*
*                   1090            1089-3.2252859883-16           0.0+0
CQUAD4*             1087               1            1086             532*
*                   1056            1090 8.8002583209-17           0.0+0
CQUAD4*             1088               1            1090            1056*
*                    428            1088-2.7997932481-16           0.0+0
CQUAD4*             1089               1            1089            1090*
*                   1088             540 1.2408576028-17           0.0+0
CQUAD4*             1090               1             541            1083*
*                   1093            1092 1.7925824535-16           0.0+0
CQUAD4*             1091               1            1083             542*
*                   1089            1093 2.7284123422-16           0.0+0
CQUAD4*             1092               1            1093            1089*
*                    540            1091 2.2255070528-16           0.0+0
CQUAD4*             1093               1            1092            1093*
*                   1091             487 6.5794270641-17           0.0+0
CQUAD4*             1094               1             488            1069*
*                   1097            1096 7.7037195859-17           0.0+0
CQUAD4*             1095               1            1069             535*
*                   1094            1097   -6.1830417-17           0.0+0
CQUAD4*             1096               1            1097            1094*
*                    545            1095 -3.793166144-16           0.0+0
CQUAD4*             1097               1            1096            1097*
*                   1095             544-7.4229799258-17           0.0+0
CQUAD4*             1098               1             535            1066*
*                   1099            1094-2.8669398468-16           0.0+0
CQUAD4*             1099               1            1066             489*
*                   1084            1099-8.7052235821-17           0.0+0
CQUAD4*             1100               1            1099            1084*
*                    541            1098-1.8672757218-17           0.0+0
CQUAD4*             1101               1            1094            1099*
*                   1098             545 1.3082606686-16           0.0+0
CQUAD4*             1102               1             545            1098*
*                   1102            1101 3.1515501122-17           0.0+0
CQUAD4*             1103               1            1098             541*
*                   1092            1102 4.6022597716-16           0.0+0
CQUAD4*             1104               1            1102            1092*
*                    487            1100-3.0403272346-16           0.0+0
CQUAD4*             1105               1            1101            1102*
*                   1100             543-2.3258858453-16           0.0+0
CQUAD4*             1106               1             544            1095*
*                   1105            1104-3.7470530673-17           0.0+0
CQUAD4*             1107               1            1095             545*
*                   1101            1105   2.79483823-16           0.0+0
CQUAD4*             1108               1            1105            1101*
*                    543            1103-3.4903696123-16           0.0+0
CQUAD4*             1109               1            1104            1105*
*                   1103             412-8.7358999015-17           0.0+0
CQUAD4*             1110               1             409            1106*
*                   1110            1109 9.9341373505-17           0.0+0
CQUAD4*             1111               1            1106             546*
*                   1107            1110-4.2793710218-16           0.0+0
CQUAD4*             1112               1            1110            1107*
*                    550            1108-5.7166077169-18           0.0+0
CQUAD4*             1113               1            1109            1110*
*                   1108             549-9.9521129037-17           0.0+0
CQUAD4*             1114               1             546            1111*
*                   1114            1107-6.1299750385-16           0.0+0
CQUAD4*             1115               1            1111             434*
*                   1112            1114 2.9742065456-16           0.0+0
CQUAD4*             1116               1            1114            1112*
*                    547            1113-1.6642293919-16           0.0+0
CQUAD4*             1117               1            1107            1114*
*                   1113             550 3.4736771625-16           0.0+0
CQUAD4*             1118               1             550            1113*
*                   1118            1117 2.4253379746-16           0.0+0
CQUAD4*             1119               1            1113             547*
*                   1115            1118-1.0462987213-16           0.0+0
CQUAD4*             1120               1            1118            1115*
*                    438            1116-5.6012924736-17           0.0+0
CQUAD4*             1121               1            1117            1118*
*                   1116             548  2.116813379-16           0.0+0
CQUAD4*             1122               1             549            1108*
*                   1121            1120 1.3466842381-16           0.0+0
CQUAD4*             1123               1            1108             550*
*                   1117            1121 9.9276183952-17           0.0+0
CQUAD4*             1124               1            1121            1117*
*                    548            1119 1.8106400435-16           0.0+0
CQUAD4*             1125               1            1120            1121*
*                   1119             437-2.4724616595-16           0.0+0
CQUAD4*             1126               1             434            1122*
*                   1125            1112 1.8423905472-16           0.0+0
CQUAD4*             1127               1            1122             551*
*                   1123            1125-6.8878441484-17           0.0+0
CQUAD4*             1128               1            1125            1123*
*                    554            1124 2.7524712464-16           0.0+0
CQUAD4*             1129               1            1112            1125*
*                   1124             547-1.0994177888-16           0.0+0
CQUAD4*             1130               1             551            1126*
*                   1129            1123 8.8033688508-17           0.0+0
CQUAD4*             1131               1            1126             431*
*                   1127            1129-3.8521917528-16           0.0+0
CQUAD4*             1132               1            1129            1127*
*                    552            1128 1.8830149584-16           0.0+0
CQUAD4*             1133               1            1123            1129*
*                   1128             554 3.2225350091-16           0.0+0
CQUAD4      1134       1     554    1128    1133    1132   0.0+0   0.0+0
CQUAD4*             1135               1            1128             552*
*                   1130            1133 2.3170347179-16           0.0+0
CQUAD4*             1136               1            1133            1130*
*                    435            1131 -2.158149164-16           0.0+0
CQUAD4*             1137               1            1132            1133*
*                   1131             553-1.2667708321-17           0.0+0
CQUAD4*             1138               1             547            1124*
*                   1135            1115 2.4795531192-16           0.0+0
CQUAD4*             1139               1            1124             554*
*                   1132            1135-3.4967803274-17           0.0+0
CQUAD4*             1140               1            1135            1132*
*                    553            1134   8.57733483-17           0.0+0
CQUAD4*             1141               1            1115            1135*
*                   1134             438-4.9799392564-17           0.0+0
CQUAD4*             1142               1             438            1134*
*                   1139            1138-1.2227318175-17           0.0+0
CQUAD4*             1143               1            1134             553*
*                   1136            1139 5.0336906131-16           0.0+0
CQUAD4*             1144               1            1139            1136*
*                    558            1137-1.2425823644-16           0.0+0
CQUAD4*             1145               1            1138            1139*
*                   1137             557-1.1795471933-16           0.0+0
CQUAD4*             1146               1             553            1131*
*                   1142            1136-1.8759249025-17           0.0+0
CQUAD4*             1147               1            1131             435*
*                   1140            1142 -4.990965242-17           0.0+0
CQUAD4*             1148               1            1142            1140*
*                    555            1141-9.7923469689-17           0.0+0
CQUAD4*             1149               1            1136            1142*
*                   1141             558-9.8712177045-17           0.0+0
CQUAD4*             1150               1             558            1141*
*                   1146            1145 7.4467222721-17           0.0+0
CQUAD4*             1151               1            1141             555*
*                   1143            1146-6.2256889109-18           0.0+0
CQUAD4*             1152               1            1146            1143*
*                    433            1144  6.479007093-17           0.0+0
CQUAD4*             1153               1            1145            1146*
*                   1144             556-1.0568334578-16           0.0+0
CQUAD4*             1154               1             557            1137*
*                   1149            1148-5.5776800699-17           0.0+0
CQUAD4*             1155               1            1137             558*
*                   1145            1149 5.5869677664-17           0.0+0
CQUAD4*             1156               1            1149            1145*
*                    556            1147-1.5239558304-16           0.0+0
CQUAD4*             1157               1            1148            1149*
*                   1147             436 6.1150909445-18           0.0+0
CQUAD4*             1158               1             437            1119*
*                   1153            1152-1.2294555377-17           0.0+0
CQUAD4*             1159               1            1119             548*
*                   1150            1153-3.5820442474-16           0.0+0
CQUAD4*             1160               1            1153            1150*
*                    561            1151  2.209819821-17           0.0+0
CQUAD4*             1161               1            1152            1153*
*                   1151             560 1.7233786779-16           0.0+0
CQUAD4*             1162               1             548            1116*
*                   1155            1150-3.8547451571-16           0.0+0
CQUAD4*             1163               1            1116             438*
*                   1138            1155-3.2860952843-16           0.0+0
CQUAD4*             1164               1            1155            1138*
*                    557            1154-8.8502802892-17           0.0+0
CQUAD4*             1165               1            1150            1155*
*                   1154             561  9.899001638-17           0.0+0
CQUAD4*             1166               1             561            1154*
*                   1158            1157 7.9280189215-18           0.0+0
CQUAD4*             1167               1            1154             557*
*                   1148            1158-2.4744891893-17           0.0+0
CQUAD4*             1168               1            1158            1148*
*                    436            1156 7.8703583617-17           0.0+0
CQUAD4*             1169               1            1157            1158*
*                   1156             559 9.4550893958-17           0.0+0
CQUAD4*             1170               1             560            1151*
*                   1161            1160  1.256380154-16           0.0+0
CQUAD4*             1171               1            1151             561*
*                   1157            1161-7.3754701644-17           0.0+0
CQUAD4*             1172               1            1161            1157*
*                    559            1159 2.0239786731-16           0.0+0
CQUAD4*             1173               1            1160            1161*
*                   1159             432-4.9089499775-17           0.0+0
CQUAD4*             1174               1             431            1162*
*                   1165            1127 2.2719910528-16           0.0+0
CQUAD4*             1175               1            1162             562*
*                   1163            1165 1.7655135332-16           0.0+0
CQUAD4*             1176               1            1165            1163*
*                    565            1164 1.4861182929-16           0.0+0
CQUAD4*             1177               1            1127            1165*
*                   1164             552-7.6781364619-17           0.0+0
CQUAD4*             1178               1             562            1166*
*                   1169            1163 4.4361728422-17           0.0+0
CQUAD4*             1179               1            1166             439*
*                   1167            1169-7.1725641542-17           0.0+0
CQUAD4*             1180               1            1169            1167*
*                    563            1168-1.5762421154-16           0.0+0
CQUAD4*             1181               1            1163            1169*
*                   1168             565-1.2604345473-16           0.0+0
CQUAD4*             1182               1             565            1168*
*                   1173            1172 8.2212528692-17           0.0+0
CQUAD4*             1183               1            1168             563*
*                   1170            1173 7.2333846992-17           0.0+0
CQUAD4*             1184               1            1173            1170*
*                    442            1171-5.9890158459-17           0.0+0
CQUAD4*             1185               1            1172            1173*
*                   1171             564-1.4124577995-16           0.0+0
CQUAD4*             1186               1             552            1164*
*                   1175            1130-1.8536491845-18           0.0+0
CQUAD4*             1187               1            1164             565*
*                   1172            1175 1.0358007096-16           0.0+0
CQUAD4*             1188               1            1175            1172*
*                    564            1174-5.9553645955-17           0.0+0
CQUAD4*             1189               1            1130            1175*
*                   1174             435 8.1596615096-17           0.0+0
CQUAD4*             1190               1             439            1176*
*                   1179            1167 -1.060537236-16           0.0+0
CQUAD4*             1191               1            1176             566*
*                   1177            1179-2.5268744493-17           0.0+0
CQUAD4*             1192               1            1179            1177*
*                    569            1178  6.317172122-18           0.0+0
CQUAD4*             1193               1            1167            1179*
*                   1178             563-3.9808538622-17           0.0+0
CQUAD4*             1194               1             566            1180*
*                   1183            1177 2.8472814402-17           0.0+0
CQUAD4*             1195               1            1180             413*
*                   1181            1183-2.5013348605-18           0.0+0
CQUAD4*             1196               1            1183            1181*
*                    567            1182-5.4303502941-18           0.0+0
CQUAD4*             1197               1            1177            1183*
*                   1182             569 2.2980977625-17           0.0+0
CQUAD4*             1198               1             569            1182*
*                   1187            1186-1.9687699675-17           0.0+0
CQUAD4*             1199               1            1182             567*
*                   1184            1187-3.5504615302-18           0.0+0
CQUAD4*             1200               1            1187            1184*
*                    440            1185-7.8216326458-19           0.0+0
CQUAD4      1201       1    1186    1187    1185     568   0.0+0   0.0+0
CQUAD4*             1202               1             563            1178*
*                   1189            1170 4.0163090402-17           0.0+0
CQUAD4*             1203               1            1178             569*
*                   1186            1189 4.7145731013-17           0.0+0
CQUAD4*             1204               1            1189            1186*
*                    568            1188 1.6061462635-17           0.0+0
CQUAD4*             1205               1            1170            1189*
*                   1188             442 6.2364977245-17           0.0+0
CQUAD4*             1206               1             442            1188*
*                   1193            1192-3.1116031472-17           0.0+0
CQUAD4*             1207               1            1188             568*
*                   1190            1193-7.1064097695-17           0.0+0
CQUAD4*             1208               1            1193            1190*
*                    573            1191 7.8468039359-18           0.0+0
CQUAD4*             1209               1            1192            1193*
*                   1191             572 4.3881504629-17           0.0+0
CQUAD4*             1210               1             568            1185*
*                   1196            1190 2.4787949394-17           0.0+0
CQUAD4*             1211               1            1185             440*
*                   1194            1196 9.8310119913-18           0.0+0
CQUAD4*             1212               1            1196            1194*
*                    570            1195 -7.048956779-18           0.0+0
CQUAD4*             1213               1            1190            1196*
*                   1195             573-1.0953537515-17           0.0+0
CQUAD4*             1214               1             573            1195*
*                   1200            1199 1.1016773142-17           0.0+0
CQUAD4*             1215               1            1195             570*
*                   1197            1200-5.4276101978-19           0.0+0
CQUAD4*             1216               1            1200            1197*
*                    421            1198 7.7726896829-19           0.0+0
CQUAD4*             1217               1            1199            1200*
*                   1198             571-1.4060454286-17           0.0+0
CQUAD4*             1218               1             572            1191*
*                   1203            1202 4.0766394443-17           0.0+0
CQUAD4*             1219               1            1191             573*
*                   1199            1203-1.8771700104-17           0.0+0
CQUAD4*             1220               1            1203            1199*
*                    571            1201 3.1281363273-18           0.0+0
CQUAD4*             1221               1            1202            1203*
*                   1201             441  3.745879237-17           0.0+0
CQUAD4*             1222               1             435            1174*
*                   1206            1140 1.8807590356-17           0.0+0
CQUAD4*             1223               1            1174             564*
*                   1204            1206 1.5561503542-16           0.0+0
CQUAD4*             1224               1            1206            1204*
*                    575            1205-6.2400303886-18           0.0+0
CQUAD4*             1225               1            1140            1206*
*                   1205             555 1.0968535796-16           0.0+0
CQUAD4*             1226               1             564            1171*
*                   1208            1204-1.2835031707-16           0.0+0
CQUAD4*             1227               1            1171             442*
*                   1192            1208  4.952694373-17           0.0+0
CQUAD4*             1228               1            1208            1192*
*                    572            1207 1.5508142319-16           0.0+0
CQUAD4*             1229               1            1204            1208*
*                   1207             575 9.2435691248-17           0.0+0
CQUAD4*             1230               1             575            1207*
*                   1211            1210-2.0744498808-17           0.0+0
CQUAD4*             1231               1            1207             572*
*                   1202            1211 2.5002008225-17           0.0+0
CQUAD4*             1232               1            1211            1202*
*                    441            1209 5.5074831127-18           0.0+0
CQUAD4*             1233               1            1210            1211*
*                   1209             574-8.1320940373-18           0.0+0
CQUAD4*             1234               1             555            1205*
*                   1213            1143 1.7948906528-16           0.0+0
CQUAD4*             1235               1            1205             575*
*                   1210            1213-8.1073949554-17           0.0+0
CQUAD4*             1236               1            1213            1210*
*                    574            1212 4.3590960301-17           0.0+0
CQUAD4*             1237               1            1143            1213*
*                   1212             433 4.2645634501-17           0.0+0
CQUAD4*             1238               1             433            1212*
*                   1217            1216 1.8618728531-17           0.0+0
CQUAD4*             1239               1            1212             574*
*                   1214            1217-5.1639516126-17           0.0+0
CQUAD4*             1240               1            1217            1214*
*                    579            1215-1.8639597297-17           0.0+0
CQUAD4*             1241               1            1216            1217*
*                   1215             578 5.6390717642-17           0.0+0
CQUAD4*             1242               1             574            1209*
*                   1220            1214 7.1574948739-17           0.0+0
CQUAD4*             1243               1            1209             441*
*                   1218            1220 1.0208416983-17           0.0+0
CQUAD4*             1244               1            1220            1218*
*                    576            1219-3.5158400578-17           0.0+0
CQUAD4*             1245               1            1214            1220*
*                   1219             579 8.5432627369-17           0.0+0
CQUAD4*             1246               1             579            1219*
*                   1224            1223-7.3024235118-17           0.0+0
CQUAD4*             1247               1            1219             576*
*                   1221            1224-5.2027073487-18           0.0+0
CQUAD4*             1248               1            1224            1221*
*                    446            1222-2.5389079589-17           0.0+0
CQUAD4*             1249               1            1223            1224*
*                   1222             577 -4.273833744-17           0.0+0
CQUAD4*             1250               1             578            1215*
*                   1227            1226 3.0640200316-17           0.0+0
CQUAD4*             1251               1            1215             579*
*                   1223            1227 7.0419301732-17           0.0+0
CQUAD4*             1252               1            1227            1223*
*                    577            1225-1.8600060472-17           0.0+0
CQUAD4*             1253               1            1226            1227*
*                   1225             445 2.4787734621-17           0.0+0
CQUAD4*             1254               1             441            1201*
*                   1230            1218 1.9010206895-17           0.0+0
CQUAD4*             1255               1            1201             571*
*                   1228            1230-6.2362422811-18           0.0+0
CQUAD4*             1256               1            1230            1228*
*                    582            1229-4.7914634667-17           0.0+0
CQUAD4*             1257               1            1218            1230*
*                   1229             576 9.3257264014-18           0.0+0
CQUAD4*             1258               1             571            1198*
*                   1233            1228 2.4971413181-17           0.0+0
CQUAD4*             1259               1            1198             421*
*                   1231            1233-3.9107867131-19           0.0+0
CQUAD4*             1260               1            1233            1231*
*                    580            1232 1.1668009443-18           0.0+0
CQUAD4*             1261               1            1228            1233*
*                   1232             582-1.4849428178-17           0.0+0
CQUAD4*             1262               1             582            1232*
*                   1237            1236 -7.867011713-18           0.0+0
CQUAD4*             1263               1            1232             580*
*                   1234            1237 6.5121279707-18           0.0+0
CQUAD4*             1264               1            1237            1234*
*                    443            1235-7.7662473515-19           0.0+0
CQUAD4*             1265               1            1236            1237*
*                   1235             581 1.3218277844-17           0.0+0
CQUAD4*             1266               1             576            1229*
*                   1239            1221-1.8667605832-17           0.0+0
CQUAD4*             1267               1            1229             582*
*                   1236            1239-2.4890649295-17           0.0+0
CQUAD4*             1268               1            1239            1236*
*                    581            1238-6.2209939013-18           0.0+0
CQUAD4*             1269               1            1221            1239*
*                   1238             446-1.8648829627-17           0.0+0
CQUAD4*             1270               1             446            1238*
*                   1243            1242-2.1742960372-17           0.0+0
CQUAD4*             1271               1            1238             581*
*                   1240            1243 6.2115427175-18           0.0+0
CQUAD4*             1272               1            1243            1240*
*                    585            1241 1.0863466044-17           0.0+0
CQUAD4*             1273               1            1242            1243*
*                   1241             584 -5.579726933-18           0.0+0
CQUAD4*             1274               1             581            1235*
*                   1246            1240-1.2282740595-18           0.0+0
CQUAD4*             1275               1            1235             443*
*                   1244            1246 2.4813247336-18           0.0+0
CQUAD4*             1276               1            1246            1244*
*                    583            1245 8.5296153062-19           0.0+0
CQUAD4*             1277               1            1240            1246*
*                   1245             585-2.9472368029-18           0.0+0
CQUAD4      1278       1     585    1245    1249    1248   0.0+0   0.0+0
CQUAD4*             1279               1            1245             583*
*                   1247            1249-1.7074035649-18           0.0+0
CQUAD4*             1280               1            1249            1247*
*                    417             980-6.2127260615-19           0.0+0
CQUAD4*             1281               1            1248            1249*
*                    980             510-6.2115660875-19           0.0+0
CQUAD4*             1282               1             584            1241*
*                   1251            1250  3.104315741-18           0.0+0
CQUAD4*             1283               1            1241             585*
*                   1248            1251 4.6550154872-18           0.0+0
CQUAD4*             1284               1            1251            1248*
*                    510             976 3.1044343606-18           0.0+0
CQUAD4*             1285               1            1250            1251*
*                    976             444-9.3112176529-19           0.0+0
CQUAD4*             1286               1             445            1225*
*                   1255            1254 6.1959371636-18           0.0+0
CQUAD4*             1287               1            1225             577*
*                   1252            1255-1.9760536471-17           0.0+0
CQUAD4*             1288               1            1255            1252*
*                    587            1253 1.9785440702-17           0.0+0
CQUAD4*             1289               1            1254            1255*
*                   1253             586  -2.47034883-17           0.0+0
CQUAD4*             1290               1             577            1222*
*                   1257            1252-2.7242587561-17           0.0+0
CQUAD4*             1291               1            1222             446*
*                   1242            1257-3.1066255007-18           0.0+0
CQUAD4*             1292               1            1257            1242*
*                    584            1256  6.800958105-18           0.0+0
CQUAD4*             1293               1            1252            1257*
*                   1256             587-1.5501078771-17           0.0+0
CQUAD4*             1294               1             587            1256*
*                   1259            1258 -2.106200113-17           0.0+0
CQUAD4*             1295               1            1256             584*
*                   1250            1259 1.1160217266-17           0.0+0
CQUAD4*             1296               1            1259            1250*
*                    444             966-3.1040762469-19           0.0+0
CQUAD4*             1297               1            1258            1259*
*                    966             506 6.1975740791-18           0.0+0
CQUAD4*             1298               1             586            1253*
*                   1261            1260-9.0583346889-21           0.0+0
CQUAD4*             1299               1            1253             587*
*                   1258            1261-1.8578863606-17           0.0+0
CQUAD4*             1300               1            1261            1258*
*                    506             962-2.1673263297-18           0.0+0
CQUAD4*             1301               1            1260            1261*
*                    962             427 3.0931453984-18           0.0+0
CQUAD4*             1302               1             432            1159*
*                   1265            1264-2.6428199222-16           0.0+0
CQUAD4*             1303               1            1159             559*
*                   1262            1265-2.4567468899-16           0.0+0
CQUAD4*             1304               1            1265            1262*
*                    591            1263-7.3549051071-17           0.0+0
CQUAD4*             1305               1            1264            1265*
*                   1263             590-8.5665853167-17           0.0+0
CQUAD4*             1306               1             559            1156*
*                   1268            1262-9.1067068291-17           0.0+0
CQUAD4*             1307               1            1156             436*
*                   1266            1268-8.6275648612-17           0.0+0
CQUAD4*             1308               1            1268            1266*
*                    588            1267 -1.847788084-17           0.0+0
CQUAD4*             1309               1            1262            1268*
*                   1267             591  3.688316794-17           0.0+0
CQUAD4*             1310               1             591            1267*
*                   1272            1271-8.5979628125-17           0.0+0
CQUAD4*             1311               1            1267             588*
*                   1269            1272 5.5374086468-17           0.0+0
CQUAD4*             1312               1            1272            1269*
*                    449            1270-4.9391008413-17           0.0+0
CQUAD4*             1313               1            1271            1272*
*                   1270             589-1.9872277282-17           0.0+0
CQUAD4*             1314               1             590            1263*
*                   1275            1274  9.782683339-17           0.0+0
CQUAD4*             1315               1            1263             591*
*                   1271            1275-5.5634451746-17           0.0+0
CQUAD4*             1316               1            1275            1271*
*                    589            1273-2.7153981116-17           0.0+0
CQUAD4*             1317               1            1274            1275*
*                   1273             448  1.217865904-17           0.0+0
CQUAD4*             1318               1             436            1147*
*                   1278            1266  4.749729711-18           0.0+0
CQUAD4*             1319               1            1147             556*
*                   1276            1278 6.1327592794-18           0.0+0
CQUAD4*             1320               1            1278            1276*
*                    593            1277-3.0883593906-17           0.0+0
CQUAD4*             1321               1            1266            1278*
*                   1277             588-3.2474265985-17           0.0+0
CQUAD4*             1322               1             556            1144*
*                   1280            1276 1.2428676059-16           0.0+0
CQUAD4*             1323               1            1144             433*
*                   1216            1280-6.2226587807-18           0.0+0
CQUAD4*             1324               1            1280            1216*
*                    578            1279 1.2089973524-16           0.0+0
CQUAD4*             1325               1            1276            1280*
*                   1279             593-9.9608912336-17           0.0+0
CQUAD4*             1326               1             593            1279*
*                   1283            1282 1.1606726184-17           0.0+0
CQUAD4*             1327               1            1279             578*
*                   1226            1283-2.4783868595-17           0.0+0
CQUAD4*             1328               1            1283            1226*
*                    445            1281 6.1892931393-18           0.0+0
CQUAD4*             1329               1            1282            1283*
*                   1281             592  3.090365624-17           0.0+0
CQUAD4*             1330               1             588            1277*
*                   1285            1269-2.3612327053-16           0.0+0
CQUAD4*             1331               1            1277             593*
*                   1282            1285-2.7342568205-17           0.0+0
CQUAD4*             1332               1            1285            1282*
*                    592            1284 3.8843622989-18           0.0+0
CQUAD4*             1333               1            1269            1285*
*                   1284             449-3.6943761774-17           0.0+0
CQUAD4*             1334               1             449            1284*
*                   1289            1288-6.7708023754-17           0.0+0
CQUAD4*             1335               1            1284             592*
*                   1286            1289 9.4846641716-17           0.0+0
CQUAD4*             1336               1            1289            1286*
*                    595            1287 1.8486762261-17           0.0+0
CQUAD4*             1337               1            1288            1289*
*                   1287             594 8.1143575218-17           0.0+0
CQUAD4*             1338               1             592            1281*
*                   1291            1286-2.4685166447-17           0.0+0
CQUAD4*             1339               1            1281             445*
*                   1254            1291 7.4200398992-17           0.0+0
CQUAD4*             1340               1            1291            1254*
*                    586            1290-2.3438110123-17           0.0+0
CQUAD4*             1341               1            1286            1291*
*                   1290             595-2.5204752577-18           0.0+0
CQUAD4*             1342               1             595            1290*
*                   1293            1292-1.2461704462-18           0.0+0
CQUAD4*             1343               1            1290             586*
*                   1260            1293-2.4614238994-18           0.0+0
CQUAD4*             1344               1            1293            1260*
*                    427             926-3.7080887451-18           0.0+0
CQUAD4*             1345               1            1292            1293*
*                    926             495 1.2646452241-17           0.0+0
CQUAD4*             1346               1             594            1287*
*                   1295            1294-2.8276081199-17           0.0+0
CQUAD4*             1347               1            1287             595*
*                   1292            1295-1.2319873149-17           0.0+0
CQUAD4*             1348               1            1295            1292*
*                    495             922 6.4667314142-18           0.0+0
CQUAD4*             1349               1            1294            1295*
*                    922             447-1.2297997044-17           0.0+0
CQUAD4*             1350               1             448            1273*
*                   1299            1298 6.1046521614-17           0.0+0
CQUAD4*             1351               1            1273             589*
*                   1296            1299  2.447719408-17           0.0+0
CQUAD4*             1352               1            1299            1296*
*                    597            1297 1.0502447812-16           0.0+0
CQUAD4*             1353               1            1298            1299*
*                   1297             596 3.8965108828-17           0.0+0
CQUAD4*             1354               1             589            1270*
*                   1301            1296-1.2256185018-17           0.0+0
CQUAD4*             1355               1            1270             449*
*                   1288            1301 7.9730498812-17           0.0+0
CQUAD4*             1356               1            1301            1288*
*                    594            1300 -3.677182307-17           0.0+0
CQUAD4*             1357               1            1296            1301*
*                   1300             597-2.4513962506-17           0.0+0
CQUAD4*             1358               1             597            1300*
*                   1303            1302-1.0658917494-16           0.0+0
CQUAD4*             1359               1            1300             594*
*                   1294            1303-2.4538802719-17           0.0+0
CQUAD4*             1360               1            1303            1294*
*                    447             911 1.5337592292-18           0.0+0
CQUAD4*             1361               1            1302            1303*
*                    911             490 1.2251200842-17           0.0+0
CQUAD4*             1362               1             596            1297*
*                   1305            1304 2.5602667058-17           0.0+0
CQUAD4*             1363               1            1297             597*
*                   1302            1305  1.236601715-18           0.0+0
CQUAD4*             1364               1            1305            1302*
*                    490             906-8.8625585042-18           0.0+0
CQUAD4*             1365               1            1304            1305*
*                    906             416 9.4523657712-18           0.0+0
$--1---><--2---><--3---><--4---><--5---><--6---><--7---><--8---><--9---><--10-->
$$$$$$$$$$$$$$$$$$$$$$$$$$$$$$$$$$$$ force $$$$$$$$$$$$$$$$$$$$$$$$$$$$$$$$$$$$$
FORCE*                 2               3               0           1.0+0*
*                  0.0+0 4.95136107279+7           0.0+0
FORCE*                 2               4               0           1.0+0*
*                  0.0+0 4.95136107279+7           0.0+0
FORCE*                 2               7               0           1.0+0*
*                  0.0+0  2.4991007336+7           0.0+0
FORCE*                 2              19               0           1.0+0*
*                  0.0+0 4.99820146721+7           0.0+0
FORCE*                 2               8               0           1.0+0*
*                  0.0+0  2.4991007336+7           0.0+0
FORCE*                 2              38               0           1.0+0*
*                  0.0+0 1.25324393787+7           0.0+0
FORCE*                 2             105               0           1.0+0*
*                  0.0+0 1.25327933805+7           0.0+0
FORCE*                 2              29               0           1.0+0*
*                  0.0+0 1.25329130684+7           0.0+0
FORCE*                 2              15               0           1.0+0*
*                  0.0+0 6.26576324914+6           0.0+0
FORCE*                 2             102               0           1.0+0*
*                  0.0+0 1.25318657816+7           0.0+0
FORCE*                 2              11               0           1.0+0*
*                  0.0+0 1.25246309928+7           0.0+0
FORCE*                 2              55               0           1.0+0*
*                  0.0+0 2.50499098372+7           0.0+0
FORCE*                 2              24               0           1.0+0*
*                  0.0+0  2.5050557689+7           0.0+0
FORCE*                 2              58               0           1.0+0*
*                  0.0+0 2.50499098372+7           0.0+0
FORCE*                 2              12               0           1.0+0*
*                  0.0+0 1.25246309928+7           0.0+0
FORCE*                 2             114               0           1.0+0*
*                  0.0+0 1.25327933805+7           0.0+0
FORCE*                 2              42               0           1.0+0*
*                  0.0+0 1.25324393787+7           0.0+0
FORCE*                 2             117               0           1.0+0*
*                  0.0+0 1.25318657816+7           0.0+0
FORCE*                 2              16               0           1.0+0*
*                  0.0+0 6.26576324914+6           0.0+0
FORCE*                 2             126               0           1.0+0*
*                  0.0+0 6.26741694375+6           0.0+0
FORCE*                 2             239               0           1.0+0*
*                  0.0+0 6.26740072521+6           0.0+0
FORCE*                 2             195               0           1.0+0*
*                  0.0+0 6.26735224386+6           0.0+0
FORCE*                 2             242               0           1.0+0*
*                  0.0+0 6.26727201829+6           0.0+0
FORCE*                 2             139               0           1.0+0*
*                  0.0+0 6.26716089919+6           0.0+0
FORCE*                 2             251               0           1.0+0*
*                  0.0+0 6.26702004951+6           0.0+0
FORCE*                 2             198               0           1.0+0*
*                  0.0+0 6.26685091775+6           0.0+0
FORCE*                 2             254               0           1.0+0*
*                  0.0+0 6.26665520557+6           0.0+0
FORCE*                 2             123               0           1.0+0*
*                  0.0+0  3.1332754659+6           0.0+0
FORCE*                 2             122               0           1.0+0*
*                  0.0+0  3.1332754659+6           0.0+0
FORCE*                 2             393               0           1.0+0*
*                  0.0+0 6.26665520557+6           0.0+0
FORCE*                 2             183               0           1.0+0*
*                  0.0+0 6.26685091775+6           0.0+0
FORCE*                 2             396               0           1.0+0*
*                  0.0+0 6.26702004951+6           0.0+0
FORCE*                 2             135               0           1.0+0*
*                  0.0+0 6.26716089919+6           0.0+0
FORCE*                 2             404               0           1.0+0*
*                  0.0+0 6.26727201829+6           0.0+0
FORCE*                 2             186               0           1.0+0*
*                  0.0+0 6.26735224386+6           0.0+0
FORCE*                 2             407               0           1.0+0*
*                  0.0+0 6.26740072521+6           0.0+0
FORCE*                 2             411               0           1.0+0*
*                  0.0+0 1.56667899028+6           0.0+0
FORCE*                 2             840               0           1.0+0*
*                  0.0+0 3.13338605991+6           0.0+0
FORCE*                 2             682               0           1.0+0*
*                  0.0+0 3.13344068024+6           0.0+0
FORCE*                 2             843               0           1.0+0*
*                  0.0+0  3.1334921596+6           0.0+0
FORCE*                 2             472               0           1.0+0*
*                  0.0+0 3.13354037239+6           0.0+0
FORCE*                 2             852               0           1.0+0*
*                  0.0+0 3.13358519931+6           0.0+0
FORCE*                 2             685               0           1.0+0*
*                  0.0+0 3.13362652792+6           0.0+0
FORCE*                 2             855               0           1.0+0*
*                  0.0+0 3.13366425331+6           0.0+0
FORCE*                 2             424               0           1.0+0*
*                  0.0+0 3.13369827867+6           0.0+0
FORCE*                 2             888               0           1.0+0*
*                  0.0+0 3.13372851579+6           0.0+0
FORCE*                 2             693               0           1.0+0*
*                  0.0+0  3.1337548856+6           0.0+0
FORCE*                 2             891               0           1.0+0*
*                  0.0+0  3.1337773186+6           0.0+0
FORCE*                 2             475               0           1.0+0*
*                  0.0+0  3.1337957553+6           0.0+0
FORCE*                 2             900               0           1.0+0*
*                  0.0+0 3.13381014652+6           0.0+0
FORCE*                 2             696               0           1.0+0*
*                  0.0+0  3.1338204537+6           0.0+0
FORCE*                 2             903               0           1.0+0*
*                  0.0+0 3.13382664913+6           0.0+0
FORCE*                 2             415               0           1.0+0*
*                  0.0+0 3.13382871613+6           0.0+0
FORCE*                 2            1040               0           1.0+0*
*                  0.0+0 3.13382664913+6           0.0+0
FORCE*                 2             528               0           1.0+0*
*                  0.0+0  3.1338204537+6           0.0+0
FORCE*                 2            1043               0           1.0+0*
*                  0.0+0 3.13381014652+6           0.0+0
FORCE*                 2             484               0           1.0+0*
*                  0.0+0  3.1337957553+6           0.0+0
FORCE*                 2            1052               0           1.0+0*
*                  0.0+0  3.1337773186+6           0.0+0
FORCE*                 2             531               0           1.0+0*
*                  0.0+0  3.1337548856+6           0.0+0
FORCE*                 2            1055               0           1.0+0*
*                  0.0+0 3.13372851579+6           0.0+0
FORCE*                 2             428               0           1.0+0*
*                  0.0+0 3.13369827867+6           0.0+0
FORCE*                 2            1088               0           1.0+0*
*                  0.0+0 3.13366425331+6           0.0+0
FORCE*                 2             540               0           1.0+0*
*                  0.0+0 3.13362652792+6           0.0+0
FORCE*                 2            1091               0           1.0+0*
*                  0.0+0 3.13358519931+6           0.0+0
FORCE*                 2             487               0           1.0+0*
*                  0.0+0 3.13354037239+6           0.0+0
FORCE*                 2            1100               0           1.0+0*
*                  0.0+0  3.1334921596+6           0.0+0
FORCE*                 2             543               0           1.0+0*
*                  0.0+0 3.13344068024+6           0.0+0
FORCE*                 2            1103               0           1.0+0*
*                  0.0+0 3.13338605991+6           0.0+0
FORCE*                 2             412               0           1.0+0*
*                  0.0+0 1.56667899028+6           0.0+0
$--1---><--2---><--3---><--4---><--5---><--6---><--7---><--8---><--9---><--10-->
LOAD           1   1.0+0   1.0+0       2
PARAM,AUTOSPC,N
PARAM,K6ROT,0.
PARAM,QUAD4TYP,MITC4+

CELAS2,2001,1.23e-5,1,6,1498,6
CELAS2,2002,1.23e-5,2,6,1498,6
CELAS2,2003,1.23e-5,3,6,1498,6
CELAS2,2004,1.23e-5,4,6,1498,6
CELAS2,2005,1.23e-5,5,6,1498,6
CELAS2,2006,1.23e-5,6,6,1498,6
CELAS2,2007,1.23e-5,7,6,1498,6
CELAS2,2008,1.23e-5,8,6,1498,6
CELAS2,2009,1.23e-5,9,6,1498,6
CELAS2,2010,1.23e-5,10,6,1498,6
CELAS2,2011,1.23e-5,11,6,1498,6
CELAS2,2012,1.23e-5,12,6,1498,6
CELAS2,2013,1.23e-5,13,6,1498,6
CELAS2,2014,1.23e-5,14,6,1498,6
CELAS2,2015,1.23e-5,15,6,1498,6
CELAS2,2016,1.23e-5,16,6,1498,6
CELAS2,2017,1.23e-5,17,6,1498,6
CELAS2,2018,1.23e-5,18,6,1498,6
CELAS2,2019,1.23e-5,19,6,1498,6
CELAS2,2020,1.23e-5,20,6,1498,6
CELAS2,2021,1.23e-5,21,6,1498,6
CELAS2,2022,1.23e-5,22,6,1498,6
CELAS2,2023,1.23e-5,23,6,1498,6
CELAS2,2024,1.23e-5,24,6,1498,6
CELAS2,2025,1.23e-5,25,6,1498,6
CELAS2,2026,1.23e-5,26,6,1498,6
CELAS2,2027,1.23e-5,27,6,1498,6
CELAS2,2028,1.23e-5,28,6,1498,6
CELAS2,2029,1.23e-5,29,6,1498,6
CELAS2,2030,1.23e-5,30,6,1498,6
CELAS2,2031,1.23e-5,31,6,1498,6
CELAS2,2032,1.23e-5,32,6,1498,6
CELAS2,2033,1.23e-5,33,6,1498,6
CELAS2,2034,1.23e-5,34,6,1498,6
CELAS2,2035,1.23e-5,35,6,1498,6
CELAS2,2036,1.23e-5,36,6,1498,6
CELAS2,2037,1.23e-5,37,6,1498,6
CELAS2,2038,1.23e-5,38,6,1498,6
CELAS2,2039,1.23e-5,39,6,1498,6
CELAS2,2040,1.23e-5,40,6,1498,6
CELAS2,2041,1.23e-5,41,6,1498,6
CELAS2,2042,1.23e-5,42,6,1498,6
CELAS2,2043,1.23e-5,43,6,1498,6
CELAS2,2044,1.23e-5,44,6,1498,6
CELAS2,2045,1.23e-5,45,6,1498,6
CELAS2,2046,1.23e-5,46,6,1498,6
CELAS2,2047,1.23e-5,47,6,1498,6
CELAS2,2048,1.23e-5,48,6,1498,6
CELAS2,2049,1.23e-5,49,6,1498,6
CELAS2,2050,1.23e-5,50,6,1498,6
CELAS2,2051,1.23e-5,51,6,1498,6
CELAS2,2052,1.23e-5,52,6,1498,6
CELAS2,2053,1.23e-5,53,6,1498,6
CELAS2,2054,1.23e-5,54,6,1498,6
CELAS2,2055,1.23e-5,55,6,1498,6
CELAS2,2056,1.23e-5,56,6,1498,6
CELAS2,2057,1.23e-5,57,6,1498,6
CELAS2,2058,1.23e-5,58,6,1498,6
CELAS2,2059,1.23e-5,59,6,1498,6
CELAS2,2060,1.23e-5,60,6,1498,6
CELAS2,2061,1.23e-5,61,6,1498,6
CELAS2,2062,1.23e-5,62,6,1498,6
CELAS2,2063,1.23e-5,63,6,1498,6
CELAS2,2064,1.23e-5,64,6,1498,6
CELAS2,2065,1.23e-5,65,6,1498,6
CELAS2,2066,1.23e-5,66,6,1498,6
CELAS2,2067,1.23e-5,67,6,1498,6
CELAS2,2068,1.23e-5,68,6,1498,6
CELAS2,2069,1.23e-5,69,6,1498,6
CELAS2,2070,1.23e-5,70,6,1498,6
CELAS2,2071,1.23e-5,71,6,1498,6
CELAS2,2072,1.23e-5,72,6,1498,6
CELAS2,2073,1.23e-5,73,6,1498,6
CELAS2,2074,1.23e-5,74,6,1498,6
CELAS2,2075,1.23e-5,75,6,1498,6
CELAS2,2076,1.23e-5,76,6,1498,6
CELAS2,2077,1.23e-5,77,6,1498,6
CELAS2,2078,1.23e-5,78,6,1498,6
CELAS2,2079,1.23e-5,79,6,1498,6
CELAS2,2080,1.23e-5,80,6,1498,6
CELAS2,2081,1.23e-5,81,6,1498,6
CELAS2,2082,1.23e-5,82,6,1498,6
CELAS2,2083,1.23e-5,83,6,1498,6
CELAS2,2084,1.23e-5,84,6,1498,6
CELAS2,2085,1.23e-5,85,6,1498,6
CELAS2,2086,1.23e-5,86,6,1498,6
CELAS2,2087,1.23e-5,87,6,1498,6
CELAS2,2088,1.23e-5,88,6,1498,6
CELAS2,2089,1.23e-5,89,6,1498,6
CELAS2,2090,1.23e-5,90,6,1498,6
CELAS2,2091,1.23e-5,91,6,1498,6
CELAS2,2092,1.23e-5,92,6,1498,6
CELAS2,2093,1.23e-5,93,6,1498,6
CELAS2,2094,1.23e-5,94,6,1498,6
CELAS2,2095,1.23e-5,95,6,1498,6
CELAS2,2096,1.23e-5,96,6,1498,6
CELAS2,2097,1.23e-5,97,6,1498,6
CELAS2,2098,1.23e-5,98,6,1498,6
CELAS2,2099,1.23e-5,99,6,1498,6
CELAS2,2100,1.23e-5,100,6,1498,6
CELAS2,2101,1.23e-5,101,6,1498,6
CELAS2,2102,1.23e-5,102,6,1498,6
CELAS2,2103,1.23e-5,103,6,1498,6
CELAS2,2104,1.23e-5,104,6,1498,6
CELAS2,2105,1.23e-5,105,6,1498,6
CELAS2,2106,1.23e-5,106,6,1498,6
CELAS2,2107,1.23e-5,107,6,1498,6
CELAS2,2108,1.23e-5,108,6,1498,6
CELAS2,2109,1.23e-5,109,6,1498,6
CELAS2,2110,1.23e-5,110,6,1498,6
CELAS2,2111,1.23e-5,111,6,1498,6
CELAS2,2112,1.23e-5,112,6,1498,6
CELAS2,2113,1.23e-5,113,6,1498,6
CELAS2,2114,1.23e-5,114,6,1498,6
CELAS2,2115,1.23e-5,115,6,1498,6
CELAS2,2116,1.23e-5,116,6,1498,6
CELAS2,2117,1.23e-5,117,6,1498,6
CELAS2,2118,1.23e-5,118,6,1498,6
CELAS2,2119,1.23e-5,119,6,1498,6
CELAS2,2120,1.23e-5,120,6,1498,6
CELAS2,2121,1.23e-5,121,6,1498,6
CELAS2,2122,1.23e-5,122,6,1498,6
CELAS2,2123,1.23e-5,123,6,1498,6
CELAS2,2124,1.23e-5,124,6,1498,6
CELAS2,2125,1.23e-5,125,6,1498,6
CELAS2,2126,1.23e-5,126,6,1498,6
CELAS2,2127,1.23e-5,127,6,1498,6
CELAS2,2128,1.23e-5,128,6,1498,6
CELAS2,2129,1.23e-5,129,6,1498,6
CELAS2,2130,1.23e-5,130,6,1498,6
CELAS2,2131,1.23e-5,131,6,1498,6
CELAS2,2132,1.23e-5,132,6,1498,6
CELAS2,2133,1.23e-5,133,6,1498,6
CELAS2,2134,1.23e-5,134,6,1498,6
CELAS2,2135,1.23e-5,135,6,1498,6
CELAS2,2136,1.23e-5,136,6,1498,6
CELAS2,2137,1.23e-5,137,6,1498,6
CELAS2,2138,1.23e-5,138,6,1498,6
CELAS2,2139,1.23e-5,139,6,1498,6
CELAS2,2140,1.23e-5,140,6,1498,6
CELAS2,2141,1.23e-5,141,6,1498,6
CELAS2,2142,1.23e-5,142,6,1498,6
CELAS2,2143,1.23e-5,143,6,1498,6
CELAS2,2144,1.23e-5,144,6,1498,6
CELAS2,2145,1.23e-5,145,6,1498,6
CELAS2,2146,1.23e-5,146,6,1498,6
CELAS2,2147,1.23e-5,147,6,1498,6
CELAS2,2148,1.23e-5,148,6,1498,6
CELAS2,2149,1.23e-5,149,6,1498,6
CELAS2,2150,1.23e-5,150,6,1498,6
CELAS2,2151,1.23e-5,151,6,1498,6
CELAS2,2152,1.23e-5,152,6,1498,6
CELAS2,2153,1.23e-5,153,6,1498,6
CELAS2,2154,1.23e-5,154,6,1498,6
CELAS2,2155,1.23e-5,155,6,1498,6
CELAS2,2156,1.23e-5,156,6,1498,6
CELAS2,2157,1.23e-5,157,6,1498,6
CELAS2,2158,1.23e-5,158,6,1498,6
CELAS2,2159,1.23e-5,159,6,1498,6
CELAS2,2160,1.23e-5,160,6,1498,6
CELAS2,2161,1.23e-5,161,6,1498,6
CELAS2,2162,1.23e-5,162,6,1498,6
CELAS2,2163,1.23e-5,163,6,1498,6
CELAS2,2164,1.23e-5,164,6,1498,6
CELAS2,2165,1.23e-5,165,6,1498,6
CELAS2,2166,1.23e-5,166,6,1498,6
CELAS2,2167,1.23e-5,167,6,1498,6
CELAS2,2168,1.23e-5,168,6,1498,6
CELAS2,2169,1.23e-5,169,6,1498,6
CELAS2,2170,1.23e-5,170,6,1498,6
CELAS2,2171,1.23e-5,171,6,1498,6
CELAS2,2172,1.23e-5,172,6,1498,6
CELAS2,2173,1.23e-5,173,6,1498,6
CELAS2,2174,1.23e-5,174,6,1498,6
CELAS2,2175,1.23e-5,175,6,1498,6
CELAS2,2176,1.23e-5,176,6,1498,6
CELAS2,2177,1.23e-5,177,6,1498,6
CELAS2,2178,1.23e-5,178,6,1498,6
CELAS2,2179,1.23e-5,179,6,1498,6
CELAS2,2180,1.23e-5,180,6,1498,6
CELAS2,2181,1.23e-5,181,6,1498,6
CELAS2,2182,1.23e-5,182,6,1498,6
CELAS2,2183,1.23e-5,183,6,1498,6
CELAS2,2184,1.23e-5,184,6,1498,6
CELAS2,2185,1.23e-5,185,6,1498,6
CELAS2,2186,1.23e-5,186,6,1498,6
CELAS2,2187,1.23e-5,187,6,1498,6
CELAS2,2188,1.23e-5,188,6,1498,6
CELAS2,2189,1.23e-5,189,6,1498,6
CELAS2,2190,1.23e-5,190,6,1498,6
CELAS2,2191,1.23e-5,191,6,1498,6
CELAS2,2192,1.23e-5,192,6,1498,6
CELAS2,2193,1.23e-5,193,6,1498,6
CELAS2,2194,1.23e-5,194,6,1498,6
CELAS2,2195,1.23e-5,195,6,1498,6
CELAS2,2196,1.23e-5,196,6,1498,6
CELAS2,2197,1.23e-5,197,6,1498,6
CELAS2,2198,1.23e-5,198,6,1498,6
CELAS2,2199,1.23e-5,199,6,1498,6
CELAS2,2200,1.23e-5,200,6,1498,6
CELAS2,2201,1.23e-5,201,6,1498,6
CELAS2,2202,1.23e-5,202,6,1498,6
CELAS2,2203,1.23e-5,203,6,1498,6
CELAS2,2204,1.23e-5,204,6,1498,6
CELAS2,2205,1.23e-5,205,6,1498,6
CELAS2,2206,1.23e-5,206,6,1498,6
CELAS2,2207,1.23e-5,207,6,1498,6
CELAS2,2208,1.23e-5,208,6,1498,6
CELAS2,2209,1.23e-5,209,6,1498,6
CELAS2,2210,1.23e-5,210,6,1498,6
CELAS2,2211,1.23e-5,211,6,1498,6
CELAS2,2212,1.23e-5,212,6,1498,6
CELAS2,2213,1.23e-5,213,6,1498,6
CELAS2,2214,1.23e-5,214,6,1498,6
CELAS2,2215,1.23e-5,215,6,1498,6
CELAS2,2216,1.23e-5,216,6,1498,6
CELAS2,2217,1.23e-5,217,6,1498,6
CELAS2,2218,1.23e-5,218,6,1498,6
CELAS2,2219,1.23e-5,219,6,1498,6
CELAS2,2220,1.23e-5,220,6,1498,6
CELAS2,2221,1.23e-5,221,6,1498,6
CELAS2,2222,1.23e-5,222,6,1498,6
CELAS2,2223,1.23e-5,223,6,1498,6
CELAS2,2224,1.23e-5,224,6,1498,6
CELAS2,2225,1.23e-5,225,6,1498,6
CELAS2,2226,1.23e-5,226,6,1498,6
CELAS2,2227,1.23e-5,227,6,1498,6
CELAS2,2228,1.23e-5,228,6,1498,6
CELAS2,2229,1.23e-5,229,6,1498,6
CELAS2,2230,1.23e-5,230,6,1498,6
CELAS2,2231,1.23e-5,231,6,1498,6
CELAS2,2232,1.23e-5,232,6,1498,6
CELAS2,2233,1.23e-5,233,6,1498,6
CELAS2,2234,1.23e-5,234,6,1498,6
CELAS2,2235,1.23e-5,235,6,1498,6
CELAS2,2236,1.23e-5,236,6,1498,6
CELAS2,2237,1.23e-5,237,6,1498,6
CELAS2,2238,1.23e-5,238,6,1498,6
CELAS2,2239,1.23e-5,239,6,1498,6
CELAS2,2240,1.23e-5,240,6,1498,6
CELAS2,2241,1.23e-5,241,6,1498,6
CELAS2,2242,1.23e-5,242,6,1498,6
CELAS2,2243,1.23e-5,243,6,1498,6
CELAS2,2244,1.23e-5,244,6,1498,6
CELAS2,2245,1.23e-5,245,6,1498,6
CELAS2,2246,1.23e-5,246,6,1498,6
CELAS2,2247,1.23e-5,247,6,1498,6
CELAS2,2248,1.23e-5,248,6,1498,6
CELAS2,2249,1.23e-5,249,6,1498,6
CELAS2,2250,1.23e-5,250,6,1498,6
CELAS2,2251,1.23e-5,251,6,1498,6
CELAS2,2252,1.23e-5,252,6,1498,6
CELAS2,2253,1.23e-5,253,6,1498,6
CELAS2,2254,1.23e-5,254,6,1498,6
CELAS2,2255,1.23e-5,255,6,1498,6
CELAS2,2256,1.23e-5,256,6,1498,6
CELAS2,2257,1.23e-5,257,6,1498,6
CELAS2,2258,1.23e-5,258,6,1498,6
CELAS2,2259,1.23e-5,259,6,1498,6
CELAS2,2260,1.23e-5,260,6,1498,6
CELAS2,2261,1.23e-5,261,6,1498,6
CELAS2,2262,1.23e-5,262,6,1498,6
CELAS2,2263,1.23e-5,263,6,1498,6
CELAS2,2264,1.23e-5,264,6,1498,6
CELAS2,2265,1.23e-5,265,6,1498,6
CELAS2,2266,1.23e-5,266,6,1498,6
CELAS2,2267,1.23e-5,267,6,1498,6
CELAS2,2268,1.23e-5,268,6,1498,6
CELAS2,2269,1.23e-5,269,6,1498,6
CELAS2,2270,1.23e-5,270,6,1498,6
CELAS2,2271,1.23e-5,271,6,1498,6
CELAS2,2272,1.23e-5,272,6,1498,6
CELAS2,2273,1.23e-5,273,6,1498,6
CELAS2,2274,1.23e-5,274,6,1498,6
CELAS2,2275,1.23e-5,275,6,1498,6
CELAS2,2276,1.23e-5,276,6,1498,6
CELAS2,2277,1.23e-5,277,6,1498,6
CELAS2,2278,1.23e-5,278,6,1498,6
CELAS2,2279,1.23e-5,279,6,1498,6
CELAS2,2280,1.23e-5,280,6,1498,6
CELAS2,2281,1.23e-5,281,6,1498,6
CELAS2,2282,1.23e-5,282,6,1498,6
CELAS2,2283,1.23e-5,283,6,1498,6
CELAS2,2284,1.23e-5,284,6,1498,6
CELAS2,2285,1.23e-5,285,6,1498,6
CELAS2,2286,1.23e-5,286,6,1498,6
CELAS2,2287,1.23e-5,287,6,1498,6
CELAS2,2288,1.23e-5,288,6,1498,6
CELAS2,2289,1.23e-5,289,6,1498,6
CELAS2,2290,1.23e-5,290,6,1498,6
CELAS2,2291,1.23e-5,291,6,1498,6
CELAS2,2292,1.23e-5,292,6,1498,6
CELAS2,2293,1.23e-5,293,6,1498,6
CELAS2,2294,1.23e-5,294,6,1498,6
CELAS2,2295,1.23e-5,295,6,1498,6
CELAS2,2296,1.23e-5,296,6,1498,6
CELAS2,2297,1.23e-5,297,6,1498,6
CELAS2,2298,1.23e-5,298,6,1498,6
CELAS2,2299,1.23e-5,299,6,1498,6
CELAS2,2300,1.23e-5,300,6,1498,6
CELAS2,2301,1.23e-5,301,6,1498,6
CELAS2,2302,1.23e-5,302,6,1498,6
CELAS2,2303,1.23e-5,303,6,1498,6
CELAS2,2304,1.23e-5,304,6,1498,6
CELAS2,2305,1.23e-5,305,6,1498,6
CELAS2,2306,1.23e-5,306,6,1498,6
CELAS2,2307,1.23e-5,307,6,1498,6
CELAS2,2308,1.23e-5,308,6,1498,6
CELAS2,2309,1.23e-5,309,6,1498,6
CELAS2,2310,1.23e-5,310,6,1498,6
CELAS2,2311,1.23e-5,311,6,1498,6
CELAS2,2312,1.23e-5,312,6,1498,6
CELAS2,2313,1.23e-5,313,6,1498,6
CELAS2,2314,1.23e-5,314,6,1498,6
CELAS2,2315,1.23e-5,315,6,1498,6
CELAS2,2316,1.23e-5,316,6,1498,6
CELAS2,2317,1.23e-5,317,6,1498,6
CELAS2,2318,1.23e-5,318,6,1498,6
CELAS2,2319,1.23e-5,319,6,1498,6
CELAS2,2320,1.23e-5,320,6,1498,6
CELAS2,2321,1.23e-5,321,6,1498,6
CELAS2,2322,1.23e-5,322,6,1498,6
CELAS2,2323,1.23e-5,323,6,1498,6
CELAS2,2324,1.23e-5,324,6,1498,6
CELAS2,2325,1.23e-5,325,6,1498,6
CELAS2,2326,1.23e-5,326,6,1498,6
CELAS2,2327,1.23e-5,327,6,1498,6
CELAS2,2328,1.23e-5,328,6,1498,6
CELAS2,2329,1.23e-5,329,6,1498,6
CELAS2,2330,1.23e-5,330,6,1498,6
CELAS2,2331,1.23e-5,331,6,1498,6
CELAS2,2332,1.23e-5,332,6,1498,6
CELAS2,2333,1.23e-5,333,6,1498,6
CELAS2,2334,1.23e-5,334,6,1498,6
CELAS2,2335,1.23e-5,335,6,1498,6
CELAS2,2336,1.23e-5,336,6,1498,6
CELAS2,2337,1.23e-5,337,6,1498,6
CELAS2,2338,1.23e-5,338,6,1498,6
CELAS2,2339,1.23e-5,339,6,1498,6
CELAS2,2340,1.23e-5,340,6,1498,6
CELAS2,2341,1.23e-5,341,6,1498,6
CELAS2,2342,1.23e-5,342,6,1498,6
CELAS2,2343,1.23e-5,343,6,1498,6
CELAS2,2344,1.23e-5,344,6,1498,6
CELAS2,2345,1.23e-5,345,6,1498,6
CELAS2,2346,1.23e-5,346,6,1498,6
CELAS2,2347,1.23e-5,347,6,1498,6
CELAS2,2348,1.23e-5,348,6,1498,6
CELAS2,2349,1.23e-5,349,6,1498,6
CELAS2,2350,1.23e-5,350,6,1498,6
CELAS2,2351,1.23e-5,351,6,1498,6
CELAS2,2352,1.23e-5,352,6,1498,6
CELAS2,2353,1.23e-5,353,6,1498,6
CELAS2,2354,1.23e-5,354,6,1498,6
CELAS2,2355,1.23e-5,355,6,1498,6
CELAS2,2356,1.23e-5,356,6,1498,6
CELAS2,2357,1.23e-5,357,6,1498,6
CELAS2,2358,1.23e-5,358,6,1498,6
CELAS2,2359,1.23e-5,359,6,1498,6
CELAS2,2360,1.23e-5,360,6,1498,6
CELAS2,2361,1.23e-5,361,6,1498,6
CELAS2,2362,1.23e-5,362,6,1498,6
CELAS2,2363,1.23e-5,363,6,1498,6
CELAS2,2364,1.23e-5,364,6,1498,6
CELAS2,2365,1.23e-5,365,6,1498,6
CELAS2,2366,1.23e-5,366,6,1498,6
CELAS2,2367,1.23e-5,367,6,1498,6
CELAS2,2368,1.23e-5,368,6,1498,6
CELAS2,2369,1.23e-5,369,6,1498,6
CELAS2,2370,1.23e-5,370,6,1498,6
CELAS2,2371,1.23e-5,371,6,1498,6
CELAS2,2372,1.23e-5,372,6,1498,6
CELAS2,2373,1.23e-5,373,6,1498,6
CELAS2,2374,1.23e-5,374,6,1498,6
CELAS2,2375,1.23e-5,375,6,1498,6
CELAS2,2376,1.23e-5,376,6,1498,6
CELAS2,2377,1.23e-5,377,6,1498,6
CELAS2,2378,1.23e-5,378,6,1498,6
CELAS2,2379,1.23e-5,379,6,1498,6
CELAS2,2380,1.23e-5,380,6,1498,6
CELAS2,2381,1.23e-5,381,6,1498,6
CELAS2,2382,1.23e-5,382,6,1498,6
CELAS2,2383,1.23e-5,383,6,1498,6
CELAS2,2384,1.23e-5,384,6,1498,6
CELAS2,2385,1.23e-5,385,6,1498,6
CELAS2,2386,1.23e-5,386,6,1498,6
CELAS2,2387,1.23e-5,387,6,1498,6
CELAS2,2388,1.23e-5,388,6,1498,6
CELAS2,2389,1.23e-5,389,6,1498,6
CELAS2,2390,1.23e-5,390,6,1498,6
CELAS2,2391,1.23e-5,391,6,1498,6
CELAS2,2392,1.23e-5,392,6,1498,6
CELAS2,2393,1.23e-5,393,6,1498,6
CELAS2,2394,1.23e-5,394,6,1498,6
CELAS2,2395,1.23e-5,395,6,1498,6
CELAS2,2396,1.23e-5,396,6,1498,6
CELAS2,2397,1.23e-5,397,6,1498,6
CELAS2,2398,1.23e-5,398,6,1498,6
CELAS2,2399,1.23e-5,399,6,1498,6
CELAS2,2400,1.23e-5,400,6,1498,6
CELAS2,2401,1.23e-5,401,6,1498,6
CELAS2,2402,1.23e-5,402,6,1498,6
CELAS2,2403,1.23e-5,403,6,1498,6
CELAS2,2404,1.23e-5,404,6,1498,6
CELAS2,2405,1.23e-5,405,6,1498,6
CELAS2,2406,1.23e-5,406,6,1498,6
CELAS2,2407,1.23e-5,407,6,1498,6
CELAS2,2408,1.23e-5,408,6,1498,6
CELAS2,2409,1.23e-5,409,6,1498,6
CELAS2,2410,1.23e-5,410,6,1498,6
CELAS2,2411,1.23e-5,411,6,1498,6
CELAS2,2412,1.23e-5,412,6,1498,6
CELAS2,2413,1.23e-5,413,6,1498,6
CELAS2,2414,1.23e-5,414,6,1498,6
CELAS2,2415,1.23e-5,415,6,1498,6
CELAS2,2416,1.23e-5,416,6,1498,6
CELAS2,2417,1.23e-5,417,6,1498,6
CELAS2,2418,1.23e-5,418,6,1498,6
CELAS2,2419,1.23e-5,419,6,1498,6
CELAS2,2420,1.23e-5,420,6,1498,6
CELAS2,2421,1.23e-5,421,6,1498,6
CELAS2,2422,1.23e-5,422,6,1498,6
CELAS2,2423,1.23e-5,423,6,1498,6
CELAS2,2424,1.23e-5,424,6,1498,6
CELAS2,2425,1.23e-5,425,6,1498,6
CELAS2,2426,1.23e-5,426,6,1498,6
CELAS2,2427,1.23e-5,427,6,1498,6
CELAS2,2428,1.23e-5,428,6,1498,6
CELAS2,2429,1.23e-5,429,6,1498,6
CELAS2,2430,1.23e-5,430,6,1498,6
CELAS2,2431,1.23e-5,431,6,1498,6
CELAS2,2432,1.23e-5,432,6,1498,6
CELAS2,2433,1.23e-5,433,6,1498,6
CELAS2,2434,1.23e-5,434,6,1498,6
CELAS2,2435,1.23e-5,435,6,1498,6
CELAS2,2436,1.23e-5,436,6,1498,6
CELAS2,2437,1.23e-5,437,6,1498,6
CELAS2,2438,1.23e-5,438,6,1498,6
CELAS2,2439,1.23e-5,439,6,1498,6
CELAS2,2440,1.23e-5,440,6,1498,6
CELAS2,2441,1.23e-5,441,6,1498,6
CELAS2,2442,1.23e-5,442,6,1498,6
CELAS2,2443,1.23e-5,443,6,1498,6
CELAS2,2444,1.23e-5,444,6,1498,6
CELAS2,2445,1.23e-5,445,6,1498,6
CELAS2,2446,1.23e-5,446,6,1498,6
CELAS2,2447,1.23e-5,447,6,1498,6
CELAS2,2448,1.23e-5,448,6,1498,6
CELAS2,2449,1.23e-5,449,6,1498,6
CELAS2,2450,1.23e-5,450,6,1498,6
CELAS2,2451,1.23e-5,451,6,1498,6
CELAS2,2452,1.23e-5,452,6,1498,6
CELAS2,2453,1.23e-5,453,6,1498,6
CELAS2,2454,1.23e-5,454,6,1498,6
CELAS2,2455,1.23e-5,455,6,1498,6
CELAS2,2456,1.23e-5,456,6,1498,6
CELAS2,2457,1.23e-5,457,6,1498,6
CELAS2,2458,1.23e-5,458,6,1498,6
CELAS2,2459,1.23e-5,459,6,1498,6
CELAS2,2460,1.23e-5,460,6,1498,6
CELAS2,2461,1.23e-5,461,6,1498,6
CELAS2,2462,1.23e-5,462,6,1498,6
CELAS2,2463,1.23e-5,463,6,1498,6
CELAS2,2464,1.23e-5,464,6,1498,6
CELAS2,2465,1.23e-5,465,6,1498,6
CELAS2,2466,1.23e-5,466,6,1498,6
CELAS2,2467,1.23e-5,467,6,1498,6
CELAS2,2468,1.23e-5,468,6,1498,6
CELAS2,2469,1.23e-5,469,6,1498,6
CELAS2,2470,1.23e-5,470,6,1498,6
CELAS2,2471,1.23e-5,471,6,1498,6
CELAS2,2472,1.23e-5,472,6,1498,6
CELAS2,2473,1.23e-5,473,6,1498,6
CELAS2,2474,1.23e-5,474,6,1498,6
CELAS2,2475,1.23e-5,475,6,1498,6
CELAS2,2476,1.23e-5,476,6,1498,6
CELAS2,2477,1.23e-5,477,6,1498,6
CELAS2,2478,1.23e-5,478,6,1498,6
CELAS2,2479,1.23e-5,479,6,1498,6
CELAS2,2480,1.23e-5,480,6,1498,6
CELAS2,2481,1.23e-5,481,6,1498,6
CELAS2,2482,1.23e-5,482,6,1498,6
CELAS2,2483,1.23e-5,483,6,1498,6
CELAS2,2484,1.23e-5,484,6,1498,6
CELAS2,2485,1.23e-5,485,6,1498,6
CELAS2,2486,1.23e-5,486,6,1498,6
CELAS2,2487,1.23e-5,487,6,1498,6
CELAS2,2488,1.23e-5,488,6,1498,6
CELAS2,2489,1.23e-5,489,6,1498,6
CELAS2,2490,1.23e-5,490,6,1498,6
CELAS2,2491,1.23e-5,491,6,1498,6
CELAS2,2492,1.23e-5,492,6,1498,6
CELAS2,2493,1.23e-5,493,6,1498,6
CELAS2,2494,1.23e-5,494,6,1498,6
CELAS2,2495,1.23e-5,495,6,1498,6
CELAS2,2496,1.23e-5,496,6,1498,6
CELAS2,2497,1.23e-5,497,6,1498,6
CELAS2,2498,1.23e-5,498,6,1498,6
CELAS2,2499,1.23e-5,499,6,1498,6
CELAS2,2500,1.23e-5,500,6,1498,6
CELAS2,2501,1.23e-5,501,6,1498,6
CELAS2,2502,1.23e-5,502,6,1498,6
CELAS2,2503,1.23e-5,503,6,1498,6
CELAS2,2504,1.23e-5,504,6,1498,6
CELAS2,2505,1.23e-5,505,6,1498,6
CELAS2,2506,1.23e-5,506,6,1498,6
CELAS2,2507,1.23e-5,507,6,1498,6
CELAS2,2508,1.23e-5,508,6,1498,6
CELAS2,2509,1.23e-5,509,6,1498,6
CELAS2,2510,1.23e-5,510,6,1498,6
CELAS2,2511,1.23e-5,511,6,1498,6
CELAS2,2512,1.23e-5,512,6,1498,6
CELAS2,2513,1.23e-5,513,6,1498,6
CELAS2,2514,1.23e-5,514,6,1498,6
CELAS2,2515,1.23e-5,515,6,1498,6
CELAS2,2516,1.23e-5,516,6,1498,6
CELAS2,2517,1.23e-5,517,6,1498,6
CELAS2,2518,1.23e-5,518,6,1498,6
CELAS2,2519,1.23e-5,519,6,1498,6
CELAS2,2520,1.23e-5,520,6,1498,6
CELAS2,2521,1.23e-5,521,6,1498,6
CELAS2,2522,1.23e-5,522,6,1498,6
CELAS2,2523,1.23e-5,523,6,1498,6
CELAS2,2524,1.23e-5,524,6,1498,6
CELAS2,2525,1.23e-5,525,6,1498,6
CELAS2,2526,1.23e-5,526,6,1498,6
CELAS2,2527,1.23e-5,527,6,1498,6
CELAS2,2528,1.23e-5,528,6,1498,6
CELAS2,2529,1.23e-5,529,6,1498,6
CELAS2,2530,1.23e-5,530,6,1498,6
CELAS2,2531,1.23e-5,531,6,1498,6
CELAS2,2532,1.23e-5,532,6,1498,6
CELAS2,2533,1.23e-5,533,6,1498,6
CELAS2,2534,1.23e-5,534,6,1498,6
CELAS2,2535,1.23e-5,535,6,1498,6
CELAS2,2536,1.23e-5,536,6,1498,6
CELAS2,2537,1.23e-5,537,6,1498,6
CELAS2,2538,1.23e-5,538,6,1498,6
CELAS2,2539,1.23e-5,539,6,1498,6
CELAS2,2540,1.23e-5,540,6,1498,6
CELAS2,2541,1.23e-5,541,6,1498,6
CELAS2,2542,1.23e-5,542,6,1498,6
CELAS2,2543,1.23e-5,543,6,1498,6
CELAS2,2544,1.23e-5,544,6,1498,6
CELAS2,2545,1.23e-5,545,6,1498,6
CELAS2,2546,1.23e-5,546,6,1498,6
CELAS2,2547,1.23e-5,547,6,1498,6
CELAS2,2548,1.23e-5,548,6,1498,6
CELAS2,2549,1.23e-5,549,6,1498,6
CELAS2,2550,1.23e-5,550,6,1498,6
CELAS2,2551,1.23e-5,551,6,1498,6
CELAS2,2552,1.23e-5,552,6,1498,6
CELAS2,2553,1.23e-5,553,6,1498,6
CELAS2,2554,1.23e-5,554,6,1498,6
CELAS2,2555,1.23e-5,555,6,1498,6
CELAS2,2556,1.23e-5,556,6,1498,6
CELAS2,2557,1.23e-5,557,6,1498,6
CELAS2,2558,1.23e-5,558,6,1498,6
CELAS2,2559,1.23e-5,559,6,1498,6
CELAS2,2560,1.23e-5,560,6,1498,6
CELAS2,2561,1.23e-5,561,6,1498,6
CELAS2,2562,1.23e-5,562,6,1498,6
CELAS2,2563,1.23e-5,563,6,1498,6
CELAS2,2564,1.23e-5,564,6,1498,6
CELAS2,2565,1.23e-5,565,6,1498,6
CELAS2,2566,1.23e-5,566,6,1498,6
CELAS2,2567,1.23e-5,567,6,1498,6
CELAS2,2568,1.23e-5,568,6,1498,6
CELAS2,2569,1.23e-5,569,6,1498,6
CELAS2,2570,1.23e-5,570,6,1498,6
CELAS2,2571,1.23e-5,571,6,1498,6
CELAS2,2572,1.23e-5,572,6,1498,6
CELAS2,2573,1.23e-5,573,6,1498,6
CELAS2,2574,1.23e-5,574,6,1498,6
CELAS2,2575,1.23e-5,575,6,1498,6
CELAS2,2576,1.23e-5,576,6,1498,6
CELAS2,2577,1.23e-5,577,6,1498,6
CELAS2,2578,1.23e-5,578,6,1498,6
CELAS2,2579,1.23e-5,579,6,1498,6
CELAS2,2580,1.23e-5,580,6,1498,6
CELAS2,2581,1.23e-5,581,6,1498,6
CELAS2,2582,1.23e-5,582,6,1498,6
CELAS2,2583,1.23e-5,583,6,1498,6
CELAS2,2584,1.23e-5,584,6,1498,6
CELAS2,2585,1.23e-5,585,6,1498,6
CELAS2,2586,1.23e-5,586,6,1498,6
CELAS2,2587,1.23e-5,587,6,1498,6
CELAS2,2588,1.23e-5,588,6,1498,6
CELAS2,2589,1.23e-5,589,6,1498,6
CELAS2,2590,1.23e-5,590,6,1498,6
CELAS2,2591,1.23e-5,591,6,1498,6
CELAS2,2592,1.23e-5,592,6,1498,6
CELAS2,2593,1.23e-5,593,6,1498,6
CELAS2,2594,1.23e-5,594,6,1498,6
CELAS2,2595,1.23e-5,595,6,1498,6
CELAS2,2596,1.23e-5,596,6,1498,6
CELAS2,2597,1.23e-5,597,6,1498,6
CELAS2,2598,1.23e-5,598,6,1498,6
CELAS2,2599,1.23e-5,599,6,1498,6
CELAS2,2600,1.23e-5,600,6,1498,6
CELAS2,2601,1.23e-5,601,6,1498,6
CELAS2,2602,1.23e-5,602,6,1498,6
CELAS2,2603,1.23e-5,603,6,1498,6
CELAS2,2604,1.23e-5,604,6,1498,6
CELAS2,2605,1.23e-5,605,6,1498,6
CELAS2,2606,1.23e-5,606,6,1498,6
CELAS2,2607,1.23e-5,607,6,1498,6
CELAS2,2608,1.23e-5,608,6,1498,6
CELAS2,2609,1.23e-5,609,6,1498,6
CELAS2,2610,1.23e-5,610,6,1498,6
CELAS2,2611,1.23e-5,611,6,1498,6
CELAS2,2612,1.23e-5,612,6,1498,6
CELAS2,2613,1.23e-5,613,6,1498,6
CELAS2,2614,1.23e-5,614,6,1498,6
CELAS2,2615,1.23e-5,615,6,1498,6
CELAS2,2616,1.23e-5,616,6,1498,6
CELAS2,2617,1.23e-5,617,6,1498,6
CELAS2,2618,1.23e-5,618,6,1498,6
CELAS2,2619,1.23e-5,619,6,1498,6
CELAS2,2620,1.23e-5,620,6,1498,6
CELAS2,2621,1.23e-5,621,6,1498,6
CELAS2,2622,1.23e-5,622,6,1498,6
CELAS2,2623,1.23e-5,623,6,1498,6
CELAS2,2624,1.23e-5,624,6,1498,6
CELAS2,2625,1.23e-5,625,6,1498,6
CELAS2,2626,1.23e-5,626,6,1498,6
CELAS2,2627,1.23e-5,627,6,1498,6
CELAS2,2628,1.23e-5,628,6,1498,6
CELAS2,2629,1.23e-5,629,6,1498,6
CELAS2,2630,1.23e-5,630,6,1498,6
CELAS2,2631,1.23e-5,631,6,1498,6
CELAS2,2632,1.23e-5,632,6,1498,6
CELAS2,2633,1.23e-5,633,6,1498,6
CELAS2,2634,1.23e-5,634,6,1498,6
CELAS2,2635,1.23e-5,635,6,1498,6
CELAS2,2636,1.23e-5,636,6,1498,6
CELAS2,2637,1.23e-5,637,6,1498,6
CELAS2,2638,1.23e-5,638,6,1498,6
CELAS2,2639,1.23e-5,639,6,1498,6
CELAS2,2640,1.23e-5,640,6,1498,6
CELAS2,2641,1.23e-5,641,6,1498,6
CELAS2,2642,1.23e-5,642,6,1498,6
CELAS2,2643,1.23e-5,643,6,1498,6
CELAS2,2644,1.23e-5,644,6,1498,6
CELAS2,2645,1.23e-5,645,6,1498,6
CELAS2,2646,1.23e-5,646,6,1498,6
CELAS2,2647,1.23e-5,647,6,1498,6
CELAS2,2648,1.23e-5,648,6,1498,6
CELAS2,2649,1.23e-5,649,6,1498,6
CELAS2,2650,1.23e-5,650,6,1498,6
CELAS2,2651,1.23e-5,651,6,1498,6
CELAS2,2652,1.23e-5,652,6,1498,6
CELAS2,2653,1.23e-5,653,6,1498,6
CELAS2,2654,1.23e-5,654,6,1498,6
CELAS2,2655,1.23e-5,655,6,1498,6
CELAS2,2656,1.23e-5,656,6,1498,6
CELAS2,2657,1.23e-5,657,6,1498,6
CELAS2,2658,1.23e-5,658,6,1498,6
CELAS2,2659,1.23e-5,659,6,1498,6
CELAS2,2660,1.23e-5,660,6,1498,6
CELAS2,2661,1.23e-5,661,6,1498,6
CELAS2,2662,1.23e-5,662,6,1498,6
CELAS2,2663,1.23e-5,663,6,1498,6
CELAS2,2664,1.23e-5,664,6,1498,6
CELAS2,2665,1.23e-5,665,6,1498,6
CELAS2,2666,1.23e-5,666,6,1498,6
CELAS2,2667,1.23e-5,667,6,1498,6
CELAS2,2668,1.23e-5,668,6,1498,6
CELAS2,2669,1.23e-5,669,6,1498,6
CELAS2,2670,1.23e-5,670,6,1498,6
CELAS2,2671,1.23e-5,671,6,1498,6
CELAS2,2672,1.23e-5,672,6,1498,6
CELAS2,2673,1.23e-5,673,6,1498,6
CELAS2,2674,1.23e-5,674,6,1498,6
CELAS2,2675,1.23e-5,675,6,1498,6
CELAS2,2676,1.23e-5,676,6,1498,6
CELAS2,2677,1.23e-5,677,6,1498,6
CELAS2,2678,1.23e-5,678,6,1498,6
CELAS2,2679,1.23e-5,679,6,1498,6
CELAS2,2680,1.23e-5,680,6,1498,6
CELAS2,2681,1.23e-5,681,6,1498,6
CELAS2,2682,1.23e-5,682,6,1498,6
CELAS2,2683,1.23e-5,683,6,1498,6
CELAS2,2684,1.23e-5,684,6,1498,6
CELAS2,2685,1.23e-5,685,6,1498,6
CELAS2,2686,1.23e-5,686,6,1498,6
CELAS2,2687,1.23e-5,687,6,1498,6
CELAS2,2688,1.23e-5,688,6,1498,6
CELAS2,2689,1.23e-5,689,6,1498,6
CELAS2,2690,1.23e-5,690,6,1498,6
CELAS2,2691,1.23e-5,691,6,1498,6
CELAS2,2692,1.23e-5,692,6,1498,6
CELAS2,2693,1.23e-5,693,6,1498,6
CELAS2,2694,1.23e-5,694,6,1498,6
CELAS2,2695,1.23e-5,695,6,1498,6
CELAS2,2696,1.23e-5,696,6,1498,6
CELAS2,2697,1.23e-5,697,6,1498,6
CELAS2,2698,1.23e-5,698,6,1498,6
CELAS2,2699,1.23e-5,699,6,1498,6
CELAS2,2700,1.23e-5,700,6,1498,6
CELAS2,2701,1.23e-5,701,6,1498,6
CELAS2,2702,1.23e-5,702,6,1498,6
CELAS2,2703,1.23e-5,703,6,1498,6
CELAS2,2704,1.23e-5,704,6,1498,6
CELAS2,2705,1.23e-5,705,6,1498,6
CELAS2,2706,1.23e-5,706,6,1498,6
CELAS2,2707,1.23e-5,707,6,1498,6
CELAS2,2708,1.23e-5,708,6,1498,6
CELAS2,2709,1.23e-5,709,6,1498,6
CELAS2,2710,1.23e-5,710,6,1498,6
CELAS2,2711,1.23e-5,711,6,1498,6
CELAS2,2712,1.23e-5,712,6,1498,6
CELAS2,2713,1.23e-5,713,6,1498,6
CELAS2,2714,1.23e-5,714,6,1498,6
CELAS2,2715,1.23e-5,715,6,1498,6
CELAS2,2716,1.23e-5,716,6,1498,6
CELAS2,2717,1.23e-5,717,6,1498,6
CELAS2,2718,1.23e-5,718,6,1498,6
CELAS2,2719,1.23e-5,719,6,1498,6
CELAS2,2720,1.23e-5,720,6,1498,6
CELAS2,2721,1.23e-5,721,6,1498,6
CELAS2,2722,1.23e-5,722,6,1498,6
CELAS2,2723,1.23e-5,723,6,1498,6
CELAS2,2724,1.23e-5,724,6,1498,6
CELAS2,2725,1.23e-5,725,6,1498,6
CELAS2,2726,1.23e-5,726,6,1498,6
CELAS2,2727,1.23e-5,727,6,1498,6
CELAS2,2728,1.23e-5,728,6,1498,6
CELAS2,2729,1.23e-5,729,6,1498,6
CELAS2,2730,1.23e-5,730,6,1498,6
CELAS2,2731,1.23e-5,731,6,1498,6
CELAS2,2732,1.23e-5,732,6,1498,6
CELAS2,2733,1.23e-5,733,6,1498,6
CELAS2,2734,1.23e-5,734,6,1498,6
CELAS2,2735,1.23e-5,735,6,1498,6
CELAS2,2736,1.23e-5,736,6,1498,6
CELAS2,2737,1.23e-5,737,6,1498,6
CELAS2,2738,1.23e-5,738,6,1498,6
CELAS2,2739,1.23e-5,739,6,1498,6
CELAS2,2740,1.23e-5,740,6,1498,6
CELAS2,2741,1.23e-5,741,6,1498,6
CELAS2,2742,1.23e-5,742,6,1498,6
CELAS2,2743,1.23e-5,743,6,1498,6
CELAS2,2744,1.23e-5,744,6,1498,6
CELAS2,2745,1.23e-5,745,6,1498,6
CELAS2,2746,1.23e-5,746,6,1498,6
CELAS2,2747,1.23e-5,747,6,1498,6
CELAS2,2748,1.23e-5,748,6,1498,6
CELAS2,2749,1.23e-5,749,6,1498,6
CELAS2,2750,1.23e-5,750,6,1498,6
CELAS2,2751,1.23e-5,751,6,1498,6
CELAS2,2752,1.23e-5,752,6,1498,6
CELAS2,2753,1.23e-5,753,6,1498,6
CELAS2,2754,1.23e-5,754,6,1498,6
CELAS2,2755,1.23e-5,755,6,1498,6
CELAS2,2756,1.23e-5,756,6,1498,6
CELAS2,2757,1.23e-5,757,6,1498,6
CELAS2,2758,1.23e-5,758,6,1498,6
CELAS2,2759,1.23e-5,759,6,1498,6
CELAS2,2760,1.23e-5,760,6,1498,6
CELAS2,2761,1.23e-5,761,6,1498,6
CELAS2,2762,1.23e-5,762,6,1498,6
CELAS2,2763,1.23e-5,763,6,1498,6
CELAS2,2764,1.23e-5,764,6,1498,6
CELAS2,2765,1.23e-5,765,6,1498,6
CELAS2,2766,1.23e-5,766,6,1498,6
CELAS2,2767,1.23e-5,767,6,1498,6
CELAS2,2768,1.23e-5,768,6,1498,6
CELAS2,2769,1.23e-5,769,6,1498,6
CELAS2,2770,1.23e-5,770,6,1498,6
CELAS2,2771,1.23e-5,771,6,1498,6
CELAS2,2772,1.23e-5,772,6,1498,6
CELAS2,2773,1.23e-5,773,6,1498,6
CELAS2,2774,1.23e-5,774,6,1498,6
CELAS2,2775,1.23e-5,775,6,1498,6
CELAS2,2776,1.23e-5,776,6,1498,6
CELAS2,2777,1.23e-5,777,6,1498,6
CELAS2,2778,1.23e-5,778,6,1498,6
CELAS2,2779,1.23e-5,779,6,1498,6
CELAS2,2780,1.23e-5,780,6,1498,6
CELAS2,2781,1.23e-5,781,6,1498,6
CELAS2,2782,1.23e-5,782,6,1498,6
CELAS2,2783,1.23e-5,783,6,1498,6
CELAS2,2784,1.23e-5,784,6,1498,6
CELAS2,2785,1.23e-5,785,6,1498,6
CELAS2,2786,1.23e-5,786,6,1498,6
CELAS2,2787,1.23e-5,787,6,1498,6
CELAS2,2788,1.23e-5,788,6,1498,6
CELAS2,2789,1.23e-5,789,6,1498,6
CELAS2,2790,1.23e-5,790,6,1498,6
CELAS2,2791,1.23e-5,791,6,1498,6
CELAS2,2792,1.23e-5,792,6,1498,6
CELAS2,2793,1.23e-5,793,6,1498,6
CELAS2,2794,1.23e-5,794,6,1498,6
CELAS2,2795,1.23e-5,795,6,1498,6
CELAS2,2796,1.23e-5,796,6,1498,6
CELAS2,2797,1.23e-5,797,6,1498,6
CELAS2,2798,1.23e-5,798,6,1498,6
CELAS2,2799,1.23e-5,799,6,1498,6
CELAS2,2800,1.23e-5,800,6,1498,6
CELAS2,2801,1.23e-5,801,6,1498,6
CELAS2,2802,1.23e-5,802,6,1498,6
CELAS2,2803,1.23e-5,803,6,1498,6
CELAS2,2804,1.23e-5,804,6,1498,6
CELAS2,2805,1.23e-5,805,6,1498,6
CELAS2,2806,1.23e-5,806,6,1498,6
CELAS2,2807,1.23e-5,807,6,1498,6
CELAS2,2808,1.23e-5,808,6,1498,6
CELAS2,2809,1.23e-5,809,6,1498,6
CELAS2,2810,1.23e-5,810,6,1498,6
CELAS2,2811,1.23e-5,811,6,1498,6
CELAS2,2812,1.23e-5,812,6,1498,6
CELAS2,2813,1.23e-5,813,6,1498,6
CELAS2,2814,1.23e-5,814,6,1498,6
CELAS2,2815,1.23e-5,815,6,1498,6
CELAS2,2816,1.23e-5,816,6,1498,6
CELAS2,2817,1.23e-5,817,6,1498,6
CELAS2,2818,1.23e-5,818,6,1498,6
CELAS2,2819,1.23e-5,819,6,1498,6
CELAS2,2820,1.23e-5,820,6,1498,6
CELAS2,2821,1.23e-5,821,6,1498,6
CELAS2,2822,1.23e-5,822,6,1498,6
CELAS2,2823,1.23e-5,823,6,1498,6
CELAS2,2824,1.23e-5,824,6,1498,6
CELAS2,2825,1.23e-5,825,6,1498,6
CELAS2,2826,1.23e-5,826,6,1498,6
CELAS2,2827,1.23e-5,827,6,1498,6
CELAS2,2828,1.23e-5,828,6,1498,6
CELAS2,2829,1.23e-5,829,6,1498,6
CELAS2,2830,1.23e-5,830,6,1498,6
CELAS2,2831,1.23e-5,831,6,1498,6
CELAS2,2832,1.23e-5,832,6,1498,6
CELAS2,2833,1.23e-5,833,6,1498,6
CELAS2,2834,1.23e-5,834,6,1498,6
CELAS2,2835,1.23e-5,835,6,1498,6
CELAS2,2836,1.23e-5,836,6,1498,6
CELAS2,2837,1.23e-5,837,6,1498,6
CELAS2,2838,1.23e-5,838,6,1498,6
CELAS2,2839,1.23e-5,839,6,1498,6
CELAS2,2840,1.23e-5,840,6,1498,6
CELAS2,2841,1.23e-5,841,6,1498,6
CELAS2,2842,1.23e-5,842,6,1498,6
CELAS2,2843,1.23e-5,843,6,1498,6
CELAS2,2844,1.23e-5,844,6,1498,6
CELAS2,2845,1.23e-5,845,6,1498,6
CELAS2,2846,1.23e-5,846,6,1498,6
CELAS2,2847,1.23e-5,847,6,1498,6
CELAS2,2848,1.23e-5,848,6,1498,6
CELAS2,2849,1.23e-5,849,6,1498,6
CELAS2,2850,1.23e-5,850,6,1498,6
CELAS2,2851,1.23e-5,851,6,1498,6
CELAS2,2852,1.23e-5,852,6,1498,6
CELAS2,2853,1.23e-5,853,6,1498,6
CELAS2,2854,1.23e-5,854,6,1498,6
CELAS2,2855,1.23e-5,855,6,1498,6
CELAS2,2856,1.23e-5,856,6,1498,6
CELAS2,2857,1.23e-5,857,6,1498,6
CELAS2,2858,1.23e-5,858,6,1498,6
CELAS2,2859,1.23e-5,859,6,1498,6
CELAS2,2860,1.23e-5,860,6,1498,6
CELAS2,2861,1.23e-5,861,6,1498,6
CELAS2,2862,1.23e-5,862,6,1498,6
CELAS2,2863,1.23e-5,863,6,1498,6
CELAS2,2864,1.23e-5,864,6,1498,6
CELAS2,2865,1.23e-5,865,6,1498,6
CELAS2,2866,1.23e-5,866,6,1498,6
CELAS2,2867,1.23e-5,867,6,1498,6
CELAS2,2868,1.23e-5,868,6,1498,6
CELAS2,2869,1.23e-5,869,6,1498,6
CELAS2,2870,1.23e-5,870,6,1498,6
CELAS2,2871,1.23e-5,871,6,1498,6
CELAS2,2872,1.23e-5,872,6,1498,6
CELAS2,2873,1.23e-5,873,6,1498,6
CELAS2,2874,1.23e-5,874,6,1498,6
CELAS2,2875,1.23e-5,875,6,1498,6
CELAS2,2876,1.23e-5,876,6,1498,6
CELAS2,2877,1.23e-5,877,6,1498,6
CELAS2,2878,1.23e-5,878,6,1498,6
CELAS2,2879,1.23e-5,879,6,1498,6
CELAS2,2880,1.23e-5,880,6,1498,6
CELAS2,2881,1.23e-5,881,6,1498,6
CELAS2,2882,1.23e-5,882,6,1498,6
CELAS2,2883,1.23e-5,883,6,1498,6
CELAS2,2884,1.23e-5,884,6,1498,6
CELAS2,2885,1.23e-5,885,6,1498,6
CELAS2,2886,1.23e-5,886,6,1498,6
CELAS2,2887,1.23e-5,887,6,1498,6
CELAS2,2888,1.23e-5,888,6,1498,6
CELAS2,2889,1.23e-5,889,6,1498,6
CELAS2,2890,1.23e-5,890,6,1498,6
CELAS2,2891,1.23e-5,891,6,1498,6
CELAS2,2892,1.23e-5,892,6,1498,6
CELAS2,2893,1.23e-5,893,6,1498,6
CELAS2,2894,1.23e-5,894,6,1498,6
CELAS2,2895,1.23e-5,895,6,1498,6
CELAS2,2896,1.23e-5,896,6,1498,6
CELAS2,2897,1.23e-5,897,6,1498,6
CELAS2,2898,1.23e-5,898,6,1498,6
CELAS2,2899,1.23e-5,899,6,1498,6
CELAS2,2900,1.23e-5,900,6,1498,6
CELAS2,2901,1.23e-5,901,6,1498,6
CELAS2,2902,1.23e-5,902,6,1498,6
CELAS2,2903,1.23e-5,903,6,1498,6
CELAS2,2904,1.23e-5,904,6,1498,6
CELAS2,2905,1.23e-5,905,6,1498,6
CELAS2,2906,1.23e-5,906,6,1498,6
CELAS2,2907,1.23e-5,907,6,1498,6
CELAS2,2908,1.23e-5,908,6,1498,6
CELAS2,2909,1.23e-5,909,6,1498,6
CELAS2,2910,1.23e-5,910,6,1498,6
CELAS2,2911,1.23e-5,911,6,1498,6
CELAS2,2912,1.23e-5,912,6,1498,6
CELAS2,2913,1.23e-5,913,6,1498,6
CELAS2,2914,1.23e-5,914,6,1498,6
CELAS2,2915,1.23e-5,915,6,1498,6
CELAS2,2916,1.23e-5,916,6,1498,6
CELAS2,2917,1.23e-5,917,6,1498,6
CELAS2,2918,1.23e-5,918,6,1498,6
CELAS2,2919,1.23e-5,919,6,1498,6
CELAS2,2920,1.23e-5,920,6,1498,6
CELAS2,2921,1.23e-5,921,6,1498,6
CELAS2,2922,1.23e-5,922,6,1498,6
CELAS2,2923,1.23e-5,923,6,1498,6
CELAS2,2924,1.23e-5,924,6,1498,6
CELAS2,2925,1.23e-5,925,6,1498,6
CELAS2,2926,1.23e-5,926,6,1498,6
CELAS2,2927,1.23e-5,927,6,1498,6
CELAS2,2928,1.23e-5,928,6,1498,6
CELAS2,2929,1.23e-5,929,6,1498,6
CELAS2,2930,1.23e-5,930,6,1498,6
CELAS2,2931,1.23e-5,931,6,1498,6
CELAS2,2932,1.23e-5,932,6,1498,6
CELAS2,2933,1.23e-5,933,6,1498,6
CELAS2,2934,1.23e-5,934,6,1498,6
CELAS2,2935,1.23e-5,935,6,1498,6
CELAS2,2936,1.23e-5,936,6,1498,6
CELAS2,2937,1.23e-5,937,6,1498,6
CELAS2,2938,1.23e-5,938,6,1498,6
CELAS2,2939,1.23e-5,939,6,1498,6
CELAS2,2940,1.23e-5,940,6,1498,6
CELAS2,2941,1.23e-5,941,6,1498,6
CELAS2,2942,1.23e-5,942,6,1498,6
CELAS2,2943,1.23e-5,943,6,1498,6
CELAS2,2944,1.23e-5,944,6,1498,6
CELAS2,2945,1.23e-5,945,6,1498,6
CELAS2,2946,1.23e-5,946,6,1498,6
CELAS2,2947,1.23e-5,947,6,1498,6
CELAS2,2948,1.23e-5,948,6,1498,6
CELAS2,2949,1.23e-5,949,6,1498,6
CELAS2,2950,1.23e-5,950,6,1498,6
CELAS2,2951,1.23e-5,951,6,1498,6
CELAS2,2952,1.23e-5,952,6,1498,6
CELAS2,2953,1.23e-5,953,6,1498,6
CELAS2,2954,1.23e-5,954,6,1498,6
CELAS2,2955,1.23e-5,955,6,1498,6
CELAS2,2956,1.23e-5,956,6,1498,6
CELAS2,2957,1.23e-5,957,6,1498,6
CELAS2,2958,1.23e-5,958,6,1498,6
CELAS2,2959,1.23e-5,959,6,1498,6
CELAS2,2960,1.23e-5,960,6,1498,6
CELAS2,2961,1.23e-5,961,6,1498,6
CELAS2,2962,1.23e-5,962,6,1498,6
CELAS2,2963,1.23e-5,963,6,1498,6
CELAS2,2964,1.23e-5,964,6,1498,6
CELAS2,2965,1.23e-5,965,6,1498,6
CELAS2,2966,1.23e-5,966,6,1498,6
CELAS2,2967,1.23e-5,967,6,1498,6
CELAS2,2968,1.23e-5,968,6,1498,6
CELAS2,2969,1.23e-5,969,6,1498,6
CELAS2,2970,1.23e-5,970,6,1498,6
CELAS2,2971,1.23e-5,971,6,1498,6
CELAS2,2972,1.23e-5,972,6,1498,6
CELAS2,2973,1.23e-5,973,6,1498,6
CELAS2,2974,1.23e-5,974,6,1498,6
CELAS2,2975,1.23e-5,975,6,1498,6
CELAS2,2976,1.23e-5,976,6,1498,6
CELAS2,2977,1.23e-5,977,6,1498,6
CELAS2,2978,1.23e-5,978,6,1498,6
CELAS2,2979,1.23e-5,979,6,1498,6
CELAS2,2980,1.23e-5,980,6,1498,6
CELAS2,2981,1.23e-5,981,6,1498,6
CELAS2,2982,1.23e-5,982,6,1498,6
CELAS2,2983,1.23e-5,983,6,1498,6
CELAS2,2984,1.23e-5,984,6,1498,6
CELAS2,2985,1.23e-5,985,6,1498,6
CELAS2,2986,1.23e-5,986,6,1498,6
CELAS2,2987,1.23e-5,987,6,1498,6
CELAS2,2988,1.23e-5,988,6,1498,6
CELAS2,2989,1.23e-5,989,6,1498,6
CELAS2,2990,1.23e-5,990,6,1498,6
CELAS2,2991,1.23e-5,991,6,1498,6
CELAS2,2992,1.23e-5,992,6,1498,6
CELAS2,2993,1.23e-5,993,6,1498,6
CELAS2,2994,1.23e-5,994,6,1498,6
CELAS2,2995,1.23e-5,995,6,1498,6
CELAS2,2996,1.23e-5,996,6,1498,6
CELAS2,2997,1.23e-5,997,6,1498,6
CELAS2,2998,1.23e-5,998,6,1498,6
CELAS2,2999,1.23e-5,999,6,1498,6
CELAS2,3000,1.23e-5,1000,6,1498,6
CELAS2,3001,1.23e-5,1001,6,1498,6
CELAS2,3002,1.23e-5,1002,6,1498,6
CELAS2,3003,1.23e-5,1003,6,1498,6
CELAS2,3004,1.23e-5,1004,6,1498,6
CELAS2,3005,1.23e-5,1005,6,1498,6
CELAS2,3006,1.23e-5,1006,6,1498,6
CELAS2,3007,1.23e-5,1007,6,1498,6
CELAS2,3008,1.23e-5,1008,6,1498,6
CELAS2,3009,1.23e-5,1009,6,1498,6
CELAS2,3010,1.23e-5,1010,6,1498,6
CELAS2,3011,1.23e-5,1011,6,1498,6
CELAS2,3012,1.23e-5,1012,6,1498,6
CELAS2,3013,1.23e-5,1013,6,1498,6
CELAS2,3014,1.23e-5,1014,6,1498,6
CELAS2,3015,1.23e-5,1015,6,1498,6
CELAS2,3016,1.23e-5,1016,6,1498,6
CELAS2,3017,1.23e-5,1017,6,1498,6
CELAS2,3018,1.23e-5,1018,6,1498,6
CELAS2,3019,1.23e-5,1019,6,1498,6
CELAS2,3020,1.23e-5,1020,6,1498,6
CELAS2,3021,1.23e-5,1021,6,1498,6
CELAS2,3022,1.23e-5,1022,6,1498,6
CELAS2,3023,1.23e-5,1023,6,1498,6
CELAS2,3024,1.23e-5,1024,6,1498,6
CELAS2,3025,1.23e-5,1025,6,1498,6
CELAS2,3026,1.23e-5,1026,6,1498,6
CELAS2,3027,1.23e-5,1027,6,1498,6
CELAS2,3028,1.23e-5,1028,6,1498,6
CELAS2,3029,1.23e-5,1029,6,1498,6
CELAS2,3030,1.23e-5,1030,6,1498,6
CELAS2,3031,1.23e-5,1031,6,1498,6
CELAS2,3032,1.23e-5,1032,6,1498,6
CELAS2,3033,1.23e-5,1033,6,1498,6
CELAS2,3034,1.23e-5,1034,6,1498,6
CELAS2,3035,1.23e-5,1035,6,1498,6
CELAS2,3036,1.23e-5,1036,6,1498,6
CELAS2,3037,1.23e-5,1037,6,1498,6
CELAS2,3038,1.23e-5,1038,6,1498,6
CELAS2,3039,1.23e-5,1039,6,1498,6
CELAS2,3040,1.23e-5,1040,6,1498,6
CELAS2,3041,1.23e-5,1041,6,1498,6
CELAS2,3042,1.23e-5,1042,6,1498,6
CELAS2,3043,1.23e-5,1043,6,1498,6
CELAS2,3044,1.23e-5,1044,6,1498,6
CELAS2,3045,1.23e-5,1045,6,1498,6
CELAS2,3046,1.23e-5,1046,6,1498,6
CELAS2,3047,1.23e-5,1047,6,1498,6
CELAS2,3048,1.23e-5,1048,6,1498,6
CELAS2,3049,1.23e-5,1049,6,1498,6
CELAS2,3050,1.23e-5,1050,6,1498,6
CELAS2,3051,1.23e-5,1051,6,1498,6
CELAS2,3052,1.23e-5,1052,6,1498,6
CELAS2,3053,1.23e-5,1053,6,1498,6
CELAS2,3054,1.23e-5,1054,6,1498,6
CELAS2,3055,1.23e-5,1055,6,1498,6
CELAS2,3056,1.23e-5,1056,6,1498,6
CELAS2,3057,1.23e-5,1057,6,1498,6
CELAS2,3058,1.23e-5,1058,6,1498,6
CELAS2,3059,1.23e-5,1059,6,1498,6
CELAS2,3060,1.23e-5,1060,6,1498,6
CELAS2,3061,1.23e-5,1061,6,1498,6
CELAS2,3062,1.23e-5,1062,6,1498,6
CELAS2,3063,1.23e-5,1063,6,1498,6
CELAS2,3064,1.23e-5,1064,6,1498,6
CELAS2,3065,1.23e-5,1065,6,1498,6
CELAS2,3066,1.23e-5,1066,6,1498,6
CELAS2,3067,1.23e-5,1067,6,1498,6
CELAS2,3068,1.23e-5,1068,6,1498,6
CELAS2,3069,1.23e-5,1069,6,1498,6
CELAS2,3070,1.23e-5,1070,6,1498,6
CELAS2,3071,1.23e-5,1071,6,1498,6
CELAS2,3072,1.23e-5,1072,6,1498,6
CELAS2,3073,1.23e-5,1073,6,1498,6
CELAS2,3074,1.23e-5,1074,6,1498,6
CELAS2,3075,1.23e-5,1075,6,1498,6
CELAS2,3076,1.23e-5,1076,6,1498,6
CELAS2,3077,1.23e-5,1077,6,1498,6
CELAS2,3078,1.23e-5,1078,6,1498,6
CELAS2,3079,1.23e-5,1079,6,1498,6
CELAS2,3080,1.23e-5,1080,6,1498,6
CELAS2,3081,1.23e-5,1081,6,1498,6
CELAS2,3082,1.23e-5,1082,6,1498,6
CELAS2,3083,1.23e-5,1083,6,1498,6
CELAS2,3084,1.23e-5,1084,6,1498,6
CELAS2,3085,1.23e-5,1085,6,1498,6
CELAS2,3086,1.23e-5,1086,6,1498,6
CELAS2,3087,1.23e-5,1087,6,1498,6
CELAS2,3088,1.23e-5,1088,6,1498,6
CELAS2,3089,1.23e-5,1089,6,1498,6
CELAS2,3090,1.23e-5,1090,6,1498,6
CELAS2,3091,1.23e-5,1091,6,1498,6
CELAS2,3092,1.23e-5,1092,6,1498,6
CELAS2,3093,1.23e-5,1093,6,1498,6
CELAS2,3094,1.23e-5,1094,6,1498,6
CELAS2,3095,1.23e-5,1095,6,1498,6
CELAS2,3096,1.23e-5,1096,6,1498,6
CELAS2,3097,1.23e-5,1097,6,1498,6
CELAS2,3098,1.23e-5,1098,6,1498,6
CELAS2,3099,1.23e-5,1099,6,1498,6
CELAS2,3100,1.23e-5,1100,6,1498,6
CELAS2,3101,1.23e-5,1101,6,1498,6
CELAS2,3102,1.23e-5,1102,6,1498,6
CELAS2,3103,1.23e-5,1103,6,1498,6
CELAS2,3104,1.23e-5,1104,6,1498,6
CELAS2,3105,1.23e-5,1105,6,1498,6
CELAS2,3106,1.23e-5,1106,6,1498,6
CELAS2,3107,1.23e-5,1107,6,1498,6
CELAS2,3108,1.23e-5,1108,6,1498,6
CELAS2,3109,1.23e-5,1109,6,1498,6
CELAS2,3110,1.23e-5,1110,6,1498,6
CELAS2,3111,1.23e-5,1111,6,1498,6
CELAS2,3112,1.23e-5,1112,6,1498,6
CELAS2,3113,1.23e-5,1113,6,1498,6
CELAS2,3114,1.23e-5,1114,6,1498,6
CELAS2,3115,1.23e-5,1115,6,1498,6
CELAS2,3116,1.23e-5,1116,6,1498,6
CELAS2,3117,1.23e-5,1117,6,1498,6
CELAS2,3118,1.23e-5,1118,6,1498,6
CELAS2,3119,1.23e-5,1119,6,1498,6
CELAS2,3120,1.23e-5,1120,6,1498,6
CELAS2,3121,1.23e-5,1121,6,1498,6
CELAS2,3122,1.23e-5,1122,6,1498,6
CELAS2,3123,1.23e-5,1123,6,1498,6
CELAS2,3124,1.23e-5,1124,6,1498,6
CELAS2,3125,1.23e-5,1125,6,1498,6
CELAS2,3126,1.23e-5,1126,6,1498,6
CELAS2,3127,1.23e-5,1127,6,1498,6
CELAS2,3128,1.23e-5,1128,6,1498,6
CELAS2,3129,1.23e-5,1129,6,1498,6
CELAS2,3130,1.23e-5,1130,6,1498,6
CELAS2,3131,1.23e-5,1131,6,1498,6
CELAS2,3132,1.23e-5,1132,6,1498,6
CELAS2,3133,1.23e-5,1133,6,1498,6
CELAS2,3134,1.23e-5,1134,6,1498,6
CELAS2,3135,1.23e-5,1135,6,1498,6
CELAS2,3136,1.23e-5,1136,6,1498,6
CELAS2,3137,1.23e-5,1137,6,1498,6
CELAS2,3138,1.23e-5,1138,6,1498,6
CELAS2,3139,1.23e-5,1139,6,1498,6
CELAS2,3140,1.23e-5,1140,6,1498,6
CELAS2,3141,1.23e-5,1141,6,1498,6
CELAS2,3142,1.23e-5,1142,6,1498,6
CELAS2,3143,1.23e-5,1143,6,1498,6
CELAS2,3144,1.23e-5,1144,6,1498,6
CELAS2,3145,1.23e-5,1145,6,1498,6
CELAS2,3146,1.23e-5,1146,6,1498,6
CELAS2,3147,1.23e-5,1147,6,1498,6
CELAS2,3148,1.23e-5,1148,6,1498,6
CELAS2,3149,1.23e-5,1149,6,1498,6
CELAS2,3150,1.23e-5,1150,6,1498,6
CELAS2,3151,1.23e-5,1151,6,1498,6
CELAS2,3152,1.23e-5,1152,6,1498,6
CELAS2,3153,1.23e-5,1153,6,1498,6
CELAS2,3154,1.23e-5,1154,6,1498,6
CELAS2,3155,1.23e-5,1155,6,1498,6
CELAS2,3156,1.23e-5,1156,6,1498,6
CELAS2,3157,1.23e-5,1157,6,1498,6
CELAS2,3158,1.23e-5,1158,6,1498,6
CELAS2,3159,1.23e-5,1159,6,1498,6
CELAS2,3160,1.23e-5,1160,6,1498,6
CELAS2,3161,1.23e-5,1161,6,1498,6
CELAS2,3162,1.23e-5,1162,6,1498,6
CELAS2,3163,1.23e-5,1163,6,1498,6
CELAS2,3164,1.23e-5,1164,6,1498,6
CELAS2,3165,1.23e-5,1165,6,1498,6
CELAS2,3166,1.23e-5,1166,6,1498,6
CELAS2,3167,1.23e-5,1167,6,1498,6
CELAS2,3168,1.23e-5,1168,6,1498,6
CELAS2,3169,1.23e-5,1169,6,1498,6
CELAS2,3170,1.23e-5,1170,6,1498,6
CELAS2,3171,1.23e-5,1171,6,1498,6
CELAS2,3172,1.23e-5,1172,6,1498,6
CELAS2,3173,1.23e-5,1173,6,1498,6
CELAS2,3174,1.23e-5,1174,6,1498,6
CELAS2,3175,1.23e-5,1175,6,1498,6
CELAS2,3176,1.23e-5,1176,6,1498,6
CELAS2,3177,1.23e-5,1177,6,1498,6
CELAS2,3178,1.23e-5,1178,6,1498,6
CELAS2,3179,1.23e-5,1179,6,1498,6
CELAS2,3180,1.23e-5,1180,6,1498,6
CELAS2,3181,1.23e-5,1181,6,1498,6
CELAS2,3182,1.23e-5,1182,6,1498,6
CELAS2,3183,1.23e-5,1183,6,1498,6
CELAS2,3184,1.23e-5,1184,6,1498,6
CELAS2,3185,1.23e-5,1185,6,1498,6
CELAS2,3186,1.23e-5,1186,6,1498,6
CELAS2,3187,1.23e-5,1187,6,1498,6
CELAS2,3188,1.23e-5,1188,6,1498,6
CELAS2,3189,1.23e-5,1189,6,1498,6
CELAS2,3190,1.23e-5,1190,6,1498,6
CELAS2,3191,1.23e-5,1191,6,1498,6
CELAS2,3192,1.23e-5,1192,6,1498,6
CELAS2,3193,1.23e-5,1193,6,1498,6
CELAS2,3194,1.23e-5,1194,6,1498,6
CELAS2,3195,1.23e-5,1195,6,1498,6
CELAS2,3196,1.23e-5,1196,6,1498,6
CELAS2,3197,1.23e-5,1197,6,1498,6
CELAS2,3198,1.23e-5,1198,6,1498,6
CELAS2,3199,1.23e-5,1199,6,1498,6
CELAS2,3200,1.23e-5,1200,6,1498,6
CELAS2,3201,1.23e-5,1201,6,1498,6
CELAS2,3202,1.23e-5,1202,6,1498,6
CELAS2,3203,1.23e-5,1203,6,1498,6
CELAS2,3204,1.23e-5,1204,6,1498,6
CELAS2,3205,1.23e-5,1205,6,1498,6
CELAS2,3206,1.23e-5,1206,6,1498,6
CELAS2,3207,1.23e-5,1207,6,1498,6
CELAS2,3208,1.23e-5,1208,6,1498,6
CELAS2,3209,1.23e-5,1209,6,1498,6
CELAS2,3210,1.23e-5,1210,6,1498,6
CELAS2,3211,1.23e-5,1211,6,1498,6
CELAS2,3212,1.23e-5,1212,6,1498,6
CELAS2,3213,1.23e-5,1213,6,1498,6
CELAS2,3214,1.23e-5,1214,6,1498,6
CELAS2,3215,1.23e-5,1215,6,1498,6
CELAS2,3216,1.23e-5,1216,6,1498,6
CELAS2,3217,1.23e-5,1217,6,1498,6
CELAS2,3218,1.23e-5,1218,6,1498,6
CELAS2,3219,1.23e-5,1219,6,1498,6
CELAS2,3220,1.23e-5,1220,6,1498,6
CELAS2,3221,1.23e-5,1221,6,1498,6
CELAS2,3222,1.23e-5,1222,6,1498,6
CELAS2,3223,1.23e-5,1223,6,1498,6
CELAS2,3224,1.23e-5,1224,6,1498,6
CELAS2,3225,1.23e-5,1225,6,1498,6
CELAS2,3226,1.23e-5,1226,6,1498,6
CELAS2,3227,1.23e-5,1227,6,1498,6
CELAS2,3228,1.23e-5,1228,6,1498,6
CELAS2,3229,1.23e-5,1229,6,1498,6
CELAS2,3230,1.23e-5,1230,6,1498,6
CELAS2,3231,1.23e-5,1231,6,1498,6
CELAS2,3232,1.23e-5,1232,6,1498,6
CELAS2,3233,1.23e-5,1233,6,1498,6
CELAS2,3234,1.23e-5,1234,6,1498,6
CELAS2,3235,1.23e-5,1235,6,1498,6
CELAS2,3236,1.23e-5,1236,6,1498,6
CELAS2,3237,1.23e-5,1237,6,1498,6
CELAS2,3238,1.23e-5,1238,6,1498,6
CELAS2,3239,1.23e-5,1239,6,1498,6
CELAS2,3240,1.23e-5,1240,6,1498,6
CELAS2,3241,1.23e-5,1241,6,1498,6
CELAS2,3242,1.23e-5,1242,6,1498,6
CELAS2,3243,1.23e-5,1243,6,1498,6
CELAS2,3244,1.23e-5,1244,6,1498,6
CELAS2,3245,1.23e-5,1245,6,1498,6
CELAS2,3246,1.23e-5,1246,6,1498,6
CELAS2,3247,1.23e-5,1247,6,1498,6
CELAS2,3248,1.23e-5,1248,6,1498,6
CELAS2,3249,1.23e-5,1249,6,1498,6
CELAS2,3250,1.23e-5,1250,6,1498,6
CELAS2,3251,1.23e-5,1251,6,1498,6
CELAS2,3252,1.23e-5,1252,6,1498,6
CELAS2,3253,1.23e-5,1253,6,1498,6
CELAS2,3254,1.23e-5,1254,6,1498,6
CELAS2,3255,1.23e-5,1255,6,1498,6
CELAS2,3256,1.23e-5,1256,6,1498,6
CELAS2,3257,1.23e-5,1257,6,1498,6
CELAS2,3258,1.23e-5,1258,6,1498,6
CELAS2,3259,1.23e-5,1259,6,1498,6
CELAS2,3260,1.23e-5,1260,6,1498,6
CELAS2,3261,1.23e-5,1261,6,1498,6
CELAS2,3262,1.23e-5,1262,6,1498,6
CELAS2,3263,1.23e-5,1263,6,1498,6
CELAS2,3264,1.23e-5,1264,6,1498,6
CELAS2,3265,1.23e-5,1265,6,1498,6
CELAS2,3266,1.23e-5,1266,6,1498,6
CELAS2,3267,1.23e-5,1267,6,1498,6
CELAS2,3268,1.23e-5,1268,6,1498,6
CELAS2,3269,1.23e-5,1269,6,1498,6
CELAS2,3270,1.23e-5,1270,6,1498,6
CELAS2,3271,1.23e-5,1271,6,1498,6
CELAS2,3272,1.23e-5,1272,6,1498,6
CELAS2,3273,1.23e-5,1273,6,1498,6
CELAS2,3274,1.23e-5,1274,6,1498,6
CELAS2,3275,1.23e-5,1275,6,1498,6
CELAS2,3276,1.23e-5,1276,6,1498,6
CELAS2,3277,1.23e-5,1277,6,1498,6
CELAS2,3278,1.23e-5,1278,6,1498,6
CELAS2,3279,1.23e-5,1279,6,1498,6
CELAS2,3280,1.23e-5,1280,6,1498,6
CELAS2,3281,1.23e-5,1281,6,1498,6
CELAS2,3282,1.23e-5,1282,6,1498,6
CELAS2,3283,1.23e-5,1283,6,1498,6
CELAS2,3284,1.23e-5,1284,6,1498,6
CELAS2,3285,1.23e-5,1285,6,1498,6
CELAS2,3286,1.23e-5,1286,6,1498,6
CELAS2,3287,1.23e-5,1287,6,1498,6
CELAS2,3288,1.23e-5,1288,6,1498,6
CELAS2,3289,1.23e-5,1289,6,1498,6
CELAS2,3290,1.23e-5,1290,6,1498,6
CELAS2,3291,1.23e-5,1291,6,1498,6
CELAS2,3292,1.23e-5,1292,6,1498,6
CELAS2,3293,1.23e-5,1293,6,1498,6
CELAS2,3294,1.23e-5,1294,6,1498,6
CELAS2,3295,1.23e-5,1295,6,1498,6
CELAS2,3296,1.23e-5,1296,6,1498,6
CELAS2,3297,1.23e-5,1297,6,1498,6
CELAS2,3298,1.23e-5,1298,6,1498,6
CELAS2,3299,1.23e-5,1299,6,1498,6
CELAS2,3300,1.23e-5,1300,6,1498,6
CELAS2,3301,1.23e-5,1301,6,1498,6
CELAS2,3302,1.23e-5,1302,6,1498,6
CELAS2,3303,1.23e-5,1303,6,1498,6
CELAS2,3304,1.23e-5,1304,6,1498,6
CELAS2,3305,1.23e-5,1305,6,1498,6
CELAS2,3306,1.23e-5,1306,6,1498,6
CELAS2,3307,1.23e-5,1307,6,1498,6
CELAS2,3308,1.23e-5,1308,6,1498,6
CELAS2,3309,1.23e-5,1309,6,1498,6
CELAS2,3310,1.23e-5,1310,6,1498,6
CELAS2,3311,1.23e-5,1311,6,1498,6
CELAS2,3312,1.23e-5,1312,6,1498,6
CELAS2,3313,1.23e-5,1313,6,1498,6
CELAS2,3314,1.23e-5,1314,6,1498,6
CELAS2,3315,1.23e-5,1315,6,1498,6
CELAS2,3316,1.23e-5,1316,6,1498,6
CELAS2,3317,1.23e-5,1317,6,1498,6
CELAS2,3318,1.23e-5,1318,6,1498,6
CELAS2,3319,1.23e-5,1319,6,1498,6
CELAS2,3320,1.23e-5,1320,6,1498,6
CELAS2,3321,1.23e-5,1321,6,1498,6
CELAS2,3322,1.23e-5,1322,6,1498,6
CELAS2,3323,1.23e-5,1323,6,1498,6
CELAS2,3324,1.23e-5,1324,6,1498,6
CELAS2,3325,1.23e-5,1325,6,1498,6
CELAS2,3326,1.23e-5,1326,6,1498,6
CELAS2,3327,1.23e-5,1327,6,1498,6
CELAS2,3328,1.23e-5,1328,6,1498,6
CELAS2,3329,1.23e-5,1329,6,1498,6
CELAS2,3330,1.23e-5,1330,6,1498,6
CELAS2,3331,1.23e-5,1331,6,1498,6
CELAS2,3332,1.23e-5,1332,6,1498,6
CELAS2,3333,1.23e-5,1333,6,1498,6
CELAS2,3334,1.23e-5,1334,6,1498,6
CELAS2,3335,1.23e-5,1335,6,1498,6
CELAS2,3336,1.23e-5,1336,6,1498,6
CELAS2,3337,1.23e-5,1337,6,1498,6
CELAS2,3338,1.23e-5,1338,6,1498,6
CELAS2,3339,1.23e-5,1339,6,1498,6
CELAS2,3340,1.23e-5,1340,6,1498,6
CELAS2,3341,1.23e-5,1341,6,1498,6
CELAS2,3342,1.23e-5,1342,6,1498,6
CELAS2,3343,1.23e-5,1343,6,1498,6
CELAS2,3344,1.23e-5,1344,6,1498,6
CELAS2,3345,1.23e-5,1345,6,1498,6
CELAS2,3346,1.23e-5,1346,6,1498,6
CELAS2,3347,1.23e-5,1347,6,1498,6
CELAS2,3348,1.23e-5,1348,6,1498,6
CELAS2,3349,1.23e-5,1349,6,1498,6
CELAS2,3350,1.23e-5,1350,6,1498,6
CELAS2,3351,1.23e-5,1351,6,1498,6
CELAS2,3352,1.23e-5,1352,6,1498,6
CELAS2,3353,1.23e-5,1353,6,1498,6
CELAS2,3354,1.23e-5,1354,6,1498,6
CELAS2,3355,1.23e-5,1355,6,1498,6
CELAS2,3356,1.23e-5,1356,6,1498,6
CELAS2,3357,1.23e-5,1357,6,1498,6
CELAS2,3358,1.23e-5,1358,6,1498,6
CELAS2,3359,1.23e-5,1359,6,1498,6
CELAS2,3360,1.23e-5,1360,6,1498,6
CELAS2,3361,1.23e-5,1361,6,1498,6
CELAS2,3362,1.23e-5,1362,6,1498,6
CELAS2,3363,1.23e-5,1363,6,1498,6
CELAS2,3364,1.23e-5,1364,6,1498,6
CELAS2,3365,1.23e-5,1365,6,1498,6
CELAS2,3366,1.23e-5,1366,6,1498,6
CELAS2,3367,1.23e-5,1367,6,1498,6
CELAS2,3368,1.23e-5,1368,6,1498,6
CELAS2,3369,1.23e-5,1369,6,1498,6
CELAS2,3370,1.23e-5,1370,6,1498,6
CELAS2,3371,1.23e-5,1371,6,1498,6
CELAS2,3372,1.23e-5,1372,6,1498,6
CELAS2,3373,1.23e-5,1373,6,1498,6
CELAS2,3374,1.23e-5,1374,6,1498,6
CELAS2,3375,1.23e-5,1375,6,1498,6
CELAS2,3376,1.23e-5,1376,6,1498,6
CELAS2,3377,1.23e-5,1377,6,1498,6
CELAS2,3378,1.23e-5,1378,6,1498,6
CELAS2,3379,1.23e-5,1379,6,1498,6
CELAS2,3380,1.23e-5,1380,6,1498,6
CELAS2,3381,1.23e-5,1381,6,1498,6
CELAS2,3382,1.23e-5,1382,6,1498,6
CELAS2,3383,1.23e-5,1383,6,1498,6
CELAS2,3384,1.23e-5,1384,6,1498,6
CELAS2,3385,1.23e-5,1385,6,1498,6
CELAS2,3386,1.23e-5,1386,6,1498,6
CELAS2,3387,1.23e-5,1387,6,1498,6
CELAS2,3388,1.23e-5,1388,6,1498,6
CELAS2,3389,1.23e-5,1389,6,1498,6
CELAS2,3390,1.23e-5,1390,6,1498,6
CELAS2,3391,1.23e-5,1391,6,1498,6
CELAS2,3392,1.23e-5,1392,6,1498,6
CELAS2,3393,1.23e-5,1393,6,1498,6
CELAS2,3394,1.23e-5,1394,6,1498,6
CELAS2,3395,1.23e-5,1395,6,1498,6
CELAS2,3396,1.23e-5,1396,6,1498,6
CELAS2,3397,1.23e-5,1397,6,1498,6
CELAS2,3398,1.23e-5,1398,6,1498,6
CELAS2,3399,1.23e-5,1399,6,1498,6
CELAS2,3400,1.23e-5,1400,6,1498,6
CELAS2,3401,1.23e-5,1401,6,1498,6
CELAS2,3402,1.23e-5,1402,6,1498,6
CELAS2,3403,1.23e-5,1403,6,1498,6
CELAS2,3404,1.23e-5,1404,6,1498,6
CELAS2,3405,1.23e-5,1405,6,1498,6
CELAS2,3406,1.23e-5,1406,6,1498,6
CELAS2,3407,1.23e-5,1407,6,1498,6
CELAS2,3408,1.23e-5,1408,6,1498,6
CELAS2,3409,1.23e-5,1409,6,1498,6
CELAS2,3410,1.23e-5,1410,6,1498,6
CELAS2,3411,1.23e-5,1411,6,1498,6
CELAS2,3412,1.23e-5,1412,6,1498,6
CELAS2,3413,1.23e-5,1413,6,1498,6
CELAS2,3414,1.23e-5,1414,6,1498,6
CELAS2,3415,1.23e-5,1415,6,1498,6
CELAS2,3416,1.23e-5,1416,6,1498,6
CELAS2,3417,1.23e-5,1417,6,1498,6
CELAS2,3418,1.23e-5,1418,6,1498,6
CELAS2,3419,1.23e-5,1419,6,1498,6
CELAS2,3420,1.23e-5,1420,6,1498,6
CELAS2,3421,1.23e-5,1421,6,1498,6
CELAS2,3422,1.23e-5,1422,6,1498,6
CELAS2,3423,1.23e-5,1423,6,1498,6
CELAS2,3424,1.23e-5,1424,6,1498,6
CELAS2,3425,1.23e-5,1425,6,1498,6
CELAS2,3426,1.23e-5,1426,6,1498,6
CELAS2,3427,1.23e-5,1427,6,1498,6
CELAS2,3428,1.23e-5,1428,6,1498,6
CELAS2,3429,1.23e-5,1429,6,1498,6
CELAS2,3430,1.23e-5,1430,6,1498,6
CELAS2,3431,1.23e-5,1431,6,1498,6
CELAS2,3432,1.23e-5,1432,6,1498,6
CELAS2,3433,1.23e-5,1433,6,1498,6
CELAS2,3434,1.23e-5,1434,6,1498,6
CELAS2,3435,1.23e-5,1435,6,1498,6
CELAS2,3436,1.23e-5,1436,6,1498,6
CELAS2,3437,1.23e-5,1437,6,1498,6
CELAS2,3438,1.23e-5,1438,6,1498,6
CELAS2,3439,1.23e-5,1439,6,1498,6
CELAS2,3440,1.23e-5,1440,6,1498,6
CELAS2,3441,1.23e-5,1441,6,1498,6
CELAS2,3442,1.23e-5,1442,6,1498,6
CELAS2,3443,1.23e-5,1443,6,1498,6
CELAS2,3444,1.23e-5,1444,6,1498,6
CELAS2,3445,1.23e-5,1445,6,1498,6
CELAS2,3446,1.23e-5,1446,6,1498,6
CELAS2,3447,1.23e-5,1447,6,1498,6
CELAS2,3448,1.23e-5,1448,6,1498,6
CELAS2,3449,1.23e-5,1449,6,1498,6
CELAS2,3450,1.23e-5,1450,6,1498,6
CELAS2,3451,1.23e-5,1451,6,1498,6
CELAS2,3452,1.23e-5,1452,6,1498,6
CELAS2,3453,1.23e-5,1453,6,1498,6
CELAS2,3454,1.23e-5,1454,6,1498,6
CELAS2,3455,1.23e-5,1455,6,1498,6
CELAS2,3456,1.23e-5,1456,6,1498,6
CELAS2,3457,1.23e-5,1457,6,1498,6
CELAS2,3458,1.23e-5,1458,6,1498,6
CELAS2,3459,1.23e-5,1459,6,1498,6
CELAS2,3460,1.23e-5,1460,6,1498,6
CELAS2,3461,1.23e-5,1461,6,1498,6
CELAS2,3462,1.23e-5,1462,6,1498,6
CELAS2,3463,1.23e-5,1463,6,1498,6
CELAS2,3464,1.23e-5,1464,6,1498,6
CELAS2,3465,1.23e-5,1465,6,1498,6
CELAS2,3466,1.23e-5,1466,6,1498,6
CELAS2,3467,1.23e-5,1467,6,1498,6
CELAS2,3468,1.23e-5,1468,6,1498,6
CELAS2,3469,1.23e-5,1469,6,1498,6
CELAS2,3470,1.23e-5,1470,6,1498,6
CELAS2,3471,1.23e-5,1471,6,1498,6
CELAS2,3472,1.23e-5,1472,6,1498,6
CELAS2,3473,1.23e-5,1473,6,1498,6
CELAS2,3474,1.23e-5,1474,6,1498,6
CELAS2,3475,1.23e-5,1475,6,1498,6
CELAS2,3476,1.23e-5,1476,6,1498,6
CELAS2,3477,1.23e-5,1477,6,1498,6
CELAS2,3478,1.23e-5,1478,6,1498,6
CELAS2,3479,1.23e-5,1479,6,1498,6
CELAS2,3480,1.23e-5,1480,6,1498,6
CELAS2,3481,1.23e-5,1481,6,1498,6
CELAS2,3482,1.23e-5,1482,6,1498,6
CELAS2,3483,1.23e-5,1483,6,1498,6
CELAS2,3484,1.23e-5,1484,6,1498,6
CELAS2,3485,1.23e-5,1485,6,1498,6
CELAS2,3486,1.23e-5,1486,6,1498,6
CELAS2,3487,1.23e-5,1487,6,1498,6
CELAS2,3488,1.23e-5,1488,6,1498,6
CELAS2,3489,1.23e-5,1489,6,1498,6
CELAS2,3490,1.23e-5,1490,6,1498,6
CELAS2,3491,1.23e-5,1491,6,1498,6
CELAS2,3492,1.23e-5,1492,6,1498,6
CELAS2,3493,1.23e-5,1493,6,1498,6
CELAS2,3494,1.23e-5,1494,6,1498,6
CELAS2,3495,1.23e-5,1495,6,1498,6
CELAS2,3496,1.23e-5,1496,6,1498,6
CELAS2,3497,1.23e-5,1497,6,1498,6

ENDDATA 
