$ Generated by Mecway 33
$-----------------------EXECUTIVE CONTROL SECTION-----------------------
SOL 101
CEND
$-------------------------CASE CONTROL SECTION--------------------------
DISPLACEMENT = ALL
SPCFORCES = ALL
MPCFORCES = ALL
STRESS(CORNER) = ALL
SPC = 1
LOAD = 1
BEGIN BULK
$---------------------------BULK DATA SECTION---------------------------
GRID*                  1               0-7.07106781187-5-7.07106781187-5*
*                  0.0+0               0
GRID*                  2               0-9.69289775325-5 2.45921392826-5*
*                  0.0+0               0
GRID*                  3               0-3.01392452067-5 9.53500178205-5*
*                  0.0+0               0
GRID*                  4               0 7.00337133392-5 7.13812229927-5*
*                  0.0+0               0
GRID*                  5               0 9.59217251547-5-2.82669885795-5*
*                  0.0+0               0
GRID*                  6               0  2.4044997861-5-9.70661531012-5*
*                  0.0+0               0
GRID*                  7               0-7.07106781187-5-7.07106781187-5*
*                  4.0-4               0
GRID*                  8               0-9.65729527554-5 2.59550533827-5*
*                  4.0-4               0
GRID*                  9               0 -2.5955052569-5 9.65729529741-5*
*                  4.0-4               0
GRID*                 10               0 7.07106787738-5 7.07106774636-5*
*                  4.0-4               0
GRID*                 11               0 9.65729525857-5-2.59550540141-5*
*                  4.0-4               0
GRID*                 12               0 2.59550526672-5-9.65729529477-5*
*                  4.0-4               0
GRID*                 13               0-7.27793619738-7-3.75228015804-7*
*                  0.0+0               0
GRID*                 14               0    1.2307119-13   -2.7600399-13*
*                  4.0-4               0
GRID*                 15               0  -9.842925967-5-1.76544850055-5*
*                  1.0-4               0
GRID*                 16               0 2.51015941366-5 9.67982952939-5*
*                  1.0-4               0
GRID*                 17               0-2.68090312692-5-9.63393784618-5*
*                  1.0-4               0
GRID*                 18               0 9.73747899855-5 2.27629144725-5*
*                  1.0-4               0
GRID*                 19               0-9.72966481241-5-2.30946371222-5*
*        3.14523805246-4               0
GRID*                 20               0 1.18665582508-5 9.92934277547-5*
*        2.84087741487-4               0
GRID*                 21               0-2.11529788955-5-9.77371550837-5*
*        3.11655402557-4               0
GRID*                 22               0 9.60893782522-5 2.76917205516-5*
*        2.92749884801-4               0
GRID*                 23               0-6.40471842844-5 7.67981652466-5*
*                  1.0-4               0
GRID*                 24               0 6.40037659772-5-7.68343539098-5*
*                  1.0-4               0
GRID*                 25               0-7.71325353973-5 6.36441040724-5*
*        3.21049539217-4               0
GRID*                 26               0 7.64796024384-5-6.44272489779-5*
*        2.99568242094-4               0
GRID*                 27               0 6.53463630175-5 7.56957914311-5*
*        1.90092057404-4               0
GRID*                 28               0-1.74071863916-5 9.84732951715-5*
*        1.74059834941-4               0
GRID*                 29               0-6.87132837476-5 -7.2653180499-5*
*        2.42051112305-4               0
GRID*                 30               0-7.81814547086-5-6.23511037565-5*
*        1.62819962206-4               0
GRID*                 31               0 9.74471963852-5 -2.2450922401-5*
*         1.9527471587-4               0
GRID*                 32               0-8.89315108303-5 4.57294913753-5*
*        2.08025191878-4               0
GRID*                 33               0 1.76408299644-5-9.84317078901-5*
*        2.00050641523-4               0
GRID*                 34               0-2.19565594784-5 4.33966785986-6*
*        2.47499473993-4               0
GRID*                 35               0 4.38673932983-5-1.00011578688-5*
*        2.50360872762-4               0
GRID*                 36               0-2.76006519267-5 1.96103149311-5*
*        1.58870880009-4               0
GRID*                 37               0 4.09054100147-5 -2.0992394204-6*
*        1.61173691633-4               0
GRID*                 38               0  4.0725654968-5-7.72066175406-6*
*        3.31112168016-4               0
GRID*                 39               0-4.05988137277-6-1.62657940968-5*
*                  1.0-4               0
GRID*                 40               0-9.63880030446-5-2.66336792253-5*
*                  0.0+0               0
GRID*                 41               0-7.26682897375-5 6.86973046532-5*
*                  0.0+0               0
GRID*                 42               0  2.3354174185-5 9.72346777037-5*
*                  0.0+0               0
GRID*                 43               0 9.67551173052-5 2.52675142281-5*
*                  0.0+0               0
GRID*                 44               0  6.9193732839-5-7.21957570485-5*
*                  0.0+0               0
GRID*                 45               0-2.69045710841-5-9.63127408746-5*
*                  0.0+0               0
GRID*                 46               0-9.65729529025-5-2.59550528355-5*
*                  4.0-4               0
GRID*                 47               0-7.07106778308-5 7.07106784065-5*
*                  4.0-4               0
GRID*                 48               0 2.59550537054-5 9.65729526687-5*
*                  4.0-4               0
GRID*                 49               0 9.65729531118-5 2.59550520568-5*
*                  4.0-4               0
GRID*                 50               0 7.07106776422-5-7.07106785951-5*
*                  4.0-4               0
GRID*                 51               0-2.59550531933-5-9.65729528063-5*
*                  4.0-4               0
GRID*                 52               0-4.79617894605-5 1.18885889545-5*
*                  0.0+0               0
GRID*                 53               0-3.57192368099-5-3.55429540079-5*
*                  0.0+0               0
GRID*                 54               0 1.14403414023-5-4.78396038386-5*
*                  0.0+0               0
GRID*                 55               0-1.52335098096-5 4.68546345549-5*
*                  0.0+0               0
GRID*                 56               0 3.45883023923-5  3.5437095955-5*
*                  0.0+0               0
GRID*                 57               0 4.68675322447-5-1.41061529367-5*
*                  0.0+0               0
GRID*                 58               0-3.53553399385-5 -3.5355340138-5*
*                  4.0-4               0
GRID*                 59               0-4.74626497739-5 1.27561140225-5*
*                  4.0-4               0
GRID*                 60               0-1.27561136919-5 4.74626497784-5*
*                  4.0-4               0
GRID*                 61               0 1.27561138641-5-4.74626500447-5*
*                  4.0-4               0
GRID*                 62               0 3.53553403239-5 3.53553394693-5*
*                  4.0-4               0
GRID*                 63               0 4.74626498342-5-1.27561146143-5*
*                  4.0-4               0
GRID*                 64               0-8.82906103628-5-4.69549584364-5*
*        4.44851426311-5               0
GRID*                 65               0-9.99156671984-5 4.10602585175-6*
*        4.44851426311-5               0
GRID*                 66               0-3.50033027999-6 9.99387196633-5*
*        4.53476478374-5               0
GRID*                 67               0 4.95899442857-5 8.68379952886-5*
*        4.53476478374-5               0
GRID*                 68               0-4.07585125554-7-9.99991693684-5*
*          4.533680846-5               0
GRID*                 69               0-5.07226889353-5-8.61812556602-5*
*          4.533680846-5               0
GRID*                 70               0 8.62255915581-5 5.06472838409-5*
*        4.68449130054-5               0
GRID*                 71               0 9.99343350645-5 -3.6233513786-6*
*        4.68449130054-5               0
GRID*                 72               0-9.99736486332-5 2.29555635111-6*
*        3.57261902623-4               0
GRID*                 73               0-8.70655016357-5-4.91894137485-5*
*        3.57261902623-4               0
GRID*                 74               0 4.65004669545-5 8.85308227287-5*
*        3.42043870744-4               0
GRID*                 75               0-7.45234082991-6 9.97219264563-5*
*        3.42043870744-4               0
GRID*                 76               0 -4.8391035495-5-8.75117574027-5*
*        3.55827701278-4               0
GRID*                 77               0 3.18962167883-6-9.99491186232-5*
*        3.55827701278-4               0
GRID*                 78               0 9.99998631928-5-1.65412888448-7*
*          3.463749424-4               0
GRID*                 79               0 8.59648021549-5 5.10886757556-5*
*          3.463749424-4               0
GRID*                 80               0-7.96705291899-5-6.04367998707-5*
*                  1.0-4               0
GRID*                 81               0 7.77129124922-5  6.2934118187-5*
*                  1.0-4               0
GRID*                 82               0 5.77258690902-5 8.16561328853-5*
*        2.88418813144-4               0
GRID*                 83               0 -6.2575404139-5-7.80020435427-5*
*        3.13089603901-4               0
GRID*                 84               0-8.55107483648-5 5.18450760835-5*
*         4.6782954009-5               0
GRID*                 85               0 -4.7513355456-5 8.79913691979-5*
*         4.6782954009-5               0
GRID*                 86               0 -2.6037827488-5  9.6550668251-5*
*                  1.0-4               0
GRID*                 87               0 8.44072651091-5-5.36228831452-5*
*        4.78939010145-5               0
GRID*                 88               0 4.44636960734-5-8.95710875869-5*
*        4.78939010145-5               0
GRID*                 89               0-2.98150163046-5 9.54518978479-5*
*        3.02568640352-4               0
GRID*                 90               0-5.26687916026-5 8.50058726861-5*
*        3.60524769609-4               0
GRID*                 91               0-8.92025039155-5 4.51985983766-5*
*        3.60524769609-4               0
GRID*                 92               0 5.23333844593-5-8.52127741071-5*
*        3.49784121047-4               0
GRID*                 93               0 8.89715190973-5-4.56516022667-5*
*        3.49784121047-4               0
GRID*                 94               0-9.63725980111-5 2.66893677818-5*
*                  1.0-4               0
GRID*                 95               0 2.53539231583-5 -9.6732510463-5*
*                  1.0-4               0
GRID*                 96               0 9.67453340422-5-2.53049469683-5*
*        2.96159063447-4               0
GRID*                 97               0-9.64181560026-5 2.65243132439-5*
*        3.17786672232-4               0
GRID*                 98               0 8.49437651337-5 5.27688995992-5*
*        2.41420971102-4               0
GRID*                 99               0 3.93075528632-5 9.19506187467-5*
*        2.37089899445-4               0
GRID*                100               0-4.27860462608-5 9.03844801134-5*
*         1.3381287148-4               0
GRID*                101               0 4.47665862513-6 9.98997473848-5*
*        1.32377565308-4               0
GRID*                102               0 9.70825025788-5-2.39789009972-5*
*                  1.0-4               0
GRID*                103               0 2.47315236417-5-9.68935072044-5*
*        3.05611822325-4               0
GRID*                104               0-8.71547959303-5-4.90310263644-5*
*        2.78287458775-4               0
GRID*                105               0-4.58721776433-5-8.88579952411-5*
*        2.76853257431-4               0
GRID*                106               0-5.36202910312-5-8.44089117909-5*
*        1.26746789563-4               0
GRID*                107               0-9.14845029214-5-4.03805117008-5*
*        1.25895123734-4               0
GRID*                108               0 8.92496174009-5-4.51054962704-5*
*        2.47421478982-4               0
GRID*                109               0 9.99396523443-5 3.47359889654-6*
*        2.44012300335-4               0
GRID*                110               0 2.98026391214-5 9.54557630602-5*
*        1.82075946172-4               0
GRID*                111               0-2.22995459797-6 9.99751334207-5*
*        2.29073788214-4               0
GRID*                112               0-3.39796601383-5 9.40498947202-5*
*        2.46056466683-4               0
GRID*                113               0-8.35180196502-5 5.49976398922-5*
*        2.64537365548-4               0
GRID*                114               0-9.94865343036-5 1.01207456376-5*
*        2.61274498562-4               0
GRID*                115               0 -5.5619167253-5 8.31054043614-5*
*         1.9104251341-4               0
GRID*                116               0 4.28577637924-5-9.03504957525-5*
*        1.47919221776-4               0
GRID*                117               0-5.23715506866-6-9.98627668693-5*
*        1.45362129221-4               0
GRID*                118               0 4.57681668027-5 8.89116128946-5*
*        1.40393676539-4               0
GRID*                119               0-3.20705475164-5-9.47178968411-5*
*        2.21050876914-4               0
GRID*                120               0 -2.3915075756-6-9.99713993676-5*
*         2.5585302204-4               0
GRID*                121               0 9.71291956066-5 2.37890596875-5*
*        1.92683386637-4               0
GRID*                122               0 4.83602128698-5-8.75287941833-5*
*        2.49809441808-4               0
GRID*                123               0-9.99954381034-5 9.55174599422-7*
*        2.25038152092-4               0
GRID*                124               0 8.43856060373-5 5.36569612791-5*
*        1.41890941707-4               0
GRID*                125               0 6.11693713352-5 -7.9109468526-5*
*        1.97662678697-4               0
GRID*                126               0 9.99950540799-5 9.94565012009-7*
*        1.44482270941-4               0
GRID*                127               0 8.61112472267-5-5.08414506191-5*
*         1.4553125895-4               0
GRID*                128               0-7.76955919749-5 6.29555000589-5*
*        1.50795549948-4               0
GRID*                129               0-9.91395971606-5 1.30897010976-5*
*         1.4849773857-4               0
GRID*                130               0-4.45936870763-5-8.95064415165-5*
*        1.81435301864-4               0
GRID*                131               0-9.83850462057-5-1.78992369417-5*
*        1.85422577042-4               0
GRID*                132               0-7.36591012171-5-6.76338436575-5*
*        2.02435537256-4               0
GRID*                133               0-1.35479708935-5-4.75651372784-5*
*          4.533680846-5               0
GRID*                134               0-4.86414795833-5-8.84678572203-6*
*        4.44851426311-5               0
GRID*                135               0-5.48750567129-5 2.47420050904-5*
*        2.27762332936-4               0
GRID*                136               0 -4.5158776242-5-3.39705110881-5*
*        2.44775293149-4               0
GRID*                137               0-4.94541248055-5 -2.8515338363-5*
*          2.051597181-4               0
GRID*                138               0 6.62255624513-6-5.64118075194-5*
*        1.50393197966-4               0
GRID*                139               0-1.58302666497-5 1.67226041716-6*
*        1.29803317209-4               0
GRID*                140               0  1.8422764321-5-9.18251675861-6*
*        1.30954723021-4               0
GRID*                141               0-5.14782903183-6-3.84737530054-5*
*        1.79460760766-4               0
GRID*                142               0 2.91052019389-5-4.93285301812-5*
*        1.80612166578-4               0
GRID*                143               0 6.65237904399-6 8.75553775538-6*
*        1.60022285821-4               0
GRID*                144               0-5.76971029371-5 3.23773286261-5*
*        1.83448035943-4               0
GRID*                145               0-2.23386344471-5 5.81067814426-5*
*        1.66465357475-4               0
GRID*                146               0-4.53860903409-5 4.76792463768-5*
*        1.26218394013-4               0
GRID*                147               0 4.74144588233-5 1.09813407398-5*
*        4.68449130054-5               0
GRID*                148               0 3.11985609728-5-3.80772758818-5*
*        4.78939010145-5               0
GRID*                149               0-4.77457107143-5-1.13330715826-5*
*        3.57261902623-4               0
GRID*                150               0-5.03075234599-5-1.67920687625-5*
*                  1.0-4               0
GRID*                151               0-4.05057857526-5-3.88180693414-5*
*        1.31777858307-4               0
GRID*                152               0  -1.521401477-5-5.55104203189-5*
*                  1.0-4               0
GRID*                153               0 6.82310606406-5 1.01193350375-5*
*        1.27431758822-4               0
GRID*                154               0 6.82617333196-5-1.20643725663-5*
*        1.78224203752-4               0
GRID*                155               0 5.27424352235-5 3.63540944514-5*
*        1.75632874518-4               0
GRID*                156               0 9.98810016661-6-5.17966682495-5*
*        3.21383785286-4               0
GRID*                157               0 3.31189412865-5-5.13229807837-5*
*        3.65556084008-4               0
GRID*                158               0 5.81002008204-5-3.56507046525-5*
*        3.15340205055-4               0
GRID*                159               0 9.47442526812-6 1.12021421973-6*
*        2.04336582813-4               0
GRID*                160               0-2.47786057026-5 1.19749913955-5*
*        2.03185177001-4               0
GRID*                161               0 -2.3257828077-6 -4.6109076541-5*
*        2.23775057758-4               0
GRID*                162               0-3.36157050639-5 2.97411918628-5*
*                  1.0-4               0
GRID*                163               0-6.20779087368-5 1.14598575145-6*
*        1.23920582635-4               0
GRID*                164               0-1.03747272558-5-4.79363375105-5*
*        3.55827701278-4               0
GRID*                165               0-3.80183119189-5  3.1369919078-5*
*        3.60524769609-4               0
GRID*                166               0 5.57181677464-5 3.14950087303-5*
*        3.65556084008-4               0
GRID*                167               0 6.76520212526-5 9.76780537246-6*
*        3.11931026408-4               0
GRID*                168               0 2.61995764611-5 4.49786669721-5*
*        3.07599954752-4               0
GRID*                169               0 1.02999884667-5 3.94145262992-5*
*                  1.0-4               0
GRID*                170               0 3.27826341604-5 4.64978036374-5*
*        1.25934493654-4               0
GRID*                171               0-1.47039681026-6 5.73525808132-5*
*        1.24783087842-4               0
GRID*                172               0-3.19496611874-5 3.76864749034-5*
*         4.6782954009-5               0
GRID*                173               0 1.84894042528-5 4.72088716272-5*
*        1.74481468706-4               0
GRID*                174               0 2.13114504769-5 3.95735480916-5*
*        2.18795765699-4               0
GRID*                175               0   1.095541691-5-2.83074500446-6*
*        2.48930173378-4               0
GRID*                176               0 3.05861935807-5-5.32794894054-5*
*        2.25205757143-4               0
GRID*                177               0 4.23864016565-5-6.05019864459-6*
*        2.05767282198-4               0
GRID*                178               0 2.03628275455-5-3.86033101503-6*
*        3.65556084008-4               0
GRID*                179               0 9.38454774476-6 -1.6904969471-6*
*        2.89305821005-4               0
GRID*                180               0-1.09782796777-5 2.16983379193-6*
*        3.23749736997-4               0
GRID*                181               0-2.13530070566-5-4.57665034425-5*
*        2.79577438275-4               0
GRID*                182               0 1.19660323432-5 4.73598093397-5*
*        4.53476478374-5               0
GRID*                183               0-5.22761710296-5-2.08800148274-5*
*        1.60845421107-4               0
GRID*                184               0-2.39383749625-6-8.32051105631-6*
*        5.03678772043-5               0
GRID*                185               0 2.95325170963-5-4.60225589223-5*
*                  1.0-4               0
GRID*                186               0 4.57484149468-5  3.0360576993-6*
*                  1.0-4               0
GRID*                187               0 5.83674903869-6 4.88389977111-5*
*        3.42043870744-4               0
GRID*                188               0 -1.9516588223-5  5.0471457907-5*
*        2.10779654467-4               0
GRID*                189               0 4.22965241331-5-8.86090981142-6*
*        2.90736520389-4               0
GRID*                190               0 1.15589693318-5-5.29369163068-5*
*         2.8100813766-4               0
GRID*                191               0 -5.8723990515-5-9.16323751466-6*
*         2.8101163962-4               0
GRID*                192               0-5.14153076206-6  5.1008831779-5*
*         2.6579360774-4               0
GRID*                193               0-4.89965917196-5 3.35397531459-5*
*        2.84274506605-4               0
GRID*                194               0   5.201516279-5-3.89392815841-5*
*        1.28480746831-4               0
GRID*                195               0 5.42234268653-5 3.24031352272-5*
*        2.20226465083-4               0
GRID*                196               0 2.77704456263-5 4.38384189147-5*
*        2.67224307125-4               0
GRID*                197               0 6.97427249614-5-1.60153317905-5*
*        2.22817794316-4               0
GRID*                198               0 5.96710699856-5-3.67909527098-5*
*        2.74964557428-4               0
GRID*                199               0 6.92228904178-5  8.6275573151-6*
*        2.71555378781-4               0
GRID*                200               0 6.78254772566-5-1.66164453534-5*
*        3.65556084008-4               0
GRID         201       0   0.0+0   0.0+0  -1.0-4       0
GRID*                202               0-2.01233906936-5  -7.175421638-5*
*         7.1502606345-5               0
GRID*                203               0-3.21353301496-5-6.68731967045-5*
*          4.533680846-5               0
GRID*                204               0-3.92565686626-5-9.19243739035-5*
*         7.1502606345-5               0
GRID*                205               0-5.75026261596-5-7.92480562005-5*
*                  1.0-4               0
GRID*                206               0-4.63749882763-5-5.39589508774-5*
*        7.12896898878-5               0
GRID*                207               0-6.61267694297-5 -7.4002121984-5*
*        7.12896898878-5               0
GRID*                208               0  -1.822351545-5 -1.7959091247-5*
*                  0.0+0               0
GRID*                209               0 -2.5124312412-5-4.22181024856-5*
*         2.1502606345-5               0
GRID*                210               0-7.08277186889-6 -2.3772141157-5*
*         2.1502606345-5               0
GRID*                211               0-2.44503748362-5-4.56898917176-6*
*        2.08638569733-5               0
GRID*                212               0-4.31105185637-5-2.28879640835-5*
*        2.08638569733-5               0
GRID*                213               0-3.53575711685-5-2.90659285344-5*
*        4.49109755456-5               0
GRID*                214               0-6.12073920873-5-7.91100237319-5*
*         2.1502606345-5               0
GRID*                215               0-4.31658524849-5-6.06640633439-5*
*         2.1502606345-5               0
GRID*                216               0-5.32149576994-5-5.31268162984-5*
*                  0.0+0               0
GRID*                217               0-8.04308046078-5-5.95259124961-5*
*        2.08638569733-5               0
GRID*                218               0-7.37694955791-5-6.74280740826-5*
*        4.49109755456-5               0
GRID*                219               0-6.17706618209-5 -4.1206938525-5*
*        2.08638569733-5               0
GRID*                220               0-6.41008939989-5-3.44437513062-5*
*        7.10767734305-5               0
GRID*                221               0-6.84660452082-5-2.79008723144-5*
*        4.44851426311-5               0
GRID*                222               0-8.44712783367-5 -5.4359935996-5*
*        7.10767734305-5               0
GRID*                223               0  -9.331274036-5-3.99056094723-5*
*                  1.0-4               0
GRID*                224               0-7.33011078613-5-1.32086176666-5*
*        7.08638569733-5               0
GRID*                225               0-9.42900953835-5-3.29978159395-5*
*        7.08638569733-5               0
GRID*                226               0 -5.4563533609-5-4.82470015437-5*
*        4.49109755456-5               0
GRID*                227               0-7.17610391613-5 3.51626046011-5*
*        2.17893762407-4               0
GRID*                228               0-7.73912110654-5 1.28951511528-5*
*        2.26400242514-4               0
GRID*                229               0-9.97567346704-5 2.69465877777-5*
*        2.16531671985-4               0
GRID*                230               0-9.73654193771-5  1.1518019529-5*
*         1.9672388446-4               0
GRID*                231               0-7.64763308873-5  3.5439789707-6*
*        2.06592454989-4               0
GRID*                232               0-9.92431751518-5-8.50495655354-6*
*        2.05230364567-4               0
GRID*                233               0-3.35136315174-5-1.47688603063-5*
*        2.46137383571-4               0
GRID*                234               0-5.53101766811-5-1.00999820853-6*
*        2.36268813042-4               0
GRID*                235               0-3.82735634853-5 1.44676928433-5*
*        2.37630903465-4               0
GRID*                236               0-3.55516215699-5-1.19652403553-5*
*        2.26329596046-4               0
GRID*                237               0 -4.7359383521-5 -3.1275850108-5*
*        2.24967505624-4               0
GRID*                238               0-5.58717316183-5-4.28377432406-6*
*        2.16461025518-4               0
GRID*                239               0-8.96476211291-5-3.22447481595-5*
*        2.33544632198-4               0
GRID*                240               0-7.24348625623-5-1.65808118761-5*
*         2.3490672262-4               0
GRID*                241               0 -5.6891993652-5-5.32652844857-5*
*        2.43413202727-4               0
GRID*                242               0-7.12391254796-5-7.01764374607-5*
*         2.2224332478-4               0
GRID*                243               0-9.05344105193-5-3.57364422168-5*
*        2.13736844674-4               0
GRID*                244               0-5.92552181575-5-5.06795824765-5*
*        2.23605415202-4               0
GRID*                245               0-7.37773408952-5-2.32804312841-5*
*        1.95291147571-4               0
GRID*                246               0-6.15125766686-5-4.80280297024-5*
*        2.03797627678-4               0
GRID*                247               0-9.13153339151-5-3.91622855092-5*
*        1.93929057149-4               0
GRID*                248               0-9.19903913162-5-4.25222780368-5*
*        1.74121269624-4               0
GRID*                249               0 -6.3664069185-5-4.53106261634-5*
*        1.83989840153-4               0
GRID*                250               0-7.59732109601-5-6.50253990894-5*
*        1.82627749731-4               0
GRID*                251               0-7.31590347261-5-1.99635469626-5*
*        2.15098935096-4               0
GRID*                252               0 1.20897135921-5-7.71875218362-5*
*        1.75313889045-4               0
GRID*                253               0 7.37363606651-7-4.74427802624-5*
*        1.65018948667-4               0
GRID*                254               0  6.2045209536-6-6.82184945792-5*
*        1.89755701144-4               0
GRID*                255               0 2.33310364389-5-7.36458831671-5*
*         1.9033140405-4               0
GRID*                256               0  1.7863879092-5-5.28701688503-5*
*        1.65594651573-4               0
GRID*                257               0 1.19786864535-5-4.39011415933-5*
*        1.80036463672-4               0
GRID*                258               0-9.94507401125-6-7.29676683983-6*
*        1.14993627905-4               0
GRID*                259               0-4.64583471497-6-2.71355376826-5*
*        1.40098257587-4               0
GRID*                260               0 1.23935792351-6-3.61045649396-5*
*        1.25288568284-4               0
GRID*                261               0 7.18144147409-6-1.27241554277-5*
*        1.15569330812-4               0
GRID*                262               0 1.29624883561-6-3.75512817072-6*
*        1.30379020115-4               0
GRID*                263               0 1.24806807704-5-3.25629262705-5*
*        1.40673960493-4               0
GRID*                264               0-1.64162199919-5 -9.1974831686-6*
*        1.69165820387-4               0
GRID*                265               0-1.05310273534-5-1.81665104256-5*
*        1.54724008288-4               0
GRID*                266               0-2.17154592882-5 1.06412876742-5*
*         1.4442906791-4               0
GRID*                267               0-1.04741364413-5 1.41829263433-5*
*        1.59446582915-4               0
GRID*                268               0 7.10295493415-7-1.46248717565-5*
*        1.69741523293-4               0
GRID*                269               0-4.58894380287-6 5.21389908627-6*
*        1.45004770816-4               0
GRID*                270               0 2.37220036172-5-2.90212876014-5*
*          1.558754141-4               0
GRID*                271               0 1.25375716825-5-2.13489501617-7*
*        1.45580473722-4               0
GRID*                272               0 1.78368109788-5-2.00522603444-5*
*        1.70317226199-4               0
GRID*                273               0 3.49633264641-5-2.54796489323-5*
*        1.70892929106-4               0
GRID*                274               0 2.96640871678-5 -5.6408780895-6*
*        1.46156176628-4               0
GRID*                275               0 2.37788945293-5 3.32814916749-6*
*        1.60597988727-4               0
GRID*                276               0  6.5954881319-6-2.35938990135-5*
*        1.55299711194-4               0
GRID*                277               0-4.25066328215-5 2.59206781468-5*
*        1.71159457976-4               0
GRID*                278               0-4.06303233526-5 4.79930578064-5*
*        1.74956696709-4               0
GRID*                279               0-2.49283220089-5 3.86247922847-5*
*        1.62668118742-4               0
GRID*                280               0-3.63839141926-5  3.3513532226-5*
*        1.41740375513-4               0
GRID*                281               0-5.18431577434-5 4.04512054384-5*
*        1.54028953481-4               0
GRID*                282               0-3.43770776247-5 5.35802013858-5*
*        1.45537614246-4               0
GRID*                283               0-7.28877937022-5 6.71684506404-5*
*        1.99533852644-4               0
GRID*                284               0 -5.6616813917-5 5.75076105916-5*
*        1.87245274677-4               0
GRID*                285               0-7.31720622733-5 3.89802663689-5*
*        1.95736613911-4               0
GRID*                286               0 -8.3615112507-5 5.47654136541-5*
*        1.78606109415-4               0
GRID*                287               0-6.71720948447-5 7.37176396863-5*
*        1.70114770181-4               0
GRID*                288               0-6.75868905148-5 4.75351659145-5*
*        1.66317531448-4               0
GRID*                289               0-1.98315892413-5 7.80562824049-5*
*        1.70262596208-4               0
GRID*                290               0-3.88366562397-5 7.05329492702-5*
*        1.78753935442-4               0
GRID*                291               0-3.71256314828-5 9.35403525385-5*
*        1.82551174175-4               0
GRID*                292               0-3.06113315569-5 9.51160751185-5*
*        1.53132091713-4               0
GRID*                293               0-3.24528834128-5   7.411438235-5*
*        1.49334852979-4               0
GRID*                294               0-4.95041678613-5 8.71678601744-5*
*        1.61623430947-4               0
GRID*                295               0-6.13985965475-5 5.52442295861-5*
*        1.38506971981-4               0
GRID*                296               0-6.08532737784-5 7.94209928582-5*
*        1.42304210714-4               0
GRID*                297               0-4.40447471228-5  6.8798107343-5*
*        1.30015632746-4               0
GRID*                298               0-5.46071803715-5 6.21074573837-5*
*        1.12304935509-4               0
GRID*                299               0-7.11729492341-5 7.02997505897-5*
*        1.24593513476-4               0
GRID*                300               0-5.39313305033-5 8.42785101561-5*
*        1.16102174242-4               0
GRID*                301               0-5.06323416243-5 6.35757769043-5*
*        1.57826192214-4               0
GRID*                302               0 2.28875109318-5-7.18695163599-6*
*                  0.0+0               0
GRID*                303               0 4.79625149076-5-1.78023467971-6*
*        2.26336847541-5               0
GRID*                304               0 2.31160727619-5 5.24993073987-6*
*        2.26336847541-5               0
GRID*                305               0  1.5125527375-5-1.90943731786-5*
*        2.34204257608-5               0
GRID*                306               0 4.01441764946-5-2.63597673844-5*
*        2.34204257608-5               0
GRID*                307               0 4.34048160474-5-1.27837628907-5*
*        4.73694070099-5               0
GRID*                308               0 9.87495494832-5-1.61629985603-5*
*        2.26336847541-5               0
GRID*                309               0 7.31736738147-5-8.91787777977-6*
*        2.26336847541-5               0
GRID*                310               0  7.1212270319-5-2.11328319178-5*
*                  0.0+0               0
GRID*                311               0 9.12756250177-5-4.12129888375-5*
*        2.34204257608-5               0
GRID*                312               0 9.62691062362-5-2.78589125815-5*
*        4.73694070099-5               0
GRID*                313               0 6.55275423754-5-3.37326392707-5*
*        2.34204257608-5               0
GRID*                314               0 7.21673645645-5  1.6819001984-5*
*        7.26336847541-5               0
GRID*                315               0 7.34920385632-5 3.73273352085-6*
*        4.68449130054-5               0
GRID*                316               0 9.94760818986-5 9.35195296568-6*
*        7.26336847541-5               0
GRID*                317               0 1.01326952432-4 1.56211417999-7*
*                  1.0-4               0
GRID*                318               0 7.21386243996-5-6.36690135846-6*
*        7.28959317563-5               0
GRID*                319               0 9.96195487075-5 -1.4069179163-5*
*        7.28959317563-5               0
GRID*                320               0 5.76205546603-5-4.57963406733-5*
*        4.78939010145-5               0
GRID*                321               0 9.15664032176-5-3.90187206525-5*
*        7.31581787586-5               0
GRID*                322               0 6.39132719359-5-3.10812140617-5*
*        7.31581787586-5               0
GRID*                323               0 4.74913071735-5-5.73239361256-5*
*        7.34204257608-5               0
GRID*                324               0  7.5316645429-5-6.54966715026-5*
*        7.34204257608-5               0
GRID*                325               0 8.46414404274-5-4.96424227731-5*
*                  1.0-4               0
GRID*                326               0 6.96546027611-5-2.02675988958-5*
*        4.73694070099-5               0
GRID*                327               0-5.30330092637-5-5.30330093635-5*
*                  4.0-4               0
GRID*                328               0-6.09847674655-5-4.22188151641-5*
*        3.78630951311-4               0
GRID*                329               0-7.96535495058-5-6.05217349656-5*
*        3.78630951311-4               0
GRID*                330               0-8.68745998769-5 -4.9227175594-5*
*                  4.0-4               0
GRID*                331               0-6.57581897849-5-3.07105496195-5*
*                  4.0-4               0
GRID*                332               0-9.25789393175-5-3.73558962368-5*
*        3.78630951311-4               0
GRID*                333               0 -2.3647201974-5-5.61297415017-6*
*        3.78630951311-4               0
GRID*                334               0-4.23159849549-5-2.39158948923-5*
*        3.78630951311-4               0
GRID*                335               0-1.76776701429-5-1.76776704422-5*
*                  4.0-4               0
GRID*                336               0-2.35253681899-5 6.32270374054-6*
*                  4.0-4               0
GRID*                337               0-4.83638922925-5  9.2785827517-7*
*        3.78630951311-4               0
GRID*                338               0-4.46417792226-5-1.21939231746-5*
*                  4.0-4               0
GRID*                339               0-9.29465345085-5-3.67137144674-5*
*        3.35892853934-4               0
GRID*                340               0-6.74056064102-5-3.02612429007-5*
*        3.57261902623-4               0
GRID*                341               0-7.22955260976-5-1.71602925733-5*
*        3.35892853934-4               0
GRID*                342               0 -9.9394860427-5-1.01832033304-5*
*        3.35892853934-4               0
GRID*                343               0-9.67523595008-5-2.43412388156-5*
*        3.57261902623-4               0
GRID*                344               0-7.36537230382-5-4.57411074846-6*
*        3.57261902623-4               0
GRID*                345               0-7.20178015734-5-6.59946964168-6*
*                  4.0-4               0
GRID*                346               0 -7.3492495882-5 7.57939696594-6*
*        3.78630951311-4               0
GRID*                347               0-9.90387603964-5-1.24014372742-5*
*        3.78630951311-4               0
GRID*                348               0-9.98057371953-5-8.94309843295-7*
*                  4.0-4               0
GRID*                349               0-7.18118446291-5 1.93002305699-5*
*                  4.0-4               0
GRID*                350               0-9.90330127427-5 1.43416419221-5*
*        3.78630951311-4               0
GRID*                351               0-7.04714160401-5 -1.8214019216-5*
*        3.78630951311-4               0
GRID*                352               0-7.41341297996-5-1.71812591869-5*
*                  1.0-4               0
GRID*                353               0-7.07422926186-5-2.84636953353-5*
*        1.13039531168-4               0
GRID*                354               0-9.57516677288-5-2.91119276831-5*
*        1.11568847525-4               0
GRID*                355               0-6.49339159371-5-3.84163928265-5*
*                  1.0-4               0
GRID*                356               0-8.58587780662-5-5.16745734562-5*
*        1.11781763982-4               0
GRID*                357               0-2.21291129907-5-2.74193368228-5*
*        1.15980898455-4               0
GRID*                358               0-4.62014410393-5-2.78994983819-5*
*        1.14510214811-4               0
GRID*                359               0-2.69494406509-5-1.64869137325-5*
*                  1.0-4               0
GRID*                360               0-9.58183768367-6-3.56900657177-5*
*                  1.0-4               0
GRID*                361               0-2.81411622719-5-4.84301625006-5*
*        1.14723131269-4               0
GRID*                362               0 -3.7023615045-5 -3.7011211575-5*
*                  1.0-4               0
GRID*                363               0 -8.5627765248-5-5.14602370586-5*
*        1.42978828628-4               0
GRID*                364               0-6.57608825716-5-3.95572728239-5*
*        1.28836491021-4               0
GRID*                365               0-5.91898996586-5-5.04619916526-5*
*        1.47390879558-4               0
GRID*                366               0-6.61821348805-5-7.46459254442-5*
*           1.43617578-4               0
GRID*                367               0-7.68152429064-5-6.32546787801-5*
*        1.26320956649-4               0
GRID*                368               0-4.70079280042-5 -6.1415449076-5*
*        1.29262323935-4               0
GRID*                369               0-4.72080102146-5-5.79315923976-5*
*                  1.0-4               0
GRID*                370               0-3.42634323286-5-6.98370711586-5*
*        1.13465364083-4               0
GRID*                371               0-6.74401965436-5-7.25172851607-5*
*        1.11994680439-4               0
GRID*                372               0-2.09564126319-5-7.57268579002-5*
*                  1.0-4               0
GRID*                373               0-4.04959231608-5-9.16400627968-5*
*        1.12207596897-4               0
GRID*                374               0-5.67657084037-5-5.00103502812-5*
*        1.13252447625-4               0
GRID*                375               0 8.25756654731-5 1.63879991329-5*
*        1.12927107662-4               0
GRID*                376               0 8.38844148901-5 5.60962711086-6*
*        1.35957014881-4               0
GRID*                377               0 9.93309372563-5 1.20883819863-5*
*        1.21452363722-4               0
GRID*                378               0 9.16364553954-5 3.93168399577-5*
*        1.20156699105-4               0
GRID*                379               0 7.62124705158-5 3.17771027698-5*
*        1.34661350265-4               0
GRID*                380               0 9.61234340349-5 2.66174194387-5*
*        1.43186606324-4               0
GRID*                381               0  5.4354929197-5-7.02912890726-6*
*        1.69698947692-4               0
GRID*                382               0 6.88924122037-5-7.62876520338-7*
*        1.52039209538-4               0
GRID*                383               0 5.43409754877-5 3.95692218642-6*
*        1.43513953479-4               0
GRID*                384               0 4.67280597959-5  1.7016382127-5*
*        1.68403283076-4               0
GRID*                385               0 6.44351882478-5 1.14365172357-5*
*        1.76928539135-4               0
GRID*                386               0  6.1243005316-5 2.43436168263-5*
*        1.50743544922-4               0
GRID*                387               0 9.93671404562-5-1.05185364504-5*
*        1.69089721657-4               0
GRID*                388               0 8.39011338598-5-5.58802939929-6*
*        1.60564465598-4               0
GRID*                389               0 8.26258223823-5-1.72049703976-5*
*        1.86749459811-4               0
GRID*                390               0 1.01221299972-4-3.92750636454-8*
*        1.93979051254-4               0
GRID*                391               0 9.93183822272-5 1.34987144316-5*
*         1.6779405704-4               0
GRID*                392               0 8.25996016399-5 5.75129817211-6*
*        1.85453795194-4               0
GRID*                393               0 6.83367607905-5 4.49524022431-5*
*        1.57973136364-4               0
GRID*                394               0 7.47071729449-5 3.01242541556-5*
*        1.84158130578-4               0
GRID*                395               0 9.14034160456-5 3.89326527274-5*
*        1.66498392424-4               0
GRID*                396               0 7.56222419114-5  6.5783278437-5*
*        1.65202727807-4               0
GRID*                397               0 5.89485362974-5 5.59138975528-5*
*        1.82862465961-4               0
GRID*                398               0 8.51708832884-5 4.90340818524-5*
*         1.9138772202-4               0
GRID*                399               0 8.00520513015-5  1.8973842715-5*
*        1.59268800981-4               0
GRID*                400               0-5.53199883186-6-7.45338516242-5*
*        3.16519593922-4               0
GRID*                401               0 6.53350778996-6-7.56669367945-5*
*        3.38605743282-4               0
GRID*                402               0 -8.7845324101-6-9.95416530053-5*
*        3.33741551917-4               0
GRID*                403               0 1.05632534063-6-1.01268157437-4*
*        3.08633612441-4               0
GRID*                404               0 1.72342049334-5-7.42392750485-5*
*        3.13497803806-4               0
GRID*                405               0 1.42395868869-5-9.95994811998-5*
*        3.30719761802-4               0
GRID*                406               0 3.68669449945-5-2.93158646271-5*
*        3.48334126012-4               0
GRID*                407               0 2.17506669248-5-5.22583406685-5*
*        3.43469934647-4               0
GRID*                408               0 2.54073180999-5-2.95256049594-5*
*        3.26247976651-4               0
GRID*                409               0 4.92873209235-5-2.15798705249-5*
*        3.23226186535-4               0
GRID*                410               0 4.58885852801-5-4.46650110042-5*
*        3.40448144531-4               0
GRID*                411               0  3.3311203461-5-4.76765127444-5*
*        3.18361995171-4               0
GRID*                412               0 1.47694833712-5-9.89595519373-5*
*        3.77913850639-4               0
GRID*                413               0 1.82047220153-5-7.54029896611-5*
*        3.60691892643-4               0
GRID*                414               0 2.94816438441-5-7.37420102239-5*
*        3.82778042004-4               0
GRID*                415               0 3.94232327899-5-9.20710318135-5*
*        3.74892060523-4               0
GRID*                416               0 2.70285560366-5-9.65337726585-5*
*        3.52805911163-4               0
GRID*                417               0 4.26005559022-5 -6.8162064767-5*
*        3.57670102527-4               0
GRID*                418               0 4.14663027636-5-6.60390458861-5*
*         3.1047601369-4               0
GRID*                419               0 5.51614395071-5 -6.0225782738-5*
*        3.32562163051-4               0
GRID*                420               0 3.87296002487-5-9.17516568076-5*
*        3.27697971686-4               0
GRID*                421               0 4.98726160076-5-8.46132043845-5*
*        3.02590032209-4               0
GRID*                422               0 6.71642946587-5-4.99331641368-5*
*        3.07454223574-4               0
GRID*                423               0 6.46855076755-5-7.59981798286-5*
*         3.2467618157-4               0
GRID*                424               0 3.01145266161-5-7.18991860597-5*
*        3.35583953167-4               0
GRID*                425               0-9.06311332928-6 1.03652645754-5*
*        1.81603731411-4               0
GRID*                426               0-2.61896288146-5 1.57926531633-5*
*        1.81028028505-4               0
GRID*                427               0-1.50051968799-5-1.30151449364-5*
*        1.91322968883-4               0
GRID*                428               0 2.51899176414-5-4.89512600333-7*
*        1.82755137223-4               0
GRID*                429               0 8.06340215606-6 4.93787598755-6*
*        1.82179434317-4               0
GRID*                430               0 1.92478340908-5-2.38699221122-5*
*        1.92474374696-4               0
GRID*                431               0-2.33675825905-5 8.15732962768-6*
*        2.25342325497-4               0
GRID*                432               0-7.65209021722-6 6.54760280762-6*
*        2.03760879907-4               0
GRID*                433               0-6.24106710516-6  2.7299410398-6*
*        2.25918028403-4               0
GRID*                434               0-1.21831506557-5-2.06504684721-5*
*        2.35637265876-4               0
GRID*                435               0-1.35941737678-5-1.68328067042-5*
*        2.13480117379-4               0
GRID*                436               0 3.53234171754-6-2.22601952921-5*
*        2.14055820286-4               0
GRID*                437               0 1.33897095656-5-4.77188033611-5*
*        2.02193612168-4               0
GRID*                438               0-3.73680591977-6-4.22914147732-5*
*        2.01617909262-4               0
GRID*                439               0 7.61554406566-6-7.20361563471-5*
*         2.1191284964-4               0
GRID*                440               0 2.12131860548-6-1.84425335243-5*
*        1.91898671789-4               0
GRID*                441               0-1.87283362772-5 6.60645045501-6*
*                  1.0-4               0
GRID*                442               0-4.57452082704-5 5.75394346547-6*
*                  1.0-4               0
GRID*                443               0-2.46135289156-5  1.5575477712-5*
*        1.14097397107-4               0
GRID*                444               0-3.28346332894-5-7.51788647553-6*
*        1.13522944262-4               0
GRID*                445               0-8.39934851562-5 5.10231484295-5*
*                  1.0-4               0
GRID*                446               0-6.47598897721-5 2.82572975195-5*
*                  1.0-4               0
GRID*                447               0 -4.8721987733-5 5.31384301267-5*
*                  1.0-4               0
GRID*                448               0-7.06450824106-5 3.72263247765-5*
*        1.11730482664-4               0
GRID*                449               0-3.95008977024-5 3.87102191198-5*
*        1.13201166308-4               0
GRID*                450               0-7.32306037943-5 4.81740108162-6*
*                  1.0-4               0
GRID*                451               0-1.01184522849-4 3.79682330345-6*
*                  1.0-4               0
GRID*                452               0 -8.0019322438-5-8.21223192987-6*
*        1.10581576975-4               0
GRID*                453               0-5.61927160983-5-7.82304150554-6*
*        1.12052260619-4               0
GRID*                454               0-7.91157964328-5 1.37864283386-5*
*         1.1115602982-4               0
GRID*                455               0-3.04987215541-5  2.4544504969-5*
*        1.28010855611-4               0
GRID*                456               0-5.75155935473-5 2.36919979795-5*
*        1.25069488324-4               0
GRID*                457               0-3.87198259279-5 1.45114078146-6*
*        1.26861949922-4               0
GRID*                458               0-4.46050185664-5 1.04201680385-5*
*         1.4001701698-4               0
GRID*                459               0-5.16304009088-5 1.47229707225-5*
*        1.12626713463-4               0
GRID*                460               0-2.34798353441-5-4.24677990246-5*
*        3.77913850639-4               0
GRID*                461               0-5.13692303378-6-2.37351088509-5*
*        3.77913850639-4               0
GRID*                462               0 6.32270386083-6-2.35253685185-5*
*                  4.0-4               0
GRID*                463               0-1.21939231541-5-4.46417794096-5*
*                  4.0-4               0
GRID*                464               0 1.38783950238-6-4.83980099294-5*
*        3.77913850639-4               0
GRID*                465               0-6.01656585538-5-7.99331779611-5*
*        3.77913850639-4               0
GRID*                466               0-4.18227471842-5 -6.1200488728-5*
*        3.77913850639-4               0
GRID*                467               0-4.92271757729-5-8.68745997808-5*
*                  4.0-4               0
GRID*                468               0-3.69758981459-5-9.27408712564-5*
*        3.77913850639-4               0
GRID*                469               0-3.07105496986-5-6.57581898304-5*
*                  4.0-4               0
GRID*                470               0-1.57134125431-5-7.26036862547-5*
*        3.33741551917-4               0
GRID*                471               0-2.93828816106-5-6.77240476918-5*
*        3.55827701278-4               0
GRID*                472               0-3.53868089423-5-9.34464164436-5*
*        3.33741551917-4               0
GRID*                473               0-3.64790592126-6 -7.3736771425-5*
*        3.55827701278-4               0
GRID*                474               0 -2.3495017025-5-9.69632223312-5*
*        3.55827701278-4               0
GRID*                475               0-6.59946989978-6-7.20178016607-5*
*                  4.0-4               0
GRID*                476               0-1.19975175042-5-9.90829959151-5*
*        3.77913850639-4               0
GRID*                477               0 8.02330830406-6-7.34728242916-5*
*        3.77913850639-4               0
GRID*                478               0 1.93002301329-5-7.18118448544-5*
*                  4.0-4               0
GRID*                479               0-8.94310379971-7-9.98057371953-5*
*                  4.0-4               0
GRID*                480               0-1.77940295569-5-7.05694408281-5*
*        3.77913850639-4               0
GRID*                481               0-1.88721669683-5 1.55719261959-5*
*        3.80262384804-4               0
GRID*                482               0-4.33279208062-5 2.21627714625-5*
*        3.80262384804-4               0
GRID*                483               0-6.32270365165-6 2.35253681086-5*
*                  4.0-4               0
GRID*                484               0-2.56684622103-5 4.06406204689-5*
*        3.80262384804-4               0
GRID*                485               0-3.24710505251-5 3.24710507075-5*
*                  4.0-4               0
GRID*                486               0-8.37549596162-5 5.45211061368-5*
*        3.40787154413-4               0
GRID*                487               0-6.34044512816-5 3.82289055946-5*
*        3.60524769609-4               0
GRID*                488               0-5.74384347285-5 4.73939783702-5*
*        3.40787154413-4               0
GRID*                489               0-6.51819129049-5 7.55493244199-5*
*        3.40787154413-4               0
GRID*                490               0-7.32973165512-5 6.74639043383-5*
*        3.60524769609-4               0
GRID*                491               0 -4.5288198628-5 5.79819392394-5*
*        3.60524769609-4               0
GRID*                492               0-6.81955879151-5 2.88643229945-5*
*        3.80262384804-4               0
GRID*                493               0-9.34751682952-5 3.56765807919-5*
*        3.80262384804-4               0
GRID*                494               0-8.60034840853-5 5.06945347016-5*
*                  4.0-4               0
GRID*                495               0-5.90313106696-5 4.15274395718-5*
*                  4.0-4               0
GRID*                496               0 -8.0237840278-5 5.91789744322-5*
*        3.80262384804-4               0
GRID*                497               0-3.25754637177-5 6.61212280272-5*
*        3.80262384804-4               0
GRID*                498               0-6.22771746765-5 7.79580304585-5*
*        3.80262384804-4               0
GRID*                499               0-4.15274391258-5 5.90313109598-5*
*                  4.0-4               0
GRID*                500               0-1.93002299977-5 7.18118447336-5*
*                  4.0-4               0
GRID*                501               0-3.95931714907-5 9.20137488708-5*
*        3.80262384804-4               0
GRID*                502               0 -5.0694533992-5 8.60034844973-5*
*                  4.0-4               0
GRID*                503               0-5.27471946086-5 4.98544443179-5*
*        3.80262384804-4               0
GRID*                504               0  4.8221911576-5  1.1887173707-5*
*        3.48334126012-4               0
GRID*                505               0   6.232628791-5 2.11032762384-5*
*        3.38743555208-4               0
GRID*                506               0 5.39999642709-5 9.69140802625-7*
*        3.21521597212-4               0
GRID*                507               0 3.34384831775-5 1.84270736019-5*
*        3.19356061384-4               0
GRID*                508               0 4.22618342143-5  3.9119030381-5*
*         3.3657801938-4               0
GRID*                509               0 4.78627740665-5 3.19141258553-5*
*         3.0976549058-4               0
GRID*                510               0 7.89789338748-5 6.13715457966-5*
*          3.731874712-4               0
GRID*                511               0 7.06526111113-5 4.12374112364-5*
*        3.55965513204-4               0
GRID*                512               0 6.32144234789-5 5.11028433158-5*
*        3.82778042004-4               0
GRID*                513               0 5.99085349747-5  8.0502942626-5*
*        3.71021935372-4               0
GRID*                514               0 6.71696097644-5 7.43506389252-5*
*        3.44209406572-4               0
GRID*                515               0 5.10851848134-5 5.98109867224-5*
*        3.53799977376-4               0
GRID*                516               0  8.1681825913-5 1.86753319555-5*
*        3.02340455604-4               0
GRID*                517               0 7.68084119226-5 3.04282407829-5*
*        3.29152984404-4               0
GRID*                518               0  9.1668283614-5 3.98620673406-5*
*          3.195624136-4               0
GRID*                519               0 7.78445988809-5 5.92148164015-5*
*        2.90584348972-4               0
GRID*                520               0 6.26648126343-5 4.55100401218-5*
*        3.00174919776-4               0
GRID*                521               0 7.31482977331-5 6.72545968504-5*
*        3.17396877772-4               0
GRID*                522               0 3.63500219267-5 6.67547450692-5*
*        3.24821912748-4               0
GRID*                523               0 5.27543614328-5  8.5565346994-5*
*        3.15231341944-4               0
GRID*                524               0 4.17738489363-5 6.32629689221-5*
*        2.98009383948-4               0
GRID*                525               0 1.90089348189-5 7.19341183563-5*
*        2.95843848119-4               0
GRID*                526               0 3.04864747132-5 9.47943177716-5*
*        3.13065806115-4               0
GRID*                527               0 3.57331888801-5 9.50156700031-5*
*        2.86253277315-4               0
GRID*                528               0 5.75161921343-5 5.31323826091-5*
*        3.26987448576-4               0
GRID*                529               0 3.67888051087-5 2.19863510337-5*
*        1.42391004603-4               0
GRID*                530               0 2.55474822619-5 1.84447123646-5*
*        1.28444608337-4               0
GRID*                531               0 1.96622896234-5 2.74137396216-5*
*        1.41815301697-4               0
GRID*                532               0 3.06483656816-6 1.13614350264-5*
*                  1.0-4               0
GRID*                533               0-2.82035607032-6 2.03304622833-5*
*        1.13738570564-4               0
GRID*                534               0  1.4306159415-5 1.49030736955-5*
*         1.1431427347-4               0
GRID*                535               0-1.45907413473-5 3.82685167973-5*
*        1.40663895884-4               0
GRID*                536               0 2.53577413806-6 3.28411282094-5*
*        1.41239598791-4               0
GRID*                537               0 -8.7055487088-6 2.92994895403-5*
*        1.27293202525-4               0
GRID*                538               0 2.15413113136-5 4.29561649683-5*
*        1.13059216128-4               0
GRID*                539               0 4.41479582822-6 4.83835535562-5*
*        1.12483513222-4               0
GRID*                540               0 1.56561186751-5 5.19251922253-5*
*        1.25358790748-4               0
GRID*                541               0 2.88868971697-5 7.14351183908-5*
*        1.11804158786-4               0
GRID*                542               0 1.76455743228-5 6.78934797217-5*
*                  1.0-4               0
GRID*                543               0 1.17603816844-5 7.68625069787-5*
*         1.1122845588-4               0
GRID*                544               0 8.42096677654-6 2.38721009525-5*
*        1.27868905431-4               0
GRID*                545               0-1.62292704624-5 1.85243750158-5*
*        2.25872155068-5               0
GRID*                546               0 -4.1211392188-5 2.50750128837-5*
*        2.25872155068-5               0
GRID*                547               0-2.41281425112-5 5.70171379965-6*
*                  0.0+0               0
GRID*                548               0-4.40791643938-5  1.3699226506-5*
*          4.563404832-5               0
GRID*                549               0-4.88607716712-5 1.68020129456-6*
*        2.08638569733-5               0
GRID*                550               0-7.60346331887-5 6.46091016197-5*
*        7.25872155068-5               0
GRID*                551               0-5.85135557472-5 4.47108088237-5*
*         4.6782954009-5               0
GRID*                552               0-4.78889657947-5  5.7111071647-5*
*        7.25872155068-5               0
GRID*                553               0-9.15008103372-5 3.94265216109-5*
*        7.20127626623-5               0
GRID*                554               0-6.39268678339-5 3.22299390397-5*
*        7.20127626623-5               0
GRID*                555               0-7.22287344676-5 1.81853974489-5*
*                  0.0+0               0
GRID*                556               0-6.66268119715-5  3.1735584091-5*
*        2.25872155068-5               0
GRID*                557               0-9.24755298127-5 3.85060886378-5*
*        2.25872155068-5               0
GRID*                558               0-9.89814595148-5 1.45083822455-5*
*        2.08638569733-5               0
GRID*                559               0-7.37044665641-5  8.0393251003-6*
*        2.08638569733-5               0
GRID*                560               0-9.64968017901-5 2.72549328829-5*
*          4.563404832-5               0
GRID*                561               0-7.23975818561-5 8.79004260187-6*
*        7.14383098178-5               0
GRID*                562               0-9.93997994688-5 1.56851777715-5*
*        7.14383098178-5               0
GRID*                563               0 -7.4061924362-5-2.42534660485-6*
*        4.44851426311-5               0
GRID*                564               0-9.97316005835-5-6.61492989858-6*
*        7.08638569733-5               0
GRID*                565               0 -7.0071334063-5 2.04221130247-5*
*          4.563404832-5               0
GRID*                566               0  -4.498255694-5-1.27207849785-5*
*                  0.0+0               0
GRID*                567               0-9.98005340933-5-1.91437242316-6*
*                  0.0+0               0
GRID*                568               0-7.21748964877-5-7.37254537055-6*
*                  0.0+0               0
GRID*                569               0-9.90819954886-5-1.19569209054-5*
*        2.08638569733-5               0
GRID*                570               0-6.58369708983-5-3.11432832863-5*
*                  0.0+0               0
GRID*                571               0-8.66913843864-5-4.95657811238-5*
*                  0.0+0               0
GRID*                572               0 -9.2898443853-5-3.66350191526-5*
*        2.08638569733-5               0
GRID*                573               0-9.72451825854-5-2.23180687442-5*
*        4.44851426311-5               0
GRID*                574               0-7.08796079973-5-1.74774091642-5*
*        2.08638569733-5               0
GRID*                575               0-4.65148666008-6 3.32985478907-5*
*        1.66676174357-4               0
GRID*                576               0-3.24046354802-6 2.94808861229-5*
*        1.88833322854-4               0
GRID*                577               0 1.24750288253-5 2.78711593028-5*
*        1.67251877263-4               0
GRID*                578               0 4.32330439241-5 5.75236243729-5*
*        2.04443911551-4               0
GRID*                579               0 1.99004273649-5 4.33912098594-5*
*        1.96638617202-4               0
GRID*                580               0  4.1822020812-5 6.13412861407-5*
*        1.82286763055-4               0
GRID*                581               0 3.70269428502-5 3.79638212715-5*
*        1.97214320108-4               0
GRID*                582               0 3.56159197382-5 4.17814830393-5*
*        1.75057171612-4               0
GRID*                583               0-1.82944043595-6 2.56632243551-5*
*         2.1099047135-4               0
GRID*                584               0-4.18417323891-7 2.18455625872-5*
*        2.33147619846-4               0
GRID*                585               0 1.52970750494-5 2.02358357672-5*
*        2.11566174256-4               0
GRID*                586               0 2.96015443106-5 2.24437707149-5*
*         1.6782758017-4               0
GRID*                587               0 3.10125674227-5 1.86261089471-5*
*        1.89984728666-4               0
GRID*                588               0 1.38860519373-5  2.4053497535-5*
*         1.8940902576-4               0
GRID*                589               0-5.50057128424-6 7.54461427699-7*
*        2.48214823686-4               0
GRID*                590               0 4.27283753846-6-2.42356749042-5*
*        2.36352615568-4               0
GRID*                591               0  1.0214921089-5-8.55265392365-7*
*        2.26633378096-4               0
GRID*                592               0 3.71848139268-5-3.14060877685-5*
*        2.37783314952-4               0
GRID*                593               0 2.07288257327-5-2.78208813364-5*
*         2.3706796526-4               0
GRID*                594               0 2.74114051041-5-6.41595143662-6*
*         2.4964552307-4               0
GRID*                595               0 4.31268974774-5-8.02567825669-6*
*         2.2806407748-4               0
GRID*                596               0 3.64443181059-5-2.94306081564-5*
*         2.1548651967-4               0
GRID*                597               0 2.66709092832-5-4.44047182453-6*
*        2.27348727788-4               0
GRID*                598               0 1.41302053865-5-4.96942829732-5*
*         2.2449040745-4               0
GRID*                599               0 2.40715322599-5-7.56213627792-5*
*        2.12628199333-4               0
GRID*                600               0 2.98456977598-5-5.13040097933-5*
*         2.0290896186-4               0
GRID*                601               0 2.59304134623-5-2.46499221243-6*
*        2.05051932505-4               0
GRID*                602               0  3.5703822285-5-2.74551285444-5*
*        1.93189724388-4               0
GRID*                603               0 4.16459058356-5-4.07471903249-6*
*        1.83470486915-4               0
GRID*                604               0 1.99883299117-5-2.58454017243-5*
*        2.14771169978-4               0
GRID*                605               0 1.01814138343-5-1.93016564552-6*
*        3.82778042004-4               0
GRID*                606               0 5.04449067744-6-2.56652742204-5*
*        3.60691892643-4               0
GRID*                607               0 -5.4891397773-6 1.08491675796-6*
*        3.61874868498-4               0
GRID*                608               0 4.69227393392-6-8.45248611552-7*
*        3.44652910502-4               0
GRID*                609               0-1.06260629342-5-2.26501918169-5*
*        3.39788719137-4               0
GRID*                610               0 1.52259043887-5-2.75954395899-5*
*        3.43469934647-4               0
GRID*                611               0 3.05442412567-5-5.79049638455-6*
*        3.48334126012-4               0
GRID*                612               0 2.50551013564-5-4.70557935058-6*
*         3.1020899451-4               0
GRID*                613               0 9.73676448828-6 -2.6510522556-5*
*        3.05344803146-4               0
GRID*                614               0 1.48736876451-5-2.77541398107-6*
*        3.27430952506-4               0
GRID*                615               0-1.93313544611-7  -4.986650288-5*
*        3.38605743282-4               0
GRID*                616               0-2.12025524435-5-7.15187692207-5*
*        2.95616420416-4               0
GRID*                617               0-1.58638671562-5-4.68514204765-5*
*        3.17702569777-4               0
GRID*                618               0-5.68245344499-6 -4.8781585846-5*
*        3.00480611781-4               0
GRID*                619               0 -7.9686596646-7 2.39668422414-7*
*        3.06527779001-4               0
GRID*                620               0-5.93378912331-6-2.34954401525-5*
*         2.8444162964-4               0
GRID*                621               0-1.61152028345-5 -2.1565274783-5*
*        3.01663587636-4               0
GRID*                622               0-1.64674195781-5 3.25475082589-6*
*        2.85624605495-4               0
GRID*                623               0-6.28600586684-6 1.32458545638-6*
*        2.68402647499-4               0
GRID*                624               0-2.16043427349-5 -2.0480357749-5*
*        2.63538456134-4               0
GRID*                625               0-4.44649222937-7-2.45803571864-5*
*        3.22566761142-4               0
GRID*                626               0 1.69140900194-5 1.75144585862-5*
*                  0.0+0               0
GRID*                627               0  1.0529131321-5 4.46131295792-5*
*                  0.0+0               0
GRID*                628               0-7.93064931377-6 2.30815131827-5*
*                  0.0+0               0
GRID*                629               0 5.56390238293-6 2.32793595871-5*
*        2.15107358781-5               0
GRID*                630               0 2.37827400047-5 4.20855116837-5*
*        2.15107358781-5               0
GRID*                631               0-1.87911491943-6 4.80733627238-5*
*        2.15107358781-5               0
GRID*                632               0 4.75456787917-5 8.77752146724-5*
*                  0.0+0               0
GRID*                633               0 2.90212406895-5 6.61776967425-5*
*                  0.0+0               0
GRID*                634               0 5.22948434989-5 5.33926840905-5*
*                  0.0+0               0
GRID*                635               0 6.03174014494-5 7.97966681769-5*
*        2.15107358781-5               0
GRID*                636               0 3.62266830491-5 9.30024772726-5*
*        2.15107358781-5               0
GRID*                637               0 4.20339063602-5  6.0924614547-5*
*        2.15107358781-5               0
GRID*                638               0-2.26363751073-5 7.09441361008-5*
*                  0.0+0               0
GRID*                639               0 4.04416782082-6 7.20281807459-5*
*                  0.0+0               0
GRID*                640               0 -2.5408004812-6 9.97596120864-5*
*                  0.0+0               0
GRID*                641               0-1.70651639296-5 9.86105095184-5*
*        2.15107358781-5               0
GRID*                642               0 -9.4221370236-6 7.31837460342-5*
*        2.15107358781-5               0
GRID*                643               0 1.04324945894-5 9.92737577198-5*
*        2.15107358781-5               0
GRID*                644               0 3.07618239476-5 6.70824269308-5*
*        4.53476478374-5               0
GRID*                645               0 2.38965420325-5 9.68556218002-5*
*        4.53476478374-5               0
GRID*                646               0 4.28285343252-6 7.34910744146-5*
*        4.53476478374-5               0
GRID*                647               0 1.84785962611-5  7.1866121242-5*
*        7.15107358781-5               0
GRID*                648               0 3.78513418481-5 9.25052043276-5*
*        7.15107358781-5               0
GRID*                649               0 1.05552557421-5 9.93346482551-5*
*        7.15107358781-5               0
GRID*                650               0  1.7157619698-5 7.05214446149-5*
*        2.15107358781-5               0
GRID*                651               0 9.97827707445-5-5.72137920331-7*
*                  0.0+0               0
GRID*                652               0 7.17951604081-5 5.56420526235-6*
*                  0.0+0               0
GRID*                653               0 9.89750611588-5 1.17158852018-5*
*        2.26336847541-5               0
GRID*                654               0 4.16317155818-5 2.41030221245-5*
*        2.26336847541-5               0
GRID*                655               0 4.41722668331-5 1.15930707645-5*
*                  0.0+0               0
GRID*                656               0 9.24305257457-5 3.75989029338-5*
*        7.26336847541-5               0
GRID*                657               0 9.65243128259-5 2.44395654865-5*
*        4.68449130054-5               0
GRID*                658               0 6.68038608239-5  3.0797836907-5*
*        4.68449130054-5               0
GRID*                659               0  6.5489351468-5 3.04060439318-5*
*                  0.0+0               0
GRID*                660               0 6.01796871353-5 4.29890642758-5*
*        2.26336847541-5               0
GRID*                661               0 9.23118738052-5 3.77395704532-5*
*        2.26336847541-5               0
GRID*                662               0 8.68387648367-5 4.92519678657-5*
*                  0.0+0               0
GRID*                663               0 7.87599874226-5 6.19080571938-5*
*        2.26336847541-5               0
GRID*                664               0 7.01210299896-5 1.79631925034-5*
*        2.26336847541-5               0
GRID*                665               0-5.58853050478-5 8.28740866383-5*
*        7.25872155068-5               0
GRID*                666               0-3.96815059208-5 6.26807319637-5*
*         4.6782954009-5               0
GRID*                667               0-6.87955965024-5 7.20997791661-5*
*         4.6782954009-5               0
GRID*                668               0-3.38811942271-5 3.15531682801-5*
*                  0.0+0               0
GRID*                669               0-2.36966206761-5 4.27498741452-5*
*        2.25872155068-5               0
GRID*                670               0 -8.7082178227-5 4.88262784934-5*
*                  0.0+0               0
GRID*                671               0-7.91945542288-5 6.07505097844-5*
*        2.25872155068-5               0
GRID*                672               0-6.02650371981-5  4.0134756717-5*
*                  0.0+0               0
GRID*                673               0-3.12639756916-5 6.72917534484-5*
*        2.25872155068-5               0
GRID*                674               0-4.37342507447-5 5.77210029343-5*
*                  0.0+0               0
GRID*                675               0-6.13464894608-5 7.86318178803-5*
*        2.25872155068-5               0
GRID*                676               0 -3.8931335509-5 9.21500129253-5*
*        2.25872155068-5               0
GRID*                677               0-5.36873120641-5 8.42052177623-5*
*                  0.0+0               0
GRID*                678               0-5.12289384235-5 5.16952252951-5*
*        2.25872155068-5               0
GRID*                679               0 -1.7057272232-5-9.62478336266-5*
*        1.90742971694-4               0
GRID*                680               0-2.47170374821-5-6.38675023646-5*
*        1.80448031315-4               0
GRID*                681               0-1.88318448436-5-7.28365296216-5*
*        1.66006219216-4               0
GRID*                682               0-3.97846909061-5-5.12255051784-7*
*        1.59858150558-4               0
GRID*                683               0-3.38994982677-5-9.48128230878-6*
*        1.45416338459-4               0
GRID*                684               0-3.22928437068-5-3.19556428397-5*
*        1.70153090936-4               0
GRID*                685               0-2.05224584298-5-4.98936973537-5*
*        1.41085528137-4               0
GRID*                686               0-2.80143056292-5-1.84503095658-5*
*        1.30790587758-4               0
GRID*                687               0-4.84769085656-5-5.49589923034-5*
*        1.71140361486-4               0
GRID*                688               0-4.63909783911-5-2.98490420844-5*
*        1.46403609008-4               0
GRID*                689               0-4.25917159271-5-6.39280195604-5*
*        1.56698549387-4               0
GRID*                690               0-6.49684145685-5-7.82075315598-5*
*        1.72127632035-4               0
GRID*                691               0-6.50750922971-5-4.14929643956-5*
*        1.61832691657-4               0
GRID*                692               0-2.64076510683-5-4.09246700967-5*
*        1.55711278838-4               0
GRID*                693               0 1.76881044521-5-7.22326067899-5*
*                  0.0+0               0
GRID*                694               0 5.57148852613-6-7.37213451134-5*
*         2.1502606345-5               0
GRID*                695               0 1.20623142623-5-9.93567621315-5*
*         2.1502606345-5               0
GRID*                696               0 3.43641755057-5-9.39738288644-5*
*        2.34204257608-5               0
GRID*                697               0 2.78421624364-5-6.85734669425-5*
*        2.34204257608-5               0
GRID*                698               0  2.3717194425-5-9.73215395469-5*
*        4.66153547373-5               0
GRID*                699               0 -8.1020685095-7-4.85264714552-5*
*         2.1502606345-5               0
GRID*                700               0 5.30170871174-6-2.38871442472-5*
*                  0.0+0               0
GRID*                701               0 1.05144339907-5-4.53576176494-5*
*        4.66153547373-5               0
GRID*                702               0 2.14292797261-5-4.36136483805-5*
*        2.34204257608-5               0
GRID*                703               0-1.33647003027-5-9.89933748118-5*
*         7.1502606345-5               0
GRID*                704               0 -7.0323431891-6-7.35618816434-5*
*          4.533680846-5               0
GRID*                705               0 9.61584895625-7-9.90723555317-5*
*                  1.0-4               0
GRID*                706               0 1.25829975549-5-9.90210484361-5*
*        7.21418794836-5               0
GRID*                707               0  5.7931198309-6-7.20169451005-5*
*        7.21418794836-5               0
GRID*                708               0 3.77765633435-5-6.36039100544-5*
*        4.78939010145-5               0
GRID*                709               0 2.83313524533-5-6.72068516823-5*
*        7.27811526222-5               0
GRID*                710               0 3.51524175105-5-9.39758999217-5*
*        7.27811526222-5               0
GRID*                711               0 5.43435595639-5-8.38579292687-5*
*        7.34204257608-5               0
GRID*                712               0 4.63679835188-5-8.93198432557-5*
*                  1.0-4               0
GRID*                713               0 1.70612490283-5-7.11193069182-5*
*        4.66153547373-5               0
GRID*                714               0 3.03655390345-5-4.20499174021-5*
*        7.40389198083-5               0
GRID*                715               0 4.66582852353-5-6.12965776458-5*
*                  1.0-4               0
GRID*                716               0 6.30802499977-5-3.50538555819-5*
*                  1.0-4               0
GRID*                717               0  -1.560815558-6-4.34786953606-6*
*        2.52759079032-5               0
GRID*                718               0 1.42925054368-5-2.30670146988-5*
*        4.91308891094-5               0
GRID*                719               0 2.22830508237-5 1.27728921961-6*
*        4.86063951049-5               0
GRID*                720               0 1.26264615603-5-3.10122977393-5*
*                  1.0-4               0
GRID*                721               0 1.34594834985-5-2.70396562191-5*
*        7.46574138558-5               0
GRID*                722               0-3.22685943451-6-1.22931525766-5*
*        7.52759079032-5               0
GRID*                723               0 2.06170069471-5 -6.6679938209-6*
*                  1.0-4               0
GRID*                724               0 4.17387721709-5-2.07290459312-5*
*                  1.0-4               0
GRID*                725               0 2.14500288854-5-2.69535230064-6*
*        7.43951668535-5               0
GRID*                726               0 4.65814368851-5 7.00869921955-6*
*        7.35144258038-5               0
GRID*                727               0 7.13056024613-5-1.03395428787-5*
*                  1.0-4               0
GRID*                728               0 7.13343426263-5 1.28463604638-5*
*                  1.0-4               0
GRID*                729               0 4.25717941092-5-1.67564044109-5*
*         7.3776672806-5               0
GRID*                730               0-1.32991164021-5 3.70159685762-5*
*                  1.0-4               0
GRID*                731               0-4.66837639897-5 8.91125262439-5*
*                  1.0-4               0
GRID*                732               0-3.57671758932-5 7.19020262391-5*
*        1.11946108966-4               0
GRID*                733               0-2.98819832547-5 6.29329989821-5*
*                  1.0-4               0
GRID*                734               0-2.50695016791-5 5.49540230902-5*
*        1.25500740927-4               0
GRID*                735               0-7.75946256946-6 6.78513488471-5*
*                  1.0-4               0
GRID*                736               0-1.36446552079-5 7.68203761041-5*
*        1.11587282423-4               0
GRID*                737               0 -2.1093747792-6 9.91125912676-5*
*                  1.0-4               0
GRID*                738               0-1.91843090406-5 4.59849958332-5*
*        1.12842339765-4               0
GRID*                739               0-4.45899286652-6-5.65804198424-5*
*        1.24030801098-4               0
GRID*                740               0 6.03857384379-6 -9.9766543303-5*
*        1.71540587487-4               0
GRID*                741               0-2.51966830831-5-9.59505218633-5*
*        1.62232917658-4               0
GRID*                742               0 7.47810975969-7-7.79392457042-5*
*        1.47877663594-4               0
GRID*                743               0-4.92702526578-5 -8.7576982577-5*
*        1.52925247829-4               0
GRID*                744               0 -1.0267564432-5-7.74523577255-5*
*        1.22773033912-4               0
GRID*                745               0 -3.3009566726-5-9.44145982534-5*
*        1.36054459392-4               0
GRID*                746               0 -1.6186356773-5-9.87203785889-5*
*        1.21515266726-4               0
GRID*                747               0-2.67109021902-5-7.19561063134-5*
*        1.38569993764-4               0
GRID*                748               0-4.94745015216-5-1.28194272423-5*
*        7.23345406166-5               0
GRID*                749               0-8.74881574541-6-3.17174241975-5*
*        7.40181407172-5               0
GRID*                750               0-2.61164187127-5-1.25142722123-5*
*        7.38052242599-5               0
GRID*                751               0-1.43809928318-5-5.15377787986-5*
*        7.27603735311-5               0
GRID*                752               0-2.52833967744-5-8.54163069201-6*
*        4.74265099177-5               0
GRID*                753               0-7.91579380715-6-2.77447826772-5*
*        4.78523428322-5               0
GRID*                754               0-3.61905931068-5-3.30385700547-5*
*        7.25474570739-5               0
GRID*                755               0 8.64555077768-6 5.29468686032-5*
*        1.48469190233-4               0
GRID*                756               0-4.66352395023-7 5.47506314746-5*
*         1.7047341309-4               0
GRID*                757               0-1.17471519405-5 5.82956691659-5*
*        1.44461134618-4               0
GRID*                758               0 5.56933119665-5 8.29698445459-5*
*        1.64079778931-4               0
GRID*                759               0 3.20735685489-5 6.78473111861-5*
*        1.56274484582-4               0
GRID*                760               0 4.90327637716-5 8.76685821854-5*
*        1.86084001788-4               0
GRID*                761               0 3.79427666502-5 9.27496760154-5*
*        1.60071723315-4               0
GRID*                762               0 2.41873428651-5 7.10985614415-5*
*        1.78278707439-4               0
GRID*                763               0 2.20530221731-5 7.30210514654-5*
*         1.3258838219-4               0
GRID*                764               0  3.5570927526-5 9.35210964773-5*
*        1.19033750229-4               0
GRID*                765               0  1.4946490069-5 9.89150093774-5*
*        1.15025694613-4               0
GRID*                766               0 1.54445208545-6 7.83924081968-5*
*        1.28580326575-4               0
GRID*                767               0  2.6580675416-5 9.64984850794-5*
*        1.36385620924-4               0
GRID*                768               0 3.63613951401-6 7.66702268629-5*
*        1.74270651824-4               0
GRID*                769               0 1.72756959297-5 9.83438976055-5*
*          1.560636677-4               0
GRID*                770               0-8.98620488978-6 7.87903333389-5*
*        1.48258373351-4               0
GRID*                771               0 7.65598906703-6 9.90573340555-5*
*        1.78067890557-4               0
GRID*                772               0-6.30790019507-6 9.97525093162-5*
*        1.52055612084-4               0
GRID*                773               0 1.30019445317-5 7.54116272022-5*
*        1.52266428966-4               0
GRID*                774               0 2.89424204382-6 2.42175697105-5*
*        3.71021935372-4               0
GRID*                775               0-3.56170574431-6 4.85980077677-5*
*        3.71021935372-4               0
GRID*                776               0 1.76776704424-5 1.76776698155-5*
*                  4.0-4               0
GRID*                777               0 2.18990067919-5 4.29793611201-5*
*        3.71021935372-4               0
GRID*                778               0 1.21939234668-5 4.46417789863-5*
*                  4.0-4               0
GRID*                779               0 2.10508529272-6 9.99548611285-5*
*        3.13065806115-4               0
GRID*                780               0 -7.5244276285-7  7.4074505441-5*
*        3.42043870744-4               0
GRID*                781               0 8.82752110767-6 7.38642837258-5*
*        3.13065806115-4               0
GRID*                782               0 2.04183732131-5 9.73591589549-5*
*        3.42043870744-4               0
GRID*                783               0 2.61686082155-5 6.86849104388-5*
*        3.42043870744-4               0
GRID*                784               0 -1.0128359798-5 7.33903591103-5*
*        3.71021935372-4               0
GRID*                785               0-1.68057201171-5 9.85946237382-5*
*        3.71021935372-4               0
GRID*                786               0 8.94310719007-7 9.98057371839-5*
*                  4.0-4               0
GRID*                787               0 6.59947022565-6 7.20178014424-5*
*                  4.0-4               0
GRID*                788               0 1.05543185483-5 9.90296320924-5*
*        3.71021935372-4               0
GRID*                789               0 4.09037711022-5 6.17411520919-5*
*        3.71021935372-4               0
GRID*                790               0 3.61257369123-5 9.29990717216-5*
*        3.71021935372-4               0
GRID*                791               0 3.07105501474-5 6.57581894263-5*
*                  4.0-4               0
GRID*                792               0 5.30330097677-5 5.30330086853-5*
*                  4.0-4               0
GRID*                793               0 4.92271763904-5 8.68745994286-5*
*                  4.0-4               0
GRID*                794               0 1.62820158029-5 7.07985399636-5*
*        3.71021935372-4               0
GRID*                795               0 -5.6286079825-5 2.85596668582-5*
*         2.0560518444-4               0
GRID*                796               0 -5.5205790805-5 5.36899488238-5*
*        2.09402423173-4               0
GRID*                797               0-3.96845865974-5 1.82853546112-5*
*        2.15473754968-4               0
GRID*                798               0-2.06952526727-5 2.71718069813-5*
*         2.2913956423-4               0
GRID*                799               0-2.21062757847-5 3.09894687491-5*
*        2.06982415734-4               0
GRID*                800               0-3.78082771285-5 4.03577342707-5*
*        2.19270993701-4               0
GRID*                801               0-4.10956097095-5  2.2103016379-5*
*        1.93316606472-4               0
GRID*                802               0-2.35172988968-5 3.48071305169-5*
*        1.84825267238-4               0
GRID*                803               0-3.74256331276-5 6.67152875024-5*
*        2.00911083938-4               0
GRID*                804               0 -2.0927611335-5 5.42891196748-5*
*        1.88622505971-4               0
GRID*                805               0-1.84205661293-5 7.42386206371-5*
*        1.92419744704-4               0
GRID*                806               0-3.92193002405-5 4.41753960385-5*
*        1.97113845205-4               0
GRID*                807               0 4.15110895506-5-8.29078578274-6*
*        3.10924344203-4               0
GRID*                808               0 2.61927526825-5-3.00957289881-5*
*        3.06060152838-4               0
GRID*                809               0  2.5840535939-5-5.27570337926-6*
*        2.90021170697-4               0
GRID*                810               0 2.77636218477-5-3.12359770455-5*
*        2.65684505211-4               0
GRID*                811               0 2.69781872651-5-3.06658530168-5*
*        2.85872329024-4               0
GRID*                812               0 4.30819587157-5 -9.4310338401-6*
*        2.70548696576-4               0
GRID*                813               0 1.13076336535-5-2.76507706133-5*
*        2.64969155519-4               0
GRID*                814               0 2.66259705216-5-5.84582740794-6*
*        2.69833346884-4               0
GRID*                815               0 1.07735347492-5-5.23667922782-5*
*        3.01195961473-4               0
GRID*                816               0-4.74656424926-6-7.51039756529-5*
*        2.96331770108-4               0
GRID*                817               0-4.89701886239-6-4.93517098747-5*
*        2.80292787967-4               0
GRID*                818               0 1.01699823274-5-2.26062097578-6*
*        2.69117997191-4               0
GRID*                819               0-5.14835454072-6-2.40655641812-5*
*        2.64253805826-4               0
GRID*                820               0 1.05221990709-5-2.70806465846-5*
*        2.85156979332-4               0
GRID*                821               0-4.01146216752-5-2.35822304827-6*
*        2.64255556806-4               0
GRID*                822               0-4.08761464431-5-3.18614073385-5*
*        2.80294538947-4               0
GRID*                823               0-3.46254817748-5-3.44314008224-6*
*        3.02380688308-4               0
GRID*                824               0-8.07736737889-5-5.49448771924-5*
*        3.13806704573-4               0
GRID*                825               0-6.05992567944-5-4.33495804863-5*
*         2.9705062176-4               0
GRID*                826               0 -7.7784665998-5-1.60753755393-5*
*        2.97767722433-4               0
GRID*                827               0 -5.5110116894-5-4.44344975203-5*
*        3.35175753262-4               0
GRID*                828               0-5.32348506146-5-1.02481545486-5*
*        3.19136771121-4               0
GRID*                829               0-4.17385522762-5-6.18307117135-5*
*        2.96333521088-4               0
GRID*                830               0-4.27018391746-5-9.22661361731-5*
*        3.12372503229-4               0
GRID*                831               0-3.62494123759-5-6.29156287475-5*
*         3.3445865259-4               0
GRID*                832               0-2.91363418744-5 -4.5280571162-6*
*         3.4050581981-4               0
GRID*                833               0-2.98978666423-5-3.40312414065-5*
*        3.56544801951-4               0
GRID*                834               0-3.53870065427-5-3.29463243725-5*
*        3.18419670449-4               0
GRID*                835               0-6.12523088146-5 1.65247066669-5*
*        1.52305594947-4               0
GRID*                836               0-1.00149231393-4-2.51934247576-6*
*        1.22870154943-4               0
GRID*                837               0-8.04665083384-5 7.04469979275-6*
*        1.36209160603-4               0
GRID*                838               0-9.80576586903-5 2.03124523767-5*
*        1.23444607787-4               0
GRID*                839               0-7.81840882835-5  2.2775532559-5*
*        1.64594172915-4               0
GRID*                840               0-9.54003569731-5 2.91726457146-5*
*        1.76882750882-4               0
GRID*                841               0-9.22011885762-5 3.73019824936-5*
*        1.49646644259-4               0
GRID*                842               0-8.83988979706-5 4.45854833985-5*
*        1.24019060632-4               0
GRID*                843               0-7.47161464514-5 3.04238466047-5*
*        1.37358066292-4               0
GRID*                844               0  3.3383812073-6 7.49492007598-5*
*        2.74940674614-4               0
GRID*                845               0-1.94183508398-5 7.24562196178-5*
*        2.55925037211-4               0
GRID*                846               0-9.91834690591-6 1.02056270026-4*
*        2.65072104085-4               0
GRID*                847               0 4.95339169451-6 9.99072235771-5*
*        2.56580764851-4               0
GRID*                848               0  -3.644421502-6 7.52582266977-5*
*        2.47433697977-4               0
GRID*                849               0-1.87172620287-5 9.97635168425-5*
*        2.37565127448-4               0
GRID*                850               0-2.88700896996-5 4.32600272235-5*
*        2.46777970338-4               0
GRID*                851               0-1.35731776573-5 2.74723208124-5*
*        2.56646540867-4               0
GRID*                852               0-1.21939696244-5 5.10130878324-5*
*        2.38286631104-4               0
GRID*                853               0-6.03173814464-5 7.52743018366-5*
*         2.2704082928-4               0
GRID*                854               0-4.44514909627-5 5.91940208982-5*
*        2.36909399809-4               0
GRID*                855               0-4.46643238276-5 8.88505925302-5*
*        2.18549490046-4               0
GRID*                856               0-1.08974039475-5 7.50213666568-5*
*        2.19926721341-4               0
GRID*                857               0-2.77863568876-5 9.69248776799-5*
*        2.10058150812-4               0
GRID*                858               0-9.68348062667-6 9.94971572855-5*
*        2.01566811578-4               0
GRID*                859               0-2.82869021156-5 6.98586965495-5*
*        2.28418060575-4               0
GRID*                860               0-2.90489613165-5 6.69056405023-5*
*        7.22283889639-5               0
GRID*                861               0-3.70209676582-5 9.32371595009-5*
*        7.22283889639-5               0
GRID*                862               0-1.16330725256-5 4.49612516167-5*
*        4.60653009232-5               0
GRID*                863               0-2.71481009715-5 9.64031539257-5*
*        4.60653009232-5               0
GRID*                864               0-6.92644063121-6 7.18239903673-5*
*         7.1869562421-5               0
GRID*                865               0-1.48741140616-5 9.87240133732-5*
*         7.1869562421-5               0
GRID*                866               0-1.93405843476-5 7.05240126844-5*
*        4.60653009232-5               0
GRID*                867               0-6.29275746289-5 4.84788954041-5*
*        3.02662022911-4               0
GRID*                868               0-4.35074518192-5  3.2454836112-5*
*        3.22399638107-4               0
GRID*                869               0-8.90762367604-5 4.66466036004-5*
*        3.19418105724-4               0
GRID*                870               0-7.24817205395-5 3.00855949741-5*
*        3.01030589418-4               0
GRID*                871               0-6.69925806392-5 2.90006779401-5*
*         3.3915572092-4               0
GRID*                872               0-2.98504467691-5 1.77417602639-5*
*        3.04012121801-4               0
GRID*                873               0-3.53395866695-5 1.88266772978-5*
*        2.65886990299-4               0
GRID*                874               0-5.61611821778-5 1.37506527578-5*
*        2.82643073112-4               0
GRID*                875               0-2.43613068687-5 1.66568432299-5*
*        3.42137253303-4               0
GRID*                876               0 -4.5182902377-5 1.15808186899-5*
*        3.58893336116-4               0
GRID*                877               0-7.74340843292-5 8.56750465957-6*
*        2.99399155926-4               0
GRID*                878               0-7.19449444289-5  7.4825876256-6*
*        3.37524287427-4               0
GRID*                879               0-9.91582931238-5 3.27723300305-6*
*        3.16155238739-4               0
GRID*                880               0-5.06720422774-5 1.26657357239-5*
*        3.20768204614-4               0
GRID*                881               0 5.69897377937-5 6.57769636841-6*
*        1.13807848712-4               0
GRID*                882               0 8.25469253082-5-6.79790420961-6*
*        1.13189354665-4               0
GRID*                883               0 4.30996526409-5 4.15283517316-7*
*        1.29193240921-4               0
GRID*                884               0 4.63504301009-5 -2.0387381732-5*
*        1.44300694486-4               0
GRID*                885               0  3.5109107254-5-2.39290204011-5*
*        1.29717734926-4               0
GRID*                886               0 6.42214178646-5 -1.3645768593-5*
*        1.27956252827-4               0
GRID*                887               0  3.1858329794-5-3.12635515179-6*
*        1.14688589762-4               0
GRID*                888               0 2.38677844071-5-2.74706590702-5*
*        1.14950836764-4               0
GRID*                889               0 7.43215728445-5-3.15122169128-5*
*        1.13451601667-4               0
GRID*                890               0 4.07738399431-5-4.24809202532-5*
*        1.14332342717-4               0
GRID*                891               0 5.78996080821-5-5.77549389767-5*
*        1.13713848669-4               0
GRID*                892               0 5.29800950178-5-1.71874072621-5*
*        1.14070095714-4               0
GRID*                893               0 4.10690488198-5-4.48132720958-5*
*        1.54019931958-4               0
GRID*                894               0 4.95898071693-5-3.53634897188-5*
*        1.79418185165-4               0
GRID*                895               0 6.14848895662-5-2.58015301911-5*
*        1.52825950545-4               0
GRID*                896               0 3.07581633338-5-9.50704680344-5*
*        1.73458406903-4               0
GRID*                897               0 3.58716265641-5-6.97076341966-5*
*        1.63739169431-4               0
GRID*                898               0 4.03114401899-5-9.34376265531-5*
*         1.9885666011-4               0
GRID*                899               0 5.33600090752-5-8.50296852551-5*
*         1.7226442549-4               0
GRID*                900               0 4.49086441669-5-6.41663222675-5*
*        1.89137422637-4               0
GRID*                901               0 4.73944837785-5-6.44106527998-5*
*        1.38199984303-4               0
GRID*                902               0 5.39396313402-5-8.42717910442-5*
*        1.23433086142-4               0
GRID*                903               0 7.64039481134-5-6.41376053804-5*
*        1.22239104728-4               0
GRID*                904               0 6.88345625383-5-4.48376890155-5*
*         1.3700600289-4               0
GRID*                905               0 6.53908450497-5-7.52630115309-5*
*        1.46725240363-4               0
GRID*                906               0 6.46735728147-5-4.53526846776-5*
*        1.87943441224-4               0
GRID*                907               0 7.41491757364-5-6.56548257857-5*
*        1.71070444077-4               0
GRID*                908               0 7.70766339717-5-3.13210328225-5*
*        1.61351206604-4               0
GRID*                909               0 8.02146234003-5-5.54472338086-5*
*        1.96468697283-4               0
GRID*                910               0 9.31256633174-5 -3.6945889626-5*
*        1.69876462664-4               0
GRID*                911               0  5.7380469808-5-5.51813718546-5*
*        1.62545188017-4               0
GRID*                912               0 4.73088044468-6 1.93067180669-5*
*        4.78577625209-5               0
GRID*                913               0 3.38089256911-5 2.99589533657-5*
*        4.60962804214-5               0
GRID*                914               0  1.1133010405-5 4.33871678195-5*
*        7.27657932198-5               0
GRID*                915               0 5.55259334222-5 8.06545850664-5*
*                  1.0-4               0
GRID*                916               0 4.37791906396-5  5.1121196621-5*
*                  1.0-4               0
GRID*                917               0 4.46122125778-5 5.50938381412-5*
*        7.18850521701-5               0
GRID*                918               0 3.89785850642-6 1.53340765466-5*
*        7.40208505615-5               0
GRID*                919               0 3.21428818146-5 2.20136703252-5*
*                  1.0-4               0
GRID*                920               0  6.2508468679-5 3.67447983886-5*
*        7.22593684621-5               0
GRID*                921               0 6.16754467407-5 3.27721568683-5*
*                  1.0-4               0
GRID*                922               0 9.16625313466-5 4.36368946557-5*
*                  1.0-4               0
GRID*                923               0 3.29759037528-5 2.59863118455-5*
*        7.31401095118-5               0
GRID*                924               0 5.50205134864-5 5.46628352901-5*
*        1.12178475078-4               0
GRID*                925               0 5.46255275083-5 2.90969476634-5*
*        1.26683126238-4               0
GRID*                926               0 7.29167695876-5 3.63137955374-5*
*         1.1255279137-4               0
GRID*                927               0 4.33842046614-5 2.55553089943-5*
*         1.1343353242-4               0
GRID*                928               0-6.85659162227-5-7.27471224356-5*
*        3.56544801951-4               0
GRID*                929               0-5.62486794456-5-8.33285895048-5*
*         3.3445865259-4               0
GRID*                930               0-7.54352546343-5 -6.4417688846-5*
*        3.35175753262-4               0
GRID*                931               0-4.92318916677-5-5.33891821562-5*
*        3.56544801951-4               0
GRID*                932               0-2.30820465905-6 -7.2807177912-5*
*        2.39814039899-4               0
GRID*                933               0 7.46580291687-6 -9.9673295599-5*
*        2.27951831781-4               0
GRID*                934               0 1.41477835351-5-7.63923843441-5*
*        2.40529389591-4               0
GRID*                935               0-1.19982532096-5 -4.6409531962-5*
*        2.51676248017-4               0
GRID*                936               0-1.19311015131-5-9.93260191958-5*
*        2.83754212298-4               0
GRID*                937               0-1.19142368288-5-7.26347155365-5*
*        2.67715230157-4               0
GRID*                938               0 4.54175136543-6-7.62199219687-5*
*         2.6843057985-4               0
GRID*                939               0 2.09137231787-5-5.35799448263-5*
*        2.53106947401-4               0
GRID*                940               0 4.45773498454-6-4.99947383941-5*
*        2.52391597709-4               0
GRID*                941               0 3.80404978648-5 1.38173390765-5*
*        3.65556084008-4               0
GRID*                942               0 2.32570694663-5 2.03572389715-5*
*         3.3657801938-4               0
GRID*                943               0 4.55367540352-5 3.34251740998-5*
*        3.82778042004-4               0
GRID*                944               0 1.60181627499-5 4.69088323416-5*
*        3.24821912748-4               0
GRID*                945               0 2.78590841536-5  1.5747504446-5*
*        3.82778042004-4               0
GRID*                946               0  1.3075655755-5  2.2287404341-5*
*        3.53799977376-4               0
GRID*                947               0 3.20804205031-5 4.10491957506-5*
*        3.53799977376-4               0
GRID*                948               0-8.26973595971-6 1.00868445785-4*
*         2.9332819092-4               0
GRID*                949               0-1.18521447034-5 7.20324145744-5*
*        3.22306255548-4               0
GRID*                950               0-1.89149279721-5 9.88112481928-5*
*        3.22306255548-4               0
GRID*                951               0-1.53862883729-5 4.36002413781-5*
*        3.51284320176-4               0
GRID*                952               0-2.93560731491-5 9.58596825547-5*
*        3.51284320176-4               0
GRID*                953               0-3.39407966488-5 6.32089794559-5*
*         3.3154670498-4               0
GRID*                954               0-4.13439273713-5 9.06760692899-5*
*         3.3154670498-4               0
GRID*                955               0-5.27692827838-5 8.30437839437-5*
*        3.11809089785-4               0
GRID*                956               0-2.23158276282-5 6.95240053238-5*
*        3.51284320176-4               0
GRID*                957               0-5.83926373206-5 7.49021341564-6*
*        2.54386986278-4               0
GRID*                958               0-5.29788408771-5-2.18561536898-5*
*        2.62893466384-4               0
GRID*                959               0-9.99847049205-5-6.78611611457-6*
*        2.87899151904-4               0
GRID*                960               0-7.89630177989-5 4.05610429666-7*
*        2.71143069091-4               0
GRID*                961               0-9.32631795258-5-3.63521111317-5*
*        2.96405632011-4               0
GRID*                962               0-9.86139253206-5-1.58508855731-5*
*        2.69780978669-4               0
GRID*                963               0-7.28953568799-5-2.90505706317-5*
*        2.79649549197-4               0
GRID*                964               0-7.69551421867-5 1.74849371431-5*
*        2.44518415749-4               0
GRID*                965               0-9.58021362735-5 2.76259481342-5*
*         2.3464984522-4               0
GRID*                966               0-1.00778443702-4 5.24868073007-6*
*        2.43156325327-4               0
GRID*                967               0-6.59311327646-5-4.14472069471-5*
*        2.61531375962-4               0
GRID*                968               0-9.51682307234-5-2.43370962547-5*
*        2.51662805434-4               0
GRID*                969               0-7.89714973376-5-6.11313828201-5*
*         2.6016928554-4               0
GRID*                970               0-7.67363976792-5-8.37688011167-6*
*        2.53024895856-4               0
GRID*                971               0-7.73211507603-6-7.20761725918-5*
*                  0.0+0               0
GRID*                972               0-2.32271935035-6-9.97955283041-5*
*                  0.0+0               0
GRID*                973               0-1.41467866652-5 -9.8820011964-5*
*         2.1502606345-5               0
GRID*                974               0-1.30323804426-5-4.47973602394-5*
*                  0.0+0               0
GRID*                975               0-4.97005573402-5-8.66177908128-5*
*                  0.0+0               0
GRID*                976               0-3.13664691265-5-6.57075757613-5*
*                  0.0+0               0
GRID*                977               0-3.85700221151-5-9.20710991641-5*
*         2.1502606345-5               0
GRID*                978               0-2.64580697692-5-9.61962938305-5*
*          4.533680846-5               0
GRID*                979               0-1.96901147182-5-7.02987855448-5*
*         2.1502606345-5               0
GRID*                980               0-1.78953143389-5 1.05790919753-5*
*        7.43796771044-5               0
GRID*                981               0-3.27826831257-5 3.37138333831-5*
*        7.34834463056-5               0
GRID*                982               0-1.70622924007-5 1.45517334955-5*
*        4.85754156067-5               0
GRID*                983               0-1.24660944639-5 4.09886100965-5*
*        7.31246197627-5               0
GRID*                984               0 4.89495472587-5 1.10899432907-5*
*        2.35293668923-4               0
GRID*                985               0 3.24935590645-5 1.46751497229-5*
*         2.3457831923-4               0
GRID*                986               0 3.57947869253-5 1.67167015159-5*
*        2.58792589944-4               0
GRID*                987               0 4.11722093031-5 3.92347793594-5*
*        2.43725386104-4               0
GRID*                988               0 1.93387987311-5 2.03019079481-5*
*        2.58077240251-4               0
GRID*                989               0 3.77674386711-5 3.59883416594-5*
*        2.19511115391-4               0
GRID*                990               0 5.96890321183-5 5.39384179407-5*
*        2.05159261243-4               0
GRID*                991               0 5.25022309976-5 8.49372073774-5*
*        2.13590978425-4               0
GRID*                992               0  3.0285369133-5 6.55601544121-5*
*        2.27942832572-4               0
GRID*                993               0 4.67413573272-5 6.19749479799-5*
*        2.28658182264-4               0
GRID*                994               0 1.60375708703-5 1.82603561551-5*
*        2.33862969538-4               0
GRID*                995               0 2.88281053689-6 2.38871143802-5*
*        2.57361890559-4               0
GRID*                996               0 8.26023291471-6 4.64051922237-5*
*        2.42294686719-4               0
GRID*                997               0 3.34431364216-5 6.77834734422-5*
*        2.52157103285-4               0
GRID*                998               0 1.69871482274-5 7.13686798744-5*
*        2.51441753593-4               0
GRID*                999               0 1.13144574321-5 4.74236253469-5*
*        2.66508957432-4               0
GRID*               1000               0 1.97943694015-5 7.13639943276-5*
*        2.75656024306-4               0
GRID*               1001               0 2.57623286143-5 9.67360255392-5*
*        2.60588820466-4               0
GRID*               1002               0 2.47162211089-5 4.28199857916-5*
*        2.43010036412-4               0
GRID*               1003               0 2.69850110437-5 4.44085429434-5*
*        2.87412130938-4               0
GRID*               1004               0 1.05290228495-5 4.79937493755-5*
*        2.86696781246-4               0
GRID*               1005               0 3.50093523427-5 1.72868255446-5*
*        2.78980413757-4               0
GRID*               1006               0 3.42239177601-5 1.78569495733-5*
*         2.9916823757-4               0
GRID*               1007               0 1.77679295659-5 2.14421560054-5*
*        2.98452887878-4               0
GRID*               1008               0 2.09737595429-6 2.44572384089-5*
*        2.77549714372-4               0
GRID*               1009               0 1.85533641485-5 2.08720319767-5*
*        2.78265064065-4               0
GRID*               1010               0 2.29375275753-5-4.93928154142-5*
*        3.82778042004-4               0
GRID*               1011               0 2.66855312833-5-2.73856992576-5*
*        3.65556084008-4               0
GRID*               1012               0 1.65041175721-5 -2.5455533888-5*
*        3.82778042004-4               0
GRID*               1013               0 1.15692532136-5-5.03281752989-5*
*        3.60691892643-4               0
GRID*               1014               0 5.10707988111-5 -3.9314448943-5*
*        2.24011775729-4               0
GRID*               1015               0 5.65764166598-5-1.29555677436-5*
*        2.36589333539-4               0
GRID*               1016               0 5.16436246712-5-2.32902426109-5*
*        2.62662715095-4               0
GRID*               1017               0 4.54536309502-5-4.65600499949-5*
*        2.50085157285-4               0
GRID*               1018               0 6.52784519707-5-2.68197448954-5*
*        2.48891175872-4               0
GRID*               1019               0 4.56491399878-5-6.61418018796-5*
*         2.1143421792-4               0
GRID*               1020               0 3.33255205842-5-9.45050799741-5*
*        2.24930041666-4               0
GRID*               1021               0 5.53363465998-5-8.37357339999-5*
*        2.23736060252-4               0
GRID*               1022               0 3.93475962545-5 -7.0298329116-5*
*        2.37507599475-4               0
GRID*               1023               0 8.33663182032-5-1.91804500097-5*
*        2.09046255093-4               0
GRID*               1024               0 6.54140686356-5-4.73281642897-5*
*        2.10240236506-4               0
GRID*               1025               0 9.39199613903-5-3.41948119809-5*
*        2.21348097426-4               0
GRID*               1026               0 7.93705642104-5-3.04546013521-5*
*        2.35119636649-4               0
GRID*               1027               0 7.55344935351-5-6.36323113355-5*
*        2.22542078839-4               0
GRID*               1028               0  5.3973661915-5-6.19256375781-5*
*        2.62386999618-4               0
GRID*               1029               0 6.97112546754-5 -7.0984183572-5*
*        2.48615460395-4               0
GRID*               1030               0 7.42317012231-5 -4.0895547404-5*
*        2.61193018205-4               0
GRID*               1031               0 6.79497292413-5-5.05032881655-5*
*        2.87266399761-4               0
GRID*               1032               0 6.27449068212-5-7.75028505179-5*
*        2.74688841951-4               0
GRID*               1033               0 8.34361644169-5-5.51829752694-5*
*        2.73494860538-4               0
GRID*               1034               0 6.02654197726-5-5.50435035791-5*
*        2.36313618062-4               0
GRID*               1035               0 4.28985817484-5 4.20920914275-5*
*        1.49620596046-4               0
GRID*               1036               0 3.91795376584-5 6.75936628775-5*
*        1.33164085097-4               0
GRID*               1037               0 6.24967970314-5 7.70297676227-5*
*        1.19408066521-4               0
GRID*               1038               0 4.92000840343-5 6.24199225982-5*
*        1.56850187488-4               0
GRID*               1039               0 6.91955665278-5 7.20726654128-5*
*        1.41142309123-4               0
GRID*               1040               0 8.11853063212-5 5.89616821161-5*
*        1.19782382813-4               0
GRID*               1041               0 6.18146841949-5 5.04737611496-5*
*        1.33912717681-4               0
GRID*               1042               0-8.04467766578-5 5.93985825244-5*
*        2.92793452383-4               0
GRID*               1043               0-6.61150610745-5 4.41955528873-5*
*        2.74405936077-4               0
GRID*               1044               0 -9.1561201533-5 4.04618061958-5*
*         2.9116201889-4               0
GRID*               1045               0-5.20573233504-5 2.92185896603-5*
*        2.56018419771-4               0
GRID*               1046               0-9.80738442872-5 1.84002399828-5*
*        2.89530585397-4               0
GRID*               1047               0 -6.9059549252-5 3.97567892862-5*
*        2.46149849242-4               0
GRID*               1048               0-9.38031680374-5 3.41215877071-5*
*        2.62905932055-4               0
GRID*               1049               0-8.63462643743-5 5.04412761758-5*
*        2.36281278713-4               0
GRID*               1050               0-7.48399304972-5 2.38629766007-5*
*        2.72774502584-4               0
GRID*               1051               0 6.70621911259-5-1.58159933861-5*
*        2.73259968105-4               0
GRID*               1052               0 5.63562680187-5-7.41231283418-7*
*        2.60958125772-4               0
GRID*               1053               0 5.08581900886-5-2.27201185823-5*
*        2.82850538909-4               0
GRID*               1054               0 5.55708334361-5-1.71107254737-7*
*        2.81145949585-4               0
GRID*               1055               0 8.92276791645-5-4.66003936619-5*
*         2.9786365277-4               0
GRID*               1056               0 7.80193281745-5-3.11023808456-5*
*        2.85561810438-4               0
GRID*               1057               0 7.72338935919-5-3.05322568169-5*
*        3.05749634251-4               0
GRID*               1058               0  5.8885635403-5-3.62208286812-5*
*        2.95152381241-4               0
GRID*               1059               0 8.24672604956-5 1.81052079268-5*
*        2.82152631791-4               0
GRID*               1060               0 8.28585052593-5-8.23288214821-6*
*        2.83857221114-4               0
GRID*               1061               0 9.90325670714-5-5.40908897116-7*
*        2.94454474124-4               0
GRID*               1062               0 6.84374558352-5 9.19768134378-6*
*        2.91743202595-4               0
GRID*               1063               0 8.20730706767-5-7.66275811953-6*
*        3.04045044928-4               0
GRID*               1064               0 5.00727555061-5-2.21499945536-5*
*        3.03038362722-4               0
GRID*               1065               0 6.54913219607-5-1.46757453288-5*
*        3.13635615732-4               0
GRID*               1066               0 5.47853988535-5 3.99016773944-7*
*        3.01333773399-4               0
GRID*               1067               0 6.62767565433-5-1.52458693575-5*
*        2.93447791918-4               0
GRID*               1068               0-9.87833422777-5 1.45096897098-5*
*        3.37524287427-4               0
GRID*               1069               0-9.35700420074-5 3.60777928655-5*
*         3.3915572092-4               0
GRID*               1070               0-9.68889673348-5 2.53094723061-5*
*        3.58893336116-4               0
GRID*               1071               0-7.08299782204-5 1.83897923653-5*
*        3.58893336116-4               0
GRID*               1072               0 3.48820726262-5-4.88167608017-5*
*        2.77986347544-4               0
GRID*               1073               0 2.22514056147-5-9.77029230689-5*
*        2.52831231924-4               0
GRID*               1074               0 4.22517373462-5-6.66091699148-5*
*        2.90288189877-4               0
GRID*               1075               0 3.63870099782-5 -9.2682892664-5*
*        2.77710632067-4               0
GRID*               1076               0 1.14950072001-5-9.99572822233-5*
*        2.80732422182-4               0
GRID*               1077               0  1.8019639516-5-7.48093990772-5*
*        2.93309979992-4               0
GRID*               1078               0 2.85247596078-5-7.30256060668-5*
*        2.65408789734-4               0
GRID*               1079               0 8.24748246621-5 5.74777600503-5*
*        7.22593684621-5               0
GRID*               1080               0 7.20264480297-5 6.95310178907-5*
*        4.60962804214-5               0
GRID*               1081               0 6.42817633629-5 7.57798605149-5*
*        7.18850521701-5               0
GRID*               1082               0 5.29015224935-5 4.97285102448-5*
*        4.60962804214-5               0
GRID*               1083               0-3.42545731862-5 9.40335622202-5*
*        1.15743347699-4               0
GRID*               1084               0-1.12952996621-5  9.8912395294-5*
*        1.15384521156-4               0
GRID*               1085               0-2.07959519213-5 9.75802232443-5*
*        1.33095218394-4               0
GRID*               1086               0-2.28914056222-5 7.60333672651-5*
*        1.29297979661-4               0
GRID*               1087               0 9.98852198407-5-1.17918711085-5*
*        1.21714610724-4               0
GRID*               1088               0 9.22428901264-5-3.72005335641-5*
*        1.21976857726-4               0
GRID*               1089               0 9.71514568027-5-2.41592381232-5*
*        1.45006764945-4               0
GRID*               1090               0 8.04577948636-5 -1.8849826272-5*
*        1.36481508886-4               0
GRID*               1091               0 -8.8484389322-6-9.88686655272-5*
*        2.10550759218-4               0
GRID*               1092               0-1.74657891264-5-9.82603549668-5*
*        2.38451949477-4               0
GRID*               1093               0-1.71541288193-5-7.03669253832-5*
*        2.22412967336-4               0
GRID*               1094               0-3.37473398498-5-9.42132820248-5*
*        2.94254329994-4               0
GRID*               1095               0-3.35685560072-5-6.72656880339-5*
*        2.78215347853-4               0
GRID*               1096               0-2.57654227656-5 -9.6708560466-5*
*        2.66353139735-4               0
GRID*               1097               0 -2.5375859681-5-4.23336569762-5*
*        2.34275175454-4               0
GRID*               1098               0-3.34906532297-5-4.07842141278-5*
*        2.62176365712-4               0
GRID*               1099               0-3.91302208573-5-9.22596880113-5*
*        2.48952067172-4               0
GRID*               1100               0  -4.546503641-5-6.11811931223-5*
*         2.6081427529-4               0
GRID*               1101               0-3.86566413918-5-6.41099680961-5*
*        2.32913085032-4               0
GRID*               1102               0-5.20254957882-5-8.59794018317-5*
*        2.31550994609-4               0
GRID*               1103               0-5.75274922758-5-8.16712947325-5*
*        2.59452184868-4               0
GRID*               1104               0-2.55202006907-5-6.92880486787-5*
*        2.50314157594-4               0
GRID*               1105               0 3.61531609317-5-6.79522914689-5*
*        1.24051580189-4               0
GRID*               1106               0 3.39425798713-5-9.41608090311-5*
*        1.22793813003-4               0
GRID*               1107               0  2.7498330515-5-7.11794932026-5*
*                  1.0-4               0
GRID*               1108               0 2.46303037173-5-7.32492728657-5*
*        1.49156209871-4               0
GRID*               1109               0 2.04994433129-5-9.76430423802-5*
*        1.46640675499-4               0
GRID*               1110               0 1.85864031261-5 -5.1896549434-5*
*        1.24670074236-4               0
GRID*               1111               0 8.84839011419-6-5.33029006899-5*
*                  1.0-4               0
GRID*               1112               0 1.05672505002-5-9.89770048793-5*
*        1.22154539864-4               0
GRID*               1113               0 4.96009789264-6-7.59895866207-5*
*                  1.0-4               0
GRID*               1114               0 1.46319372009-5-7.52387356665-5*
*         1.2341230705-4               0
GRID*               1115               0 1.99970618347-5 9.80556810234-5*
*         2.3308184383-4               0
GRID*               1116               0 2.55983659772-5 6.72808996737-5*
*        2.00435855935-4               0
GRID*               1117               0 3.46901858604-5 9.39761338929-5*
*        2.09582922809-4               0
GRID*               1118               0 2.35569382911-6  4.7115307939-5*
*        2.14787710083-4               0
GRID*               1119               0  1.3961615319-5 9.88294505289-5*
*        2.05574867193-4               0
GRID*               1120               0 5.04716262608-6 7.28525650951-5*
*         1.9642780032-4               0
GRID*               1121               0 1.11522452949-5 7.23835654742-5*
*        2.23934776956-4               0
GRID*               1122               0 6.50046068595-5 8.33359177147-6*
*        3.65556084008-4               0
GRID*               1123               0 5.40696094822-5 -1.2113200421-5*
*        3.48334126012-4               0
GRID*               1124               0  6.8655923698-5-3.68275652975-6*
*        3.38743555208-4               0
GRID*               1125               0 8.68746003008-5 4.92271748432-5*
*                  4.0-4               0
GRID*               1126               0  7.5939603799-5 2.87803835262-5*
*        3.82778042004-4               0
GRID*               1127               0 9.21860520768-5 3.82634273669-5*
*          3.731874712-4               0
GRID*               1128               0 8.19932582911-5-2.12303965511-5*
*        3.82778042004-4               0
GRID*               1129               0 8.21992154031-5 4.66930357061-6*
*        3.82778042004-4               0
GRID*               1130               0 9.98057372068-5 8.94309104382-7*
*                  4.0-4               0
GRID*               1131               0 9.92035823327-5-1.33186699906-5*
*          3.731874712-4               0
GRID*               1132               0 8.37237963853-5-8.44536012749-6*
*        3.55965513204-4               0
GRID*               1133               0 9.89276015628-5 1.33666887712-5*
*          3.731874712-4               0
GRID*               1134               0 9.62151170319-5 2.63559415166-5*
*          3.463749424-4               0
GRID*               1135               0 8.36199855926-5 4.85654937469-6*
*        3.29152984404-4               0
GRID*               1136               0 9.89617951659-5 1.35047172923-5*
*          3.195624136-4               0
GRID*               1137               0 8.04209881063-5 1.72903356375-5*
*        3.55965513204-4               0
GRID*               1138               0 6.27796322663-5 2.07841321731-5*
*        2.45890921932-4               0
GRID*               1139               0 4.94336432317-5 3.07738777979-5*
*        2.69389842953-4               0
GRID*               1140               0 7.62015377003-5 6.45011314171-5*
*        2.15756514253-4               0
GRID*               1141               0 6.30626342081-5  7.6900648856-5*
*        2.39255435274-4               0
GRID*               1142               0 6.93947221601-5 4.25315864067-5*
*        2.30823718093-4               0
GRID*               1143               0 4.25592835189-5 6.26928448934-5*
*        2.77821560134-4               0
GRID*               1144               0 4.95731846014-5  8.7072161718-5*
*        2.62754356295-4               0
GRID*               1145               0 7.69874649526-5 3.05871830687-5*
*        2.56488174942-4               0
GRID*               1146               0 7.15100901692-5 6.83265185307-5*
*        2.64919892123-4               0
GRID*               1147               0 6.34502472169-5 4.49399160931-5*
*        2.79987095963-4               0
GRID*               1148               0 9.15730453176-5 4.04990959774-5*
*        2.67085427951-4               0
GRID*               1149               0 5.61522758968-5 5.37262179385-5*
*        2.54322639113-4               0
GRID*               1150               0 6.59161798897-5 7.48555801147-6*
*          2.215221297-4               0
GRID*               1151               0  7.0275648946-5-3.48058728239-6*
*        2.47186586549-4               0
GRID*               1152               0 9.18293216265-5 3.84922795987-5*
*         2.1705217887-4               0
GRID*               1153               0 7.54476687659-5 2.81487745435-5*
*         2.0645492586-4               0
GRID*               1154               0 9.88073565547-5 1.57959596794-5*
*        2.68381092568-4               0
GRID*               1155               0 8.43526289109-5 6.10325519192-6*
*        2.57783839558-4               0
GRID*               1156               0 9.63748127153-5  2.7412905541-5*
*        2.42716635719-4               0
GRID*               1157               0 8.33400974608-5 3.77581856001-6*
*        2.07750590477-4               0
GRID*               1158               0 9.95908976002-5  1.3900115194-5*
*        2.18347843486-4               0
GRID*               1159               0 8.46523148135-5-6.32529745356-6*
*        2.33415047326-4               0
GRID*               1160               0 9.94862656212-5-9.27536179692-6*
*        2.19643508103-4               0
GRID*               1161               0 8.09566224631-5 1.73948007697-5*
*        2.32119382709-4               0
GRID*               1162               0 9.72098457968-5-2.25502443757-5*
*        2.45716889659-4               0
GRID*               1163               0 9.89140476905-5-1.13322766811-5*
*        2.70085681891-4               0
GRID*               1164               0 9.37903169779-5 -3.4991921664-5*
*        2.71790271215-4               0
GRID*               1165               0 8.19073759912-5-1.91304417948-5*
*        2.59488428882-4               0
GRID*               1166               0 3.40966380436-5-4.82466367731-5*
*        2.98174171357-4               0
GRID*               1167               0  4.3888195771-5-1.01830350515-5*
*        3.65556084008-4               0
GRID*               1168               0 6.57581900878-5 3.07105488957-5*
*                  4.0-4               0
GRID*               1169               0 2.35253683486-5 -6.3227043125-6*
*                  4.0-4               0
GRID*               1170               0 3.37067820598-5-8.25286968201-6*
*        3.82778042004-4               0
GRID*               1171               0 4.46417794371-5 1.21939225105-5*
*                  4.0-4               0
GRID*               1172               0 7.20178016919-5 6.59946894012-6*
*                  4.0-4               0
GRID*               1173               0 5.76440635454-5-1.46862799839-5*
*        3.82778042004-4               0
GRID*               1174               0 7.18118445799-5-1.93002311816-5*
*                  4.0-4               0
GRID*               1175               0 5.48231931483-5  1.0263757141-5*
*        3.82778042004-4               0
GRID*               1176               0 3.14565296563-5-3.33551749397-5*
*                  0.0+0               0
GRID*               1177               0 4.89219581828-5-8.70132516269-5*
*                  0.0+0               0
GRID*               1178               0   4.013467874-5-5.99639416033-5*
*                  0.0+0               0
GRID*               1179               0  5.7939844342-5-8.11514752928-5*
*        2.34204257608-5               0
GRID*               1180               0 5.79760673623-5-4.29306833126-5*
*                  0.0+0               0
GRID*               1181               0 8.48603218296-5 -5.2613669366-5*
*                  0.0+0               0
GRID*               1182               0 7.69103275126-5-6.35645286172-5*
*        2.34204257608-5               0
GRID*               1183               0  6.6738073424-5-7.39792819181-5*
*        4.78939010145-5               0
GRID*               1184               0 4.89874452387-5-5.35353496586-5*
*        2.34204257608-5               0
GRID*               1185               0-2.94707974826-5-3.95909663753-5*
*        2.14467387929-4               0
GRID*               1186               0-3.83850502936-5-9.21450945612-5*
*        2.01243089389-4               0
GRID*               1187               0  -2.330601437-5-6.76851641324-5*
*        2.02605179811-4               0
GRID*               1188               0-5.64456680428-5-8.34546291726-5*
*        2.11743207085-4               0
GRID*               1189               0-4.70658854536-5-5.87766540712-5*
*        1.93297509982-4               0
GRID*               1190               0-6.07599743029-5-8.08640057486-5*
*         1.9193541956-4               0
GRID*               1191               0  -4.291419642-5-6.14762364661-5*
*        2.13105297507-4               0
GRID*               1192               0-7.50998616151-5 -6.4432241816-5*
*        2.95688531338-4               0
GRID*               1193               0-6.73511344441-5-7.33410476627-5*
*        2.77570358103-4               0
GRID*               1194               0-5.52612483898-5-8.37192987803-5*
*        2.94971430666-4               0
GRID*               1195               0-5.40696041008-5-5.25546661927-5*
*        2.78932448525-4               0
GRID*               1196               0 9.44670717041-7 5.09329697068-5*
*        1.92630561587-4               0
GRID*               1197               0 9.33835462378-5-3.59184408331-5*
*        3.74892060523-4               0
GRID*               1198               0 7.82728912063-5-3.10282111317-5*
*        3.57670102527-4               0
GRID*               1199               0 9.71009020693-5-2.46428032664-5*
*        3.48079531724-4               0
GRID*               1200               0 6.35741494348-5-2.62486876956-5*
*        3.40448144531-4               0
GRID*               1201               0 9.89839090138-5 -1.2850292621-5*
*        3.21267002924-4               0
GRID*               1202               0 7.33299033288-5-4.05958003269-5*
*        3.32562163051-4               0
GRID*               1203               0 9.37756010132-5-3.57367111568-5*
*        3.22971592247-4               0
GRID*               1204               0 8.33368711642-5 -5.5154538315-5*
*         3.2467618157-4               0
GRID*               1205               0 8.10901553849-5-1.96039211649-5*
*        3.30857573728-4               0
GRID*               1206               0 4.82090514378-5 1.30654229028-5*
*         2.1299687364-4               0
GRID*               1207               0 4.74685556169-5 1.50409025149-5*
*        1.90700078358-4               0
GRID*               1208               0 5.34829310444-5 3.43786148393-5*
*        1.97929669801-4               0
GRID*               1209               0 3.17530632436-5  1.6650629335-5*
*        2.12281523948-4               0
GRID*               1210               0-5.79718263162-5-9.96144386791-6*
*        1.41004287529-4               0
GRID*               1211               0-5.86937778424-5 3.35154921158-6*
*        1.72146728525-4               0
GRID*               1212               0-7.66274852571-5-1.94946680784-5*
*        1.24907853185-4               0
GRID*               1213               0-9.90191909001-5-1.60425129893-5*
*        1.37196431152-4               0
GRID*               1214               0-7.16460752101-5-3.05882455669-5*
*        1.41991558078-4               0
GRID*               1215               0-7.51883640073-5-1.94627695163-5*
*        1.73133999075-4               0
GRID*               1216               0-9.62995775412-5 -2.9376824843-5*
*        1.54280136046-4               0
GRID*               1217               0-9.95571081162-5-2.49919725196-6*
*        1.65581443464-4               0
GRID*               1218               0-7.78873539994-5 7.36164073853-6*
*        1.84435306493-4               0
GRID*               1219               0-7.86222226059-5-6.30346419172-6*
*        1.53292865497-4               0
GRID*               1220               0 5.50954250179-5-9.00460851936-6*
*        1.91995742975-4               0
GRID*               1221               0 6.90022291405-5-1.40398521784-5*
*        2.00520999034-4               0
GRID*               1222               0 5.58359208388-5-1.09800881315-5*
*        2.14292538257-4               0
GRID*               1223               0 6.51756840687-5 9.46103762357-6*
*        1.99225334417-4               0
GRID*               1224               0  2.9827725973-5-4.83549107649-5*
*        1.39436972398-4               0
GRID*               1225               0-5.20866336778-5-1.89304711249-5*
*        1.27849220471-4               0
GRID*               1226               0  2.5772066263-5 4.75194800153-5*
*        1.49044893139-4               0
GRID*               1227               0 5.03303029902-5-3.73389693309-5*
*        2.01714980447-4               0
GRID*               1228               0 -3.6962644682-5-8.14757858743-6*
*         2.0417244755-4               0
GRID*               1229               0-5.08651479175-5-2.46976765952-5*
*        1.83002569604-4               0
GRID*               1230               0-3.83736677941-5-4.32991681961-6*
*        1.82015299054-4               0
GRID*               1231               0-5.72827547303-5-4.66112556239-7*
*        1.94303877022-4               0
GRID*               1232               0-4.49121863321-5 9.72658498573-6*
*        7.29089934611-5               0
GRID*               1233               0-3.08818205947-5-3.57733046075-5*
*        1.92310239433-4               0
GRID*               1234               0 4.86482086491-5 3.13440018266-5*
*        2.89577666767-4               0
GRID*               1235               0 9.68141205245-6-4.93302591697-5*
*        7.33996466697-5               0
GRID*               1236               0 5.17088528343-5-6.09614765567-5*
*        3.82778042004-4               0
GRID*               1237               0 5.06945339086-5  -8.600348455-5*
*                  4.0-4               0
GRID*               1238               0 6.21333414471-5-7.80768390438-5*
*        3.74892060523-4               0
GRID*               1239               0 5.28338780255-5-3.63313818471-5*
*        3.65556084008-4               0
GRID*               1240               0 8.60034838679-5-5.06945350831-5*
*                  4.0-4               0
GRID*               1241               0 6.92127243167-5-4.34576053324-5*
*        3.82778042004-4               0
GRID*               1242               0 8.01201125964-5 -5.9359308717-5*
*        3.74892060523-4               0
GRID*               1243               0 7.30141205322-5-6.77938569655-5*
*        3.49784121047-4               0
GRID*               1244               0 6.27983923082-5-5.19568067279-5*
*        3.57670102527-4               0
GRID*               1245               0-3.94299365491-5 6.42938964898-5*
*        2.93421573479-4               0
GRID*               1246               0-5.55283139395-5 8.06093776588-5*
*         2.8355300295-4               0
GRID*               1247               0-2.63645681737-5  4.5770075446-5*
*        2.75034057173-4               0
GRID*               1248               0-5.80443468271-5 7.80195502898-5*
*        2.55296916115-4               0
GRID*               1249               0-1.73412846037-5 7.31173316084-5*
*        2.84181124046-4               0
GRID*               1250               0-3.20188373555-5 9.48286068261-5*
*        2.74312553517-4               0
GRID*               1251               0  -4.206221289-5 6.18216692361-5*
*        2.65165486644-4               0
GRID*               1252               0-2.59489785655-6 2.53024867444-5*
*         3.3289680387-4               0
GRID*               1253               0 3.47609138316-7 4.99239147451-5*
*        3.03918739242-4               0
GRID*               1254               0-8.08403775693-6 2.63874037784-5*
*        2.94771672368-4               0
GRID*               1255               0 7.58651585467-6 2.33723213749-5*
*        3.15674845874-4               0
GRID*               1256               0-2.08754282733-5 4.46851584121-5*
*        3.13159188674-4               0
GRID*               1257               0 5.90313106054-5-4.15274399629-5*
*                  4.0-4               0
GRID*               1258               0 4.15274391231-5-5.90313111872-5*
*                  4.0-4               0
GRID*               1259               0 3.24710506031-5 -3.2471051108-5*
*                  4.0-4               0
GRID*               1260               0 4.26524643143-5-3.44012164776-5*
*        3.82778042004-4               0
PARAM    STR_CID      -2
$--1---><--2---><--3---><--4---><--5---><--6---><--7---><--8---><--9---><--10-->
$$$$$$$$$$$$$$$$$$$$$$$$$$$$$$$$$$$ Material $$$$$$$$$$$$$$$$$$$$$$$$$$$$$$$$$$$
MAT1*                  1          3.0+10 1.1538461538+10           3.0-1*
*                  0.0+0           0.0+0           0.0+0
$--1---><--2---><--3---><--4---><--5---><--6---><--7---><--8---><--9---><--10-->
SPC            1       7       1   0.0+0
SPC            1       7       2   0.0+0
SPC            1       7       3   0.0+0
SPC            1       8       1   0.0+0
SPC            1       8       2   0.0+0
SPC            1       8       3   0.0+0
SPC            1       9       1   0.0+0
SPC            1       9       2   0.0+0
SPC            1       9       3   0.0+0
SPC            1      10       1   0.0+0
SPC            1      10       2   0.0+0
SPC            1      10       3   0.0+0
SPC            1      11       1   0.0+0
SPC            1      11       2   0.0+0
SPC            1      11       3   0.0+0
SPC            1      12       1   0.0+0
SPC            1      12       2   0.0+0
SPC            1      12       3   0.0+0
SPC            1      14       1   0.0+0
SPC            1      14       2   0.0+0
SPC            1      14       3   0.0+0
SPC            1      46       1   0.0+0
SPC            1      46       2   0.0+0
SPC            1      46       3   0.0+0
SPC            1      47       1   0.0+0
SPC            1      47       2   0.0+0
SPC            1      47       3   0.0+0
SPC            1      48       1   0.0+0
SPC            1      48       2   0.0+0
SPC            1      48       3   0.0+0
SPC            1      49       1   0.0+0
SPC            1      49       2   0.0+0
SPC            1      49       3   0.0+0
SPC            1      50       1   0.0+0
SPC            1      50       2   0.0+0
SPC            1      50       3   0.0+0
SPC            1      51       1   0.0+0
SPC            1      51       2   0.0+0
SPC            1      51       3   0.0+0
SPC            1      58       1   0.0+0
SPC            1      58       2   0.0+0
SPC            1      58       3   0.0+0
SPC            1      59       1   0.0+0
SPC            1      59       2   0.0+0
SPC            1      59       3   0.0+0
SPC            1      60       1   0.0+0
SPC            1      60       2   0.0+0
SPC            1      60       3   0.0+0
SPC            1      61       1   0.0+0
SPC            1      61       2   0.0+0
SPC            1      61       3   0.0+0
SPC            1      62       1   0.0+0
SPC            1      62       2   0.0+0
SPC            1      62       3   0.0+0
SPC            1      63       1   0.0+0
SPC            1      63       2   0.0+0
SPC            1      63       3   0.0+0
SPC            1     327       1   0.0+0
SPC            1     327       2   0.0+0
SPC            1     327       3   0.0+0
SPC            1     330       1   0.0+0
SPC            1     330       2   0.0+0
SPC            1     330       3   0.0+0
SPC            1     331       1   0.0+0
SPC            1     331       2   0.0+0
SPC            1     331       3   0.0+0
SPC            1     335       1   0.0+0
SPC            1     335       2   0.0+0
SPC            1     335       3   0.0+0
SPC            1     336       1   0.0+0
SPC            1     336       2   0.0+0
SPC            1     336       3   0.0+0
SPC            1     338       1   0.0+0
SPC            1     338       2   0.0+0
SPC            1     338       3   0.0+0
SPC            1     345       1   0.0+0
SPC            1     345       2   0.0+0
SPC            1     345       3   0.0+0
SPC            1     348       1   0.0+0
SPC            1     348       2   0.0+0
SPC            1     348       3   0.0+0
SPC            1     349       1   0.0+0
SPC            1     349       2   0.0+0
SPC            1     349       3   0.0+0
SPC            1     462       1   0.0+0
SPC            1     462       2   0.0+0
SPC            1     462       3   0.0+0
SPC            1     463       1   0.0+0
SPC            1     463       2   0.0+0
SPC            1     463       3   0.0+0
SPC            1     467       1   0.0+0
SPC            1     467       2   0.0+0
SPC            1     467       3   0.0+0
SPC            1     469       1   0.0+0
SPC            1     469       2   0.0+0
SPC            1     469       3   0.0+0
SPC            1     475       1   0.0+0
SPC            1     475       2   0.0+0
SPC            1     475       3   0.0+0
SPC            1     478       1   0.0+0
SPC            1     478       2   0.0+0
SPC            1     478       3   0.0+0
SPC            1     479       1   0.0+0
SPC            1     479       2   0.0+0
SPC            1     479       3   0.0+0
SPC            1     483       1   0.0+0
SPC            1     483       2   0.0+0
SPC            1     483       3   0.0+0
SPC            1     485       1   0.0+0
SPC            1     485       2   0.0+0
SPC            1     485       3   0.0+0
SPC            1     494       1   0.0+0
SPC            1     494       2   0.0+0
SPC            1     494       3   0.0+0
SPC            1     495       1   0.0+0
SPC            1     495       2   0.0+0
SPC            1     495       3   0.0+0
SPC            1     499       1   0.0+0
SPC            1     499       2   0.0+0
SPC            1     499       3   0.0+0
SPC            1     500       1   0.0+0
SPC            1     500       2   0.0+0
SPC            1     500       3   0.0+0
SPC            1     502       1   0.0+0
SPC            1     502       2   0.0+0
SPC            1     502       3   0.0+0
SPC            1     776       1   0.0+0
SPC            1     776       2   0.0+0
SPC            1     776       3   0.0+0
SPC            1     778       1   0.0+0
SPC            1     778       2   0.0+0
SPC            1     778       3   0.0+0
SPC            1     786       1   0.0+0
SPC            1     786       2   0.0+0
SPC            1     786       3   0.0+0
SPC            1     787       1   0.0+0
SPC            1     787       2   0.0+0
SPC            1     787       3   0.0+0
SPC            1     791       1   0.0+0
SPC            1     791       2   0.0+0
SPC            1     791       3   0.0+0
SPC            1     792       1   0.0+0
SPC            1     792       2   0.0+0
SPC            1     792       3   0.0+0
SPC            1     793       1   0.0+0
SPC            1     793       2   0.0+0
SPC            1     793       3   0.0+0
SPC            1    1125       1   0.0+0
SPC            1    1125       2   0.0+0
SPC            1    1125       3   0.0+0
SPC            1    1130       1   0.0+0
SPC            1    1130       2   0.0+0
SPC            1    1130       3   0.0+0
SPC            1    1168       1   0.0+0
SPC            1    1168       2   0.0+0
SPC            1    1168       3   0.0+0
SPC            1    1169       1   0.0+0
SPC            1    1169       2   0.0+0
SPC            1    1169       3   0.0+0
SPC            1    1171       1   0.0+0
SPC            1    1171       2   0.0+0
SPC            1    1171       3   0.0+0
SPC            1    1172       1   0.0+0
SPC            1    1172       2   0.0+0
SPC            1    1172       3   0.0+0
SPC            1    1174       1   0.0+0
SPC            1    1174       2   0.0+0
SPC            1    1174       3   0.0+0
SPC            1    1237       1   0.0+0
SPC            1    1237       2   0.0+0
SPC            1    1237       3   0.0+0
SPC            1    1240       1   0.0+0
SPC            1    1240       2   0.0+0
SPC            1    1240       3   0.0+0
SPC            1    1257       1   0.0+0
SPC            1    1257       2   0.0+0
SPC            1    1257       3   0.0+0
SPC            1    1258       1   0.0+0
SPC            1    1258       2   0.0+0
SPC            1    1258       3   0.0+0
SPC            1    1259       1   0.0+0
SPC            1    1259       2   0.0+0
SPC            1    1259       3   0.0+0
$--1---><--2---><--3---><--4---><--5---><--6---><--7---><--8---><--9---><--10-->
$$$$$$$$$$$$$$$$$$$$$$$$$$$$$$$$$$$ Default $$$$$$$$$$$$$$$$$$$$$$$$$$$$$$$$$$$$
PSOLID         1       1       0                        
CTETRA         1       1     170     143     118     171     531    1226+
+           1036     540     536     763
CTETRA         2       1     143     173     118     171     577     759+
+           1226     536     755     763
CTETRA         3       1     155     143     118     170     586    1226+
+           1038    1035     531    1036
CTETRA         4       1     143     173     155     118     577     582+
+            586    1226     759    1038
CTETRA         5       1      37     154     177     142     381    1220+
+            603     273     894     602
CTETRA         6       1     154      31     197     125     389    1023+
+           1221     906     909    1024
CTETRA         7       1     177     197      35     176    1222    1015+
+            595     596    1014     592
CTETRA         8       1     142     125     176      33     900    1019+
+            600     255     898     599
CTETRA         9       1     142     154     176     125     894    1227+
+            600     900     906    1019
CTETRA        10       1     154     197     176     125    1221    1014+
+           1227     906    1024    1019
CTETRA        11       1     177     154     176     142    1220    1227+
+            596     602     894     600
CTETRA        12       1     154     197     177     176    1221    1222+
+           1220    1227    1014     596
CTETRA        13       1      32     135     131     144     227     231+
+            230     285     795    1218
CTETRA        14       1     135      34     137     160     235     236+
+            238     797     431    1228
CTETRA        15       1     131     137      30     183     245     249+
+            248    1215    1229     691
CTETRA        16       1     144     160     183      36     801    1230+
+           1211     277     426     682
CTETRA        17       1     144     135     183     160     795    1231+
+           1211     801     797    1230
CTETRA        18       1     135     137     183     160     238    1229+
+           1231     797    1228    1230
CTETRA        19       1     131     135     183     144     231    1231+
+           1215    1218     795    1211
CTETRA        20       1     135     137     131     183     238     245+
+            231    1231    1229    1215
CTETRA        21       1      39     162     184     150     441     980+
+            722     359     442     750
CTETRA        22       1     162      23     172      94     447     552+
+            981     446     445     554
CTETRA        23       1     184     172      13     134     982     545+
+            717     752     548     211
CTETRA        24       1     150      94     134      15     450     561+
+            748     352     451     224
CTETRA        25       1     150     162     134      94     442    1232+
+            748     450     446     561
CTETRA        26       1     162     172     134      94     981     548+
+           1232     446     554     561
CTETRA        27       1     184     162     134     150     980    1232+
+            752     750     442     748
CTETRA        28       1     162     172     184     134     981     982+
+            980    1232     548     752
CTETRA        29       1      34     161     137     160     434    1185+
+            236     431     435    1228
CTETRA        30       1     161      33     130     141     439     679+
+           1187     438     254     680
CTETRA        31       1     137     130      30     183    1189     690+
+            249    1229     687     691
CTETRA        32       1     160     141     183      36     427     684+
+           1230     426     264     682
CTETRA        33       1     160     161     183     141     435    1233+
+           1230     427     438     684
CTETRA        34       1     161     130     183     141    1187     687+
+           1233     438     680     684
CTETRA        35       1     137     161     183     160    1185    1233+
+           1229    1228     435    1230
CTETRA        36       1     161     130     137     183    1187    1189+
+           1185    1233     687    1229
CTETRA        37       1      22     167      82     199     516     520+
+            519    1059    1062    1147
CTETRA        38       1     167      38     168     189     506     507+
+            509    1066     807    1006
CTETRA        39       1      82     168      20     196     524     525+
+            527    1143    1003    1000
CTETRA        40       1     199     189     196      35    1054    1005+
+           1139    1052     812     986
CTETRA        41       1     199     167     196     189    1062    1234+
+           1139    1054    1066    1005
CTETRA        42       1     167     168     196     189     509    1003+
+           1234    1066    1006    1005
CTETRA        43       1      82     167     196     199     520    1234+
+           1143    1147    1062    1139
CTETRA        44       1     167     168      82     196     509     524+
+            520    1234    1003    1143
CTETRA        45       1      17      95     133     152     705     707+
+            202     372    1113     751
CTETRA        46       1      95      24     148     185     712     323+
+            709    1107     715     714
CTETRA        47       1     133     148      13     184     701     305+
+            210     753     718     717
CTETRA        48       1     152     185     184      39    1111     721+
+            749     360     720     722
CTETRA        49       1     152      95     184     185    1113    1235+
+            749    1111    1107     721
CTETRA        50       1      95     148     184     185     709     718+
+           1235    1107     714     721
CTETRA        51       1     133      95     184     152     707    1235+
+            753     751    1113     749
CTETRA        52       1      95     148     133     184     709     701+
+            707    1235     718     753
CTETRA        53       1      12     157      50      92     414    1236+
+           1237     415     417    1238
CTETRA        54       1     157      38     200     158     406    1123+
+           1239     410     409    1200
CTETRA        55       1      50     200      11      93    1241    1128+
+           1240    1242    1198    1197
CTETRA        56       1      92     158      93      26     419    1202+
+           1243     423     422    1204
CTETRA        57       1      92     157      93     158     417    1244+
+           1243     419     410    1202
CTETRA        58       1     157     200      93     158    1239    1198+
+           1244     410    1200    1202
CTETRA        59       1      50     157      93      92    1236    1244+
+           1242    1238     417    1243
CTETRA        60       1     157     200      50      93    1239    1241+
+           1236    1244    1198    1242
CTETRA        61       1      25     193     113      89     867    1043+
+           1042     955    1245    1246
CTETRA        62       1     193      34     135     192     873     235+
+           1045    1247     851     850
CTETRA        63       1     113     135      32     112    1047     227+
+           1049    1248     854     853
CTETRA        64       1      89     192     112      20    1249     845+
+           1250     948     844     846
CTETRA        65       1      89     193     112     192    1245    1251+
+           1250    1249    1247     845
CTETRA        66       1     193     135     112     192    1045     854+
+           1251    1247     850     845
CTETRA        67       1     113     193     112      89    1043    1251+
+           1248    1246    1245    1250
CTETRA        68       1     193     135     113     112    1045    1047+
+           1043    1251     854    1248
CTETRA        69       1      14     187     178     180     774     946+
+            605     607    1252     608
CTETRA        70       1     187      20     168     192     781     525+
+            944    1253     844    1004
CTETRA        71       1     178     168      38     179     942     507+
+            611     614    1007     612
CTETRA        72       1     180     192     179      34    1254    1008+
+            619     622     851     623
CTETRA        73       1     180     187     179     192    1252    1255+
+            619    1254    1253    1008
CTETRA        74       1     187     168     179     192     944    1007+
+           1255    1253    1004    1008
CTETRA        75       1     178     187     179     180     946    1255+
+            614     608    1252     619
CTETRA        76       1     187     168     178     179     944     942+
+            946    1255    1007     614
CTETRA        77       1      25     193      89     165     867    1245+
+            955     488     868     953
CTETRA        78       1     193      34     192     180     873     851+
+           1247     872     622    1254
CTETRA        79       1      89     192      20     187    1249     844+
+            948     949    1253     781
CTETRA        80       1     165     180     187      14     875    1252+
+            951     481     607     774
CTETRA        81       1     165     193     187     180     868    1256+
+            951     875     872    1252
CTETRA        82       1     193     192     187     180    1247    1253+
+           1256     872    1254    1252
CTETRA        83       1      89     193     187     165    1245    1256+
+            949     953     868     951
CTETRA        84       1     193     192      89     187    1247    1249+
+           1245    1256    1253     949
CTETRA        85       1      11     200      50      63    1128    1241+
+           1240    1174    1173    1257
CTETRA        86       1     200      38     157     178    1123     406+
+           1239    1167     611    1011
CTETRA        87       1      50     157      12      61    1236     414+
+           1237    1258    1010     478
CTETRA        88       1      63     178      61      14    1170    1012+
+           1259    1169     605     462
CTETRA        89       1      63     200      61     178    1173    1260+
+           1259    1170    1167    1012
CTETRA        90       1     200     157      61     178    1239    1010+
+           1260    1167    1011    1012
CTETRA        91       1      50     200      61      63    1241    1260+
+           1258    1257    1173    1259
CTETRA        92       1     200     157      50      61    1239    1236+
+           1241    1260    1010    1258
CTETRA        93       1      17     133      69      80     202     203+
+            204     205     206     207
CTETRA        94       1     133      13      53     134     210     208+
+            209     213     211     212
CTETRA        95       1      69      53       1      64     215     216+
+            214     218     219     217
CTETRA        96       1      80     134      64      15     220     221+
+            222     223     224     225
CTETRA        97       1      80     133      64     134     206     226+
+            222     220     213     221
CTETRA        98       1     133      53      64     134     209     219+
+            226     213     212     221
CTETRA        99       1      69     133      64      80     203     226+
+            218     207     206     222
CTETRA       100       1     133      53      69      64     209     215+
+            203     226     219     218
CTETRA       101       1      32     135     123     131     227     228+
+            229     230     231     232
CTETRA       102       1     135      34     136     137     235     233+
+            234     238     236     237
CTETRA       103       1     123     136      29     132     240     241+
+            239     243     244     242
CTETRA       104       1     131     137     132      30     245     246+
+            247     248     249     250
CTETRA       105       1     131     135     132     137     231     251+
+            247     245     238     246
CTETRA       106       1     135     136     132     137     234     244+
+            251     238     237     246
CTETRA       107       1     123     135     132     131     228     251+
+            243     232     231     247
CTETRA       108       1     135     136     123     132     234     240+
+            228     251     244     243
CTETRA       109       1      33     138     141     142     252     253+
+            254     255     256     257
CTETRA       110       1     138      39     139     140     260     258+
+            259     263     261     262
CTETRA       111       1     141     139      36     143     265     266+
+            264     268     269     267
CTETRA       112       1     142     140     143      37     270     271+
+            272     273     274     275
CTETRA       113       1     142     138     143     140     256     276+
+            272     270     263     271
CTETRA       114       1     138     139     143     140     259     269+
+            276     263     262     271
CTETRA       115       1     141     138     143     142     253     276+
+            268     257     256     272
CTETRA       116       1     138     139     141     143     259     265+
+            253     276     269     268
CTETRA       117       1      36     144     145     146     277     278+
+            279     280     281     282
CTETRA       118       1     144      32     115     128     285     283+
+            284     288     286     287
CTETRA       119       1     145     115      28     100     290     291+
+            289     293     294     292
CTETRA       120       1     146     128     100      23     295     296+
+            297     298     299     300
CTETRA       121       1     146     144     100     128     281     301+
+            297     295     288     296
CTETRA       122       1     144     115     100     128     284     294+
+            301     288     287     296
CTETRA       123       1     145     144     100     146     278     301+
+            293     282     281     297
CTETRA       124       1     144     115     145     100     284     290+
+            278     301     294     293
CTETRA       125       1      13      57     147     148     302     303+
+            304     305     306     307
CTETRA       126       1      57       5      71      87     310     308+
+            309     313     311     312
CTETRA       127       1     147      71      18     102     315     316+
+            314     318     319     317
CTETRA       128       1     148      87     102      24     320     321+
+            322     323     324     325
CTETRA       129       1     148      57     102      87     306     326+
+            322     320     313     321
CTETRA       130       1      57      71     102      87     309     319+
+            326     313     312     321
CTETRA       131       1     147      57     102     148     303     326+
+            318     307     306     322
CTETRA       132       1      57      71     147     102     309     315+
+            303     326     319     318
CTETRA       133       1       7      58      73      46     327     328+
+            329     330     331     332
CTETRA       134       1      58      14     149      59     335     333+
+            334     338     336     337
CTETRA       135       1      73     149      19      72     340     341+
+            339     343     344     342
CTETRA       136       1      46      59      72       8     345     346+
+            347     348     349     350
CTETRA       137       1      46      58      72      59     331     351+
+            347     345     338     346
CTETRA       138       1      58     149      72      59     334     344+
+            351     338     337     346
CTETRA       139       1      73      58      72      46     328     351+
+            343     332     331     347
CTETRA       140       1      58     149      73      72     334     340+
+            328     351     344     343
CTETRA       141       1      15     150     107      80     352     353+
+            354     223     355     356
CTETRA       142       1     150      39     151     152     359     357+
+            358     362     360     361
CTETRA       143       1     107     151      30     106     364     365+
+            363     367     368     366
CTETRA       144       1      80     152     106      17     369     370+
+            371     205     372     373
CTETRA       145       1      80     150     106     152     355     374+
+            371     369     362     370
CTETRA       146       1     150     151     106     152     358     368+
+            374     362     361     370
CTETRA       147       1     107     150     106      80     353     374+
+            367     356     355     371
CTETRA       148       1     150     151     107     106     358     364+
+            353     374     368     367
CTETRA       149       1      18     153     126     124     375     376+
+            377     378     379     380
CTETRA       150       1     153      37     154     155     383     381+
+            382     386     384     385
CTETRA       151       1     126     154      31     121     388     389+
+            387     391     392     390
CTETRA       152       1     124     155     121      27     393     394+
+            395     396     397     398
CTETRA       153       1     124     153     121     155     379     399+
+            395     393     386     394
CTETRA       154       1     153     154     121     155     382     392+
+            399     386     385     394
CTETRA       155       1     126     153     121     124     376     399+
+            391     380     379     395
CTETRA       156       1     153     154     126     121     382     388+
+            376     399     392     391
CTETRA       157       1      21     156      77     103     400     401+
+            402     403     404     405
CTETRA       158       1     156      38     157     158     408     406+
+            407     411     409     410
CTETRA       159       1      77     157      12      92     413     414+
+            412     416     417     415
CTETRA       160       1     103     158      92      26     418     419+
+            420     421     422     423
CTETRA       161       1     103     156      92     158     404     424+
+            420     418     411     419
CTETRA       162       1     156     157      92     158     407     417+
+            424     411     410     419
CTETRA       163       1      77     156      92     103     401     424+
+            416     405     404     420
CTETRA       164       1     156     157      77      92     407     413+
+            401     424     417     416
CTETRA       165       1      36     143     160     141     267     425+
+            426     264     268     427
CTETRA       166       1     143      37     159     142     275     428+
+            429     272     273     430
CTETRA       167       1     160     159      34     161     432     433+
+            431     435     436     434
CTETRA       168       1     141     142     161      33     257     437+
+            438     254     255     439
CTETRA       169       1     141     143     161     142     268     440+
+            438     257     272     437
CTETRA       170       1     143     159     161     142     429     436+
+            440     272     430     437
CTETRA       171       1     160     143     161     141     425     440+
+            435     427     268     438
CTETRA       172       1     143     159     160     161     429     432+
+            425     440     436     435
CTETRA       173       1      39     162     150     139     441     442+
+            359     258     443     444
CTETRA       174       1     162      23      94     146     447     445+
+            446     449     298     448
CTETRA       175       1     150      94      15     163     450     451+
+            352     453     454     452
CTETRA       176       1     139     146     163      36     455     456+
+            457     266     280     458
CTETRA       177       1     139     162     163     146     443     459+
+            457     455     449     456
CTETRA       178       1     162      94     163     146     446     454+
+            459     449     448     456
CTETRA       179       1     150     162     163     139     442     459+
+            453     444     443     457
CTETRA       180       1     162      94     150     163     446     450+
+            442     459     454     453
CTETRA       181       1      14      58     164      61     335     460+
+            461     462     463     464
CTETRA       182       1      58       7      76      51     327     465+
+            466     469     467     468
CTETRA       183       1     164      76      21      77     471     472+
+            470     473     474     402
CTETRA       184       1      61      51      77      12     475     476+
+            477     478     479     412
CTETRA       185       1      61      58      77      51     463     480+
+            477     475     469     476
CTETRA       186       1      58      76      77      51     466     474+
+            480     469     468     476
CTETRA       187       1     164      58      77      61     460     480+
+            473     464     463     477
CTETRA       188       1      58      76     164      77     466     471+
+            460     480     474     473
CTETRA       189       1      14     165      59      60     481     482+
+            336     483     484     485
CTETRA       190       1     165      25      91      90     488     486+
+            487     491     489     490
CTETRA       191       1      59      91       8      47     492     493+
+            349     495     496     494
CTETRA       192       1      60      90      47       9     497     498+
+            499     500     501     502
CTETRA       193       1      60     165      47      90     484     503+
+            499     497     491     498
CTETRA       194       1     165      91      47      90     487     496+
+            503     491     490     498
CTETRA       195       1      59     165      47      60     482     503+
+            495     485     484     499
CTETRA       196       1     165      91      59      47     487     492+
+            482     503     496     495
CTETRA       197       1      38     166     167     168     504     505+
+            506     507     508     509
CTETRA       198       1     166      10      79      74     512     510+
+            511     515     513     514
CTETRA       199       1     167      79      22      82     517     518+
+            516     520     521     519
CTETRA       200       1     168      74      82      20     522     523+
+            524     525     526     527
CTETRA       201       1     168     166      82      74     508     528+
+            524     522     515     523
CTETRA       202       1     166      79      82      74     511     521+
+            528     515     514     523
CTETRA       203       1     167     166      82     168     505     528+
+            520     509     508     524
CTETRA       204       1     166      79     167      82     511     517+
+            505     528     521     520
CTETRA       205       1      37     140     143     170     274     271+
+            275     529     530     531
CTETRA       206       1     140      39     139     169     261     258+
+            262     534     532     533
CTETRA       207       1     143     139      36     171     269     266+
+            267     536     537     535
CTETRA       208       1     170     169     171      16     538     539+
+            540     541     542     543
CTETRA       209       1     170     140     171     169     530     544+
+            540     538     534     539
CTETRA       210       1     140     139     171     169     262     537+
+            544     534     533     539
CTETRA       211       1     143     140     171     170     271     544+
+            536     531     530     540
CTETRA       212       1     140     139     143     171     262     269+
+            271     544     537     536
CTETRA       213       1      13     172      52     134     545     546+
+            547     211     548     549
CTETRA       214       1     172      23      84      94     552     550+
+            551     554     445     553
CTETRA       215       1      52      84       2      65     556     557+
+            555     559     560     558
CTETRA       216       1     134      94      65      15     561     562+
+            563     224     451     564
CTETRA       217       1     134     172      65      94     548     565+
+            563     561     554     562
CTETRA       218       1     172      84      65      94     551     560+
+            565     554     553     562
CTETRA       219       1      52     172      65     134     546     565+
+            559     549     548     563
CTETRA       220       1     172      84      52      65     551     556+
+            546     565     560     559
CTETRA       221       1      13      52      53     134     547     566+
+            208     211     549     212
CTETRA       222       1      52       2      40      65     555     567+
+            568     559     558     569
CTETRA       223       1      53      40       1      64     570     571+
+            216     219     572     217
CTETRA       224       1     134      65      64      15     563     573+
+            221     224     564     225
CTETRA       225       1     134      52      64      65     549     574+
+            221     563     559     573
CTETRA       226       1      52      40      64      65     568     572+
+            574     559     569     573
CTETRA       227       1      53      52      64     134     566     574+
+            219     212     549     221
CTETRA       228       1      52      40      53      64     568     570+
+            566     574     572     219
CTETRA       229       1      36     173     160     143     575     576+
+            426     267     577     425
CTETRA       230       1     173      27     174     155     580     578+
+            579     582     397     581
CTETRA       231       1     160     174      34     159     583     584+
+            431     432     585     433
CTETRA       232       1     143     155     159      37     586     587+
+            429     275     384     428
CTETRA       233       1     143     173     159     155     577     588+
+            429     586     582     587
CTETRA       234       1     173     174     159     155     579     585+
+            588     582     581     587
CTETRA       235       1     160     173     159     143     576     588+
+            432     425     577     429
CTETRA       236       1     173     174     160     159     579     583+
+            576     588     585     432
CTETRA       237       1      34     175     161     159     589     590+
+            434     433     591     436
CTETRA       238       1     175      35     176     177     594     592+
+            593     597     595     596
CTETRA       239       1     161     176      33     142     598     599+
+            439     437     600     255
CTETRA       240       1     159     177     142      37     601     602+
+            430     428     603     273
CTETRA       241       1     159     175     142     177     591     604+
+            430     601     597     602
CTETRA       242       1     175     176     142     177     593     600+
+            604     597     596     602
CTETRA       243       1     161     175     142     159     590     604+
+            437     436     591     430
CTETRA       244       1     175     176     161     142     593     598+
+            590     604     600     437
CTETRA       245       1      14     178     164     180     605     606+
+            461     607     608     609
CTETRA       246       1     178      38     156     179     611     408+
+            610     614     612     613
CTETRA       247       1     164     156      21     181     615     400+
+            470     617     618     616
CTETRA       248       1     180     179     181      34     619     620+
+            621     622     623     624
CTETRA       249       1     180     178     181     179     608     625+
+            621     619     614     620
CTETRA       250       1     178     156     181     179     610     618+
+            625     614     613     620
CTETRA       251       1     164     178     181     180     606     625+
+            617     609     608     621
CTETRA       252       1     178     156     164     181     610     615+
+            606     625     618     617
CTETRA       253       1      13      56      55     182     626     627+
+            628     629     630     631
CTETRA       254       1      56       4      42      67     634     632+
+            633     637     635     636
CTETRA       255       1      55      42       3      66     639     640+
+            638     642     643     641
CTETRA       256       1     182      67      66      16     644     645+
+            646     647     648     649
CTETRA       257       1     182      56      66      67     630     650+
+            646     644     637     645
CTETRA       258       1      56      42      66      67     633     643+
+            650     637     636     645
CTETRA       259       1      55      56      66     182     627     650+
+            642     631     630     646
CTETRA       260       1      56      42      55      66     633     639+
+            627     650     643     642
CTETRA       261       1       5      57      71      43     310     309+
+            308     651     652     653
CTETRA       262       1      57      13     147      56     302     304+
+            303     655     626     654
CTETRA       263       1      71     147      18      70     315     314+
+            316     657     658     656
CTETRA       264       1      43      56      70       4     659     660+
+            661     662     634     663
CTETRA       265       1      43      57      70      56     652     664+
+            661     659     655     660
CTETRA       266       1      57     147      70      56     303     658+
+            664     655     654     660
CTETRA       267       1      71      57      70      43     309     664+
+            657     653     652     661
CTETRA       268       1      57     147      71      70     303     315+
+            309     664     658     657
CTETRA       269       1      23     172      84      85     552     551+
+            550     665     666     667
CTETRA       270       1     172      13      52      55     545     547+
+            546     669     628     668
CTETRA       271       1      84      52       2      41     556     555+
+            557     671     672     670
CTETRA       272       1      85      55      41       3     673     674+
+            675     676     638     677
CTETRA       273       1      85     172      41      55     666     678+
+            675     673     669     674
CTETRA       274       1     172      52      41      55     546     672+
+            678     669     668     674
CTETRA       275       1      84     172      41      85     551     678+
+            671     667     666     675
CTETRA       276       1     172      52      84      41     546     556+
+            551     678     672     671
CTETRA       277       1      33     141     138     130     254     253+
+            252     679     680     681
CTETRA       278       1     141      36     139     183     264     266+
+            265     684     682     683
CTETRA       279       1     138     139      39     151     259     258+
+            260     685     686     357
CTETRA       280       1     130     183     151      30     687     688+
+            689     690     691     365
CTETRA       281       1     130     141     151     183     680     692+
+            689     687     684     688
CTETRA       282       1     141     139     151     183     265     686+
+            692     684     683     688
CTETRA       283       1     138     141     151     130     253     692+
+            685     681     680     689
CTETRA       284       1     141     139     138     151     265     259+
+            253     692     686     685
CTETRA       285       1       6      54      68      88     693     694+
+            695     696     697     698
CTETRA       286       1      54      13     133     148     700     210+
+            699     702     305     701
CTETRA       287       1      68     133      17      95     704     202+
+            703     706     707     705
CTETRA       288       1      88     148      95      24     708     709+
+            710     711     323     712
CTETRA       289       1      88      54      95     148     697     713+
+            710     708     702     709
CTETRA       290       1      54     133      95     148     699     707+
+            713     702     701     709
CTETRA       291       1      68      54      95      88     694     713+
+            706     698     697     710
CTETRA       292       1      54     133      68      95     699     704+
+            694     713     707     706
CTETRA       293       1      24     148     185     102     323     714+
+            715     325     322     716
CTETRA       294       1     148      13     184     147     305     717+
+            718     307     304     719
CTETRA       295       1     185     184      39     186     721     722+
+            720     724     725     723
CTETRA       296       1     102     147     186      18     318     726+
+            727     317     314     728
CTETRA       297       1     102     148     186     147     322     729+
+            727     318     307     726
CTETRA       298       1     148     184     186     147     718     725+
+            729     307     719     726
CTETRA       299       1     185     148     186     102     714     729+
+            724     716     322     727
CTETRA       300       1     148     184     185     186     718     721+
+            714     729     725     724
CTETRA       301       1      39     162     139     169     441     443+
+            258     532     730     533
CTETRA       302       1     162      23     146      86     447     298+
+            449     733     731     732
CTETRA       303       1     139     146      36     171     455     280+
+            266     537     734     535
CTETRA       304       1     169      86     171      16     735     736+
+            539     542     737     543
CTETRA       305       1     169     162     171      86     730     738+
+            539     735     733     736
CTETRA       306       1     162     146     171      86     449     734+
+            738     733     732     736
CTETRA       307       1     139     162     171     169     443     738+
+            537     533     730     539
CTETRA       308       1     162     146     139     171     449     455+
+            443     738     734     537
CTETRA       309       1      39     138     151     152     260     685+
+            357     360     739     361
CTETRA       310       1     138      33     130     117     252     679+
+            681     742     740     741
CTETRA       311       1     151     130      30     106     689     690+
+            365     368     743     366
CTETRA       312       1     152     117     106      17     744     745+
+            370     372     746     373
CTETRA       313       1     152     138     106     117     739     747+
+            370     744     742     745
CTETRA       314       1     138     130     106     117     681     743+
+            747     742     741     745
CTETRA       315       1     151     138     106     152     685     747+
+            368     361     739     370
CTETRA       316       1     138     130     151     106     681     689+
+            685     747     743     368
CTETRA       317       1      15     150      80     134     352     355+
+            223     224     748     220
CTETRA       318       1     150      39     152     184     359     360+
+            362     750     722     749
CTETRA       319       1      80     152      17     133     369     372+
+            205     206     751     202
CTETRA       320       1     134     184     133      13     752     753+
+            213     211     717     210
CTETRA       321       1     134     150     133     184     748     754+
+            213     752     750     753
CTETRA       322       1     150     152     133     184     362     751+
+            754     750     749     753
CTETRA       323       1      80     150     133     134     355     754+
+            206     220     748     213
CTETRA       324       1     150     152      80     133     362     369+
+            355     754     751     206
CTETRA       325       1      36     173     171     145     575     755+
+            535     279     756     757
CTETRA       326       1     173      27     118     110     580     758+
+            759     762     760     761
CTETRA       327       1     171     118      16     101     763     764+
+            543     766     767     765
CTETRA       328       1     145     110     101      28     768     769+
+            770     289     771     772
CTETRA       329       1     145     173     101     110     756     773+
+            770     768     762     769
CTETRA       330       1     173     118     101     110     759     767+
+            773     762     761     769
CTETRA       331       1     171     173     101     145     755     773+
+            766     757     756     770
CTETRA       332       1     173     118     171     101     759     763+
+            755     773     767     766
CTETRA       333       1      14     187      60      62     774     775+
+            483     776     777     778
CTETRA       334       1     187      20      75      74     781     779+
+            780     783     526     782
CTETRA       335       1      60      75       9      48     784     785+
+            500     787     788     786
CTETRA       336       1      62      74      48      10     789     790+
+            791     792     513     793
CTETRA       337       1      62     187      48      74     777     794+
+            791     789     783     790
CTETRA       338       1     187      75      48      74     780     788+
+            794     783     782     790
CTETRA       339       1      60     187      48      62     775     794+
+            787     778     777     791
CTETRA       340       1     187      75      60      48     780     784+
+            775     794     788     787
CTETRA       341       1      32     135     144     115     227     795+
+            285     283     796     284
CTETRA       342       1     135      34     160     188     235     431+
+            797     800     798     799
CTETRA       343       1     144     160      36     145     801     426+
+            277     278     802     279
CTETRA       344       1     115     188     145      28     803     804+
+            290     291     805     289
CTETRA       345       1     115     135     145     188     796     806+
+            290     803     800     804
CTETRA       346       1     135     160     145     188     797     802+
+            806     800     799     804
CTETRA       347       1     144     135     145     115     795     806+
+            278     284     796     290
CTETRA       348       1     135     160     144     145     797     801+
+            795     806     802     278
CTETRA       349       1      38     189     156     179     807     808+
+            408     612     809     613
CTETRA       350       1     189      35     190     175     812     810+
+            811     814     594     813
CTETRA       351       1     156     190      21     181     815     816+
+            400     618     817     616
CTETRA       352       1     179     175     181      34     818     819+
+            620     623     589     624
CTETRA       353       1     179     189     181     175     809     820+
+            620     818     814     819
CTETRA       354       1     189     190     181     175     811     817+
+            820     814     813     819
CTETRA       355       1     156     189     181     179     808     820+
+            618     613     809     620
CTETRA       356       1     189     190     156     181     811     815+
+            808     820     817     618
CTETRA       357       1      34     191     181     180     821     822+
+            624     622     823     621
CTETRA       358       1     191      19      83     149     826     824+
+            825     828     341     827
CTETRA       359       1     181      83      21     164     829     830+
+            616     617     831     470
CTETRA       360       1     180     149     164      14     832     833+
+            609     607     333     461
CTETRA       361       1     180     191     164     149     823     834+
+            609     832     828     833
CTETRA       362       1     191      83     164     149     825     831+
+            834     828     827     833
CTETRA       363       1     181     191     164     180     822     834+
+            617     621     823     609
CTETRA       364       1     191      83     181     164     825     829+
+            822     834     831     617
CTETRA       365       1      36     163     144     146     458     835+
+            277     280     456     281
CTETRA       366       1     163      15     129      94     452     836+
+            837     454     451     838
CTETRA       367       1     144     129      32     128     839     840+
+            285     288     841     286
CTETRA       368       1     146      94     128      23     448     842+
+            295     298     445     299
CTETRA       369       1     146     163     128      94     456     843+
+            295     448     454     842
CTETRA       370       1     163     129     128      94     837     841+
+            843     454     838     842
CTETRA       371       1     144     163     128     146     835     843+
+            288     281     456     295
CTETRA       372       1     163     129     144     128     837     839+
+            835     843     841     288
CTETRA       373       1      20     192     112     111     844     845+
+            846     847     848     849
CTETRA       374       1     192      34     135     188     851     235+
+            850     852     798     800
CTETRA       375       1     112     135      32     115     854     227+
+            853     855     796     283
CTETRA       376       1     111     188     115      28     856     803+
+            857     858     805     291
CTETRA       377       1     111     192     115     188     848     859+
+            857     856     852     803
CTETRA       378       1     192     135     115     188     850     796+
+            859     852     800     803
CTETRA       379       1     112     192     115     111     845     859+
+            855     849     848     857
CTETRA       380       1     192     135     112     115     850     854+
+            845     859     796     855
CTETRA       381       1      23     172      85      86     552     666+
+            665     731     860     861
CTETRA       382       1     172      13      55     182     545     628+
+            669     862     629     631
CTETRA       383       1      85      55       3      66     673     638+
+            676     863     642     641
CTETRA       384       1      86     182      66      16     864     646+
+            865     737     647     649
CTETRA       385       1      86     172      66     182     860     866+
+            865     864     862     646
CTETRA       386       1     172      55      66     182     669     642+
+            866     862     631     646
CTETRA       387       1      85     172      66      86     666     866+
+            863     861     860     865
CTETRA       388       1     172      55      85      66     669     673+
+            666     866     642     863
CTETRA       389       1      25     193     165      97     867     868+
+            488     869     870     871
CTETRA       390       1     193      34     180     191     873     622+
+            872     874     821     823
CTETRA       391       1     165     180      14     149     875     607+
+            481     876     832     333
CTETRA       392       1      97     191     149      19     877     828+
+            878     879     826     341
CTETRA       393       1      97     193     149     191     870     880+
+            878     877     874     828
CTETRA       394       1     193     180     149     191     872     832+
+            880     874     823     828
CTETRA       395       1     165     193     149      97     868     880+
+            876     871     870     878
CTETRA       396       1     193     180     165     149     872     875+
+            868     880     832     876
CTETRA       397       1      18     153     186     102     375     881+
+            728     317     882     727
CTETRA       398       1     153      37     140     194     383     274+
+            883     886     884     885
CTETRA       399       1     186     140      39     185     887     261+
+            723     724     888     720
CTETRA       400       1     102     194     185      24     889     890+
+            716     325     891     715
CTETRA       401       1     102     153     185     194     882     892+
+            716     889     886     890
CTETRA       402       1     153     140     185     194     883     888+
+            892     886     885     890
CTETRA       403       1     186     153     185     102     881     892+
+            724     727     882     716
CTETRA       404       1     153     140     186     185     883     887+
+            881     892     888     724
CTETRA       405       1      37     142     194     154     273     893+
+            884     381     894     895
CTETRA       406       1     142      33     116     125     255     896+
+            897     900     898     899
CTETRA       407       1     194     116      24     127     901     902+
+            891     904     905     903
CTETRA       408       1     154     125     127      31     906     907+
+            908     389     909     910
CTETRA       409       1     154     142     127     125     894     911+
+            908     906     900     907
CTETRA       410       1     142     116     127     125     897     905+
+            911     900     899     907
CTETRA       411       1     194     142     127     154     893     911+
+            904     895     894     908
CTETRA       412       1     142     116     194     127     897     901+
+            893     911     905     904
CTETRA       413       1      13     182     184     147     629     912+
+            717     304     913     719
CTETRA       414       1     182      16     169      81     647     542+
+            914     917     915     916
CTETRA       415       1     184     169      39     186     918     532+
+            722     725     919     723
CTETRA       416       1     147      81     186      18     920     921+
+            726     314     922     728
CTETRA       417       1     147     182     186      81     913     923+
+            726     920     917     921
CTETRA       418       1     182     169     186      81     914     919+
+            923     917     916     921
CTETRA       419       1     184     182     186     147     912     923+
+            725     719     913     726
CTETRA       420       1     182     169     184     186     914     918+
+            912     923     919     725
CTETRA       421       1      39     169     140     186     532     534+
+            261     723     919     887
CTETRA       422       1     169      16     170      81     542     541+
+            538     916     915     924
CTETRA       423       1     140     170      37     153     530     529+
+            274     883     925     383
CTETRA       424       1     186      81     153      18     921     926+
+            881     728     922     375
CTETRA       425       1     186     169     153      81     919     927+
+            881     921     916     926
CTETRA       426       1     169     170     153      81     538     925+
+            927     916     924     926
CTETRA       427       1     140     169     153     186     534     927+
+            883     887     919     881
CTETRA       428       1     169     170     140     153     538     530+
+            534     927     925     883
CTETRA       429       1       7      58      76      73     327     466+
+            465     329     328     928
CTETRA       430       1      58      14     164     149     335     461+
+            460     334     333     833
CTETRA       431       1      76     164      21      83     471     470+
+            472     929     831     830
CTETRA       432       1      73     149      83      19     340     827+
+            930     339     341     824
CTETRA       433       1      73      58      83     149     328     931+
+            930     340     334     827
CTETRA       434       1      58     164      83     149     460     831+
+            931     334     833     827
CTETRA       435       1      76      58      83      73     466     931+
+            929     928     328     930
CTETRA       436       1      58     164      76      83     460     471+
+            466     931     831     929
CTETRA       437       1      33     161     120     176     439     932+
+            933     599     598     934
CTETRA       438       1     161      34     181     175     434     624+
+            935     590     589     819
CTETRA       439       1     120     181      21     190     937     616+
+            936     938     817     816
CTETRA       440       1     176     175     190      35     593     813+
+            939     592     594     810
CTETRA       441       1     176     161     190     175     598     940+
+            939     593     590     813
CTETRA       442       1     161     181     190     175     935     817+
+            940     590     819     813
CTETRA       443       1     120     161     190     176     932     940+
+            938     934     598     939
CTETRA       444       1     161     181     120     190     935     937+
+            932     940     817     938
CTETRA       445       1      38     166     168     178     504     508+
+            507     611     941     942
CTETRA       446       1     166      10      74      62     512     513+
+            515     943     792     789
CTETRA       447       1     168      74      20     187     522     526+
+            525     944     783     781
CTETRA       448       1     178      62     187      14     945     777+
+            946     605     776     774
CTETRA       449       1     178     166     187      62     941     947+
+            946     945     943     777
CTETRA       450       1     166      74     187      62     515     783+
+            947     943     789     777
CTETRA       451       1     168     166     187     178     508     947+
+            944     942     941     946
CTETRA       452       1     166      74     168     187     515     522+
+            508     947     783     944
CTETRA       453       1      20     187      75      89     781     780+
+            779     948     949     950
CTETRA       454       1     187      14      60     165     774     483+
+            775     951     481     484
CTETRA       455       1      75      60       9      90     784     500+
+            785     952     497     501
CTETRA       456       1      89     165      90      25     953     491+
+            954     955     488     489
CTETRA       457       1      89     187      90     165     949     956+
+            954     953     951     491
CTETRA       458       1     187      60      90     165     775     497+
+            956     951     484     491
CTETRA       459       1      75     187      90      89     780     956+
+            952     950     949     954
CTETRA       460       1     187      60      75      90     775     784+
+            780     956     497     952
CTETRA       461       1      34     191     135     136     821     957+
+            235     233     958     234
CTETRA       462       1     191      19     114     104     826     959+
+            960     963     961     962
CTETRA       463       1     135     114      32     123     964     965+
+            227     228     966     229
CTETRA       464       1     136     104     123      29     967     968+
+            240     241     969     239
CTETRA       465       1     136     191     123     104     958     970+
+            240     967     963     968
CTETRA       466       1     191     114     123     104     960     966+
+            970     963     962     968
CTETRA       467       1     135     191     123     136     957     970+
+            228     234     958     240
CTETRA       468       1     191     114     135     123     960     964+
+            957     970     966     228
CTETRA       469       1       6      54      45      68     693     971+
+            972     695     694     973
CTETRA       470       1      54      13      53     133     700     208+
+            974     699     210     209
CTETRA       471       1      45      53       1      69     976     216+
+            975     977     215     214
CTETRA       472       1      68     133      69      17     704     203+
+            978     703     202     204
CTETRA       473       1      68      54      69     133     694     979+
+            978     704     699     203
CTETRA       474       1      54      53      69     133     974     215+
+            979     699     209     203
CTETRA       475       1      45      54      69      68     971     979+
+            977     973     694     978
CTETRA       476       1      54      53      45      69     974     976+
+            971     979     215     977
CTETRA       477       1      39     162     169     184     441     730+
+            532     722     980     918
CTETRA       478       1     162      23      86     172     447     731+
+            733     981     552     860
CTETRA       479       1     169      86      16     182     735     737+
+            542     914     864     647
CTETRA       480       1     184     172     182      13     982     862+
+            912     717     545     629
CTETRA       481       1     184     162     182     172     980     983+
+            912     982     981     862
CTETRA       482       1     162      86     182     172     733     864+
+            983     981     860     862
CTETRA       483       1     169     162     182     184     730     983+
+            914     918     980     912
CTETRA       484       1     162      86     169     182     733     735+
+            730     983     864     914
CTETRA       485       1      35     195     175     196     984     985+
+            594     986     987     988
CTETRA       486       1     195      27     174      99     990     578+
+            989     993     991     992
CTETRA       487       1     175     174      34     192     994     584+
+            589     995     996     851
CTETRA       488       1     196      99     192      20     997     998+
+            999    1000    1001     844
CTETRA       489       1     196     195     192      99     987    1002+
+            999     997     993     998
CTETRA       490       1     195     174     192      99     989     996+
+           1002     993     992     998
CTETRA       491       1     175     195     192     196     985    1002+
+            995     988     987     999
CTETRA       492       1     195     174     175     192     989     994+
+            985    1002     996     995
CTETRA       493       1      20     196     168     192    1000    1003+
+            525     844     999    1004
CTETRA       494       1     196      35     189     175     986     812+
+           1005     988     594     814
CTETRA       495       1     168     189      38     179    1006     807+
+            507    1007     809     612
CTETRA       496       1     192     175     179      34     995     818+
+           1008     851     589     623
CTETRA       497       1     192     196     179     175     999    1009+
+           1008     995     988     818
CTETRA       498       1     196     189     179     175    1005     809+
+           1009     988     814     818
CTETRA       499       1     168     196     179     192    1003    1009+
+           1007    1004     999    1008
CTETRA       500       1     196     189     168     179    1005    1006+
+           1003    1009     809    1007
CTETRA       501       1      12     157      77      61     414     413+
+            412     478    1010     477
CTETRA       502       1     157      38     156     178     406     408+
+            407    1011     611     610
CTETRA       503       1      77     156      21     164     401     400+
+            402     473     615     470
CTETRA       504       1      61     178     164      14    1012     606+
+            464     462     605     461
CTETRA       505       1      61     157     164     178    1010    1013+
+            464    1012    1011     606
CTETRA       506       1     157     156     164     178     407     615+
+           1013    1011     610     606
CTETRA       507       1      77     157     164      61     413    1013+
+            473     477    1010     464
CTETRA       508       1     157     156      77     164     407     401+
+            413    1013     615     473
CTETRA       509       1      35     176     197     198     592    1014+
+           1015    1016    1017    1018
CTETRA       510       1     176      33     125     122     599     898+
+           1019    1022    1020    1021
CTETRA       511       1     197     125      31     108    1024     909+
+           1023    1026    1027    1025
CTETRA       512       1     198     122     108      26    1028    1029+
+           1030    1031    1032    1033
CTETRA       513       1     198     176     108     122    1017    1034+
+           1030    1028    1022    1029
CTETRA       514       1     176     125     108     122    1019    1027+
+           1034    1022    1021    1029
CTETRA       515       1     197     176     108     198    1014    1034+
+           1026    1018    1017    1030
CTETRA       516       1     176     125     197     108    1019    1024+
+           1014    1034    1027    1026
CTETRA       517       1      37     170     155     153     529    1035+
+            384     383     925     386
CTETRA       518       1     170      16     118      81     541     764+
+           1036     924     915    1037
CTETRA       519       1     155     118      27     124    1038     758+
+            397     393    1039     396
CTETRA       520       1     153      81     124      18     926    1040+
+            379     375     922     378
CTETRA       521       1     153     170     124      81     925    1041+
+            379     926     924    1040
CTETRA       522       1     170     118     124      81    1036    1039+
+           1041     924    1037    1040
CTETRA       523       1     155     170     124     153    1035    1041+
+            393     386     925     379
CTETRA       524       1     170     118     155     124    1036    1038+
+           1035    1041    1039     393
CTETRA       525       1      25     193      97     113     867     870+
+            869    1042    1043    1044
CTETRA       526       1     193      34     191     135     873     821+
+            874    1045     235     957
CTETRA       527       1      97     191      19     114     877     826+
+            879    1046     960     959
CTETRA       528       1     113     135     114      32    1047     964+
+           1048    1049     227     965
CTETRA       529       1     113     193     114     135    1043    1050+
+           1048    1047    1045     964
CTETRA       530       1     193     191     114     135     874     960+
+           1050    1045     957     964
CTETRA       531       1      97     193     114     113     870    1050+
+           1046    1044    1043    1048
CTETRA       532       1     193     191      97     114     874     877+
+            870    1050     960    1046
CTETRA       533       1      35     198     199     189    1016    1051+
+           1052     812    1053    1054
CTETRA       534       1     198      26      96     158    1031    1055+
+           1056    1058     422    1057
CTETRA       535       1     199      96      22     167    1060    1061+
+           1059    1062    1063     516
CTETRA       536       1     189     158     167      38    1064    1065+
+           1066     807     409     506
CTETRA       537       1     189     198     167     158    1053    1067+
+           1066    1064    1058    1065
CTETRA       538       1     198      96     167     158    1056    1063+
+           1067    1058    1057    1065
CTETRA       539       1     199     198     167     189    1051    1067+
+           1062    1054    1053    1066
CTETRA       540       1     198      96     199     167    1056    1060+
+           1051    1067    1063    1062
CTETRA       541       1      19     149      97      72     341     878+
+            879     342     344    1068
CTETRA       542       1     149      14     165      59     333     481+
+            876     337     336     482
CTETRA       543       1      97     165      25      91     871     488+
+            869    1069     487     486
CTETRA       544       1      72      59      91       8     346     492+
+           1070     350     349     493
CTETRA       545       1      72     149      91      59     344    1071+
+           1070     346     337     492
CTETRA       546       1     149     165      91      59     876     487+
+           1071     337     482     492
CTETRA       547       1      97     149      91      72     878    1071+
+           1069    1068     344    1070
CTETRA       548       1     149     165      97      91     876     871+
+            878    1071     487    1069
CTETRA       549       1      35     176     198     190     592    1017+
+           1016     810     939    1072
CTETRA       550       1     176      33     122     120     599    1020+
+           1022     934     933    1073
CTETRA       551       1     198     122      26     103    1028    1032+
+           1031    1074    1075     421
CTETRA       552       1     190     120     103      21     938    1076+
+           1077     816     936     403
CTETRA       553       1     190     176     103     120     939    1078+
+           1077     938     934    1076
CTETRA       554       1     176     122     103     120    1022    1075+
+           1078     934    1073    1076
CTETRA       555       1     198     176     103     190    1017    1078+
+           1074    1072     939    1077
CTETRA       556       1     176     122     198     103    1022    1028+
+           1017    1078    1075    1074
CTETRA       557       1      13     147      56     182     304     654+
+            626     629     913     630
CTETRA       558       1     147      18      70      81     314     656+
+            658     920     922    1079
CTETRA       559       1      56      70       4      67     660     663+
+            634     637    1080     635
CTETRA       560       1     182      81      67      16     917    1081+
+            644     647     915     648
CTETRA       561       1     182     147      67      81     913    1082+
+            644     917     920    1081
CTETRA       562       1     147      70      67      81     658    1080+
+           1082     920    1079    1081
CTETRA       563       1      56     147      67     182     654    1082+
+            637     630     913     644
CTETRA       564       1     147      70      56      67     658     660+
+            654    1082    1080     637
CTETRA       565       1      23     146      86     100     298     732+
+            731     300     297    1083
CTETRA       566       1     146      36     171     145     280     535+
+            734     282     279     757
CTETRA       567       1      86     171      16     101     736     543+
+            737    1084     766     765
CTETRA       568       1     100     145     101      28     293     770+
+           1085     292     289     772
CTETRA       569       1     100     146     101     145     297    1086+
+           1085     293     282     770
CTETRA       570       1     146     171     101     145     734     766+
+           1086     282     757     770
CTETRA       571       1      86     146     101     100     732    1086+
+           1084    1083     297    1085
CTETRA       572       1     146     171      86     101     734     736+
+            732    1086     766    1084
CTETRA       573       1      18     153     102     126     375     882+
+            317     377     376    1087
CTETRA       574       1     153      37     194     154     383     884+
+            886     382     381     895
CTETRA       575       1     102     194      24     127     889     891+
+            325    1088     904     903
CTETRA       576       1     126     154     127      31     388     908+
+           1089     387     389     910
CTETRA       577       1     126     153     127     154     376    1090+
+           1089     388     382     908
CTETRA       578       1     153     194     127     154     886     904+
+           1090     382     895     908
CTETRA       579       1     102     153     127     126     882    1090+
+           1088    1087     376    1089
CTETRA       580       1     153     194     102     127     886     889+
+            882    1090     904    1088
CTETRA       581       1      33     120     161     119     933     932+
+            439    1091    1092    1093
CTETRA       582       1     120      21     181     105     936     616+
+            937    1096    1094    1095
CTETRA       583       1     161     181      34     136     935     624+
+            434    1097    1098     233
CTETRA       584       1     119     105     136      29    1099    1100+
+           1101    1102    1103     241
CTETRA       585       1     119     120     136     105    1092    1104+
+           1101    1099    1096    1100
CTETRA       586       1     120     181     136     105     937    1098+
+           1104    1096    1095    1100
CTETRA       587       1     161     120     136     119     932    1104+
+           1097    1093    1092    1101
CTETRA       588       1     120     181     161     136     937     935+
+            932    1104    1098    1097
CTETRA       589       1      24     116     185      95     902    1105+
+            715     712    1106    1107
CTETRA       590       1     116      33     138     117     896     252+
+           1108    1109     740     742
CTETRA       591       1     185     138      39     152    1110     260+
+            720    1111     739     360
CTETRA       592       1      95     117     152      17    1112     744+
+           1113     705     746     372
CTETRA       593       1      95     116     152     117    1106    1114+
+           1113    1112    1109     744
CTETRA       594       1     116     138     152     117    1108     739+
+           1114    1109     742     744
CTETRA       595       1     185     116     152      95    1105    1114+
+           1111    1107    1106    1113
CTETRA       596       1     116     138     185     152    1108    1110+
+           1105    1114     739    1111
CTETRA       597       1      20      99     192     111    1001     998+
+            844     847    1115     848
CTETRA       598       1      99      27     174     110     991     578+
+            992    1117     760    1116
CTETRA       599       1     192     174      34     188     996     584+
+            851     852    1118     798
CTETRA       600       1     111     110     188      28    1119    1120+
+            856     858     771     805
CTETRA       601       1     111      99     188     110    1115    1121+
+            856    1119    1117    1120
CTETRA       602       1      99     174     188     110     992    1118+
+           1121    1117    1116    1120
CTETRA       603       1     192      99     188     111     998    1121+
+            852     848    1115     856
CTETRA       604       1      99     174     192     188     992     996+
+            998    1121    1118     852
CTETRA       605       1      38     166     200     167     504    1122+
+           1123     506     505    1124
CTETRA       606       1     166      10      49      79     512    1125+
+           1126     511     510    1127
CTETRA       607       1     200      49      11      78    1129    1130+
+           1128    1132    1133    1131
CTETRA       608       1     167      79      78      22     517    1134+
+           1135     516     518    1136
CTETRA       609       1     167     166      78      79     505    1137+
+           1135     517     511    1134
CTETRA       610       1     166      49      78      79    1126    1133+
+           1137     511    1127    1134
CTETRA       611       1     200     166      78     167    1122    1137+
+           1132    1124     505    1135
CTETRA       612       1     166      49     200      78    1126    1129+
+           1122    1137    1133    1132
CTETRA       613       1      35     195     196     199     984     987+
+            986    1052    1138    1139
CTETRA       614       1     195      27      99      98     990     991+
+            993    1142    1140    1141
CTETRA       615       1     196      99      20      82     997    1001+
+           1000    1143    1144     527
CTETRA       616       1     199      98      82      22    1145    1146+
+           1147    1059    1148     519
CTETRA       617       1     199     195      82      98    1138    1149+
+           1147    1145    1142    1146
CTETRA       618       1     195      99      82      98     993    1144+
+           1149    1142    1141    1146
CTETRA       619       1     196     195      82     199     987    1149+
+           1143    1139    1138    1147
CTETRA       620       1     195      99     196      82     993     997+
+            987    1149    1144    1143
CTETRA       621       1      35     195     199     197     984    1138+
+           1052    1015    1150    1151
CTETRA       622       1     195      27      98     121     990    1140+
+           1142    1153     398    1152
CTETRA       623       1     199      98      22     109    1145    1148+
+           1059    1155    1156    1154
CTETRA       624       1     197     121     109      31    1157    1158+
+           1159    1023     390    1160
CTETRA       625       1     197     195     109     121    1150    1161+
+           1159    1157    1153    1158
CTETRA       626       1     195      98     109     121    1142    1156+
+           1161    1153    1152    1158
CTETRA       627       1     199     195     109     197    1138    1161+
+           1155    1151    1150    1159
CTETRA       628       1     195      98     199     109    1142    1145+
+           1138    1161    1156    1155
CTETRA       629       1      35     197     199     198    1015    1151+
+           1052    1016    1018    1051
CTETRA       630       1     197      31     109     108    1023    1160+
+           1159    1026    1025    1162
CTETRA       631       1     199     109      22      96    1155    1154+
+           1059    1060    1163    1061
CTETRA       632       1     198     108      96      26    1030    1164+
+           1056    1031    1033    1055
CTETRA       633       1     198     197      96     108    1018    1165+
+           1056    1030    1026    1164
CTETRA       634       1     197     109      96     108    1159    1163+
+           1165    1026    1162    1164
CTETRA       635       1     199     197      96     198    1151    1165+
+           1060    1051    1018    1056
CTETRA       636       1     197     109     199      96    1159    1155+
+           1151    1165    1163    1060
CTETRA       637       1      35     198     189     190    1016    1053+
+            812     810    1072     811
CTETRA       638       1     198      26     158     103    1031     422+
+           1058    1074     421     418
CTETRA       639       1     189     158      38     156    1064     409+
+            807     808     411     408
CTETRA       640       1     190     103     156      21    1077     404+
+            815     816     403     400
CTETRA       641       1     190     198     156     103    1072    1166+
+            815    1077    1074     404
CTETRA       642       1     198     158     156     103    1058     411+
+           1166    1074     418     404
CTETRA       643       1     189     198     156     190    1053    1166+
+            808     811    1072     815
CTETRA       644       1     198     158     189     156    1058    1064+
+           1053    1166     411     808
CTETRA       645       1      38     166     178     200     504     941+
+            611    1123    1122    1167
CTETRA       646       1     166      10      62      49     512     792+
+            943    1126    1125    1168
CTETRA       647       1     178      62      14      63     945     776+
+            605    1170    1171    1169
CTETRA       648       1     200      49      63      11    1129    1172+
+           1173    1128    1130    1174
CTETRA       649       1     200     166      63      49    1122    1175+
+           1173    1129    1126    1172
CTETRA       650       1     166      62      63      49     943    1171+
+           1175    1126    1168    1172
CTETRA       651       1     178     166      63     200     941    1175+
+           1170    1167    1122    1173
CTETRA       652       1     166      62     178      63     943     945+
+            941    1175    1171    1170
CTETRA       653       1      13      54      57     148     700    1176+
+            302     305     702     306
CTETRA       654       1      54       6      44      88     693    1177+
+           1178     697     696    1179
CTETRA       655       1      57      44       5      87    1180    1181+
+            310     313    1182     311
CTETRA       656       1     148      88      87      24     708    1183+
+            320     323     711     324
CTETRA       657       1     148      54      87      88     702    1184+
+            320     708     697    1183
CTETRA       658       1      54      44      87      88    1178    1182+
+           1184     697    1179    1183
CTETRA       659       1      57      54      87     148    1176    1184+
+            313     306     702     320
CTETRA       660       1      54      44      57      87    1178    1180+
+           1176    1184    1182     313
CTETRA       661       1      34     161     136     137     434    1097+
+            233     236    1185     237
CTETRA       662       1     161      33     119     130     439    1091+
+           1093    1187     679    1186
CTETRA       663       1     136     119      29     132    1101    1102+
+            241     244    1188     242
CTETRA       664       1     137     130     132      30    1189    1190+
+            246     249     690     250
CTETRA       665       1     137     161     132     130    1185    1191+
+            246    1189    1187    1190
CTETRA       666       1     161     119     132     130    1093    1188+
+           1191    1187    1186    1190
CTETRA       667       1     136     161     132     137    1097    1191+
+            244     237    1185     246
CTETRA       668       1     161     119     136     132    1093    1101+
+           1097    1191    1188     244
CTETRA       669       1      34     191     136     181     821     958+
+            233     624     822    1098
CTETRA       670       1     191      19     104      83     826     961+
+            963     825     824    1192
CTETRA       671       1     136     104      29     105     967     969+
+            241    1100    1193    1103
CTETRA       672       1     181      83     105      21     829    1194+
+           1095     616     830    1094
CTETRA       673       1     181     191     105      83     822    1195+
+           1095     829     825    1194
CTETRA       674       1     191     104     105      83     963    1193+
+           1195     825    1192    1194
CTETRA       675       1     136     191     105     181     958    1195+
+           1100    1098     822    1095
CTETRA       676       1     191     104     136     105     963     967+
+            958    1195    1193    1100
CTETRA       677       1      36     160     173     145     426     576+
+            575     279     802     756
CTETRA       678       1     160      34     174     188     431     584+
+            583     799     798    1118
CTETRA       679       1     173     174      27     110     579     578+
+            580     762    1116     760
CTETRA       680       1     145     188     110      28     804    1120+
+            768     289     805     771
CTETRA       681       1     145     160     110     188     802    1196+
+            768     804     799    1120
CTETRA       682       1     160     174     110     188     583    1116+
+           1196     799    1118    1120
CTETRA       683       1     173     160     110     145     576    1196+
+            762     756     802     768
CTETRA       684       1     160     174     173     110     583     579+
+            576    1196    1116     762
CTETRA       685       1      11     200      78      93    1128    1132+
+           1131    1197    1198    1199
CTETRA       686       1     200      38     167     158    1123     506+
+           1124    1200     409    1065
CTETRA       687       1      78     167      22      96    1135     516+
+           1136    1201    1063    1061
CTETRA       688       1      93     158      96      26    1202    1057+
+           1203    1204     422    1055
CTETRA       689       1      93     200      96     158    1198    1205+
+           1203    1202    1200    1057
CTETRA       690       1     200     167      96     158    1124    1063+
+           1205    1200    1065    1057
CTETRA       691       1      78     200      96      93    1132    1205+
+           1201    1199    1198    1203
CTETRA       692       1     200     167      78      96    1124    1135+
+           1132    1205    1063    1201
CTETRA       693       1      34     175     159     174     589     591+
+            433     584     994     585
CTETRA       694       1     175      35     177     195     594     595+
+            597     985     984    1206
CTETRA       695       1     159     177      37     155     601     603+
+            428     587    1207     384
CTETRA       696       1     174     195     155      27     989    1208+
+            581     578     990     397
CTETRA       697       1     174     175     155     195     994    1209+
+            581     989     985    1208
CTETRA       698       1     175     177     155     195     597    1207+
+           1209     985    1206    1208
CTETRA       699       1     159     175     155     174     591    1209+
+            587     585     994     581
CTETRA       700       1     175     177     159     155     597     601+
+            591    1209    1207     587
CTETRA       701       1      36     163     183     144     458    1210+
+            682     277     835    1211
CTETRA       702       1     163      15     107     129     452     354+
+           1212     837     836    1213
CTETRA       703       1     183     107      30     131    1214     363+
+            691    1215    1216     248
CTETRA       704       1     144     129     131      32     839    1217+
+           1218     285     840     230
CTETRA       705       1     144     163     131     129     835    1219+
+           1218     839     837    1217
CTETRA       706       1     163     107     131     129    1212    1216+
+           1219     837    1213    1217
CTETRA       707       1     183     163     131     144    1210    1219+
+           1215    1211     835    1218
CTETRA       708       1     163     107     183     131    1212    1214+
+           1210    1219    1216    1215
CTETRA       709       1      37     154     155     177     381     385+
+            384     603    1220    1207
CTETRA       710       1     154      31     121     197     389     390+
+            392    1221    1023    1157
CTETRA       711       1     155     121      27     195     394     398+
+            397    1208    1153     990
CTETRA       712       1     177     197     195      35    1222    1150+
+           1206     595    1015     984
CTETRA       713       1     177     154     195     197    1220    1223+
+           1206    1222    1221    1150
CTETRA       714       1     154     121     195     197     392    1153+
+           1223    1221    1157    1150
CTETRA       715       1     155     154     195     177     385    1223+
+           1208    1207    1220    1206
CTETRA       716       1     154     121     155     195     392     394+
+            385    1223    1153    1208
CTETRA       717       1      37     142     140     194     273     270+
+            274     884     893     885
CTETRA       718       1     142      33     138     116     255     252+
+            256     897     896    1108
CTETRA       719       1     140     138      39     185     263     260+
+            261     888    1110     720
CTETRA       720       1     194     116     185      24     901    1105+
+            890     891     902     715
CTETRA       721       1     194     142     185     116     893    1224+
+            890     901     897    1105
CTETRA       722       1     142     138     185     116     256    1110+
+           1224     897    1108    1105
CTETRA       723       1     140     142     185     194     270    1224+
+            888     885     893     890
CTETRA       724       1     142     138     140     185     256     263+
+            270    1224    1110     888
CTETRA       725       1      15     150     163     107     352     453+
+            452     354     353    1212
CTETRA       726       1     150      39     139     151     359     258+
+            444     358     357     686
CTETRA       727       1     163     139      36     183     457     266+
+            458    1210     683     682
CTETRA       728       1     107     151     183      30     364     688+
+           1214     363     365     691
CTETRA       729       1     107     150     183     151     353    1225+
+           1214     364     358     688
CTETRA       730       1     150     139     183     151     444     683+
+           1225     358     686     688
CTETRA       731       1     163     150     183     107     453    1225+
+           1210    1212     353    1214
CTETRA       732       1     150     139     163     183     444     457+
+            453    1225     683    1210
CTETRA       733       1      37     143     155     170     275     586+
+            384     529     531    1035
CTETRA       734       1     143      36     173     171     267     575+
+            577     536     535     755
CTETRA       735       1     155     173      27     118     582     580+
+            397    1038     759     758
CTETRA       736       1     170     171     118      16     540     763+
+           1036     541     543     764
$--1---><--2---><--3---><--4---><--5---><--6---><--7---><--8---><--9---><--10-->
$$$$$$$$$$$$$$$$$$$$$$$$$$$$$$$$$$$$ moment $$$$$$$$$$$$$$$$$$$$$$$$$$$$$$$$$$$$
MOMENT         2     201       0   1.0+0   0.0+0   0.0+0   2.0-4
$--1---><--2---><--3---><--4---><--5---><--6---><--7---><--8---><--9---><--10-->
$$$$$$$$$$$$$$$$$$$$$$$$$$$$$$$$$$$$ force $$$$$$$$$$$$$$$$$$$$$$$$$$$$$$$$$$$$$
FORCE          2     201       0   1.0+0   0.0+0   0.0+0   4.0+0
$--1---><--2---><--3---><--4---><--5---><--6---><--7---><--8---><--9---><--10-->
$$$$$$$$$$$$$$$$$$$$$$$$$$$$ node-surface coupling $$$$$$$$$$$$$$$$$$$$$$$$$$$$$
RBE3*                737                             201          123456*
*        4.8632716363-11             123              17 6.1962274996-10*
*                    123             205 6.3015685951-12             123*
*                     80 1.08223628366-9             123             207*
*        2.5040165065-11             123              69 1.10234196663-9*
*                    123             204 9.1116367569-10             123*
*                    218-1.7155010278-11             123              64*
*         7.895463916-10             123             217-6.8115117699-12*
*                    123               1 8.2598712299-10             123*
*                    214 4.6172620411-10             123             223*
*         1.416578766-11             123              15 9.2693311979-10*
*                    123             225 9.2649670563-10             123*
*                    222-9.0656033352-12             123              71*
*        8.7778054041-10             123             312 2.0285978775-11*
*                    123              87 8.5548426474-10             123*
*                    311 4.9643297748-12             123               5*
*         8.423981937-10             123             308 8.2291764942-12*
*                    123              18 4.3055187299-10             123*
*                    317 5.1696727987-13             123             102*
*        8.7252513122-10             123             319 9.2676542231-10*
*                    123             316 5.5916294469-10             123*
*                    325 2.5391136215-11             123              24*
*        1.04386437435-9             123             324 9.9913923903-10*
*                    123             321 1.4023221684-11             123*
*                     84 9.7724489944-10             123             553*
*        7.6586248555-12             123              94 5.5454787317-10*
*                    123             445 2.8568403491-11             123*
*                     23 1.02567590654-9             123             550*
*       -1.7122468303-12             123               2 7.6440573101-10*
*                    123             558-4.5666583105-12             123*
*                     65 8.3403178581-10             123             560*
*        7.9720528735-10             123             557 9.0725075149-10*
*                    123             564 4.3427876124-10             123*
*                    451 8.6326218598-10             123             562*
*        -4.037917869-11             123              13 7.5702930892-10*
*                    123             208-1.5136050565-11             123*
*                     53 8.0999233024-10             123             566*
*       -1.1909670314-11             123              52 7.5184937831-10*
*                    123             547  8.786026377-10             123*
*                    568-1.6223586538-11             123              40*
*        8.1923649274-10             123             567 8.9064278287-10*
*                    123             555 8.7415121331-10             123*
*                    216 8.0615864629-10             123             571*
*        8.6917398362-10             123             570 7.6846385832-10*
*                    123             569 7.6274123502-10             123*
*                    572 8.7716873215-10             123             573*
*        7.7199360774-10             123             628-1.3457855623-11*
*                    123              55 8.5653233357-10             123*
*                    627-1.5489304407-11             123              56*
*        8.0017773607-10             123             626 9.2433650953-10*
*                    123             633-1.4195772523-11             123*
*                     42 8.6695102295-10             123             632*
*       -1.2039755026-12             123               4 9.3569329724-10*
*                    123             634 9.1310071981-10             123*
*                    638 7.3515882508-13             123               3*
*        8.7292361767-10             123             640 9.2905623195-10*
*                    123             639 8.1504977445-10             123*
*                    636 3.0968249958-11             123              67*
*         8.306404772-10             123             635   7.77789915-10*
*                    123             641 1.7123675863-11             123*
*                     66 8.1558368439-10             123             643*
*        9.8848127379-10             123             649 4.9283278005-11*
*                    123              16 1.10695698153-9             123*
*                    648 9.1615588324-10             123             645*
*        9.3033414726-10             123             310-1.3629618163-11*
*                    123              57 9.3243703059-10             123*
*                    652-1.1275367567-11             123              43*
*        8.9963622125-10             123             651 7.8102771686-10*
*                    123             302 8.5762949703-10             123*
*                    655  9.252320659-10             123             659*
*        8.8988157713-10             123             662  8.533286081-10*
*                    123             653 9.3757682776-10             123*
*                    657-2.0740585529-11             123              70*
*        9.0186880113-10             123             656 8.1733535203-10*
*                    123             663  8.506904302-10             123*
*                    661 7.9635866308-10             123             668*
*        8.3662928619-10             123             670-9.1828993344-12*
*                    123              41 8.6557195333-10             123*
*                    672 8.3611230506-10             123             677*
*        8.6419470654-10             123             674 8.6251317745-10*
*                    123             665-3.6823279273-12             123*
*                     85 8.7804632901-10             123             667*
*        7.9697446921-10             123             671 7.5768313944-10*
*                    123             676 8.0086695482-10             123*
*                    675 2.9126885098-12             123               6*
*        7.8364067277-10             123             696-8.0248516985-12*
*                    123              88 7.7078425252-10             123*
*                    698 2.0296034528-11             123              68*
*         7.647092913-10             123             695 8.8254300466-10*
*                    123             706 4.4968924435-12             123*
*                     95  4.933101169-10             123             705*
*        9.7560079576-10             123             703 8.5924610034-10*
*                    123             711 3.9387170979-10             123*
*                    712 7.8563113976-10             123             710*
*        3.9959980602-10             123             731 5.7637947815-12*
*                    123              86  7.902745532-10             123*
*                    861 7.6438337948-10             123             863*
*        4.8639952347-10             123             737 8.7294893301-10*
*                    123             865 8.2729678669-10             123*
*                    972-1.3671167837-11             123              45*
*        8.7627065886-10             123             971-1.2335457693-11*
*                    123              54 9.0311254873-10             123*
*                    693 8.0790517645-10             123             974*
*        7.5968291376-10             123             700 8.1470694596-10*
*                    123             975 8.6584542815-10             123*
*                    976  7.778557312-10             123             973*
*        7.7591714434-10             123             977 8.7379308857-10*
*                    123             978 8.5260994554-10             123*
*                   1079 4.7178757773-12             123              81*
*        4.1635298785-10             123             922 8.6019710124-10*
*                    123            1080 5.9605204413-10             123*
*                    915 1.03050554609-9             123            1081*
*        8.1757568637-10             123            1176 8.9163554925-10*
*                    123            1178-5.7360419549-12             123*
*                     44 8.7777067361-10             123            1177*
*        8.7498169573-10             123            1181 8.9118735149-10*
*                    123            1180 8.3986740682-10             123*
*                   1179 8.3578564736-10             123            1182*
*        8.9964238873-10             123            1183                *
*
$--1---><--2---><--3---><--4---><--5---><--6---><--7---><--8---><--9---><--10-->
LOAD           1   1.0+0   1.0+0       2
ENDDATA 
