$ Generated by Mecway 29
$-------------EXECUTIVE CONTROL SECTION-------------
SOL 105
CEND
$---------------CASE CONTROL SECTION----------------
DISPLACEMENT = ALL
$
  ACCELERATION(PRINT,PLOT) = ALL
  DISPLACEMENT(PRINT, PLOT) = ALL
  GPFORCE(PRINT, PLOT) = ALL
  MPCFORCES(PRINT, PLOT) = ALL
  OLOAD(PRINT, PLOT)= ALL
  SPCFORCES(PRINT, PLOT) = ALL
  FORCE(PRINT, PLOT) = ALL
  STRESS(PRINT, PLOT, CORNER)= ALL
  STRAIN(PRINT, PLOT, CORNER)= ALL
$
SPC = 1
SUBCASE 1
LOAD = 1
SUBCASE 2
METHOD = 1
BEGIN BULK
$-----------------BULK DATA SECTION-----------------
$
  PARAM, POST,-1
$
GRID*                  1               0          0.0+00          0.0+00*       
*                 0.0+00               0
GRID*                  2               0          5.0+01          0.0+00*       
*                 0.0+00               0
GRID*                  3               0          5.0+01          1.0+01*       
*                 0.0+00               0
GRID*                  4               0          0.0+00          1.0+01*       
*                 0.0+00               0
GRID*                  5               0          1.1+01          0.0+00*       
*                 0.0+00               0
GRID*                  6               0          9.0+00          1.0+01*       
*                 0.0+00               0
GRID*                  7               0          2.1+01          0.0+00*       
*                 0.0+00               0
GRID*                  8               0         1.85+01          1.0+01*       
*                 0.0+00               0
GRID*                  9               0          3.1+01          0.0+00*       
*                 0.0+00               0
GRID*                 10               0          2.9+01          1.0+01*       
*                 0.0+00               0
GRID*                 11               0          4.1+01          0.0+00*       
*                 0.0+00               0
GRID*                 12               0          3.9+01          1.0+01*       
*                 0.0+00               0
GRID*                 13               0          4.5+01          0.0+00*       
*                 0.0+00               0
GRID*                 14               0          5.0+01          5.0+00*       
*                 0.0+00               0
GRID*                 15               0          4.5+01          1.0+01*       
*                 0.0+00               0
GRID*                 16               0 3.9962019383+01 5.4341204442+00*       
*                 0.0+00               0
GRID*                 17               0          4.5+01          5.0+00*       
*                 0.0+00               0
GRID*                 18               0          5.0+00          0.0+00*       
*                 0.0+00               0
GRID*                 19               0          1.0+01          5.0+00*       
*                 0.0+00               0
GRID*                 20               0          5.0+00          1.0+01*       
*                 0.0+00               0
GRID*                 21               0          0.0+00          5.0+00*       
*                 0.0+00               0
GRID*                 22               0          5.0+00          5.0+00*       
*                 0.0+00               0
GRID*                 23               0          1.6+01          0.0+00*       
*                 0.0+00               0
GRID*                 24               0 1.9914814566+01 5.6470476128+00*       
*                 0.0+00               0
GRID*                 25               0         1.35+01          1.0+01*       
*                 0.0+00               0
GRID*                 26               0 1.5085185434+01 4.3529523872+00*       
*                 0.0+00               0
GRID*                 27               0          2.6+01          0.0+00*       
*                 0.0+00               0
GRID*                 28               0          3.0+01          5.0+00*       
*                 0.0+00               0
GRID*                 29               0          2.4+01          1.0+01*       
*                 0.0+00               0
GRID*                 30               0          2.5+01          5.0+00*       
*                 0.0+00               0
GRID*                 31               0          3.6+01          0.0+00*       
*                 0.0+00               0
GRID*                 32               0          3.4+01          1.0+01*       
*                 0.0+00               0
GRID*                 33               0 3.5037980617+01 4.5658795558+00*       
*                 0.0+00               0
GRID*                 34               0         2.25+01          5.0+00*       
*                 0.0+00               0
GRID*                 35               0         2.45+01          7.5+00*       
*                 0.0+00               0
GRID*                 36               0         2.15+01          1.0+01*       
*                 0.0+00               0
GRID*                 37               0  1.878480404+01 7.9324526559+00*       
*                 0.0+00               0
GRID*                 38               0          2.2+01          7.5+00*       
*                 0.0+00               0
GRID*                 39               0         3.35+01          0.0+00*       
*                 0.0+00               0
GRID*                 40               0 3.5964504938+01 2.1906842621+00*       
*                 0.0+00               0
GRID*                 41               0         3.25+01          5.0+00*       
*                 0.0+00               0
GRID*                 42               0         3.05+01          2.5+00*       
*                 0.0+00               0
GRID*                 43               0          3.3+01          2.5+00*       
*                 0.0+00               0
GRID*                 44               0         3.85+01          0.0+00*       
*                 0.0+00               0
GRID*                 45               0 4.0888543703+01 3.0589251505+00*       
*                 0.0+00               0
GRID*                 46               0         3.75+01          5.0+00*       
*                 0.0+00               0
GRID*                 47               0 3.8426524321+01 2.6248047063+00*       
*                 0.0+00               0
GRID*                 48               0 3.9035495062+01 7.8093157379+00*       
*                 0.0+00               0
GRID*                 49               0         3.65+01          1.0+01*       
*                 0.0+00               0
GRID*                 50               0 3.4111456297+01 6.9410748495+00*       
*                 0.0+00               0
GRID*                 51               0 3.6573475679+01 7.3751952937+00*       
*                 0.0+00               0
GRID*                 52               0         3.15+01          1.0+01*       
*                 0.0+00               0
GRID*                 53               0         2.95+01          7.5+00*       
*                 0.0+00               0
GRID*                 54               0          3.2+01          7.5+00*       
*                 0.0+00               0
GRID*                 55               0          4.3+01          0.0+00*       
*                 0.0+00               0
GRID*                 56               0          4.5+01          2.5+00*       
*                 0.0+00               0
GRID*                 57               0         4.25+01          5.0+00*       
*                 0.0+00               0
GRID*                 58               0        4.275+01          2.5+00*       
*                 0.0+00               0
GRID*                 59               0         4.75+01          0.0+00*       
*                 0.0+00               0
GRID*                 60               0          5.0+01          2.5+00*       
*                 0.0+00               0
GRID*                 61               0         4.75+01          5.0+00*       
*                 0.0+00               0
GRID*                 62               0         4.75+01          2.5+00*       
*                 0.0+00               0
GRID*                 63               0          5.0+01          7.5+00*       
*                 0.0+00               0
GRID*                 64               0         4.75+01          1.0+01*       
*                 0.0+00               0
GRID*                 65               0          4.5+01          7.5+00*       
*                 0.0+00               0
GRID*                 66               0         4.75+01          7.5+00*       
*                 0.0+00               0
GRID*                 67               0          4.2+01          1.0+01*       
*                 0.0+00               0
GRID*                 68               0        4.225+01          7.5+00*       
*                 0.0+00               0
GRID*                 69               0          2.5+00          0.0+00*       
*                 0.0+00               0
GRID*                 70               0          5.0+00          2.5+00*       
*                 0.0+00               0
GRID*                 71               0          2.5+00          5.0+00*       
*                 0.0+00               0
GRID*                 72               0          0.0+00          2.5+00*       
*                 0.0+00               0
GRID*                 73               0          2.5+00          2.5+00*       
*                 0.0+00               0
GRID*                 74               0          8.0+00          0.0+00*       
*                 0.0+00               0
GRID*                 75               0         1.05+01          2.5+00*       
*                 0.0+00               0
GRID*                 76               0          7.5+00          5.0+00*       
*                 0.0+00               0
GRID*                 77               0         7.75+00          2.5+00*       
*                 0.0+00               0
GRID*                 78               0          9.5+00          7.5+00*       
*                 0.0+00               0
GRID*                 79               0          7.0+00          1.0+01*       
*                 0.0+00               0
GRID*                 80               0          5.0+00          7.5+00*       
*                 0.0+00               0
GRID*                 81               0         7.25+00          7.5+00*       
*                 0.0+00               0
GRID*                 82               0          2.5+00          1.0+01*       
*                 0.0+00               0
GRID*                 83               0          0.0+00          7.5+00*       
*                 0.0+00               0
GRID*                 84               0          2.5+00          7.5+00*       
*                 0.0+00               0
GRID*                 85               0         1.35+01          0.0+00*       
*                 0.0+00               0
GRID*                 86               0  1.621519596+01 2.0675473441+00*       
*                 0.0+00               0
GRID*                 87               0         1.25+01          5.0+00*       
*                 0.0+00               0
GRID*                 88               0          1.3+01          2.5+00*       
*                 0.0+00               0
GRID*                 89               0         1.85+01          0.0+00*       
*                 0.0+00               0
GRID*                 90               0 2.1044825092+01 3.3616425696+00*       
*                 0.0+00               0
GRID*                 91               0         1.75+01          5.0+00*       
*                 0.0+00               0
GRID*                 92               0 1.8630010526+01 2.7145949568+00*       
*                 0.0+00               0
GRID*                 93               0          1.6+01          1.0+01*       
*                 0.0+00               0
GRID*                 94               0 1.3955174908+01 6.6383574304+00*       
*                 0.0+00               0
GRID*                 95               0 1.6369989474+01 7.2854050432+00*       
*                 0.0+00               0
GRID*                 96               0         1.15+01          1.0+01*       
*                 0.0+00               0
GRID*                 97               0          1.2+01          7.5+00*       
*                 0.0+00               0
GRID*                 98               0         2.35+01          0.0+00*       
*                 0.0+00               0
GRID*                 99               0         2.55+01          2.5+00*       
*                 0.0+00               0
GRID*                100               0          2.3+01          2.5+00*       
*                 0.0+00               0
GRID*                101               0         2.85+01          0.0+00*       
*                 0.0+00               0
GRID*                102               0         2.75+01          5.0+00*       
*                 0.0+00               0
GRID*                103               0          2.8+01          2.5+00*       
*                 0.0+00               0
GRID*                104               0         2.65+01          1.0+01*       
*                 0.0+00               0
GRID*                105               0          2.7+01          7.5+00*       
*                 0.0+00               0
GRID*                106               0 1.6417468245+01        4.375+00*       
*                 0.0+00               0
GRID*                107               0 1.6658493649+01 5.9575317547+00*       
*                 0.0+00               0
GRID*                108               0 1.5162582191+01 6.9618812368+00*       
*                 0.0+00               0
GRID*                109               0 1.4520180171+01 5.4956549088+00*       
*                 0.0+00               0
GRID*                110               0 1.5575961894+01 5.3325317547+00*       
*                 0.0+00               0
GRID*                111               0 1.8582531755+01        5.625+00*       
*                 0.0+00               0
GRID*                112               0 1.9349809303+01 6.7897501343+00*       
*                 0.0+00               0
GRID*                113               0 1.7577396757+01 7.6089288495+00*       
*                 0.0+00               0
GRID*                114               0 1.7741025404+01 6.5825317547+00*       
*                 0.0+00               0
GRID*                115               0 1.8916506686+01 8.8882526677+00*       
*                 0.0+00               0
GRID*                116               0        1.725+01          1.0+01*       
*                 0.0+00               0
GRID*                117               0 1.6426019941+01 8.6703633108+00*       
*                 0.0+00               0
GRID*                118               0 1.7671263314+01 8.7793079892+00*       
*                 0.0+00               0
GRID*                119               0        1.475+01          1.0+01*       
*                 0.0+00               0
GRID*                120               0 1.3935533196+01 8.4524739539+00*       
*                 0.0+00               0
GRID*                121               0 1.5180776569+01 8.5614186323+00*       
*                 0.0+00               0
GRID*                122               0        1.125+01          5.0+00*       
*                 0.0+00               0
GRID*                123               0        1.225+01         6.25+00*       
*                 0.0+00               0
GRID*                124               0        1.075+01          7.5+00*       
*                 0.0+00               0
GRID*                125               0         9.75+00         6.25+00*       
*                 0.0+00               0
GRID*                126               0          1.1+01         6.25+00*       
*                 0.0+00               0
GRID*                127               0 1.3764269882+01 4.6731659647+00*       
*                 0.0+00               0
GRID*                128               0 1.3048283176+01 7.1200748386+00*       
*                 0.0+00               0
GRID*                129               0 1.3406276529+01 5.8966204016+00*       
*                 0.0+00               0
GRID*                130               0        1.225+01          1.0+01*       
*                 0.0+00               0
GRID*                131               0        1.175+01         8.75+00*       
*                 0.0+00               0
GRID*                132               0 1.2690289823+01 8.3435292755+00*       
*                 0.0+00               0
GRID*                133               0        1.025+01          1.0+01*       
*                 0.0+00               0
GRID*                134               0         9.25+00         8.75+00*       
*                 0.0+00               0
GRID*                135               0         1.05+01         8.75+00*       
*                 0.0+00               0
GRID*                136               0        2.225+01          0.0+00*       
*                 0.0+00               0
GRID*                137               0        2.325+01         1.25+00*       
*                 0.0+00               0
GRID*                138               0 2.1951716824+01 2.8799251614+00*       
*                 0.0+00               0
GRID*                139               0 2.1064466804+01 1.5475260461+00*       
*                 0.0+00               0
GRID*                140               0 2.2309710177+01 1.6564707245+00*       
*                 0.0+00               0
GRID*                141               0        2.475+01          0.0+00*       
*                 0.0+00               0
GRID*                142               0        2.575+01         1.25+00*       
*                 0.0+00               0
GRID*                143               0        2.425+01          2.5+00*       
*                 0.0+00               0
GRID*                144               0         2.45+01         1.25+00*       
*                 0.0+00               0
GRID*                145               0        2.525+01         3.75+00*       
*                 0.0+00               0
GRID*                146               0        2.375+01          5.0+00*       
*                 0.0+00               0
GRID*                147               0        2.275+01         3.75+00*       
*                 0.0+00               0
GRID*                148               0          2.4+01         3.75+00*       
*                 0.0+00               0
GRID*                149               0 2.1235730118+01 5.3268340353+00*       
*                 0.0+00               0
GRID*                150               0 2.0479819829+01 4.5043450912+00*       
*                 0.0+00               0
GRID*                151               0 2.1593723471+01 4.1033795984+00*       
*                 0.0+00               0
GRID*                152               0        2.725+01          0.0+00*       
*                 0.0+00               0
GRID*                153               0        2.825+01         1.25+00*       
*                 0.0+00               0
GRID*                154               0        2.675+01          2.5+00*       
*                 0.0+00               0
GRID*                155               0          2.7+01         1.25+00*       
*                 0.0+00               0
GRID*                156               0        2.975+01          0.0+00*       
*                 0.0+00               0
GRID*                157               0        3.075+01         1.25+00*       
*                 0.0+00               0
GRID*                158               0        2.925+01          2.5+00*       
*                 0.0+00               0
GRID*                159               0         2.95+01         1.25+00*       
*                 0.0+00               0
GRID*                160               0        3.025+01         3.75+00*       
*                 0.0+00               0
GRID*                161               0        2.875+01          5.0+00*       
*                 0.0+00               0
GRID*                162               0        2.775+01         3.75+00*       
*                 0.0+00               0
GRID*                163               0          2.9+01         3.75+00*       
*                 0.0+00               0
GRID*                164               0        2.625+01          5.0+00*       
*                 0.0+00               0
GRID*                165               0         2.65+01         3.75+00*       
*                 0.0+00               0
GRID*                166               0        2.725+01         6.25+00*       
*                 0.0+00               0
GRID*                167               0        2.575+01          7.5+00*       
*                 0.0+00               0
GRID*                168               0        2.475+01         6.25+00*       
*                 0.0+00               0
GRID*                169               0          2.6+01         6.25+00*       
*                 0.0+00               0
GRID*                170               0        2.975+01         6.25+00*       
*                 0.0+00               0
GRID*                171               0        2.825+01          7.5+00*       
*                 0.0+00               0
GRID*                172               0         2.85+01         6.25+00*       
*                 0.0+00               0
GRID*                173               0        2.925+01         8.75+00*       
*                 0.0+00               0
GRID*                174               0        2.775+01          1.0+01*       
*                 0.0+00               0
GRID*                175               0        2.675+01         8.75+00*       
*                 0.0+00               0
GRID*                176               0          2.8+01         8.75+00*       
*                 0.0+00               0
GRID*                177               0        2.525+01          1.0+01*       
*                 0.0+00               0
GRID*                178               0        2.425+01         8.75+00*       
*                 0.0+00               0
GRID*                179               0         2.55+01         8.75+00*       
*                 0.0+00               0
GRID*                180               0        2.225+01         6.25+00*       
*                 0.0+00               0
GRID*                181               0 2.0519743412+01 7.7737429092+00*       
*                 0.0+00               0
GRID*                182               0 2.0877736765+01 6.5502884722+00*       
*                 0.0+00               0
GRID*                183               0        2.325+01          7.5+00*       
*                 0.0+00               0
GRID*                184               0         2.35+01         6.25+00*       
*                 0.0+00               0
GRID*                185               0        2.275+01          1.0+01*       
*                 0.0+00               0
GRID*                186               0        2.175+01         8.75+00*       
*                 0.0+00               0
GRID*                187               0          2.3+01         8.75+00*       
*                 0.0+00               0
GRID*                188               0        1.975+01          1.0+01*       
*                 0.0+00               0
GRID*                189               0 2.0161750059+01 8.9971973461+00*       
*                 0.0+00               0
GRID*                190               0        3.225+01          0.0+00*       
*                 0.0+00               0
GRID*                191               0        3.325+01         1.25+00*       
*                 0.0+00               0
GRID*                192               0        3.175+01          2.5+00*       
*                 0.0+00               0
GRID*                193               0          3.2+01         1.25+00*       
*                 0.0+00               0
GRID*                194               0        3.475+01          0.0+00*       
*                 0.0+00               0
GRID*                195               0 3.5982252469+01 1.0953421311+00*       
*                 0.0+00               0
GRID*                196               0 3.4482252469+01 2.3453421311+00*       
*                 0.0+00               0
GRID*                197               0 3.4616126235+01 1.1726710655+00*       
*                 0.0+00               0
GRID*                198               0 3.5501242778+01  3.378281909+00*       
*                 0.0+00               0
GRID*                199               0 3.3768990309+01 4.7829397779+00*       
*                 0.0+00               0
GRID*                200               0        3.275+01         3.75+00*       
*                 0.0+00               0
GRID*                201               0 3.4125621389+01 3.5641409545+00*       
*                 0.0+00               0
GRID*                202               0        3.125+01          5.0+00*       
*                 0.0+00               0
GRID*                203               0         3.15+01         3.75+00*       
*                 0.0+00               0
GRID*                204               0        3.725+01          0.0+00*       
*                 0.0+00               0
GRID*                205               0  3.846326216+01 1.3124023532+00*       
*                 0.0+00               0
GRID*                206               0 3.7195514629+01 2.4077444842+00*       
*                 0.0+00               0
GRID*                207               0 3.7222757315+01 1.2038722421+00*       
*                 0.0+00               0
GRID*                208               0        3.975+01          0.0+00*       
*                 0.0+00               0
GRID*                209               0 4.0944271852+01 1.5294625752+00*       
*                 0.0+00               0
GRID*                210               0 3.9657534012+01 2.8418649284+00*       
*                 0.0+00               0
GRID*                211               0 3.9703767006+01 1.4209324642+00*       
*                 0.0+00               0
GRID*                212               0 4.0425281543+01 4.2465227973+00*       
*                 0.0+00               0
GRID*                213               0 3.8674615776+01 5.4275251792+00*       
*                 0.0+00               0
GRID*                214               0 3.8162448334+01 3.9108892598+00*       
*                 0.0+00               0
GRID*                215               0  3.933706411+01  4.338414439+00*       
*                 0.0+00               0
GRID*                216               0 3.6325384224+01 4.5724748208+00*       
*                 0.0+00               0
GRID*                217               0 3.6987832558+01 3.4833640807+00*       
*                 0.0+00               0
GRID*                218               0 3.6837551666+01 6.0891107402+00*       
*                 0.0+00               0
GRID*                219               0 3.5342465988+01 7.1581350716+00*       
*                 0.0+00               0
GRID*                220               0 3.4574718457+01 5.7534772027+00*       
*                 0.0+00               0
GRID*                221               0  3.566293589+01  5.661585561+00*       
*                 0.0+00               0
GRID*                222               0 3.9498757222+01  6.621718091+00*       
*                 0.0+00               0
GRID*                223               0 3.7804485371+01 7.5922555158+00*       
*                 0.0+00               0
GRID*                224               0 3.8012167442+01 6.5166359193+00*       
*                 0.0+00               0
GRID*                225               0 3.9017747531+01 8.9046578689+00*       
*                 0.0+00               0
GRID*                226               0        3.775+01          1.0+01*       
*                 0.0+00               0
GRID*                227               0  3.653673784+01 8.6875976468+00*       
*                 0.0+00               0
GRID*                228               0 3.7777242685+01 8.7961277579+00*       
*                 0.0+00               0
GRID*                229               0        3.525+01          1.0+01*       
*                 0.0+00               0
GRID*                230               0 3.4055728148+01 8.4705374248+00*       
*                 0.0+00               0
GRID*                231               0 3.5296232994+01 8.5790675358+00*       
*                 0.0+00               0
GRID*                232               0        3.225+01         6.25+00*       
*                 0.0+00               0
GRID*                233               0        3.075+01          7.5+00*       
*                 0.0+00               0
GRID*                234               0          3.1+01         6.25+00*       
*                 0.0+00               0
GRID*                235               0 3.3055728148+01 7.2205374248+00*       
*                 0.0+00               0
GRID*                236               0 3.3412359229+01 6.0017386013+00*       
*                 0.0+00               0
GRID*                237               0        3.275+01          1.0+01*       
*                 0.0+00               0
GRID*                238               0        3.175+01         8.75+00*       
*                 0.0+00               0
GRID*                239               0 3.2902864074+01 8.6102687124+00*       
*                 0.0+00               0
GRID*                240               0        3.025+01          1.0+01*       
*                 0.0+00               0
GRID*                241               0         3.05+01         8.75+00*       
*                 0.0+00               0
GRID*                242               0          4.2+01          0.0+00*       
*                 0.0+00               0
GRID*                243               0       4.2875+01         1.25+00*       
*                 0.0+00               0
GRID*                244               0 4.1819271852+01 2.7794625752+00*       
*                 0.0+00               0
GRID*                245               0 4.1909635926+01 1.3897312876+00*       
*                 0.0+00               0
GRID*                246               0          4.4+01          0.0+00*       
*                 0.0+00               0
GRID*                247               0          4.5+01         1.25+00*       
*                 0.0+00               0
GRID*                248               0       4.3875+01          2.5+00*       
*                 0.0+00               0
GRID*                249               0      4.39375+01         1.25+00*       
*                 0.0+00               0
GRID*                250               0          4.5+01         3.75+00*       
*                 0.0+00               0
GRID*                251               0        4.375+01          5.0+00*       
*                 0.0+00               0
GRID*                252               0       4.2625+01         3.75+00*       
*                 0.0+00               0
GRID*                253               0      4.38125+01         3.75+00*       
*                 0.0+00               0
GRID*                254               0 4.1231009691+01 5.2170602221+00*       
*                 0.0+00               0
GRID*                255               0 4.1525140771+01 3.9982613987+00*       
*                 0.0+00               0
GRID*                256               0        4.625+01          0.0+00*       
*                 0.0+00               0
GRID*                257               0         4.75+01         1.25+00*       
*                 0.0+00               0
GRID*                258               0        4.625+01          2.5+00*       
*                 0.0+00               0
GRID*                259               0        4.625+01         1.25+00*       
*                 0.0+00               0
GRID*                260               0        4.875+01          0.0+00*       
*                 0.0+00               0
GRID*                261               0          5.0+01         1.25+00*       
*                 0.0+00               0
GRID*                262               0        4.875+01          2.5+00*       
*                 0.0+00               0
GRID*                263               0        4.875+01         1.25+00*       
*                 0.0+00               0
GRID*                264               0          5.0+01         3.75+00*       
*                 0.0+00               0
GRID*                265               0        4.875+01          5.0+00*       
*                 0.0+00               0
GRID*                266               0         4.75+01         3.75+00*       
*                 0.0+00               0
GRID*                267               0        4.875+01         3.75+00*       
*                 0.0+00               0
GRID*                268               0        4.625+01          5.0+00*       
*                 0.0+00               0
GRID*                269               0        4.625+01         3.75+00*       
*                 0.0+00               0
GRID*                270               0         4.75+01         6.25+00*       
*                 0.0+00               0
GRID*                271               0        4.625+01          7.5+00*       
*                 0.0+00               0
GRID*                272               0          4.5+01         6.25+00*       
*                 0.0+00               0
GRID*                273               0        4.625+01         6.25+00*       
*                 0.0+00               0
GRID*                274               0          5.0+01         6.25+00*       
*                 0.0+00               0
GRID*                275               0        4.875+01          7.5+00*       
*                 0.0+00               0
GRID*                276               0        4.875+01         6.25+00*       
*                 0.0+00               0
GRID*                277               0          5.0+01         8.75+00*       
*                 0.0+00               0
GRID*                278               0        4.875+01          1.0+01*       
*                 0.0+00               0
GRID*                279               0         4.75+01         8.75+00*       
*                 0.0+00               0
GRID*                280               0        4.875+01         8.75+00*       
*                 0.0+00               0
GRID*                281               0        4.625+01          1.0+01*       
*                 0.0+00               0
GRID*                282               0          4.5+01         8.75+00*       
*                 0.0+00               0
GRID*                283               0        4.625+01         8.75+00*       
*                 0.0+00               0
GRID*                284               0       4.2375+01         6.25+00*       
*                 0.0+00               0
GRID*                285               0 4.0642747531+01 7.6546578689+00*       
*                 0.0+00               0
GRID*                286               0 4.0936878611+01 6.4358590455+00*       
*                 0.0+00               0
GRID*                287               0       4.3625+01          7.5+00*       
*                 0.0+00               0
GRID*                288               0      4.36875+01         6.25+00*       
*                 0.0+00               0
GRID*                289               0         4.35+01          1.0+01*       
*                 0.0+00               0
GRID*                290               0       4.2125+01         8.75+00*       
*                 0.0+00               0
GRID*                291               0      4.35625+01         8.75+00*       
*                 0.0+00               0
GRID*                292               0         4.05+01          1.0+01*       
*                 0.0+00               0
GRID*                293               0 4.0571373765+01 8.8273289345+00*       
*                 0.0+00               0
GRID*                294               0         1.25+00          0.0+00*       
*                 0.0+00               0
GRID*                295               0          2.5+00         1.25+00*       
*                 0.0+00               0
GRID*                296               0         1.25+00          2.5+00*       
*                 0.0+00               0
GRID*                297               0          0.0+00         1.25+00*       
*                 0.0+00               0
GRID*                298               0         1.25+00         1.25+00*       
*                 0.0+00               0
GRID*                299               0         3.75+00          0.0+00*       
*                 0.0+00               0
GRID*                300               0          5.0+00         1.25+00*       
*                 0.0+00               0
GRID*                301               0         3.75+00          2.5+00*       
*                 0.0+00               0
GRID*                302               0         3.75+00         1.25+00*       
*                 0.0+00               0
GRID*                303               0          5.0+00         3.75+00*       
*                 0.0+00               0
GRID*                304               0         3.75+00          5.0+00*       
*                 0.0+00               0
GRID*                305               0          2.5+00         3.75+00*       
*                 0.0+00               0
GRID*                306               0         3.75+00         3.75+00*       
*                 0.0+00               0
GRID*                307               0         1.25+00          5.0+00*       
*                 0.0+00               0
GRID*                308               0          0.0+00         3.75+00*       
*                 0.0+00               0
GRID*                309               0         1.25+00         3.75+00*       
*                 0.0+00               0
GRID*                310               0          6.5+00          0.0+00*       
*                 0.0+00               0
GRID*                311               0        7.875+00         1.25+00*       
*                 0.0+00               0
GRID*                312               0        6.375+00          2.5+00*       
*                 0.0+00               0
GRID*                313               0       6.4375+00         1.25+00*       
*                 0.0+00               0
GRID*                314               0          9.5+00          0.0+00*       
*                 0.0+00               0
GRID*                315               0        1.075+01         1.25+00*       
*                 0.0+00               0
GRID*                316               0        9.125+00          2.5+00*       
*                 0.0+00               0
GRID*                317               0       9.3125+00         1.25+00*       
*                 0.0+00               0
GRID*                318               0        1.025+01         3.75+00*       
*                 0.0+00               0
GRID*                319               0         8.75+00          5.0+00*       
*                 0.0+00               0
GRID*                320               0        7.625+00         3.75+00*       
*                 0.0+00               0
GRID*                321               0       8.9375+00         3.75+00*       
*                 0.0+00               0
GRID*                322               0         6.25+00          5.0+00*       
*                 0.0+00               0
GRID*                323               0       6.3125+00         3.75+00*       
*                 0.0+00               0
GRID*                324               0        7.375+00         6.25+00*       
*                 0.0+00               0
GRID*                325               0        6.125+00          7.5+00*       
*                 0.0+00               0
GRID*                326               0          5.0+00         6.25+00*       
*                 0.0+00               0
GRID*                327               0       6.1875+00         6.25+00*       
*                 0.0+00               0
GRID*                328               0        8.375+00          7.5+00*       
*                 0.0+00               0
GRID*                329               0       8.5625+00         6.25+00*       
*                 0.0+00               0
GRID*                330               0          8.0+00          1.0+01*       
*                 0.0+00               0
GRID*                331               0        7.125+00         8.75+00*       
*                 0.0+00               0
GRID*                332               0       8.1875+00         8.75+00*       
*                 0.0+00               0
GRID*                333               0          6.0+00          1.0+01*       
*                 0.0+00               0
GRID*                334               0          5.0+00         8.75+00*       
*                 0.0+00               0
GRID*                335               0       6.0625+00         8.75+00*       
*                 0.0+00               0
GRID*                336               0          2.5+00         6.25+00*       
*                 0.0+00               0
GRID*                337               0         1.25+00          7.5+00*       
*                 0.0+00               0
GRID*                338               0          0.0+00         6.25+00*       
*                 0.0+00               0
GRID*                339               0         1.25+00         6.25+00*       
*                 0.0+00               0
GRID*                340               0         3.75+00          7.5+00*       
*                 0.0+00               0
GRID*                341               0         3.75+00         6.25+00*       
*                 0.0+00               0
GRID*                342               0         3.75+00          1.0+01*       
*                 0.0+00               0
GRID*                343               0          2.5+00         8.75+00*       
*                 0.0+00               0
GRID*                344               0         3.75+00         8.75+00*       
*                 0.0+00               0
GRID*                345               0         1.25+00          1.0+01*       
*                 0.0+00               0
GRID*                346               0          0.0+00         8.75+00*       
*                 0.0+00               0
GRID*                347               0         1.25+00         8.75+00*       
*                 0.0+00               0
GRID*                348               0        1.225+01          0.0+00*       
*                 0.0+00               0
GRID*                349               0        1.325+01         1.25+00*       
*                 0.0+00               0
GRID*                350               0        1.175+01          2.5+00*       
*                 0.0+00               0
GRID*                351               0          1.2+01         1.25+00*       
*                 0.0+00               0
GRID*                352               0        1.475+01          0.0+00*       
*                 0.0+00               0
GRID*                353               0 1.6083493314+01 1.1117473323+00*       
*                 0.0+00               0
GRID*                354               0 1.4480256588+01 2.2262570908+00*       
*                 0.0+00               0
GRID*                355               0 1.4838249941+01 1.0028026539+00*       
*                 0.0+00               0
GRID*                356               0 1.5650190697+01 3.2102498657+00*       
*                 0.0+00               0
GRID*                357               0        1.275+01         3.75+00*       
*                 0.0+00               0
GRID*                358               0 1.4122263235+01 3.4497115278+00*       
*                 0.0+00               0
GRID*                359               0         1.15+01         3.75+00*       
*                 0.0+00               0
GRID*                360               0        1.725+01          0.0+00*       
*                 0.0+00               0
GRID*                361               0 1.8573980059+01 1.3296366892+00*       
*                 0.0+00               0
GRID*                362               0 1.7422603243+01 2.3910711505+00*       
*                 0.0+00               0
GRID*                363               0 1.7328736686+01 1.2206920108+00*       
*                 0.0+00               0
GRID*                364               0        1.975+01          0.0+00*       
*                 0.0+00               0
GRID*                365               0 1.9837417809+01 3.0381187632+00*       
*                 0.0+00               0
GRID*                366               0 1.9819223431+01 1.4385813677+00*       
*                 0.0+00               0
GRID*                367               0 1.8341506351+01 4.0424682453+00*       
*                 0.0+00               0
GRID*                368               0 1.9424038106+01 4.6674682453+00*       
*                 0.0+00               0
GRID*                369               0 1.7258974596+01 3.4174682453+00*       
*                 0.0+00               0
$--1---><------2-------><------3-------><------4-------><------5-------><--6--->
$$$$$$$$$$$$$$$$$$$$$$$$$$$$$$$$$$$ Material $$$$$$$$$$$$$$$$$$$$$$$$$$$$$$$$$$$
MAT8*                  1          2.7+07          1.5+06          3.5-01*       
*                 1.1+06          1.1+06          1.1+06          0.0+00*       
*                 0.0+00          0.0+00          0.0+00                *       
*                                                                       
MAT8*                  2          2.7+07          1.5+06          3.5-01*       
*                 1.1+06          1.1+06          1.1+06          0.0+00*       
*                 0.0+00          0.0+00          0.0+00                *       
*                                                                       
MAT8*                  3          2.7+07          1.5+06          3.5-01*       
*                 1.1+06          1.1+06          1.1+06          0.0+00*       
*                 0.0+00          0.0+00          0.0+00                *       
*                                                                       
MAT8*                  4          2.7+07          1.5+06          3.5-01*       
*                 1.1+06          1.1+06          1.1+06          0.0+00*       
*                 0.0+00          0.0+00          0.0+00                *       
*                                                                       
MAT8*                  5          2.7+07          1.5+06          3.5-01*       
*                 1.1+06          1.1+06          1.1+06          0.0+00*       
*                 0.0+00          0.0+00          0.0+00                *       
*                                                                       
MAT8*                  6          2.7+07          1.5+06          3.5-01*       
*                 1.1+06          1.1+06          1.1+06          0.0+00*       
*                 0.0+00          0.0+00          0.0+00                *       
*                                                                       
MAT8*                  7          2.7+07          1.5+06          3.5-01*       
*                 1.1+06          1.1+06          1.1+06          0.0+00*       
*                 0.0+00          0.0+00          0.0+00                *       
*                                                                       
MAT8*                  8          2.7+07          1.5+06          3.5-01*       
*                 1.1+06          1.1+06          1.1+06          0.0+00*       
*                 0.0+00          0.0+00          0.0+00                *       
*                                                                       
$--1---><------2-------><------3-------><------4-------><------5-------><--6--->
SPC*                   1               1               1          0.0+00*       
*                                                                       
SPC*                   1               1               2          0.0+00*       
*                                                                       
SPC*                   1               1               3          0.0+00*       
*                                                                       
SPC*                   1               2               3          0.0+00*       
*                                                                       
SPC*                   1               3               3          0.0+00*       
*                                                                       
SPC*                   1               4               3          0.0+00*       
*                                                                       
SPC*                   1               4               1          0.0+00*       
*                                                                       
SPC*                   1               5               3          0.0+00*       
*                                                                       
SPC*                   1               6               3          0.0+00*       
*                                                                       
SPC*                   1               7               3          0.0+00*       
*                                                                       
SPC*                   1               8               3          0.0+00*       
*                                                                       
SPC*                   1               9               3          0.0+00*       
*                                                                       
SPC*                   1              10               3          0.0+00*       
*                                                                       
SPC*                   1              11               3          0.0+00*       
*                                                                       
SPC*                   1              12               3          0.0+00*       
*                                                                       
SPC*                   1              13               3          0.0+00*       
*                                                                       
SPC*                   1              14               3          0.0+00*       
*                                                                       
SPC*                   1              15               3          0.0+00*       
*                                                                       
SPC*                   1              18               3          0.0+00*       
*                                                                       
SPC*                   1              20               3          0.0+00*       
*                                                                       
SPC*                   1              21               3          0.0+00*       
*                                                                       
SPC*                   1              21               1          0.0+00*       
*                                                                       
SPC*                   1              23               3          0.0+00*       
*                                                                       
SPC*                   1              25               3          0.0+00*       
*                                                                       
SPC*                   1              27               3          0.0+00*       
*                                                                       
SPC*                   1              29               3          0.0+00*       
*                                                                       
SPC*                   1              31               3          0.0+00*       
*                                                                       
SPC*                   1              32               3          0.0+00*       
*                                                                       
SPC*                   1              36               3          0.0+00*       
*                                                                       
SPC*                   1              39               3          0.0+00*       
*                                                                       
SPC*                   1              44               3          0.0+00*       
*                                                                       
SPC*                   1              49               3          0.0+00*       
*                                                                       
SPC*                   1              52               3          0.0+00*       
*                                                                       
SPC*                   1              55               3          0.0+00*       
*                                                                       
SPC*                   1              59               3          0.0+00*       
*                                                                       
SPC*                   1              60               3          0.0+00*       
*                                                                       
SPC*                   1              63               3          0.0+00*       
*                                                                       
SPC*                   1              64               3          0.0+00*       
*                                                                       
SPC*                   1              67               3          0.0+00*       
*                                                                       
SPC*                   1              69               3          0.0+00*       
*                                                                       
SPC*                   1              72               3          0.0+00*       
*                                                                       
SPC*                   1              72               1          0.0+00*       
*                                                                       
SPC*                   1              74               3          0.0+00*       
*                                                                       
SPC*                   1              79               3          0.0+00*       
*                                                                       
SPC*                   1              82               3          0.0+00*       
*                                                                       
SPC*                   1              83               3          0.0+00*       
*                                                                       
SPC*                   1              83               1          0.0+00*       
*                                                                       
SPC*                   1              85               3          0.0+00*       
*                                                                       
SPC*                   1              89               3          0.0+00*       
*                                                                       
SPC*                   1              93               3          0.0+00*       
*                                                                       
SPC*                   1              96               3          0.0+00*       
*                                                                       
SPC*                   1              98               3          0.0+00*       
*                                                                       
SPC*                   1             101               3          0.0+00*       
*                                                                       
SPC*                   1             104               3          0.0+00*       
*                                                                       
SPC*                   1             116               3          0.0+00*       
*                                                                       
SPC*                   1             119               3          0.0+00*       
*                                                                       
SPC*                   1             130               3          0.0+00*       
*                                                                       
SPC*                   1             133               3          0.0+00*       
*                                                                       
SPC*                   1             136               3          0.0+00*       
*                                                                       
SPC*                   1             141               3          0.0+00*       
*                                                                       
SPC*                   1             152               3          0.0+00*       
*                                                                       
SPC*                   1             156               3          0.0+00*       
*                                                                       
SPC*                   1             174               3          0.0+00*       
*                                                                       
SPC*                   1             177               3          0.0+00*       
*                                                                       
SPC*                   1             185               3          0.0+00*       
*                                                                       
SPC*                   1             188               3          0.0+00*       
*                                                                       
SPC*                   1             190               3          0.0+00*       
*                                                                       
SPC*                   1             194               3          0.0+00*       
*                                                                       
SPC*                   1             204               3          0.0+00*       
*                                                                       
SPC*                   1             208               3          0.0+00*       
*                                                                       
SPC*                   1             226               3          0.0+00*       
*                                                                       
SPC*                   1             229               3          0.0+00*       
*                                                                       
SPC*                   1             237               3          0.0+00*       
*                                                                       
SPC*                   1             240               3          0.0+00*       
*                                                                       
SPC*                   1             242               3          0.0+00*       
*                                                                       
SPC*                   1             246               3          0.0+00*       
*                                                                       
SPC*                   1             256               3          0.0+00*       
*                                                                       
SPC*                   1             260               3          0.0+00*       
*                                                                       
SPC*                   1             261               3          0.0+00*       
*                                                                       
SPC*                   1             264               3          0.0+00*       
*                                                                       
SPC*                   1             274               3          0.0+00*       
*                                                                       
SPC*                   1             277               3          0.0+00*       
*                                                                       
SPC*                   1             278               3          0.0+00*       
*                                                                       
SPC*                   1             281               3          0.0+00*       
*                                                                       
SPC*                   1             289               3          0.0+00*       
*                                                                       
SPC*                   1             292               3          0.0+00*       
*                                                                       
SPC*                   1             294               3          0.0+00*       
*                                                                       
SPC*                   1             297               3          0.0+00*       
*                                                                       
SPC*                   1             297               1          0.0+00*       
*                                                                       
SPC*                   1             299               3          0.0+00*       
*                                                                       
SPC*                   1             308               3          0.0+00*       
*                                                                       
SPC*                   1             308               1          0.0+00*       
*                                                                       
SPC*                   1             310               3          0.0+00*       
*                                                                       
SPC*                   1             314               3          0.0+00*       
*                                                                       
SPC*                   1             330               3          0.0+00*       
*                                                                       
SPC*                   1             333               3          0.0+00*       
*                                                                       
SPC*                   1             338               3          0.0+00*       
*                                                                       
SPC*                   1             338               1          0.0+00*       
*                                                                       
SPC*                   1             342               3          0.0+00*       
*                                                                       
SPC*                   1             345               3          0.0+00*       
*                                                                       
SPC*                   1             346               3          0.0+00*       
*                                                                       
SPC*                   1             346               1          0.0+00*       
*                                                                       
SPC*                   1             348               3          0.0+00*       
*                                                                       
SPC*                   1             352               3          0.0+00*       
*                                                                       
SPC*                   1             360               3          0.0+00*       
*                                                                       
SPC*                   1             364               3          0.0+00*       
*                                                                       
$--1---><------2-------><------3-------><------4-------><------5-------><--6--->
$$$$$$$$$$$$$$$$$$$$$$$$$$$$$$$$$$$ Default $$$$$$$$$$$$$$$$$$$$$$$$$$$$$$$$$$$$
PCOMP*                 1                                                *       
*                                 0.0+00                             SYM*       
*                      1          7.0-03          0.0+00                *       
*                      2          7.0-03          4.5+01                *       
*                      3          7.0-03         -4.5+01                *       
*                      4          7.0-03          9.0+01                
CQUAD4*                1               1              18             310*       
*                    313             300          0.0+00          0.0+00
CQUAD4*                2               1             310              74*       
*                    311             313          0.0+00          0.0+00
CQUAD4*                3               1             313             311*       
*                     77             312          0.0+00          0.0+00
CQUAD4*                4               1             300             313*       
*                    312              70          0.0+00          0.0+00
CQUAD4*                5               1              74             314*       
*                    317             311          0.0+00          0.0+00
CQUAD4*                6               1             314               5*       
*                    315             317          0.0+00          0.0+00
CQUAD4*                7               1             317             315*       
*                     75             316          0.0+00          0.0+00
CQUAD4*                8               1             311             317*       
*                    316              77          0.0+00          0.0+00
CQUAD4*                9               1              77             316*       
*                    321             320          0.0+00          0.0+00
CQUAD4*               10               1             316              75*       
*                    318             321          0.0+00          0.0+00
CQUAD4*               11               1             321             318*       
*                     19             319          0.0+00          0.0+00
CQUAD4*               12               1             320             321*       
*                    319              76          0.0+00          0.0+00
CQUAD4*               13               1              70             312*       
*                    323             303          0.0+00          0.0+00
CQUAD4*               14               1             312              77*       
*                    320             323          0.0+00          0.0+00
CQUAD4*               15               1             323             320*       
*                     76             322          0.0+00          0.0+00
CQUAD4*               16               1             303             323*       
*                    322              22          0.0+00          0.0+00
CQUAD4*               17               1              22             322*       
*                    327             326          0.0+00          0.0+00
CQUAD4*               18               1             322              76*       
*                    324             327          0.0+00          0.0+00
CQUAD4*               19               1             327             324*       
*                     81             325          0.0+00          0.0+00
CQUAD4*               20               1             326             327*       
*                    325              80          0.0+00          0.0+00
CQUAD4*               21               1              76             319*       
*                    329             324          0.0+00          0.0+00
CQUAD4*               22               1             319              19*       
*                    125             329          0.0+00          0.0+00
CQUAD4*               23               1             329             125*       
*                     78             328          0.0+00          0.0+00
CQUAD4*               24               1             324             329*       
*                    328              81          0.0+00          0.0+00
CQUAD4*               25               1              81             328*       
*                    332             331          0.0+00          0.0+00
CQUAD4*               26               1             328              78*       
*                    134             332          0.0+00          0.0+00
CQUAD4*               27               1             332             134*       
*                      6             330          0.0+00          0.0+00
CQUAD4*               28               1             331             332*       
*                    330              79          0.0+00          0.0+00
CQUAD4*               29               1              80             325*       
*                    335             334          0.0+00          0.0+00
CQUAD4*               30               1             325              81*       
*                    331             335          0.0+00          0.0+00
CQUAD4*               31               1             335             331*       
*                     79             333          0.0+00          0.0+00
CQUAD4*               32               1             334             335*       
*                    333              20          0.0+00          0.0+00
CQUAD4*               33               1              21             307*       
*                    339             338          0.0+00          0.0+00
CQUAD4*               34               1             307              71*       
*                    336             339          0.0+00          0.0+00
CQUAD4*               35               1             339             336*       
*                     84             337          0.0+00          0.0+00
CQUAD4*               36               1             338             339*       
*                    337              83          0.0+00          0.0+00
CQUAD4*               37               1              71             304*       
*                    341             336          0.0+00          0.0+00
CQUAD4*               38               1             304              22*       
*                    326             341          0.0+00          0.0+00
CQUAD4*               39               1             341             326*       
*                     80             340          0.0+00          0.0+00
CQUAD4*               40               1             336             341*       
*                    340              84          0.0+00          0.0+00
CQUAD4*               41               1              84             340*       
*                    344             343          0.0+00          0.0+00
CQUAD4*               42               1             340              80*       
*                    334             344          0.0+00          0.0+00
CQUAD4*               43               1             344             334*       
*                     20             342          0.0+00          0.0+00
CQUAD4*               44               1             343             344*       
*                    342              82          0.0+00          0.0+00
CQUAD4*               45               1              83             337*       
*                    347             346          0.0+00          0.0+00
CQUAD4*               46               1             337              84*       
*                    343             347          0.0+00          0.0+00
CQUAD4*               47               1             347             343*       
*                     82             345          0.0+00          0.0+00
CQUAD4*               48               1             346             347*       
*                    345               4          0.0+00          0.0+00
CQUAD4*               49               1               5             348*       
*                    351             315          0.0+00          0.0+00
CQUAD4*               50               1             348              85*       
*                    349             351          0.0+00          0.0+00
CQUAD4*               51               1             351             349*       
*                     88             350          0.0+00          0.0+00
CQUAD4*               52               1             315             351*       
*                    350              75          0.0+00          0.0+00
CQUAD4*               53               1              85             352*       
*                    355             349          0.0+00          0.0+00
CQUAD4*               54               1             352              23*       
*                    353             355          0.0+00          0.0+00
CQUAD4*               55               1             355             353*       
*                     86             354         -5.0+00          0.0+00
CQUAD4*               56               1             349             355*       
*                    354              88 8.8466133559+00          0.0+00
CQUAD4*               57               1              88             354*       
*                    358             357 1.0477304871+01          0.0+00
CQUAD4*               58               1             354              86*       
*                    356             358   5.22678769+00          0.0+00
CQUAD4*               59               1             358             356*       
*                     26             127 8.9071227538+00          0.0+00
CQUAD4*               60               1             357             358*       
*                    127              87 1.2343306492+01          0.0+00
CQUAD4*               61               1              75             350*       
*                    359             318          0.0+00          0.0+00
CQUAD4*               62               1             350              88*       
*                    357             359          0.0+00          0.0+00
CQUAD4*               63               1             359             357*       
*                     87             122          0.0+00          0.0+00
CQUAD4*               64               1             318             359*       
*                    122              19          0.0+00          0.0+00
CQUAD4*               65               1              23             360*       
*                    363             353          0.0+00          0.0+00
CQUAD4*               66               1             360              89*       
*                    361             363          0.0+00          0.0+00
CQUAD4*               67               1             363             361*       
*                     92             362         -5.0+00          0.0+00
CQUAD4*               68               1             353             363*       
*                    362              86         -5.0+00          0.0+00
CQUAD4*               69               1              89             364*       
*                    366             361          0.0+00          0.0+00
CQUAD4*               70               1             364               7*       
*                    139             366          0.0+00          0.0+00
CQUAD4*               71               1             366             139*       
*                     90             365         -5.0+00          0.0+00
CQUAD4*               72               1             361             366*       
*                    365              92         -5.0+00          0.0+00
CQUAD4*               73               1              92             365*       
*                    368             367         -1.5+01          0.0+00
CQUAD4*               74               1             365              90*       
*                    150             368         -1.5+01          0.0+00
CQUAD4*               75               1             368             150*       
*                     24             111 8.7830136437+00          0.0+00
CQUAD4*               76               1             367             368*       
*                    111              91         -3.0+01          0.0+00
CQUAD4*               77               1              86             362*       
*                    369             356         -1.5+01          0.0+00
CQUAD4*               78               1             362              92*       
*                    367             369         -1.5+01          0.0+00
CQUAD4*               79               1             369             367*       
*                     91             106         -3.0+01          0.0+00
CQUAD4*               80               1             356             369*       
*                    106              26-7.3395352005+00          0.0+00
CQUAD4*               81               1              26             106*       
*                    110             109-9.4808688577-01          0.0+00
CQUAD4*               82               1             106              91*       
*                    107             110         -3.0+01          0.0+00
CQUAD4*               83               1             110             107*       
*                     95             108         -3.0+01          0.0+00
CQUAD4*               84               1             109             110*       
*                    108              94 8.7830136437+00          0.0+00
CQUAD4*               85               1              91             111*       
*                    114             107         -3.0+01          0.0+00
CQUAD4*               86               1             111              24*       
*                    112             114-9.4808688577-01          0.0+00
CQUAD4*               87               1             114             112*       
*                     37             113-7.3395352005+00          0.0+00
CQUAD4*               88               1             107             114*       
*                    113              95         -3.0+01          0.0+00
CQUAD4*               89               1              95             113*       
*                    118             117         -1.5+01          0.0+00
CQUAD4*               90               1             113              37*       
*                    115             118         -1.5+01          0.0+00
CQUAD4*               91               1             118             115*       
*                      8             116         -5.0+00          0.0+00
CQUAD4*               92               1             117             118*       
*                    116              93         -5.0+00          0.0+00
CQUAD4*               93               1              94             108*       
*                    121             120         -1.5+01          0.0+00
CQUAD4*               94               1             108              95*       
*                    117             121         -1.5+01          0.0+00
CQUAD4*               95               1             121             117*       
*                     93             119         -5.0+00          0.0+00
CQUAD4*               96               1             120             121*       
*                    119              25         -5.0+00          0.0+00
CQUAD4*               97               1              19             122*       
*                    126             125          0.0+00          0.0+00
CQUAD4*               98               1             122              87*       
*                    123             126          0.0+00          0.0+00
CQUAD4*               99               1             126             123*       
*                     97             124          0.0+00          0.0+00
CQUAD4*              100               1             125             126*       
*                    124              78          0.0+00          0.0+00
CQUAD4*              101               1              87             127*       
*                    129             123 1.4494546193+01          0.0+00
CQUAD4*              102               1             127              26*       
*                    109             129 1.3626651769+01          0.0+00
CQUAD4*              103               1             129             109*       
*                     94             128 1.9797063184+01          0.0+00
CQUAD4*              104               1             123             129*       
*                    128              97 1.6994126253+01          0.0+00
CQUAD4*              105               1              97             128*       
*                    132             131 1.9921837131+01          0.0+00
CQUAD4*              106               1             128              94*       
*                    120             132 2.7976083141+01          0.0+00
CQUAD4*              107               1             132             120*       
*                     25             130         -5.0+00          0.0+00
CQUAD4*              108               1             131             132*       
*                    130              96   2.33779778+01          0.0+00
CQUAD4*              109               1              78             124*       
*                    135             134          0.0+00          0.0+00
CQUAD4*              110               1             124              97*       
*                    131             135          0.0+00          0.0+00
CQUAD4*              111               1             135             131*       
*                     96             133          0.0+00          0.0+00
CQUAD4*              112               1             134             135*       
*                    133               6          0.0+00          0.0+00
CQUAD4*              113               1               7             136*       
*                    140             139          0.0+00          0.0+00
CQUAD4*              114               1             136              98*       
*                    137             140          0.0+00          0.0+00
CQUAD4*              115               1             140             137*       
*                    100             138   2.33779778+01          0.0+00
CQUAD4*              116               1             139             140*       
*                    138              90         -5.0+00          0.0+00
CQUAD4*              117               1              98             141*       
*                    144             137          0.0+00          0.0+00
CQUAD4*              118               1             141              27*       
*                    142             144          0.0+00          0.0+00
CQUAD4*              119               1             144             142*       
*                     99             143          0.0+00          0.0+00
CQUAD4*              120               1             137             144*       
*                    143             100          0.0+00          0.0+00
CQUAD4*              121               1             100             143*       
*                    148             147          0.0+00          0.0+00
CQUAD4*              122               1             143              99*       
*                    145             148          0.0+00          0.0+00
CQUAD4*              123               1             148             145*       
*                     30             146          0.0+00          0.0+00
CQUAD4*              124               1             147             148*       
*                    146              34          0.0+00          0.0+00
CQUAD4*              125               1              90             138*       
*                    151             150 2.7976083141+01          0.0+00
CQUAD4*              126               1             138             100*       
*                    147             151 1.9921837131+01          0.0+00
CQUAD4*              127               1             151             147*       
*                     34             149 1.6994126253+01          0.0+00
CQUAD4*              128               1             150             151*       
*                    149              24 1.9797063184+01          0.0+00
CQUAD4*              129               1              27             152*       
*                    155             142          0.0+00          0.0+00
CQUAD4*              130               1             152             101*       
*                    153             155          0.0+00          0.0+00
CQUAD4*              131               1             155             153*       
*                    103             154          0.0+00          0.0+00
CQUAD4*              132               1             142             155*       
*                    154              99          0.0+00          0.0+00
CQUAD4*              133               1             101             156*       
*                    159             153          0.0+00          0.0+00
CQUAD4*              134               1             156               9*       
*                    157             159          0.0+00          0.0+00
CQUAD4*              135               1             159             157*       
*                     42             158          0.0+00          0.0+00
CQUAD4*              136               1             153             159*       
*                    158             103          0.0+00          0.0+00
CQUAD4*              137               1             103             158*       
*                    163             162          0.0+00          0.0+00
CQUAD4*              138               1             158              42*       
*                    160             163          0.0+00          0.0+00
CQUAD4*              139               1             163             160*       
*                     28             161          0.0+00          0.0+00
CQUAD4*              140               1             162             163*       
*                    161             102          0.0+00          0.0+00
CQUAD4*              141               1              99             154*       
*                    165             145          0.0+00          0.0+00
CQUAD4*              142               1             154             103*       
*                    162             165          0.0+00          0.0+00
CQUAD4*              143               1             165             162*       
*                    102             164          0.0+00          0.0+00
CQUAD4*              144               1             145             165*       
*                    164              30          0.0+00          0.0+00
CQUAD4*              145               1              30             164*       
*                    169             168          0.0+00          0.0+00
CQUAD4*              146               1             164             102*       
*                    166             169          0.0+00          0.0+00
CQUAD4*              147               1             169             166*       
*                    105             167          0.0+00          0.0+00
CQUAD4*              148               1             168             169*       
*                    167              35          0.0+00          0.0+00
CQUAD4*              149               1             102             161*       
*                    172             166          0.0+00          0.0+00
CQUAD4*              150               1             161              28*       
*                    170             172          0.0+00          0.0+00
CQUAD4*              151               1             172             170*       
*                     53             171          0.0+00          0.0+00
CQUAD4*              152               1             166             172*       
*                    171             105          0.0+00          0.0+00
CQUAD4*              153               1             105             171*       
*                    176             175          0.0+00          0.0+00
CQUAD4*              154               1             171              53*       
*                    173             176          0.0+00          0.0+00
CQUAD4*              155               1             176             173*       
*                     10             174          0.0+00          0.0+00
CQUAD4*              156               1             175             176*       
*                    174             104          0.0+00          0.0+00
CQUAD4*              157               1              35             167*       
*                    179             178          0.0+00          0.0+00
CQUAD4*              158               1             167             105*       
*                    175             179          0.0+00          0.0+00
CQUAD4*              159               1             179             175*       
*                    104             177          0.0+00          0.0+00
CQUAD4*              160               1             178             179*       
*                    177              29          0.0+00          0.0+00
CQUAD4*              161               1              24             149*       
*                    182             112 1.3626651769+01          0.0+00
CQUAD4*              162               1             149              34*       
*                    180             182 1.4494546193+01          0.0+00
CQUAD4*              163               1             182             180*       
*                     38             181 1.2343306492+01          0.0+00
CQUAD4*              164               1             112             182*       
*                    181              37 8.9071227538+00          0.0+00
CQUAD4*              165               1              34             146*       
*                    184             180          0.0+00          0.0+00
CQUAD4*              166               1             146              30*       
*                    168             184          0.0+00          0.0+00
CQUAD4*              167               1             184             168*       
*                     35             183          0.0+00          0.0+00
CQUAD4*              168               1             180             184*       
*                    183              38          0.0+00          0.0+00
CQUAD4*              169               1              38             183*       
*                    187             186          0.0+00          0.0+00
CQUAD4*              170               1             183              35*       
*                    178             187          0.0+00          0.0+00
CQUAD4*              171               1             187             178*       
*                     29             185          0.0+00          0.0+00
CQUAD4*              172               1             186             187*       
*                    185              36          0.0+00          0.0+00
CQUAD4*              173               1              37             181*       
*                    189             115   5.22678769+00          0.0+00
CQUAD4*              174               1             181              38*       
*                    186             189 1.0477304871+01          0.0+00
CQUAD4*              175               1             189             186*       
*                     36             188 8.8466133559+00          0.0+00
CQUAD4*              176               1             115             189*       
*                    188               8         -5.0+00          0.0+00
CQUAD4*              177               1               9             190*       
*                    193             157          0.0+00          0.0+00
CQUAD4*              178               1             190              39*       
*                    191             193          0.0+00          0.0+00
CQUAD4*              179               1             193             191*       
*                     43             192          0.0+00          0.0+00
CQUAD4*              180               1             157             193*       
*                    192              42          0.0+00          0.0+00
CQUAD4*              181               1              39             194*       
*                    197             191          0.0+00          0.0+00
CQUAD4*              182               1             194              31*       
*                    195             197          0.0+00          0.0+00
CQUAD4*              183               1             197             195*       
*                     40             196 3.2397435405+00          0.0+00
CQUAD4*              184               1             191             197*       
*                    196              43 3.2397435405+00          0.0+00
CQUAD4*              185               1              43             196*       
*                    201             200 5.9566740179+00          0.0+00
CQUAD4*              186               1             196              40*       
*                    198             201 5.9566740179+00          0.0+00
CQUAD4*              187               1             201             198*       
*                     33             199 7.6945899446+00          0.0+00
CQUAD4*              188               1             200             201*       
*                    199              41 7.6945899446+00          0.0+00
CQUAD4*              189               1              42             192*       
*                    203             160          0.0+00          0.0+00
CQUAD4*              190               1             192              43*       
*                    200             203          0.0+00          0.0+00
CQUAD4*              191               1             203             200*       
*                     41             202          0.0+00          0.0+00
CQUAD4*              192               1             160             203*       
*                    202              28          0.0+00          0.0+00
CQUAD4*              193               1              31             204*       
*                    207             195          0.0+00          0.0+00
CQUAD4*              194               1             204              44*       
*                    205             207          0.0+00          0.0+00
CQUAD4*              195               1             207             205*       
*                     47             206         -5.0+00          0.0+00
CQUAD4*              196               1             195             207*       
*                    206              40         -5.0+00          0.0+00
CQUAD4*              197               1              44             208*       
*                    211             205          0.0+00          0.0+00
CQUAD4*              198               1             208              11*       
*                    209             211          0.0+00          0.0+00
CQUAD4*              199               1             211             209*       
*                     45             210         -5.0+00          0.0+00
CQUAD4*              200               1             205             211*       
*                    210              47         -5.0+00          0.0+00
CQUAD4*              201               1              47             210*       
*                    215             214         -1.0+01          0.0+00
CQUAD4*              202               1             210              45*       
*                    212             215         -1.0+01          0.0+00
CQUAD4*              203               1             215             212*       
*                     16             213 4.8267398566+00          0.0+00
CQUAD4*              204               1             214             215*       
*                    213              46         -2.0+01          0.0+00
CQUAD4*              205               1              40             206*       
*                    217             198         -1.0+01          0.0+00
CQUAD4*              206               1             206              47*       
*                    214             217         -1.0+01          0.0+00
CQUAD4*              207               1             217             214*       
*                     46             216         -2.0+01          0.0+00
CQUAD4*              208               1             198             217*       
*                    216              33-4.0433259821+00          0.0+00
CQUAD4*              209               1              33             216*       
*                    221             220-2.9351909708-01          0.0+00
CQUAD4*              210               1             216              46*       
*                    218             221         -2.0+01          0.0+00
CQUAD4*              211               1             221             218*       
*                     51             219         -2.0+01          0.0+00
CQUAD4*              212               1             220             221*       
*                    219              50 4.8267398566+00          0.0+00
CQUAD4*              213               1              46             213*       
*                    224             218         -2.0+01          0.0+00
CQUAD4*              214               1             213              16*       
*                    222             224-2.9351909708-01          0.0+00
CQUAD4*              215               1             224             222*       
*                     48             223-4.0433259821+00          0.0+00
CQUAD4*              216               1             218             224*       
*                    223              51         -2.0+01          0.0+00
CQUAD4*              217               1              51             223*       
*                    228             227         -1.0+01          0.0+00
CQUAD4*              218               1             223              48*       
*                    225             228         -1.0+01          0.0+00
CQUAD4*              219               1             228             225*       
*                     12             226         -5.0+00          0.0+00
CQUAD4*              220               1             227             228*       
*                    226              49         -5.0+00          0.0+00
CQUAD4*              221               1              50             219*       
*                    231             230         -1.0+01          0.0+00
CQUAD4*              222               1             219              51*       
*                    227             231         -1.0+01          0.0+00
CQUAD4*              223               1             231             227*       
*                     49             229         -5.0+00          0.0+00
CQUAD4*              224               1             230             231*       
*                    229              32         -5.0+00          0.0+00
CQUAD4*              225               1              28             202*       
*                    234             170          0.0+00          0.0+00
CQUAD4*              226               1             202              41*       
*                    232             234          0.0+00          0.0+00
CQUAD4*              227               1             234             232*       
*                     54             233          0.0+00          0.0+00
CQUAD4*              228               1             170             234*       
*                    233              53          0.0+00          0.0+00
CQUAD4*              229               1              41             199*       
*                    236             232 9.7064809029+00          0.0+00
CQUAD4*              230               1             199              33*       
*                    220             236 9.7064809029+00          0.0+00
CQUAD4*              231               1             236             220*       
*                     50             235 1.2056314471+01          0.0+00
CQUAD4*              232               1             232             236*       
*                    235              54 1.2056314471+01          0.0+00
CQUAD4*              233               1              54             235*       
*                    239             238 1.4826739857+01          0.0+00
CQUAD4*              234               1             235              50*       
*                    230             239 1.4826739857+01          0.0+00
CQUAD4*              235               1             239             230*       
*                     32             237 6.9107465224+00          0.0+00
CQUAD4*              236               1             238             239*       
*                    237              52 6.9107465224+00          0.0+00
CQUAD4*              237               1              53             233*       
*                    241             173          0.0+00          0.0+00
CQUAD4*              238               1             233              54*       
*                    238             241          0.0+00          0.0+00
CQUAD4*              239               1             241             238*       
*                     52             240          0.0+00          0.0+00
CQUAD4*              240               1             173             241*       
*                    240              10          0.0+00          0.0+00
CQUAD4*              241               1              11             242*       
*                    245             209          0.0+00          0.0+00
CQUAD4*              242               1             242              55*       
*                    243             245          0.0+00          0.0+00
CQUAD4*              243               1             245             243*       
*                     58             244 8.2360576535+00          0.0+00
CQUAD4*              244               1             209             245*       
*                    244              45 8.2360576535+00          0.0+00
CQUAD4*              245               1              55             246*       
*                    249             243          0.0+00          0.0+00
CQUAD4*              246               1             246              13*       
*                    247             249          0.0+00          0.0+00
CQUAD4*              247               1             249             247*       
*                     56             248          0.0+00          0.0+00
CQUAD4*              248               1             243             249*       
*                    248              58          0.0+00          0.0+00
CQUAD4*              249               1              58             248*       
*                    253             252          0.0+00          0.0+00
CQUAD4*              250               1             248              56*       
*                    250             253          0.0+00          0.0+00
CQUAD4*              251               1             253             250*       
*                     17             251          0.0+00          0.0+00
CQUAD4*              252               1             252             253*       
*                    251              57          0.0+00          0.0+00
CQUAD4*              253               1              45             244*       
*                    255             212 1.6713031062+01          0.0+00
CQUAD4*              254               1             244              58*       
*                    252             255 1.6713031062+01          0.0+00
CQUAD4*              255               1             255             252*       
*                     57             254 1.2719700767+01          0.0+00
CQUAD4*              256               1             212             255*       
*                    254              16 1.2719700767+01          0.0+00
CQUAD4*              257               1              13             256*       
*                    259             247          0.0+00          0.0+00
CQUAD4*              258               1             256              59*       
*                    257             259          0.0+00          0.0+00
CQUAD4*              259               1             259             257*       
*                     62             258          0.0+00          0.0+00
CQUAD4*              260               1             247             259*       
*                    258              56          0.0+00          0.0+00
CQUAD4*              261               1              59             260*       
*                    263             257          0.0+00          0.0+00
CQUAD4*              262               1             260               2*       
*                    261             263          0.0+00          0.0+00
CQUAD4*              263               1             263             261*       
*                     60             262          0.0+00          0.0+00
CQUAD4*              264               1             257             263*       
*                    262              62          0.0+00          0.0+00
CQUAD4*              265               1              62             262*       
*                    267             266          0.0+00          0.0+00
CQUAD4*              266               1             262              60*       
*                    264             267          0.0+00          0.0+00
CQUAD4*              267               1             267             264*       
*                     14             265          0.0+00          0.0+00
CQUAD4*              268               1             266             267*       
*                    265              61          0.0+00          0.0+00
CQUAD4*              269               1              56             258*       
*                    269             250          0.0+00          0.0+00
CQUAD4*              270               1             258              62*       
*                    266             269          0.0+00          0.0+00
CQUAD4*              271               1             269             266*       
*                     61             268          0.0+00          0.0+00
CQUAD4*              272               1             250             269*       
*                    268              17          0.0+00          0.0+00
CQUAD4*              273               1              17             268*       
*                    273             272          0.0+00          0.0+00
CQUAD4*              274               1             268              61*       
*                    270             273          0.0+00          0.0+00
CQUAD4*              275               1             273             270*       
*                     66             271          0.0+00          0.0+00
CQUAD4*              276               1             272             273*       
*                    271              65          0.0+00          0.0+00
CQUAD4*              277               1              61             265*       
*                    276             270          0.0+00          0.0+00
CQUAD4*              278               1             265              14*       
*                    274             276          0.0+00          0.0+00
CQUAD4*              279               1             276             274*       
*                     63             275          0.0+00          0.0+00
CQUAD4*              280               1             270             276*       
*                    275              66          0.0+00          0.0+00
CQUAD4*              281               1              66             275*       
*                    280             279          0.0+00          0.0+00
CQUAD4*              282               1             275              63*       
*                    277             280          0.0+00          0.0+00
CQUAD4*              283               1             280             277*       
*                      3             278          0.0+00          0.0+00
CQUAD4*              284               1             279             280*       
*                    278              64          0.0+00          0.0+00
CQUAD4*              285               1              65             271*       
*                    283             282          0.0+00          0.0+00
CQUAD4*              286               1             271              66*       
*                    279             283          0.0+00          0.0+00
CQUAD4*              287               1             283             279*       
*                     64             281          0.0+00          0.0+00
CQUAD4*              288               1             282             283*       
*                    281              15          0.0+00          0.0+00
CQUAD4*              289               1              16             254*       
*                    286             222 9.7064809029+00          0.0+00
CQUAD4*              290               1             254              57*       
*                    284             286 9.7064809029+00          0.0+00
CQUAD4*              291               1             286             284*       
*                     68             285 7.3639394105+00          0.0+00
CQUAD4*              292               1             222             286*       
*                    285              48 7.3639394105+00          0.0+00
CQUAD4*              293               1              57             251*       
*                    288             284          0.0+00          0.0+00
CQUAD4*              294               1             251              17*       
*                    272             288          0.0+00          0.0+00
CQUAD4*              295               1             288             272*       
*                     65             287          0.0+00          0.0+00
CQUAD4*              296               1             284             288*       
*                    287              68          0.0+00          0.0+00
CQUAD4*              297               1              68             287*       
*                    291             290          0.0+00          0.0+00
CQUAD4*              298               1             287              65*       
*                    282             291          0.0+00          0.0+00
CQUAD4*              299               1             291             282*       
*                     15             289          0.0+00          0.0+00
CQUAD4*              300               1             290             291*       
*                    289              67          0.0+00          0.0+00
CQUAD4*              301               1              48             285*       
*                    293             225  5.496364001+00          0.0+00
CQUAD4*              302               1             285              68*       
*                    290             293  5.496364001+00          0.0+00
CQUAD4*              303               1             293             290*       
*                     67             292  2.849442257+00          0.0+00
CQUAD4*              304               1             225             293*       
*                    292              12  2.849442257+00          0.0+00
CQUAD4*              305               1               1             294*       
*                    298             297          0.0+00          0.0+00
CQUAD4*              306               1             294              69*       
*                    295             298          0.0+00          0.0+00
CQUAD4*              307               1             298             295*       
*                     73             296          0.0+00          0.0+00
CQUAD4*              308               1             297             298*       
*                    296              72          0.0+00          0.0+00
CQUAD4*              309               1              69             299*       
*                    302             295          0.0+00          0.0+00
CQUAD4*              310               1             299              18*       
*                    300             302          0.0+00          0.0+00
CQUAD4*              311               1             302             300*       
*                     70             301          0.0+00          0.0+00
CQUAD4*              312               1             295             302*       
*                    301              73          0.0+00          0.0+00
CQUAD4*              313               1              73             301*       
*                    306             305          0.0+00          0.0+00
CQUAD4*              314               1             301              70*       
*                    303             306          0.0+00          0.0+00
CQUAD4*              315               1             306             303*       
*                     22             304          0.0+00          0.0+00
CQUAD4*              316               1             305             306*       
*                    304              71          0.0+00          0.0+00
CQUAD4*              317               1              72             296*       
*                    309             308          0.0+00          0.0+00
CQUAD4*              318               1             296              73*       
*                    305             309          0.0+00          0.0+00
CQUAD4*              319               1             309             305*       
*                     71             307          0.0+00          0.0+00
CQUAD4*              320               1             308             309*       
*                    307              21          0.0+00          0.0+00
$--1---><------2-------><------3-------><------4-------><------5-------><--6--->
$$$$$$$$$$$$$$$$$$$$$$$$$$$$$$$$$$$$ force $$$$$$$$$$$$$$$$$$$$$$$$$$$$$$$$$$$$$
FORCE*                 1               2               0          1.0+00*       
*               -6.25-01          0.0+00          0.0+00
FORCE*                 1             261               0          1.0+00*       
*               -1.25+00          0.0+00          0.0+00
FORCE*                 1              60               0          1.0+00*       
*               -1.25+00          0.0+00          0.0+00
FORCE*                 1             264               0          1.0+00*       
*               -1.25+00          0.0+00          0.0+00
FORCE*                 1              14               0          1.0+00*       
*               -1.25+00          0.0+00          0.0+00
FORCE*                 1             274               0          1.0+00*       
*               -1.25+00          0.0+00          0.0+00
FORCE*                 1              63               0          1.0+00*       
*               -1.25+00          0.0+00          0.0+00
FORCE*                 1             277               0          1.0+00*       
*               -1.25+00          0.0+00          0.0+00
FORCE*                 1               3               0          1.0+00*       
*               -6.25-01          0.0+00          0.0+00
$--1---><------2-------><------3-------><------4-------><------5-------><--6--->
EIGRL*                 1                                               1*       
*                      0                          1.0+00            MASS
PARAM*            IORQ2T               2                                *       
*                                                                       
ENDDATA
