$ Generated by Mecway 29
$-------------EXECUTIVE CONTROL SECTION-------------
SOL 101
CEND
$---------------CASE CONTROL SECTION----------------
DISPLACEMENT = ALL
$
  ACCELERATION(PRINT,PLOT) = ALL
  DISPLACEMENT(PRINT, PLOT) = ALL
  GPFORCE(PRINT, PLOT) = ALL
  MPCFORCES(PRINT, PLOT) = ALL
  OLOAD(PRINT, PLOT)= ALL
  SPCFORCES(PRINT, PLOT) = ALL
  FORCE(PRINT, PLOT) = ALL
  STRESS(PRINT, PLOT, CORNER)= ALL
  STRAIN(PRINT, PLOT, CORNER)= ALL
$
SPC = 1
TEMPERATURE = 1
BEGIN BULK
$-----------------BULK DATA SECTION-----------------
$
  PARAM, POST,-1
$
GRID*                  1               0-4.4786481388-01 4.3784797475-02*       
*                 0.0+00               0
GRID*                  2               0-4.4142611104-01 8.7424187127-02*       
*                 0.0+00               0
GRID*                  3               0-4.3069118255-01 1.3040362446-01*       
*                 0.0+00               0
GRID*                  4               0-4.1574578963-01 1.7220754456-01*       
*                 0.0+00               0
GRID*                  5               0-3.9675394292-01 2.1233536864-01*       
*                 0.0+00               0
GRID*                  6               0-3.7395363206-01 2.5031716095-01*       
*                 0.0+00               0
GRID*                  7               0-3.4764877416-01 2.8572771974-01*       
*                 0.0+00               0
GRID*                  8               0-3.1819805153-01 3.1819805153-01*       
*                 0.0+00               0
GRID*                  9               0        -4.75-01          0.0+00*       
*                 0.0+00               0
GRID*                 10               0-4.6452279356-01  9.221006229-02*       
*                 0.0+00               0
GRID*                 11               0-4.3708462439-01 1.8104637933-01*       
*                 0.0+00               0
GRID*                 12               0-3.9366957768-01 2.6326485701-01*       
*                 0.0+00               0
GRID*                 13               0-3.3587572106-01 3.3587572106-01*       
*                 0.0+00               0
GRID*                 14               0         -5.0-01          0.0+00*       
*                 0.0+00               0
GRID*                 15               0-4.9759236334-01 4.9008570165-02*       
*                 0.0+00               0
GRID*                 16               0 -4.903926402-01 9.7545161008-02*       
*                 0.0+00               0
GRID*                 17               0-4.7847016787-01 1.4514233863-01*       
*                 0.0+00               0
GRID*                 18               0-4.6193976626-01 1.9134171618-01*       
*                 0.0+00               0
GRID*                 19               0-4.4096063217-01 2.3569836841-01*       
*                 0.0+00               0
GRID*                 20               0-4.1573480615-01 2.7778511651-01*       
*                 0.0+00               0
GRID*                 21               0-3.8650522668-01 3.1719664208-01*       
*                 0.0+00               0
GRID*                 22               0-3.5355339059-01 3.5355339059-01*       
*                 0.0+00               0
GRID*                 23               0 3.3587572106-01-3.3587572106-01*       
*                 0.0+00               0
GRID*                 24               0-3.1719664208-01-3.8650522668-01*       
*                 0.0+00               0
GRID*                 25               0-4.4786481388-01-4.3784797475-02*       
*                 0.0+00               0
GRID*                 26               0-4.4142611104-01-8.7424187127-02*       
*                 0.0+00               0
GRID*                 27               0-4.3069118255-01-1.3040362446-01*       
*                 0.0+00               0
GRID*                 28               0-4.1574578963-01-1.7220754456-01*       
*                 0.0+00               0
GRID*                 29               0-3.9675394292-01-2.1233536864-01*       
*                 0.0+00               0
GRID*                 30               0-3.7395363206-01-2.5031716095-01*       
*                 0.0+00               0
GRID*                 31               0-3.4764877416-01-2.8572771974-01*       
*                 0.0+00               0
GRID*                 32               0 4.9759236334-01-4.9008570165-02*       
*                 0.0+00               0
GRID*                 33               0-3.1819805153-01-3.1819805153-01*       
*                 0.0+00               0
GRID*                 34               0-2.7778511651-01-4.1573480615-01*       
*                 0.0+00               0
GRID*                 35               0-4.6452279356-01 -9.221006229-02*       
*                 0.0+00               0
GRID*                 36               0  4.903926402-01-9.7545161008-02*       
*                 0.0+00               0
GRID*                 37               0 4.7847016787-01-1.4514233863-01*       
*                 0.0+00               0
GRID*                 38               0-4.3708462439-01-1.8104637933-01*       
*                 0.0+00               0
GRID*                 39               0-3.9366957768-01-2.6326485701-01*       
*                 0.0+00               0
GRID*                 40               0 4.4786481388-01-4.3784797475-02*       
*                 0.0+00               0
GRID*                 41               0-3.3587572106-01-3.3587572106-01*       
*                 0.0+00               0
GRID*                 42               0-2.3569836841-01-4.4096063217-01*       
*                 0.0+00               0
GRID*                 43               0-4.9759236334-01-4.9008570165-02*       
*                 0.0+00               0
GRID*                 44               0 -4.903926402-01-9.7545161008-02*       
*                 0.0+00               0
GRID*                 45               0-4.7847016787-01-1.4514233863-01*       
*                 0.0+00               0
GRID*                 46               0 4.6193976626-01-1.9134171618-01*       
*                 0.0+00               0
GRID*                 47               0 4.4096063217-01-2.3569836841-01*       
*                 0.0+00               0
GRID*                 48               0-4.6193976626-01-1.9134171618-01*       
*                 0.0+00               0
GRID*                 49               0 4.4142611104-01-8.7424187127-02*       
*                 0.0+00               0
GRID*                 50               0-4.4096063217-01-2.3569836841-01*       
*                 0.0+00               0
GRID*                 51               0-4.1573480615-01-2.7778511651-01*       
*                 0.0+00               0
GRID*                 52               0 4.1573480615-01-2.7778511651-01*       
*                 0.0+00               0
GRID*                 53               0 3.8650522668-01-3.1719664208-01*       
*                 0.0+00               0
GRID*                 54               0 4.3069118255-01-1.3040362446-01*       
*                 0.0+00               0
GRID*                 55               0 4.1574578963-01-1.7220754456-01*       
*                 0.0+00               0
GRID*                 56               0 3.9675394292-01-2.1233536864-01*       
*                 0.0+00               0
GRID*                 57               0          4.5-01          0.0+00*       
*                 0.0+00               0
GRID*                 58               0 4.4786481388-01 4.3784797475-02*       
*                 0.0+00               0
GRID*                 59               0 4.4142611104-01 8.7424187127-02*       
*                 0.0+00               0
GRID*                 60               0 4.3069118255-01 1.3040362446-01*       
*                 0.0+00               0
GRID*                 61               0 4.1574578963-01 1.7220754456-01*       
*                 0.0+00               0
GRID*                 62               0 3.9675394292-01 2.1233536864-01*       
*                 0.0+00               0
GRID*                 63               0 3.7395363206-01 2.5031716095-01*       
*                 0.0+00               0
GRID*                 64               0 3.4764877416-01 2.8572771974-01*       
*                 0.0+00               0
GRID*                 65               0 3.1819805153-01 3.1819805153-01*       
*                 0.0+00               0
GRID*                 66               0         4.75-01          0.0+00*       
*                 0.0+00               0
GRID*                 67               0 4.6452279356-01  9.221006229-02*       
*                 0.0+00               0
GRID*                 68               0 4.3708462439-01 1.8104637933-01*       
*                 0.0+00               0
GRID*                 69               0 3.9366957768-01 2.6326485701-01*       
*                 0.0+00               0
GRID*                 70               0 3.3587572106-01 3.3587572106-01*       
*                 0.0+00               0
GRID*                 71               0          5.0-01          0.0+00*       
*                 0.0+00               0
GRID*                 72               0 4.9759236334-01 4.9008570165-02*       
*                 0.0+00               0
GRID*                 73               0  4.903926402-01 9.7545161008-02*       
*                 0.0+00               0
GRID*                 74               0 4.7847016787-01 1.4514233863-01*       
*                 0.0+00               0
GRID*                 75               0 4.6193976626-01 1.9134171618-01*       
*                 0.0+00               0
GRID*                 76               0 4.4096063217-01 2.3569836841-01*       
*                 0.0+00               0
GRID*                 77               0 4.1573480615-01 2.7778511651-01*       
*                 0.0+00               0
GRID*                 78               0 3.8650522668-01 3.1719664208-01*       
*                 0.0+00               0
GRID*                 79               0 3.5355339059-01 3.5355339059-01*       
*                 0.0+00               0
GRID*                 80               0 3.7395363206-01-2.5031716095-01*       
*                 0.0+00               0
GRID*                 81               0 3.4764877416-01-2.8572771974-01*       
*                 0.0+00               0
GRID*                 82               0 3.1819805153-01-3.1819805153-01*       
*                 0.0+00               0
GRID*                 83               0-3.8650522668-01-3.1719664208-01*       
*                 0.0+00               0
GRID*                 84               0 4.6452279356-01 -9.221006229-02*       
*                 0.0+00               0
GRID*                 85               0 4.3708462439-01-1.8104637933-01*       
*                 0.0+00               0
GRID*                 86               0 3.9366957768-01-2.6326485701-01*       
*                 0.0+00               0
GRID*                 87               0-3.5355339059-01-3.5355339059-01*       
*                 0.0+00               0
GRID*                 88               0-1.9134171618-01-4.6193976626-01*       
*                 0.0+00               0
GRID*                 89               0-1.4514233863-01-4.7847016787-01*       
*                 0.0+00               0
GRID*                 90               0-9.7545161008-02 -4.903926402-01*       
*                 0.0+00               0
GRID*                 91               0-4.9008570165-02-4.9759236334-01*       
*                 0.0+00               0
GRID*                 92               0          0.0+00         -5.0-01*       
*                 0.0+00               0
GRID*                 93               0 3.5355339059-01-3.5355339059-01*       
*                 0.0+00               0
GRID*                 94               0 2.3569836841-01-4.4096063217-01*       
*                 0.0+00               0
GRID*                 95               0 1.9134171618-01-4.6193976626-01*       
*                 0.0+00               0
GRID*                 96               0 1.4514233863-01-4.7847016787-01*       
*                 0.0+00               0
GRID*                 97               0 9.7545161008-02 -4.903926402-01*       
*                 0.0+00               0
GRID*                 98               0 4.3784797475-02-4.4786481388-01*       
*                 0.0+00               0
GRID*                 99               0 2.1233536864-01-3.9675394292-01*       
*                 0.0+00               0
GRID*                100               0 1.7220754456-01-4.1574578963-01*       
*                 0.0+00               0
GRID*                101               0 4.9008570165-02-4.9759236334-01*       
*                 0.0+00               0
GRID*                102               0 3.1719664208-01-3.8650522668-01*       
*                 0.0+00               0
GRID*                103               0 2.7778511651-01-4.1573480615-01*       
*                 0.0+00               0
GRID*                104               0 1.3040362446-01-4.3069118255-01*       
*                 0.0+00               0
GRID*                105               0 8.7424187127-02-4.4142611104-01*       
*                 0.0+00               0
GRID*                106               0 1.8104637933-01-4.3708462439-01*       
*                 0.0+00               0
GRID*                107               0 2.8572771974-01-3.4764877416-01*       
*                 0.0+00               0
GRID*                108               0 2.5031716095-01-3.7395363206-01*       
*                 0.0+00               0
GRID*                109               0-2.8572771974-01-3.4764877416-01*       
*                 0.0+00               0
GRID*                110               0-2.5031716095-01-3.7395363206-01*       
*                 0.0+00               0
GRID*                111               0-2.1233536864-01-3.9675394292-01*       
*                 0.0+00               0
GRID*                112               0-1.7220754456-01-4.1574578963-01*       
*                 0.0+00               0
GRID*                113               0-1.3040362446-01-4.3069118255-01*       
*                 0.0+00               0
GRID*                114               0-2.8572771974-01 3.4764877416-01*       
*                 0.0+00               0
GRID*                115               0-2.5031716095-01 3.7395363206-01*       
*                 0.0+00               0
GRID*                116               0-2.1233536864-01 3.9675394292-01*       
*                 0.0+00               0
GRID*                117               0-1.7220754456-01 4.1574578963-01*       
*                 0.0+00               0
GRID*                118               0-1.3040362446-01 4.3069118255-01*       
*                 0.0+00               0
GRID*                119               0-8.7424187127-02 4.4142611104-01*       
*                 0.0+00               0
GRID*                120               0-4.3784797475-02 4.4786481388-01*       
*                 0.0+00               0
GRID*                121               0 2.7553642961-17          4.5-01*       
*                 0.0+00               0
GRID*                122               0-8.7424187127-02-4.4142611104-01*       
*                 0.0+00               0
GRID*                123               0-2.6326485701-01 3.9366957768-01*       
*                 0.0+00               0
GRID*                124               0-1.8104637933-01 4.3708462439-01*       
*                 0.0+00               0
GRID*                125               0 -9.221006229-02 4.6452279356-01*       
*                 0.0+00               0
GRID*                126               0          0.0+00         4.75-01*       
*                 0.0+00               0
GRID*                127               0-4.3784797475-02-4.4786481388-01*       
*                 0.0+00               0
GRID*                128               0-3.1719664208-01 3.8650522668-01*       
*                 0.0+00               0
GRID*                129               0-2.7778511651-01 4.1573480615-01*       
*                 0.0+00               0
GRID*                130               0-2.3569836841-01 4.4096063217-01*       
*                 0.0+00               0
GRID*                131               0-1.9134171618-01 4.6193976626-01*       
*                 0.0+00               0
GRID*                132               0-1.4514233863-01 4.7847016787-01*       
*                 0.0+00               0
GRID*                133               0-9.7545161008-02  4.903926402-01*       
*                 0.0+00               0
GRID*                134               0-4.9008570165-02 4.9759236334-01*       
*                 0.0+00               0
GRID*                135               0          0.0+00          5.0-01*       
*                 0.0+00               0
GRID*                136               0 2.7553642961-17         -4.5-01*       
*                 0.0+00               0
GRID*                137               0 2.8572771974-01 3.4764877416-01*       
*                 0.0+00               0
GRID*                138               0 2.5031716095-01 3.7395363206-01*       
*                 0.0+00               0
GRID*                139               0 2.1233536864-01 3.9675394292-01*       
*                 0.0+00               0
GRID*                140               0 1.7220754456-01 4.1574578963-01*       
*                 0.0+00               0
GRID*                141               0 1.3040362446-01 4.3069118255-01*       
*                 0.0+00               0
GRID*                142               0 8.7424187127-02 4.4142611104-01*       
*                 0.0+00               0
GRID*                143               0 4.3784797475-02 4.4786481388-01*       
*                 0.0+00               0
GRID*                144               0  9.221006229-02-4.6452279356-01*       
*                 0.0+00               0
GRID*                145               0-2.6326485701-01-3.9366957768-01*       
*                 0.0+00               0
GRID*                146               0 2.6326485701-01 3.9366957768-01*       
*                 0.0+00               0
GRID*                147               0 1.8104637933-01 4.3708462439-01*       
*                 0.0+00               0
GRID*                148               0  9.221006229-02 4.6452279356-01*       
*                 0.0+00               0
GRID*                149               0-1.8104637933-01-4.3708462439-01*       
*                 0.0+00               0
GRID*                150               0 -9.221006229-02-4.6452279356-01*       
*                 0.0+00               0
GRID*                151               0 3.1719664208-01 3.8650522668-01*       
*                 0.0+00               0
GRID*                152               0 2.7778511651-01 4.1573480615-01*       
*                 0.0+00               0
GRID*                153               0 2.3569836841-01 4.4096063217-01*       
*                 0.0+00               0
GRID*                154               0 1.9134171618-01 4.6193976626-01*       
*                 0.0+00               0
GRID*                155               0 1.4514233863-01 4.7847016787-01*       
*                 0.0+00               0
GRID*                156               0 9.7545161008-02  4.903926402-01*       
*                 0.0+00               0
GRID*                157               0 4.9008570165-02 4.9759236334-01*       
*                 0.0+00               0
GRID*                158               0          0.0+00        -4.75-01*       
*                 0.0+00               0
GRID*                159               0 2.6326485701-01-3.9366957768-01*       
*                 0.0+00               0
GRID*                160               0         -4.5-01 5.5107285922-17*       
*                 0.0+00               0
GRID*                161               0-1.9134171618-01 4.6193976626-01*       
*                 5.0-02               0
GRID*                162               0-1.9134171618-01 4.6193976626-01*       
*                 1.0-01               0
GRID*                163               0-1.7220754456-01 4.1574578963-01*       
*                 5.0-02               0
GRID*                164               0-1.7220754456-01 4.1574578963-01*       
*                 1.0-01               0
GRID*                165               0-8.7424187127-02 4.4142611104-01*       
*                 5.0-02               0
GRID*                166               0-8.7424187127-02 4.4142611104-01*       
*                 1.0-01               0
GRID*                167               0-9.7545161008-02  4.903926402-01*       
*                 5.0-02               0
GRID*                168               0-9.7545161008-02  4.903926402-01*       
*                 1.0-01               0
GRID*                169               0-2.7778511651-01 4.1573480615-01*       
*                 5.0-02               0
GRID*                170               0-2.7778511651-01 4.1573480615-01*       
*                 1.0-01               0
GRID*                171               0-2.5031716095-01 3.7395363206-01*       
*                 5.0-02               0
GRID*                172               0-2.5031716095-01 3.7395363206-01*       
*                 1.0-01               0
GRID*                173               0 2.7553642961-17          4.5-01*       
*                 5.0-02               0
GRID*                174               0 2.7553642961-17          4.5-01*       
*                 1.0-01               0
GRID*                175               0          0.0+00          5.0-01*       
*                 5.0-02               0
GRID*                176               0          0.0+00          5.0-01*       
*                 1.0-01               0
GRID*                177               0-3.5355339059-01 3.5355339059-01*       
*                 5.0-02               0
GRID*                178               0-3.5355339059-01 3.5355339059-01*       
*                 1.0-01               0
GRID*                179               0-3.1819805153-01 3.1819805153-01*       
*                 5.0-02               0
GRID*                180               0-3.1819805153-01 3.1819805153-01*       
*                 1.0-01               0
GRID*                181               0 8.7424187127-02 4.4142611104-01*       
*                 5.0-02               0
GRID*                182               0 8.7424187127-02 4.4142611104-01*       
*                 1.0-01               0
GRID*                183               0 9.7545161008-02  4.903926402-01*       
*                 5.0-02               0
GRID*                184               0 9.7545161008-02  4.903926402-01*       
*                 1.0-01               0
GRID*                185               0-4.1573480615-01 2.7778511651-01*       
*                 5.0-02               0
GRID*                186               0-4.1573480615-01 2.7778511651-01*       
*                 1.0-01               0
GRID*                187               0-3.7395363206-01 2.5031716095-01*       
*                 5.0-02               0
GRID*                188               0-3.7395363206-01 2.5031716095-01*       
*                 1.0-01               0
GRID*                189               0 1.7220754456-01 4.1574578963-01*       
*                 5.0-02               0
GRID*                190               0 1.7220754456-01 4.1574578963-01*       
*                 1.0-01               0
GRID*                191               0 1.9134171618-01 4.6193976626-01*       
*                 5.0-02               0
GRID*                192               0 1.9134171618-01 4.6193976626-01*       
*                 1.0-01               0
GRID*                193               0-4.6193976626-01 1.9134171618-01*       
*                 5.0-02               0
GRID*                194               0-4.6193976626-01 1.9134171618-01*       
*                 1.0-01               0
GRID*                195               0-4.1574578963-01 1.7220754456-01*       
*                 5.0-02               0
GRID*                196               0-4.1574578963-01 1.7220754456-01*       
*                 1.0-01               0
GRID*                197               0 2.5031716095-01 3.7395363206-01*       
*                 5.0-02               0
GRID*                198               0 2.5031716095-01 3.7395363206-01*       
*                 1.0-01               0
GRID*                199               0 2.7778511651-01 4.1573480615-01*       
*                 5.0-02               0
GRID*                200               0 2.7778511651-01 4.1573480615-01*       
*                 1.0-01               0
GRID*                201               0 -4.903926402-01 9.7545161008-02*       
*                 5.0-02               0
GRID*                202               0 -4.903926402-01 9.7545161008-02*       
*                 1.0-01               0
GRID*                203               0-4.4142611104-01 8.7424187127-02*       
*                 5.0-02               0
GRID*                204               0-4.4142611104-01 8.7424187127-02*       
*                 1.0-01               0
GRID*                205               0 3.1819805153-01 3.1819805153-01*       
*                 5.0-02               0
GRID*                206               0 3.1819805153-01 3.1819805153-01*       
*                 1.0-01               0
GRID*                207               0 3.5355339059-01 3.5355339059-01*       
*                 5.0-02               0
GRID*                208               0 3.5355339059-01 3.5355339059-01*       
*                 1.0-01               0
GRID*                209               0         -5.0-01          0.0+00*       
*                 5.0-02               0
GRID*                210               0         -5.0-01          0.0+00*       
*                 1.0-01               0
GRID*                211               0         -4.5-01 5.5107285922-17*       
*                 5.0-02               0
GRID*                212               0         -4.5-01 5.5107285922-17*       
*                 1.0-01               0
GRID*                213               0 3.7395363206-01 2.5031716095-01*       
*                 5.0-02               0
GRID*                214               0 3.7395363206-01 2.5031716095-01*       
*                 1.0-01               0
GRID*                215               0 4.1573480615-01 2.7778511651-01*       
*                 5.0-02               0
GRID*                216               0 4.1573480615-01 2.7778511651-01*       
*                 1.0-01               0
GRID*                217               0 -4.903926402-01-9.7545161008-02*       
*                 5.0-02               0
GRID*                218               0 -4.903926402-01-9.7545161008-02*       
*                 1.0-01               0
GRID*                219               0-4.4142611104-01-8.7424187127-02*       
*                 5.0-02               0
GRID*                220               0-4.4142611104-01-8.7424187127-02*       
*                 1.0-01               0
GRID*                221               0 4.1574578963-01 1.7220754456-01*       
*                 5.0-02               0
GRID*                222               0 4.1574578963-01 1.7220754456-01*       
*                 1.0-01               0
GRID*                223               0 4.6193976626-01 1.9134171618-01*       
*                 5.0-02               0
GRID*                224               0 4.6193976626-01 1.9134171618-01*       
*                 1.0-01               0
GRID*                225               0-4.6193976626-01-1.9134171618-01*       
*                 5.0-02               0
GRID*                226               0-4.6193976626-01-1.9134171618-01*       
*                 1.0-01               0
GRID*                227               0-4.1574578963-01-1.7220754456-01*       
*                 5.0-02               0
GRID*                228               0-4.1574578963-01-1.7220754456-01*       
*                 1.0-01               0
GRID*                229               0 4.4142611104-01 8.7424187127-02*       
*                 5.0-02               0
GRID*                230               0 4.4142611104-01 8.7424187127-02*       
*                 1.0-01               0
GRID*                231               0  4.903926402-01 9.7545161008-02*       
*                 5.0-02               0
GRID*                232               0  4.903926402-01 9.7545161008-02*       
*                 1.0-01               0
GRID*                233               0-4.1573480615-01-2.7778511651-01*       
*                 5.0-02               0
GRID*                234               0-4.1573480615-01-2.7778511651-01*       
*                 1.0-01               0
GRID*                235               0-3.7395363206-01-2.5031716095-01*       
*                 5.0-02               0
GRID*                236               0-3.7395363206-01-2.5031716095-01*       
*                 1.0-01               0
GRID*                237               0          4.5-01          0.0+00*       
*                 5.0-02               0
GRID*                238               0          4.5-01          0.0+00*       
*                 1.0-01               0
GRID*                239               0          5.0-01          0.0+00*       
*                 5.0-02               0
GRID*                240               0          5.0-01          0.0+00*       
*                 1.0-01               0
GRID*                241               0-3.5355339059-01-3.5355339059-01*       
*                 5.0-02               0
GRID*                242               0-3.5355339059-01-3.5355339059-01*       
*                 1.0-01               0
GRID*                243               0-3.1819805153-01-3.1819805153-01*       
*                 5.0-02               0
GRID*                244               0-3.1819805153-01-3.1819805153-01*       
*                 1.0-01               0
GRID*                245               0 4.4142611104-01-8.7424187127-02*       
*                 5.0-02               0
GRID*                246               0 4.4142611104-01-8.7424187127-02*       
*                 1.0-01               0
GRID*                247               0  4.903926402-01-9.7545161008-02*       
*                 5.0-02               0
GRID*                248               0  4.903926402-01-9.7545161008-02*       
*                 1.0-01               0
GRID*                249               0-2.7778511651-01-4.1573480615-01*       
*                 5.0-02               0
GRID*                250               0-2.7778511651-01-4.1573480615-01*       
*                 1.0-01               0
GRID*                251               0-2.5031716095-01-3.7395363206-01*       
*                 5.0-02               0
GRID*                252               0-2.5031716095-01-3.7395363206-01*       
*                 1.0-01               0
GRID*                253               0 4.1574578963-01-1.7220754456-01*       
*                 5.0-02               0
GRID*                254               0 4.1574578963-01-1.7220754456-01*       
*                 1.0-01               0
GRID*                255               0 4.6193976626-01-1.9134171618-01*       
*                 5.0-02               0
GRID*                256               0 4.6193976626-01-1.9134171618-01*       
*                 1.0-01               0
GRID*                257               0-1.9134171618-01-4.6193976626-01*       
*                 5.0-02               0
GRID*                258               0-1.9134171618-01-4.6193976626-01*       
*                 1.0-01               0
GRID*                259               0-1.7220754456-01-4.1574578963-01*       
*                 5.0-02               0
GRID*                260               0-1.7220754456-01-4.1574578963-01*       
*                 1.0-01               0
GRID*                261               0 3.7395363206-01-2.5031716095-01*       
*                 5.0-02               0
GRID*                262               0 3.7395363206-01-2.5031716095-01*       
*                 1.0-01               0
GRID*                263               0 4.1573480615-01-2.7778511651-01*       
*                 5.0-02               0
GRID*                264               0 4.1573480615-01-2.7778511651-01*       
*                 1.0-01               0
GRID*                265               0-9.7545161008-02 -4.903926402-01*       
*                 5.0-02               0
GRID*                266               0-9.7545161008-02 -4.903926402-01*       
*                 1.0-01               0
GRID*                267               0-8.7424187127-02-4.4142611104-01*       
*                 5.0-02               0
GRID*                268               0-8.7424187127-02-4.4142611104-01*       
*                 1.0-01               0
GRID*                269               0 3.1819805153-01-3.1819805153-01*       
*                 5.0-02               0
GRID*                270               0 3.1819805153-01-3.1819805153-01*       
*                 1.0-01               0
GRID*                271               0 3.5355339059-01-3.5355339059-01*       
*                 5.0-02               0
GRID*                272               0 3.5355339059-01-3.5355339059-01*       
*                 1.0-01               0
GRID*                273               0          0.0+00         -5.0-01*       
*                 5.0-02               0
GRID*                274               0          0.0+00         -5.0-01*       
*                 1.0-01               0
GRID*                275               0 2.7553642961-17         -4.5-01*       
*                 5.0-02               0
GRID*                276               0 2.7553642961-17         -4.5-01*       
*                 1.0-01               0
GRID*                277               0 2.5031716095-01-3.7395363206-01*       
*                 5.0-02               0
GRID*                278               0 2.5031716095-01-3.7395363206-01*       
*                 1.0-01               0
GRID*                279               0 2.7778511651-01-4.1573480615-01*       
*                 5.0-02               0
GRID*                280               0 2.7778511651-01-4.1573480615-01*       
*                 1.0-01               0
GRID*                281               0 9.7545161008-02 -4.903926402-01*       
*                 5.0-02               0
GRID*                282               0 9.7545161008-02 -4.903926402-01*       
*                 1.0-01               0
GRID*                283               0 8.7424187127-02-4.4142611104-01*       
*                 5.0-02               0
GRID*                284               0 8.7424187127-02-4.4142611104-01*       
*                 1.0-01               0
GRID*                285               0 1.7220754456-01-4.1574578963-01*       
*                 5.0-02               0
GRID*                286               0 1.7220754456-01-4.1574578963-01*       
*                 1.0-01               0
GRID*                287               0 1.9134171618-01-4.6193976626-01*       
*                 5.0-02               0
GRID*                288               0 1.9134171618-01-4.6193976626-01*       
*                 1.0-01               0
GRID*                289               0-1.8104637933-01 4.3708462439-01*       
*                 1.0-01               0
GRID*                290               0-1.3040362446-01 4.3069118255-01*       
*                 1.0-01               0
GRID*                291               0 -9.221006229-02 4.6452279356-01*       
*                 1.0-01               0
GRID*                292               0-1.4514233863-01 4.7847016787-01*       
*                 1.0-01               0
GRID*                293               0-2.6326485701-01 3.9366957768-01*       
*                 1.0-01               0
GRID*                294               0-2.1233536864-01 3.9675394292-01*       
*                 1.0-01               0
GRID*                295               0-2.3569836841-01 4.4096063217-01*       
*                 1.0-01               0
GRID*                296               0-4.3784797475-02 4.4786481388-01*       
*                 1.0-01               0
GRID*                297               0          0.0+00         4.75-01*       
*                 1.0-01               0
GRID*                298               0-4.9008570165-02 4.9759236334-01*       
*                 1.0-01               0
GRID*                299               0-3.3587572106-01 3.3587572106-01*       
*                 1.0-01               0
GRID*                300               0-2.8572771974-01 3.4764877416-01*       
*                 1.0-01               0
GRID*                301               0-3.1719664208-01 3.8650522668-01*       
*                 1.0-01               0
GRID*                302               0  9.221006229-02 4.6452279356-01*       
*                 1.0-01               0
GRID*                303               0 4.9008570165-02 4.9759236334-01*       
*                 1.0-01               0
GRID*                304               0 4.3784797475-02 4.4786481388-01*       
*                 1.0-01               0
GRID*                305               0-3.9366957768-01 2.6326485701-01*       
*                 1.0-01               0
GRID*                306               0-3.4764877416-01 2.8572771974-01*       
*                 1.0-01               0
GRID*                307               0-3.8650522668-01 3.1719664208-01*       
*                 1.0-01               0
GRID*                308               0 1.8104637933-01 4.3708462439-01*       
*                 1.0-01               0
GRID*                309               0 1.4514233863-01 4.7847016787-01*       
*                 1.0-01               0
GRID*                310               0 1.3040362446-01 4.3069118255-01*       
*                 1.0-01               0
GRID*                311               0-4.3708462439-01 1.8104637933-01*       
*                 1.0-01               0
GRID*                312               0-3.9675394292-01 2.1233536864-01*       
*                 1.0-01               0
GRID*                313               0-4.4096063217-01 2.3569836841-01*       
*                 1.0-01               0
GRID*                314               0 2.6326485701-01 3.9366957768-01*       
*                 1.0-01               0
GRID*                315               0 2.3569836841-01 4.4096063217-01*       
*                 1.0-01               0
GRID*                316               0 2.1233536864-01 3.9675394292-01*       
*                 1.0-01               0
GRID*                317               0-4.6452279356-01  9.221006229-02*       
*                 1.0-01               0
GRID*                318               0-4.3069118255-01 1.3040362446-01*       
*                 1.0-01               0
GRID*                319               0-4.7847016787-01 1.4514233863-01*       
*                 1.0-01               0
GRID*                320               0 3.3587572106-01 3.3587572106-01*       
*                 1.0-01               0
GRID*                321               0 3.1719664208-01 3.8650522668-01*       
*                 1.0-01               0
GRID*                322               0 2.8572771974-01 3.4764877416-01*       
*                 1.0-01               0
GRID*                323               0        -4.75-01          0.0+00*       
*                 1.0-01               0
GRID*                324               0-4.4786481388-01 4.3784797475-02*       
*                 1.0-01               0
GRID*                325               0-4.9759236334-01 4.9008570165-02*       
*                 1.0-01               0
GRID*                326               0 3.9366957768-01 2.6326485701-01*       
*                 1.0-01               0
GRID*                327               0 3.8650522668-01 3.1719664208-01*       
*                 1.0-01               0
GRID*                328               0 3.4764877416-01 2.8572771974-01*       
*                 1.0-01               0
GRID*                329               0-4.9759236334-01-4.9008570165-02*       
*                 1.0-01               0
GRID*                330               0-4.6452279356-01 -9.221006229-02*       
*                 1.0-01               0
GRID*                331               0-4.4786481388-01-4.3784797475-02*       
*                 1.0-01               0
GRID*                332               0 4.3708462439-01 1.8104637933-01*       
*                 1.0-01               0
GRID*                333               0 4.4096063217-01 2.3569836841-01*       
*                 1.0-01               0
GRID*                334               0 3.9675394292-01 2.1233536864-01*       
*                 1.0-01               0
GRID*                335               0-4.7847016787-01-1.4514233863-01*       
*                 1.0-01               0
GRID*                336               0-4.3708462439-01-1.8104637933-01*       
*                 1.0-01               0
GRID*                337               0-4.3069118255-01-1.3040362446-01*       
*                 1.0-01               0
GRID*                338               0 4.6452279356-01  9.221006229-02*       
*                 1.0-01               0
GRID*                339               0 4.7847016787-01 1.4514233863-01*       
*                 1.0-01               0
GRID*                340               0 4.3069118255-01 1.3040362446-01*       
*                 1.0-01               0
GRID*                341               0-4.4096063217-01-2.3569836841-01*       
*                 1.0-01               0
GRID*                342               0-3.9366957768-01-2.6326485701-01*       
*                 1.0-01               0
GRID*                343               0-3.9675394292-01-2.1233536864-01*       
*                 1.0-01               0
GRID*                344               0         4.75-01          0.0+00*       
*                 1.0-01               0
GRID*                345               0 4.9759236334-01 4.9008570165-02*       
*                 1.0-01               0
GRID*                346               0 4.4786481388-01 4.3784797475-02*       
*                 1.0-01               0
GRID*                347               0-3.8650522668-01-3.1719664208-01*       
*                 1.0-01               0
GRID*                348               0-3.3587572106-01-3.3587572106-01*       
*                 1.0-01               0
GRID*                349               0-3.4764877416-01-2.8572771974-01*       
*                 1.0-01               0
GRID*                350               0 4.4786481388-01-4.3784797475-02*       
*                 1.0-01               0
GRID*                351               0 4.6452279356-01 -9.221006229-02*       
*                 1.0-01               0
GRID*                352               0 4.9759236334-01-4.9008570165-02*       
*                 1.0-01               0
GRID*                353               0-3.1719664208-01-3.8650522668-01*       
*                 1.0-01               0
GRID*                354               0-2.6326485701-01-3.9366957768-01*       
*                 1.0-01               0
GRID*                355               0-2.8572771974-01-3.4764877416-01*       
*                 1.0-01               0
GRID*                356               0 4.3069118255-01-1.3040362446-01*       
*                 1.0-01               0
GRID*                357               0 4.3708462439-01-1.8104637933-01*       
*                 1.0-01               0
GRID*                358               0 4.7847016787-01-1.4514233863-01*       
*                 1.0-01               0
GRID*                359               0-2.3569836841-01-4.4096063217-01*       
*                 1.0-01               0
GRID*                360               0-1.8104637933-01-4.3708462439-01*       
*                 1.0-01               0
GRID*                361               0-2.1233536864-01-3.9675394292-01*       
*                 1.0-01               0
GRID*                362               0 3.9675394292-01-2.1233536864-01*       
*                 1.0-01               0
GRID*                363               0 3.9366957768-01-2.6326485701-01*       
*                 1.0-01               0
GRID*                364               0 4.4096063217-01-2.3569836841-01*       
*                 1.0-01               0
GRID*                365               0-1.4514233863-01-4.7847016787-01*       
*                 1.0-01               0
GRID*                366               0 -9.221006229-02-4.6452279356-01*       
*                 1.0-01               0
GRID*                367               0-1.3040362446-01-4.3069118255-01*       
*                 1.0-01               0
GRID*                368               0 3.4764877416-01-2.8572771974-01*       
*                 1.0-01               0
GRID*                369               0 3.3587572106-01-3.3587572106-01*       
*                 1.0-01               0
GRID*                370               0 3.8650522668-01-3.1719664208-01*       
*                 1.0-01               0
GRID*                371               0-4.9008570165-02-4.9759236334-01*       
*                 1.0-01               0
GRID*                372               0          0.0+00        -4.75-01*       
*                 1.0-01               0
GRID*                373               0-4.3784797475-02-4.4786481388-01*       
*                 1.0-01               0
GRID*                374               0 2.8572771974-01-3.4764877416-01*       
*                 1.0-01               0
GRID*                375               0 2.6326485701-01-3.9366957768-01*       
*                 1.0-01               0
GRID*                376               0 3.1719664208-01-3.8650522668-01*       
*                 1.0-01               0
GRID*                377               0  9.221006229-02-4.6452279356-01*       
*                 1.0-01               0
GRID*                378               0 4.3784797475-02-4.4786481388-01*       
*                 1.0-01               0
GRID*                379               0 4.9008570165-02-4.9759236334-01*       
*                 1.0-01               0
GRID*                380               0 2.1233536864-01-3.9675394292-01*       
*                 1.0-01               0
GRID*                381               0 1.8104637933-01-4.3708462439-01*       
*                 1.0-01               0
GRID*                382               0 2.3569836841-01-4.4096063217-01*       
*                 1.0-01               0
GRID*                383               0 1.3040362446-01-4.3069118255-01*       
*                 1.0-01               0
GRID*                384               0 1.4514233863-01-4.7847016787-01*       
*                 1.0-01               0
$--1---><------2-------><------3-------><------4-------><------5-------><--6--->
$$$$$$$$$$$$$$$$$$$$$$$$$$$$$$$$$$$ Material $$$$$$$$$$$$$$$$$$$$$$$$$$$$$$$$$$$
MAT9*                  1          1.0+11          0.0+00          0.0+00*       
*                 0.0+00          0.0+00          0.0+00          8.0+10*       
*                 0.0+00          0.0+00          0.0+00          0.0+00*       
*                 1.5+11          0.0+00          0.0+00          0.0+00*       
*                 5.0+10          0.0+00          0.0+00          5.0+10*       
*                 0.0+00          5.0+10          0.0+00          4.0-04*       
*                 3.0-04          5.0-04          0.0+00          0.0+00*       
*                 0.0+00          0.0+00          0.0+00
$--1---><------2-------><------3-------><------4-------><------5-------><--6--->
SPC*                   1               1               3          0.0+00*       
*                                                                       
SPC*                   1               2               3          0.0+00*       
*                                                                       
SPC*                   1               3               3          0.0+00*       
*                                                                       
SPC*                   1               4               3          0.0+00*       
*                                                                       
SPC*                   1               5               3          0.0+00*       
*                                                                       
SPC*                   1               6               3          0.0+00*       
*                                                                       
SPC*                   1               7               3          0.0+00*       
*                                                                       
SPC*                   1               8               3          0.0+00*       
*                                                                       
SPC*                   1               9               3          0.0+00*       
*                                                                       
SPC*                   1              10               3          0.0+00*       
*                                                                       
SPC*                   1              11               3          0.0+00*       
*                                                                       
SPC*                   1              12               3          0.0+00*       
*                                                                       
SPC*                   1              13               3          0.0+00*       
*                                                                       
SPC*                   1              14               3          0.0+00*       
*                                                                       
SPC*                   1              15               3          0.0+00*       
*                                                                       
SPC*                   1              16               3          0.0+00*       
*                                                                       
SPC*                   1              17               3          0.0+00*       
*                                                                       
SPC*                   1              18               3          0.0+00*       
*                                                                       
SPC*                   1              19               3          0.0+00*       
*                                                                       
SPC*                   1              20               3          0.0+00*       
*                                                                       
SPC*                   1              21               3          0.0+00*       
*                                                                       
SPC*                   1              22               3          0.0+00*       
*                                                                       
SPC*                   1              23               3          0.0+00*       
*                                                                       
SPC*                   1              24               3          0.0+00*       
*                                                                       
SPC*                   1              25               3          0.0+00*       
*                                                                       
SPC*                   1              26               3          0.0+00*       
*                                                                       
SPC*                   1              27               3          0.0+00*       
*                                                                       
SPC*                   1              28               3          0.0+00*       
*                                                                       
SPC*                   1              29               3          0.0+00*       
*                                                                       
SPC*                   1              30               3          0.0+00*       
*                                                                       
SPC*                   1              31               3          0.0+00*       
*                                                                       
SPC*                   1              32               3          0.0+00*       
*                                                                       
SPC*                   1              33               3          0.0+00*       
*                                                                       
SPC*                   1              34               3          0.0+00*       
*                                                                       
SPC*                   1              35               3          0.0+00*       
*                                                                       
SPC*                   1              36               3          0.0+00*       
*                                                                       
SPC*                   1              37               3          0.0+00*       
*                                                                       
SPC*                   1              38               3          0.0+00*       
*                                                                       
SPC*                   1              39               3          0.0+00*       
*                                                                       
SPC*                   1              40               3          0.0+00*       
*                                                                       
SPC*                   1              41               3          0.0+00*       
*                                                                       
SPC*                   1              42               3          0.0+00*       
*                                                                       
SPC*                   1              43               3          0.0+00*       
*                                                                       
SPC*                   1              44               3          0.0+00*       
*                                                                       
SPC*                   1              45               3          0.0+00*       
*                                                                       
SPC*                   1              46               3          0.0+00*       
*                                                                       
SPC*                   1              47               3          0.0+00*       
*                                                                       
SPC*                   1              48               3          0.0+00*       
*                                                                       
SPC*                   1              49               3          0.0+00*       
*                                                                       
SPC*                   1              50               3          0.0+00*       
*                                                                       
SPC*                   1              51               3          0.0+00*       
*                                                                       
SPC*                   1              52               3          0.0+00*       
*                                                                       
SPC*                   1              53               3          0.0+00*       
*                                                                       
SPC*                   1              54               3          0.0+00*       
*                                                                       
SPC*                   1              55               3          0.0+00*       
*                                                                       
SPC*                   1              56               3          0.0+00*       
*                                                                       
SPC*                   1              57               3          0.0+00*       
*                                                                       
SPC*                   1              58               3          0.0+00*       
*                                                                       
SPC*                   1              59               3          0.0+00*       
*                                                                       
SPC*                   1              60               3          0.0+00*       
*                                                                       
SPC*                   1              61               3          0.0+00*       
*                                                                       
SPC*                   1              62               3          0.0+00*       
*                                                                       
SPC*                   1              63               3          0.0+00*       
*                                                                       
SPC*                   1              64               3          0.0+00*       
*                                                                       
SPC*                   1              65               3          0.0+00*       
*                                                                       
SPC*                   1              66               3          0.0+00*       
*                                                                       
SPC*                   1              67               3          0.0+00*       
*                                                                       
SPC*                   1              68               3          0.0+00*       
*                                                                       
SPC*                   1              69               3          0.0+00*       
*                                                                       
SPC*                   1              70               3          0.0+00*       
*                                                                       
SPC*                   1              71               3          0.0+00*       
*                                                                       
SPC*                   1              72               3          0.0+00*       
*                                                                       
SPC*                   1              73               3          0.0+00*       
*                                                                       
SPC*                   1              74               3          0.0+00*       
*                                                                       
SPC*                   1              75               3          0.0+00*       
*                                                                       
SPC*                   1              76               3          0.0+00*       
*                                                                       
SPC*                   1              77               3          0.0+00*       
*                                                                       
SPC*                   1              78               3          0.0+00*       
*                                                                       
SPC*                   1              79               3          0.0+00*       
*                                                                       
SPC*                   1              80               3          0.0+00*       
*                                                                       
SPC*                   1              81               3          0.0+00*       
*                                                                       
SPC*                   1              82               3          0.0+00*       
*                                                                       
SPC*                   1              83               3          0.0+00*       
*                                                                       
SPC*                   1              84               3          0.0+00*       
*                                                                       
SPC*                   1              85               3          0.0+00*       
*                                                                       
SPC*                   1              86               3          0.0+00*       
*                                                                       
SPC*                   1              87               3          0.0+00*       
*                                                                       
SPC*                   1              88               3          0.0+00*       
*                                                                       
SPC*                   1              89               3          0.0+00*       
*                                                                       
SPC*                   1              90               3          0.0+00*       
*                                                                       
SPC*                   1              91               3          0.0+00*       
*                                                                       
SPC*                   1              92               3          0.0+00*       
*                                                                       
SPC*                   1              93               3          0.0+00*       
*                                                                       
SPC*                   1              94               3          0.0+00*       
*                                                                       
SPC*                   1              95               3          0.0+00*       
*                                                                       
SPC*                   1              96               3          0.0+00*       
*                                                                       
SPC*                   1              97               3          0.0+00*       
*                                                                       
SPC*                   1              98               3          0.0+00*       
*                                                                       
SPC*                   1              99               3          0.0+00*       
*                                                                       
SPC*                   1             100               3          0.0+00*       
*                                                                       
SPC*                   1             101               3          0.0+00*       
*                                                                       
SPC*                   1             102               3          0.0+00*       
*                                                                       
SPC*                   1             103               3          0.0+00*       
*                                                                       
SPC*                   1             104               3          0.0+00*       
*                                                                       
SPC*                   1             105               3          0.0+00*       
*                                                                       
SPC*                   1             106               3          0.0+00*       
*                                                                       
SPC*                   1             107               3          0.0+00*       
*                                                                       
SPC*                   1             108               3          0.0+00*       
*                                                                       
SPC*                   1             109               3          0.0+00*       
*                                                                       
SPC*                   1             110               3          0.0+00*       
*                                                                       
SPC*                   1             111               3          0.0+00*       
*                                                                       
SPC*                   1             112               3          0.0+00*       
*                                                                       
SPC*                   1             113               3          0.0+00*       
*                                                                       
SPC*                   1             114               3          0.0+00*       
*                                                                       
SPC*                   1             115               3          0.0+00*       
*                                                                       
SPC*                   1             116               3          0.0+00*       
*                                                                       
SPC*                   1             117               3          0.0+00*       
*                                                                       
SPC*                   1             118               3          0.0+00*       
*                                                                       
SPC*                   1             119               3          0.0+00*       
*                                                                       
SPC*                   1             120               3          0.0+00*       
*                                                                       
SPC*                   1             121               3          0.0+00*       
*                                                                       
SPC*                   1             121               1          0.0+00*       
*                                                                       
SPC*                   1             122               3          0.0+00*       
*                                                                       
SPC*                   1             123               3          0.0+00*       
*                                                                       
SPC*                   1             124               3          0.0+00*       
*                                                                       
SPC*                   1             125               3          0.0+00*       
*                                                                       
SPC*                   1             126               3          0.0+00*       
*                                                                       
SPC*                   1             127               3          0.0+00*       
*                                                                       
SPC*                   1             128               3          0.0+00*       
*                                                                       
SPC*                   1             129               3          0.0+00*       
*                                                                       
SPC*                   1             130               3          0.0+00*       
*                                                                       
SPC*                   1             131               3          0.0+00*       
*                                                                       
SPC*                   1             132               3          0.0+00*       
*                                                                       
SPC*                   1             133               3          0.0+00*       
*                                                                       
SPC*                   1             134               3          0.0+00*       
*                                                                       
SPC*                   1             135               3          0.0+00*       
*                                                                       
SPC*                   1             136               3          0.0+00*       
*                                                                       
SPC*                   1             136               1          0.0+00*       
*                                                                       
SPC*                   1             137               3          0.0+00*       
*                                                                       
SPC*                   1             138               3          0.0+00*       
*                                                                       
SPC*                   1             139               3          0.0+00*       
*                                                                       
SPC*                   1             140               3          0.0+00*       
*                                                                       
SPC*                   1             141               3          0.0+00*       
*                                                                       
SPC*                   1             142               3          0.0+00*       
*                                                                       
SPC*                   1             143               3          0.0+00*       
*                                                                       
SPC*                   1             144               3          0.0+00*       
*                                                                       
SPC*                   1             145               3          0.0+00*       
*                                                                       
SPC*                   1             146               3          0.0+00*       
*                                                                       
SPC*                   1             147               3          0.0+00*       
*                                                                       
SPC*                   1             148               3          0.0+00*       
*                                                                       
SPC*                   1             149               3          0.0+00*       
*                                                                       
SPC*                   1             150               3          0.0+00*       
*                                                                       
SPC*                   1             151               3          0.0+00*       
*                                                                       
SPC*                   1             152               3          0.0+00*       
*                                                                       
SPC*                   1             153               3          0.0+00*       
*                                                                       
SPC*                   1             154               3          0.0+00*       
*                                                                       
SPC*                   1             155               3          0.0+00*       
*                                                                       
SPC*                   1             156               3          0.0+00*       
*                                                                       
SPC*                   1             157               3          0.0+00*       
*                                                                       
SPC*                   1             158               3          0.0+00*       
*                                                                       
SPC*                   1             159               3          0.0+00*       
*                                                                       
SPC*                   1             160               3          0.0+00*       
*                                                                       
SPC*                   1             160               2          0.0+00*       
*                                                                       
$--1---><------2-------><------3-------><------4-------><------5-------><--6--->
$$$$$$$$$$$$$$$$$$$$$$$$$$$$$$$$$$$ Default $$$$$$$$$$$$$$$$$$$$$$$$$$$$$$$$$$$$
CORD2R*                1               0          0.0+00          0.0+00*       
*                 0.0+00-2.9007723478-01 9.5700323817-01          0.0+00*       
*        9.5700323817-01 2.9007723478-01          0.0+00                *       
*                                                                       
PSOLID*                2               1               1               3*       
*                                   FULL
CHEXA*                 1               2             131             117*       
*                    119             133             162             164*       
*                    166             168             124             118*       
*                    125             132             161             163*       
*                    165             167             289             290*       
*                    291             292
CORD2R*                3               0          0.0+00          0.0+00*       
*                 0.0+00-4.7158789955-01 8.8181905911-01          0.0+00*       
*        8.8181905911-01 4.7158789954-01          0.0+00                *       
*                                                                       
PSOLID*                4               1               3               3*       
*                                   FULL
CHEXA*                 2               4             129             115*       
*                    117             131             170             172*       
*                    164             162             123             116*       
*                    124             130             169             171*       
*                    163             161             293             294*       
*                    289             295
CORD2R*                5               0          0.0+00          0.0+00*       
*                 0.0+00-9.7763523192-02 9.9520967315-01          0.0+00*       
*        9.9520967315-01 9.7763523191-02          0.0+00                *       
*                                                                       
PSOLID*                6               1               5               3*       
*                                   FULL
CHEXA*                 3               6             133             119*       
*                    121             135             168             166*       
*                    174             176             125             120*       
*                    126             134             167             165*       
*                    173             175             291             296*       
*                    297             298
CORD2R*                7               0          0.0+00          0.0+00*       
*                 0.0+00-6.3459025839-01 7.7284875879-01          0.0+00*       
*        7.7284875879-01 6.3459025839-01          0.0+00                *       
*                                                                       
PSOLID*                8               1               7               3*       
*                                   FULL
CHEXA*                 4               8              22               8*       
*                    115             129             178             180*       
*                    172             170              13             114*       
*                    123             128             177             179*       
*                    171             169             299             300*       
*                    293             301
CORD2R*                9               0          0.0+00          0.0+00*       
*                 0.0+00 9.7763523191-02 9.9520967315-01          0.0+00*       
*        9.9520967315-01-9.7763523192-02          0.0+00                *       
*                                                                       
PSOLID*               10               1               9               3*       
*                                   FULL
CHEXA*                 5              10             142             156*       
*                    135             121             182             184*       
*                    176             174             148             157*       
*                    126             143             181             183*       
*                    175             173             302             303*       
*                    297             304
CORD2R*               11               0          0.0+00          0.0+00*       
*                 0.0+00-7.7284875879-01 6.3459025839-01          0.0+00*       
*        6.3459025839-01 7.7284875879-01          0.0+00                *       
*                                                                       
PSOLID*               12               1              11               3*       
*                                   FULL
CHEXA*                 6              12              20               6*       
*                      8              22             186             188*       
*                    180             178              12               7*       
*                     13              21             185             187*       
*                    179             177             305             306*       
*                    299             307
CORD2R*               13               0          0.0+00          0.0+00*       
*                 0.0+00 2.9007723478-01 9.5700323817-01          0.0+00*       
*        9.5700323817-01-2.9007723478-01          0.0+00                *       
*                                                                       
PSOLID*               14               1              13               3*       
*                                   FULL
CHEXA*                 7              14             140             154*       
*                    156             142             190             192*       
*                    184             182             147             155*       
*                    148             141             189             191*       
*                    183             181             308             309*       
*                    302             310
CORD2R*               15               0          0.0+00          0.0+00*       
*                 0.0+00-8.8181905911-01 4.7158789954-01          0.0+00*       
*        4.7158789954-01 8.8181905911-01          0.0+00                *       
*                                                                       
PSOLID*               16               1              15               3*       
*                                   FULL
CHEXA*                 8              16              18               4*       
*                      6              20             194             196*       
*                    188             186              11               5*       
*                     12              19             193             195*       
*                    187             185             311             312*       
*                    305             313
CORD2R*               17               0          0.0+00          0.0+00*       
*                 0.0+00 4.7158789954-01 8.8181905911-01          0.0+00*       
*        8.8181905911-01-4.7158789955-01          0.0+00                *       
*                                                                       
PSOLID*               18               1              17               3*       
*                                   FULL
CHEXA*                 9              18             138             152*       
*                    154             140             198             200*       
*                    192             190             146             153*       
*                    147             139             197             199*       
*                    191             189             314             315*       
*                    308             316
CORD2R*               19               0          0.0+00          0.0+00*       
*                 0.0+00-9.5700323817-01 2.9007723478-01          0.0+00*       
*        2.9007723478-01 9.5700323817-01          0.0+00                *       
*                                                                       
PSOLID*               20               1              19               3*       
*                                   FULL
CHEXA*                10              20              16               2*       
*                      4              18             202             204*       
*                    196             194              10               3*       
*                     11              17             201             203*       
*                    195             193             317             318*       
*                    311             319
CORD2R*               21               0          0.0+00          0.0+00*       
*                 0.0+00 6.3459025839-01 7.7284875879-01          0.0+00*       
*        7.7284875879-01-6.3459025839-01          0.0+00                *       
*                                                                       
PSOLID*               22               1              21               3*       
*                                   FULL
CHEXA*                11              22              65              79*       
*                    152             138             206             208*       
*                    200             198              70             151*       
*                    146             137             205             207*       
*                    199             197             320             321*       
*                    314             322
CORD2R*               23               0          0.0+00          0.0+00*       
*                 0.0+00-9.9520967315-01 9.7763523191-02          0.0+00*       
*        9.7763523191-02 9.9520967315-01          0.0+00                *       
*                                                                       
PSOLID*               24               1              23               3*       
*                                   FULL
CHEXA*                12              24              14             160*       
*                      2              16             210             212*       
*                    204             202               9               1*       
*                     10              15             209             211*       
*                    203             201             323             324*       
*                    317             325
CORD2R*               25               0          0.0+00          0.0+00*       
*                 0.0+00 7.7284875879-01 6.3459025839-01          0.0+00*       
*        6.3459025839-01-7.7284875879-01          0.0+00                *       
*                                                                       
PSOLID*               26               1              25               3*       
*                                   FULL
CHEXA*                13              26              63              77*       
*                     79              65             214             216*       
*                    208             206              69              78*       
*                     70              64             213             215*       
*                    207             205             326             327*       
*                    320             328
CORD2R*               27               0          0.0+00          0.0+00*       
*                 0.0+00-9.9520967315-01-9.7763523192-02          0.0+00*       
*       -9.7763523192-02 9.9520967315-01          0.0+00                *       
*                                                                       
PSOLID*               28               1              27               3*       
*                                   FULL
CHEXA*                14              28             160              14*       
*                     44              26             212             210*       
*                    218             220               9              43*       
*                     35              25             211             209*       
*                    217             219             323             329*       
*                    330             331
CORD2R*               29               0          0.0+00          0.0+00*       
*                 0.0+00 8.8181905911-01 4.7158789954-01          0.0+00*       
*        4.7158789954-01-8.8181905911-01          0.0+00                *       
*                                                                       
PSOLID*               30               1              29               3*       
*                                   FULL
CHEXA*                15              30              61              75*       
*                     77              63             222             224*       
*                    216             214              68              76*       
*                     69              62             221             223*       
*                    215             213             332             333*       
*                    326             334
CORD2R*               31               0          0.0+00          0.0+00*       
*                 0.0+00-9.5700323817-01-2.9007723478-01          0.0+00*       
*       -2.9007723478-01 9.5700323817-01          0.0+00                *       
*                                                                       
PSOLID*               32               1              31               3*       
*                                   FULL
CHEXA*                16              32              26              44*       
*                     48              28             220             218*       
*                    226             228              35              45*       
*                     38              27             219             217*       
*                    225             227             330             335*       
*                    336             337
CORD2R*               33               0          0.0+00          0.0+00*       
*                 0.0+00 9.5700323817-01 2.9007723478-01          0.0+00*       
*        2.9007723478-01-9.5700323817-01          0.0+00                *       
*                                                                       
PSOLID*               34               1              33               3*       
*                                   FULL
CHEXA*                17              34              59              73*       
*                     75              61             230             232*       
*                    224             222              67              74*       
*                     68              60             229             231*       
*                    223             221             338             339*       
*                    332             340
CORD2R*               35               0          0.0+00          0.0+00*       
*                 0.0+00-8.8181905911-01-4.7158789955-01          0.0+00*       
*       -4.7158789955-01 8.8181905911-01          0.0+00                *       
*                                                                       
PSOLID*               36               1              35               3*       
*                                   FULL
CHEXA*                18              36              28              48*       
*                     51              30             228             226*       
*                    234             236              38              50*       
*                     39              29             227             225*       
*                    233             235             336             341*       
*                    342             343
CORD2R*               37               0          0.0+00          0.0+00*       
*                 0.0+00 9.9520967315-01 9.7763523191-02          0.0+00*       
*        9.7763523191-02-9.9520967315-01          0.0+00                *       
*                                                                       
PSOLID*               38               1              37               3*       
*                                   FULL
CHEXA*                19              38              57              71*       
*                     73              59             238             240*       
*                    232             230              66              72*       
*                     67              58             237             239*       
*                    231             229             344             345*       
*                    338             346
CORD2R*               39               0          0.0+00          0.0+00*       
*                 0.0+00-7.7284875879-01-6.3459025839-01          0.0+00*       
*       -6.3459025839-01 7.7284875879-01          0.0+00                *       
*                                                                       
PSOLID*               40               1              39               3*       
*                                   FULL
CHEXA*                20              40              30              51*       
*                     87              33             236             234*       
*                    242             244              39              83*       
*                     41              31             235             233*       
*                    241             243             342             347*       
*                    348             349
CORD2R*               41               0          0.0+00          0.0+00*       
*                 0.0+00 9.9520967315-01-9.7763523192-02          0.0+00*       
*       -9.7763523192-02-9.9520967315-01          0.0+00                *       
*                                                                       
PSOLID*               42               1              41               3*       
*                                   FULL
CHEXA*                21              42              71              57*       
*                     49              36             240             238*       
*                    246             248              66              40*       
*                     84              32             239             237*       
*                    245             247             344             350*       
*                    351             352
CORD2R*               43               0          0.0+00          0.0+00*       
*                 0.0+00-6.3459025839-01-7.7284875879-01          0.0+00*       
*       -7.7284875879-01 6.3459025839-01          0.0+00                *       
*                                                                       
PSOLID*               44               1              43               3*       
*                                   FULL
CHEXA*                22              44              33              87*       
*                     34             110             244             242*       
*                    250             252              41              24*       
*                    145             109             243             241*       
*                    249             251             348             353*       
*                    354             355
CORD2R*               45               0          0.0+00          0.0+00*       
*                 0.0+00 9.5700323817-01-2.9007723478-01          0.0+00*       
*       -2.9007723478-01-9.5700323817-01          0.0+00                *       
*                                                                       
PSOLID*               46               1              45               3*       
*                                   FULL
CHEXA*                23              46              36              49*       
*                     55              46             248             246*       
*                    254             256              84              54*       
*                     85              37             247             245*       
*                    253             255             351             356*       
*                    357             358
CORD2R*               47               0          0.0+00          0.0+00*       
*                 0.0+00-4.7158789955-01-8.8181905911-01          0.0+00*       
*       -8.8181905911-01 4.7158789954-01          0.0+00                *       
*                                                                       
PSOLID*               48               1              47               3*       
*                                   FULL
CHEXA*                24              48             110              34*       
*                     88             112             252             250*       
*                    258             260             145              42*       
*                    149             111             251             249*       
*                    257             259             354             359*       
*                    360             361
CORD2R*               49               0          0.0+00          0.0+00*       
*                 0.0+00 8.8181905911-01-4.7158789955-01          0.0+00*       
*       -4.7158789955-01-8.8181905911-01          0.0+00                *       
*                                                                       
PSOLID*               50               1              49               3*       
*                                   FULL
CHEXA*                25              50              46              55*       
*                     80              52             256             254*       
*                    262             264              85              56*       
*                     86              47             255             253*       
*                    261             263             357             362*       
*                    363             364
CORD2R*               51               0          0.0+00          0.0+00*       
*                 0.0+00-2.9007723478-01-9.5700323817-01          0.0+00*       
*       -9.5700323817-01 2.9007723478-01          0.0+00                *       
*                                                                       
PSOLID*               52               1              51               3*       
*                                   FULL
CHEXA*                26              52             112              88*       
*                     90             122             260             258*       
*                    266             268             149              89*       
*                    150             113             259             257*       
*                    265             267             360             365*       
*                    366             367
CORD2R*               53               0          0.0+00          0.0+00*       
*                 0.0+00 7.7284875879-01-6.3459025839-01          0.0+00*       
*       -6.3459025839-01-7.7284875879-01          0.0+00                *       
*                                                                       
PSOLID*               54               1              53               3*       
*                                   FULL
CHEXA*                27              54              52              80*       
*                     82              93             264             262*       
*                    270             272              86              81*       
*                     23              53             263             261*       
*                    269             271             363             368*       
*                    369             370
CORD2R*               55               0          0.0+00          0.0+00*       
*                 0.0+00-9.7763523192-02-9.9520967315-01          0.0+00*       
*       -9.9520967315-01 9.7763523191-02          0.0+00                *       
*                                                                       
PSOLID*               56               1              55               3*       
*                                   FULL
CHEXA*                28              56             122              90*       
*                     92             136             268             266*       
*                    274             276             150              91*       
*                    158             127             267             265*       
*                    273             275             366             371*       
*                    372             373
CORD2R*               57               0          0.0+00          0.0+00*       
*                 0.0+00 6.3459025839-01-7.7284875879-01          0.0+00*       
*       -7.7284875879-01-6.3459025839-01          0.0+00                *       
*                                                                       
PSOLID*               58               1              57               3*       
*                                   FULL
CHEXA*                29              58              93              82*       
*                    108             103             272             270*       
*                    278             280              23             107*       
*                    159             102             271             269*       
*                    277             279             369             374*       
*                    375             376
CORD2R*               59               0          0.0+00          0.0+00*       
*                 0.0+00 9.7763523191-02-9.9520967315-01          0.0+00*       
*       -9.9520967315-01-9.7763523192-02          0.0+00                *       
*                                                                       
PSOLID*               60               1              59               3*       
*                                   FULL
CHEXA*                30              60              97             105*       
*                    136              92             282             284*       
*                    276             274             144              98*       
*                    158             101             281             283*       
*                    275             273             377             378*       
*                    372             379
CORD2R*               61               0          0.0+00          0.0+00*       
*                 0.0+00 4.7158789954-01-8.8181905911-01          0.0+00*       
*       -8.8181905911-01-4.7158789955-01          0.0+00                *       
*                                                                       
PSOLID*               62               1              61               3*       
*                                   FULL
CHEXA*                31              62             103             108*       
*                    100              95             280             278*       
*                    286             288             159              99*       
*                    106              94             279             277*       
*                    285             287             375             380*       
*                    381             382
CORD2R*               63               0          0.0+00          0.0+00*       
*                 0.0+00 2.9007723478-01-9.5700323817-01          0.0+00*       
*       -9.5700323817-01-2.9007723478-01          0.0+00                *       
*                                                                       
PSOLID*               64               1              63               3*       
*                                   FULL
CHEXA*                32              64              95             100*       
*                    105              97             288             286*       
*                    284             282             106             104*       
*                    144              96             287             285*       
*                    283             281             381             383*       
*                    377             384
$--1---><------2-------><------3-------><------4-------><------5-------><--6--->
$$$$$$$$$$$$$$$$$$$$$$$$$$$$$$$$$ temperature $$$$$$$$$$$$$$$$$$$$$$$$$$$$$$$$$$
TEMP*                  1             131          3.0+02                *       
*                                                                       
TEMP*                  1             117          3.0+02                *       
*                                                                       
TEMP*                  1             119          3.0+02                *       
*                                                                       
TEMP*                  1             133          3.0+02                *       
*                                                                       
TEMP*                  1             162          3.0+02                *       
*                                                                       
TEMP*                  1             164          3.0+02                *       
*                                                                       
TEMP*                  1             166          3.0+02                *       
*                                                                       
TEMP*                  1             168          3.0+02                *       
*                                                                       
TEMP*                  1             124          3.0+02                *       
*                                                                       
TEMP*                  1             118          3.0+02                *       
*                                                                       
TEMP*                  1             125          3.0+02                *       
*                                                                       
TEMP*                  1             132          3.0+02                *       
*                                                                       
TEMP*                  1             161          3.0+02                *       
*                                                                       
TEMP*                  1             163          3.0+02                *       
*                                                                       
TEMP*                  1             165          3.0+02                *       
*                                                                       
TEMP*                  1             167          3.0+02                *       
*                                                                       
TEMP*                  1             289          3.0+02                *       
*                                                                       
TEMP*                  1             290          3.0+02                *       
*                                                                       
TEMP*                  1             291          3.0+02                *       
*                                                                       
TEMP*                  1             292          3.0+02                *       
*                                                                       
TEMP*                  1             129          3.0+02                *       
*                                                                       
TEMP*                  1             115          3.0+02                *       
*                                                                       
TEMP*                  1             117          3.0+02                *       
*                                                                       
TEMP*                  1             131          3.0+02                *       
*                                                                       
TEMP*                  1             170          3.0+02                *       
*                                                                       
TEMP*                  1             172          3.0+02                *       
*                                                                       
TEMP*                  1             164          3.0+02                *       
*                                                                       
TEMP*                  1             162          3.0+02                *       
*                                                                       
TEMP*                  1             123          3.0+02                *       
*                                                                       
TEMP*                  1             116          3.0+02                *       
*                                                                       
TEMP*                  1             124          3.0+02                *       
*                                                                       
TEMP*                  1             130          3.0+02                *       
*                                                                       
TEMP*                  1             169          3.0+02                *       
*                                                                       
TEMP*                  1             171          3.0+02                *       
*                                                                       
TEMP*                  1             163          3.0+02                *       
*                                                                       
TEMP*                  1             161          3.0+02                *       
*                                                                       
TEMP*                  1             293          3.0+02                *       
*                                                                       
TEMP*                  1             294          3.0+02                *       
*                                                                       
TEMP*                  1             289          3.0+02                *       
*                                                                       
TEMP*                  1             295          3.0+02                *       
*                                                                       
TEMP*                  1             133          3.0+02                *       
*                                                                       
TEMP*                  1             119          3.0+02                *       
*                                                                       
TEMP*                  1             121          3.0+02                *       
*                                                                       
TEMP*                  1             135          3.0+02                *       
*                                                                       
TEMP*                  1             168          3.0+02                *       
*                                                                       
TEMP*                  1             166          3.0+02                *       
*                                                                       
TEMP*                  1             174          3.0+02                *       
*                                                                       
TEMP*                  1             176          3.0+02                *       
*                                                                       
TEMP*                  1             125          3.0+02                *       
*                                                                       
TEMP*                  1             120          3.0+02                *       
*                                                                       
TEMP*                  1             126          3.0+02                *       
*                                                                       
TEMP*                  1             134          3.0+02                *       
*                                                                       
TEMP*                  1             167          3.0+02                *       
*                                                                       
TEMP*                  1             165          3.0+02                *       
*                                                                       
TEMP*                  1             173          3.0+02                *       
*                                                                       
TEMP*                  1             175          3.0+02                *       
*                                                                       
TEMP*                  1             291          3.0+02                *       
*                                                                       
TEMP*                  1             296          3.0+02                *       
*                                                                       
TEMP*                  1             297          3.0+02                *       
*                                                                       
TEMP*                  1             298          3.0+02                *       
*                                                                       
TEMP*                  1              22          3.0+02                *       
*                                                                       
TEMP*                  1               8          3.0+02                *       
*                                                                       
TEMP*                  1             115          3.0+02                *       
*                                                                       
TEMP*                  1             129          3.0+02                *       
*                                                                       
TEMP*                  1             178          3.0+02                *       
*                                                                       
TEMP*                  1             180          3.0+02                *       
*                                                                       
TEMP*                  1             172          3.0+02                *       
*                                                                       
TEMP*                  1             170          3.0+02                *       
*                                                                       
TEMP*                  1              13          3.0+02                *       
*                                                                       
TEMP*                  1             114          3.0+02                *       
*                                                                       
TEMP*                  1             123          3.0+02                *       
*                                                                       
TEMP*                  1             128          3.0+02                *       
*                                                                       
TEMP*                  1             177          3.0+02                *       
*                                                                       
TEMP*                  1             179          3.0+02                *       
*                                                                       
TEMP*                  1             171          3.0+02                *       
*                                                                       
TEMP*                  1             169          3.0+02                *       
*                                                                       
TEMP*                  1             299          3.0+02                *       
*                                                                       
TEMP*                  1             300          3.0+02                *       
*                                                                       
TEMP*                  1             293          3.0+02                *       
*                                                                       
TEMP*                  1             301          3.0+02                *       
*                                                                       
TEMP*                  1             142          3.0+02                *       
*                                                                       
TEMP*                  1             156          3.0+02                *       
*                                                                       
TEMP*                  1             135          3.0+02                *       
*                                                                       
TEMP*                  1             121          3.0+02                *       
*                                                                       
TEMP*                  1             182          3.0+02                *       
*                                                                       
TEMP*                  1             184          3.0+02                *       
*                                                                       
TEMP*                  1             176          3.0+02                *       
*                                                                       
TEMP*                  1             174          3.0+02                *       
*                                                                       
TEMP*                  1             148          3.0+02                *       
*                                                                       
TEMP*                  1             157          3.0+02                *       
*                                                                       
TEMP*                  1             126          3.0+02                *       
*                                                                       
TEMP*                  1             143          3.0+02                *       
*                                                                       
TEMP*                  1             181          3.0+02                *       
*                                                                       
TEMP*                  1             183          3.0+02                *       
*                                                                       
TEMP*                  1             175          3.0+02                *       
*                                                                       
TEMP*                  1             173          3.0+02                *       
*                                                                       
TEMP*                  1             302          3.0+02                *       
*                                                                       
TEMP*                  1             303          3.0+02                *       
*                                                                       
TEMP*                  1             297          3.0+02                *       
*                                                                       
TEMP*                  1             304          3.0+02                *       
*                                                                       
TEMP*                  1              20          3.0+02                *       
*                                                                       
TEMP*                  1               6          3.0+02                *       
*                                                                       
TEMP*                  1               8          3.0+02                *       
*                                                                       
TEMP*                  1              22          3.0+02                *       
*                                                                       
TEMP*                  1             186          3.0+02                *       
*                                                                       
TEMP*                  1             188          3.0+02                *       
*                                                                       
TEMP*                  1             180          3.0+02                *       
*                                                                       
TEMP*                  1             178          3.0+02                *       
*                                                                       
TEMP*                  1              12          3.0+02                *       
*                                                                       
TEMP*                  1               7          3.0+02                *       
*                                                                       
TEMP*                  1              13          3.0+02                *       
*                                                                       
TEMP*                  1              21          3.0+02                *       
*                                                                       
TEMP*                  1             185          3.0+02                *       
*                                                                       
TEMP*                  1             187          3.0+02                *       
*                                                                       
TEMP*                  1             179          3.0+02                *       
*                                                                       
TEMP*                  1             177          3.0+02                *       
*                                                                       
TEMP*                  1             305          3.0+02                *       
*                                                                       
TEMP*                  1             306          3.0+02                *       
*                                                                       
TEMP*                  1             299          3.0+02                *       
*                                                                       
TEMP*                  1             307          3.0+02                *       
*                                                                       
TEMP*                  1             140          3.0+02                *       
*                                                                       
TEMP*                  1             154          3.0+02                *       
*                                                                       
TEMP*                  1             156          3.0+02                *       
*                                                                       
TEMP*                  1             142          3.0+02                *       
*                                                                       
TEMP*                  1             190          3.0+02                *       
*                                                                       
TEMP*                  1             192          3.0+02                *       
*                                                                       
TEMP*                  1             184          3.0+02                *       
*                                                                       
TEMP*                  1             182          3.0+02                *       
*                                                                       
TEMP*                  1             147          3.0+02                *       
*                                                                       
TEMP*                  1             155          3.0+02                *       
*                                                                       
TEMP*                  1             148          3.0+02                *       
*                                                                       
TEMP*                  1             141          3.0+02                *       
*                                                                       
TEMP*                  1             189          3.0+02                *       
*                                                                       
TEMP*                  1             191          3.0+02                *       
*                                                                       
TEMP*                  1             183          3.0+02                *       
*                                                                       
TEMP*                  1             181          3.0+02                *       
*                                                                       
TEMP*                  1             308          3.0+02                *       
*                                                                       
TEMP*                  1             309          3.0+02                *       
*                                                                       
TEMP*                  1             302          3.0+02                *       
*                                                                       
TEMP*                  1             310          3.0+02                *       
*                                                                       
TEMP*                  1              18          3.0+02                *       
*                                                                       
TEMP*                  1               4          3.0+02                *       
*                                                                       
TEMP*                  1               6          3.0+02                *       
*                                                                       
TEMP*                  1              20          3.0+02                *       
*                                                                       
TEMP*                  1             194          3.0+02                *       
*                                                                       
TEMP*                  1             196          3.0+02                *       
*                                                                       
TEMP*                  1             188          3.0+02                *       
*                                                                       
TEMP*                  1             186          3.0+02                *       
*                                                                       
TEMP*                  1              11          3.0+02                *       
*                                                                       
TEMP*                  1               5          3.0+02                *       
*                                                                       
TEMP*                  1              12          3.0+02                *       
*                                                                       
TEMP*                  1              19          3.0+02                *       
*                                                                       
TEMP*                  1             193          3.0+02                *       
*                                                                       
TEMP*                  1             195          3.0+02                *       
*                                                                       
TEMP*                  1             187          3.0+02                *       
*                                                                       
TEMP*                  1             185          3.0+02                *       
*                                                                       
TEMP*                  1             311          3.0+02                *       
*                                                                       
TEMP*                  1             312          3.0+02                *       
*                                                                       
TEMP*                  1             305          3.0+02                *       
*                                                                       
TEMP*                  1             313          3.0+02                *       
*                                                                       
TEMP*                  1             138          3.0+02                *       
*                                                                       
TEMP*                  1             152          3.0+02                *       
*                                                                       
TEMP*                  1             154          3.0+02                *       
*                                                                       
TEMP*                  1             140          3.0+02                *       
*                                                                       
TEMP*                  1             198          3.0+02                *       
*                                                                       
TEMP*                  1             200          3.0+02                *       
*                                                                       
TEMP*                  1             192          3.0+02                *       
*                                                                       
TEMP*                  1             190          3.0+02                *       
*                                                                       
TEMP*                  1             146          3.0+02                *       
*                                                                       
TEMP*                  1             153          3.0+02                *       
*                                                                       
TEMP*                  1             147          3.0+02                *       
*                                                                       
TEMP*                  1             139          3.0+02                *       
*                                                                       
TEMP*                  1             197          3.0+02                *       
*                                                                       
TEMP*                  1             199          3.0+02                *       
*                                                                       
TEMP*                  1             191          3.0+02                *       
*                                                                       
TEMP*                  1             189          3.0+02                *       
*                                                                       
TEMP*                  1             314          3.0+02                *       
*                                                                       
TEMP*                  1             315          3.0+02                *       
*                                                                       
TEMP*                  1             308          3.0+02                *       
*                                                                       
TEMP*                  1             316          3.0+02                *       
*                                                                       
TEMP*                  1              16          3.0+02                *       
*                                                                       
TEMP*                  1               2          3.0+02                *       
*                                                                       
TEMP*                  1               4          3.0+02                *       
*                                                                       
TEMP*                  1              18          3.0+02                *       
*                                                                       
TEMP*                  1             202          3.0+02                *       
*                                                                       
TEMP*                  1             204          3.0+02                *       
*                                                                       
TEMP*                  1             196          3.0+02                *       
*                                                                       
TEMP*                  1             194          3.0+02                *       
*                                                                       
TEMP*                  1              10          3.0+02                *       
*                                                                       
TEMP*                  1               3          3.0+02                *       
*                                                                       
TEMP*                  1              11          3.0+02                *       
*                                                                       
TEMP*                  1              17          3.0+02                *       
*                                                                       
TEMP*                  1             201          3.0+02                *       
*                                                                       
TEMP*                  1             203          3.0+02                *       
*                                                                       
TEMP*                  1             195          3.0+02                *       
*                                                                       
TEMP*                  1             193          3.0+02                *       
*                                                                       
TEMP*                  1             317          3.0+02                *       
*                                                                       
TEMP*                  1             318          3.0+02                *       
*                                                                       
TEMP*                  1             311          3.0+02                *       
*                                                                       
TEMP*                  1             319          3.0+02                *       
*                                                                       
TEMP*                  1              65          3.0+02                *       
*                                                                       
TEMP*                  1              79          3.0+02                *       
*                                                                       
TEMP*                  1             152          3.0+02                *       
*                                                                       
TEMP*                  1             138          3.0+02                *       
*                                                                       
TEMP*                  1             206          3.0+02                *       
*                                                                       
TEMP*                  1             208          3.0+02                *       
*                                                                       
TEMP*                  1             200          3.0+02                *       
*                                                                       
TEMP*                  1             198          3.0+02                *       
*                                                                       
TEMP*                  1              70          3.0+02                *       
*                                                                       
TEMP*                  1             151          3.0+02                *       
*                                                                       
TEMP*                  1             146          3.0+02                *       
*                                                                       
TEMP*                  1             137          3.0+02                *       
*                                                                       
TEMP*                  1             205          3.0+02                *       
*                                                                       
TEMP*                  1             207          3.0+02                *       
*                                                                       
TEMP*                  1             199          3.0+02                *       
*                                                                       
TEMP*                  1             197          3.0+02                *       
*                                                                       
TEMP*                  1             320          3.0+02                *       
*                                                                       
TEMP*                  1             321          3.0+02                *       
*                                                                       
TEMP*                  1             314          3.0+02                *       
*                                                                       
TEMP*                  1             322          3.0+02                *       
*                                                                       
TEMP*                  1              14          3.0+02                *       
*                                                                       
TEMP*                  1             160          3.0+02                *       
*                                                                       
TEMP*                  1               2          3.0+02                *       
*                                                                       
TEMP*                  1              16          3.0+02                *       
*                                                                       
TEMP*                  1             210          3.0+02                *       
*                                                                       
TEMP*                  1             212          3.0+02                *       
*                                                                       
TEMP*                  1             204          3.0+02                *       
*                                                                       
TEMP*                  1             202          3.0+02                *       
*                                                                       
TEMP*                  1               9          3.0+02                *       
*                                                                       
TEMP*                  1               1          3.0+02                *       
*                                                                       
TEMP*                  1              10          3.0+02                *       
*                                                                       
TEMP*                  1              15          3.0+02                *       
*                                                                       
TEMP*                  1             209          3.0+02                *       
*                                                                       
TEMP*                  1             211          3.0+02                *       
*                                                                       
TEMP*                  1             203          3.0+02                *       
*                                                                       
TEMP*                  1             201          3.0+02                *       
*                                                                       
TEMP*                  1             323          3.0+02                *       
*                                                                       
TEMP*                  1             324          3.0+02                *       
*                                                                       
TEMP*                  1             317          3.0+02                *       
*                                                                       
TEMP*                  1             325          3.0+02                *       
*                                                                       
TEMP*                  1              63          3.0+02                *       
*                                                                       
TEMP*                  1              77          3.0+02                *       
*                                                                       
TEMP*                  1              79          3.0+02                *       
*                                                                       
TEMP*                  1              65          3.0+02                *       
*                                                                       
TEMP*                  1             214          3.0+02                *       
*                                                                       
TEMP*                  1             216          3.0+02                *       
*                                                                       
TEMP*                  1             208          3.0+02                *       
*                                                                       
TEMP*                  1             206          3.0+02                *       
*                                                                       
TEMP*                  1              69          3.0+02                *       
*                                                                       
TEMP*                  1              78          3.0+02                *       
*                                                                       
TEMP*                  1              70          3.0+02                *       
*                                                                       
TEMP*                  1              64          3.0+02                *       
*                                                                       
TEMP*                  1             213          3.0+02                *       
*                                                                       
TEMP*                  1             215          3.0+02                *       
*                                                                       
TEMP*                  1             207          3.0+02                *       
*                                                                       
TEMP*                  1             205          3.0+02                *       
*                                                                       
TEMP*                  1             326          3.0+02                *       
*                                                                       
TEMP*                  1             327          3.0+02                *       
*                                                                       
TEMP*                  1             320          3.0+02                *       
*                                                                       
TEMP*                  1             328          3.0+02                *       
*                                                                       
TEMP*                  1             160          3.0+02                *       
*                                                                       
TEMP*                  1              14          3.0+02                *       
*                                                                       
TEMP*                  1              44          3.0+02                *       
*                                                                       
TEMP*                  1              26          3.0+02                *       
*                                                                       
TEMP*                  1             212          3.0+02                *       
*                                                                       
TEMP*                  1             210          3.0+02                *       
*                                                                       
TEMP*                  1             218          3.0+02                *       
*                                                                       
TEMP*                  1             220          3.0+02                *       
*                                                                       
TEMP*                  1               9          3.0+02                *       
*                                                                       
TEMP*                  1              43          3.0+02                *       
*                                                                       
TEMP*                  1              35          3.0+02                *       
*                                                                       
TEMP*                  1              25          3.0+02                *       
*                                                                       
TEMP*                  1             211          3.0+02                *       
*                                                                       
TEMP*                  1             209          3.0+02                *       
*                                                                       
TEMP*                  1             217          3.0+02                *       
*                                                                       
TEMP*                  1             219          3.0+02                *       
*                                                                       
TEMP*                  1             323          3.0+02                *       
*                                                                       
TEMP*                  1             329          3.0+02                *       
*                                                                       
TEMP*                  1             330          3.0+02                *       
*                                                                       
TEMP*                  1             331          3.0+02                *       
*                                                                       
TEMP*                  1              61          3.0+02                *       
*                                                                       
TEMP*                  1              75          3.0+02                *       
*                                                                       
TEMP*                  1              77          3.0+02                *       
*                                                                       
TEMP*                  1              63          3.0+02                *       
*                                                                       
TEMP*                  1             222          3.0+02                *       
*                                                                       
TEMP*                  1             224          3.0+02                *       
*                                                                       
TEMP*                  1             216          3.0+02                *       
*                                                                       
TEMP*                  1             214          3.0+02                *       
*                                                                       
TEMP*                  1              68          3.0+02                *       
*                                                                       
TEMP*                  1              76          3.0+02                *       
*                                                                       
TEMP*                  1              69          3.0+02                *       
*                                                                       
TEMP*                  1              62          3.0+02                *       
*                                                                       
TEMP*                  1             221          3.0+02                *       
*                                                                       
TEMP*                  1             223          3.0+02                *       
*                                                                       
TEMP*                  1             215          3.0+02                *       
*                                                                       
TEMP*                  1             213          3.0+02                *       
*                                                                       
TEMP*                  1             332          3.0+02                *       
*                                                                       
TEMP*                  1             333          3.0+02                *       
*                                                                       
TEMP*                  1             326          3.0+02                *       
*                                                                       
TEMP*                  1             334          3.0+02                *       
*                                                                       
TEMP*                  1              26          3.0+02                *       
*                                                                       
TEMP*                  1              44          3.0+02                *       
*                                                                       
TEMP*                  1              48          3.0+02                *       
*                                                                       
TEMP*                  1              28          3.0+02                *       
*                                                                       
TEMP*                  1             220          3.0+02                *       
*                                                                       
TEMP*                  1             218          3.0+02                *       
*                                                                       
TEMP*                  1             226          3.0+02                *       
*                                                                       
TEMP*                  1             228          3.0+02                *       
*                                                                       
TEMP*                  1              35          3.0+02                *       
*                                                                       
TEMP*                  1              45          3.0+02                *       
*                                                                       
TEMP*                  1              38          3.0+02                *       
*                                                                       
TEMP*                  1              27          3.0+02                *       
*                                                                       
TEMP*                  1             219          3.0+02                *       
*                                                                       
TEMP*                  1             217          3.0+02                *       
*                                                                       
TEMP*                  1             225          3.0+02                *       
*                                                                       
TEMP*                  1             227          3.0+02                *       
*                                                                       
TEMP*                  1             330          3.0+02                *       
*                                                                       
TEMP*                  1             335          3.0+02                *       
*                                                                       
TEMP*                  1             336          3.0+02                *       
*                                                                       
TEMP*                  1             337          3.0+02                *       
*                                                                       
TEMP*                  1              59          3.0+02                *       
*                                                                       
TEMP*                  1              73          3.0+02                *       
*                                                                       
TEMP*                  1              75          3.0+02                *       
*                                                                       
TEMP*                  1              61          3.0+02                *       
*                                                                       
TEMP*                  1             230          3.0+02                *       
*                                                                       
TEMP*                  1             232          3.0+02                *       
*                                                                       
TEMP*                  1             224          3.0+02                *       
*                                                                       
TEMP*                  1             222          3.0+02                *       
*                                                                       
TEMP*                  1              67          3.0+02                *       
*                                                                       
TEMP*                  1              74          3.0+02                *       
*                                                                       
TEMP*                  1              68          3.0+02                *       
*                                                                       
TEMP*                  1              60          3.0+02                *       
*                                                                       
TEMP*                  1             229          3.0+02                *       
*                                                                       
TEMP*                  1             231          3.0+02                *       
*                                                                       
TEMP*                  1             223          3.0+02                *       
*                                                                       
TEMP*                  1             221          3.0+02                *       
*                                                                       
TEMP*                  1             338          3.0+02                *       
*                                                                       
TEMP*                  1             339          3.0+02                *       
*                                                                       
TEMP*                  1             332          3.0+02                *       
*                                                                       
TEMP*                  1             340          3.0+02                *       
*                                                                       
TEMP*                  1              28          3.0+02                *       
*                                                                       
TEMP*                  1              48          3.0+02                *       
*                                                                       
TEMP*                  1              51          3.0+02                *       
*                                                                       
TEMP*                  1              30          3.0+02                *       
*                                                                       
TEMP*                  1             228          3.0+02                *       
*                                                                       
TEMP*                  1             226          3.0+02                *       
*                                                                       
TEMP*                  1             234          3.0+02                *       
*                                                                       
TEMP*                  1             236          3.0+02                *       
*                                                                       
TEMP*                  1              38          3.0+02                *       
*                                                                       
TEMP*                  1              50          3.0+02                *       
*                                                                       
TEMP*                  1              39          3.0+02                *       
*                                                                       
TEMP*                  1              29          3.0+02                *       
*                                                                       
TEMP*                  1             227          3.0+02                *       
*                                                                       
TEMP*                  1             225          3.0+02                *       
*                                                                       
TEMP*                  1             233          3.0+02                *       
*                                                                       
TEMP*                  1             235          3.0+02                *       
*                                                                       
TEMP*                  1             336          3.0+02                *       
*                                                                       
TEMP*                  1             341          3.0+02                *       
*                                                                       
TEMP*                  1             342          3.0+02                *       
*                                                                       
TEMP*                  1             343          3.0+02                *       
*                                                                       
TEMP*                  1              57          3.0+02                *       
*                                                                       
TEMP*                  1              71          3.0+02                *       
*                                                                       
TEMP*                  1              73          3.0+02                *       
*                                                                       
TEMP*                  1              59          3.0+02                *       
*                                                                       
TEMP*                  1             238          3.0+02                *       
*                                                                       
TEMP*                  1             240          3.0+02                *       
*                                                                       
TEMP*                  1             232          3.0+02                *       
*                                                                       
TEMP*                  1             230          3.0+02                *       
*                                                                       
TEMP*                  1              66          3.0+02                *       
*                                                                       
TEMP*                  1              72          3.0+02                *       
*                                                                       
TEMP*                  1              67          3.0+02                *       
*                                                                       
TEMP*                  1              58          3.0+02                *       
*                                                                       
TEMP*                  1             237          3.0+02                *       
*                                                                       
TEMP*                  1             239          3.0+02                *       
*                                                                       
TEMP*                  1             231          3.0+02                *       
*                                                                       
TEMP*                  1             229          3.0+02                *       
*                                                                       
TEMP*                  1             344          3.0+02                *       
*                                                                       
TEMP*                  1             345          3.0+02                *       
*                                                                       
TEMP*                  1             338          3.0+02                *       
*                                                                       
TEMP*                  1             346          3.0+02                *       
*                                                                       
TEMP*                  1              30          3.0+02                *       
*                                                                       
TEMP*                  1              51          3.0+02                *       
*                                                                       
TEMP*                  1              87          3.0+02                *       
*                                                                       
TEMP*                  1              33          3.0+02                *       
*                                                                       
TEMP*                  1             236          3.0+02                *       
*                                                                       
TEMP*                  1             234          3.0+02                *       
*                                                                       
TEMP*                  1             242          3.0+02                *       
*                                                                       
TEMP*                  1             244          3.0+02                *       
*                                                                       
TEMP*                  1              39          3.0+02                *       
*                                                                       
TEMP*                  1              83          3.0+02                *       
*                                                                       
TEMP*                  1              41          3.0+02                *       
*                                                                       
TEMP*                  1              31          3.0+02                *       
*                                                                       
TEMP*                  1             235          3.0+02                *       
*                                                                       
TEMP*                  1             233          3.0+02                *       
*                                                                       
TEMP*                  1             241          3.0+02                *       
*                                                                       
TEMP*                  1             243          3.0+02                *       
*                                                                       
TEMP*                  1             342          3.0+02                *       
*                                                                       
TEMP*                  1             347          3.0+02                *       
*                                                                       
TEMP*                  1             348          3.0+02                *       
*                                                                       
TEMP*                  1             349          3.0+02                *       
*                                                                       
TEMP*                  1              71          3.0+02                *       
*                                                                       
TEMP*                  1              57          3.0+02                *       
*                                                                       
TEMP*                  1              49          3.0+02                *       
*                                                                       
TEMP*                  1              36          3.0+02                *       
*                                                                       
TEMP*                  1             240          3.0+02                *       
*                                                                       
TEMP*                  1             238          3.0+02                *       
*                                                                       
TEMP*                  1             246          3.0+02                *       
*                                                                       
TEMP*                  1             248          3.0+02                *       
*                                                                       
TEMP*                  1              66          3.0+02                *       
*                                                                       
TEMP*                  1              40          3.0+02                *       
*                                                                       
TEMP*                  1              84          3.0+02                *       
*                                                                       
TEMP*                  1              32          3.0+02                *       
*                                                                       
TEMP*                  1             239          3.0+02                *       
*                                                                       
TEMP*                  1             237          3.0+02                *       
*                                                                       
TEMP*                  1             245          3.0+02                *       
*                                                                       
TEMP*                  1             247          3.0+02                *       
*                                                                       
TEMP*                  1             344          3.0+02                *       
*                                                                       
TEMP*                  1             350          3.0+02                *       
*                                                                       
TEMP*                  1             351          3.0+02                *       
*                                                                       
TEMP*                  1             352          3.0+02                *       
*                                                                       
TEMP*                  1              33          3.0+02                *       
*                                                                       
TEMP*                  1              87          3.0+02                *       
*                                                                       
TEMP*                  1              34          3.0+02                *       
*                                                                       
TEMP*                  1             110          3.0+02                *       
*                                                                       
TEMP*                  1             244          3.0+02                *       
*                                                                       
TEMP*                  1             242          3.0+02                *       
*                                                                       
TEMP*                  1             250          3.0+02                *       
*                                                                       
TEMP*                  1             252          3.0+02                *       
*                                                                       
TEMP*                  1              41          3.0+02                *       
*                                                                       
TEMP*                  1              24          3.0+02                *       
*                                                                       
TEMP*                  1             145          3.0+02                *       
*                                                                       
TEMP*                  1             109          3.0+02                *       
*                                                                       
TEMP*                  1             243          3.0+02                *       
*                                                                       
TEMP*                  1             241          3.0+02                *       
*                                                                       
TEMP*                  1             249          3.0+02                *       
*                                                                       
TEMP*                  1             251          3.0+02                *       
*                                                                       
TEMP*                  1             348          3.0+02                *       
*                                                                       
TEMP*                  1             353          3.0+02                *       
*                                                                       
TEMP*                  1             354          3.0+02                *       
*                                                                       
TEMP*                  1             355          3.0+02                *       
*                                                                       
TEMP*                  1              36          3.0+02                *       
*                                                                       
TEMP*                  1              49          3.0+02                *       
*                                                                       
TEMP*                  1              55          3.0+02                *       
*                                                                       
TEMP*                  1              46          3.0+02                *       
*                                                                       
TEMP*                  1             248          3.0+02                *       
*                                                                       
TEMP*                  1             246          3.0+02                *       
*                                                                       
TEMP*                  1             254          3.0+02                *       
*                                                                       
TEMP*                  1             256          3.0+02                *       
*                                                                       
TEMP*                  1              84          3.0+02                *       
*                                                                       
TEMP*                  1              54          3.0+02                *       
*                                                                       
TEMP*                  1              85          3.0+02                *       
*                                                                       
TEMP*                  1              37          3.0+02                *       
*                                                                       
TEMP*                  1             247          3.0+02                *       
*                                                                       
TEMP*                  1             245          3.0+02                *       
*                                                                       
TEMP*                  1             253          3.0+02                *       
*                                                                       
TEMP*                  1             255          3.0+02                *       
*                                                                       
TEMP*                  1             351          3.0+02                *       
*                                                                       
TEMP*                  1             356          3.0+02                *       
*                                                                       
TEMP*                  1             357          3.0+02                *       
*                                                                       
TEMP*                  1             358          3.0+02                *       
*                                                                       
TEMP*                  1             110          3.0+02                *       
*                                                                       
TEMP*                  1              34          3.0+02                *       
*                                                                       
TEMP*                  1              88          3.0+02                *       
*                                                                       
TEMP*                  1             112          3.0+02                *       
*                                                                       
TEMP*                  1             252          3.0+02                *       
*                                                                       
TEMP*                  1             250          3.0+02                *       
*                                                                       
TEMP*                  1             258          3.0+02                *       
*                                                                       
TEMP*                  1             260          3.0+02                *       
*                                                                       
TEMP*                  1             145          3.0+02                *       
*                                                                       
TEMP*                  1              42          3.0+02                *       
*                                                                       
TEMP*                  1             149          3.0+02                *       
*                                                                       
TEMP*                  1             111          3.0+02                *       
*                                                                       
TEMP*                  1             251          3.0+02                *       
*                                                                       
TEMP*                  1             249          3.0+02                *       
*                                                                       
TEMP*                  1             257          3.0+02                *       
*                                                                       
TEMP*                  1             259          3.0+02                *       
*                                                                       
TEMP*                  1             354          3.0+02                *       
*                                                                       
TEMP*                  1             359          3.0+02                *       
*                                                                       
TEMP*                  1             360          3.0+02                *       
*                                                                       
TEMP*                  1             361          3.0+02                *       
*                                                                       
TEMP*                  1              46          3.0+02                *       
*                                                                       
TEMP*                  1              55          3.0+02                *       
*                                                                       
TEMP*                  1              80          3.0+02                *       
*                                                                       
TEMP*                  1              52          3.0+02                *       
*                                                                       
TEMP*                  1             256          3.0+02                *       
*                                                                       
TEMP*                  1             254          3.0+02                *       
*                                                                       
TEMP*                  1             262          3.0+02                *       
*                                                                       
TEMP*                  1             264          3.0+02                *       
*                                                                       
TEMP*                  1              85          3.0+02                *       
*                                                                       
TEMP*                  1              56          3.0+02                *       
*                                                                       
TEMP*                  1              86          3.0+02                *       
*                                                                       
TEMP*                  1              47          3.0+02                *       
*                                                                       
TEMP*                  1             255          3.0+02                *       
*                                                                       
TEMP*                  1             253          3.0+02                *       
*                                                                       
TEMP*                  1             261          3.0+02                *       
*                                                                       
TEMP*                  1             263          3.0+02                *       
*                                                                       
TEMP*                  1             357          3.0+02                *       
*                                                                       
TEMP*                  1             362          3.0+02                *       
*                                                                       
TEMP*                  1             363          3.0+02                *       
*                                                                       
TEMP*                  1             364          3.0+02                *       
*                                                                       
TEMP*                  1             112          3.0+02                *       
*                                                                       
TEMP*                  1              88          3.0+02                *       
*                                                                       
TEMP*                  1              90          3.0+02                *       
*                                                                       
TEMP*                  1             122          3.0+02                *       
*                                                                       
TEMP*                  1             260          3.0+02                *       
*                                                                       
TEMP*                  1             258          3.0+02                *       
*                                                                       
TEMP*                  1             266          3.0+02                *       
*                                                                       
TEMP*                  1             268          3.0+02                *       
*                                                                       
TEMP*                  1             149          3.0+02                *       
*                                                                       
TEMP*                  1              89          3.0+02                *       
*                                                                       
TEMP*                  1             150          3.0+02                *       
*                                                                       
TEMP*                  1             113          3.0+02                *       
*                                                                       
TEMP*                  1             259          3.0+02                *       
*                                                                       
TEMP*                  1             257          3.0+02                *       
*                                                                       
TEMP*                  1             265          3.0+02                *       
*                                                                       
TEMP*                  1             267          3.0+02                *       
*                                                                       
TEMP*                  1             360          3.0+02                *       
*                                                                       
TEMP*                  1             365          3.0+02                *       
*                                                                       
TEMP*                  1             366          3.0+02                *       
*                                                                       
TEMP*                  1             367          3.0+02                *       
*                                                                       
TEMP*                  1              52          3.0+02                *       
*                                                                       
TEMP*                  1              80          3.0+02                *       
*                                                                       
TEMP*                  1              82          3.0+02                *       
*                                                                       
TEMP*                  1              93          3.0+02                *       
*                                                                       
TEMP*                  1             264          3.0+02                *       
*                                                                       
TEMP*                  1             262          3.0+02                *       
*                                                                       
TEMP*                  1             270          3.0+02                *       
*                                                                       
TEMP*                  1             272          3.0+02                *       
*                                                                       
TEMP*                  1              86          3.0+02                *       
*                                                                       
TEMP*                  1              81          3.0+02                *       
*                                                                       
TEMP*                  1              23          3.0+02                *       
*                                                                       
TEMP*                  1              53          3.0+02                *       
*                                                                       
TEMP*                  1             263          3.0+02                *       
*                                                                       
TEMP*                  1             261          3.0+02                *       
*                                                                       
TEMP*                  1             269          3.0+02                *       
*                                                                       
TEMP*                  1             271          3.0+02                *       
*                                                                       
TEMP*                  1             363          3.0+02                *       
*                                                                       
TEMP*                  1             368          3.0+02                *       
*                                                                       
TEMP*                  1             369          3.0+02                *       
*                                                                       
TEMP*                  1             370          3.0+02                *       
*                                                                       
TEMP*                  1             122          3.0+02                *       
*                                                                       
TEMP*                  1              90          3.0+02                *       
*                                                                       
TEMP*                  1              92          3.0+02                *       
*                                                                       
TEMP*                  1             136          3.0+02                *       
*                                                                       
TEMP*                  1             268          3.0+02                *       
*                                                                       
TEMP*                  1             266          3.0+02                *       
*                                                                       
TEMP*                  1             274          3.0+02                *       
*                                                                       
TEMP*                  1             276          3.0+02                *       
*                                                                       
TEMP*                  1             150          3.0+02                *       
*                                                                       
TEMP*                  1              91          3.0+02                *       
*                                                                       
TEMP*                  1             158          3.0+02                *       
*                                                                       
TEMP*                  1             127          3.0+02                *       
*                                                                       
TEMP*                  1             267          3.0+02                *       
*                                                                       
TEMP*                  1             265          3.0+02                *       
*                                                                       
TEMP*                  1             273          3.0+02                *       
*                                                                       
TEMP*                  1             275          3.0+02                *       
*                                                                       
TEMP*                  1             366          3.0+02                *       
*                                                                       
TEMP*                  1             371          3.0+02                *       
*                                                                       
TEMP*                  1             372          3.0+02                *       
*                                                                       
TEMP*                  1             373          3.0+02                *       
*                                                                       
TEMP*                  1              93          3.0+02                *       
*                                                                       
TEMP*                  1              82          3.0+02                *       
*                                                                       
TEMP*                  1             108          3.0+02                *       
*                                                                       
TEMP*                  1             103          3.0+02                *       
*                                                                       
TEMP*                  1             272          3.0+02                *       
*                                                                       
TEMP*                  1             270          3.0+02                *       
*                                                                       
TEMP*                  1             278          3.0+02                *       
*                                                                       
TEMP*                  1             280          3.0+02                *       
*                                                                       
TEMP*                  1              23          3.0+02                *       
*                                                                       
TEMP*                  1             107          3.0+02                *       
*                                                                       
TEMP*                  1             159          3.0+02                *       
*                                                                       
TEMP*                  1             102          3.0+02                *       
*                                                                       
TEMP*                  1             271          3.0+02                *       
*                                                                       
TEMP*                  1             269          3.0+02                *       
*                                                                       
TEMP*                  1             277          3.0+02                *       
*                                                                       
TEMP*                  1             279          3.0+02                *       
*                                                                       
TEMP*                  1             369          3.0+02                *       
*                                                                       
TEMP*                  1             374          3.0+02                *       
*                                                                       
TEMP*                  1             375          3.0+02                *       
*                                                                       
TEMP*                  1             376          3.0+02                *       
*                                                                       
TEMP*                  1              97          3.0+02                *       
*                                                                       
TEMP*                  1             105          3.0+02                *       
*                                                                       
TEMP*                  1             136          3.0+02                *       
*                                                                       
TEMP*                  1              92          3.0+02                *       
*                                                                       
TEMP*                  1             282          3.0+02                *       
*                                                                       
TEMP*                  1             284          3.0+02                *       
*                                                                       
TEMP*                  1             276          3.0+02                *       
*                                                                       
TEMP*                  1             274          3.0+02                *       
*                                                                       
TEMP*                  1             144          3.0+02                *       
*                                                                       
TEMP*                  1              98          3.0+02                *       
*                                                                       
TEMP*                  1             158          3.0+02                *       
*                                                                       
TEMP*                  1             101          3.0+02                *       
*                                                                       
TEMP*                  1             281          3.0+02                *       
*                                                                       
TEMP*                  1             283          3.0+02                *       
*                                                                       
TEMP*                  1             275          3.0+02                *       
*                                                                       
TEMP*                  1             273          3.0+02                *       
*                                                                       
TEMP*                  1             377          3.0+02                *       
*                                                                       
TEMP*                  1             378          3.0+02                *       
*                                                                       
TEMP*                  1             372          3.0+02                *       
*                                                                       
TEMP*                  1             379          3.0+02                *       
*                                                                       
TEMP*                  1             103          3.0+02                *       
*                                                                       
TEMP*                  1             108          3.0+02                *       
*                                                                       
TEMP*                  1             100          3.0+02                *       
*                                                                       
TEMP*                  1              95          3.0+02                *       
*                                                                       
TEMP*                  1             280          3.0+02                *       
*                                                                       
TEMP*                  1             278          3.0+02                *       
*                                                                       
TEMP*                  1             286          3.0+02                *       
*                                                                       
TEMP*                  1             288          3.0+02                *       
*                                                                       
TEMP*                  1             159          3.0+02                *       
*                                                                       
TEMP*                  1              99          3.0+02                *       
*                                                                       
TEMP*                  1             106          3.0+02                *       
*                                                                       
TEMP*                  1              94          3.0+02                *       
*                                                                       
TEMP*                  1             279          3.0+02                *       
*                                                                       
TEMP*                  1             277          3.0+02                *       
*                                                                       
TEMP*                  1             285          3.0+02                *       
*                                                                       
TEMP*                  1             287          3.0+02                *       
*                                                                       
TEMP*                  1             375          3.0+02                *       
*                                                                       
TEMP*                  1             380          3.0+02                *       
*                                                                       
TEMP*                  1             381          3.0+02                *       
*                                                                       
TEMP*                  1             382          3.0+02                *       
*                                                                       
TEMP*                  1              95          3.0+02                *       
*                                                                       
TEMP*                  1             100          3.0+02                *       
*                                                                       
TEMP*                  1             105          3.0+02                *       
*                                                                       
TEMP*                  1              97          3.0+02                *       
*                                                                       
TEMP*                  1             288          3.0+02                *       
*                                                                       
TEMP*                  1             286          3.0+02                *       
*                                                                       
TEMP*                  1             284          3.0+02                *       
*                                                                       
TEMP*                  1             282          3.0+02                *       
*                                                                       
TEMP*                  1             106          3.0+02                *       
*                                                                       
TEMP*                  1             104          3.0+02                *       
*                                                                       
TEMP*                  1             144          3.0+02                *       
*                                                                       
TEMP*                  1              96          3.0+02                *       
*                                                                       
TEMP*                  1             287          3.0+02                *       
*                                                                       
TEMP*                  1             285          3.0+02                *       
*                                                                       
TEMP*                  1             283          3.0+02                *       
*                                                                       
TEMP*                  1             281          3.0+02                *       
*                                                                       
TEMP*                  1             381          3.0+02                *       
*                                                                       
TEMP*                  1             383          3.0+02                *       
*                                                                       
TEMP*                  1             377          3.0+02                *       
*                                                                       
TEMP*                  1             384          3.0+02                *       
*                                                                       
$--1---><------2-------><------3-------><------4-------><------5-------><--6--->
TEMPD*                 1          0.0+00                                *       
*                                                                       
$--1---><------2-------><------3-------><------4-------><------5-------><--6--->
ENDDATA
