$ Generated by Mecway 33
$ Target value is Y displacement at the top (+Y) corner.
$ 
$ 4.9366 inch according to
$ https://help.altair.com/hwsolvers/os/topics/solvers/os/raasch_challenge_verifi
$ cation_r.htm
$ 5.012 inch according to "Analysis of Shell Structures Using MSC/Nastran's
$ Shell Elements With Surface Normals" by Harder, Campbell, Wilson
$ 5.020 inch according to Abaqus benchmark which uses the 20x144x2 C3D20R
$ solution as reference.
$ 
$ Mesh densities are slightly different (eg. 3x18 instead of 3x17) but the same
$ as Abaqus's benchamark of it.
$-----------------------EXECUTIVE CONTROL SECTION-----------------------
SOL 101
CEND
$-------------------------CASE CONTROL SECTION--------------------------
DISPLACEMENT = ALL
SPC = 1
LOAD = 1
BEGIN BULK
$---------------------------BULK DATA SECTION---------------------------
GRID           1       0   0.0+0   0.0+0   0.0+0       0
GRID*                  2               0 7.74477709277-1         3.556+0*
*        1.09999263128+0               0
GRID*                  3               0        -1.778-1          5.08-1*
*       -3.07958633586-1               0
GRID           4       0   0.0+0  5.08-1   0.0+0       0
GRID*                  5               0 -8.6488831677-2        3.4798+0*
*       -2.32444701131-1               0
GRID*                  6               0        -1.778-1           0.0+0*
*       -3.07958633586-1               0
GRID*                  7               0 7.29933868022-1        3.5052+0*
*        1.08300785367+0               0
GRID*                  8               0 -8.6488831677-2        3.4544+0*
*       -2.32444701131-1               0
GRID*                  9               0 1.19679576966+0         3.048+0*
*        1.16805489608+0               0
GRID*                 10               0 6.20068366979-2           0.0+0*
*         3.7556987126-1               0
GRID*                 11               0 -8.6488831677-2        3.4036+0*
*       -2.32444701131-1               0
GRID*                 12               0 2.41445957204-1           0.0+0*
*        7.11276853654-1               0
GRID*                 13               0 1.19679576966+0        3.1242+0*
*        1.16805489608+0               0
GRID*                 14               0  5.1927173974-1           0.0+0*
*        9.71489095014-1               0
GRID*                 15               0 -8.6488831677-2        3.3274+0*
*       -2.32444701131-1               0
GRID*                 16               0 8.65995827702-1           0.0+0*
*        1.12858773544+0               0
GRID*                 17               0 1.19679576966+0        3.2258+0*
*        1.16805489608+0               0
GRID*                 18               0 1.24481701619+0           0.0+0*
*        1.16589836591+0               0
GRID*                 19               0 -8.6488831677-2        3.2512+0*
*       -2.32444701131-1               0
GRID*                 20               0 1.61552732238+0           0.0+0*
*        1.07946084579+0               0
GRID*                 21               0 1.22078301897+0         3.302+0*
*        1.16722516222+0               0
GRID*                 22               0 1.93877965036+0           0.0+0*
*        8.78449631058-1               0
GRID*                 23               0 -8.6488831677-2         3.175+0*
*       -2.32444701131-1               0
GRID*                 24               0 2.18026408178+0           0.0+0*
*                5.842-1               0
GRID*                 25               0 -8.6488831677-2         3.429+0*
*       -2.32444701131-1               0
GRID*                 26               0 6.20068366979-2          5.08-1*
*         3.7556987126-1               0
GRID*                 27               0 1.19679576966+0        3.0988+0*
*        1.16805489608+0               0
GRID*                 28               0 2.41445957204-1          5.08-1*
*        7.11276853654-1               0
GRID*                 29               0 -8.6488831677-2        3.3528+0*
*       -2.32444701131-1               0
GRID*                 30               0  5.1927173974-1          5.08-1*
*        9.71489095014-1               0
GRID*                 31               0 1.19679576966+0         3.175+0*
*        1.16805489608+0               0
GRID*                 32               0 8.65995827702-1          5.08-1*
*        1.12858773544+0               0
GRID*                 33               0 -8.6488831677-2        3.2766+0*
*       -2.32444701131-1               0
GRID*                 34               0 1.24481701619+0          5.08-1*
*        1.16589836591+0               0
GRID*                 35               0  1.8252893891+0         3.556+0*
*        9.66258190388-1               0
GRID*                 36               0 1.61552732238+0          5.08-1*
*        1.07946084579+0               0
GRID*                 37               0 -8.6488831677-2        3.2004+0*
*       -2.32444701131-1               0
GRID*                 38               0 1.93877965036+0          5.08-1*
*        8.78449631058-1               0
GRID*                 39               0-1.37041106141-1        3.2766+0*
*       -2.80505561291-1               0
GRID*                 40               0 2.18026408178+0          5.08-1*
*                5.842-1               0
GRID*                 41               0 1.19679576966+0        3.0734+0*
*        1.16805489608+0               0
GRID*                 42               0 -8.6488831677-2        3.3782+0*
*       -2.32444701131-1               0
GRID*                 43               0 1.19679576966+0        3.1496+0*
*        1.16805489608+0               0
GRID*                 44               0 -8.6488831677-2         3.302+0*
*       -2.32444701131-1               0
GRID*                 45               0 1.19679576966+0        3.2512+0*
*        1.16805489608+0               0
GRID*                 46               0 -8.6488831677-2        3.2258+0*
*       -2.32444701131-1               0
GRID*                 47               0 7.07963365749-1         3.429+0*
*         1.0738513239+0               0
GRID*                 48               0 -8.6488831677-2        3.1496+0*
*       -2.32444701131-1               0
GRID          49       0   0.0+0 1.016+0   0.0+0       0
GRID*                 50               0        -1.778-1 1.35466666667+0*
*       -3.07958633586-1               0
GRID*                 51               0        -1.778-1         1.524+0*
*       -3.07958633586-1               0
GRID          52       0   0.0+0 1.524+0   0.0+0       0
GRID*                 53               0-5.93576373336-2         3.556+0*
*       -1.96702370504-1               0
GRID*                 54               0        -1.778-1         1.016+0*
*       -3.07958633586-1               0
GRID*                 55               0        -1.778-1 1.18533333333+0*
*       -3.07958633586-1               0
GRID*                 56               0  1.7853944767+0        3.2004+0*
*        9.92207828896-1               0
GRID*                 57               0-1.56696929602-1        3.5306+0*
*       -2.94769280262-1               0
GRID*                 58               0 6.20068366979-2         1.016+0*
*         3.7556987126-1               0
GRID*                 59               0-5.93576373336-2        3.2512+0*
*       -1.96702370504-1               0
GRID*                 60               0 2.41445957204-1         1.016+0*
*        7.11276853654-1               0
GRID*                 61               0 1.17285600828+0         3.302+0*
*        1.16839150287+0               0
GRID*                 62               0  5.1927173974-1         1.016+0*
*        9.71489095014-1               0
GRID*                 63               0-1.56696929602-1         3.429+0*
*       -2.94769280262-1               0
GRID*                 64               0 8.65995827702-1         1.016+0*
*        1.12858773544+0               0
GRID*                 65               0 1.17285600828+0         3.429+0*
*        1.16839150287+0               0
GRID*                 66               0 1.24481701619+0         1.016+0*
*        1.16589836591+0               0
GRID*                 67               0-7.22960149356-2        3.3782+0*
*       -2.14919082556-1               0
GRID*                 68               0 1.61552732238+0         1.016+0*
*        1.07946084579+0               0
GRID*                 69               0  1.7853944767+0        3.1242+0*
*        9.92207828896-1               0
GRID*                 70               0 1.93877965036+0         1.016+0*
*        8.78449631058-1               0
GRID*                 71               0-7.22960149356-2         3.048+0*
*       -2.14919082556-1               0
GRID*                 72               0 2.18026408178+0         1.016+0*
*                5.842-1               0
GRID*                 73               0           0.0+0 1.18533333333+0*
*                  0.0+0               0
GRID*                 74               0 6.20068366979-2         1.524+0*
*         3.7556987126-1               0
GRID*                 75               0 6.20068366979-2 1.18533333333+0*
*         3.7556987126-1               0
GRID*                 76               0 2.41445957204-1         1.524+0*
*        7.11276853654-1               0
GRID*                 77               0 2.41445957204-1 1.18533333333+0*
*        7.11276853654-1               0
GRID*                 78               0  5.1927173974-1         1.524+0*
*        9.71489095014-1               0
GRID*                 79               0  5.1927173974-1 1.18533333333+0*
*        9.71489095014-1               0
GRID*                 80               0 8.65995827702-1         1.524+0*
*        1.12858773544+0               0
GRID*                 81               0 8.65995827702-1 1.18533333333+0*
*        1.12858773544+0               0
GRID*                 82               0 1.24481701619+0         1.524+0*
*        1.16589836591+0               0
GRID*                 83               0 1.24481701619+0 1.18533333333+0*
*        1.16589836591+0               0
GRID*                 84               0 1.61552732238+0         1.524+0*
*        1.07946084579+0               0
GRID*                 85               0 1.61552732238+0 1.18533333333+0*
*        1.07946084579+0               0
GRID*                 86               0 1.93877965036+0         1.524+0*
*        8.78449631058-1               0
GRID*                 87               0 1.93877965036+0 1.18533333333+0*
*        8.78449631058-1               0
GRID*                 88               0 2.18026408178+0         1.524+0*
*                5.842-1               0
GRID*                 89               0 1.22078301897+0        3.4036+0*
*        1.16722516222+0               0
GRID*                 90               0-5.93576373336-2         3.302+0*
*       -1.96702370504-1               0
GRID*                 91               0 1.17285600828+0        3.2004+0*
*        1.16839150287+0               0
GRID*                 92               0 1.76506325934+0         3.175+0*
*        1.00456533633+0               0
GRID*                 93               0 1.76506325934+0        3.5052+0*
*        1.00456533633+0               0
GRID*                 94               0-7.22960149356-2         3.429+0*
*       -2.14919082556-1               0
GRID*                 95               0  1.7853944767+0        3.0734+0*
*        9.92207828896-1               0
GRID*                 96               0-7.22960149356-2        3.0988+0*
*       -2.14919082556-1               0
GRID*                 97               0  1.7853944767+0        3.1496+0*
*        9.92207828896-1               0
GRID*                 98               0 2.18026408178+0 1.35466666667+0*
*                5.842-1               0
GRID*                 99               0  1.7853944767+0        3.0988+0*
*        9.92207828896-1               0
GRID*                100               0 2.18026408178+0 1.18533333333+0*
*                5.842-1               0
GRID*                101               0 2.26990192951-1        3.2258+0*
*        6.92030443833-1               0
GRID*                102               0  1.7853944767+0         3.175+0*
*        9.92207828896-1               0
GRID*                103               0  1.8252893891+0        3.4544+0*
*        9.66258190388-1               0
GRID*                104               0 2.26990192951-1         3.175+0*
*        6.92030443833-1               0
GRID*                105               0  1.7853944767+0         3.048+0*
*        9.92207828896-1               0
GRID*                106               0 2.07158541371+0         1.524+0*
*        7.41225113217-1               0
GRID*                107               0 2.26990192951-1        3.3274+0*
*        6.92030443833-1               0
GRID*                108               0 2.07158541371+0 1.35466666667+0*
*        7.41225113217-1               0
GRID*                109               0 2.26990192951-1        3.4798+0*
*        6.92030443833-1               0
GRID*                110               0 2.07158541371+0 1.18533333333+0*
*        7.41225113217-1               0
GRID*                111               0 1.17285600828+0        3.4036+0*
*        1.16839150287+0               0
GRID*                112               0 2.07158541371+0         1.016+0*
*        7.41225113217-1               0
GRID*                113               0 2.26990192951-1        3.2766+0*
*        6.92030443833-1               0
GRID*                114               0 2.26990192951-1         3.429+0*
*        6.92030443833-1               0
GRID*                115               0 2.26990192951-1        3.3782+0*
*        6.92030443833-1               0
GRID*                116               0 -8.6488831677-2        3.5052+0*
*       -2.32444701131-1               0
GRID*                117               0  1.8252893891+0        3.4798+0*
*        9.66258190388-1               0
GRID*                118               0 1.93877965036+0 1.35466666667+0*
*        8.78449631058-1               0
GRID*                119               0-5.93576373336-2        3.4544+0*
*       -1.96702370504-1               0
GRID*                120               0-4.76413664143-2         1.016+0*
*               -1.778-1               0
GRID*                121               0-5.93576373336-2        3.2258+0*
*       -1.96702370504-1               0
GRID*                122               0-1.56696929602-1        3.3528+0*
*       -2.94769280262-1               0
GRID*                123               0-1.56696929602-1        3.4036+0*
*       -2.94769280262-1               0
GRID*                124               0 2.26990192951-1        3.5306+0*
*        6.92030443833-1               0
GRID*                125               0 1.17285600828+0        3.4544+0*
*        1.16839150287+0               0
GRID*                126               0  1.7853944767+0        3.2512+0*
*        9.92207828896-1               0
GRID*                127               0-7.22960149356-2        3.0734+0*
*       -2.14919082556-1               0
GRID*                128               0  1.7853944767+0         1.524+0*
*        9.92207828896-1               0
GRID*                129               0-7.22960149356-2        3.1242+0*
*       -2.14919082556-1               0
GRID*                130               0  1.7853944767+0 1.35466666667+0*
*        9.92207828896-1               0
GRID*                131               0-1.37041106141-1        3.3274+0*
*       -2.80505561291-1               0
GRID*                132               0  1.7853944767+0 1.18533333333+0*
*        9.92207828896-1               0
GRID*                133               0 1.22078301897+0        3.3782+0*
*        1.16722516222+0               0
GRID*                134               0  1.7853944767+0         1.016+0*
*        9.92207828896-1               0
GRID*                135               0  1.7853944767+0        3.2258+0*
*        9.92207828896-1               0
GRID*                136               0-7.22960149356-2        3.1496+0*
*       -2.14919082556-1               0
GRID*                137               0 7.74477709277-1        3.2766+0*
*        1.09999263128+0               0
GRID*                138               0 7.07963365749-1         3.302+0*
*         1.0738513239+0               0
GRID*                139               0 1.17285600828+0         3.556+0*
*        1.16839150287+0               0
GRID*                140               0 1.61552732238+0 1.35466666667+0*
*        1.07946084579+0               0
GRID*                141               0-5.93576373336-2        3.2766+0*
*       -1.96702370504-1               0
GRID*                142               0  1.5605930792-2         1.524+0*
*        1.90327071114-1               0
GRID*                143               0-5.93576373336-2        3.3274+0*
*       -1.96702370504-1               0
GRID*                144               0  1.5605930792-2 1.35466666667+0*
*        1.90327071114-1               0
GRID*                145               0-1.56696929602-1        3.4798+0*
*       -2.94769280262-1               0
GRID*                146               0-7.22960149356-2         3.175+0*
*       -2.14919082556-1               0
GRID*                147               0-7.22960149356-2        3.2004+0*
*       -2.14919082556-1               0
GRID*                148               0-7.22960149356-2        3.2512+0*
*       -2.14919082556-1               0
GRID*                149               0 1.17285600828+0        3.4798+0*
*        1.16839150287+0               0
GRID*                150               0 1.43371590573+0         1.524+0*
*        1.13787786259+0               0
GRID*                151               0 2.26990192951-1        3.1496+0*
*        6.92030443833-1               0
GRID*                152               0 1.43371590573+0 1.35466666667+0*
*        1.13787786259+0               0
GRID*                153               0-7.22960149356-2        3.3274+0*
*       -2.14919082556-1               0
GRID*                154               0 1.43371590573+0 1.18533333333+0*
*        1.13787786259+0               0
GRID*                155               0-7.22960149356-2        3.2258+0*
*       -2.14919082556-1               0
GRID*                156               0 1.43371590573+0         1.016+0*
*        1.13787786259+0               0
GRID*                157               0-7.22960149356-2        3.2766+0*
*       -2.14919082556-1               0
GRID*                158               0 2.26990192951-1        3.2004+0*
*        6.92030443833-1               0
GRID*                159               0-7.22960149356-2         3.302+0*
*       -2.14919082556-1               0
GRID*                160               0 -8.6488831677-2        3.5306+0*
*       -2.32444701131-1               0
GRID*                161               0-7.22960149356-2        3.3528+0*
*       -2.14919082556-1               0
GRID*                162               0 1.24481701619+0 1.35466666667+0*
*        1.16589836591+0               0
GRID*                163               0  1.5605930792-2 1.18533333333+0*
*        1.90327071114-1               0
GRID*                164               0-1.56696929602-1        3.3782+0*
*       -2.94769280262-1               0
GRID*                165               0  1.5605930792-2         1.016+0*
*        1.90327071114-1               0
GRID*                166               0 1.76506325934+0        3.2766+0*
*        1.00456533633+0               0
GRID*                167               0-5.93576373336-2        3.3528+0*
*       -1.96702370504-1               0
GRID*                168               0 2.26990192951-1        3.2512+0*
*        6.92030443833-1               0
GRID*                169               0 2.26990192951-1         3.302+0*
*        6.92030443833-1               0
GRID*                170               0 2.26990192951-1        3.4036+0*
*        6.92030443833-1               0
GRID*                171               0-7.22960149356-2        3.4036+0*
*       -2.14919082556-1               0
GRID*                172               0 1.05387677324+0         1.524+0*
*        1.16277383464+0               0
GRID*                173               0-7.22960149356-2        3.4544+0*
*       -2.14919082556-1               0
GRID*                174               0 1.05387677324+0 1.35466666667+0*
*        1.16277383464+0               0
GRID*                175               0 2.26990192951-1         3.556+0*
*        6.92030443833-1               0
GRID*                176               0 1.05387677324+0 1.18533333333+0*
*        1.16277383464+0               0
GRID*                177               0 2.26990192951-1        3.3528+0*
*        6.92030443833-1               0
GRID*                178               0 1.05387677324+0         1.016+0*
*        1.16277383464+0               0
GRID*                179               0 2.26990192951-1        3.4544+0*
*        6.92030443833-1               0
GRID*                180               0-7.22960149356-2        3.4798+0*
*       -2.14919082556-1               0
GRID*                181               0 2.26990192951-1        3.5052+0*
*        6.92030443833-1               0
GRID*                182               0 7.07963365749-1        3.5052+0*
*         1.0738513239+0               0
GRID*                183               0 1.17285600828+0        3.5052+0*
*        1.16839150287+0               0
GRID*                184               0 8.65995827702-1 1.35466666667+0*
*        1.12858773544+0               0
GRID*                185               0-1.56696929602-1        3.4544+0*
*       -2.94769280262-1               0
GRID*                186               0 1.22078301897+0        3.1496+0*
*        1.16722516222+0               0
GRID*                187               0-1.56696929602-1        3.5052+0*
*       -2.94769280262-1               0
GRID*                188               0           0.0+0 1.35466666667+0*
*                  0.0+0               0
GRID*                189               0-5.93576373336-2        3.5052+0*
*       -1.96702370504-1               0
GRID*                190               0-7.22960149356-2        3.5052+0*
*       -2.14919082556-1               0
GRID*                191               0-7.22960149356-2        3.5306+0*
*       -2.14919082556-1               0
GRID*                192               0 1.76506325934+0         3.556+0*
*        1.00456533633+0               0
GRID*                193               0 1.17285600828+0        3.3528+0*
*        1.16839150287+0               0
GRID*                194               0 6.86193106377-1         1.524+0*
*        1.06425329304+0               0
GRID*                195               0 1.76506325934+0        3.4544+0*
*        1.00456533633+0               0
GRID*                196               0 6.86193106377-1 1.35466666667+0*
*        1.06425329304+0               0
GRID*                197               0-1.56696929602-1        3.3274+0*
*       -2.94769280262-1               0
GRID*                198               0 6.86193106377-1 1.18533333333+0*
*        1.06425329304+0               0
GRID*                199               0-7.22960149356-2         3.556+0*
*       -2.14919082556-1               0
GRID*                200               0 6.86193106377-1         1.016+0*
*        1.06425329304+0               0
GRID*                201               0 1.17285600828+0        3.2512+0*
*        1.16839150287+0               0
GRID*                202               0 1.17285600828+0        3.0988+0*
*        1.16839150287+0               0
GRID*                203               0 1.17285600828+0        3.1496+0*
*        1.16839150287+0               0
GRID*                204               0 -8.6488831677-2         3.556+0*
*       -2.32444701131-1               0
GRID*                205               0 1.76506325934+0        3.3274+0*
*        1.00456533633+0               0
GRID*                206               0  5.1927173974-1 1.35466666667+0*
*        9.71489095014-1               0
GRID*                207               0 6.43252392982-1        3.4798+0*
*        1.04373298829+0               0
GRID*                208               0-5.93576373336-2        3.5306+0*
*       -1.96702370504-1               0
GRID*                209               0 1.22078301897+0         3.048+0*
*        1.16722516222+0               0
GRID*                210               0 1.22078301897+0        3.2512+0*
*        1.16722516222+0               0
GRID*                211               0-5.93576373336-2        3.3782+0*
*       -1.96702370504-1               0
GRID*                212               0 1.76506325934+0        3.3528+0*
*        1.00456533633+0               0
GRID*                213               0 1.76506325934+0         3.302+0*
*        1.00456533633+0               0
GRID*                214               0 1.76506325934+0        3.2004+0*
*        1.00456533633+0               0
GRID*                215               0 1.76506325934+0        3.2258+0*
*        1.00456533633+0               0
GRID*                216               0 3.69690754316-1         1.524+0*
*         8.5277318254-1               0
GRID*                217               0 1.76506325934+0        3.1242+0*
*        1.00456533633+0               0
GRID*                218               0 3.69690754316-1 1.35466666667+0*
*         8.5277318254-1               0
GRID*                219               0 1.76506325934+0         3.048+0*
*        1.00456533633+0               0
GRID*                220               0 3.69690754316-1 1.18533333333+0*
*         8.5277318254-1               0
GRID*                221               0 1.76506325934+0        3.2512+0*
*        1.00456533633+0               0
GRID*                222               0 3.69690754316-1         1.016+0*
*         8.5277318254-1               0
GRID*                223               0-1.56696929602-1         3.556+0*
*       -2.94769280262-1               0
GRID*                224               0 1.22078301897+0        3.1242+0*
*        1.16722516222+0               0
GRID*                225               0 1.76506325934+0        3.0988+0*
*        1.00456533633+0               0
GRID*                226               0  1.7853944767+0        3.2766+0*
*        9.92207828896-1               0
GRID*                227               0 1.76506325934+0        3.5306+0*
*        1.00456533633+0               0
GRID*                228               0 2.41445957204-1 1.35466666667+0*
*        7.11276853654-1               0
GRID*                229               0-5.93576373336-2        3.4036+0*
*       -1.96702370504-1               0
GRID*                230               0 1.76506325934+0        3.1496+0*
*        1.00456533633+0               0
GRID*                231               0-5.93576373336-2         3.429+0*
*       -1.96702370504-1               0
GRID*                232               0-4.76413664143-2         1.524+0*
*               -1.778-1               0
GRID*                233               0-5.93576373336-2        3.4798+0*
*       -1.96702370504-1               0
GRID*                234               0-5.93576373336-2         3.048+0*
*       -1.96702370504-1               0
GRID*                235               0-5.93576373336-2        3.0734+0*
*       -1.96702370504-1               0
GRID*                236               0-5.93576373336-2        3.1242+0*
*       -1.96702370504-1               0
GRID*                237               0 1.76506325934+0        3.4798+0*
*        1.00456533633+0               0
GRID*                238               0 1.37963194735-1         1.524+0*
*        5.50779947307-1               0
GRID*                239               0 1.76506325934+0         3.429+0*
*        1.00456533633+0               0
GRID*                240               0 1.37963194735-1 1.35466666667+0*
*        5.50779947307-1               0
GRID*                241               0-5.93576373336-2        3.2004+0*
*       -1.96702370504-1               0
GRID*                242               0 1.37963194735-1 1.18533333333+0*
*        5.50779947307-1               0
GRID*                243               0-5.93576373336-2        3.0988+0*
*       -1.96702370504-1               0
GRID*                244               0 1.37963194735-1         1.016+0*
*        5.50779947307-1               0
GRID*                245               0-5.93576373336-2        3.1496+0*
*       -1.96702370504-1               0
GRID*                246               0 1.76506325934+0        3.4036+0*
*        1.00456533633+0               0
GRID*                247               0-5.93576373336-2         3.175+0*
*       -1.96702370504-1               0
GRID*                248               0 1.22078301897+0        3.2258+0*
*        1.16722516222+0               0
GRID*                249               0 1.76506325934+0        3.3782+0*
*        1.00456533633+0               0
GRID*                250               0 6.20068366979-2 1.35466666667+0*
*         3.7556987126-1               0
GRID*                251               0-4.76413664143-2 1.35466666667+0*
*               -1.778-1               0
GRID*                252               0 1.76506325934+0        3.0734+0*
*        1.00456533633+0               0
GRID*                253               0-4.76413664143-2 1.18533333333+0*
*               -1.778-1               0
GRID         254       0   0.0+0 2.032+0   0.0+0       0
GRID*                255               0        -1.778-1        2.1336+0*
*       -3.07958633586-1               0
GRID*                256               0        -1.778-1          2.54+0*
*       -3.07958633586-1               0
GRID         257       0   0.0+0  2.54+0   0.0+0       0
GRID*                258               0 5.45047936638-2         3.556+0*
*        3.52698212784-1               0
GRID*                259               0        -1.778-1         2.032+0*
*       -3.07958633586-1               0
GRID*                260               0        -1.778-1        2.0828+0*
*       -3.07958633586-1               0
GRID*                261               0 1.22078301897+0        3.2766+0*
*        1.16722516222+0               0
GRID*                262               0 4.09737719656-2        3.1242+0*
*        3.06706146564-1               0
GRID*                263               0 6.20068366979-2         2.032+0*
*         3.7556987126-1               0
GRID*                264               0 6.86193106377-1        3.2258+0*
*        1.06425329304+0               0
GRID*                265               0 2.41445957204-1         2.032+0*
*        7.11276853654-1               0
GRID*                266               0 3.35624934808-1        3.0734+0*
*        8.19539047754-1               0
GRID*                267               0  5.1927173974-1         2.032+0*
*        9.71489095014-1               0
GRID*                268               0 3.02886856346-1        3.5052+0*
*        7.84885697514-1               0
GRID*                269               0 8.65995827702-1         2.032+0*
*        1.12858773544+0               0
GRID*                270               0 9.88826917476-4         3.302+0*
*        4.80594731774-2               0
GRID*                271               0 1.24481701619+0         2.032+0*
*        1.16589836591+0               0
GRID*                272               0        -1.778-1        3.2512+0*
*       -3.07958633586-1               0
GRID*                273               0 1.61552732238+0         2.032+0*
*        1.07946084579+0               0
GRID*                274               0-7.45097781977-3         3.429+0*
*       -7.24128328057-2               0
GRID*                275               0 1.93877965036+0         2.032+0*
*        8.78449631058-1               0
GRID*                276               0 9.12673641281-1        3.2258+0*
*        1.14007130893+0               0
GRID*                277               0 2.18026408178+0         2.032+0*
*                5.842-1               0
GRID*                278               0           0.0+0        2.0828+0*
*                  0.0+0               0
GRID*                279               0 6.20068366979-2          2.54+0*
*         3.7556987126-1               0
GRID*                280               0 6.20068366979-2        2.0828+0*
*         3.7556987126-1               0
GRID*                281               0 2.41445957204-1          2.54+0*
*        7.11276853654-1               0
GRID*                282               0 2.41445957204-1        2.0828+0*
*        7.11276853654-1               0
GRID*                283               0  5.1927173974-1          2.54+0*
*        9.71489095014-1               0
GRID*                284               0  5.1927173974-1        2.0828+0*
*        9.71489095014-1               0
GRID*                285               0 8.65995827702-1          2.54+0*
*        1.12858773544+0               0
GRID*                286               0 8.65995827702-1        2.0828+0*
*        1.12858773544+0               0
GRID*                287               0 1.24481701619+0          2.54+0*
*        1.16589836591+0               0
GRID*                288               0 1.24481701619+0        2.0828+0*
*        1.16589836591+0               0
GRID*                289               0 1.61552732238+0          2.54+0*
*        1.07946084579+0               0
GRID*                290               0 1.61552732238+0        2.0828+0*
*        1.07946084579+0               0
GRID*                291               0 1.93877965036+0          2.54+0*
*        8.78449631058-1               0
GRID*                292               0 1.93877965036+0        2.0828+0*
*        8.78449631058-1               0
GRID*                293               0 2.18026408178+0          2.54+0*
*                5.842-1               0
GRID*                294               0  1.4568303247+0        3.4544+0*
*        1.13223959823+0               0
GRID*                295               0 2.43131486751-2        3.4036+0*
*        2.37115660861-1               0
GRID*                296               0 3.35624934808-1        3.2258+0*
*        8.19539047754-1               0
GRID*                297               0 6.13239149564-3        3.0988+0*
*        1.19551521201-1               0
GRID*                298               0 1.80546985577+0        3.2004+0*
*        9.79438900018-1               0
GRID*                299               0 1.99393595648-1        3.2766+0*
*        6.52828574991-1               0
GRID*                300               0 2.71487199911-1        3.3528+0*
*        7.48803037544-1               0
GRID*                301               0  5.1927173974-1        3.1496+0*
*        9.71489095014-1               0
GRID*                302               0 1.74447588472+0         3.556+0*
*        1.01651125672+0               0
GRID*                303               0 2.18026408178+0        2.4892+0*
*                5.842-1               0
GRID*                304               0 1.74447588472+0        3.5052+0*
*        1.01651125672+0               0
GRID*                305               0 2.18026408178+0        2.4384+0*
*                5.842-1               0
GRID*                306               0 1.74447588472+0        3.4544+0*
*        1.01651125672+0               0
GRID*                307               0 2.18026408178+0        2.3876+0*
*                5.842-1               0
GRID*                308               0 1.74447588472+0        3.4036+0*
*        1.01651125672+0               0
GRID*                309               0 2.18026408178+0        2.3368+0*
*                5.842-1               0
GRID*                310               0 1.74447588472+0        3.3528+0*
*        1.01651125672+0               0
GRID*                311               0 2.18026408178+0         2.286+0*
*                5.842-1               0
GRID*                312               0-4.76413664143-2         3.048+0*
*               -1.778-1               0
GRID*                313               0 2.18026408178+0        2.2352+0*
*                5.842-1               0
GRID*                314               0-4.76413664143-2        3.0734+0*
*               -1.778-1               0
GRID*                315               0 2.18026408178+0        2.1844+0*
*                5.842-1               0
GRID*                316               0-4.76413664143-2        3.0988+0*
*               -1.778-1               0
GRID*                317               0 2.18026408178+0        2.1336+0*
*                5.842-1               0
GRID*                318               0-4.76413664143-2        3.1242+0*
*               -1.778-1               0
GRID*                319               0 2.18026408178+0        2.0828+0*
*                5.842-1               0
GRID*                320               0 1.99393595648-1         3.429+0*
*        6.52828574991-1               0
GRID*                321               0 6.43252392982-1         3.429+0*
*        1.04373298829+0               0
GRID*                322               0 1.74447588472+0        3.5306+0*
*        1.01651125672+0               0
GRID*                323               0 1.74447588472+0        3.4798+0*
*        1.01651125672+0               0
GRID*                324               0 1.74447588472+0         3.429+0*
*        1.01651125672+0               0
GRID*                325               0 1.74447588472+0        3.3782+0*
*        1.01651125672+0               0
GRID*                326               0 1.74447588472+0        3.3274+0*
*        1.01651125672+0               0
GRID*                327               0 1.17285600828+0        3.3782+0*
*        1.16839150287+0               0
GRID*                328               0 1.17285600828+0        3.2258+0*
*        1.16839150287+0               0
GRID*                329               0 1.17285600828+0        3.1242+0*
*        1.16839150287+0               0
GRID*                330               0-4.76413664143-2        3.1496+0*
*               -1.778-1               0
GRID*                331               0 1.99393595648-1        3.3528+0*
*        6.52828574991-1               0
GRID*                332               0 2.15537799596+0          2.54+0*
*        6.25326311205-1               0
GRID*                333               0 1.99393595648-1        3.5052+0*
*        6.52828574991-1               0
GRID*                334               0 2.15537799596+0        2.4892+0*
*        6.25326311205-1               0
GRID*                335               0 6.43252392982-1        3.3782+0*
*        1.04373298829+0               0
GRID*                336               0 2.15537799596+0        2.4384+0*
*        6.25326311205-1               0
GRID*                337               0 7.74477709277-1        3.5052+0*
*        1.09999263128+0               0
GRID*                338               0 2.15537799596+0        2.3876+0*
*        6.25326311205-1               0
GRID*                339               0 1.22078301897+0        3.2004+0*
*        1.16722516222+0               0
GRID*                340               0 2.15537799596+0        2.3368+0*
*        6.25326311205-1               0
GRID*                341               0 1.22078301897+0        3.0988+0*
*        1.16722516222+0               0
GRID*                342               0 2.15537799596+0         2.286+0*
*        6.25326311205-1               0
GRID*                343               0 7.07963365749-1        3.2258+0*
*         1.0738513239+0               0
GRID*                344               0 2.15537799596+0        2.2352+0*
*        6.25326311205-1               0
GRID*                345               0  1.8252893891+0        3.5052+0*
*        9.66258190388-1               0
GRID*                346               0 2.15537799596+0        2.1844+0*
*        6.25326311205-1               0
GRID*                347               0 1.19679576966+0        3.3782+0*
*        1.16805489608+0               0
GRID*                348               0 2.15537799596+0        2.1336+0*
*        6.25326311205-1               0
GRID*                349               0  1.8252893891+0        3.4036+0*
*        9.66258190388-1               0
GRID*                350               0 2.15537799596+0        2.0828+0*
*        6.25326311205-1               0
GRID*                351               0-4.76413664143-2         3.429+0*
*               -1.778-1               0
GRID*                352               0 2.15537799596+0         2.032+0*
*        6.25326311205-1               0
GRID*                353               0-4.76413664143-2         3.175+0*
*               -1.778-1               0
GRID*                354               0-4.76413664143-2        3.2004+0*
*               -1.778-1               0
GRID*                355               0-4.76413664143-2        3.2258+0*
*               -1.778-1               0
GRID*                356               0-4.76413664143-2        3.2512+0*
*               -1.778-1               0
GRID*                357               0-4.76413664143-2        3.2766+0*
*               -1.778-1               0
GRID*                358               0-4.76413664143-2         3.302+0*
*               -1.778-1               0
GRID*                359               0-4.76413664143-2        3.3274+0*
*               -1.778-1               0
GRID*                360               0-4.76413664143-2        3.3528+0*
*               -1.778-1               0
GRID*                361               0-4.76413664143-2        3.3782+0*
*               -1.778-1               0
GRID*                362               0  1.8252893891+0        3.3528+0*
*        9.66258190388-1               0
GRID*                363               0-4.76413664143-2        3.4036+0*
*               -1.778-1               0
GRID*                364               0 2.12895670015+0          2.54+0*
*        6.65198756609-1               0
GRID*                365               0-4.76413664143-2        3.4544+0*
*               -1.778-1               0
GRID*                366               0 2.12895670015+0        2.4892+0*
*        6.65198756609-1               0
GRID*                367               0-4.76413664143-2        3.4798+0*
*               -1.778-1               0
GRID*                368               0 2.12895670015+0        2.4384+0*
*        6.65198756609-1               0
GRID*                369               0-4.76413664143-2        3.5052+0*
*               -1.778-1               0
GRID*                370               0 2.12895670015+0        2.3876+0*
*        6.65198756609-1               0
GRID*                371               0-4.76413664143-2        3.5306+0*
*               -1.778-1               0
GRID*                372               0 2.12895670015+0        2.3368+0*
*        6.65198756609-1               0
GRID*                373               0-4.76413664143-2         3.556+0*
*               -1.778-1               0
GRID*                374               0 2.12895670015+0         2.286+0*
*        6.65198756609-1               0
GRID*                375               0 1.74447588472+0         3.302+0*
*        1.01651125672+0               0
GRID*                376               0 2.12895670015+0        2.2352+0*
*        6.65198756609-1               0
GRID*                377               0 2.41445957204-1        3.2766+0*
*        7.11276853654-1               0
GRID*                378               0 2.12895670015+0        2.1844+0*
*        6.65198756609-1               0
GRID*                379               0 2.41445957204-1        3.3274+0*
*        7.11276853654-1               0
GRID*                380               0 2.12895670015+0        2.1336+0*
*        6.65198756609-1               0
GRID*                381               0 2.41445957204-1        3.3782+0*
*        7.11276853654-1               0
GRID*                382               0 2.12895670015+0        2.0828+0*
*        6.65198756609-1               0
GRID*                383               0   8.428108269-1         3.048+0*
*        1.12211864362+0               0
GRID*                384               0 2.12895670015+0         2.032+0*
*        6.65198756609-1               0
GRID*                385               0 2.41445957204-1        3.0988+0*
*        7.11276853654-1               0
GRID*                386               0 2.41445957204-1        3.1242+0*
*        7.11276853654-1               0
GRID*                387               0 2.41445957204-1        3.1496+0*
*        7.11276853654-1               0
GRID*                388               0 2.41445957204-1         3.175+0*
*        7.11276853654-1               0
GRID*                389               0 2.41445957204-1        3.2004+0*
*        7.11276853654-1               0
GRID*                390               0 2.41445957204-1        3.2258+0*
*        7.11276853654-1               0
GRID*                391               0 2.41445957204-1        3.2512+0*
*        7.11276853654-1               0
GRID*                392               0 2.41445957204-1         3.302+0*
*        7.11276853654-1               0
GRID*                393               0 2.41445957204-1        3.3528+0*
*        7.11276853654-1               0
GRID*                394               0 2.41445957204-1         3.429+0*
*        7.11276853654-1               0
GRID*                395               0 2.41445957204-1        3.4036+0*
*        7.11276853654-1               0
GRID*                396               0 2.10102187034+0          2.54+0*
*        7.03828819356-1               0
GRID*                397               0 1.19679576966+0         3.429+0*
*        1.16805489608+0               0
GRID*                398               0 2.10102187034+0        2.4892+0*
*        7.03828819356-1               0
GRID*                399               0  1.8252893891+0         3.429+0*
*        9.66258190388-1               0
GRID*                400               0 2.10102187034+0        2.4384+0*
*        7.03828819356-1               0
GRID*                401               0  1.8252893891+0        3.3274+0*
*        9.66258190388-1               0
GRID*                402               0 2.10102187034+0        2.3876+0*
*        7.03828819356-1               0
GRID*                403               0 7.97052388553-1         3.048+0*
*        1.10781745404+0               0
GRID*                404               0 2.10102187034+0        2.3368+0*
*        7.03828819356-1               0
GRID*                405               0 7.74477709277-1        3.0734+0*
*        1.09999263128+0               0
GRID*                406               0 2.10102187034+0         2.286+0*
*        7.03828819356-1               0
GRID*                407               0 1.74447588472+0        3.2766+0*
*        1.01651125672+0               0
GRID*                408               0 2.10102187034+0        2.2352+0*
*        7.03828819356-1               0
GRID*                409               0 1.74447588472+0        3.2512+0*
*        1.01651125672+0               0
GRID*                410               0 2.10102187034+0        2.1844+0*
*        7.03828819356-1               0
GRID*                411               0 1.74447588472+0        3.2258+0*
*        1.01651125672+0               0
GRID*                412               0 2.10102187034+0        2.1336+0*
*        7.03828819356-1               0
GRID*                413               0 1.74447588472+0        3.2004+0*
*        1.01651125672+0               0
GRID*                414               0 2.10102187034+0        2.0828+0*
*        7.03828819356-1               0
GRID*                415               0-3.71295688259-2         3.175+0*
*       -1.58202226494-1               0
GRID*                416               0 2.10102187034+0         2.032+0*
*        7.03828819356-1               0
GRID*                417               0 7.07963365749-1        3.4798+0*
*         1.0738513239+0               0
GRID*                418               0  1.8252893891+0        3.3782+0*
*        9.66258190388-1               0
GRID*                419               0 6.43252392982-1        3.5052+0*
*        1.04373298829+0               0
GRID*                420               0 7.97052388553-1        3.1496+0*
*        1.10781745404+0               0
GRID*                421               0 7.07963365749-1        3.3274+0*
*         1.0738513239+0               0
GRID*                422               0-3.71295688259-2         3.048+0*
*       -1.58202226494-1               0
GRID*                423               0-3.71295688259-2        3.0734+0*
*       -1.58202226494-1               0
GRID*                424               0-3.71295688259-2        3.0988+0*
*       -1.58202226494-1               0
GRID*                425               0-3.71295688259-2        3.1242+0*
*       -1.58202226494-1               0
GRID*                426               0 1.74447588472+0         3.175+0*
*        1.01651125672+0               0
GRID*                427               0-3.71295688259-2        3.1496+0*
*       -1.58202226494-1               0
GRID*                428               0 2.07158541371+0          2.54+0*
*        7.41225113217-1               0
GRID*                429               0-3.71295688259-2        3.2004+0*
*       -1.58202226494-1               0
GRID*                430               0 2.07158541371+0        2.4892+0*
*        7.41225113217-1               0
GRID*                431               0-3.71295688259-2        3.2258+0*
*       -1.58202226494-1               0
GRID*                432               0 2.07158541371+0        2.4384+0*
*        7.41225113217-1               0
GRID*                433               0-3.71295688259-2        3.2512+0*
*       -1.58202226494-1               0
GRID*                434               0 2.07158541371+0        2.3876+0*
*        7.41225113217-1               0
GRID*                435               0-3.71295688259-2        3.2766+0*
*       -1.58202226494-1               0
GRID*                436               0 2.07158541371+0        2.3368+0*
*        7.41225113217-1               0
GRID*                437               0-3.71295688259-2         3.302+0*
*       -1.58202226494-1               0
GRID*                438               0 2.07158541371+0         2.286+0*
*        7.41225113217-1               0
GRID*                439               0-3.71295688259-2        3.3274+0*
*       -1.58202226494-1               0
GRID*                440               0 2.07158541371+0        2.2352+0*
*        7.41225113217-1               0
GRID*                441               0-3.71295688259-2        3.3528+0*
*       -1.58202226494-1               0
GRID*                442               0 2.07158541371+0        2.1844+0*
*        7.41225113217-1               0
GRID*                443               0-3.71295688259-2        3.3782+0*
*       -1.58202226494-1               0
GRID*                444               0 2.07158541371+0        2.1336+0*
*        7.41225113217-1               0
GRID*                445               0-3.71295688259-2        3.4036+0*
*       -1.58202226494-1               0
GRID*                446               0 2.07158541371+0        2.0828+0*
*        7.41225113217-1               0
GRID*                447               0 9.36087738129-1         3.048+0*
*        1.14507186368+0               0
GRID*                448               0 2.07158541371+0         2.032+0*
*        7.41225113217-1               0
GRID*                449               0 1.74447588472+0        3.1496+0*
*        1.01651125672+0               0
GRID*                450               0 1.74447588472+0        3.1242+0*
*        1.01651125672+0               0
GRID*                451               0 1.74447588472+0        3.0988+0*
*        1.01651125672+0               0
GRID*                452               0 1.74447588472+0        3.0734+0*
*        1.01651125672+0               0
GRID*                453               0 1.74447588472+0         3.048+0*
*        1.01651125672+0               0
GRID*                454               0  1.8252893891+0        3.5306+0*
*        9.66258190388-1               0
GRID*                455               0 1.19679576966+0        3.3274+0*
*        1.16805489608+0               0
GRID*                456               0 7.07963365749-1         3.175+0*
*         1.0738513239+0               0
GRID*                457               0 6.43252392982-1        3.4544+0*
*        1.04373298829+0               0
GRID*                458               0-3.71295688259-2         3.429+0*
*       -1.58202226494-1               0
GRID*                459               0 6.43252392982-1         3.556+0*
*        1.04373298829+0               0
GRID*                460               0 2.04065044695+0          2.54+0*
*        7.77391611603-1               0
GRID*                461               0 7.97052388553-1        3.0988+0*
*        1.10781745404+0               0
GRID*                462               0 2.04065044695+0        2.4892+0*
*        7.77391611603-1               0
GRID*                463               0 7.07963365749-1        3.1242+0*
*         1.0738513239+0               0
GRID*                464               0 2.04065044695+0        2.4384+0*
*        7.77391611603-1               0
GRID*                465               0 7.07963365749-1        3.5306+0*
*         1.0738513239+0               0
GRID*                466               0 2.04065044695+0        2.3876+0*
*        7.77391611603-1               0
GRID*                467               0 2.41445957204-1        3.4544+0*
*        7.11276853654-1               0
GRID*                468               0 2.04065044695+0        2.3368+0*
*        7.77391611603-1               0
GRID*                469               0 7.74477709277-1        3.4544+0*
*        1.09999263128+0               0
GRID*                470               0 2.04065044695+0         2.286+0*
*        7.77391611603-1               0
GRID*                471               0 1.72363176127+0        3.5306+0*
*        1.02804486832+0               0
GRID*                472               0 2.04065044695+0        2.2352+0*
*        7.77391611603-1               0
GRID*                473               0 1.72363176127+0        3.4798+0*
*        1.02804486832+0               0
GRID*                474               0 2.04065044695+0        2.1844+0*
*        7.77391611603-1               0
GRID*                475               0 1.72363176127+0         3.429+0*
*        1.02804486832+0               0
GRID*                476               0 2.04065044695+0        2.1336+0*
*        7.77391611603-1               0
GRID*                477               0 1.72363176127+0        3.3782+0*
*        1.02804486832+0               0
GRID*                478               0 2.04065044695+0        2.0828+0*
*        7.77391611603-1               0
GRID*                479               0 1.72363176127+0         3.302+0*
*        1.02804486832+0               0
GRID*                480               0 2.04065044695+0         2.032+0*
*        7.77391611603-1               0
GRID*                481               0-3.71295688259-2        3.4544+0*
*       -1.58202226494-1               0
GRID*                482               0-3.71295688259-2        3.4798+0*
*       -1.58202226494-1               0
GRID*                483               0-3.71295688259-2        3.5052+0*
*       -1.58202226494-1               0
GRID*                484               0-3.71295688259-2        3.5306+0*
*       -1.58202226494-1               0
GRID*                485               0-3.71295688259-2         3.556+0*
*       -1.58202226494-1               0
GRID*                486               0 1.72363176127+0         3.556+0*
*        1.02804486832+0               0
GRID*                487               0 1.72363176127+0        3.5052+0*
*        1.02804486832+0               0
GRID*                488               0 1.72363176127+0        3.4544+0*
*        1.02804486832+0               0
GRID*                489               0 1.72363176127+0        3.4036+0*
*        1.02804486832+0               0
GRID*                490               0 1.72363176127+0        3.3274+0*
*        1.02804486832+0               0
GRID*                491               0 1.72363176127+0        3.3528+0*
*        1.02804486832+0               0
GRID*                492               0 2.00821246497+0          2.54+0*
*         8.1232603287-1               0
GRID*                493               0 1.72363176127+0        3.2512+0*
*        1.02804486832+0               0
GRID*                494               0 2.00821246497+0        2.4892+0*
*         8.1232603287-1               0
GRID*                495               0 1.72363176127+0        3.2004+0*
*        1.02804486832+0               0
GRID*                496               0 2.00821246497+0        2.4384+0*
*         8.1232603287-1               0
GRID*                497               0 1.72363176127+0        3.1496+0*
*        1.02804486832+0               0
GRID*                498               0 2.00821246497+0        2.3876+0*
*         8.1232603287-1               0
GRID*                499               0 1.72363176127+0        3.0988+0*
*        1.02804486832+0               0
GRID*                500               0 2.00821246497+0        2.3368+0*
*         8.1232603287-1               0
GRID*                501               0-2.78226222164-2         3.048+0*
*       -1.37888906781-1               0
GRID*                502               0 2.00821246497+0         2.286+0*
*         8.1232603287-1               0
GRID*                503               0-2.78226222164-2        3.0734+0*
*       -1.37888906781-1               0
GRID*                504               0 2.00821246497+0        2.2352+0*
*         8.1232603287-1               0
GRID*                505               0-2.78226222164-2        3.0988+0*
*       -1.37888906781-1               0
GRID*                506               0 2.00821246497+0        2.1844+0*
*         8.1232603287-1               0
GRID*                507               0-2.78226222164-2        3.1242+0*
*       -1.37888906781-1               0
GRID*                508               0 2.00821246497+0        2.1336+0*
*         8.1232603287-1               0
GRID*                509               0-2.78226222164-2        3.1496+0*
*       -1.37888906781-1               0
GRID*                510               0 2.00821246497+0        2.0828+0*
*         8.1232603287-1               0
GRID*                511               0-2.78226222164-2        3.2004+0*
*       -1.37888906781-1               0
GRID*                512               0 2.00821246497+0         2.032+0*
*         8.1232603287-1               0
GRID*                513               0 1.72363176127+0        3.2766+0*
*        1.02804486832+0               0
GRID*                514               0 1.72363176127+0        3.2258+0*
*        1.02804486832+0               0
GRID*                515               0 1.72363176127+0         3.175+0*
*        1.02804486832+0               0
GRID*                516               0 1.72363176127+0        3.1242+0*
*        1.02804486832+0               0
GRID*                517               0 1.72363176127+0        3.0734+0*
*        1.02804486832+0               0
GRID*                518               0 6.64622795291-1        3.1242+0*
*         1.0542139669+0               0
GRID*                519               0 9.12673641281-1         3.556+0*
*        1.14007130893+0               0
GRID*                520               0  5.1927173974-1         3.429+0*
*        9.71489095014-1               0
GRID*                521               0 1.17285600828+0         3.048+0*
*        1.16839150287+0               0
GRID*                522               0-1.37041106141-1        3.5052+0*
*       -2.80505561291-1               0
GRID*                523               0-2.78226222164-2         3.175+0*
*       -1.37888906781-1               0
GRID*                524               0 1.97426069653+0          2.54+0*
*        8.46018379104-1               0
GRID*                525               0-2.78226222164-2        3.2258+0*
*       -1.37888906781-1               0
GRID*                526               0 1.97426069653+0        2.4892+0*
*        8.46018379104-1               0
GRID*                527               0-2.78226222164-2        3.2512+0*
*       -1.37888906781-1               0
GRID*                528               0 1.97426069653+0        2.4384+0*
*        8.46018379104-1               0
GRID*                529               0-2.78226222164-2        3.2766+0*
*       -1.37888906781-1               0
GRID*                530               0 1.97426069653+0        2.3876+0*
*        8.46018379104-1               0
GRID*                531               0-2.78226222164-2         3.302+0*
*       -1.37888906781-1               0
GRID*                532               0 1.97426069653+0        2.3368+0*
*        8.46018379104-1               0
GRID*                533               0-2.78226222164-2        3.3274+0*
*       -1.37888906781-1               0
GRID*                534               0 1.97426069653+0         2.286+0*
*        8.46018379104-1               0
GRID*                535               0-2.78226222164-2        3.3528+0*
*       -1.37888906781-1               0
GRID*                536               0 1.97426069653+0        2.2352+0*
*        8.46018379104-1               0
GRID*                537               0-2.78226222164-2        3.3782+0*
*       -1.37888906781-1               0
GRID*                538               0 1.97426069653+0        2.1844+0*
*        8.46018379104-1               0
GRID*                539               0-2.78226222164-2        3.4036+0*
*       -1.37888906781-1               0
GRID*                540               0 1.97426069653+0        2.1336+0*
*        8.46018379104-1               0
GRID*                541               0 2.56295134413-1        3.0988+0*
*        7.30221387096-1               0
GRID*                542               0 1.97426069653+0        2.0828+0*
*        8.46018379104-1               0
GRID*                543               0-1.37041106141-1        3.4036+0*
*       -2.80505561291-1               0
GRID*                544               0 1.97426069653+0         2.032+0*
*        8.46018379104-1               0
GRID*                545               0  5.1927173974-1         3.175+0*
*        9.71489095014-1               0
GRID*                546               0  5.1927173974-1        3.2766+0*
*        9.71489095014-1               0
GRID*                547               0  5.1927173974-1        3.3782+0*
*        9.71489095014-1               0
GRID*                548               0  5.1927173974-1        3.4544+0*
*        9.71489095014-1               0
GRID*                549               0  5.1927173974-1        3.5052+0*
*        9.71489095014-1               0
GRID*                550               0 1.41049147286+0        3.4798+0*
*        1.14304430307+0               0
GRID*                551               0 9.12673641281-1        3.3274+0*
*        1.14007130893+0               0
GRID*                552               0 2.56295134413-1         3.048+0*
*        7.30221387096-1               0
GRID*                553               0-2.78226222164-2         3.429+0*
*       -1.37888906781-1               0
GRID*                554               0 2.56295134413-1        3.0734+0*
*        7.30221387096-1               0
GRID*                555               0 1.17285600828+0        3.3274+0*
*        1.16839150287+0               0
GRID*                556               0 2.56295134413-1        3.1242+0*
*        7.30221387096-1               0
GRID*                557               0 1.93877965036+0        2.4892+0*
*        8.78449631058-1               0
GRID*                558               0 2.56295134413-1        3.1496+0*
*        7.30221387096-1               0
GRID*                559               0 1.93877965036+0        2.4384+0*
*        8.78449631058-1               0
GRID*                560               0 2.56295134413-1         3.175+0*
*        7.30221387096-1               0
GRID*                561               0 1.93877965036+0        2.3876+0*
*        8.78449631058-1               0
GRID*                562               0  5.1927173974-1        3.2004+0*
*        9.71489095014-1               0
GRID*                563               0 1.93877965036+0        2.3368+0*
*        8.78449631058-1               0
GRID*                564               0 1.72363176127+0         3.048+0*
*        1.02804486832+0               0
GRID*                565               0 1.93877965036+0         2.286+0*
*        8.78449631058-1               0
GRID*                566               0 2.41445957204-1        3.5306+0*
*        7.11276853654-1               0
GRID*                567               0 1.93877965036+0        2.2352+0*
*        8.78449631058-1               0
GRID*                568               0  5.1927173974-1        3.1242+0*
*        9.71489095014-1               0
GRID*                569               0 1.93877965036+0        2.1844+0*
*        8.78449631058-1               0
GRID*                570               0  5.1927173974-1        3.4798+0*
*        9.71489095014-1               0
GRID*                571               0 1.93877965036+0        2.1336+0*
*        8.78449631058-1               0
GRID*                572               0 3.87220482935-1        3.2766+0*
*        8.68859667678-1               0
GRID*                573               0 3.87220482935-1        3.3274+0*
*        8.68859667678-1               0
GRID*                574               0 3.87220482935-1        3.3782+0*
*        8.68859667678-1               0
GRID*                575               0  1.4568303247+0         3.048+0*
*        1.13223959823+0               0
GRID*                576               0 3.69690754316-1        3.4798+0*
*         8.5277318254-1               0
GRID*                577               0 3.69690754316-1        3.5306+0*
*         8.5277318254-1               0
GRID*                578               0 7.52105105513-1        3.2512+0*
*        1.09172208956+0               0
GRID*                579               0 4.74949753381-2         3.175+0*
*        3.29743060105-1               0
GRID*                580               0 1.03022416015+0        3.5052+0*
*        1.16020084351+0               0
GRID*                581               0-4.76413664143-2          2.54+0*
*               -1.778-1               0
GRID*                582               0 4.74949753381-2        3.2004+0*
*        3.29743060105-1               0
GRID*                583               0-4.76413664143-2        2.4892+0*
*               -1.778-1               0
GRID*                584               0 4.74949753381-2        3.2258+0*
*        3.29743060105-1               0
GRID*                585               0-4.76413664143-2        2.4384+0*
*               -1.778-1               0
GRID*                586               0 4.74949753381-2        3.2512+0*
*        3.29743060105-1               0
GRID*                587               0-4.76413664143-2        2.3876+0*
*               -1.778-1               0
GRID*                588               0 4.74949753381-2        3.2766+0*
*        3.29743060105-1               0
GRID*                589               0-4.76413664143-2        2.3368+0*
*               -1.778-1               0
GRID*                590               0 4.74949753381-2         3.302+0*
*        3.29743060105-1               0
GRID*                591               0-2.78226222164-2        3.4544+0*
*       -1.37888906781-1               0
GRID*                592               0-2.78226222164-2        3.4798+0*
*       -1.37888906781-1               0
GRID*                593               0-2.78226222164-2        3.5052+0*
*       -1.37888906781-1               0
GRID*                594               0-2.78226222164-2        3.5306+0*
*       -1.37888906781-1               0
GRID*                595               0-2.78226222164-2         3.556+0*
*       -1.37888906781-1               0
GRID*                596               0 2.41445957204-1        3.4798+0*
*        7.11276853654-1               0
GRID*                597               0-1.37041106141-1        3.3528+0*
*       -2.80505561291-1               0
GRID*                598               0  5.1927173974-1        3.3274+0*
*        9.71489095014-1               0
GRID*                599               0 7.29933868022-1        3.4544+0*
*        1.08300785367+0               0
GRID*                600               0  5.1927173974-1        3.0988+0*
*        9.71489095014-1               0
GRID*                601               0-1.37041106141-1         3.429+0*
*       -2.80505561291-1               0
GRID*                602               0 1.90199464641+0          2.54+0*
*        9.09394004135-1               0
GRID*                603               0  5.1927173974-1         3.302+0*
*        9.71489095014-1               0
GRID*                604               0 1.90199464641+0        2.4892+0*
*        9.09394004135-1               0
GRID*                605               0 9.12673641281-1        3.5306+0*
*        1.14007130893+0               0
GRID*                606               0 1.90199464641+0        2.4384+0*
*        9.09394004135-1               0
GRID*                607               0 1.14896415747+0        3.5306+0*
*        1.16823833528+0               0
GRID*                608               0 1.90199464641+0        2.3876+0*
*        9.09394004135-1               0
GRID*                609               0 1.14896415747+0        3.4798+0*
*        1.16823833528+0               0
GRID*                610               0 1.90199464641+0        2.3368+0*
*        9.09394004135-1               0
GRID*                611               0-1.97413996841-2         3.048+0*
*       -1.16834757644-1               0
GRID*                612               0 1.90199464641+0         2.286+0*
*        9.09394004135-1               0
GRID*                613               0-1.97413996841-2        3.0734+0*
*       -1.16834757644-1               0
GRID*                614               0 1.90199464641+0        2.2352+0*
*        9.09394004135-1               0
GRID*                615               0-1.97413996841-2        3.0988+0*
*       -1.16834757644-1               0
GRID*                616               0 1.90199464641+0        2.1844+0*
*        9.09394004135-1               0
GRID*                617               0-1.97413996841-2        3.1242+0*
*       -1.16834757644-1               0
GRID*                618               0 1.90199464641+0        2.1336+0*
*        9.09394004135-1               0
GRID*                619               0-1.97413996841-2        3.1496+0*
*       -1.16834757644-1               0
GRID*                620               0 1.90199464641+0        2.0828+0*
*        9.09394004135-1               0
GRID*                621               0  5.1927173974-1        3.5306+0*
*        9.71489095014-1               0
GRID*                622               0 1.90199464641+0         2.032+0*
*        9.09394004135-1               0
GRID*                623               0  5.1927173974-1        3.2512+0*
*        9.71489095014-1               0
GRID*                624               0  5.1927173974-1        3.3528+0*
*        9.71489095014-1               0
GRID*                625               0 1.14896415747+0         3.556+0*
*        1.16823833528+0               0
GRID*                626               0 1.14896415747+0        3.5052+0*
*        1.16823833528+0               0
GRID*                627               0 1.14896415747+0        3.4544+0*
*        1.16823833528+0               0
GRID*                628               0 2.41445957204-1        3.5052+0*
*        7.11276853654-1               0
GRID*                629               0 1.41049147286+0        3.4544+0*
*        1.14304430307+0               0
GRID*                630               0-1.37041106141-1        3.4544+0*
*       -2.80505561291-1               0
GRID*                631               0  5.1927173974-1        3.2258+0*
*        9.71489095014-1               0
GRID*                632               0-1.97413996841-2         3.175+0*
*       -1.16834757644-1               0
GRID*                633               0  5.1927173974-1        3.4036+0*
*        9.71489095014-1               0
GRID*                634               0 1.86415894782+0          2.54+0*
*        9.38657576825-1               0
GRID*                635               0 9.12673641281-1        3.2766+0*
*        1.14007130893+0               0
GRID*                636               0 1.86415894782+0        2.4892+0*
*        9.38657576825-1               0
GRID*                637               0-1.37041106141-1        3.3782+0*
*       -2.80505561291-1               0
GRID*                638               0 1.86415894782+0        2.4384+0*
*        9.38657576825-1               0
GRID*                639               0-1.37041106141-1        3.4798+0*
*       -2.80505561291-1               0
GRID*                640               0 1.86415894782+0        2.3876+0*
*        9.38657576825-1               0
GRID*                641               0 2.56295134413-1        3.2004+0*
*        7.30221387096-1               0
GRID*                642               0 1.86415894782+0        2.3368+0*
*        9.38657576825-1               0
GRID*                643               0 1.70253008055+0         3.556+0*
*        1.03916486519+0               0
GRID*                644               0 1.86415894782+0         2.286+0*
*        9.38657576825-1               0
GRID*                645               0 1.70253008055+0        3.5306+0*
*        1.03916486519+0               0
GRID*                646               0 1.86415894782+0        2.2352+0*
*        9.38657576825-1               0
GRID*                647               0 1.70253008055+0        3.5052+0*
*        1.03916486519+0               0
GRID*                648               0 1.86415894782+0        2.1844+0*
*        9.38657576825-1               0
GRID*                649               0 1.70253008055+0        3.4798+0*
*        1.03916486519+0               0
GRID*                650               0 1.86415894782+0        2.1336+0*
*        9.38657576825-1               0
GRID*                651               0 1.70253008055+0        3.4544+0*
*        1.03916486519+0               0
GRID*                652               0 1.86415894782+0        2.0828+0*
*        9.38657576825-1               0
GRID*                653               0-1.97413996841-2        3.4544+0*
*       -1.16834757644-1               0
GRID*                654               0 1.86415894782+0         2.032+0*
*        9.38657576825-1               0
GRID*                655               0-1.97413996841-2        3.2004+0*
*       -1.16834757644-1               0
GRID*                656               0-1.97413996841-2        3.2258+0*
*       -1.16834757644-1               0
GRID*                657               0-1.97413996841-2        3.2512+0*
*       -1.16834757644-1               0
GRID*                658               0-1.97413996841-2        3.2766+0*
*       -1.16834757644-1               0
GRID*                659               0-1.97413996841-2         3.302+0*
*       -1.16834757644-1               0
GRID*                660               0-1.97413996841-2        3.3274+0*
*       -1.16834757644-1               0
GRID*                661               0-1.97413996841-2        3.3528+0*
*       -1.16834757644-1               0
GRID*                662               0-1.97413996841-2        3.3782+0*
*       -1.16834757644-1               0
GRID*                663               0-1.97413996841-2        3.4036+0*
*       -1.16834757644-1               0
GRID*                664               0 1.70253008055+0         3.429+0*
*        1.03916486519+0               0
GRID*                665               0-1.97413996841-2         3.429+0*
*       -1.16834757644-1               0
GRID*                666               0  1.8252893891+0          2.54+0*
*        9.66258190388-1               0
GRID*                667               0-1.97413996841-2        3.4798+0*
*       -1.16834757644-1               0
GRID*                668               0  1.8252893891+0        2.4892+0*
*        9.66258190388-1               0
GRID*                669               0-1.97413996841-2        3.5052+0*
*       -1.16834757644-1               0
GRID*                670               0  1.8252893891+0        2.4384+0*
*        9.66258190388-1               0
GRID*                671               0-1.97413996841-2        3.5306+0*
*       -1.16834757644-1               0
GRID*                672               0  1.8252893891+0        2.3876+0*
*        9.66258190388-1               0
GRID*                673               0-1.97413996841-2         3.556+0*
*       -1.16834757644-1               0
GRID*                674               0  1.8252893891+0        2.3368+0*
*        9.66258190388-1               0
GRID*                675               0 1.14896415747+0         3.429+0*
*        1.16823833528+0               0
GRID*                676               0  1.8252893891+0         2.286+0*
*        9.66258190388-1               0
GRID*                677               0 1.70253008055+0        3.2512+0*
*        1.03916486519+0               0
GRID*                678               0  1.8252893891+0        2.2352+0*
*        9.66258190388-1               0
GRID*                679               0 1.70253008055+0        3.2004+0*
*        1.03916486519+0               0
GRID*                680               0  1.8252893891+0        2.1844+0*
*        9.66258190388-1               0
GRID*                681               0 1.70253008055+0        3.1496+0*
*        1.03916486519+0               0
GRID*                682               0  1.8252893891+0        2.1336+0*
*        9.66258190388-1               0
GRID*                683               0 1.70253008055+0        3.0988+0*
*        1.03916486519+0               0
GRID*                684               0  1.8252893891+0        2.0828+0*
*        9.66258190388-1               0
GRID*                685               0 2.56295134413-1        3.2512+0*
*        7.30221387096-1               0
GRID*                686               0  1.8252893891+0         2.032+0*
*        9.66258190388-1               0
GRID*                687               0 1.70253008055+0        3.4036+0*
*        1.03916486519+0               0
GRID*                688               0 1.70253008055+0        3.3782+0*
*        1.03916486519+0               0
GRID*                689               0 1.70253008055+0        3.3528+0*
*        1.03916486519+0               0
GRID*                690               0 1.70253008055+0        3.3274+0*
*        1.03916486519+0               0
GRID*                691               0 1.70253008055+0         3.302+0*
*        1.03916486519+0               0
GRID*                692               0 1.70253008055+0        3.2766+0*
*        1.03916486519+0               0
GRID*                693               0 1.70253008055+0        3.2258+0*
*        1.03916486519+0               0
GRID*                694               0 1.70253008055+0         3.175+0*
*        1.03916486519+0               0
GRID*                695               0 1.70253008055+0        3.1242+0*
*        1.03916486519+0               0
GRID*                696               0 1.70253008055+0         3.048+0*
*        1.03916486519+0               0
GRID*                697               0 1.70253008055+0        3.0734+0*
*        1.03916486519+0               0
GRID*                698               0  1.7853944767+0          2.54+0*
*        9.92207828896-1               0
GRID*                699               0 2.56295134413-1        3.3528+0*
*        7.30221387096-1               0
GRID*                700               0  1.7853944767+0        2.4892+0*
*        9.92207828896-1               0
GRID*                701               0 2.56295134413-1        3.4544+0*
*        7.30221387096-1               0
GRID*                702               0  1.7853944767+0        2.4384+0*
*        9.92207828896-1               0
GRID*                703               0 2.56295134413-1         3.556+0*
*        7.30221387096-1               0
GRID*                704               0  1.7853944767+0        2.3876+0*
*        9.92207828896-1               0
GRID*                705               0 6.64622795291-1         3.429+0*
*         1.0542139669+0               0
GRID*                706               0  1.7853944767+0        2.3368+0*
*        9.92207828896-1               0
GRID*                707               0 1.14896415747+0        3.4036+0*
*        1.16823833528+0               0
GRID*                708               0  1.7853944767+0         2.286+0*
*        9.92207828896-1               0
GRID*                709               0 1.14896415747+0        3.3782+0*
*        1.16823833528+0               0
GRID*                710               0  1.7853944767+0        2.2352+0*
*        9.92207828896-1               0
GRID*                711               0 1.14896415747+0        3.3528+0*
*        1.16823833528+0               0
GRID*                712               0  1.7853944767+0        2.1844+0*
*        9.92207828896-1               0
GRID*                713               0 1.14896415747+0        3.3274+0*
*        1.16823833528+0               0
GRID*                714               0  1.7853944767+0        2.1336+0*
*        9.92207828896-1               0
GRID*                715               0 9.12673641281-1        3.1242+0*
*        1.14007130893+0               0
GRID*                716               0  1.7853944767+0        2.0828+0*
*        9.92207828896-1               0
GRID*                717               0-1.29289135942-2        3.2004+0*
*        -9.5015191109-2               0
GRID*                718               0  1.7853944767+0         2.032+0*
*        9.92207828896-1               0
GRID*                719               0 2.56295134413-1         3.302+0*
*        7.30221387096-1               0
GRID*                720               0 2.56295134413-1        3.4036+0*
*        7.30221387096-1               0
GRID*                721               0 2.56295134413-1        3.5052+0*
*        7.30221387096-1               0
GRID*                722               0 9.12673641281-1        3.0734+0*
*        1.14007130893+0               0
GRID*                723               0-1.29289135942-2         3.048+0*
*        -9.5015191109-2               0
GRID*                724               0-1.29289135942-2        3.0734+0*
*        -9.5015191109-2               0
GRID*                725               0-1.29289135942-2        3.0988+0*
*        -9.5015191109-2               0
GRID*                726               0-1.29289135942-2        3.1242+0*
*        -9.5015191109-2               0
GRID*                727               0-1.29289135942-2        3.1496+0*
*        -9.5015191109-2               0
GRID*                728               0 6.64622795291-1         3.175+0*
*         1.0542139669+0               0
GRID*                729               0-1.29289135942-2         3.175+0*
*        -9.5015191109-2               0
GRID*                730               0 1.74447588472+0          2.54+0*
*        1.01651125672+0               0
GRID*                731               0-1.29289135942-2        3.2258+0*
*        -9.5015191109-2               0
GRID*                732               0 1.74447588472+0        2.4892+0*
*        1.01651125672+0               0
GRID*                733               0-1.29289135942-2        3.2512+0*
*        -9.5015191109-2               0
GRID*                734               0 1.74447588472+0        2.4384+0*
*        1.01651125672+0               0
GRID*                735               0-1.29289135942-2        3.2766+0*
*        -9.5015191109-2               0
GRID*                736               0 1.74447588472+0        2.3876+0*
*        1.01651125672+0               0
GRID*                737               0-1.29289135942-2         3.302+0*
*        -9.5015191109-2               0
GRID*                738               0 1.74447588472+0        2.3368+0*
*        1.01651125672+0               0
GRID*                739               0-1.29289135942-2        3.3274+0*
*        -9.5015191109-2               0
GRID*                740               0 1.74447588472+0         2.286+0*
*        1.01651125672+0               0
GRID*                741               0-1.29289135942-2        3.3528+0*
*        -9.5015191109-2               0
GRID*                742               0 1.74447588472+0        2.2352+0*
*        1.01651125672+0               0
GRID*                743               0-1.29289135942-2        3.3782+0*
*        -9.5015191109-2               0
GRID*                744               0 1.74447588472+0        2.1844+0*
*        1.01651125672+0               0
GRID*                745               0-1.29289135942-2        3.4036+0*
*        -9.5015191109-2               0
GRID*                746               0 1.74447588472+0        2.1336+0*
*        1.01651125672+0               0
GRID*                747               0-1.29289135942-2         3.429+0*
*        -9.5015191109-2               0
GRID*                748               0 1.74447588472+0        2.0828+0*
*        1.01651125672+0               0
GRID*                749               0 2.56295134413-1        3.5306+0*
*        7.30221387096-1               0
GRID*                750               0 1.74447588472+0         2.032+0*
*        1.01651125672+0               0
GRID*                751               0 6.64622795291-1        3.3782+0*
*         1.0542139669+0               0
GRID*                752               0 9.12673641281-1        3.3782+0*
*        1.14007130893+0               0
GRID*                753               0 8.19829868601-1        3.5052+0*
*        1.11519389502+0               0
GRID*                754               0 9.12673641281-1        3.4544+0*
*        1.14007130893+0               0
GRID*                755               0 2.56295134413-1        3.2258+0*
*        7.30221387096-1               0
GRID*                756               0 2.56295134413-1        3.2766+0*
*        7.30221387096-1               0
GRID*                757               0 2.56295134413-1        3.3274+0*
*        7.30221387096-1               0
GRID*                758               0 2.56295134413-1        3.3782+0*
*        7.30221387096-1               0
GRID*                759               0 2.56295134413-1         3.429+0*
*        7.30221387096-1               0
GRID*                760               0-1.29289135942-2        3.4544+0*
*        -9.5015191109-2               0
GRID*                761               0 2.56295134413-1        3.4798+0*
*        7.30221387096-1               0
GRID*                762               0 1.70253008055+0          2.54+0*
*        1.03916486519+0               0
GRID*                763               0 9.12673641281-1         3.175+0*
*        1.14007130893+0               0
GRID*                764               0 1.70253008055+0        2.4892+0*
*        1.03916486519+0               0
GRID*                765               0 6.64622795291-1        3.2766+0*
*         1.0542139669+0               0
GRID*                766               0 1.70253008055+0        2.4384+0*
*        1.03916486519+0               0
GRID*                767               0 9.12673641281-1        3.3528+0*
*        1.14007130893+0               0
GRID*                768               0 1.70253008055+0        2.3876+0*
*        1.03916486519+0               0
GRID*                769               0 9.12673641281-1        3.5052+0*
*        1.14007130893+0               0
GRID*                770               0 1.70253008055+0        2.3368+0*
*        1.03916486519+0               0
GRID*                771               0 8.19829868601-1        3.5306+0*
*        1.11519389502+0               0
GRID*                772               0 1.70253008055+0         2.286+0*
*        1.03916486519+0               0
GRID*                773               0 6.64622795291-1        3.3274+0*
*         1.0542139669+0               0
GRID*                774               0 1.70253008055+0        2.2352+0*
*        1.03916486519+0               0
GRID*                775               0 2.71487199911-1        3.0734+0*
*        7.48803037544-1               0
GRID*                776               0 1.70253008055+0        2.1844+0*
*        1.03916486519+0               0
GRID*                777               0 2.71487199911-1        3.1242+0*
*        7.48803037544-1               0
GRID*                778               0 1.70253008055+0        2.1336+0*
*        1.03916486519+0               0
GRID*                779               0 2.71487199911-1         3.175+0*
*        7.48803037544-1               0
GRID*                780               0 1.70253008055+0        2.0828+0*
*        1.03916486519+0               0
GRID*                781               0 2.71487199911-1        3.2766+0*
*        7.48803037544-1               0
GRID*                782               0 1.70253008055+0         2.032+0*
*        1.03916486519+0               0
GRID*                783               0-1.29289135942-2        3.4798+0*
*        -9.5015191109-2               0
GRID*                784               0-1.29289135942-2        3.5052+0*
*        -9.5015191109-2               0
GRID*                785               0-1.29289135942-2        3.5306+0*
*        -9.5015191109-2               0
GRID*                786               0-1.29289135942-2         3.556+0*
*        -9.5015191109-2               0
GRID*                787               0 5.39422393738-1         3.175+0*
*        9.84655132938-1               0
GRID*                788               0 9.12673641281-1        3.1496+0*
*        1.14007130893+0               0
GRID*                789               0 2.71487199911-1         3.048+0*
*        7.48803037544-1               0
GRID*                790               0 2.71487199911-1        3.0988+0*
*        7.48803037544-1               0
GRID*                791               0 2.71487199911-1        3.1496+0*
*        7.48803037544-1               0
GRID*                792               0 2.71487199911-1        3.2512+0*
*        7.48803037544-1               0
GRID*                793               0 2.71487199911-1        3.2258+0*
*        7.48803037544-1               0
GRID*                794               0 1.65955007831+0          2.54+0*
*        1.06015572468+0               0
GRID*                795               0 2.71487199911-1        3.3274+0*
*        7.48803037544-1               0
GRID*                796               0 1.65955007831+0        2.4892+0*
*        1.06015572468+0               0
GRID*                797               0 2.71487199911-1        3.3782+0*
*        7.48803037544-1               0
GRID*                798               0 1.65955007831+0        2.4384+0*
*        1.06015572468+0               0
GRID*                799               0 2.71487199911-1         3.429+0*
*        7.48803037544-1               0
GRID*                800               0 1.65955007831+0        2.3876+0*
*        1.06015572468+0               0
GRID*                801               0  1.6811698751+0         3.556+0*
*        1.04986933243+0               0
GRID*                802               0 1.65955007831+0        2.3368+0*
*        1.06015572468+0               0
GRID*                803               0  1.6811698751+0        3.5306+0*
*        1.04986933243+0               0
GRID*                804               0 1.65955007831+0         2.286+0*
*        1.06015572468+0               0
GRID*                805               0  1.6811698751+0        3.5052+0*
*        1.04986933243+0               0
GRID*                806               0 1.65955007831+0        2.2352+0*
*        1.06015572468+0               0
GRID*                807               0  1.6811698751+0        3.4798+0*
*        1.04986933243+0               0
GRID*                808               0 1.65955007831+0        2.1844+0*
*        1.06015572468+0               0
GRID*                809               0  1.6811698751+0        3.4544+0*
*        1.04986933243+0               0
GRID*                810               0 1.65955007831+0        2.1336+0*
*        1.06015572468+0               0
GRID*                811               0-7.45097781977-3        3.2004+0*
*       -7.24128328057-2               0
GRID*                812               0 1.65955007831+0        2.0828+0*
*        1.06015572468+0               0
GRID*                813               0 2.71487199911-1        3.2004+0*
*        7.48803037544-1               0
GRID*                814               0 1.65955007831+0         2.032+0*
*        1.06015572468+0               0
GRID*                815               0 2.71487199911-1         3.302+0*
*        7.48803037544-1               0
GRID*                816               0  1.6811698751+0        3.1496+0*
*        1.04986933243+0               0
GRID*                817               0 2.71487199911-1        3.4036+0*
*        7.48803037544-1               0
GRID*                818               0-7.45097781977-3         3.048+0*
*       -7.24128328057-2               0
GRID*                819               0-7.45097781977-3        3.0734+0*
*       -7.24128328057-2               0
GRID*                820               0-7.45097781977-3        3.0988+0*
*       -7.24128328057-2               0
GRID*                821               0-7.45097781977-3        3.1242+0*
*       -7.24128328057-2               0
GRID*                822               0-7.45097781977-3        3.1496+0*
*       -7.24128328057-2               0
GRID*                823               0  1.6811698751+0         3.429+0*
*        1.04986933243+0               0
GRID*                824               0-7.45097781977-3         3.175+0*
*       -7.24128328057-2               0
GRID*                825               0 1.17285600828+0        3.2766+0*
*        1.16839150287+0               0
GRID*                826               0-7.45097781977-3        3.2258+0*
*       -7.24128328057-2               0
GRID*                827               0 1.61552732238+0        2.4892+0*
*        1.07946084579+0               0
GRID*                828               0-7.45097781977-3        3.2512+0*
*       -7.24128328057-2               0
GRID*                829               0 1.61552732238+0        2.4384+0*
*        1.07946084579+0               0
GRID*                830               0-7.45097781977-3        3.2766+0*
*       -7.24128328057-2               0
GRID*                831               0 1.61552732238+0        2.3876+0*
*        1.07946084579+0               0
GRID*                832               0-7.45097781977-3         3.302+0*
*       -7.24128328057-2               0
GRID*                833               0 1.61552732238+0        2.3368+0*
*        1.07946084579+0               0
GRID*                834               0-7.45097781977-3        3.3274+0*
*       -7.24128328057-2               0
GRID*                835               0 1.61552732238+0         2.286+0*
*        1.07946084579+0               0
GRID*                836               0-7.45097781977-3        3.3528+0*
*       -7.24128328057-2               0
GRID*                837               0 1.61552732238+0        2.2352+0*
*        1.07946084579+0               0
GRID*                838               0-7.45097781977-3        3.3782+0*
*       -7.24128328057-2               0
GRID*                839               0 1.61552732238+0        2.1844+0*
*        1.07946084579+0               0
GRID*                840               0-7.45097781977-3        3.4036+0*
*       -7.24128328057-2               0
GRID*                841               0 1.61552732238+0        2.1336+0*
*        1.07946084579+0               0
GRID*                842               0-4.76413664143-2         2.286+0*
*               -1.778-1               0
GRID*                843               0 4.74949753381-2        3.3274+0*
*        3.29743060105-1               0
GRID*                844               0-4.76413664143-2        2.2352+0*
*               -1.778-1               0
GRID*                845               0 4.74949753381-2        3.3528+0*
*        3.29743060105-1               0
GRID*                846               0-4.76413664143-2        2.1844+0*
*               -1.778-1               0
GRID*                847               0 4.74949753381-2        3.3782+0*
*        3.29743060105-1               0
GRID*                848               0-4.76413664143-2        2.1336+0*
*               -1.778-1               0
GRID*                849               0 4.74949753381-2        3.4036+0*
*        3.29743060105-1               0
GRID*                850               0-4.76413664143-2        2.0828+0*
*               -1.778-1               0
GRID*                851               0 1.43371590573+0         3.429+0*
*        1.13787786259+0               0
GRID*                852               0-4.76413664143-2         2.032+0*
*               -1.778-1               0
GRID*                853               0 1.03022416015+0        3.4036+0*
*        1.16020084351+0               0
GRID*                854               0 1.03022416015+0         3.302+0*
*        1.16020084351+0               0
GRID*                855               0 1.03022416015+0        3.2004+0*
*        1.16020084351+0               0
GRID*                856               0 3.87220482935-1         3.048+0*
*        8.68859667678-1               0
GRID*                857               0 3.87220482935-1        3.0988+0*
*        8.68859667678-1               0
GRID*                858               0 3.87220482935-1        3.1242+0*
*        8.68859667678-1               0
GRID*                859               0 3.87220482935-1         3.175+0*
*        8.68859667678-1               0
GRID*                860               0 3.87220482935-1        3.2004+0*
*        8.68859667678-1               0
GRID*                861               0  1.6811698751+0        3.4036+0*
*        1.04986933243+0               0
GRID*                862               0  1.6811698751+0        3.3782+0*
*        1.04986933243+0               0
GRID*                863               0  1.6811698751+0        3.3528+0*
*        1.04986933243+0               0
GRID*                864               0  1.6811698751+0        3.3274+0*
*        1.04986933243+0               0
GRID*                865               0  1.6811698751+0         3.302+0*
*        1.04986933243+0               0
GRID*                866               0  1.6811698751+0        3.2766+0*
*        1.04986933243+0               0
GRID*                867               0  1.6811698751+0        3.2512+0*
*        1.04986933243+0               0
GRID*                868               0  1.6811698751+0        3.2258+0*
*        1.04986933243+0               0
GRID*                869               0  1.6811698751+0        3.2004+0*
*        1.04986933243+0               0
GRID*                870               0-7.45097781977-3        3.4544+0*
*       -7.24128328057-2               0
GRID*                871               0  1.6811698751+0         3.175+0*
*        1.04986933243+0               0
GRID*                872               0 1.57074775108+0          2.54+0*
*        1.09693885299+0               0
GRID*                873               0  1.6811698751+0        3.1242+0*
*        1.04986933243+0               0
GRID*                874               0 1.57074775108+0        2.4892+0*
*        1.09693885299+0               0
GRID*                875               0  1.6811698751+0        3.0988+0*
*        1.04986933243+0               0
GRID*                876               0 1.57074775108+0        2.4384+0*
*        1.09693885299+0               0
GRID*                877               0  1.6811698751+0        3.0734+0*
*        1.04986933243+0               0
GRID*                878               0 1.57074775108+0        2.3876+0*
*        1.09693885299+0               0
GRID*                879               0 9.12673641281-1        3.0988+0*
*        1.14007130893+0               0
GRID*                880               0 1.57074775108+0        2.3368+0*
*        1.09693885299+0               0
GRID*                881               0 9.12673641281-1        3.2512+0*
*        1.14007130893+0               0
GRID*                882               0 1.57074775108+0         2.286+0*
*        1.09693885299+0               0
GRID*                883               0 1.14896415747+0        3.2766+0*
*        1.16823833528+0               0
GRID*                884               0 1.57074775108+0        2.2352+0*
*        1.09693885299+0               0
GRID*                885               0 1.14896415747+0         3.175+0*
*        1.16823833528+0               0
GRID*                886               0 1.57074775108+0        2.1844+0*
*        1.09693885299+0               0
GRID*                887               0 1.14896415747+0        3.0734+0*
*        1.16823833528+0               0
GRID*                888               0 1.57074775108+0        2.1336+0*
*        1.09693885299+0               0
GRID*                889               0 8.19829868601-1         3.556+0*
*        1.11519389502+0               0
GRID*                890               0 1.57074775108+0        2.0828+0*
*        1.09693885299+0               0
GRID*                891               0 1.65955007831+0        3.5306+0*
*        1.06015572468+0               0
GRID*                892               0 1.57074775108+0         2.032+0*
*        1.09693885299+0               0
GRID*                893               0-7.45097781977-3        3.4798+0*
*       -7.24128328057-2               0
GRID*                894               0-7.45097781977-3        3.5052+0*
*       -7.24128328057-2               0
GRID*                895               0-7.45097781977-3        3.5306+0*
*       -7.24128328057-2               0
GRID*                896               0-7.45097781977-3         3.556+0*
*       -7.24128328057-2               0
GRID*                897               0  1.6811698751+0         3.048+0*
*        1.04986933243+0               0
GRID*                898               0 5.39422393738-1        3.0734+0*
*        9.84655132938-1               0
GRID*                899               0 1.14896415747+0        3.2258+0*
*        1.16823833528+0               0
GRID*                900               0 1.14896415747+0        3.1242+0*
*        1.16823833528+0               0
GRID*                901               0 9.12673641281-1        3.4798+0*
*        1.14007130893+0               0
GRID*                902               0 1.65955007831+0         3.556+0*
*        1.06015572468+0               0
GRID*                903               0 2.71487199911-1        3.4544+0*
*        7.48803037544-1               0
GRID*                904               0 1.52551352096+0          2.54+0*
*        1.11248752494+0               0
GRID*                905               0 1.65955007831+0        3.4798+0*
*        1.06015572468+0               0
GRID*                906               0 1.52551352096+0        2.4892+0*
*        1.11248752494+0               0
GRID*                907               0 1.65955007831+0         3.429+0*
*        1.06015572468+0               0
GRID*                908               0 1.52551352096+0        2.4384+0*
*        1.11248752494+0               0
GRID*                909               0 1.65955007831+0        3.3782+0*
*        1.06015572468+0               0
GRID*                910               0 1.52551352096+0        2.3876+0*
*        1.11248752494+0               0
GRID*                911               0-3.39561108974-3         3.048+0*
*       -4.90247736593-2               0
GRID*                912               0 1.52551352096+0        2.3368+0*
*        1.11248752494+0               0
GRID*                913               0-3.39561108974-3        3.0734+0*
*       -4.90247736593-2               0
GRID*                914               0 1.52551352096+0         2.286+0*
*        1.11248752494+0               0
GRID*                915               0-3.39561108974-3        3.0988+0*
*       -4.90247736593-2               0
GRID*                916               0 1.52551352096+0        2.2352+0*
*        1.11248752494+0               0
GRID*                917               0-3.39561108974-3        3.1242+0*
*       -4.90247736593-2               0
GRID*                918               0 1.52551352096+0        2.1844+0*
*        1.11248752494+0               0
GRID*                919               0-3.39561108974-3        3.1496+0*
*       -4.90247736593-2               0
GRID*                920               0 1.52551352096+0        2.1336+0*
*        1.11248752494+0               0
GRID*                921               0-3.39561108974-3         3.175+0*
*       -4.90247736593-2               0
GRID*                922               0 1.52551352096+0        2.0828+0*
*        1.11248752494+0               0
GRID*                923               0 1.14896415747+0        3.0988+0*
*        1.16823833528+0               0
GRID*                924               0 1.52551352096+0         2.032+0*
*        1.11248752494+0               0
GRID*                925               0 1.65955007831+0        3.5052+0*
*        1.06015572468+0               0
GRID*                926               0 1.65955007831+0        3.4544+0*
*        1.06015572468+0               0
GRID*                927               0 1.65955007831+0        3.4036+0*
*        1.06015572468+0               0
GRID*                928               0 1.65955007831+0        3.3528+0*
*        1.06015572468+0               0
GRID*                929               0 9.12673641281-1        3.4036+0*
*        1.14007130893+0               0
GRID*                930               0 9.12673641281-1         3.048+0*
*        1.14007130893+0               0
GRID*                931               0 1.14896415747+0         3.302+0*
*        1.16823833528+0               0
GRID*                932               0 1.14896415747+0        3.2512+0*
*        1.16823833528+0               0
GRID*                933               0 1.14896415747+0        3.2004+0*
*        1.16823833528+0               0
GRID*                934               0-3.39561108974-3        3.2004+0*
*       -4.90247736593-2               0
GRID*                935               0 1.14896415747+0        3.1496+0*
*        1.16823833528+0               0
GRID*                936               0 1.47983483822+0          2.54+0*
*        1.12612916734+0               0
GRID*                937               0 1.14896415747+0         3.048+0*
*        1.16823833528+0               0
GRID*                938               0 1.47983483822+0        2.4892+0*
*        1.12612916734+0               0
GRID*                939               0 9.12673641281-1         3.429+0*
*        1.14007130893+0               0
GRID*                940               0 1.47983483822+0        2.4384+0*
*        1.12612916734+0               0
GRID*                941               0 9.12673641281-1         3.302+0*
*        1.14007130893+0               0
GRID*                942               0 1.47983483822+0        2.3876+0*
*        1.12612916734+0               0
GRID*                943               0 9.12673641281-1        3.2004+0*
*        1.14007130893+0               0
GRID*                944               0 1.47983483822+0        2.3368+0*
*        1.12612916734+0               0
GRID*                945               0 6.64622795291-1        3.2258+0*
*         1.0542139669+0               0
GRID*                946               0 1.47983483822+0         2.286+0*
*        1.12612916734+0               0
GRID*                947               0 5.39422393738-1         3.048+0*
*        9.84655132938-1               0
GRID*                948               0 1.47983483822+0        2.2352+0*
*        1.12612916734+0               0
GRID*                949               0 5.39422393738-1        3.0988+0*
*        9.84655132938-1               0
GRID*                950               0 1.47983483822+0        2.1844+0*
*        1.12612916734+0               0
GRID*                951               0 5.39422393738-1        3.1242+0*
*        9.84655132938-1               0
GRID*                952               0 1.47983483822+0        2.1336+0*
*        1.12612916734+0               0
GRID*                953               0 1.12512038638+0         3.556+0*
*        1.16759814793+0               0
GRID*                954               0 1.47983483822+0        2.0828+0*
*        1.12612916734+0               0
GRID*                955               0-3.39561108974-3        3.4798+0*
*       -4.90247736593-2               0
GRID*                956               0 1.47983483822+0         2.032+0*
*        1.12612916734+0               0
GRID*                957               0-3.39561108974-3        3.2258+0*
*       -4.90247736593-2               0
GRID*                958               0-3.39561108974-3        3.2512+0*
*       -4.90247736593-2               0
GRID*                959               0-3.39561108974-3        3.2766+0*
*       -4.90247736593-2               0
GRID*                960               0-3.39561108974-3         3.302+0*
*       -4.90247736593-2               0
GRID*                961               0-3.39561108974-3        3.3274+0*
*       -4.90247736593-2               0
GRID*                962               0-3.39561108974-3        3.3528+0*
*       -4.90247736593-2               0
GRID*                963               0-3.39561108974-3        3.3782+0*
*       -4.90247736593-2               0
GRID*                964               0-3.39561108974-3        3.4036+0*
*       -4.90247736593-2               0
GRID*                965               0-3.39561108974-3         3.429+0*
*       -4.90247736593-2               0
GRID*                966               0 1.12512038638+0        3.5052+0*
*        1.16759814793+0               0
GRID*                967               0-3.39561108974-3        3.4544+0*
*       -4.90247736593-2               0
GRID*                968               0 1.43371590573+0          2.54+0*
*        1.13787786259+0               0
GRID*                969               0-3.39561108974-3        3.5052+0*
*       -4.90247736593-2               0
GRID*                970               0 1.43371590573+0        2.4892+0*
*        1.13787786259+0               0
GRID*                971               0-3.39561108974-3        3.5306+0*
*       -4.90247736593-2               0
GRID*                972               0 1.43371590573+0        2.4384+0*
*        1.13787786259+0               0
GRID*                973               0-3.39561108974-3         3.556+0*
*       -4.90247736593-2               0
GRID*                974               0 1.43371590573+0        2.3876+0*
*        1.13787786259+0               0
GRID*                975               0 1.65955007831+0        3.3274+0*
*        1.06015572468+0               0
GRID*                976               0 1.43371590573+0        2.3368+0*
*        1.13787786259+0               0
GRID*                977               0 1.12512038638+0        3.2004+0*
*        1.16759814793+0               0
GRID*                978               0 1.43371590573+0         2.286+0*
*        1.13787786259+0               0
GRID*                979               0 1.12512038638+0        3.0988+0*
*        1.16759814793+0               0
GRID*                980               0 1.43371590573+0        2.2352+0*
*        1.13787786259+0               0
GRID*                981               0 5.39422393738-1        3.2004+0*
*        9.84655132938-1               0
GRID*                982               0 1.43371590573+0        2.1844+0*
*        1.13787786259+0               0
GRID*                983               0 5.39422393738-1        3.2512+0*
*        9.84655132938-1               0
GRID*                984               0 1.43371590573+0        2.1336+0*
*        1.13787786259+0               0
GRID*                985               0 1.12512038638+0         3.429+0*
*        1.16759814793+0               0
GRID*                986               0 1.43371590573+0        2.0828+0*
*        1.13787786259+0               0
GRID*                987               0 5.39422393738-1        3.1496+0*
*        9.84655132938-1               0
GRID*                988               0 1.43371590573+0         2.032+0*
*        1.13787786259+0               0
GRID*                989               0 1.12512038638+0        3.4544+0*
*        1.16759814793+0               0
GRID*                990               0 1.12512038638+0        3.4036+0*
*        1.16759814793+0               0
GRID*                991               0 1.12512038638+0        3.3528+0*
*        1.16759814793+0               0
GRID*                992               0 1.12512038638+0         3.302+0*
*        1.16759814793+0               0
GRID*                993               0 1.12512038638+0        3.2512+0*
*        1.16759814793+0               0
GRID*                994               0 1.12512038638+0        3.1496+0*
*        1.16759814793+0               0
GRID*                995               0 8.19829868601-1        3.4798+0*
*        1.11519389502+0               0
GRID*                996               0 1.12512038638+0        3.5306+0*
*        1.16759814793+0               0
GRID*                997               0 1.12512038638+0        3.4798+0*
*        1.16759814793+0               0
GRID*                998               0 2.71487199911-1        3.5306+0*
*        7.48803037544-1               0
GRID*                999               0 2.71487199911-1        3.4798+0*
*        7.48803037544-1               0
GRID*               1000               0 1.38715677728+0          2.54+0*
*        1.14773866032+0               0
GRID*               1001               0 1.12512038638+0        3.3782+0*
*        1.16759814793+0               0
GRID*               1002               0 1.38715677728+0        2.4892+0*
*        1.14773866032+0               0
GRID*               1003               0 1.12512038638+0         3.175+0*
*        1.16759814793+0               0
GRID*               1004               0 1.38715677728+0        2.4384+0*
*        1.14773866032+0               0
GRID*               1005               0 2.87018707004-1        3.0988+0*
*        7.67023843408-1               0
GRID*               1006               0 1.38715677728+0        2.3876+0*
*        1.14773866032+0               0
GRID*               1007               0 1.65955007831+0         3.302+0*
*        1.06015572468+0               0
GRID*               1008               0 1.38715677728+0        2.3368+0*
*        1.14773866032+0               0
GRID*               1009               0 1.65955007831+0        3.2766+0*
*        1.06015572468+0               0
GRID*               1010               0 1.38715677728+0         2.286+0*
*        1.14773866032+0               0
GRID*               1011               0 1.65955007831+0        3.2512+0*
*        1.06015572468+0               0
GRID*               1012               0 1.38715677728+0        2.2352+0*
*        1.14773866032+0               0
GRID*               1013               0 1.65955007831+0        3.2258+0*
*        1.06015572468+0               0
GRID*               1014               0 1.38715677728+0        2.1844+0*
*        1.14773866032+0               0
GRID*               1015               0 1.65955007831+0        3.2004+0*
*        1.06015572468+0               0
GRID*               1016               0 1.38715677728+0        2.1336+0*
*        1.14773866032+0               0
GRID*               1017               0 1.65955007831+0         3.175+0*
*        1.06015572468+0               0
GRID*               1018               0 1.38715677728+0        2.0828+0*
*        1.14773866032+0               0
GRID*               1019               0-8.70779838753-4        3.2258+0*
*       -2.48704717244-2               0
GRID*               1020               0 1.38715677728+0         2.032+0*
*        1.14773866032+0               0
GRID*               1021               0 5.39422393738-1        3.2766+0*
*        9.84655132938-1               0
GRID*               1022               0 1.12512038638+0        3.2766+0*
*        1.16759814793+0               0
GRID*               1023               0 2.87018707004-1         3.048+0*
*        7.67023843408-1               0
GRID*               1024               0-8.70779838753-4         3.048+0*
*       -2.48704717244-2               0
GRID*               1025               0-8.70779838753-4        3.0734+0*
*       -2.48704717244-2               0
GRID*               1026               0-8.70779838753-4        3.0988+0*
*       -2.48704717244-2               0
GRID*               1027               0-8.70779838753-4        3.1242+0*
*       -2.48704717244-2               0
GRID*               1028               0-8.70779838753-4        3.1496+0*
*       -2.48704717244-2               0
GRID*               1029               0-8.70779838753-4         3.175+0*
*       -2.48704717244-2               0
GRID*               1030               0 1.65955007831+0        3.1496+0*
*        1.06015572468+0               0
GRID*               1031               0-8.70779838753-4        3.2004+0*
*       -2.48704717244-2               0
GRID*               1032               0 1.34015526771+0          2.54+0*
*        1.15570700786+0               0
GRID*               1033               0-8.70779838753-4        3.2512+0*
*       -2.48704717244-2               0
GRID*               1034               0 1.34015526771+0        2.4892+0*
*        1.15570700786+0               0
GRID*               1035               0-8.70779838753-4        3.2766+0*
*       -2.48704717244-2               0
GRID*               1036               0 1.34015526771+0        2.4384+0*
*        1.15570700786+0               0
GRID*               1037               0-8.70779838753-4         3.302+0*
*       -2.48704717244-2               0
GRID*               1038               0 1.34015526771+0        2.3876+0*
*        1.15570700786+0               0
GRID*               1039               0-8.70779838753-4        3.3274+0*
*       -2.48704717244-2               0
GRID*               1040               0 1.34015526771+0        2.3368+0*
*        1.15570700786+0               0
GRID*               1041               0-8.70779838753-4        3.3528+0*
*       -2.48704717244-2               0
GRID*               1042               0 1.34015526771+0         2.286+0*
*        1.15570700786+0               0
GRID*               1043               0-8.70779838753-4        3.3782+0*
*       -2.48704717244-2               0
GRID*               1044               0 1.34015526771+0        2.2352+0*
*        1.15570700786+0               0
GRID*               1045               0-8.70779838753-4        3.4036+0*
*       -2.48704717244-2               0
GRID*               1046               0 1.34015526771+0        2.1844+0*
*        1.15570700786+0               0
GRID*               1047               0-8.70779838753-4         3.429+0*
*       -2.48704717244-2               0
GRID*               1048               0 1.34015526771+0        2.1336+0*
*        1.15570700786+0               0
GRID*               1049               0-8.70779838753-4        3.4544+0*
*       -2.48704717244-2               0
GRID*               1050               0 1.34015526771+0        2.0828+0*
*        1.15570700786+0               0
GRID*               1051               0-8.70779838753-4        3.5052+0*
*       -2.48704717244-2               0
GRID*               1052               0 1.34015526771+0         2.032+0*
*        1.15570700786+0               0
GRID*               1053               0 1.65955007831+0        3.1242+0*
*        1.06015572468+0               0
GRID*               1054               0 1.65955007831+0        3.0988+0*
*        1.06015572468+0               0
GRID*               1055               0 1.65955007831+0        3.0734+0*
*        1.06015572468+0               0
GRID*               1056               0 1.65955007831+0         3.048+0*
*        1.06015572468+0               0
GRID*               1057               0 2.71487199911-1        3.5052+0*
*        7.48803037544-1               0
GRID*               1058               0 2.71487199911-1         3.556+0*
*        7.48803037544-1               0
GRID*               1059               0 5.39422393738-1        3.2258+0*
*        9.84655132938-1               0
GRID*               1060               0 5.39422393738-1        3.3274+0*
*        9.84655132938-1               0
GRID*               1061               0 1.12512038638+0        3.3274+0*
*        1.16759814793+0               0
GRID*               1062               0 1.12512038638+0        3.1242+0*
*        1.16759814793+0               0
GRID*               1063               0-8.70779838753-4        3.4798+0*
*       -2.48704717244-2               0
GRID*               1064               0 1.29270891797+0          2.54+0*
*        1.16176841621+0               0
GRID*               1065               0-8.70779838753-4        3.5306+0*
*       -2.48704717244-2               0
GRID*               1066               0 1.29270891797+0        2.4892+0*
*        1.16176841621+0               0
GRID*               1067               0-8.70779838753-4         3.556+0*
*       -2.48704717244-2               0
GRID*               1068               0 1.29270891797+0        2.4384+0*
*        1.16176841621+0               0
GRID*               1069               0 2.87018707004-1        3.1496+0*
*        7.67023843408-1               0
GRID*               1070               0 1.29270891797+0        2.3876+0*
*        1.16176841621+0               0
GRID*               1071               0 1.63766958636+0        3.5306+0*
*        1.07002084808+0               0
GRID*               1072               0 1.29270891797+0        2.3368+0*
*        1.16176841621+0               0
GRID*               1073               0 1.63766958636+0        3.4798+0*
*        1.07002084808+0               0
GRID*               1074               0 1.29270891797+0         2.286+0*
*        1.16176841621+0               0
GRID*               1075               0 1.63766958636+0         3.429+0*
*        1.07002084808+0               0
GRID*               1076               0 1.29270891797+0        2.2352+0*
*        1.16176841621+0               0
GRID*               1077               0 1.63766958636+0        3.3782+0*
*        1.07002084808+0               0
GRID*               1078               0 1.29270891797+0        2.1844+0*
*        1.16176841621+0               0
GRID*               1079               0 1.63766958636+0        3.3274+0*
*        1.07002084808+0               0
GRID*               1080               0 1.29270891797+0        2.1336+0*
*        1.16176841621+0               0
GRID*               1081               0 1.63766958636+0        3.2512+0*
*        1.07002084808+0               0
GRID*               1082               0 1.29270891797+0        2.0828+0*
*        1.16176841621+0               0
GRID*               1083               0 1.12512038638+0        3.2258+0*
*        1.16759814793+0               0
GRID*               1084               0 1.29270891797+0         2.032+0*
*        1.16176841621+0               0
GRID*               1085               0 2.87018707004-1        3.0734+0*
*        7.67023843408-1               0
GRID*               1086               0 2.87018707004-1        3.1242+0*
*        7.67023843408-1               0
GRID*               1087               0 2.87018707004-1        3.2004+0*
*        7.67023843408-1               0
GRID*               1088               0 1.63766958636+0         3.556+0*
*        1.07002084808+0               0
GRID*               1089               0 1.63766958636+0        3.5052+0*
*        1.07002084808+0               0
GRID*               1090               0 1.63766958636+0        3.4544+0*
*        1.07002084808+0               0
GRID*               1091               0 1.63766958636+0        3.4036+0*
*        1.07002084808+0               0
GRID*               1092               0 1.63766958636+0        3.3528+0*
*        1.07002084808+0               0
GRID*               1093               0 1.63766958636+0        3.2766+0*
*        1.07002084808+0               0
GRID*               1094               0 1.63766958636+0         3.302+0*
*        1.07002084808+0               0
GRID*               1095               0 1.17285600828+0         3.175+0*
*        1.16839150287+0               0
GRID*               1096               0 1.63766958636+0        3.2004+0*
*        1.07002084808+0               0
GRID*               1097               0 1.24481701619+0        2.4892+0*
*        1.16589836591+0               0
GRID*               1098               0 1.63766958636+0        3.1496+0*
*        1.07002084808+0               0
GRID*               1099               0 1.24481701619+0        2.4384+0*
*        1.16589836591+0               0
GRID*               1100               0 1.63766958636+0        3.0988+0*
*        1.07002084808+0               0
GRID*               1101               0 1.24481701619+0        2.3876+0*
*        1.16589836591+0               0
GRID*               1102               0        -1.778-1        3.1242+0*
*       -3.07958633586-1               0
GRID*               1103               0 1.24481701619+0        2.3368+0*
*        1.16589836591+0               0
GRID*               1104               0        -1.778-1        3.1496+0*
*       -3.07958633586-1               0
GRID*               1105               0 1.24481701619+0         2.286+0*
*        1.16589836591+0               0
GRID*               1106               0        -1.778-1         3.175+0*
*       -3.07958633586-1               0
GRID*               1107               0 1.24481701619+0        2.2352+0*
*        1.16589836591+0               0
GRID*               1108               0        -1.778-1        3.2004+0*
*       -3.07958633586-1               0
GRID*               1109               0 1.24481701619+0        2.1844+0*
*        1.16589836591+0               0
GRID*               1110               0        -1.778-1        3.2258+0*
*       -3.07958633586-1               0
GRID*               1111               0 1.24481701619+0        2.1336+0*
*        1.16589836591+0               0
GRID*               1112               0 3.87220482935-1        3.2258+0*
*        8.68859667678-1               0
GRID*               1113               0 4.74949753381-2         3.429+0*
*        3.29743060105-1               0
GRID*               1114               0 3.87220482935-1        3.2512+0*
*        8.68859667678-1               0
GRID*               1115               0-7.22960149356-2          2.54+0*
*       -2.14919082556-1               0
GRID*               1116               0 3.87220482935-1         3.302+0*
*        8.68859667678-1               0
GRID*               1117               0-7.22960149356-2        2.4892+0*
*       -2.14919082556-1               0
GRID*               1118               0 1.43371590573+0        3.3782+0*
*        1.13787786259+0               0
GRID*               1119               0-7.22960149356-2        2.4384+0*
*       -2.14919082556-1               0
GRID*               1120               0 3.87220482935-1        3.3528+0*
*        8.68859667678-1               0
GRID*               1121               0-7.22960149356-2        2.3876+0*
*       -2.14919082556-1               0
GRID*               1122               0 1.43371590573+0        3.3274+0*
*        1.13787786259+0               0
GRID*               1123               0-7.22960149356-2        2.3368+0*
*       -2.14919082556-1               0
GRID*               1124               0 3.87220482935-1        3.4036+0*
*        8.68859667678-1               0
GRID*               1125               0-7.22960149356-2         2.286+0*
*       -2.14919082556-1               0
GRID*               1126               0 1.43371590573+0        3.2766+0*
*        1.13787786259+0               0
GRID*               1127               0-7.22960149356-2        2.2352+0*
*       -2.14919082556-1               0
GRID*               1128               0 1.43371590573+0        3.2258+0*
*        1.13787786259+0               0
GRID*               1129               0-7.22960149356-2        2.1844+0*
*       -2.14919082556-1               0
GRID*               1130               0 1.43371590573+0         3.175+0*
*        1.13787786259+0               0
GRID*               1131               0 1.63766958636+0        3.2258+0*
*        1.07002084808+0               0
GRID*               1132               0 1.63766958636+0         3.175+0*
*        1.07002084808+0               0
GRID*               1133               0 1.63766958636+0        3.1242+0*
*        1.07002084808+0               0
GRID*               1134               0 4.99396585342-1        3.2766+0*
*        9.57910742802-1               0
GRID*               1135               0 4.99396585342-1         3.429+0*
*        9.57910742802-1               0
GRID*               1136               0 6.64622795291-1        3.0734+0*
*         1.0542139669+0               0
GRID*               1137               0 1.99393595648-1        3.0988+0*
*        6.52828574991-1               0
GRID*               1138               0 1.84485269101+0         3.556+0*
*         9.5266485021-1               0
GRID*               1139               0 1.99393595648-1        3.2004+0*
*        6.52828574991-1               0
GRID*               1140               0        -1.778-1        3.2766+0*
*       -3.07958633586-1               0
GRID*               1141               0 1.84485269101+0        3.4798+0*
*         9.5266485021-1               0
GRID*               1142               0 1.19679576966+0          2.54+0*
*        1.16805489608+0               0
GRID*               1143               0 1.84485269101+0        3.4036+0*
*         9.5266485021-1               0
GRID*               1144               0 1.19679576966+0        2.4892+0*
*        1.16805489608+0               0
GRID*               1145               0 1.84485269101+0        3.3528+0*
*         9.5266485021-1               0
GRID*               1146               0 1.19679576966+0        2.4384+0*
*        1.16805489608+0               0
GRID*               1147               0 1.84485269101+0        3.3274+0*
*         9.5266485021-1               0
GRID*               1148               0 1.19679576966+0        2.3876+0*
*        1.16805489608+0               0
GRID*               1149               0 1.84485269101+0        3.2766+0*
*         9.5266485021-1               0
GRID*               1150               0 1.19679576966+0        2.3368+0*
*        1.16805489608+0               0
GRID*               1151               0 1.84485269101+0        3.2512+0*
*         9.5266485021-1               0
GRID*               1152               0 1.19679576966+0         2.286+0*
*        1.16805489608+0               0
GRID*               1153               0 1.84485269101+0        3.2004+0*
*         9.5266485021-1               0
GRID*               1154               0 1.19679576966+0        2.2352+0*
*        1.16805489608+0               0
GRID*               1155               0 1.84485269101+0         3.175+0*
*         9.5266485021-1               0
GRID*               1156               0 1.19679576966+0        2.1844+0*
*        1.16805489608+0               0
GRID*               1157               0 1.84485269101+0        3.1242+0*
*         9.5266485021-1               0
GRID*               1158               0 1.19679576966+0        2.1336+0*
*        1.16805489608+0               0
GRID*               1159               0 1.84485269101+0        3.0988+0*
*         9.5266485021-1               0
GRID*               1160               0 1.19679576966+0        2.0828+0*
*        1.16805489608+0               0
GRID*               1161               0 1.03022416015+0         3.048+0*
*        1.16020084351+0               0
GRID*               1162               0 1.19679576966+0         2.032+0*
*        1.16805489608+0               0
GRID*               1163               0        -1.778-1         3.302+0*
*       -3.07958633586-1               0
GRID*               1164               0        -1.778-1        3.3274+0*
*       -3.07958633586-1               0
GRID*               1165               0        -1.778-1        3.3528+0*
*       -3.07958633586-1               0
GRID*               1166               0        -1.778-1        3.3782+0*
*       -3.07958633586-1               0
GRID*               1167               0        -1.778-1        3.4036+0*
*       -3.07958633586-1               0
GRID*               1168               0        -1.778-1         3.429+0*
*       -3.07958633586-1               0
GRID*               1169               0        -1.778-1        3.4544+0*
*       -3.07958633586-1               0
GRID*               1170               0        -1.778-1        3.4798+0*
*       -3.07958633586-1               0
GRID*               1171               0        -1.778-1        3.5052+0*
*       -3.07958633586-1               0
GRID*               1172               0 1.84485269101+0         3.048+0*
*         9.5266485021-1               0
GRID*               1173               0        -1.778-1        3.5306+0*
*       -3.07958633586-1               0
GRID*               1174               0 1.14896415747+0          2.54+0*
*        1.16823833528+0               0
GRID*               1175               0 1.86247348722-1         3.556+0*
*        6.32878131703-1               0
GRID*               1176               0 1.14896415747+0        2.4892+0*
*        1.16823833528+0               0
GRID*               1177               0           0.0+0        3.0988+0*
*                  0.0+0               0
GRID*               1178               0 1.14896415747+0        2.4384+0*
*        1.16823833528+0               0
GRID*               1179               0           0.0+0        3.1242+0*
*                  0.0+0               0
GRID*               1180               0 1.14896415747+0        2.3876+0*
*        1.16823833528+0               0
GRID*               1181               0           0.0+0        3.1496+0*
*                  0.0+0               0
GRID*               1182               0 1.14896415747+0        2.3368+0*
*        1.16823833528+0               0
GRID        1183       0   0.0+0 3.175+0   0.0+0       0
GRID*               1184               0 1.14896415747+0         2.286+0*
*        1.16823833528+0               0
GRID*               1185               0           0.0+0        3.2004+0*
*                  0.0+0               0
GRID*               1186               0 1.14896415747+0        2.2352+0*
*        1.16823833528+0               0
GRID*               1187               0           0.0+0        3.2258+0*
*                  0.0+0               0
GRID*               1188               0 1.14896415747+0        2.1844+0*
*        1.16823833528+0               0
GRID*               1189               0           0.0+0        3.2512+0*
*                  0.0+0               0
GRID*               1190               0 1.14896415747+0        2.1336+0*
*        1.16823833528+0               0
GRID*               1191               0           0.0+0        3.2766+0*
*                  0.0+0               0
GRID*               1192               0 1.14896415747+0        2.0828+0*
*        1.16823833528+0               0
GRID*               1193               0 6.64622795291-1        3.4544+0*
*         1.0542139669+0               0
GRID*               1194               0 1.14896415747+0         2.032+0*
*        1.16823833528+0               0
GRID*               1195               0 1.22078301897+0        3.5306+0*
*        1.16722516222+0               0
GRID*               1196               0 4.99396585342-1        3.3274+0*
*        9.57910742802-1               0
GRID*               1197               0 5.39422393738-1        3.3782+0*
*        9.84655132938-1               0
GRID*               1198               0 5.39422393738-1        3.4036+0*
*        9.84655132938-1               0
GRID*               1199               0 5.39422393738-1         3.429+0*
*        9.84655132938-1               0
GRID*               1200               0 5.39422393738-1        3.4544+0*
*        9.84655132938-1               0
GRID*               1201               0 5.39422393738-1        3.4798+0*
*        9.84655132938-1               0
GRID*               1202               0 5.39422393738-1        3.5052+0*
*        9.84655132938-1               0
GRID*               1203               0 5.39422393738-1        3.5306+0*
*        9.84655132938-1               0
GRID        1204       0   0.0+0 3.302+0   0.0+0       0
GRID*               1205               0 5.39422393738-1         3.556+0*
*        9.84655132938-1               0
GRID*               1206               0 1.10132467427+0          2.54+0*
*        1.16647308614+0               0
GRID*               1207               0 8.19829868601-1        3.3274+0*
*        1.11519389502+0               0
GRID*               1208               0 1.10132467427+0        2.4892+0*
*        1.16647308614+0               0
GRID*               1209               0 8.89309173292-1         3.556+0*
*        1.13457783799+0               0
GRID*               1210               0 1.10132467427+0        2.4384+0*
*        1.16647308614+0               0
GRID*               1211               0 8.89309173292-1        3.5052+0*
*        1.13457783799+0               0
GRID*               1212               0 1.10132467427+0        2.3876+0*
*        1.16647308614+0               0
GRID*               1213               0 1.12512038638+0        3.0734+0*
*        1.16759814793+0               0
GRID*               1214               0 1.10132467427+0        2.3368+0*
*        1.16647308614+0               0
GRID*               1215               0 8.19829868601-1        3.4544+0*
*        1.11519389502+0               0
GRID*               1216               0 1.10132467427+0         2.286+0*
*        1.16647308614+0               0
GRID*               1217               0 8.19829868601-1        3.3528+0*
*        1.11519389502+0               0
GRID*               1218               0 1.10132467427+0        2.2352+0*
*        1.16647308614+0               0
GRID*               1219               0 8.19829868601-1        3.1496+0*
*        1.11519389502+0               0
GRID*               1220               0 1.10132467427+0        2.1844+0*
*        1.16647308614+0               0
GRID*               1221               0 6.64622795291-1         3.302+0*
*         1.0542139669+0               0
GRID*               1222               0 1.10132467427+0        2.1336+0*
*        1.16647308614+0               0
GRID*               1223               0 8.89309173292-1        3.5306+0*
*        1.13457783799+0               0
GRID*               1224               0 1.10132467427+0        2.0828+0*
*        1.16647308614+0               0
GRID*               1225               0 1.63766958636+0        3.0734+0*
*        1.07002084808+0               0
GRID*               1226               0 1.10132467427+0         2.032+0*
*        1.16647308614+0               0
GRID*               1227               0           0.0+0        3.3274+0*
*                  0.0+0               0
GRID*               1228               0           0.0+0        3.3528+0*
*                  0.0+0               0
GRID*               1229               0           0.0+0        3.3782+0*
*                  0.0+0               0
GRID*               1230               0           0.0+0        3.4036+0*
*                  0.0+0               0
GRID        1231       0   0.0+0 3.429+0   0.0+0       0
GRID*               1232               0           0.0+0        3.4544+0*
*                  0.0+0               0
GRID*               1233               0           0.0+0        3.4798+0*
*                  0.0+0               0
GRID*               1234               0           0.0+0        3.5052+0*
*                  0.0+0               0
GRID*               1235               0           0.0+0        3.5306+0*
*                  0.0+0               0
GRID*               1236               0 2.87018707004-1         3.175+0*
*        7.67023843408-1               0
GRID*               1237               0 2.12973692773-1        3.2004+0*
*        6.72546750389-1               0
GRID*               1238               0 1.05387677324+0          2.54+0*
*        1.16277383464+0               0
GRID*               1239               0 2.87018707004-1        3.2766+0*
*        7.67023843408-1               0
GRID*               1240               0 1.05387677324+0        2.4892+0*
*        1.16277383464+0               0
GRID*               1241               0 2.87018707004-1        3.3782+0*
*        7.67023843408-1               0
GRID*               1242               0 1.05387677324+0        2.4384+0*
*        1.16277383464+0               0
GRID*               1243               0 2.87018707004-1        3.4798+0*
*        7.67023843408-1               0
GRID*               1244               0 1.05387677324+0        2.3876+0*
*        1.16277383464+0               0
GRID*               1245               0 8.89309173292-1         3.429+0*
*        1.13457783799+0               0
GRID*               1246               0 1.05387677324+0        2.3368+0*
*        1.16277383464+0               0
GRID*               1247               0 6.64622795291-1        3.5306+0*
*         1.0542139669+0               0
GRID*               1248               0 1.05387677324+0         2.286+0*
*        1.16277383464+0               0
GRID*               1249               0 1.61552732238+0        3.5306+0*
*        1.07946084579+0               0
GRID*               1250               0 1.05387677324+0        2.2352+0*
*        1.16277383464+0               0
GRID*               1251               0 1.61552732238+0        3.4798+0*
*        1.07946084579+0               0
GRID*               1252               0 1.05387677324+0        2.1844+0*
*        1.16277383464+0               0
GRID*               1253               0 1.61552732238+0         3.429+0*
*        1.07946084579+0               0
GRID*               1254               0 1.05387677324+0        2.1336+0*
*        1.16277383464+0               0
GRID*               1255               0 1.61552732238+0        3.3782+0*
*        1.07946084579+0               0
GRID*               1256               0 1.05387677324+0        2.0828+0*
*        1.16277383464+0               0
GRID*               1257               0 2.47943089322-4        3.0734+0*
*         2.4069315224-2               0
GRID*               1258               0 1.05387677324+0         2.032+0*
*        1.16277383464+0               0
GRID*               1259               0 2.87018707004-1        3.2258+0*
*        7.67023843408-1               0
GRID*               1260               0 2.87018707004-1        3.3274+0*
*        7.67023843408-1               0
GRID*               1261               0 2.87018707004-1         3.429+0*
*        7.67023843408-1               0
GRID*               1262               0 2.87018707004-1        3.5306+0*
*        7.67023843408-1               0
GRID*               1263               0 8.19829868601-1         3.302+0*
*        1.11519389502+0               0
GRID*               1264               0 1.41049147286+0         3.556+0*
*        1.14304430307+0               0
GRID*               1265               0 1.61552732238+0        3.5052+0*
*        1.07946084579+0               0
GRID*               1266               0 1.61552732238+0        3.4544+0*
*        1.07946084579+0               0
GRID*               1267               0 1.61552732238+0        3.4036+0*
*        1.07946084579+0               0
GRID*               1268               0 1.61552732238+0        3.3528+0*
*        1.07946084579+0               0
GRID*               1269               0 2.47943089322-4         3.048+0*
*         2.4069315224-2               0
GRID*               1270               0 1.00661888216+0          2.54+0*
*        1.15714537976+0               0
GRID*               1271               0 2.47943089322-4        3.0988+0*
*         2.4069315224-2               0
GRID*               1272               0 1.00661888216+0        2.4892+0*
*        1.15714537976+0               0
GRID*               1273               0 2.47943089322-4        3.1242+0*
*         2.4069315224-2               0
GRID*               1274               0 1.00661888216+0        2.4384+0*
*        1.15714537976+0               0
GRID*               1275               0 2.47943089322-4        3.1496+0*
*         2.4069315224-2               0
GRID*               1276               0 1.00661888216+0        2.3876+0*
*        1.15714537976+0               0
GRID*               1277               0 2.47943089322-4         3.175+0*
*         2.4069315224-2               0
GRID*               1278               0 1.00661888216+0        2.3368+0*
*        1.15714537976+0               0
GRID*               1279               0 2.47943089322-4        3.2004+0*
*         2.4069315224-2               0
GRID*               1280               0 1.00661888216+0         2.286+0*
*        1.15714537976+0               0
GRID*               1281               0 2.47943089322-4        3.2258+0*
*         2.4069315224-2               0
GRID*               1282               0 1.00661888216+0        2.2352+0*
*        1.15714537976+0               0
GRID*               1283               0 2.47943089322-4        3.2512+0*
*         2.4069315224-2               0
GRID*               1284               0 1.00661888216+0        2.1844+0*
*        1.15714537976+0               0
GRID*               1285               0 2.47943089322-4        3.2766+0*
*         2.4069315224-2               0
GRID*               1286               0 1.00661888216+0        2.1336+0*
*        1.15714537976+0               0
GRID*               1287               0 2.47943089322-4         3.302+0*
*         2.4069315224-2               0
GRID*               1288               0 1.00661888216+0        2.0828+0*
*        1.15714537976+0               0
GRID*               1289               0 6.64622795291-1        3.4036+0*
*         1.0542139669+0               0
GRID*               1290               0 1.00661888216+0         2.032+0*
*        1.15714537976+0               0
GRID*               1291               0 1.63766958636+0         3.048+0*
*        1.07002084808+0               0
GRID*               1292               0 2.87018707004-1        3.2512+0*
*        7.67023843408-1               0
GRID*               1293               0 2.87018707004-1         3.302+0*
*        7.67023843408-1               0
GRID*               1294               0 2.87018707004-1        3.3528+0*
*        7.67023843408-1               0
GRID*               1295               0 2.87018707004-1        3.4036+0*
*        7.67023843408-1               0
GRID*               1296               0 2.87018707004-1        3.4544+0*
*        7.67023843408-1               0
GRID*               1297               0 2.87018707004-1        3.5052+0*
*        7.67023843408-1               0
GRID*               1298               0 2.87018707004-1         3.556+0*
*        7.67023843408-1               0
GRID*               1299               0 8.19829868601-1        3.4036+0*
*        1.11519389502+0               0
GRID*               1300               0 2.47943089322-4        3.3274+0*
*         2.4069315224-2               0
GRID*               1301               0 6.64622795291-1        3.2004+0*
*         1.0542139669+0               0
GRID*               1302               0 9.59550395243-1          2.54+0*
*        1.14958270803+0               0
GRID*               1303               0 8.89309173292-1        3.3782+0*
*        1.13457783799+0               0
GRID*               1304               0 9.59550395243-1        2.4892+0*
*        1.14958270803+0               0
GRID*               1305               0 8.89309173292-1        3.2766+0*
*        1.13457783799+0               0
GRID*               1306               0 9.59550395243-1        2.4384+0*
*        1.14958270803+0               0
GRID*               1307               0 8.89309173292-1         3.175+0*
*        1.13457783799+0               0
GRID*               1308               0 9.59550395243-1        2.3876+0*
*        1.14958270803+0               0
GRID*               1309               0 6.64622795291-1         3.556+0*
*         1.0542139669+0               0
GRID*               1310               0 9.59550395243-1        2.3368+0*
*        1.14958270803+0               0
GRID*               1311               0 3.02886856346-1         3.048+0*
*        7.84885697514-1               0
GRID*               1312               0 9.59550395243-1         2.286+0*
*        1.14958270803+0               0
GRID*               1313               0 3.02886856346-1        3.0734+0*
*        7.84885697514-1               0
GRID*               1314               0 9.59550395243-1        2.2352+0*
*        1.14958270803+0               0
GRID*               1315               0 3.02886856346-1        3.0988+0*
*        7.84885697514-1               0
GRID*               1316               0 9.59550395243-1        2.1844+0*
*        1.14958270803+0               0
GRID*               1317               0 3.02886856346-1        3.1242+0*
*        7.84885697514-1               0
GRID*               1318               0 9.59550395243-1        2.1336+0*
*        1.14958270803+0               0
GRID*               1319               0 3.02886856346-1        3.1496+0*
*        7.84885697514-1               0
GRID*               1320               0 9.59550395243-1        2.0828+0*
*        1.14958270803+0               0
GRID*               1321               0 1.61552732238+0        3.2512+0*
*        1.07946084579+0               0
GRID*               1322               0 9.59550395243-1         2.032+0*
*        1.14958270803+0               0
GRID*               1323               0 2.47943089322-4        3.3528+0*
*         2.4069315224-2               0
GRID*               1324               0 2.47943089322-4        3.3782+0*
*         2.4069315224-2               0
GRID*               1325               0 2.47943089322-4        3.4036+0*
*         2.4069315224-2               0
GRID*               1326               0 2.47943089322-4         3.429+0*
*         2.4069315224-2               0
GRID*               1327               0 2.47943089322-4        3.4544+0*
*         2.4069315224-2               0
GRID*               1328               0 2.47943089322-4        3.4798+0*
*         2.4069315224-2               0
GRID*               1329               0 2.47943089322-4        3.5052+0*
*         2.4069315224-2               0
GRID*               1330               0 2.47943089322-4        3.5306+0*
*         2.4069315224-2               0
GRID*               1331               0 2.47943089322-4         3.556+0*
*         2.4069315224-2               0
GRID*               1332               0 1.61552732238+0        3.2766+0*
*        1.07946084579+0               0
GRID*               1333               0 1.61552732238+0         3.302+0*
*        1.07946084579+0               0
GRID*               1334               0 9.12673641281-1          2.54+0*
*        1.14007130893+0               0
GRID*               1335               0 1.61552732238+0        3.2004+0*
*        1.07946084579+0               0
GRID*               1336               0 9.12673641281-1        2.4892+0*
*        1.14007130893+0               0
GRID*               1337               0 1.61552732238+0        3.1496+0*
*        1.07946084579+0               0
GRID*               1338               0 9.12673641281-1        2.4384+0*
*        1.14007130893+0               0
GRID*               1339               0 1.61552732238+0        3.0988+0*
*        1.07946084579+0               0
GRID*               1340               0 9.12673641281-1        2.3876+0*
*        1.14007130893+0               0
GRID*               1341               0-1.01978887551-1        3.3782+0*
*       -2.49254270415-1               0
GRID*               1342               0 9.12673641281-1        2.3368+0*
*        1.14007130893+0               0
GRID*               1343               0 1.80546985577+0        3.2512+0*
*        9.79438900018-1               0
GRID*               1344               0 9.12673641281-1         2.286+0*
*        1.14007130893+0               0
GRID*               1345               0 1.80546985577+0         3.302+0*
*        9.79438900018-1               0
GRID*               1346               0 9.12673641281-1        2.2352+0*
*        1.14007130893+0               0
GRID*               1347               0 1.80546985577+0        3.3528+0*
*        9.79438900018-1               0
GRID*               1348               0 9.12673641281-1        2.1844+0*
*        1.14007130893+0               0
GRID*               1349               0 1.80546985577+0        3.4036+0*
*        9.79438900018-1               0
GRID*               1350               0 9.12673641281-1        2.1336+0*
*        1.14007130893+0               0
GRID*               1351               0 9.88826917476-4        3.0734+0*
*        4.80594731774-2               0
GRID*               1352               0 9.12673641281-1        2.0828+0*
*        1.14007130893+0               0
GRID*               1353               0 1.61552732238+0        3.3274+0*
*        1.07946084579+0               0
GRID*               1354               0 9.12673641281-1         2.032+0*
*        1.14007130893+0               0
GRID*               1355               0 1.61552732238+0        3.2258+0*
*        1.07946084579+0               0
GRID*               1356               0 1.61552732238+0         3.175+0*
*        1.07946084579+0               0
GRID*               1357               0 1.61552732238+0        3.1242+0*
*        1.07946084579+0               0
GRID*               1358               0 1.80546985577+0         3.175+0*
*        9.79438900018-1               0
GRID*               1359               0 1.80546985577+0        3.2258+0*
*        9.79438900018-1               0
GRID*               1360               0 1.80546985577+0        3.2766+0*
*        9.79438900018-1               0
GRID*               1361               0 1.80546985577+0        3.3274+0*
*        9.79438900018-1               0
GRID*               1362               0 1.80546985577+0        3.3782+0*
*        9.79438900018-1               0
GRID*               1363               0 3.02886856346-1         3.175+0*
*        7.84885697514-1               0
GRID*               1364               0 9.88826917476-4         3.048+0*
*        4.80594731774-2               0
GRID*               1365               0 1.17285600828+0        3.0734+0*
*        1.16839150287+0               0
GRID*               1366               0 9.88826917476-4        3.0988+0*
*        4.80594731774-2               0
GRID*               1367               0 8.65995827702-1        2.4892+0*
*        1.12858773544+0               0
GRID*               1368               0 9.88826917476-4        3.1242+0*
*        4.80594731774-2               0
GRID*               1369               0 8.65995827702-1        2.4384+0*
*        1.12858773544+0               0
GRID*               1370               0 9.88826917476-4        3.1496+0*
*        4.80594731774-2               0
GRID*               1371               0 8.65995827702-1        2.3876+0*
*        1.12858773544+0               0
GRID*               1372               0 9.88826917476-4         3.175+0*
*        4.80594731774-2               0
GRID*               1373               0 8.65995827702-1        2.3368+0*
*        1.12858773544+0               0
GRID*               1374               0 9.88826917476-4        3.2004+0*
*        4.80594731774-2               0
GRID*               1375               0 8.65995827702-1         2.286+0*
*        1.12858773544+0               0
GRID*               1376               0 9.88826917476-4        3.2258+0*
*        4.80594731774-2               0
GRID*               1377               0 8.65995827702-1        2.2352+0*
*        1.12858773544+0               0
GRID*               1378               0 9.88826917476-4        3.2512+0*
*        4.80594731774-2               0
GRID*               1379               0 8.65995827702-1        2.1844+0*
*        1.12858773544+0               0
GRID*               1380               0 9.88826917476-4        3.2766+0*
*        4.80594731774-2               0
GRID*               1381               0 8.65995827702-1        2.1336+0*
*        1.12858773544+0               0
GRID*               1382               0-7.22960149356-2        2.1336+0*
*       -2.14919082556-1               0
GRID*               1383               0 1.43371590573+0        3.1242+0*
*        1.13787786259+0               0
GRID*               1384               0-7.22960149356-2        2.0828+0*
*       -2.14919082556-1               0
GRID*               1385               0 1.43371590573+0         3.048+0*
*        1.13787786259+0               0
GRID*               1386               0-7.22960149356-2         2.032+0*
*       -2.14919082556-1               0
GRID*               1387               0 4.74949753381-2        3.4544+0*
*        3.29743060105-1               0
GRID*               1388               0 4.74949753381-2        3.4798+0*
*        3.29743060105-1               0
GRID*               1389               0 4.74949753381-2        3.5052+0*
*        3.29743060105-1               0
GRID*               1390               0 4.74949753381-2        3.5306+0*
*        3.29743060105-1               0
GRID*               1391               0 4.74949753381-2         3.556+0*
*        3.29743060105-1               0
GRID*               1392               0 1.43371590573+0         3.302+0*
*        1.13787786259+0               0
GRID*               1393               0 1.43371590573+0        3.2512+0*
*        1.13787786259+0               0
GRID*               1394               0 1.43371590573+0        3.2004+0*
*        1.13787786259+0               0
GRID*               1395               0 1.43371590573+0        3.1496+0*
*        1.13787786259+0               0
GRID*               1396               0 1.43371590573+0        3.0734+0*
*        1.13787786259+0               0
GRID*               1397               0 1.43371590573+0        3.0988+0*
*        1.13787786259+0               0
GRID*               1398               0-1.01978887551-1          2.54+0*
*       -2.49254270415-1               0
GRID*               1399               0 6.01112765733-1         3.048+0*
*        1.02144199729+0               0
GRID*               1400               0-1.01978887551-1        2.4892+0*
*       -2.49254270415-1               0
GRID*               1401               0 3.02886856346-1        3.2004+0*
*        7.84885697514-1               0
GRID*               1402               0 3.02886856346-1        3.2258+0*
*        7.84885697514-1               0
GRID*               1403               0 3.02886856346-1        3.2512+0*
*        7.84885697514-1               0
GRID*               1404               0 3.02886856346-1        3.2766+0*
*        7.84885697514-1               0
GRID*               1405               0 3.02886856346-1         3.302+0*
*        7.84885697514-1               0
GRID*               1406               0 3.02886856346-1        3.3274+0*
*        7.84885697514-1               0
GRID*               1407               0 3.02886856346-1        3.3528+0*
*        7.84885697514-1               0
GRID*               1408               0 3.02886856346-1        3.3782+0*
*        7.84885697514-1               0
GRID*               1409               0-1.01978887551-1         3.429+0*
*       -2.49254270415-1               0
GRID*               1410               0 9.88826917476-4        3.3274+0*
*        4.80594731774-2               0
GRID*               1411               0-1.01978887551-1        3.4036+0*
*       -2.49254270415-1               0
GRID*               1412               0 8.19829868601-1          2.54+0*
*        1.11519389502+0               0
GRID*               1413               0-1.01978887551-1        3.3528+0*
*       -2.49254270415-1               0
GRID*               1414               0 8.19829868601-1        2.4892+0*
*        1.11519389502+0               0
GRID*               1415               0-1.01978887551-1        3.3274+0*
*       -2.49254270415-1               0
GRID*               1416               0 8.19829868601-1        2.4384+0*
*        1.11519389502+0               0
GRID*               1417               0-1.01978887551-1         3.302+0*
*       -2.49254270415-1               0
GRID*               1418               0 8.19829868601-1        2.3876+0*
*        1.11519389502+0               0
GRID*               1419               0-1.01978887551-1        3.2766+0*
*       -2.49254270415-1               0
GRID*               1420               0 8.19829868601-1        2.3368+0*
*        1.11519389502+0               0
GRID*               1421               0-1.01978887551-1        3.2512+0*
*       -2.49254270415-1               0
GRID*               1422               0 8.19829868601-1         2.286+0*
*        1.11519389502+0               0
GRID*               1423               0-1.01978887551-1        3.2258+0*
*       -2.49254270415-1               0
GRID*               1424               0 8.19829868601-1        2.2352+0*
*        1.11519389502+0               0
GRID*               1425               0-1.01978887551-1        3.2004+0*
*       -2.49254270415-1               0
GRID*               1426               0 8.19829868601-1        2.1844+0*
*        1.11519389502+0               0
GRID*               1427               0-1.01978887551-1         3.175+0*
*       -2.49254270415-1               0
GRID*               1428               0 8.19829868601-1        2.1336+0*
*        1.11519389502+0               0
GRID*               1429               0 1.80546985577+0         3.429+0*
*        9.79438900018-1               0
GRID*               1430               0 8.19829868601-1        2.0828+0*
*        1.11519389502+0               0
GRID*               1431               0-1.01978887551-1        3.0988+0*
*       -2.49254270415-1               0
GRID*               1432               0 8.19829868601-1         2.032+0*
*        1.11519389502+0               0
GRID*               1433               0 9.88826917476-4        3.3528+0*
*        4.80594731774-2               0
GRID*               1434               0 9.88826917476-4        3.3782+0*
*        4.80594731774-2               0
GRID*               1435               0 9.88826917476-4        3.4036+0*
*        4.80594731774-2               0
GRID*               1436               0 9.88826917476-4         3.429+0*
*        4.80594731774-2               0
GRID*               1437               0 9.88826917476-4        3.4544+0*
*        4.80594731774-2               0
GRID*               1438               0 9.88826917476-4        3.4798+0*
*        4.80594731774-2               0
GRID*               1439               0 9.88826917476-4        3.5052+0*
*        4.80594731774-2               0
GRID*               1440               0 9.88826917476-4        3.5306+0*
*        4.80594731774-2               0
GRID*               1441               0 9.88826917476-4         3.556+0*
*        4.80594731774-2               0
GRID*               1442               0-1.01978887551-1        3.1242+0*
*       -2.49254270415-1               0
GRID*               1443               0-1.01978887551-1        3.1496+0*
*       -2.49254270415-1               0
GRID*               1444               0 7.74477709277-1          2.54+0*
*        1.09999263128+0               0
GRID*               1445               0-1.01978887551-1         3.048+0*
*       -2.49254270415-1               0
GRID*               1446               0 7.74477709277-1        2.4892+0*
*        1.09999263128+0               0
GRID*               1447               0 1.80546985577+0        3.1242+0*
*        9.79438900018-1               0
GRID*               1448               0 7.74477709277-1        2.4384+0*
*        1.09999263128+0               0
GRID*               1449               0  1.8252893891+0         3.302+0*
*        9.66258190388-1               0
GRID*               1450               0 7.74477709277-1        2.3876+0*
*        1.09999263128+0               0
GRID*               1451               0 6.64622795291-1        3.5052+0*
*         1.0542139669+0               0
GRID*               1452               0 7.74477709277-1        2.3368+0*
*        1.09999263128+0               0
GRID*               1453               0 8.19829868601-1        3.3782+0*
*        1.11519389502+0               0
GRID*               1454               0 7.74477709277-1         2.286+0*
*        1.09999263128+0               0
GRID*               1455               0 6.64622795291-1        3.2512+0*
*         1.0542139669+0               0
GRID*               1456               0 7.74477709277-1        2.2352+0*
*        1.09999263128+0               0
GRID*               1457               0 8.89309173292-1        3.4544+0*
*        1.13457783799+0               0
GRID*               1458               0 7.74477709277-1        2.1844+0*
*        1.09999263128+0               0
GRID*               1459               0 3.02886856346-1         3.429+0*
*        7.84885697514-1               0
GRID*               1460               0 7.74477709277-1        2.1336+0*
*        1.09999263128+0               0
GRID*               1461               0  2.2186761345-3         3.048+0*
*        7.19699928255-2               0
GRID*               1462               0 7.74477709277-1        2.0828+0*
*        1.09999263128+0               0
GRID*               1463               0 1.80546985577+0        3.4798+0*
*        9.79438900018-1               0
GRID*               1464               0 7.74477709277-1         2.032+0*
*        1.09999263128+0               0
GRID*               1465               0-1.01978887551-1        3.0734+0*
*       -2.49254270415-1               0
GRID*               1466               0 1.80546985577+0        3.0734+0*
*        9.79438900018-1               0
GRID*               1467               0   8.428108269-1        3.0734+0*
*        1.12211864362+0               0
GRID*               1468               0 8.89309173292-1        3.3274+0*
*        1.13457783799+0               0
GRID*               1469               0 1.12512038638+0         3.048+0*
*        1.16759814793+0               0
GRID*               1470               0 8.19829868601-1        3.2512+0*
*        1.11519389502+0               0
GRID*               1471               0 6.64622795291-1        3.4798+0*
*         1.0542139669+0               0
GRID*               1472               0 1.10132467427+0        3.5306+0*
*        1.16647308614+0               0
GRID*               1473               0 1.59319529097+0         3.556+0*
*        1.08844270441+0               0
GRID*               1474               0  2.2186761345-3        3.0734+0*
*        7.19699928255-2               0
GRID*               1475               0 1.80546985577+0        3.4544+0*
*        9.79438900018-1               0
GRID*               1476               0 7.29933868022-1          2.54+0*
*        1.08300785367+0               0
GRID*               1477               0 1.80546985577+0        3.5052+0*
*        9.79438900018-1               0
GRID*               1478               0 7.29933868022-1        2.4892+0*
*        1.08300785367+0               0
GRID*               1479               0 2.12973692773-1         3.429+0*
*        6.72546750389-1               0
GRID*               1480               0 7.29933868022-1        2.4384+0*
*        1.08300785367+0               0
GRID*               1481               0 1.80546985577+0         3.048+0*
*        9.79438900018-1               0
GRID*               1482               0 7.29933868022-1        2.3876+0*
*        1.08300785367+0               0
GRID*               1483               0 1.80546985577+0        3.0988+0*
*        9.79438900018-1               0
GRID*               1484               0 7.29933868022-1        2.3368+0*
*        1.08300785367+0               0
GRID*               1485               0 1.80546985577+0        3.1496+0*
*        9.79438900018-1               0
GRID*               1486               0 7.29933868022-1         2.286+0*
*        1.08300785367+0               0
GRID*               1487               0 1.22078301897+0         3.175+0*
*        1.16722516222+0               0
GRID*               1488               0 7.29933868022-1        2.2352+0*
*        1.08300785367+0               0
GRID*               1489               0 8.89309173292-1        3.4798+0*
*        1.13457783799+0               0
GRID*               1490               0 7.29933868022-1        2.1844+0*
*        1.08300785367+0               0
GRID*               1491               0 1.10132467427+0        3.4544+0*
*        1.16647308614+0               0
GRID*               1492               0 7.29933868022-1        2.1336+0*
*        1.08300785367+0               0
GRID*               1493               0 8.19829868601-1        3.2766+0*
*        1.11519389502+0               0
GRID*               1494               0 7.29933868022-1        2.0828+0*
*        1.08300785367+0               0
GRID*               1495               0  2.2186761345-3        3.3528+0*
*        7.19699928255-2               0
GRID*               1496               0 7.29933868022-1         2.032+0*
*        1.08300785367+0               0
GRID*               1497               0  2.2186761345-3        3.0988+0*
*        7.19699928255-2               0
GRID*               1498               0  2.2186761345-3        3.1242+0*
*        7.19699928255-2               0
GRID*               1499               0  2.2186761345-3        3.1496+0*
*        7.19699928255-2               0
GRID*               1500               0  2.2186761345-3         3.175+0*
*        7.19699928255-2               0
GRID*               1501               0  2.2186761345-3        3.2004+0*
*        7.19699928255-2               0
GRID*               1502               0  2.2186761345-3        3.2258+0*
*        7.19699928255-2               0
GRID*               1503               0  2.2186761345-3        3.2512+0*
*        7.19699928255-2               0
GRID*               1504               0  2.2186761345-3        3.2766+0*
*        7.19699928255-2               0
GRID*               1505               0  2.2186761345-3         3.302+0*
*        7.19699928255-2               0
GRID*               1506               0 8.19829868601-1         3.429+0*
*        1.11519389502+0               0
GRID*               1507               0  2.2186761345-3        3.3274+0*
*        7.19699928255-2               0
GRID*               1508               0 6.86193106377-1          2.54+0*
*        1.06425329304+0               0
GRID*               1509               0  2.2186761345-3        3.3782+0*
*        7.19699928255-2               0
GRID*               1510               0 6.86193106377-1        2.4892+0*
*        1.06425329304+0               0
GRID*               1511               0  2.2186761345-3        3.4036+0*
*        7.19699928255-2               0
GRID*               1512               0 6.86193106377-1        2.4384+0*
*        1.06425329304+0               0
GRID*               1513               0  2.2186761345-3         3.429+0*
*        7.19699928255-2               0
GRID*               1514               0 6.86193106377-1        2.3876+0*
*        1.06425329304+0               0
GRID*               1515               0  2.2186761345-3        3.4544+0*
*        7.19699928255-2               0
GRID*               1516               0 6.86193106377-1        2.3368+0*
*        1.06425329304+0               0
GRID*               1517               0  2.2186761345-3        3.4798+0*
*        7.19699928255-2               0
GRID*               1518               0 6.86193106377-1         2.286+0*
*        1.06425329304+0               0
GRID*               1519               0  2.2186761345-3        3.5052+0*
*        7.19699928255-2               0
GRID*               1520               0 6.86193106377-1        2.2352+0*
*        1.06425329304+0               0
GRID*               1521               0  2.2186761345-3        3.5306+0*
*        7.19699928255-2               0
GRID*               1522               0 6.86193106377-1        2.1844+0*
*        1.06425329304+0               0
GRID*               1523               0  2.2186761345-3         3.556+0*
*        7.19699928255-2               0
GRID*               1524               0 6.86193106377-1        2.1336+0*
*        1.06425329304+0               0
GRID*               1525               0 1.59319529097+0        3.5306+0*
*        1.08844270441+0               0
GRID*               1526               0 6.86193106377-1        2.0828+0*
*        1.06425329304+0               0
GRID*               1527               0 8.19829868601-1        3.2004+0*
*        1.11519389502+0               0
GRID*               1528               0 6.86193106377-1         2.032+0*
*        1.06425329304+0               0
GRID*               1529               0 7.29933868022-1        3.0734+0*
*        1.08300785367+0               0
GRID*               1530               0 6.64622795291-1        3.1496+0*
*         1.0542139669+0               0
GRID*               1531               0 6.64622795291-1        3.3528+0*
*         1.0542139669+0               0
GRID*               1532               0 8.19829868601-1         3.175+0*
*        1.11519389502+0               0
GRID*               1533               0 1.10132467427+0         3.556+0*
*        1.16647308614+0               0
GRID*               1534               0 1.10132467427+0        3.5052+0*
*        1.16647308614+0               0
GRID*               1535               0 1.10132467427+0        3.4798+0*
*        1.16647308614+0               0
GRID*               1536               0 1.10132467427+0         3.429+0*
*        1.16647308614+0               0
GRID*               1537               0 1.10132467427+0        3.4036+0*
*        1.16647308614+0               0
GRID*               1538               0 1.10132467427+0        3.3528+0*
*        1.16647308614+0               0
GRID*               1539               0 1.10132467427+0        3.3782+0*
*        1.16647308614+0               0
GRID*               1540               0 6.43252392982-1          2.54+0*
*        1.04373298829+0               0
GRID*               1541               0 1.10132467427+0        3.2512+0*
*        1.16647308614+0               0
GRID*               1542               0 6.43252392982-1        2.4892+0*
*        1.04373298829+0               0
GRID*               1543               0 1.10132467427+0        3.1496+0*
*        1.16647308614+0               0
GRID*               1544               0 6.43252392982-1        2.4384+0*
*        1.04373298829+0               0
GRID*               1545               0 1.10132467427+0         3.048+0*
*        1.16647308614+0               0
GRID*               1546               0 6.43252392982-1        2.3876+0*
*        1.04373298829+0               0
GRID*               1547               0 5.59781094071-1        3.0988+0*
*        9.97367328193-1               0
GRID*               1548               0 6.43252392982-1        2.3368+0*
*        1.04373298829+0               0
GRID*               1549               0 5.59781094071-1         3.302+0*
*        9.97367328193-1               0
GRID*               1550               0 6.43252392982-1         2.286+0*
*        1.04373298829+0               0
GRID*               1551               0 8.19829868601-1         3.048+0*
*        1.11519389502+0               0
GRID*               1552               0 6.43252392982-1        2.2352+0*
*        1.04373298829+0               0
GRID*               1553               0 7.74477709277-1        3.3782+0*
*        1.09999263128+0               0
GRID*               1554               0 6.43252392982-1        2.1844+0*
*        1.04373298829+0               0
GRID*               1555               0 3.02886856346-1        3.4544+0*
*        7.84885697514-1               0
GRID*               1556               0 6.43252392982-1        2.1336+0*
*        1.04373298829+0               0
GRID*               1557               0 1.59319529097+0        3.5052+0*
*        1.08844270441+0               0
GRID*               1558               0 6.43252392982-1        2.0828+0*
*        1.04373298829+0               0
GRID*               1559               0 3.93411758895-3        3.0988+0*
*         9.5800671713-2               0
GRID*               1560               0 6.43252392982-1         2.032+0*
*        1.04373298829+0               0
GRID*               1561               0 1.10132467427+0         3.302+0*
*        1.16647308614+0               0
GRID*               1562               0 1.10132467427+0        3.2004+0*
*        1.16647308614+0               0
GRID*               1563               0 1.10132467427+0        3.0988+0*
*        1.16647308614+0               0
GRID*               1564               0 8.89309173292-1        3.2512+0*
*        1.13457783799+0               0
GRID*               1565               0 5.59781094071-1        3.2004+0*
*        9.97367328193-1               0
GRID*               1566               0 1.10132467427+0        3.3274+0*
*        1.16647308614+0               0
GRID*               1567               0 1.10132467427+0        3.2766+0*
*        1.16647308614+0               0
GRID*               1568               0 3.19089465367-1         3.175+0*
*        8.02390288926-1               0
GRID*               1569               0 3.93411758895-3         3.048+0*
*         9.5800671713-2               0
GRID*               1570               0 1.59319529097+0        3.4798+0*
*        1.08844270441+0               0
GRID*               1571               0 3.93411758895-3        3.0734+0*
*         9.5800671713-2               0
GRID*               1572               0 6.01112765733-1          2.54+0*
*        1.02144199729+0               0
GRID*               1573               0 3.93411758895-3        3.1242+0*
*         9.5800671713-2               0
GRID*               1574               0 6.01112765733-1        2.4892+0*
*        1.02144199729+0               0
GRID*               1575               0 3.93411758895-3        3.1496+0*
*         9.5800671713-2               0
GRID*               1576               0 6.01112765733-1        2.4384+0*
*        1.02144199729+0               0
GRID*               1577               0 3.93411758895-3         3.175+0*
*         9.5800671713-2               0
GRID*               1578               0 6.01112765733-1        2.3876+0*
*        1.02144199729+0               0
GRID*               1579               0 3.93411758895-3        3.2004+0*
*         9.5800671713-2               0
GRID*               1580               0 6.01112765733-1        2.3368+0*
*        1.02144199729+0               0
GRID*               1581               0 3.93411758895-3        3.2258+0*
*         9.5800671713-2               0
GRID*               1582               0 6.01112765733-1         2.286+0*
*        1.02144199729+0               0
GRID*               1583               0 3.93411758895-3        3.2512+0*
*         9.5800671713-2               0
GRID*               1584               0 6.01112765733-1        2.2352+0*
*        1.02144199729+0               0
GRID*               1585               0 3.93411758895-3        3.2766+0*
*         9.5800671713-2               0
GRID*               1586               0 6.01112765733-1        2.1844+0*
*        1.02144199729+0               0
GRID*               1587               0 3.93411758895-3         3.302+0*
*         9.5800671713-2               0
GRID*               1588               0 6.01112765733-1        2.1336+0*
*        1.02144199729+0               0
GRID*               1589               0 3.93411758895-3        3.3274+0*
*         9.5800671713-2               0
GRID*               1590               0 6.01112765733-1        2.0828+0*
*        1.02144199729+0               0
GRID*               1591               0 3.93411758895-3        3.3782+0*
*         9.5800671713-2               0
GRID*               1592               0 6.01112765733-1         2.032+0*
*        1.02144199729+0               0
GRID*               1593               0 1.59319529097+0        3.4544+0*
*        1.08844270441+0               0
GRID*               1594               0 1.59319529097+0         3.429+0*
*        1.08844270441+0               0
GRID*               1595               0 1.59319529097+0        3.4036+0*
*        1.08844270441+0               0
GRID*               1596               0 1.59319529097+0        3.3782+0*
*        1.08844270441+0               0
GRID*               1597               0 1.59319529097+0        3.3528+0*
*        1.08844270441+0               0
GRID*               1598               0 1.59319529097+0        3.3274+0*
*        1.08844270441+0               0
GRID*               1599               0 1.59319529097+0         3.302+0*
*        1.08844270441+0               0
GRID*               1600               0 1.59319529097+0        3.2766+0*
*        1.08844270441+0               0
GRID*               1601               0 1.59319529097+0        3.2512+0*
*        1.08844270441+0               0
GRID*               1602               0 1.59319529097+0        3.2004+0*
*        1.08844270441+0               0
GRID*               1603               0 3.93411758895-3        3.3528+0*
*         9.5800671713-2               0
GRID*               1604               0 5.59781094071-1          2.54+0*
*        9.97367328193-1               0
GRID*               1605               0 3.93411758895-3        3.4036+0*
*         9.5800671713-2               0
GRID*               1606               0 5.59781094071-1        2.4892+0*
*        9.97367328193-1               0
GRID*               1607               0 3.93411758895-3         3.429+0*
*         9.5800671713-2               0
GRID*               1608               0 5.59781094071-1        2.4384+0*
*        9.97367328193-1               0
GRID*               1609               0 3.93411758895-3        3.4544+0*
*         9.5800671713-2               0
GRID*               1610               0 5.59781094071-1        2.3876+0*
*        9.97367328193-1               0
GRID*               1611               0 3.93411758895-3        3.4798+0*
*         9.5800671713-2               0
GRID*               1612               0 5.59781094071-1        2.3368+0*
*        9.97367328193-1               0
GRID*               1613               0 3.93411758895-3        3.5052+0*
*         9.5800671713-2               0
GRID*               1614               0 5.59781094071-1         2.286+0*
*        9.97367328193-1               0
GRID*               1615               0 3.93411758895-3        3.5306+0*
*         9.5800671713-2               0
GRID*               1616               0 5.59781094071-1        2.2352+0*
*        9.97367328193-1               0
GRID*               1617               0 3.93411758895-3         3.556+0*
*         9.5800671713-2               0
GRID*               1618               0 5.59781094071-1        2.1844+0*
*        9.97367328193-1               0
GRID*               1619               0 3.02886856346-1        3.5306+0*
*        7.84885697514-1               0
GRID*               1620               0 5.59781094071-1        2.1336+0*
*        9.97367328193-1               0
GRID*               1621               0 1.10132467427+0        3.1242+0*
*        1.16647308614+0               0
GRID*               1622               0 5.59781094071-1        2.0828+0*
*        9.97367328193-1               0
GRID*               1623               0 1.59319529097+0        3.2258+0*
*        1.08844270441+0               0
GRID*               1624               0 5.59781094071-1         2.032+0*
*        9.97367328193-1               0
GRID*               1625               0 1.59319529097+0         3.175+0*
*        1.08844270441+0               0
GRID*               1626               0 1.59319529097+0        3.1496+0*
*        1.08844270441+0               0
GRID*               1627               0 1.59319529097+0        3.1242+0*
*        1.08844270441+0               0
GRID*               1628               0 1.59319529097+0        3.0988+0*
*        1.08844270441+0               0
GRID*               1629               0 1.59319529097+0        3.0734+0*
*        1.08844270441+0               0
GRID*               1630               0 1.59319529097+0         3.048+0*
*        1.08844270441+0               0
GRID*               1631               0 3.02886856346-1        3.4798+0*
*        7.84885697514-1               0
GRID*               1632               0 3.02886856346-1         3.556+0*
*        7.84885697514-1               0
GRID*               1633               0 1.10132467427+0        3.2258+0*
*        1.16647308614+0               0
GRID*               1634               0 8.19829868601-1        3.0988+0*
*        1.11519389502+0               0
GRID*               1635               0 1.99393595648-1        3.4036+0*
*        6.52828574991-1               0
GRID*               1636               0 5.59781094071-1        3.1496+0*
*        9.97367328193-1               0
GRID*               1637               0  5.1927173974-1        2.4892+0*
*        9.71489095014-1               0
GRID*               1638               0 3.19089465367-1        3.0988+0*
*        8.02390288926-1               0
GRID*               1639               0  5.1927173974-1        2.4384+0*
*        9.71489095014-1               0
GRID*               1640               0 1.57074775108+0         3.556+0*
*        1.09693885299+0               0
GRID*               1641               0  5.1927173974-1        2.3876+0*
*        9.71489095014-1               0
GRID*               1642               0 1.57074775108+0        3.5052+0*
*        1.09693885299+0               0
GRID*               1643               0  5.1927173974-1        2.3368+0*
*        9.71489095014-1               0
GRID*               1644               0 1.57074775108+0        3.4544+0*
*        1.09693885299+0               0
GRID*               1645               0  5.1927173974-1         2.286+0*
*        9.71489095014-1               0
GRID*               1646               0 1.57074775108+0        3.4036+0*
*        1.09693885299+0               0
GRID*               1647               0  5.1927173974-1        2.2352+0*
*        9.71489095014-1               0
GRID*               1648               0 1.57074775108+0        3.3528+0*
*        1.09693885299+0               0
GRID*               1649               0  5.1927173974-1        2.1844+0*
*        9.71489095014-1               0
GRID*               1650               0 1.57074775108+0         3.302+0*
*        1.09693885299+0               0
GRID*               1651               0  5.1927173974-1        2.1336+0*
*        9.71489095014-1               0
GRID*               1652               0 6.01112765733-1        3.1496+0*
*        1.02144199729+0               0
GRID*               1653               0-1.01978887551-1        2.4384+0*
*       -2.49254270415-1               0
GRID*               1654               0 6.01112765733-1        3.2512+0*
*        1.02144199729+0               0
GRID*               1655               0-1.01978887551-1        2.3876+0*
*       -2.49254270415-1               0
GRID*               1656               0 6.01112765733-1        3.3528+0*
*        1.02144199729+0               0
GRID*               1657               0-1.01978887551-1        2.3368+0*
*       -2.49254270415-1               0
GRID*               1658               0 5.45047936638-2         3.048+0*
*        3.52698212784-1               0
GRID*               1659               0-1.01978887551-1         2.286+0*
*       -2.49254270415-1               0
GRID*               1660               0 5.45047936638-2        3.0734+0*
*        3.52698212784-1               0
GRID*               1661               0-1.01978887551-1        2.2352+0*
*       -2.49254270415-1               0
GRID*               1662               0 5.45047936638-2        3.0988+0*
*        3.52698212784-1               0
GRID*               1663               0-1.01978887551-1        2.1844+0*
*       -2.49254270415-1               0
GRID*               1664               0 5.45047936638-2        3.1242+0*
*        3.52698212784-1               0
GRID*               1665               0-1.01978887551-1        2.1336+0*
*       -2.49254270415-1               0
GRID*               1666               0 5.45047936638-2        3.1496+0*
*        3.52698212784-1               0
GRID*               1667               0-1.01978887551-1        2.0828+0*
*       -2.49254270415-1               0
GRID*               1668               0 5.45047936638-2        3.2004+0*
*        3.52698212784-1               0
GRID*               1669               0-1.01978887551-1         2.032+0*
*       -2.49254270415-1               0
GRID*               1670               0 -1.1881413614-1        3.1242+0*
*       -2.65299481108-1               0
GRID*               1671               0 7.29933868022-1        3.1496+0*
*        1.08300785367+0               0
GRID*               1672               0 3.19089465367-1         3.048+0*
*        8.02390288926-1               0
GRID*               1673               0 7.29933868022-1        3.4798+0*
*        1.08300785367+0               0
GRID*               1674               0 1.57074775108+0        3.5306+0*
*        1.09693885299+0               0
GRID*               1675               0 1.57074775108+0        3.4798+0*
*        1.09693885299+0               0
GRID*               1676               0 1.57074775108+0         3.429+0*
*        1.09693885299+0               0
GRID*               1677               0 1.57074775108+0        3.3782+0*
*        1.09693885299+0               0
GRID*               1678               0 1.57074775108+0        3.3274+0*
*        1.09693885299+0               0
GRID*               1679               0 6.13239149564-3         3.048+0*
*        1.19551521201-1               0
GRID*               1680               0 7.74477709277-1         3.302+0*
*        1.09999263128+0               0
GRID*               1681               0 6.13239149564-3        3.0734+0*
*        1.19551521201-1               0
GRID*               1682               0 4.79861111011-1          2.54+0*
*        9.43966502769-1               0
GRID*               1683               0 6.13239149564-3        3.1242+0*
*        1.19551521201-1               0
GRID*               1684               0 4.79861111011-1        2.4892+0*
*        9.43966502769-1               0
GRID*               1685               0 6.13239149564-3        3.1496+0*
*        1.19551521201-1               0
GRID*               1686               0 4.79861111011-1        2.4384+0*
*        9.43966502769-1               0
GRID*               1687               0 6.13239149564-3         3.175+0*
*        1.19551521201-1               0
GRID*               1688               0 4.79861111011-1        2.3876+0*
*        9.43966502769-1               0
GRID*               1689               0 6.13239149564-3        3.2004+0*
*        1.19551521201-1               0
GRID*               1690               0 4.79861111011-1        2.3368+0*
*        9.43966502769-1               0
GRID*               1691               0 6.13239149564-3        3.2258+0*
*        1.19551521201-1               0
GRID*               1692               0 4.79861111011-1         2.286+0*
*        9.43966502769-1               0
GRID*               1693               0 6.13239149564-3        3.2512+0*
*        1.19551521201-1               0
GRID*               1694               0 4.79861111011-1        2.2352+0*
*        9.43966502769-1               0
GRID*               1695               0 6.13239149564-3        3.2766+0*
*        1.19551521201-1               0
GRID*               1696               0 4.79861111011-1        2.1844+0*
*        9.43966502769-1               0
GRID*               1697               0 6.13239149564-3         3.302+0*
*        1.19551521201-1               0
GRID*               1698               0 4.79861111011-1        2.1336+0*
*        9.43966502769-1               0
GRID*               1699               0 6.13239149564-3        3.3274+0*
*        1.19551521201-1               0
GRID*               1700               0 4.79861111011-1        2.0828+0*
*        9.43966502769-1               0
GRID*               1701               0 3.19089465367-1        3.2766+0*
*        8.02390288926-1               0
GRID*               1702               0 4.79861111011-1         2.032+0*
*        9.43966502769-1               0
GRID*               1703               0 1.10132467427+0         3.175+0*
*        1.16647308614+0               0
GRID*               1704               0 1.10132467427+0        3.0734+0*
*        1.16647308614+0               0
GRID*               1705               0 5.59781094071-1         3.048+0*
*        9.97367328193-1               0
GRID*               1706               0 5.59781094071-1        3.2512+0*
*        9.97367328193-1               0
GRID*               1707               0 3.19089465367-1        3.0734+0*
*        8.02390288926-1               0
GRID*               1708               0 3.19089465367-1        3.1242+0*
*        8.02390288926-1               0
GRID*               1709               0 3.19089465367-1        3.1496+0*
*        8.02390288926-1               0
GRID*               1710               0 3.19089465367-1        3.2004+0*
*        8.02390288926-1               0
GRID*               1711               0 3.19089465367-1        3.2258+0*
*        8.02390288926-1               0
GRID*               1712               0 6.13239149564-3        3.3528+0*
*        1.19551521201-1               0
GRID*               1713               0 3.19089465367-1        3.2512+0*
*        8.02390288926-1               0
GRID*               1714               0 4.41802070998-1          2.54+0*
*        9.14993994281-1               0
GRID*               1715               0 3.19089465367-1         3.302+0*
*        8.02390288926-1               0
GRID*               1716               0 4.41802070998-1        2.4892+0*
*        9.14993994281-1               0
GRID*               1717               0 3.19089465367-1        3.3274+0*
*        8.02390288926-1               0
GRID*               1718               0 4.41802070998-1        2.4384+0*
*        9.14993994281-1               0
GRID*               1719               0 3.19089465367-1        3.3528+0*
*        8.02390288926-1               0
GRID*               1720               0 4.41802070998-1        2.3876+0*
*        9.14993994281-1               0
GRID*               1721               0 3.19089465367-1        3.3782+0*
*        8.02390288926-1               0
GRID*               1722               0 4.41802070998-1        2.3368+0*
*        9.14993994281-1               0
GRID*               1723               0 3.19089465367-1        3.4036+0*
*        8.02390288926-1               0
GRID*               1724               0 4.41802070998-1         2.286+0*
*        9.14993994281-1               0
GRID*               1725               0 3.19089465367-1         3.429+0*
*        8.02390288926-1               0
GRID*               1726               0 4.41802070998-1        2.2352+0*
*        9.14993994281-1               0
GRID*               1727               0 3.19089465367-1        3.4544+0*
*        8.02390288926-1               0
GRID*               1728               0 4.41802070998-1        2.1844+0*
*        9.14993994281-1               0
GRID*               1729               0 1.57074775108+0        3.2766+0*
*        1.09693885299+0               0
GRID*               1730               0 4.41802070998-1        2.1336+0*
*        9.14993994281-1               0
GRID*               1731               0 3.19089465367-1        3.5052+0*
*        8.02390288926-1               0
GRID*               1732               0 4.41802070998-1        2.0828+0*
*        9.14993994281-1               0
GRID*               1733               0 5.59781094071-1        3.3528+0*
*        9.97367328193-1               0
GRID*               1734               0 4.41802070998-1         2.032+0*
*        9.14993994281-1               0
GRID*               1735               0 6.13239149564-3        3.3782+0*
*        1.19551521201-1               0
GRID*               1736               0 6.13239149564-3        3.4036+0*
*        1.19551521201-1               0
GRID*               1737               0 6.13239149564-3         3.429+0*
*        1.19551521201-1               0
GRID*               1738               0 6.13239149564-3        3.4544+0*
*        1.19551521201-1               0
GRID*               1739               0 6.13239149564-3        3.4798+0*
*        1.19551521201-1               0
GRID*               1740               0 6.13239149564-3        3.5052+0*
*        1.19551521201-1               0
GRID*               1741               0 6.13239149564-3        3.5306+0*
*        1.19551521201-1               0
GRID*               1742               0 6.13239149564-3         3.556+0*
*        1.19551521201-1               0
GRID*               1743               0 3.19089465367-1        3.4798+0*
*        8.02390288926-1               0
GRID*               1744               0 3.19089465367-1         3.556+0*
*        8.02390288926-1               0
GRID*               1745               0 3.19089465367-1        3.5306+0*
*        8.02390288926-1               0
GRID*               1746               0 4.05081743464-1          2.54+0*
*        8.84592448102-1               0
GRID*               1747               0 5.59781094071-1        3.5052+0*
*        9.97367328193-1               0
GRID*               1748               0 4.05081743464-1        2.4892+0*
*        8.84592448102-1               0
GRID*               1749               0 7.29933868022-1         3.302+0*
*        1.08300785367+0               0
GRID*               1750               0 4.05081743464-1        2.4384+0*
*        8.84592448102-1               0
GRID*               1751               0 7.29933868022-1        3.1242+0*
*        1.08300785367+0               0
GRID*               1752               0 4.05081743464-1        2.3876+0*
*        8.84592448102-1               0
GRID*               1753               0 7.29933868022-1        3.0988+0*
*        1.08300785367+0               0
GRID*               1754               0 4.05081743464-1        2.3368+0*
*        8.84592448102-1               0
GRID*               1755               0 5.59781094071-1        3.1242+0*
*        9.97367328193-1               0
GRID*               1756               0 4.05081743464-1         2.286+0*
*        8.84592448102-1               0
GRID*               1757               0 5.59781094071-1        3.3274+0*
*        9.97367328193-1               0
GRID*               1758               0 4.05081743464-1        2.2352+0*
*        8.84592448102-1               0
GRID*               1759               0 5.59781094071-1        3.5306+0*
*        9.97367328193-1               0
GRID*               1760               0 4.05081743464-1        2.1844+0*
*        8.84592448102-1               0
GRID*               1761               0 8.81135847912-3         3.048+0*
*        1.43222702306-1               0
GRID*               1762               0 4.05081743464-1        2.1336+0*
*        8.84592448102-1               0
GRID*               1763               0 8.81135847912-3        3.0734+0*
*        1.43222702306-1               0
GRID*               1764               0 4.05081743464-1        2.0828+0*
*        8.84592448102-1               0
GRID*               1765               0 1.57074775108+0        3.2004+0*
*        1.09693885299+0               0
GRID*               1766               0 4.05081743464-1         2.032+0*
*        8.84592448102-1               0
GRID*               1767               0 5.59781094071-1        3.4544+0*
*        9.97367328193-1               0
GRID*               1768               0 5.59781094071-1         3.556+0*
*        9.97367328193-1               0
GRID*               1769               0 7.74477709277-1        3.1242+0*
*        1.09999263128+0               0
GRID*               1770               0 7.29933868022-1         3.175+0*
*        1.08300785367+0               0
GRID*               1771               0 8.89309173292-1        3.2004+0*
*        1.13457783799+0               0
GRID*               1772               0 5.59781094071-1        3.2258+0*
*        9.97367328193-1               0
GRID*               1773               0 5.59781094071-1        3.4036+0*
*        9.97367328193-1               0
GRID*               1774               0 8.89309173292-1        3.1496+0*
*        1.13457783799+0               0
GRID*               1775               0 1.57074775108+0        3.2512+0*
*        1.09693885299+0               0
GRID*               1776               0 8.81135847912-3        3.0988+0*
*        1.43222702306-1               0
GRID*               1777               0 1.57074775108+0        3.2258+0*
*        1.09693885299+0               0
GRID*               1778               0 3.69690754316-1          2.54+0*
*         8.5277318254-1               0
GRID*               1779               0 1.57074775108+0         3.175+0*
*        1.09693885299+0               0
GRID*               1780               0 3.69690754316-1        2.4892+0*
*         8.5277318254-1               0
GRID*               1781               0 1.57074775108+0        3.1496+0*
*        1.09693885299+0               0
GRID*               1782               0 3.69690754316-1        2.4384+0*
*         8.5277318254-1               0
GRID*               1783               0 1.57074775108+0        3.1242+0*
*        1.09693885299+0               0
GRID*               1784               0 3.69690754316-1        2.3876+0*
*         8.5277318254-1               0
GRID*               1785               0 1.57074775108+0        3.0988+0*
*        1.09693885299+0               0
GRID*               1786               0 3.69690754316-1        2.3368+0*
*         8.5277318254-1               0
GRID*               1787               0 1.57074775108+0        3.0734+0*
*        1.09693885299+0               0
GRID*               1788               0 3.69690754316-1         2.286+0*
*         8.5277318254-1               0
GRID*               1789               0 1.57074775108+0         3.048+0*
*        1.09693885299+0               0
GRID*               1790               0 3.69690754316-1        2.2352+0*
*         8.5277318254-1               0
GRID*               1791               0 8.89309173292-1        3.4036+0*
*        1.13457783799+0               0
GRID*               1792               0 3.69690754316-1        2.1844+0*
*         8.5277318254-1               0
GRID*               1793               0 8.89309173292-1        3.3528+0*
*        1.13457783799+0               0
GRID*               1794               0 3.69690754316-1        2.1336+0*
*         8.5277318254-1               0
GRID*               1795               0 5.59781094071-1         3.429+0*
*        9.97367328193-1               0
GRID*               1796               0 3.69690754316-1        2.0828+0*
*         8.5277318254-1               0
GRID*               1797               0 8.81135847912-3        3.3782+0*
*        1.43222702306-1               0
GRID*               1798               0 3.69690754316-1         2.032+0*
*         8.5277318254-1               0
GRID*               1799               0 8.81135847912-3        3.1242+0*
*        1.43222702306-1               0
GRID*               1800               0 8.81135847912-3        3.1496+0*
*        1.43222702306-1               0
GRID*               1801               0 8.81135847912-3         3.175+0*
*        1.43222702306-1               0
GRID*               1802               0 8.81135847912-3        3.2004+0*
*        1.43222702306-1               0
GRID*               1803               0 8.81135847912-3        3.2258+0*
*        1.43222702306-1               0
GRID*               1804               0 8.81135847912-3        3.2512+0*
*        1.43222702306-1               0
GRID*               1805               0 8.81135847912-3        3.2766+0*
*        1.43222702306-1               0
GRID*               1806               0 8.81135847912-3         3.302+0*
*        1.43222702306-1               0
GRID*               1807               0 8.81135847912-3        3.3274+0*
*        1.43222702306-1               0
GRID*               1808               0 8.89309173292-1         3.302+0*
*        1.13457783799+0               0
GRID*               1809               0 8.81135847912-3        3.3528+0*
*        1.43222702306-1               0
GRID*               1810               0 3.35624934808-1          2.54+0*
*        8.19539047754-1               0
GRID*               1811               0 8.81135847912-3        3.4036+0*
*        1.43222702306-1               0
GRID*               1812               0 3.35624934808-1        2.4892+0*
*        8.19539047754-1               0
GRID*               1813               0 8.81135847912-3         3.429+0*
*        1.43222702306-1               0
GRID*               1814               0 3.35624934808-1        2.4384+0*
*        8.19539047754-1               0
GRID*               1815               0 8.81135847912-3        3.4544+0*
*        1.43222702306-1               0
GRID*               1816               0 3.35624934808-1        2.3876+0*
*        8.19539047754-1               0
GRID*               1817               0 8.81135847912-3        3.4798+0*
*        1.43222702306-1               0
GRID*               1818               0 3.35624934808-1        2.3368+0*
*        8.19539047754-1               0
GRID*               1819               0 8.81135847912-3        3.5052+0*
*        1.43222702306-1               0
GRID*               1820               0 3.35624934808-1         2.286+0*
*        8.19539047754-1               0
GRID*               1821               0 8.81135847912-3        3.5306+0*
*        1.43222702306-1               0
GRID*               1822               0 3.35624934808-1        2.2352+0*
*        8.19539047754-1               0
GRID*               1823               0 8.81135847912-3         3.556+0*
*        1.43222702306-1               0
GRID*               1824               0 3.35624934808-1        2.1844+0*
*        8.19539047754-1               0
GRID*               1825               0 6.86193106377-1        3.0988+0*
*        1.06425329304+0               0
GRID*               1826               0 3.35624934808-1        2.1336+0*
*        8.19539047754-1               0
GRID*               1827               0 1.54818666845+0        3.4798+0*
*         1.1049527802+0               0
GRID*               1828               0 3.35624934808-1        2.0828+0*
*        8.19539047754-1               0
GRID*               1829               0 1.54818666845+0        3.4036+0*
*         1.1049527802+0               0
GRID*               1830               0 3.35624934808-1         2.032+0*
*        8.19539047754-1               0
GRID*               1831               0 5.59781094071-1        3.0734+0*
*        9.97367328193-1               0
GRID*               1832               0 5.59781094071-1         3.175+0*
*        9.97367328193-1               0
GRID*               1833               0 5.59781094071-1        3.2766+0*
*        9.97367328193-1               0
GRID*               1834               0 5.59781094071-1        3.3782+0*
*        9.97367328193-1               0
GRID*               1835               0 5.59781094071-1        3.4798+0*
*        9.97367328193-1               0
GRID*               1836               0 6.86193106377-1        3.3782+0*
*        1.06425329304+0               0
GRID*               1837               0 1.54818666845+0         3.556+0*
*         1.1049527802+0               0
GRID*               1838               0 1.54818666845+0        3.5306+0*
*         1.1049527802+0               0
GRID*               1839               0 1.54818666845+0        3.5052+0*
*         1.1049527802+0               0
GRID*               1840               0 1.54818666845+0         3.429+0*
*         1.1049527802+0               0
GRID*               1841               0 1.54818666845+0        3.4544+0*
*         1.1049527802+0               0
GRID*               1842               0 3.02886856346-1          2.54+0*
*        7.84885697514-1               0
GRID*               1843               0 1.54818666845+0        3.3528+0*
*         1.1049527802+0               0
GRID*               1844               0 3.02886856346-1        2.4892+0*
*        7.84885697514-1               0
GRID*               1845               0 1.54818666845+0         3.302+0*
*         1.1049527802+0               0
GRID*               1846               0 3.02886856346-1        2.4384+0*
*        7.84885697514-1               0
GRID*               1847               0 1.54818666845+0        3.2512+0*
*         1.1049527802+0               0
GRID*               1848               0 3.02886856346-1        2.3876+0*
*        7.84885697514-1               0
GRID*               1849               0 1.54818666845+0        3.2004+0*
*         1.1049527802+0               0
GRID*               1850               0 3.02886856346-1        2.3368+0*
*        7.84885697514-1               0
GRID*               1851               0 1.54818666845+0        3.1496+0*
*         1.1049527802+0               0
GRID*               1852               0 3.02886856346-1         2.286+0*
*        7.84885697514-1               0
GRID*               1853               0 1.54818666845+0        3.0988+0*
*         1.1049527802+0               0
GRID*               1854               0 3.02886856346-1        2.2352+0*
*        7.84885697514-1               0
GRID*               1855               0 1.54818666845+0         3.048+0*
*         1.1049527802+0               0
GRID*               1856               0 3.02886856346-1        2.1844+0*
*        7.84885697514-1               0
GRID*               1857               0 6.86193106377-1         3.302+0*
*        1.06425329304+0               0
GRID*               1858               0 3.02886856346-1        2.1336+0*
*        7.84885697514-1               0
GRID*               1859               0 8.65995827702-1        3.5052+0*
*        1.12858773544+0               0
GRID*               1860               0 3.02886856346-1        2.0828+0*
*        7.84885697514-1               0
GRID*               1861               0 5.80345232189-1        3.0988+0*
*        1.00962871891+0               0
GRID*               1862               0 3.02886856346-1         2.032+0*
*        7.84885697514-1               0
GRID*               1863               0 1.54818666845+0        3.3782+0*
*         1.1049527802+0               0
GRID*               1864               0 1.54818666845+0        3.3274+0*
*         1.1049527802+0               0
GRID*               1865               0 1.54818666845+0        3.2766+0*
*         1.1049527802+0               0
GRID*               1866               0 1.54818666845+0        3.2258+0*
*         1.1049527802+0               0
GRID*               1867               0 1.54818666845+0         3.175+0*
*         1.1049527802+0               0
GRID*               1868               0 1.54818666845+0        3.1242+0*
*         1.1049527802+0               0
GRID*               1869               0 1.54818666845+0        3.0734+0*
*         1.1049527802+0               0
GRID*               1870               0 1.19695026442-2         3.048+0*
*        1.66814462159-1               0
GRID*               1871               0 1.19695026442-2        3.0734+0*
*        1.66814462159-1               0
GRID*               1872               0 1.19695026442-2        3.1242+0*
*        1.66814462159-1               0
GRID*               1873               0 5.80345232189-1         3.048+0*
*        1.00962871891+0               0
GRID*               1874               0 2.71487199911-1          2.54+0*
*        7.48803037544-1               0
GRID*               1875               0 8.19829868601-1        3.2258+0*
*        1.11519389502+0               0
GRID*               1876               0 2.71487199911-1        2.4892+0*
*        7.48803037544-1               0
GRID*               1877               0 1.07757687367+0         3.556+0*
*        1.16486467872+0               0
GRID*               1878               0 2.71487199911-1        2.4384+0*
*        7.48803037544-1               0
GRID*               1879               0 1.07757687367+0        3.5306+0*
*        1.16486467872+0               0
GRID*               1880               0 2.71487199911-1        2.3876+0*
*        7.48803037544-1               0
GRID*               1881               0 1.07757687367+0        3.5052+0*
*        1.16486467872+0               0
GRID*               1882               0 2.71487199911-1        2.3368+0*
*        7.48803037544-1               0
GRID*               1883               0 1.07757687367+0        3.4798+0*
*        1.16486467872+0               0
GRID*               1884               0 2.71487199911-1         2.286+0*
*        7.48803037544-1               0
GRID*               1885               0 1.07757687367+0        3.4544+0*
*        1.16486467872+0               0
GRID*               1886               0 2.71487199911-1        2.2352+0*
*        7.48803037544-1               0
GRID*               1887               0 1.07757687367+0         3.429+0*
*        1.16486467872+0               0
GRID*               1888               0 2.71487199911-1        2.1844+0*
*        7.48803037544-1               0
GRID*               1889               0 1.07757687367+0        3.4036+0*
*        1.16486467872+0               0
GRID*               1890               0 2.71487199911-1        2.1336+0*
*        7.48803037544-1               0
GRID*               1891               0 1.19695026442-2        3.3782+0*
*        1.66814462159-1               0
GRID*               1892               0 2.71487199911-1        2.0828+0*
*        7.48803037544-1               0
GRID*               1893               0 1.19695026442-2        3.0988+0*
*        1.66814462159-1               0
GRID*               1894               0 2.71487199911-1         2.032+0*
*        7.48803037544-1               0
GRID*               1895               0 1.19695026442-2        3.1496+0*
*        1.66814462159-1               0
GRID*               1896               0 1.19695026442-2         3.175+0*
*        1.66814462159-1               0
GRID*               1897               0 1.19695026442-2        3.2004+0*
*        1.66814462159-1               0
GRID*               1898               0 1.19695026442-2        3.2258+0*
*        1.66814462159-1               0
GRID*               1899               0 1.19695026442-2        3.2512+0*
*        1.66814462159-1               0
GRID*               1900               0 1.19695026442-2        3.2766+0*
*        1.66814462159-1               0
GRID*               1901               0 1.19695026442-2         3.302+0*
*        1.66814462159-1               0
GRID*               1902               0 1.19695026442-2        3.3274+0*
*        1.66814462159-1               0
GRID*               1903               0 1.07757687367+0        3.3782+0*
*        1.16486467872+0               0
GRID*               1904               0 1.19695026442-2        3.3528+0*
*        1.66814462159-1               0
GRID*               1905               0 1.99393595648-1        3.4798+0*
*        6.52828574991-1               0
GRID*               1906               0 1.19695026442-2        3.4036+0*
*        1.66814462159-1               0
GRID*               1907               0 2.41445957204-1        2.4892+0*
*        7.11276853654-1               0
GRID*               1908               0 1.19695026442-2         3.429+0*
*        1.66814462159-1               0
GRID*               1909               0 2.41445957204-1        2.4384+0*
*        7.11276853654-1               0
GRID*               1910               0 1.19695026442-2        3.4544+0*
*        1.66814462159-1               0
GRID*               1911               0 2.41445957204-1        2.3876+0*
*        7.11276853654-1               0
GRID*               1912               0 1.19695026442-2        3.4798+0*
*        1.66814462159-1               0
GRID*               1913               0 2.41445957204-1        2.3368+0*
*        7.11276853654-1               0
GRID*               1914               0 1.19695026442-2        3.5052+0*
*        1.66814462159-1               0
GRID*               1915               0 2.41445957204-1         2.286+0*
*        7.11276853654-1               0
GRID*               1916               0 1.19695026442-2        3.5306+0*
*        1.66814462159-1               0
GRID*               1917               0 2.41445957204-1        2.2352+0*
*        7.11276853654-1               0
GRID*               1918               0 1.19695026442-2         3.556+0*
*        1.66814462159-1               0
GRID*               1919               0 2.41445957204-1        2.1844+0*
*        7.11276853654-1               0
GRID*               1920               0 1.07757687367+0        3.2766+0*
*        1.16486467872+0               0
GRID*               1921               0 2.41445957204-1        2.1336+0*
*        7.11276853654-1               0
GRID*               1922               0 6.01112765733-1        3.0988+0*
*        1.02144199729+0               0
GRID*               1923               0 6.01112765733-1        3.2004+0*
*        1.02144199729+0               0
GRID*               1924               0 6.01112765733-1         3.302+0*
*        1.02144199729+0               0
GRID*               1925               0 9.36087738129-1        3.0734+0*
*        1.14507186368+0               0
GRID*               1926               0 3.87220482935-1         3.429+0*
*        8.68859667678-1               0
GRID*               1927               0 3.87220482935-1        3.4544+0*
*        8.68859667678-1               0
GRID*               1928               0 3.87220482935-1        3.4798+0*
*        8.68859667678-1               0
GRID*               1929               0 3.87220482935-1        3.5052+0*
*        8.68859667678-1               0
GRID*               1930               0 3.87220482935-1         3.556+0*
*        8.68859667678-1               0
GRID*               1931               0 5.45047936638-2         3.175+0*
*        3.52698212784-1               0
GRID*               1932               0-1.37041106141-1          2.54+0*
*       -2.80505561291-1               0
GRID*               1933               0 7.52105105513-1         3.429+0*
*        1.09172208956+0               0
GRID*               1934               0-1.37041106141-1        2.4892+0*
*       -2.80505561291-1               0
GRID*               1935               0 5.45047936638-2        3.2766+0*
*        3.52698212784-1               0
GRID*               1936               0-1.37041106141-1        2.4384+0*
*       -2.80505561291-1               0
GRID*               1937               0 -1.1881413614-1         3.175+0*
*       -2.65299481108-1               0
GRID*               1938               0-1.37041106141-1        2.3876+0*
*       -2.80505561291-1               0
GRID*               1939               0 5.45047936638-2        3.3528+0*
*        3.52698212784-1               0
GRID*               1940               0-1.37041106141-1        2.3368+0*
*       -2.80505561291-1               0
GRID*               1941               0 1.07757687367+0        3.3528+0*
*        1.16486467872+0               0
GRID*               1942               0 7.29933868022-1        3.3782+0*
*        1.08300785367+0               0
GRID*               1943               0 1.07757687367+0         3.302+0*
*        1.16486467872+0               0
GRID*               1944               0 6.86193106377-1        3.2004+0*
*        1.06425329304+0               0
GRID*               1945               0 1.07757687367+0        3.2512+0*
*        1.16486467872+0               0
GRID*               1946               0 3.35624934808-1         3.429+0*
*        8.19539047754-1               0
GRID*               1947               0 1.07757687367+0        3.3274+0*
*        1.16486467872+0               0
GRID*               1948               0 1.41049147286+0        3.5052+0*
*        1.14304430307+0               0
GRID*               1949               0 5.80345232189-1        3.0734+0*
*        1.00962871891+0               0
GRID*               1950               0 3.35624934808-1         3.175+0*
*        8.19539047754-1               0
GRID*               1951               0 3.35624934808-1        3.1242+0*
*        8.19539047754-1               0
GRID*               1952               0 2.12973692773-1          2.54+0*
*        6.72546750389-1               0
GRID*               1953               0 3.35624934808-1        3.3274+0*
*        8.19539047754-1               0
GRID*               1954               0 2.12973692773-1        2.4892+0*
*        6.72546750389-1               0
GRID*               1955               0 3.35624934808-1        3.4036+0*
*        8.19539047754-1               0
GRID*               1956               0 2.12973692773-1        2.4384+0*
*        6.72546750389-1               0
GRID*               1957               0 3.35624934808-1        3.4798+0*
*        8.19539047754-1               0
GRID*               1958               0 2.12973692773-1        2.3876+0*
*        6.72546750389-1               0
GRID*               1959               0 3.35624934808-1        3.5306+0*
*        8.19539047754-1               0
GRID*               1960               0 2.12973692773-1        2.3368+0*
*        6.72546750389-1               0
GRID*               1961               0 5.80345232189-1        3.1242+0*
*        1.00962871891+0               0
GRID*               1962               0 2.12973692773-1         2.286+0*
*        6.72546750389-1               0
GRID*               1963               0 8.19829868601-1        3.0734+0*
*        1.11519389502+0               0
GRID*               1964               0 2.12973692773-1        2.2352+0*
*        6.72546750389-1               0
GRID*               1965               0 8.65995827702-1        3.5306+0*
*        1.12858773544+0               0
GRID*               1966               0 2.12973692773-1        2.1844+0*
*        6.72546750389-1               0
GRID*               1967               0 8.65995827702-1        3.4544+0*
*        1.12858773544+0               0
GRID*               1968               0 2.12973692773-1        2.1336+0*
*        6.72546750389-1               0
GRID*               1969               0 3.35624934808-1         3.048+0*
*        8.19539047754-1               0
GRID*               1970               0 2.12973692773-1        2.0828+0*
*        6.72546750389-1               0
GRID*               1971               0  1.5605930792-2        3.1242+0*
*        1.90327071114-1               0
GRID*               1972               0 2.12973692773-1         2.032+0*
*        6.72546750389-1               0
GRID*               1973               0 3.35624934808-1        3.2766+0*
*        8.19539047754-1               0
GRID*               1974               0 3.35624934808-1        3.3782+0*
*        8.19539047754-1               0
GRID*               1975               0 3.35624934808-1        3.4544+0*
*        8.19539047754-1               0
GRID*               1976               0 3.35624934808-1        3.5052+0*
*        8.19539047754-1               0
GRID*               1977               0 3.35624934808-1         3.556+0*
*        8.19539047754-1               0
GRID*               1978               0 7.29933868022-1        3.2512+0*
*        1.08300785367+0               0
GRID*               1979               0 6.86193106377-1         3.048+0*
*        1.06425329304+0               0
GRID*               1980               0  1.5605930792-2         3.048+0*
*        1.90327071114-1               0
GRID*               1981               0  1.5605930792-2        3.0734+0*
*        1.90327071114-1               0
GRID*               1982               0 3.35624934808-1        3.0988+0*
*        8.19539047754-1               0
GRID*               1983               0  1.5605930792-2        3.0988+0*
*        1.90327071114-1               0
GRID*               1984               0 1.86247348722-1          2.54+0*
*        6.32878131703-1               0
GRID*               1985               0  1.5605930792-2        3.1496+0*
*        1.90327071114-1               0
GRID*               1986               0 1.86247348722-1        2.4892+0*
*        6.32878131703-1               0
GRID*               1987               0  1.5605930792-2         3.175+0*
*        1.90327071114-1               0
GRID*               1988               0 1.86247348722-1        2.4384+0*
*        6.32878131703-1               0
GRID*               1989               0  1.5605930792-2        3.2004+0*
*        1.90327071114-1               0
GRID*               1990               0 1.86247348722-1        2.3876+0*
*        6.32878131703-1               0
GRID*               1991               0  1.5605930792-2        3.2258+0*
*        1.90327071114-1               0
GRID*               1992               0 1.86247348722-1        2.3368+0*
*        6.32878131703-1               0
GRID*               1993               0  1.5605930792-2        3.2512+0*
*        1.90327071114-1               0
GRID*               1994               0 1.86247348722-1         2.286+0*
*        6.32878131703-1               0
GRID*               1995               0  1.5605930792-2        3.2766+0*
*        1.90327071114-1               0
GRID*               1996               0 1.86247348722-1        2.2352+0*
*        6.32878131703-1               0
GRID*               1997               0  1.5605930792-2         3.302+0*
*        1.90327071114-1               0
GRID*               1998               0 1.86247348722-1        2.1844+0*
*        6.32878131703-1               0
GRID*               1999               0  1.5605930792-2        3.3274+0*
*        1.90327071114-1               0
GRID*               2000               0 1.86247348722-1        2.1336+0*
*        6.32878131703-1               0
GRID*               2001               0  1.5605930792-2        3.3528+0*
*        1.90327071114-1               0
GRID*               2002               0 1.86247348722-1        2.0828+0*
*        6.32878131703-1               0
GRID*               2003               0 1.52551352096+0        3.4544+0*
*        1.11248752494+0               0
GRID*               2004               0 1.86247348722-1         2.032+0*
*        6.32878131703-1               0
GRID*               2005               0 3.35624934808-1        3.1496+0*
*        8.19539047754-1               0
GRID*               2006               0 3.35624934808-1        3.2004+0*
*        8.19539047754-1               0
GRID*               2007               0 3.35624934808-1        3.2512+0*
*        8.19539047754-1               0
GRID*               2008               0 3.35624934808-1         3.302+0*
*        8.19539047754-1               0
GRID*               2009               0 3.35624934808-1        3.3528+0*
*        8.19539047754-1               0
GRID*               2010               0 1.07757687367+0        3.2258+0*
*        1.16486467872+0               0
GRID*               2011               0 1.52551352096+0         3.556+0*
*        1.11248752494+0               0
GRID*               2012               0 1.52551352096+0        3.5306+0*
*        1.11248752494+0               0
GRID*               2013               0 1.52551352096+0        3.5052+0*
*        1.11248752494+0               0
GRID*               2014               0  1.5605930792-2        3.3782+0*
*        1.90327071114-1               0
GRID*               2015               0 1.52551352096+0        3.4798+0*
*        1.11248752494+0               0
GRID*               2016               0 1.61248020964-1          2.54+0*
*        5.92286629195-1               0
GRID*               2017               0 1.52551352096+0         3.429+0*
*        1.11248752494+0               0
GRID*               2018               0 1.61248020964-1        2.4892+0*
*        5.92286629195-1               0
GRID*               2019               0 1.52551352096+0        3.4036+0*
*        1.11248752494+0               0
GRID*               2020               0 1.61248020964-1        2.4384+0*
*        5.92286629195-1               0
GRID*               2021               0 1.52551352096+0        3.3782+0*
*        1.11248752494+0               0
GRID*               2022               0 1.61248020964-1        2.3876+0*
*        5.92286629195-1               0
GRID*               2023               0 1.52551352096+0        3.3528+0*
*        1.11248752494+0               0
GRID*               2024               0 1.61248020964-1        2.3368+0*
*        5.92286629195-1               0
GRID*               2025               0 1.52551352096+0        3.3274+0*
*        1.11248752494+0               0
GRID*               2026               0 1.61248020964-1         2.286+0*
*        5.92286629195-1               0
GRID*               2027               0 1.52551352096+0         3.302+0*
*        1.11248752494+0               0
GRID*               2028               0 1.61248020964-1        2.2352+0*
*        5.92286629195-1               0
GRID*               2029               0 8.89309173292-1        3.0988+0*
*        1.13457783799+0               0
GRID*               2030               0 1.61248020964-1        2.1844+0*
*        5.92286629195-1               0
GRID*               2031               0 1.52551352096+0        3.2512+0*
*        1.11248752494+0               0
GRID*               2032               0 1.61248020964-1        2.1336+0*
*        5.92286629195-1               0
GRID*               2033               0 1.52551352096+0        3.2004+0*
*        1.11248752494+0               0
GRID*               2034               0 1.61248020964-1        2.0828+0*
*        5.92286629195-1               0
GRID*               2035               0 1.52551352096+0        3.1242+0*
*        1.11248752494+0               0
GRID*               2036               0 1.61248020964-1         2.032+0*
*        5.92286629195-1               0
GRID*               2037               0  1.5605930792-2        3.4036+0*
*        1.90327071114-1               0
GRID*               2038               0  1.5605930792-2         3.429+0*
*        1.90327071114-1               0
GRID*               2039               0  1.5605930792-2        3.4544+0*
*        1.90327071114-1               0
GRID*               2040               0  1.5605930792-2        3.4798+0*
*        1.90327071114-1               0
GRID*               2041               0  1.5605930792-2        3.5052+0*
*        1.90327071114-1               0
GRID*               2042               0  1.5605930792-2        3.5306+0*
*        1.90327071114-1               0
GRID*               2043               0  1.5605930792-2         3.556+0*
*        1.90327071114-1               0
GRID*               2044               0 1.52551352096+0        3.2766+0*
*        1.11248752494+0               0
GRID*               2045               0 1.52551352096+0        3.2258+0*
*        1.11248752494+0               0
GRID*               2046               0 1.52551352096+0        3.1496+0*
*        1.11248752494+0               0
GRID*               2047               0 1.52551352096+0         3.175+0*
*        1.11248752494+0               0
GRID*               2048               0 1.37963194735-1          2.54+0*
*        5.50779947307-1               0
GRID*               2049               0 1.52551352096+0        3.0734+0*
*        1.11248752494+0               0
GRID*               2050               0 1.37963194735-1        2.4892+0*
*        5.50779947307-1               0
GRID*               2051               0 1.07757687367+0         3.175+0*
*        1.16486467872+0               0
GRID*               2052               0 1.37963194735-1        2.4384+0*
*        5.50779947307-1               0
GRID*               2053               0 1.07757687367+0        3.0734+0*
*        1.16486467872+0               0
GRID*               2054               0 1.37963194735-1        2.3876+0*
*        5.50779947307-1               0
GRID*               2055               0 6.86193106377-1        3.2512+0*
*        1.06425329304+0               0
GRID*               2056               0 1.37963194735-1        2.3368+0*
*        5.50779947307-1               0
GRID*               2057               0 1.05387677324+0        3.4798+0*
*        1.16277383464+0               0
GRID*               2058               0 1.37963194735-1         2.286+0*
*        5.50779947307-1               0
GRID*               2059               0 7.29933868022-1        3.2258+0*
*        1.08300785367+0               0
GRID*               2060               0 1.37963194735-1        2.2352+0*
*        5.50779947307-1               0
GRID*               2061               0 1.97203678655-2         3.048+0*
*        2.13760760476-1               0
GRID*               2062               0 1.37963194735-1        2.1844+0*
*        5.50779947307-1               0
GRID*               2063               0 1.97203678655-2        3.0734+0*
*        2.13760760476-1               0
GRID*               2064               0 1.37963194735-1        2.1336+0*
*        5.50779947307-1               0
GRID*               2065               0 1.97203678655-2        3.0988+0*
*        2.13760760476-1               0
GRID*               2066               0 1.37963194735-1        2.0828+0*
*        5.50779947307-1               0
GRID*               2067               0 1.05387677324+0        3.4036+0*
*        1.16277383464+0               0
GRID*               2068               0 1.37963194735-1         2.032+0*
*        5.50779947307-1               0
GRID*               2069               0 1.52551352096+0        3.0988+0*
*        1.11248752494+0               0
GRID*               2070               0 1.52551352096+0         3.048+0*
*        1.11248752494+0               0
GRID*               2071               0 1.07757687367+0        3.1242+0*
*        1.16486467872+0               0
GRID*               2072               0 8.19829868601-1        3.1242+0*
*        1.11519389502+0               0
GRID*               2073               0 5.80345232189-1        3.1496+0*
*        1.00962871891+0               0
GRID*               2074               0 1.05387677324+0        3.3782+0*
*        1.16277383464+0               0
GRID*               2075               0 3.52492212472-1        3.1496+0*
*        8.36333092883-1               0
GRID*               2076               0 1.05387677324+0         3.556+0*
*        1.16277383464+0               0
GRID*               2077               0 1.05387677324+0        3.5052+0*
*        1.16277383464+0               0
GRID*               2078               0 1.97203678655-2        3.1242+0*
*        2.13760760476-1               0
GRID*               2079               0 1.05387677324+0        3.4544+0*
*        1.16277383464+0               0
GRID*               2080               0 1.16388006372-1          2.54+0*
*        5.08359444943-1               0
GRID*               2081               0 3.52492212472-1         3.048+0*
*        8.36333092883-1               0
GRID*               2082               0 1.16388006372-1        2.4892+0*
*        5.08359444943-1               0
GRID*               2083               0 3.52492212472-1        3.0734+0*
*        8.36333092883-1               0
GRID*               2084               0 1.16388006372-1        2.4384+0*
*        5.08359444943-1               0
GRID*               2085               0 3.52492212472-1        3.0988+0*
*        8.36333092883-1               0
GRID*               2086               0 1.16388006372-1        2.3876+0*
*        5.08359444943-1               0
GRID*               2087               0 3.52492212472-1        3.1242+0*
*        8.36333092883-1               0
GRID*               2088               0 1.16388006372-1        2.3368+0*
*        5.08359444943-1               0
GRID*               2089               0 7.29933868022-1         3.556+0*
*        1.08300785367+0               0
GRID*               2090               0 1.16388006372-1         2.286+0*
*        5.08359444943-1               0
GRID*               2091               0 1.07757687367+0        3.2004+0*
*        1.16486467872+0               0
GRID*               2092               0 1.16388006372-1        2.2352+0*
*        5.08359444943-1               0
GRID*               2093               0 1.07757687367+0        3.1496+0*
*        1.16486467872+0               0
GRID*               2094               0 1.16388006372-1        2.1844+0*
*        5.08359444943-1               0
GRID*               2095               0 1.07757687367+0        3.0988+0*
*        1.16486467872+0               0
GRID*               2096               0 1.16388006372-1        2.1336+0*
*        5.08359444943-1               0
GRID*               2097               0 1.07757687367+0         3.048+0*
*        1.16486467872+0               0
GRID*               2098               0 1.16388006372-1        2.0828+0*
*        5.08359444943-1               0
GRID*               2099               0 1.97203678655-2        3.4036+0*
*        2.13760760476-1               0
GRID*               2100               0 1.16388006372-1         2.032+0*
*        5.08359444943-1               0
GRID*               2101               0 1.97203678655-2        3.1496+0*
*        2.13760760476-1               0
GRID*               2102               0 1.97203678655-2         3.175+0*
*        2.13760760476-1               0
GRID*               2103               0 1.97203678655-2        3.2004+0*
*        2.13760760476-1               0
GRID*               2104               0 1.97203678655-2        3.2258+0*
*        2.13760760476-1               0
GRID*               2105               0 1.97203678655-2        3.2512+0*
*        2.13760760476-1               0
GRID*               2106               0 1.97203678655-2        3.2766+0*
*        2.13760760476-1               0
GRID*               2107               0 1.97203678655-2         3.302+0*
*        2.13760760476-1               0
GRID*               2108               0 1.97203678655-2        3.3274+0*
*        2.13760760476-1               0
GRID*               2109               0 1.97203678655-2        3.3528+0*
*        2.13760760476-1               0
GRID*               2110               0 7.29933868022-1        3.2004+0*
*        1.08300785367+0               0
GRID*               2111               0 1.97203678655-2        3.3782+0*
*        2.13760760476-1               0
GRID*               2112               0  9.6526287867-2          2.54+0*
*        4.65021833077-1               0
GRID*               2113               0 1.97203678655-2         3.429+0*
*        2.13760760476-1               0
GRID*               2114               0  9.6526287867-2        2.4892+0*
*        4.65021833077-1               0
GRID*               2115               0 1.97203678655-2        3.4544+0*
*        2.13760760476-1               0
GRID*               2116               0  9.6526287867-2        2.4384+0*
*        4.65021833077-1               0
GRID*               2117               0 1.97203678655-2        3.4798+0*
*        2.13760760476-1               0
GRID*               2118               0  9.6526287867-2        2.3876+0*
*        4.65021833077-1               0
GRID*               2119               0 1.97203678655-2        3.5052+0*
*        2.13760760476-1               0
GRID*               2120               0  9.6526287867-2        2.3368+0*
*        4.65021833077-1               0
GRID*               2121               0 1.97203678655-2        3.5306+0*
*        2.13760760476-1               0
GRID*               2122               0  9.6526287867-2         2.286+0*
*        4.65021833077-1               0
GRID*               2123               0 1.97203678655-2         3.556+0*
*        2.13760760476-1               0
GRID*               2124               0  9.6526287867-2        2.2352+0*
*        4.65021833077-1               0
GRID*               2125               0 1.50272935423+0         3.556+0*
*        1.11954564128+0               0
GRID*               2126               0  9.6526287867-2        2.1844+0*
*        4.65021833077-1               0
GRID*               2127               0 7.74477709277-1         3.175+0*
*        1.09999263128+0               0
GRID*               2128               0  9.6526287867-2        2.1336+0*
*        4.65021833077-1               0
GRID*               2129               0 8.89309173292-1        3.1242+0*
*        1.13457783799+0               0
GRID*               2130               0  9.6526287867-2        2.0828+0*
*        4.65021833077-1               0
GRID*               2131               0 7.74477709277-1        3.3274+0*
*        1.09999263128+0               0
GRID*               2132               0  9.6526287867-2         2.032+0*
*        4.65021833077-1               0
GRID*               2133               0 8.65995827702-1         3.429+0*
*        1.12858773544+0               0
GRID*               2134               0 1.05387677324+0        3.5306+0*
*        1.16277383464+0               0
GRID*               2135               0 1.05387677324+0         3.429+0*
*        1.16277383464+0               0
GRID*               2136               0 7.52105105513-1        3.1242+0*
*        1.09172208956+0               0
GRID*               2137               0 7.29933868022-1        3.2766+0*
*        1.08300785367+0               0
GRID*               2138               0 7.29933868022-1        3.3274+0*
*        1.08300785367+0               0
GRID*               2139               0 7.52105105513-1        3.4798+0*
*        1.09172208956+0               0
GRID*               2140               0 6.86193106377-1        3.1496+0*
*        1.06425329304+0               0
GRID*               2141               0 8.65995827702-1        3.4798+0*
*        1.12858773544+0               0
GRID*               2142               0 7.74477709277-1        3.4798+0*
*        1.09999263128+0               0
GRID*               2143               0 8.89309173292-1         3.048+0*
*        1.13457783799+0               0
GRID*               2144               0 7.83913980598-2          2.54+0*
*        4.20760986424-1               0
GRID*               2145               0 6.86193106377-1        3.1242+0*
*        1.06425329304+0               0
GRID*               2146               0 7.83913980598-2        2.4892+0*
*        4.20760986424-1               0
GRID*               2147               0 1.50272935423+0        3.2258+0*
*        1.11954564128+0               0
GRID*               2148               0 7.83913980598-2        2.4384+0*
*        4.20760986424-1               0
GRID*               2149               0 6.86193106377-1        3.3274+0*
*        1.06425329304+0               0
GRID*               2150               0 7.83913980598-2        2.3876+0*
*        4.20760986424-1               0
GRID*               2151               0 6.86193106377-1        3.4036+0*
*        1.06425329304+0               0
GRID*               2152               0 7.83913980598-2        2.3368+0*
*        4.20760986424-1               0
GRID*               2153               0 6.86193106377-1        3.5052+0*
*        1.06425329304+0               0
GRID*               2154               0 7.83913980598-2         2.286+0*
*        4.20760986424-1               0
GRID*               2155               0 2.43131486751-2         3.048+0*
*        2.37115660861-1               0
GRID*               2156               0 7.83913980598-2        2.2352+0*
*        4.20760986424-1               0
GRID*               2157               0 2.43131486751-2        3.0734+0*
*        2.37115660861-1               0
GRID*               2158               0 7.83913980598-2        2.1844+0*
*        4.20760986424-1               0
GRID*               2159               0 2.43131486751-2        3.0988+0*
*        2.37115660861-1               0
GRID*               2160               0 7.83913980598-2        2.1336+0*
*        4.20760986424-1               0
GRID*               2161               0 1.50272935423+0        3.4544+0*
*        1.11954564128+0               0
GRID*               2162               0 7.83913980598-2        2.0828+0*
*        4.20760986424-1               0
GRID*               2163               0 8.89309173292-1        3.0734+0*
*        1.13457783799+0               0
GRID*               2164               0 7.83913980598-2         2.032+0*
*        4.20760986424-1               0
GRID*               2165               0 6.86193106377-1        3.0734+0*
*        1.06425329304+0               0
GRID*               2166               0 6.86193106377-1         3.175+0*
*        1.06425329304+0               0
GRID*               2167               0 6.86193106377-1        3.2766+0*
*        1.06425329304+0               0
GRID*               2168               0 1.05387677324+0        3.3528+0*
*        1.16277383464+0               0
GRID*               2169               0 6.86193106377-1        3.4544+0*
*        1.06425329304+0               0
GRID*               2170               0 7.74477709277-1         3.048+0*
*        1.09999263128+0               0
GRID*               2171               0 1.50272935423+0        3.5306+0*
*        1.11954564128+0               0
GRID*               2172               0 1.50272935423+0        3.5052+0*
*        1.11954564128+0               0
GRID*               2173               0 2.43131486751-2        3.1242+0*
*        2.37115660861-1               0
GRID*               2174               0 1.50272935423+0        3.4798+0*
*        1.11954564128+0               0
GRID*               2175               0 1.99393595648-1         3.556+0*
*        6.52828574991-1               0
GRID*               2176               0 1.50272935423+0         3.429+0*
*        1.11954564128+0               0
GRID*               2177               0 6.20068366979-2        2.4892+0*
*         3.7556987126-1               0
GRID*               2178               0 1.50272935423+0        3.4036+0*
*        1.11954564128+0               0
GRID*               2179               0 6.20068366979-2        2.4384+0*
*         3.7556987126-1               0
GRID*               2180               0 1.50272935423+0        3.3782+0*
*        1.11954564128+0               0
GRID*               2181               0 6.20068366979-2        2.3876+0*
*         3.7556987126-1               0
GRID*               2182               0 1.50272935423+0        3.3528+0*
*        1.11954564128+0               0
GRID*               2183               0 6.20068366979-2        2.3368+0*
*         3.7556987126-1               0
GRID*               2184               0 1.50272935423+0        3.3274+0*
*        1.11954564128+0               0
GRID*               2185               0 6.20068366979-2         2.286+0*
*         3.7556987126-1               0
GRID*               2186               0 1.50272935423+0         3.302+0*
*        1.11954564128+0               0
GRID*               2187               0 6.20068366979-2        2.2352+0*
*         3.7556987126-1               0
GRID*               2188               0 1.50272935423+0        3.2766+0*
*        1.11954564128+0               0
GRID*               2189               0 6.20068366979-2        2.1844+0*
*         3.7556987126-1               0
GRID*               2190               0 1.50272935423+0        3.2512+0*
*        1.11954564128+0               0
GRID*               2191               0 6.20068366979-2        2.1336+0*
*         3.7556987126-1               0
GRID*               2192               0 6.01112765733-1        3.1242+0*
*        1.02144199729+0               0
GRID*               2193               0-1.37041106141-1         2.286+0*
*       -2.80505561291-1               0
GRID*               2194               0 5.45047936638-2         3.429+0*
*        3.52698212784-1               0
GRID*               2195               0-1.37041106141-1        2.2352+0*
*       -2.80505561291-1               0
GRID*               2196               0 6.01112765733-1        3.2766+0*
*        1.02144199729+0               0
GRID*               2197               0-1.37041106141-1        2.1844+0*
*       -2.80505561291-1               0
GRID*               2198               0 5.45047936638-2        3.5052+0*
*        3.52698212784-1               0
GRID*               2199               0-1.37041106141-1        2.1336+0*
*       -2.80505561291-1               0
GRID*               2200               0 -1.1881413614-1        3.2004+0*
*       -2.65299481108-1               0
GRID*               2201               0-1.37041106141-1        2.0828+0*
*       -2.80505561291-1               0
GRID*               2202               0 3.87220482935-1        3.5306+0*
*        8.68859667678-1               0
GRID*               2203               0-1.37041106141-1         2.032+0*
*       -2.80505561291-1               0
GRID*               2204               0 5.45047936638-2        3.2258+0*
*        3.52698212784-1               0
GRID*               2205               0 -1.1881413614-1        3.0988+0*
*       -2.65299481108-1               0
GRID*               2206               0 5.45047936638-2         3.302+0*
*        3.52698212784-1               0
GRID*               2207               0 -1.1881413614-1        3.0734+0*
*       -2.65299481108-1               0
GRID*               2208               0 5.45047936638-2        3.3782+0*
*        3.52698212784-1               0
GRID*               2209               0 6.01112765733-1         3.175+0*
*        1.02144199729+0               0
GRID*               2210               0 5.45047936638-2        3.4544+0*
*        3.52698212784-1               0
GRID*               2211               0 2.43131486751-2        3.1496+0*
*        2.37115660861-1               0
GRID*               2212               0 2.43131486751-2         3.175+0*
*        2.37115660861-1               0
GRID*               2213               0 2.43131486751-2        3.2004+0*
*        2.37115660861-1               0
GRID*               2214               0 2.43131486751-2        3.2258+0*
*        2.37115660861-1               0
GRID*               2215               0 2.43131486751-2        3.2512+0*
*        2.37115660861-1               0
GRID*               2216               0 2.43131486751-2        3.2766+0*
*        2.37115660861-1               0
GRID*               2217               0 2.43131486751-2         3.302+0*
*        2.37115660861-1               0
GRID*               2218               0 2.43131486751-2        3.3274+0*
*        2.37115660861-1               0
GRID*               2219               0 2.43131486751-2        3.3528+0*
*        2.37115660861-1               0
GRID*               2220               0 1.50272935423+0        3.2004+0*
*        1.11954564128+0               0
GRID*               2221               0 2.43131486751-2        3.3782+0*
*        2.37115660861-1               0
GRID*               2222               0 4.74949753381-2          2.54+0*
*        3.29743060105-1               0
GRID*               2223               0 2.43131486751-2         3.429+0*
*        2.37115660861-1               0
GRID*               2224               0 4.74949753381-2        2.4892+0*
*        3.29743060105-1               0
GRID*               2225               0 2.43131486751-2        3.4544+0*
*        2.37115660861-1               0
GRID*               2226               0 4.74949753381-2        2.4384+0*
*        3.29743060105-1               0
GRID*               2227               0 2.43131486751-2        3.4798+0*
*        2.37115660861-1               0
GRID*               2228               0 4.74949753381-2        2.3876+0*
*        3.29743060105-1               0
GRID*               2229               0 2.43131486751-2        3.5052+0*
*        2.37115660861-1               0
GRID*               2230               0 4.74949753381-2        2.3368+0*
*        3.29743060105-1               0
GRID*               2231               0 2.43131486751-2        3.5306+0*
*        2.37115660861-1               0
GRID*               2232               0 4.74949753381-2         2.286+0*
*        3.29743060105-1               0
GRID*               2233               0 2.43131486751-2         3.556+0*
*        2.37115660861-1               0
GRID*               2234               0 4.74949753381-2        2.2352+0*
*        3.29743060105-1               0
GRID*               2235               0 3.52492212472-1         3.175+0*
*        8.36333092883-1               0
GRID*               2236               0 4.74949753381-2        2.1844+0*
*        3.29743060105-1               0
GRID*               2237               0 3.52492212472-1         3.302+0*
*        8.36333092883-1               0
GRID*               2238               0 4.74949753381-2        2.1336+0*
*        3.29743060105-1               0
GRID*               2239               0 3.52492212472-1        3.4036+0*
*        8.36333092883-1               0
GRID*               2240               0 4.74949753381-2        2.0828+0*
*        3.29743060105-1               0
GRID*               2241               0 3.52492212472-1         3.556+0*
*        8.36333092883-1               0
GRID*               2242               0 4.74949753381-2         2.032+0*
*        3.29743060105-1               0
GRID*               2243               0 1.50272935423+0         3.175+0*
*        1.11954564128+0               0
GRID*               2244               0 1.50272935423+0        3.1496+0*
*        1.11954564128+0               0
GRID*               2245               0 1.50272935423+0        3.1242+0*
*        1.11954564128+0               0
GRID*               2246               0 1.50272935423+0        3.0988+0*
*        1.11954564128+0               0
GRID*               2247               0 1.50272935423+0        3.0734+0*
*        1.11954564128+0               0
GRID*               2248               0 1.50272935423+0         3.048+0*
*        1.11954564128+0               0
GRID*               2249               0 3.52492212472-1        3.2004+0*
*        8.36333092883-1               0
GRID*               2250               0 3.52492212472-1        3.2512+0*
*        8.36333092883-1               0
GRID*               2251               0 3.52492212472-1        3.3528+0*
*        8.36333092883-1               0
GRID*               2252               0 3.52492212472-1        3.5052+0*
*        8.36333092883-1               0
GRID*               2253               0 3.52492212472-1        3.4544+0*
*        8.36333092883-1               0
GRID*               2254               0 3.49380544848-2          2.54+0*
*        2.83588748135-1               0
GRID*               2255               0 8.65995827702-1        3.4036+0*
*        1.12858773544+0               0
GRID*               2256               0 3.49380544848-2        2.4892+0*
*        2.83588748135-1               0
GRID*               2257               0 1.47983483822+0        3.5306+0*
*        1.12612916734+0               0
GRID*               2258               0 3.49380544848-2        2.4384+0*
*        2.83588748135-1               0
GRID*               2259               0 1.47983483822+0        3.4798+0*
*        1.12612916734+0               0
GRID*               2260               0 3.49380544848-2        2.3876+0*
*        2.83588748135-1               0
GRID*               2261               0 1.47983483822+0         3.429+0*
*        1.12612916734+0               0
GRID*               2262               0 3.49380544848-2        2.3368+0*
*        2.83588748135-1               0
GRID*               2263               0 1.47983483822+0        3.3782+0*
*        1.12612916734+0               0
GRID*               2264               0 3.49380544848-2         2.286+0*
*        2.83588748135-1               0
GRID*               2265               0 1.47983483822+0        3.3274+0*
*        1.12612916734+0               0
GRID*               2266               0 3.49380544848-2        2.2352+0*
*        2.83588748135-1               0
GRID*               2267               0 3.52492212472-1        3.2258+0*
*        8.36333092883-1               0
GRID*               2268               0 3.49380544848-2        2.1844+0*
*        2.83588748135-1               0
GRID*               2269               0 3.52492212472-1        3.2766+0*
*        8.36333092883-1               0
GRID*               2270               0 3.49380544848-2        2.1336+0*
*        2.83588748135-1               0
GRID*               2271               0 3.52492212472-1        3.3274+0*
*        8.36333092883-1               0
GRID*               2272               0 3.49380544848-2        2.0828+0*
*        2.83588748135-1               0
GRID*               2273               0 2.93852059199-2        3.1496+0*
*        2.60391741164-1               0
GRID*               2274               0 3.49380544848-2         2.032+0*
*        2.83588748135-1               0
GRID*               2275               0 6.86193106377-1         3.429+0*
*        1.06425329304+0               0
GRID*               2276               0 1.47983483822+0         3.556+0*
*        1.12612916734+0               0
GRID*               2277               0 1.47983483822+0        3.5052+0*
*        1.12612916734+0               0
GRID*               2278               0 1.47983483822+0        3.4544+0*
*        1.12612916734+0               0
GRID*               2279               0 1.47983483822+0        3.4036+0*
*        1.12612916734+0               0
GRID*               2280               0 1.47983483822+0        3.3528+0*
*        1.12612916734+0               0
GRID*               2281               0 2.93852059199-2         3.048+0*
*        2.60391741164-1               0
GRID*               2282               0 2.93852059199-2        3.0734+0*
*        2.60391741164-1               0
GRID*               2283               0 2.93852059199-2        3.0988+0*
*        2.60391741164-1               0
GRID*               2284               0 3.52492212472-1        3.3782+0*
*        8.36333092883-1               0
GRID*               2285               0 2.93852059199-2        3.1242+0*
*        2.60391741164-1               0
GRID*               2286               0 2.43131486751-2          2.54+0*
*        2.37115660861-1               0
GRID*               2287               0 2.93852059199-2         3.175+0*
*        2.60391741164-1               0
GRID*               2288               0 2.43131486751-2        2.4892+0*
*        2.37115660861-1               0
GRID*               2289               0 2.93852059199-2        3.2004+0*
*        2.60391741164-1               0
GRID*               2290               0 2.43131486751-2        2.4384+0*
*        2.37115660861-1               0
GRID*               2291               0 2.93852059199-2        3.2258+0*
*        2.60391741164-1               0
GRID*               2292               0 2.43131486751-2        2.3876+0*
*        2.37115660861-1               0
GRID*               2293               0 2.93852059199-2        3.2512+0*
*        2.60391741164-1               0
GRID*               2294               0 2.43131486751-2        2.3368+0*
*        2.37115660861-1               0
GRID*               2295               0 2.93852059199-2        3.2766+0*
*        2.60391741164-1               0
GRID*               2296               0 2.43131486751-2         2.286+0*
*        2.37115660861-1               0
GRID*               2297               0 2.93852059199-2         3.302+0*
*        2.60391741164-1               0
GRID*               2298               0 2.43131486751-2        2.2352+0*
*        2.37115660861-1               0
GRID*               2299               0 2.93852059199-2        3.3274+0*
*        2.60391741164-1               0
GRID*               2300               0 2.43131486751-2        2.1844+0*
*        2.37115660861-1               0
GRID*               2301               0 2.93852059199-2        3.3528+0*
*        2.60391741164-1               0
GRID*               2302               0 2.43131486751-2        2.1336+0*
*        2.37115660861-1               0
GRID*               2303               0 2.93852059199-2        3.3782+0*
*        2.60391741164-1               0
GRID*               2304               0 2.43131486751-2        2.0828+0*
*        2.37115660861-1               0
GRID*               2305               0 5.80345232189-1        3.4798+0*
*        1.00962871891+0               0
GRID*               2306               0 2.43131486751-2         2.032+0*
*        2.37115660861-1               0
GRID*               2307               0 3.52492212472-1         3.429+0*
*        8.36333092883-1               0
GRID*               2308               0 3.52492212472-1        3.4798+0*
*        8.36333092883-1               0
GRID*               2309               0 3.52492212472-1        3.5306+0*
*        8.36333092883-1               0
GRID*               2310               0 6.86193106377-1        3.3528+0*
*        1.06425329304+0               0
GRID*               2311               0 6.86193106377-1        3.4798+0*
*        1.06425329304+0               0
GRID*               2312               0 6.86193106377-1        3.5306+0*
*        1.06425329304+0               0
GRID*               2313               0 7.52105105513-1         3.302+0*
*        1.09172208956+0               0
GRID*               2314               0 5.80345232189-1         3.175+0*
*        1.00962871891+0               0
GRID*               2315               0 5.80345232189-1        3.2766+0*
*        1.00962871891+0               0
GRID*               2316               0 2.93852059199-2        3.4036+0*
*        2.60391741164-1               0
GRID*               2317               0 5.80345232189-1        3.3782+0*
*        1.00962871891+0               0
GRID*               2318               0  1.5605930792-2          2.54+0*
*        1.90327071114-1               0
GRID*               2319               0 3.69690754316-1         3.048+0*
*         8.5277318254-1               0
GRID*               2320               0  1.5605930792-2        2.4892+0*
*        1.90327071114-1               0
GRID*               2321               0 3.69690754316-1        3.0734+0*
*         8.5277318254-1               0
GRID*               2322               0  1.5605930792-2        2.4384+0*
*        1.90327071114-1               0
GRID*               2323               0 3.69690754316-1        3.0988+0*
*         8.5277318254-1               0
GRID*               2324               0  1.5605930792-2        2.3876+0*
*        1.90327071114-1               0
GRID*               2325               0 3.69690754316-1        3.1242+0*
*         8.5277318254-1               0
GRID*               2326               0  1.5605930792-2        2.3368+0*
*        1.90327071114-1               0
GRID*               2327               0 3.69690754316-1        3.1496+0*
*         8.5277318254-1               0
GRID*               2328               0  1.5605930792-2         2.286+0*
*        1.90327071114-1               0
GRID*               2329               0 1.47983483822+0         3.302+0*
*        1.12612916734+0               0
GRID*               2330               0  1.5605930792-2        2.2352+0*
*        1.90327071114-1               0
GRID*               2331               0 3.69690754316-1        3.2004+0*
*         8.5277318254-1               0
GRID*               2332               0  1.5605930792-2        2.1844+0*
*        1.90327071114-1               0
GRID*               2333               0 3.69690754316-1        3.2512+0*
*         8.5277318254-1               0
GRID*               2334               0  1.5605930792-2        2.1336+0*
*        1.90327071114-1               0
GRID*               2335               0 3.69690754316-1         3.302+0*
*         8.5277318254-1               0
GRID*               2336               0  1.5605930792-2        2.0828+0*
*        1.90327071114-1               0
GRID*               2337               0 3.69690754316-1        3.3782+0*
*         8.5277318254-1               0
GRID*               2338               0  1.5605930792-2         2.032+0*
*        1.90327071114-1               0
GRID*               2339               0 2.93852059199-2         3.429+0*
*        2.60391741164-1               0
GRID*               2340               0 2.93852059199-2        3.4544+0*
*        2.60391741164-1               0
GRID*               2341               0 2.93852059199-2        3.4798+0*
*        2.60391741164-1               0
GRID*               2342               0 2.93852059199-2        3.5052+0*
*        2.60391741164-1               0
GRID*               2343               0 2.93852059199-2        3.5306+0*
*        2.60391741164-1               0
GRID*               2344               0 2.93852059199-2         3.556+0*
*        2.60391741164-1               0
GRID*               2345               0 3.69690754316-1         3.175+0*
*         8.5277318254-1               0
GRID*               2346               0 3.69690754316-1        3.2258+0*
*         8.5277318254-1               0
GRID*               2347               0 3.69690754316-1        3.2766+0*
*         8.5277318254-1               0
GRID*               2348               0 3.69690754316-1        3.3528+0*
*         8.5277318254-1               0
GRID*               2349               0 3.69690754316-1        3.3274+0*
*         8.5277318254-1               0
GRID*               2350               0 8.81135847912-3          2.54+0*
*        1.43222702306-1               0
GRID*               2351               0 7.52105105513-1        3.2004+0*
*        1.09172208956+0               0
GRID*               2352               0 8.81135847912-3        2.4892+0*
*        1.43222702306-1               0
GRID*               2353               0 5.80345232189-1         3.429+0*
*        1.00962871891+0               0
GRID*               2354               0 8.81135847912-3        2.4384+0*
*        1.43222702306-1               0
GRID*               2355               0 1.05387677324+0        3.2766+0*
*        1.16277383464+0               0
GRID*               2356               0 8.81135847912-3        2.3876+0*
*        1.43222702306-1               0
GRID*               2357               0 1.05387677324+0         3.175+0*
*        1.16277383464+0               0
GRID*               2358               0 8.81135847912-3        2.3368+0*
*        1.43222702306-1               0
GRID*               2359               0 1.05387677324+0        3.0734+0*
*        1.16277383464+0               0
GRID*               2360               0 8.81135847912-3         2.286+0*
*        1.43222702306-1               0
GRID*               2361               0 3.49380544848-2         3.048+0*
*        2.83588748135-1               0
GRID*               2362               0 8.81135847912-3        2.2352+0*
*        1.43222702306-1               0
GRID*               2363               0 3.49380544848-2        3.0734+0*
*        2.83588748135-1               0
GRID*               2364               0 8.81135847912-3        2.1844+0*
*        1.43222702306-1               0
GRID*               2365               0 3.49380544848-2        3.0988+0*
*        2.83588748135-1               0
GRID*               2366               0 8.81135847912-3        2.1336+0*
*        1.43222702306-1               0
GRID*               2367               0 3.49380544848-2        3.1242+0*
*        2.83588748135-1               0
GRID*               2368               0 8.81135847912-3        2.0828+0*
*        1.43222702306-1               0
GRID*               2369               0 1.47983483822+0         3.175+0*
*        1.12612916734+0               0
GRID*               2370               0 8.81135847912-3         2.032+0*
*        1.43222702306-1               0
GRID*               2371               0 5.80345232189-1         3.302+0*
*        1.00962871891+0               0
GRID*               2372               0 5.80345232189-1        3.2258+0*
*        1.00962871891+0               0
GRID*               2373               0 1.05387677324+0        3.3274+0*
*        1.16277383464+0               0
GRID*               2374               0 1.05387677324+0        3.2258+0*
*        1.16277383464+0               0
GRID*               2375               0 1.05387677324+0        3.1242+0*
*        1.16277383464+0               0
GRID*               2376               0 5.80345232189-1        3.2004+0*
*        1.00962871891+0               0
GRID*               2377               0 1.47983483822+0        3.2766+0*
*        1.12612916734+0               0
GRID*               2378               0 1.47983483822+0        3.2512+0*
*        1.12612916734+0               0
GRID*               2379               0 1.47983483822+0        3.2258+0*
*        1.12612916734+0               0
GRID*               2380               0 3.49380544848-2        3.1496+0*
*        2.83588748135-1               0
GRID*               2381               0 1.47983483822+0        3.2004+0*
*        1.12612916734+0               0
GRID*               2382               0 3.93411758895-3          2.54+0*
*         9.5800671713-2               0
GRID*               2383               0 1.47983483822+0        3.1496+0*
*        1.12612916734+0               0
GRID*               2384               0 3.93411758895-3        2.4892+0*
*         9.5800671713-2               0
GRID*               2385               0 1.47983483822+0        3.1242+0*
*        1.12612916734+0               0
GRID*               2386               0 3.93411758895-3        2.4384+0*
*         9.5800671713-2               0
GRID*               2387               0 1.47983483822+0        3.0988+0*
*        1.12612916734+0               0
GRID*               2388               0 3.93411758895-3        2.3876+0*
*         9.5800671713-2               0
GRID*               2389               0 1.47983483822+0        3.0734+0*
*        1.12612916734+0               0
GRID*               2390               0 3.93411758895-3        2.3368+0*
*         9.5800671713-2               0
GRID*               2391               0 1.47983483822+0         3.048+0*
*        1.12612916734+0               0
GRID*               2392               0 3.93411758895-3         2.286+0*
*         9.5800671713-2               0
GRID*               2393               0 7.52105105513-1         3.556+0*
*        1.09172208956+0               0
GRID*               2394               0 3.93411758895-3        2.2352+0*
*         9.5800671713-2               0
GRID*               2395               0 5.80345232189-1        3.3274+0*
*        1.00962871891+0               0
GRID*               2396               0 3.93411758895-3        2.1844+0*
*         9.5800671713-2               0
GRID*               2397               0 5.80345232189-1        3.5306+0*
*        1.00962871891+0               0
GRID*               2398               0 3.93411758895-3        2.1336+0*
*         9.5800671713-2               0
GRID*               2399               0 1.05387677324+0         3.302+0*
*        1.16277383464+0               0
GRID*               2400               0 3.93411758895-3        2.0828+0*
*         9.5800671713-2               0
GRID*               2401               0 1.05387677324+0        3.2004+0*
*        1.16277383464+0               0
GRID*               2402               0 3.93411758895-3         2.032+0*
*         9.5800671713-2               0
GRID*               2403               0 3.49380544848-2         3.175+0*
*        2.83588748135-1               0
GRID*               2404               0 3.49380544848-2        3.2004+0*
*        2.83588748135-1               0
GRID*               2405               0 3.49380544848-2        3.2258+0*
*        2.83588748135-1               0
GRID*               2406               0 3.49380544848-2        3.2512+0*
*        2.83588748135-1               0
GRID*               2407               0 3.49380544848-2        3.2766+0*
*        2.83588748135-1               0
GRID*               2408               0 3.49380544848-2         3.302+0*
*        2.83588748135-1               0
GRID*               2409               0 3.49380544848-2        3.3274+0*
*        2.83588748135-1               0
GRID*               2410               0 3.49380544848-2        3.3528+0*
*        2.83588748135-1               0
GRID*               2411               0 3.49380544848-2        3.3782+0*
*        2.83588748135-1               0
GRID*               2412               0 3.49380544848-2         3.429+0*
*        2.83588748135-1               0
GRID*               2413               0 1.05387677324+0        3.2512+0*
*        1.16277383464+0               0
GRID*               2414               0 9.88826917476-4          2.54+0*
*        4.80594731774-2               0
GRID*               2415               0 1.05387677324+0        3.1496+0*
*        1.16277383464+0               0
GRID*               2416               0 9.88826917476-4        2.4892+0*
*        4.80594731774-2               0
GRID*               2417               0 1.05387677324+0        3.0988+0*
*        1.16277383464+0               0
GRID*               2418               0 9.88826917476-4        2.4384+0*
*        4.80594731774-2               0
GRID*               2419               0 1.05387677324+0         3.048+0*
*        1.16277383464+0               0
GRID*               2420               0 9.88826917476-4        2.3876+0*
*        4.80594731774-2               0
GRID*               2421               0 3.69690754316-1        3.4036+0*
*         8.5277318254-1               0
GRID*               2422               0 9.88826917476-4        2.3368+0*
*        4.80594731774-2               0
GRID*               2423               0 5.80345232189-1        3.2512+0*
*        1.00962871891+0               0
GRID*               2424               0 9.88826917476-4         2.286+0*
*        4.80594731774-2               0
GRID*               2425               0  1.4568303247+0        3.5306+0*
*        1.13223959823+0               0
GRID*               2426               0 9.88826917476-4        2.2352+0*
*        4.80594731774-2               0
GRID*               2427               0  1.4568303247+0        3.4798+0*
*        1.13223959823+0               0
GRID*               2428               0 9.88826917476-4        2.1844+0*
*        4.80594731774-2               0
GRID*               2429               0  1.4568303247+0         3.429+0*
*        1.13223959823+0               0
GRID*               2430               0 9.88826917476-4        2.1336+0*
*        4.80594731774-2               0
GRID*               2431               0  1.4568303247+0        3.3528+0*
*        1.13223959823+0               0
GRID*               2432               0 9.88826917476-4        2.0828+0*
*        4.80594731774-2               0
GRID*               2433               0 3.49380544848-2        3.4036+0*
*        2.83588748135-1               0
GRID*               2434               0 9.88826917476-4         2.032+0*
*        4.80594731774-2               0
GRID*               2435               0 3.49380544848-2        3.4544+0*
*        2.83588748135-1               0
GRID*               2436               0 3.49380544848-2        3.4798+0*
*        2.83588748135-1               0
GRID*               2437               0 3.49380544848-2        3.5052+0*
*        2.83588748135-1               0
GRID*               2438               0 3.49380544848-2        3.5306+0*
*        2.83588748135-1               0
GRID*               2439               0 3.49380544848-2         3.556+0*
*        2.83588748135-1               0
GRID*               2440               0  1.4568303247+0         3.556+0*
*        1.13223959823+0               0
GRID*               2441               0  1.4568303247+0        3.5052+0*
*        1.13223959823+0               0
GRID*               2442               0 5.80345232189-1         3.556+0*
*        1.00962871891+0               0
GRID*               2443               0  1.4568303247+0        3.3782+0*
*        1.13223959823+0               0
GRID*               2444               0  1.4568303247+0        3.4036+0*
*        1.13223959823+0               0
GRID*               2445               0 7.07963365749-1        3.2766+0*
*         1.0738513239+0               0
GRID*               2446               0  1.4568303247+0         3.302+0*
*        1.13223959823+0               0
GRID*               2447               0           0.0+0        2.4892+0*
*                  0.0+0               0
GRID*               2448               0  1.4568303247+0        3.2512+0*
*        1.13223959823+0               0
GRID*               2449               0           0.0+0        2.4384+0*
*                  0.0+0               0
GRID*               2450               0  1.4568303247+0        3.2004+0*
*        1.13223959823+0               0
GRID*               2451               0           0.0+0        2.3876+0*
*                  0.0+0               0
GRID*               2452               0  1.4568303247+0        3.1496+0*
*        1.13223959823+0               0
GRID*               2453               0           0.0+0        2.3368+0*
*                  0.0+0               0
GRID*               2454               0  1.4568303247+0        3.0988+0*
*        1.13223959823+0               0
GRID        2455       0   0.0+0 2.286+0   0.0+0       0
GRID*               2456               0 4.09737719656-2         3.048+0*
*        3.06706146564-1               0
GRID*               2457               0           0.0+0        2.2352+0*
*                  0.0+0               0
GRID*               2458               0 4.09737719656-2        3.0734+0*
*        3.06706146564-1               0
GRID*               2459               0           0.0+0        2.1844+0*
*                  0.0+0               0
GRID*               2460               0 4.09737719656-2        3.0988+0*
*        3.06706146564-1               0
GRID*               2461               0           0.0+0        2.1336+0*
*                  0.0+0               0
GRID*               2462               0 6.01112765733-1        3.3274+0*
*        1.02144199729+0               0
GRID*               2463               0 5.45047936638-2        3.5306+0*
*        3.52698212784-1               0
GRID*               2464               0 6.01112765733-1        3.3782+0*
*        1.02144199729+0               0
GRID*               2465               0 1.22078301897+0        3.3528+0*
*        1.16722516222+0               0
GRID*               2466               0 1.03022416015+0        3.0988+0*
*        1.16020084351+0               0
GRID*               2467               0        -1.778-1        2.4892+0*
*       -3.07958633586-1               0
GRID*               2468               0 5.45047936638-2        3.2512+0*
*        3.52698212784-1               0
GRID*               2469               0        -1.778-1        2.4384+0*
*       -3.07958633586-1               0
GRID*               2470               0 8.65995827702-1        3.2766+0*
*        1.12858773544+0               0
GRID*               2471               0        -1.778-1        2.3876+0*
*       -3.07958633586-1               0
GRID*               2472               0 5.45047936638-2        3.3274+0*
*        3.52698212784-1               0
GRID*               2473               0        -1.778-1        2.3368+0*
*       -3.07958633586-1               0
GRID*               2474               0 6.01112765733-1        3.0734+0*
*        1.02144199729+0               0
GRID*               2475               0        -1.778-1         2.286+0*
*       -3.07958633586-1               0
GRID*               2476               0 5.45047936638-2        3.4036+0*
*        3.52698212784-1               0
GRID*               2477               0        -1.778-1        2.2352+0*
*       -3.07958633586-1               0
GRID*               2478               0 6.01112765733-1        3.2258+0*
*        1.02144199729+0               0
GRID*               2479               0        -1.778-1        2.1844+0*
*       -3.07958633586-1               0
GRID*               2480               0 5.45047936638-2        3.4798+0*
*        3.52698212784-1               0
GRID*               2481               0  1.4568303247+0        3.3274+0*
*        1.13223959823+0               0
GRID*               2482               0  1.4568303247+0        3.2766+0*
*        1.13223959823+0               0
GRID*               2483               0  1.4568303247+0        3.2258+0*
*        1.13223959823+0               0
GRID*               2484               0  1.4568303247+0         3.175+0*
*        1.13223959823+0               0
GRID*               2485               0  1.4568303247+0        3.1242+0*
*        1.13223959823+0               0
GRID*               2486               0  1.4568303247+0        3.0734+0*
*        1.13223959823+0               0
GRID*               2487               0 5.80345232189-1        3.3528+0*
*        1.00962871891+0               0
GRID*               2488               0 5.80345232189-1        3.4036+0*
*        1.00962871891+0               0
GRID*               2489               0 5.80345232189-1        3.4544+0*
*        1.00962871891+0               0
GRID*               2490               0 4.09737719656-2        3.1496+0*
*        3.06706146564-1               0
GRID*               2491               0 5.80345232189-1        3.5052+0*
*        1.00962871891+0               0
GRID*               2492               0-3.39561108974-3          2.54+0*
*       -4.90247736593-2               0
GRID*               2493               0 6.86193106377-1         3.556+0*
*        1.06425329304+0               0
GRID*               2494               0-3.39561108974-3        2.4892+0*
*       -4.90247736593-2               0
GRID*               2495               0 7.52105105513-1        3.4544+0*
*        1.09172208956+0               0
GRID*               2496               0-3.39561108974-3        2.4384+0*
*       -4.90247736593-2               0
GRID*               2497               0 1.03022416015+0        3.5306+0*
*        1.16020084351+0               0
GRID*               2498               0-3.39561108974-3        2.3876+0*
*       -4.90247736593-2               0
GRID*               2499               0 1.03022416015+0        3.4798+0*
*        1.16020084351+0               0
GRID*               2500               0-3.39561108974-3        2.3368+0*
*       -4.90247736593-2               0
GRID*               2501               0 1.03022416015+0         3.429+0*
*        1.16020084351+0               0
GRID*               2502               0-3.39561108974-3         2.286+0*
*       -4.90247736593-2               0
GRID*               2503               0 1.03022416015+0        3.3782+0*
*        1.16020084351+0               0
GRID*               2504               0-3.39561108974-3        2.2352+0*
*       -4.90247736593-2               0
GRID*               2505               0 1.03022416015+0        3.3274+0*
*        1.16020084351+0               0
GRID*               2506               0-3.39561108974-3        2.1844+0*
*       -4.90247736593-2               0
GRID*               2507               0 1.03022416015+0        3.2766+0*
*        1.16020084351+0               0
GRID*               2508               0-3.39561108974-3        2.1336+0*
*       -4.90247736593-2               0
GRID*               2509               0 1.03022416015+0        3.2258+0*
*        1.16020084351+0               0
GRID*               2510               0-3.39561108974-3        2.0828+0*
*       -4.90247736593-2               0
GRID*               2511               0 4.09737719656-2         3.429+0*
*        3.06706146564-1               0
GRID*               2512               0-3.39561108974-3         2.032+0*
*       -4.90247736593-2               0
GRID*               2513               0 4.09737719656-2         3.175+0*
*        3.06706146564-1               0
GRID*               2514               0 4.09737719656-2        3.2004+0*
*        3.06706146564-1               0
GRID*               2515               0 4.09737719656-2        3.2258+0*
*        3.06706146564-1               0
GRID*               2516               0 4.09737719656-2        3.2512+0*
*        3.06706146564-1               0
GRID*               2517               0 4.09737719656-2        3.2766+0*
*        3.06706146564-1               0
GRID*               2518               0 4.09737719656-2         3.302+0*
*        3.06706146564-1               0
GRID*               2519               0 4.09737719656-2        3.3274+0*
*        3.06706146564-1               0
GRID*               2520               0 4.09737719656-2        3.3528+0*
*        3.06706146564-1               0
GRID*               2521               0 4.09737719656-2        3.3782+0*
*        3.06706146564-1               0
GRID*               2522               0 1.03022416015+0         3.175+0*
*        1.16020084351+0               0
GRID*               2523               0 4.09737719656-2        3.4036+0*
*        3.06706146564-1               0
GRID*               2524               0-1.29289135942-2          2.54+0*
*        -9.5015191109-2               0
GRID*               2525               0 4.09737719656-2        3.4544+0*
*        3.06706146564-1               0
GRID*               2526               0-1.29289135942-2        2.4892+0*
*        -9.5015191109-2               0
GRID*               2527               0 4.09737719656-2        3.4798+0*
*        3.06706146564-1               0
GRID*               2528               0-1.29289135942-2        2.4384+0*
*        -9.5015191109-2               0
GRID*               2529               0 4.09737719656-2        3.5052+0*
*        3.06706146564-1               0
GRID*               2530               0-1.29289135942-2        2.3876+0*
*        -9.5015191109-2               0
GRID*               2531               0 4.09737719656-2        3.5306+0*
*        3.06706146564-1               0
GRID*               2532               0-1.29289135942-2        2.3368+0*
*        -9.5015191109-2               0
GRID*               2533               0 4.09737719656-2         3.556+0*
*        3.06706146564-1               0
GRID*               2534               0-1.29289135942-2         2.286+0*
*        -9.5015191109-2               0
GRID*               2535               0 3.69690754316-1         3.429+0*
*         8.5277318254-1               0
GRID*               2536               0-1.29289135942-2        2.2352+0*
*        -9.5015191109-2               0
GRID*               2537               0 3.69690754316-1         3.556+0*
*         8.5277318254-1               0
GRID*               2538               0-1.29289135942-2        2.1844+0*
*        -9.5015191109-2               0
GRID*               2539               0 1.03022416015+0        3.4544+0*
*        1.16020084351+0               0
GRID*               2540               0-1.29289135942-2        2.1336+0*
*        -9.5015191109-2               0
GRID*               2541               0 1.03022416015+0        3.2512+0*
*        1.16020084351+0               0
GRID*               2542               0-1.29289135942-2        2.0828+0*
*        -9.5015191109-2               0
GRID*               2543               0 -1.1881413614-1        3.2258+0*
*       -2.65299481108-1               0
GRID*               2544               0-1.29289135942-2         2.032+0*
*        -9.5015191109-2               0
GRID*               2545               0 1.03022416015+0        3.1242+0*
*        1.16020084351+0               0
GRID*               2546               0 7.97052388553-1        3.5306+0*
*        1.10781745404+0               0
GRID*               2547               0 7.52105105513-1        3.3528+0*
*        1.09172208956+0               0
GRID*               2548               0 1.03022416015+0         3.556+0*
*        1.16020084351+0               0
GRID*               2549               0 3.87220482935-1        3.1496+0*
*        8.68859667678-1               0
GRID*               2550               0 3.69690754316-1        3.4544+0*
*         8.5277318254-1               0
GRID*               2551               0 3.69690754316-1        3.5052+0*
*         8.5277318254-1               0
GRID*               2552               0 7.52105105513-1        3.3782+0*
*        1.09172208956+0               0
GRID*               2553               0 1.03022416015+0        3.3528+0*
*        1.16020084351+0               0
GRID*               2554               0 3.87220482935-1        3.0734+0*
*        8.68859667678-1               0
GRID*               2555               0 1.03022416015+0        3.1496+0*
*        1.16020084351+0               0
GRID*               2556               0-2.78226222164-2          2.54+0*
*       -1.37888906781-1               0
GRID*               2557               0 1.43371590573+0        3.5306+0*
*        1.13787786259+0               0
GRID*               2558               0-2.78226222164-2        2.4892+0*
*       -1.37888906781-1               0
GRID*               2559               0 1.43371590573+0        3.4798+0*
*        1.13787786259+0               0
GRID*               2560               0-2.78226222164-2        2.4384+0*
*       -1.37888906781-1               0
GRID*               2561               0 1.43371590573+0        3.4544+0*
*        1.13787786259+0               0
GRID*               2562               0-2.78226222164-2        2.3876+0*
*       -1.37888906781-1               0
GRID*               2563               0 1.43371590573+0        3.4036+0*
*        1.13787786259+0               0
GRID*               2564               0-2.78226222164-2        2.3368+0*
*       -1.37888906781-1               0
GRID*               2565               0 1.43371590573+0        3.3528+0*
*        1.13787786259+0               0
GRID*               2566               0-2.78226222164-2         2.286+0*
*       -1.37888906781-1               0
GRID*               2567               0 4.74949753381-2         3.048+0*
*        3.29743060105-1               0
GRID*               2568               0-2.78226222164-2        2.2352+0*
*       -1.37888906781-1               0
GRID*               2569               0 4.74949753381-2        3.0734+0*
*        3.29743060105-1               0
GRID*               2570               0-2.78226222164-2        2.1844+0*
*       -1.37888906781-1               0
GRID*               2571               0 4.74949753381-2        3.0988+0*
*        3.29743060105-1               0
GRID*               2572               0-2.78226222164-2        2.1336+0*
*       -1.37888906781-1               0
GRID*               2573               0 4.74949753381-2        3.1242+0*
*        3.29743060105-1               0
GRID*               2574               0-2.78226222164-2        2.0828+0*
*       -1.37888906781-1               0
GRID*               2575               0 4.74949753381-2        3.1496+0*
*        3.29743060105-1               0
GRID*               2576               0-2.78226222164-2         2.032+0*
*       -1.37888906781-1               0
GRID*               2577               0 1.43371590573+0         3.556+0*
*        1.13787786259+0               0
GRID*               2578               0 1.43371590573+0        3.5052+0*
*        1.13787786259+0               0
GRID        2579       0-3.556-1   0.0+0   0.0+0       0
GRID*               2580               0        1.1684+0           0.0+0*
*                  0.0+0               0
GRID        2581       0   0.0+0 3.048+0   0.0+0       0
GRID*               2582               0        -1.778-1        3.0988+0*
*       -3.07958633586-1               0
GRID*               2583               0        -1.778-1         3.556+0*
*       -3.07958633586-1               0
GRID        2584       0   0.0+0 3.556+0   0.0+0       0
GRID*               2585               0 1.22078301897+0        3.4798+0*
*        1.16722516222+0               0
GRID*               2586               0        -1.778-1         3.048+0*
*       -3.07958633586-1               0
GRID*               2587               0        -1.778-1        3.0734+0*
*       -3.07958633586-1               0
GRID*               2588               0 1.03022416015+0        3.0734+0*
*        1.16020084351+0               0
GRID*               2589               0 5.39422393738-1        3.3528+0*
*        9.84655132938-1               0
GRID*               2590               0 6.20068366979-2         3.048+0*
*         3.7556987126-1               0
GRID*               2591               0 8.65995827702-1         3.175+0*
*        1.12858773544+0               0
GRID*               2592               0 2.41445957204-1         3.048+0*
*        7.11276853654-1               0
GRID*               2593               0 1.17285600828+0        3.5306+0*
*        1.16839150287+0               0
GRID*               2594               0  5.1927173974-1         3.048+0*
*        9.71489095014-1               0
GRID*               2595               0 6.64622795291-1        3.0988+0*
*         1.0542139669+0               0
GRID*               2596               0 8.65995827702-1         3.048+0*
*        1.12858773544+0               0
GRID*               2597               0 7.07963365749-1        3.0734+0*
*         1.0738513239+0               0
GRID*               2598               0 1.24481701619+0         3.048+0*
*        1.16589836591+0               0
GRID*               2599               0 6.43252392982-1        3.2512+0*
*        1.04373298829+0               0
GRID*               2600               0 1.61552732238+0         3.048+0*
*        1.07946084579+0               0
GRID*               2601               0 3.02886856346-1        3.4036+0*
*        7.84885697514-1               0
GRID*               2602               0 1.93877965036+0         3.048+0*
*        8.78449631058-1               0
GRID*               2603               0 7.97052388553-1        3.2766+0*
*        1.10781745404+0               0
GRID*               2604               0 2.18026408178+0         3.048+0*
*                5.842-1               0
GRID*               2605               0           0.0+0        3.0734+0*
*                  0.0+0               0
GRID*               2606               0 6.20068366979-2         3.556+0*
*         3.7556987126-1               0
GRID*               2607               0 6.20068366979-2        3.0734+0*
*         3.7556987126-1               0
GRID*               2608               0 2.41445957204-1         3.556+0*
*        7.11276853654-1               0
GRID*               2609               0 2.41445957204-1        3.0734+0*
*        7.11276853654-1               0
GRID*               2610               0  5.1927173974-1         3.556+0*
*        9.71489095014-1               0
GRID*               2611               0  5.1927173974-1        3.0734+0*
*        9.71489095014-1               0
GRID*               2612               0 8.65995827702-1         3.556+0*
*        1.12858773544+0               0
GRID*               2613               0 8.65995827702-1        3.0734+0*
*        1.12858773544+0               0
GRID*               2614               0 1.24481701619+0         3.556+0*
*        1.16589836591+0               0
GRID*               2615               0 1.24481701619+0        3.0734+0*
*        1.16589836591+0               0
GRID*               2616               0 1.61552732238+0         3.556+0*
*        1.07946084579+0               0
GRID*               2617               0 1.61552732238+0        3.0734+0*
*        1.07946084579+0               0
GRID*               2618               0 1.93877965036+0         3.556+0*
*        8.78449631058-1               0
GRID*               2619               0 1.93877965036+0        3.0734+0*
*        8.78449631058-1               0
GRID*               2620               0 2.18026408178+0         3.556+0*
*                5.842-1               0
GRID*               2621               0 5.39422393738-1         3.302+0*
*        9.84655132938-1               0
GRID*               2622               0 8.65995827702-1        3.3274+0*
*        1.12858773544+0               0
GRID*               2623               0 1.19679576966+0        3.5306+0*
*        1.16805489608+0               0
GRID*               2624               0 9.36087738129-1        3.1242+0*
*        1.14507186368+0               0
GRID*               2625               0 7.52105105513-1        3.1496+0*
*        1.09172208956+0               0
GRID*               2626               0 4.99396585342-1        3.0988+0*
*        9.57910742802-1               0
GRID*               2627               0 8.89309173292-1        3.2258+0*
*        1.13457783799+0               0
GRID*               2628               0 1.61248020964-1         3.429+0*
*        5.92286629195-1               0
GRID*               2629               0 -1.1881413614-1        3.1496+0*
*       -2.65299481108-1               0
GRID*               2630               0 2.18026408178+0        3.5306+0*
*                5.842-1               0
GRID*               2631               0 8.65995827702-1        3.3528+0*
*        1.12858773544+0               0
GRID*               2632               0 2.18026408178+0        3.5052+0*
*                5.842-1               0
GRID*               2633               0 8.65995827702-1        3.2512+0*
*        1.12858773544+0               0
GRID*               2634               0 2.18026408178+0        3.4798+0*
*                5.842-1               0
GRID*               2635               0 8.65995827702-1        3.1496+0*
*        1.12858773544+0               0
GRID*               2636               0 2.18026408178+0        3.4544+0*
*                5.842-1               0
GRID*               2637               0 6.01112765733-1        3.4036+0*
*        1.02144199729+0               0
GRID*               2638               0 2.18026408178+0         3.429+0*
*                5.842-1               0
GRID*               2639               0 4.99396585342-1        3.4798+0*
*        9.57910742802-1               0
GRID*               2640               0 2.18026408178+0        3.4036+0*
*                5.842-1               0
GRID*               2641               0 1.22078301897+0        3.4544+0*
*        1.16722516222+0               0
GRID*               2642               0 2.18026408178+0        3.3782+0*
*                5.842-1               0
GRID*               2643               0 1.84485269101+0        3.5052+0*
*         9.5266485021-1               0
GRID*               2644               0 2.18026408178+0        3.3528+0*
*                5.842-1               0
GRID*               2645               0 1.84485269101+0         3.429+0*
*         9.5266485021-1               0
GRID*               2646               0 2.18026408178+0        3.3274+0*
*                5.842-1               0
GRID*               2647               0 1.99393595648-1        3.3782+0*
*        6.52828574991-1               0
GRID*               2648               0 2.18026408178+0         3.302+0*
*                5.842-1               0
GRID*               2649               0 1.99393595648-1        3.4544+0*
*        6.52828574991-1               0
GRID*               2650               0 2.18026408178+0        3.2766+0*
*                5.842-1               0
GRID*               2651               0 1.99393595648-1        3.5306+0*
*        6.52828574991-1               0
GRID*               2652               0 2.18026408178+0        3.2512+0*
*                5.842-1               0
GRID*               2653               0 6.43252392982-1        3.5306+0*
*        1.04373298829+0               0
GRID*               2654               0 2.18026408178+0        3.2258+0*
*                5.842-1               0
GRID*               2655               0 1.22078301897+0         3.429+0*
*        1.16722516222+0               0
GRID*               2656               0 2.18026408178+0        3.2004+0*
*                5.842-1               0
GRID*               2657               0 1.22078301897+0        3.3274+0*
*        1.16722516222+0               0
GRID*               2658               0 2.18026408178+0         3.175+0*
*                5.842-1               0
GRID*               2659               0 4.99396585342-1        3.2258+0*
*        9.57910742802-1               0
GRID*               2660               0 2.18026408178+0        3.1496+0*
*                5.842-1               0
GRID*               2661               0 4.99396585342-1        3.3782+0*
*        9.57910742802-1               0
GRID*               2662               0 2.18026408178+0        3.1242+0*
*                5.842-1               0
GRID*               2663               0 4.99396585342-1        3.5306+0*
*        9.57910742802-1               0
GRID*               2664               0 2.18026408178+0        3.0988+0*
*                5.842-1               0
GRID*               2665               0 1.99393595648-1         3.048+0*
*        6.52828574991-1               0
GRID*               2666               0 2.18026408178+0        3.0734+0*
*                5.842-1               0
GRID*               2667               0-1.56696929602-1        3.2004+0*
*       -2.94769280262-1               0
GRID*               2668               0 7.07963365749-1         3.048+0*
*         1.0738513239+0               0
GRID*               2669               0 -1.1881413614-1         3.048+0*
*       -2.65299481108-1               0
GRID*               2670               0 8.65995827702-1         3.302+0*
*        1.12858773544+0               0
GRID*               2671               0 8.65995827702-1        3.2258+0*
*        1.12858773544+0               0
GRID*               2672               0 8.65995827702-1        3.1242+0*
*        1.12858773544+0               0
GRID*               2673               0 1.19679576966+0         3.556+0*
*        1.16805489608+0               0
GRID*               2674               0 1.99393595648-1        3.0734+0*
*        6.52828574991-1               0
GRID*               2675               0 1.99393595648-1         3.175+0*
*        6.52828574991-1               0
GRID*               2676               0 1.99393595648-1        3.2512+0*
*        6.52828574991-1               0
GRID*               2677               0 1.99393595648-1        3.3274+0*
*        6.52828574991-1               0
GRID*               2678               0 1.84485269101+0         3.302+0*
*         9.5266485021-1               0
GRID*               2679               0 1.84485269101+0        3.2258+0*
*         9.5266485021-1               0
GRID*               2680               0 1.84485269101+0        3.1496+0*
*         9.5266485021-1               0
GRID*               2681               0 1.84485269101+0        3.0734+0*
*         9.5266485021-1               0
GRID*               2682               0-1.56696929602-1         3.048+0*
*       -2.94769280262-1               0
GRID*               2683               0-1.56696929602-1        3.0734+0*
*       -2.94769280262-1               0
GRID*               2684               0-1.56696929602-1        3.0988+0*
*       -2.94769280262-1               0
GRID*               2685               0-1.56696929602-1        3.1242+0*
*       -2.94769280262-1               0
GRID*               2686               0-1.56696929602-1        3.1496+0*
*       -2.94769280262-1               0
GRID*               2687               0 1.99393595648-1        3.1242+0*
*        6.52828574991-1               0
GRID*               2688               0-1.56696929602-1         3.175+0*
*       -2.94769280262-1               0
GRID*               2689               0 2.16801469916+0         3.556+0*
*        6.04920666891-1               0
GRID*               2690               0-1.56696929602-1        3.2258+0*
*       -2.94769280262-1               0
GRID*               2691               0 2.16801469916+0        3.5306+0*
*        6.04920666891-1               0
GRID*               2692               0-1.56696929602-1        3.2512+0*
*       -2.94769280262-1               0
GRID*               2693               0 2.16801469916+0        3.5052+0*
*        6.04920666891-1               0
GRID*               2694               0-1.56696929602-1        3.2766+0*
*       -2.94769280262-1               0
GRID*               2695               0 2.16801469916+0        3.4798+0*
*        6.04920666891-1               0
GRID*               2696               0-1.56696929602-1         3.302+0*
*       -2.94769280262-1               0
GRID*               2697               0 2.16801469916+0        3.4544+0*
*        6.04920666891-1               0
GRID*               2698               0 6.20068366979-2        3.0988+0*
*         3.7556987126-1               0
GRID*               2699               0 2.16801469916+0         3.429+0*
*        6.04920666891-1               0
GRID*               2700               0 6.20068366979-2        3.1242+0*
*         3.7556987126-1               0
GRID*               2701               0 2.16801469916+0        3.4036+0*
*        6.04920666891-1               0
GRID*               2702               0 6.20068366979-2        3.1496+0*
*         3.7556987126-1               0
GRID*               2703               0 2.16801469916+0        3.3782+0*
*        6.04920666891-1               0
GRID*               2704               0 6.20068366979-2         3.175+0*
*         3.7556987126-1               0
GRID*               2705               0 2.16801469916+0        3.3528+0*
*        6.04920666891-1               0
GRID*               2706               0 6.20068366979-2        3.2004+0*
*         3.7556987126-1               0
GRID*               2707               0 2.16801469916+0        3.3274+0*
*        6.04920666891-1               0
GRID*               2708               0 6.20068366979-2        3.2258+0*
*         3.7556987126-1               0
GRID*               2709               0 2.16801469916+0         3.302+0*
*        6.04920666891-1               0
GRID*               2710               0 6.20068366979-2        3.2512+0*
*         3.7556987126-1               0
GRID*               2711               0 2.16801469916+0        3.2766+0*
*        6.04920666891-1               0
GRID*               2712               0 6.20068366979-2        3.2766+0*
*         3.7556987126-1               0
GRID*               2713               0 2.16801469916+0        3.2512+0*
*        6.04920666891-1               0
GRID*               2714               0 6.20068366979-2         3.302+0*
*         3.7556987126-1               0
GRID*               2715               0 2.16801469916+0        3.2258+0*
*        6.04920666891-1               0
GRID*               2716               0 6.20068366979-2        3.3274+0*
*         3.7556987126-1               0
GRID*               2717               0 2.16801469916+0        3.2004+0*
*        6.04920666891-1               0
GRID*               2718               0 6.20068366979-2        3.3528+0*
*         3.7556987126-1               0
GRID*               2719               0 2.16801469916+0         3.175+0*
*        6.04920666891-1               0
GRID*               2720               0 6.20068366979-2        3.3782+0*
*         3.7556987126-1               0
GRID*               2721               0 2.16801469916+0        3.1496+0*
*        6.04920666891-1               0
GRID*               2722               0 6.20068366979-2        3.4036+0*
*         3.7556987126-1               0
GRID*               2723               0 2.16801469916+0        3.1242+0*
*        6.04920666891-1               0
GRID*               2724               0 6.20068366979-2         3.429+0*
*         3.7556987126-1               0
GRID*               2725               0 2.16801469916+0        3.0988+0*
*        6.04920666891-1               0
GRID*               2726               0 6.20068366979-2        3.4544+0*
*         3.7556987126-1               0
GRID*               2727               0 2.16801469916+0        3.0734+0*
*        6.04920666891-1               0
GRID*               2728               0 1.41049147286+0        3.1242+0*
*        1.14304430307+0               0
GRID*               2729               0 2.16801469916+0         3.048+0*
*        6.04920666891-1               0
GRID*               2730               0 1.84485269101+0        3.5306+0*
*         9.5266485021-1               0
GRID*               2731               0 1.99393595648-1        3.2258+0*
*        6.52828574991-1               0
GRID*               2732               0 1.84485269101+0        3.4544+0*
*         9.5266485021-1               0
GRID*               2733               0 1.99393595648-1         3.302+0*
*        6.52828574991-1               0
GRID*               2734               0 1.84485269101+0        3.3782+0*
*         9.5266485021-1               0
GRID*               2735               0 7.07963365749-1        3.2512+0*
*         1.0738513239+0               0
GRID*               2736               0 6.64622795291-1         3.048+0*
*         1.0542139669+0               0
GRID*               2737               0 7.74477709277-1        3.1496+0*
*        1.09999263128+0               0
GRID*               2738               0 2.12973692773-1        3.3782+0*
*        6.72546750389-1               0
GRID*               2739               0 1.41049147286+0        3.4036+0*
*        1.14304430307+0               0
GRID*               2740               0 1.41049147286+0        3.3782+0*
*        1.14304430307+0               0
GRID*               2741               0 1.41049147286+0        3.3528+0*
*        1.14304430307+0               0
GRID*               2742               0 1.41049147286+0        3.3274+0*
*        1.14304430307+0               0
GRID*               2743               0 1.41049147286+0         3.302+0*
*        1.14304430307+0               0
GRID*               2744               0 1.41049147286+0        3.2766+0*
*        1.14304430307+0               0
GRID*               2745               0 1.41049147286+0        3.2512+0*
*        1.14304430307+0               0
GRID*               2746               0 1.41049147286+0        3.2258+0*
*        1.14304430307+0               0
GRID*               2747               0 1.41049147286+0        3.2004+0*
*        1.14304430307+0               0
GRID*               2748               0 1.41049147286+0         3.175+0*
*        1.14304430307+0               0
GRID*               2749               0 6.20068366979-2        3.4798+0*
*         3.7556987126-1               0
GRID*               2750               0 1.41049147286+0        3.1496+0*
*        1.14304430307+0               0
GRID*               2751               0 2.15537799596+0         3.556+0*
*        6.25326311205-1               0
GRID*               2752               0 1.41049147286+0        3.0988+0*
*        1.14304430307+0               0
GRID*               2753               0 2.15537799596+0        3.5306+0*
*        6.25326311205-1               0
GRID*               2754               0 1.41049147286+0        3.0734+0*
*        1.14304430307+0               0
GRID*               2755               0 2.15537799596+0        3.5052+0*
*        6.25326311205-1               0
GRID*               2756               0 4.05081743464-1        3.4036+0*
*        8.84592448102-1               0
GRID*               2757               0 2.15537799596+0        3.4798+0*
*        6.25326311205-1               0
GRID*               2758               0 8.65995827702-1        3.0988+0*
*        1.12858773544+0               0
GRID*               2759               0 2.15537799596+0        3.4544+0*
*        6.25326311205-1               0
GRID*               2760               0 2.12973692773-1        3.3528+0*
*        6.72546750389-1               0
GRID*               2761               0 2.15537799596+0         3.429+0*
*        6.25326311205-1               0
GRID*               2762               0 4.05081743464-1        3.1242+0*
*        8.84592448102-1               0
GRID*               2763               0 2.15537799596+0        3.4036+0*
*        6.25326311205-1               0
GRID*               2764               0 4.05081743464-1        3.2258+0*
*        8.84592448102-1               0
GRID*               2765               0 2.15537799596+0        3.3782+0*
*        6.25326311205-1               0
GRID*               2766               0 4.05081743464-1        3.3274+0*
*        8.84592448102-1               0
GRID*               2767               0 2.15537799596+0        3.3528+0*
*        6.25326311205-1               0
GRID*               2768               0 1.38715677728+0         3.556+0*
*        1.14773866032+0               0
GRID*               2769               0 2.15537799596+0        3.3274+0*
*        6.25326311205-1               0
GRID*               2770               0 1.38715677728+0        3.5052+0*
*        1.14773866032+0               0
GRID*               2771               0 2.15537799596+0         3.302+0*
*        6.25326311205-1               0
GRID*               2772               0 1.38715677728+0        3.4544+0*
*        1.14773866032+0               0
GRID*               2773               0 2.15537799596+0        3.2766+0*
*        6.25326311205-1               0
GRID*               2774               0 1.38715677728+0        3.4036+0*
*        1.14773866032+0               0
GRID*               2775               0 2.15537799596+0        3.2512+0*
*        6.25326311205-1               0
GRID*               2776               0 6.99784492954-2         3.048+0*
*        3.98282132348-1               0
GRID*               2777               0 2.15537799596+0        3.2258+0*
*        6.25326311205-1               0
GRID*               2778               0 6.99784492954-2        3.0734+0*
*        3.98282132348-1               0
GRID*               2779               0 2.15537799596+0        3.2004+0*
*        6.25326311205-1               0
GRID*               2780               0 6.99784492954-2        3.0988+0*
*        3.98282132348-1               0
GRID*               2781               0 2.15537799596+0         3.175+0*
*        6.25326311205-1               0
GRID*               2782               0 6.99784492954-2        3.1242+0*
*        3.98282132348-1               0
GRID*               2783               0 2.15537799596+0        3.1496+0*
*        6.25326311205-1               0
GRID*               2784               0 6.99784492954-2        3.1496+0*
*        3.98282132348-1               0
GRID*               2785               0 2.15537799596+0        3.1242+0*
*        6.25326311205-1               0
GRID*               2786               0 6.99784492954-2         3.175+0*
*        3.98282132348-1               0
GRID*               2787               0 2.15537799596+0        3.0988+0*
*        6.25326311205-1               0
GRID*               2788               0 6.99784492954-2        3.2004+0*
*        3.98282132348-1               0
GRID*               2789               0 2.15537799596+0        3.0734+0*
*        6.25326311205-1               0
GRID*               2790               0 4.05081743464-1         3.175+0*
*        8.84592448102-1               0
GRID*               2791               0 2.15537799596+0         3.048+0*
*        6.25326311205-1               0
GRID*               2792               0 6.20068366979-2        3.5052+0*
*         3.7556987126-1               0
GRID*               2793               0 6.20068366979-2        3.5306+0*
*         3.7556987126-1               0
GRID*               2794               0 1.41049147286+0         3.429+0*
*        1.14304430307+0               0
GRID*               2795               0 1.41049147286+0         3.048+0*
*        1.14304430307+0               0
GRID*               2796               0 7.74477709277-1        3.4036+0*
*        1.09999263128+0               0
GRID*               2797               0 4.05081743464-1        3.0734+0*
*        8.84592448102-1               0
GRID*               2798               0 4.05081743464-1        3.2004+0*
*        8.84592448102-1               0
GRID*               2799               0 4.05081743464-1        3.2766+0*
*        8.84592448102-1               0
GRID*               2800               0 1.00661888216+0        3.5306+0*
*        1.15714537976+0               0
GRID*               2801               0 1.38715677728+0        3.5306+0*
*        1.14773866032+0               0
GRID*               2802               0 1.38715677728+0        3.4798+0*
*        1.14773866032+0               0
GRID*               2803               0 1.38715677728+0         3.429+0*
*        1.14773866032+0               0
GRID*               2804               0 1.38715677728+0        3.3782+0*
*        1.14773866032+0               0
GRID*               2805               0 1.38715677728+0        3.3528+0*
*        1.14773866032+0               0
GRID*               2806               0 8.65995827702-1        3.2004+0*
*        1.12858773544+0               0
GRID*               2807               0 1.00661888216+0         3.556+0*
*        1.15714537976+0               0
GRID*               2808               0  1.8252893891+0        3.2766+0*
*        9.66258190388-1               0
GRID*               2809               0 4.05081743464-1         3.048+0*
*        8.84592448102-1               0
GRID*               2810               0 4.05081743464-1        3.0988+0*
*        8.84592448102-1               0
GRID*               2811               0 6.99784492954-2        3.2258+0*
*        3.98282132348-1               0
GRID*               2812               0 4.05081743464-1        3.1496+0*
*        8.84592448102-1               0
GRID*               2813               0 2.14235765547+0         3.556+0*
*         6.4541850403-1               0
GRID*               2814               0 4.05081743464-1        3.2512+0*
*        8.84592448102-1               0
GRID*               2815               0 2.14235765547+0        3.5306+0*
*         6.4541850403-1               0
GRID*               2816               0 4.05081743464-1         3.302+0*
*        8.84592448102-1               0
GRID*               2817               0 2.14235765547+0        3.5052+0*
*         6.4541850403-1               0
GRID*               2818               0 4.05081743464-1        3.3528+0*
*        8.84592448102-1               0
GRID*               2819               0 2.14235765547+0        3.4798+0*
*         6.4541850403-1               0
GRID*               2820               0 4.05081743464-1        3.3782+0*
*        8.84592448102-1               0
GRID*               2821               0 2.14235765547+0        3.4544+0*
*         6.4541850403-1               0
GRID*               2822               0 4.05081743464-1         3.429+0*
*        8.84592448102-1               0
GRID*               2823               0 2.14235765547+0         3.429+0*
*         6.4541850403-1               0
GRID*               2824               0 4.05081743464-1        3.4544+0*
*        8.84592448102-1               0
GRID*               2825               0 2.14235765547+0        3.4036+0*
*         6.4541850403-1               0
GRID*               2826               0 4.05081743464-1        3.4798+0*
*        8.84592448102-1               0
GRID*               2827               0 2.14235765547+0        3.3782+0*
*         6.4541850403-1               0
GRID*               2828               0 4.05081743464-1        3.5052+0*
*        8.84592448102-1               0
GRID*               2829               0 2.14235765547+0        3.3528+0*
*         6.4541850403-1               0
GRID*               2830               0 4.05081743464-1        3.5306+0*
*        8.84592448102-1               0
GRID*               2831               0 2.14235765547+0        3.3274+0*
*         6.4541850403-1               0
GRID*               2832               0 4.05081743464-1         3.556+0*
*        8.84592448102-1               0
GRID*               2833               0 2.14235765547+0         3.302+0*
*         6.4541850403-1               0
GRID*               2834               0 1.19679576966+0        3.4036+0*
*        1.16805489608+0               0
GRID*               2835               0 2.14235765547+0        3.2766+0*
*         6.4541850403-1               0
GRID*               2836               0 1.00661888216+0         3.302+0*
*        1.15714537976+0               0
GRID*               2837               0 2.14235765547+0        3.2512+0*
*         6.4541850403-1               0
GRID*               2838               0 1.00661888216+0        3.2512+0*
*        1.15714537976+0               0
GRID*               2839               0 2.14235765547+0        3.2258+0*
*         6.4541850403-1               0
GRID*               2840               0 1.38715677728+0         3.302+0*
*        1.14773866032+0               0
GRID*               2841               0 2.14235765547+0        3.2004+0*
*         6.4541850403-1               0
GRID*               2842               0 1.38715677728+0        3.2512+0*
*        1.14773866032+0               0
GRID*               2843               0 2.14235765547+0         3.175+0*
*         6.4541850403-1               0
GRID*               2844               0 1.38715677728+0        3.2004+0*
*        1.14773866032+0               0
GRID*               2845               0 2.14235765547+0        3.1496+0*
*         6.4541850403-1               0
GRID*               2846               0 1.38715677728+0        3.1496+0*
*        1.14773866032+0               0
GRID*               2847               0 2.14235765547+0        3.1242+0*
*         6.4541850403-1               0
GRID*               2848               0 1.38715677728+0        3.0988+0*
*        1.14773866032+0               0
GRID*               2849               0 2.14235765547+0        3.0988+0*
*         6.4541850403-1               0
GRID*               2850               0 1.38715677728+0         3.048+0*
*        1.14773866032+0               0
GRID*               2851               0 2.14235765547+0        3.0734+0*
*         6.4541850403-1               0
GRID*               2852               0 1.00661888216+0        3.3782+0*
*        1.15714537976+0               0
GRID*               2853               0 2.14235765547+0         3.048+0*
*         6.4541850403-1               0
GRID*               2854               0 6.99784492954-2        3.2512+0*
*        3.98282132348-1               0
GRID*               2855               0 6.99784492954-2        3.2766+0*
*        3.98282132348-1               0
GRID*               2856               0 6.99784492954-2         3.302+0*
*        3.98282132348-1               0
GRID*               2857               0 6.99784492954-2        3.3274+0*
*        3.98282132348-1               0
GRID*               2858               0 6.99784492954-2        3.3528+0*
*        3.98282132348-1               0
GRID*               2859               0 6.99784492954-2        3.3782+0*
*        3.98282132348-1               0
GRID*               2860               0 6.99784492954-2        3.4036+0*
*        3.98282132348-1               0
GRID*               2861               0 6.99784492954-2         3.429+0*
*        3.98282132348-1               0
GRID*               2862               0 6.99784492954-2        3.4544+0*
*        3.98282132348-1               0
GRID*               2863               0 6.99784492954-2        3.4798+0*
*        3.98282132348-1               0
GRID*               2864               0 6.99784492954-2        3.5052+0*
*        3.98282132348-1               0
GRID*               2865               0 6.99784492954-2        3.5306+0*
*        3.98282132348-1               0
GRID*               2866               0 6.99784492954-2         3.556+0*
*        3.98282132348-1               0
GRID*               2867               0 1.38715677728+0        3.3274+0*
*        1.14773866032+0               0
GRID*               2868               0 1.38715677728+0        3.2766+0*
*        1.14773866032+0               0
GRID*               2869               0 1.38715677728+0        3.2258+0*
*        1.14773866032+0               0
GRID*               2870               0 1.38715677728+0         3.175+0*
*        1.14773866032+0               0
GRID*               2871               0 1.38715677728+0        3.1242+0*
*        1.14773866032+0               0
GRID*               2872               0 1.38715677728+0        3.0734+0*
*        1.14773866032+0               0
GRID*               2873               0 1.00661888216+0         3.429+0*
*        1.15714537976+0               0
GRID*               2874               0 1.00661888216+0        3.4798+0*
*        1.15714537976+0               0
GRID*               2875               0 2.12895670015+0         3.556+0*
*        6.65198756609-1               0
GRID*               2876               0 1.00661888216+0        3.2258+0*
*        1.15714537976+0               0
GRID*               2877               0 2.12895670015+0        3.5306+0*
*        6.65198756609-1               0
GRID*               2878               0 6.01112765733-1        3.4544+0*
*        1.02144199729+0               0
GRID*               2879               0 2.12895670015+0        3.5052+0*
*        6.65198756609-1               0
GRID*               2880               0 7.83913980598-2         3.048+0*
*        4.20760986424-1               0
GRID*               2881               0 2.12895670015+0        3.4798+0*
*        6.65198756609-1               0
GRID*               2882               0 7.83913980598-2        3.0734+0*
*        4.20760986424-1               0
GRID*               2883               0 2.12895670015+0        3.4544+0*
*        6.65198756609-1               0
GRID*               2884               0 7.83913980598-2        3.0988+0*
*        4.20760986424-1               0
GRID*               2885               0 2.12895670015+0         3.429+0*
*        6.65198756609-1               0
GRID*               2886               0 7.83913980598-2        3.1242+0*
*        4.20760986424-1               0
GRID*               2887               0 2.12895670015+0        3.4036+0*
*        6.65198756609-1               0
GRID*               2888               0 7.83913980598-2        3.1496+0*
*        4.20760986424-1               0
GRID*               2889               0 2.12895670015+0        3.3782+0*
*        6.65198756609-1               0
GRID*               2890               0 7.83913980598-2         3.175+0*
*        4.20760986424-1               0
GRID*               2891               0 2.12895670015+0        3.3528+0*
*        6.65198756609-1               0
GRID*               2892               0 7.83913980598-2        3.2004+0*
*        4.20760986424-1               0
GRID*               2893               0 2.12895670015+0        3.3274+0*
*        6.65198756609-1               0
GRID*               2894               0 7.83913980598-2        3.2258+0*
*        4.20760986424-1               0
GRID*               2895               0 2.12895670015+0         3.302+0*
*        6.65198756609-1               0
GRID*               2896               0 7.83913980598-2        3.2512+0*
*        4.20760986424-1               0
GRID*               2897               0 2.12895670015+0        3.2766+0*
*        6.65198756609-1               0
GRID*               2898               0 7.83913980598-2        3.2766+0*
*        4.20760986424-1               0
GRID*               2899               0 2.12895670015+0        3.2512+0*
*        6.65198756609-1               0
GRID*               2900               0 7.83913980598-2         3.302+0*
*        4.20760986424-1               0
GRID*               2901               0 2.12895670015+0        3.2258+0*
*        6.65198756609-1               0
GRID*               2902               0 7.83913980598-2        3.3274+0*
*        4.20760986424-1               0
GRID*               2903               0 2.12895670015+0        3.2004+0*
*        6.65198756609-1               0
GRID*               2904               0 7.83913980598-2        3.3528+0*
*        4.20760986424-1               0
GRID*               2905               0 2.12895670015+0         3.175+0*
*        6.65198756609-1               0
GRID*               2906               0 7.83913980598-2        3.3782+0*
*        4.20760986424-1               0
GRID*               2907               0 2.12895670015+0        3.1496+0*
*        6.65198756609-1               0
GRID*               2908               0 7.83913980598-2        3.4036+0*
*        4.20760986424-1               0
GRID*               2909               0 2.12895670015+0        3.1242+0*
*        6.65198756609-1               0
GRID*               2910               0 7.83913980598-2         3.429+0*
*        4.20760986424-1               0
GRID*               2911               0 2.12895670015+0        3.0988+0*
*        6.65198756609-1               0
GRID*               2912               0 7.83913980598-2        3.4544+0*
*        4.20760986424-1               0
GRID*               2913               0 2.12895670015+0        3.0734+0*
*        6.65198756609-1               0
GRID*               2914               0 1.00661888216+0        3.1242+0*
*        1.15714537976+0               0
GRID*               2915               0 2.12895670015+0         3.048+0*
*        6.65198756609-1               0
GRID*               2916               0 1.00661888216+0        3.3274+0*
*        1.15714537976+0               0
GRID*               2917               0 1.00661888216+0        3.0734+0*
*        1.15714537976+0               0
GRID*               2918               0  1.8252893891+0        3.1242+0*
*        9.66258190388-1               0
GRID*               2919               0 1.00661888216+0        3.2004+0*
*        1.15714537976+0               0
GRID*               2920               0 1.00661888216+0        3.1496+0*
*        1.15714537976+0               0
GRID*               2921               0 1.00661888216+0        3.0988+0*
*        1.15714537976+0               0
GRID*               2922               0 1.00661888216+0         3.048+0*
*        1.15714537976+0               0
GRID*               2923               0 6.01112765733-1        3.5052+0*
*        1.02144199729+0               0
GRID*               2924               0 2.12973692773-1         3.048+0*
*        6.72546750389-1               0
GRID*               2925               0 7.07963365749-1        3.3782+0*
*         1.0738513239+0               0
GRID*               2926               0 4.23275256929-1         3.048+0*
*        8.99970931343-1               0
GRID*               2927               0 4.23275256929-1        3.0734+0*
*        8.99970931343-1               0
GRID*               2928               0 4.23275256929-1        3.0988+0*
*        8.99970931343-1               0
GRID*               2929               0 1.00661888216+0        3.2766+0*
*        1.15714537976+0               0
GRID*               2930               0 1.00661888216+0        3.5052+0*
*        1.15714537976+0               0
GRID*               2931               0 1.00661888216+0        3.4544+0*
*        1.15714537976+0               0
GRID*               2932               0 1.00661888216+0        3.4036+0*
*        1.15714537976+0               0
GRID*               2933               0 1.00661888216+0        3.3528+0*
*        1.15714537976+0               0
GRID*               2934               0 7.74477709277-1        3.5306+0*
*        1.09999263128+0               0
GRID*               2935               0 7.83913980598-2        3.4798+0*
*        4.20760986424-1               0
GRID*               2936               0 1.00661888216+0         3.175+0*
*        1.15714537976+0               0
GRID*               2937               0 2.11517751436+0         3.556+0*
*        6.84668458674-1               0
GRID*               2938               0 6.01112765733-1         3.556+0*
*        1.02144199729+0               0
GRID*               2939               0 2.11517751436+0        3.5306+0*
*        6.84668458674-1               0
GRID*               2940               0 7.74477709277-1        3.2512+0*
*        1.09999263128+0               0
GRID*               2941               0 2.11517751436+0        3.5052+0*
*        6.84668458674-1               0
GRID*               2942               0 1.19679576966+0        3.5052+0*
*        1.16805489608+0               0
GRID*               2943               0 2.11517751436+0        3.4798+0*
*        6.84668458674-1               0
GRID*               2944               0 7.97052388553-1        3.0734+0*
*        1.10781745404+0               0
GRID*               2945               0 2.11517751436+0        3.4544+0*
*        6.84668458674-1               0
GRID*               2946               0 7.52105105513-1        3.0734+0*
*        1.09172208956+0               0
GRID*               2947               0 2.11517751436+0         3.429+0*
*        6.84668458674-1               0
GRID*               2948               0 7.52105105513-1        3.5306+0*
*        1.09172208956+0               0
GRID*               2949               0 2.11517751436+0        3.4036+0*
*        6.84668458674-1               0
GRID*               2950               0 2.12973692773-1        3.1496+0*
*        6.72546750389-1               0
GRID*               2951               0 2.11517751436+0        3.3782+0*
*        6.84668458674-1               0
GRID*               2952               0 6.22082170896-1        3.1496+0*
*        1.03280946433+0               0
GRID*               2953               0 2.11517751436+0        3.3528+0*
*        6.84668458674-1               0
GRID*               2954               0 6.01112765733-1        3.4798+0*
*        1.02144199729+0               0
GRID*               2955               0 2.11517751436+0        3.3274+0*
*        6.84668458674-1               0
GRID*               2956               0 2.12973692773-1        3.2512+0*
*        6.72546750389-1               0
GRID*               2957               0 2.11517751436+0         3.302+0*
*        6.84668458674-1               0
GRID*               2958               0  1.8252893891+0        3.2258+0*
*        9.66258190388-1               0
GRID*               2959               0 2.11517751436+0        3.2766+0*
*        6.84668458674-1               0
GRID*               2960               0 7.52105105513-1        3.2258+0*
*        1.09172208956+0               0
GRID*               2961               0 2.11517751436+0        3.2512+0*
*        6.84668458674-1               0
GRID*               2962               0 6.22082170896-1        3.0988+0*
*        1.03280946433+0               0
GRID*               2963               0 2.11517751436+0        3.2258+0*
*        6.84668458674-1               0
GRID*               2964               0  1.8252893891+0         3.175+0*
*        9.66258190388-1               0
GRID*               2965               0 2.11517751436+0        3.2004+0*
*        6.84668458674-1               0
GRID*               2966               0 1.36371149082+0         3.556+0*
*        1.15196006075+0               0
GRID*               2967               0 2.11517751436+0         3.175+0*
*        6.84668458674-1               0
GRID*               2968               0 7.29933868022-1        3.5306+0*
*        1.08300785367+0               0
GRID*               2969               0 2.11517751436+0        3.1496+0*
*        6.84668458674-1               0
GRID*               2970               0 1.36371149082+0        3.5052+0*
*        1.15196006075+0               0
GRID*               2971               0 2.11517751436+0        3.1242+0*
*        6.84668458674-1               0
GRID*               2972               0 7.74477709277-1        3.3528+0*
*        1.09999263128+0               0
GRID*               2973               0 2.11517751436+0        3.0988+0*
*        6.84668458674-1               0
GRID*               2974               0 1.36371149082+0        3.4544+0*
*        1.15196006075+0               0
GRID*               2975               0 2.11517751436+0        3.0734+0*
*        6.84668458674-1               0
GRID*               2976               0  8.7241763989-2        3.2258+0*
*        4.43007255816-1               0
GRID*               2977               0 2.11517751436+0         3.048+0*
*        6.84668458674-1               0
GRID*               2978               0 7.83913980598-2        3.5052+0*
*        4.20760986424-1               0
GRID*               2979               0 7.83913980598-2        3.5306+0*
*        4.20760986424-1               0
GRID*               2980               0 7.83913980598-2         3.556+0*
*        4.20760986424-1               0
GRID*               2981               0 4.23275256929-1        3.1242+0*
*        8.99970931343-1               0
GRID*               2982               0 1.36371149082+0        3.5306+0*
*        1.15196006075+0               0
GRID*               2983               0 1.36371149082+0        3.4798+0*
*        1.15196006075+0               0
GRID*               2984               0 2.12973692773-1         3.302+0*
*        6.72546750389-1               0
GRID*               2985               0 2.12973692773-1        3.0988+0*
*        6.72546750389-1               0
GRID*               2986               0 6.01112765733-1         3.429+0*
*        1.02144199729+0               0
GRID*               2987               0 6.01112765733-1        3.5306+0*
*        1.02144199729+0               0
GRID*               2988               0 9.36087738129-1        3.0988+0*
*        1.14507186368+0               0
GRID*               2989               0 7.52105105513-1        3.0988+0*
*        1.09172208956+0               0
GRID*               2990               0 7.52105105513-1        3.5052+0*
*        1.09172208956+0               0
GRID*               2991               0  8.7241763989-2         3.048+0*
*        4.43007255816-1               0
GRID*               2992               0  8.7241763989-2        3.0734+0*
*        4.43007255816-1               0
GRID*               2993               0  8.7241763989-2        3.0988+0*
*        4.43007255816-1               0
GRID*               2994               0  8.7241763989-2        3.1242+0*
*        4.43007255816-1               0
GRID*               2995               0  8.7241763989-2        3.1496+0*
*        4.43007255816-1               0
GRID*               2996               0  8.7241763989-2         3.175+0*
*        4.43007255816-1               0
GRID*               2997               0 1.36371149082+0         3.429+0*
*        1.15196006075+0               0
GRID*               2998               0  8.7241763989-2        3.2004+0*
*        4.43007255816-1               0
GRID*               2999               0 2.10102187034+0         3.556+0*
*        7.03828819356-1               0
GRID*               3000               0  8.7241763989-2        3.2512+0*
*        4.43007255816-1               0
GRID*               3001               0 2.10102187034+0        3.5306+0*
*        7.03828819356-1               0
GRID*               3002               0  8.7241763989-2        3.2766+0*
*        4.43007255816-1               0
GRID*               3003               0 2.10102187034+0        3.5052+0*
*        7.03828819356-1               0
GRID*               3004               0  8.7241763989-2         3.302+0*
*        4.43007255816-1               0
GRID*               3005               0 2.10102187034+0        3.4798+0*
*        7.03828819356-1               0
GRID*               3006               0  8.7241763989-2        3.3274+0*
*        4.43007255816-1               0
GRID*               3007               0 2.10102187034+0        3.4544+0*
*        7.03828819356-1               0
GRID*               3008               0  8.7241763989-2        3.3528+0*
*        4.43007255816-1               0
GRID*               3009               0 2.10102187034+0         3.429+0*
*        7.03828819356-1               0
GRID*               3010               0  8.7241763989-2        3.3782+0*
*        4.43007255816-1               0
GRID*               3011               0 2.10102187034+0        3.4036+0*
*        7.03828819356-1               0
GRID*               3012               0  8.7241763989-2        3.4036+0*
*        4.43007255816-1               0
GRID*               3013               0 2.10102187034+0        3.3782+0*
*        7.03828819356-1               0
GRID*               3014               0  8.7241763989-2         3.429+0*
*        4.43007255816-1               0
GRID*               3015               0 2.10102187034+0        3.3528+0*
*        7.03828819356-1               0
GRID*               3016               0  8.7241763989-2        3.4544+0*
*        4.43007255816-1               0
GRID*               3017               0 2.10102187034+0        3.3274+0*
*        7.03828819356-1               0
GRID*               3018               0  8.7241763989-2        3.4798+0*
*        4.43007255816-1               0
GRID*               3019               0 2.10102187034+0         3.302+0*
*        7.03828819356-1               0
GRID*               3020               0  8.7241763989-2        3.5052+0*
*        4.43007255816-1               0
GRID*               3021               0 2.10102187034+0        3.2766+0*
*        7.03828819356-1               0
GRID*               3022               0  8.7241763989-2        3.5306+0*
*        4.43007255816-1               0
GRID*               3023               0 2.10102187034+0        3.2512+0*
*        7.03828819356-1               0
GRID*               3024               0  8.7241763989-2         3.556+0*
*        4.43007255816-1               0
GRID*               3025               0 2.10102187034+0        3.2258+0*
*        7.03828819356-1               0
GRID*               3026               0 6.22082170896-1         3.175+0*
*        1.03280946433+0               0
GRID*               3027               0 2.10102187034+0        3.2004+0*
*        7.03828819356-1               0
GRID*               3028               0 4.23275256929-1         3.175+0*
*        8.99970931343-1               0
GRID*               3029               0 2.10102187034+0         3.175+0*
*        7.03828819356-1               0
GRID*               3030               0 4.23275256929-1        3.2766+0*
*        8.99970931343-1               0
GRID*               3031               0 2.10102187034+0        3.1496+0*
*        7.03828819356-1               0
GRID*               3032               0 4.23275256929-1        3.3782+0*
*        8.99970931343-1               0
GRID*               3033               0 2.10102187034+0        3.1242+0*
*        7.03828819356-1               0
GRID*               3034               0 4.23275256929-1        3.4798+0*
*        8.99970931343-1               0
GRID*               3035               0 2.10102187034+0        3.0988+0*
*        7.03828819356-1               0
GRID*               3036               0 6.22082170896-1         3.048+0*
*        1.03280946433+0               0
GRID*               3037               0 2.10102187034+0        3.0734+0*
*        7.03828819356-1               0
GRID*               3038               0 1.34015526771+0        3.5306+0*
*        1.15570700786+0               0
GRID*               3039               0 2.10102187034+0         3.048+0*
*        7.03828819356-1               0
GRID*               3040               0 1.36371149082+0        3.4036+0*
*        1.15196006075+0               0
GRID*               3041               0 1.36371149082+0        3.3782+0*
*        1.15196006075+0               0
GRID*               3042               0 1.36371149082+0        3.3528+0*
*        1.15196006075+0               0
GRID*               3043               0 1.36371149082+0        3.3274+0*
*        1.15196006075+0               0
GRID*               3044               0 1.36371149082+0         3.302+0*
*        1.15196006075+0               0
GRID*               3045               0 1.36371149082+0        3.2766+0*
*        1.15196006075+0               0
GRID*               3046               0 1.36371149082+0        3.2512+0*
*        1.15196006075+0               0
GRID*               3047               0 1.36371149082+0        3.2258+0*
*        1.15196006075+0               0
GRID*               3048               0 1.36371149082+0        3.2004+0*
*        1.15196006075+0               0
GRID*               3049               0 1.36371149082+0         3.175+0*
*        1.15196006075+0               0
GRID*               3050               0 1.36371149082+0        3.1496+0*
*        1.15196006075+0               0
GRID*               3051               0 1.36371149082+0        3.1242+0*
*        1.15196006075+0               0
GRID*               3052               0 1.36371149082+0        3.0988+0*
*        1.15196006075+0               0
GRID*               3053               0 1.36371149082+0        3.0734+0*
*        1.15196006075+0               0
GRID*               3054               0 1.36371149082+0         3.048+0*
*        1.15196006075+0               0
GRID*               3055               0 4.23275256929-1        3.2258+0*
*        8.99970931343-1               0
GRID*               3056               0 4.23275256929-1        3.3274+0*
*        8.99970931343-1               0
GRID*               3057               0 4.23275256929-1         3.429+0*
*        8.99970931343-1               0
GRID*               3058               0 4.23275256929-1        3.5306+0*
*        8.99970931343-1               0
GRID*               3059               0 1.34015526771+0         3.556+0*
*        1.15570700786+0               0
GRID*               3060               0 6.22082170896-1        3.2258+0*
*        1.03280946433+0               0
GRID*               3061               0 2.08649095734+0         3.556+0*
*        7.22680810626-1               0
GRID*               3062               0 1.34015526771+0        3.4798+0*
*        1.15570700786+0               0
GRID*               3063               0 2.08649095734+0        3.5306+0*
*        7.22680810626-1               0
GRID*               3064               0 1.34015526771+0         3.429+0*
*        1.15570700786+0               0
GRID*               3065               0 2.08649095734+0        3.5052+0*
*        7.22680810626-1               0
GRID*               3066               0 1.34015526771+0        3.3782+0*
*        1.15570700786+0               0
GRID*               3067               0 2.08649095734+0        3.4798+0*
*        7.22680810626-1               0
GRID*               3068               0 6.22082170896-1        3.2512+0*
*        1.03280946433+0               0
GRID*               3069               0 2.08649095734+0        3.4544+0*
*        7.22680810626-1               0
GRID*               3070               0 4.23275256929-1        3.1496+0*
*        8.99970931343-1               0
GRID*               3071               0 2.08649095734+0         3.429+0*
*        7.22680810626-1               0
GRID*               3072               0 4.23275256929-1        3.2004+0*
*        8.99970931343-1               0
GRID*               3073               0 2.08649095734+0        3.4036+0*
*        7.22680810626-1               0
GRID*               3074               0 4.23275256929-1        3.2512+0*
*        8.99970931343-1               0
GRID*               3075               0 2.08649095734+0        3.3782+0*
*        7.22680810626-1               0
GRID*               3076               0 4.23275256929-1         3.302+0*
*        8.99970931343-1               0
GRID*               3077               0 2.08649095734+0        3.3528+0*
*        7.22680810626-1               0
GRID*               3078               0 4.23275256929-1        3.3528+0*
*        8.99970931343-1               0
GRID*               3079               0 2.08649095734+0        3.3274+0*
*        7.22680810626-1               0
GRID*               3080               0 4.23275256929-1        3.4036+0*
*        8.99970931343-1               0
GRID*               3081               0 2.08649095734+0         3.302+0*
*        7.22680810626-1               0
GRID*               3082               0 4.23275256929-1        3.4544+0*
*        8.99970931343-1               0
GRID*               3083               0 2.08649095734+0        3.2766+0*
*        7.22680810626-1               0
GRID*               3084               0 4.23275256929-1        3.5052+0*
*        8.99970931343-1               0
GRID*               3085               0 2.08649095734+0        3.2512+0*
*        7.22680810626-1               0
GRID*               3086               0 4.23275256929-1         3.556+0*
*        8.99970931343-1               0
GRID*               3087               0 2.08649095734+0        3.2258+0*
*        7.22680810626-1               0
GRID*               3088               0 6.22082170896-1        3.1242+0*
*        1.03280946433+0               0
GRID*               3089               0 2.08649095734+0        3.2004+0*
*        7.22680810626-1               0
GRID*               3090               0 6.22082170896-1        3.2004+0*
*        1.03280946433+0               0
GRID*               3091               0 2.08649095734+0         3.175+0*
*        7.22680810626-1               0
GRID*               3092               0 6.22082170896-1         3.302+0*
*        1.03280946433+0               0
GRID*               3093               0 2.08649095734+0        3.1496+0*
*        7.22680810626-1               0
GRID*               3094               0 6.22082170896-1        3.3528+0*
*        1.03280946433+0               0
GRID*               3095               0 2.08649095734+0        3.1242+0*
*        7.22680810626-1               0
GRID*               3096               0 1.34015526771+0        3.5052+0*
*        1.15570700786+0               0
GRID*               3097               0 2.08649095734+0        3.0988+0*
*        7.22680810626-1               0
GRID*               3098               0 6.22082170896-1        3.4544+0*
*        1.03280946433+0               0
GRID*               3099               0 2.08649095734+0        3.0734+0*
*        7.22680810626-1               0
GRID*               3100               0  9.6526287867-2        3.4798+0*
*        4.65021833077-1               0
GRID*               3101               0 2.08649095734+0         3.048+0*
*        7.22680810626-1               0
GRID*               3102               0 6.22082170896-1        3.4036+0*
*        1.03280946433+0               0
GRID*               3103               0 1.34015526771+0        3.4544+0*
*        1.15570700786+0               0
GRID*               3104               0 1.34015526771+0        3.4036+0*
*        1.15570700786+0               0
GRID*               3105               0  9.6526287867-2         3.048+0*
*        4.65021833077-1               0
GRID*               3106               0  9.6526287867-2        3.0734+0*
*        4.65021833077-1               0
GRID*               3107               0  9.6526287867-2        3.0988+0*
*        4.65021833077-1               0
GRID*               3108               0  9.6526287867-2        3.1242+0*
*        4.65021833077-1               0
GRID*               3109               0  9.6526287867-2        3.1496+0*
*        4.65021833077-1               0
GRID*               3110               0  9.6526287867-2         3.175+0*
*        4.65021833077-1               0
GRID*               3111               0  9.6526287867-2        3.2004+0*
*        4.65021833077-1               0
GRID*               3112               0  9.6526287867-2        3.2258+0*
*        4.65021833077-1               0
GRID*               3113               0  9.6526287867-2        3.2512+0*
*        4.65021833077-1               0
GRID*               3114               0  9.6526287867-2        3.2766+0*
*        4.65021833077-1               0
GRID*               3115               0  9.6526287867-2         3.302+0*
*        4.65021833077-1               0
GRID*               3116               0  9.6526287867-2        3.3274+0*
*        4.65021833077-1               0
GRID*               3117               0  9.6526287867-2        3.3528+0*
*        4.65021833077-1               0
GRID*               3118               0  9.6526287867-2        3.3782+0*
*        4.65021833077-1               0
GRID*               3119               0  9.6526287867-2        3.4036+0*
*        4.65021833077-1               0
GRID*               3120               0  9.6526287867-2         3.429+0*
*        4.65021833077-1               0
GRID*               3121               0 6.22082170896-1        3.5052+0*
*        1.03280946433+0               0
GRID*               3122               0  9.6526287867-2        3.4544+0*
*        4.65021833077-1               0
GRID*               3123               0 2.07158541371+0         3.556+0*
*        7.41225113217-1               0
GRID*               3124               0  9.6526287867-2        3.5052+0*
*        4.65021833077-1               0
GRID*               3125               0 2.07158541371+0        3.5306+0*
*        7.41225113217-1               0
GRID*               3126               0  9.6526287867-2        3.5306+0*
*        4.65021833077-1               0
GRID*               3127               0 2.07158541371+0        3.5052+0*
*        7.41225113217-1               0
GRID*               3128               0  9.6526287867-2         3.556+0*
*        4.65021833077-1               0
GRID*               3129               0 2.07158541371+0        3.4798+0*
*        7.41225113217-1               0
GRID*               3130               0 1.34015526771+0        3.3528+0*
*        1.15570700786+0               0
GRID*               3131               0 2.07158541371+0        3.4544+0*
*        7.41225113217-1               0
GRID*               3132               0 4.41802070998-1        3.1496+0*
*        9.14993994281-1               0
GRID*               3133               0 2.07158541371+0         3.429+0*
*        7.41225113217-1               0
GRID*               3134               0 4.41802070998-1        3.2004+0*
*        9.14993994281-1               0
GRID*               3135               0 2.07158541371+0        3.4036+0*
*        7.41225113217-1               0
GRID*               3136               0 4.41802070998-1        3.2512+0*
*        9.14993994281-1               0
GRID*               3137               0 2.07158541371+0        3.3782+0*
*        7.41225113217-1               0
GRID*               3138               0 4.41802070998-1         3.302+0*
*        9.14993994281-1               0
GRID*               3139               0 2.07158541371+0        3.3528+0*
*        7.41225113217-1               0
GRID*               3140               0 4.41802070998-1        3.3528+0*
*        9.14993994281-1               0
GRID*               3141               0 2.07158541371+0        3.3274+0*
*        7.41225113217-1               0
GRID*               3142               0 6.22082170896-1        3.2766+0*
*        1.03280946433+0               0
GRID*               3143               0 2.07158541371+0         3.302+0*
*        7.41225113217-1               0
GRID*               3144               0 6.22082170896-1        3.4798+0*
*        1.03280946433+0               0
GRID*               3145               0 2.07158541371+0        3.2766+0*
*        7.41225113217-1               0
GRID*               3146               0 7.29933868022-1        3.4036+0*
*        1.08300785367+0               0
GRID*               3147               0 2.07158541371+0        3.2512+0*
*        7.41225113217-1               0
GRID*               3148               0 9.83060909314-1        3.4798+0*
*        1.15360651067+0               0
GRID*               3149               0 2.07158541371+0        3.2258+0*
*        7.41225113217-1               0
GRID*               3150               0 1.06242360022-1         3.048+0*
*        4.86805616069-1               0
GRID*               3151               0 2.07158541371+0        3.2004+0*
*        7.41225113217-1               0
GRID*               3152               0 1.06242360022-1        3.0734+0*
*        4.86805616069-1               0
GRID*               3153               0 2.07158541371+0         3.175+0*
*        7.41225113217-1               0
GRID*               3154               0 1.06242360022-1        3.0988+0*
*        4.86805616069-1               0
GRID*               3155               0 2.07158541371+0        3.1496+0*
*        7.41225113217-1               0
GRID*               3156               0 1.06242360022-1        3.1242+0*
*        4.86805616069-1               0
GRID*               3157               0 2.07158541371+0        3.1242+0*
*        7.41225113217-1               0
GRID*               3158               0 1.06242360022-1        3.1496+0*
*        4.86805616069-1               0
GRID*               3159               0 2.07158541371+0        3.0988+0*
*        7.41225113217-1               0
GRID*               3160               0 1.06242360022-1         3.175+0*
*        4.86805616069-1               0
GRID*               3161               0 2.07158541371+0        3.0734+0*
*        7.41225113217-1               0
GRID*               3162               0 1.34015526771+0         3.175+0*
*        1.15570700786+0               0
GRID*               3163               0 2.07158541371+0         3.048+0*
*        7.41225113217-1               0
GRID*               3164               0 6.22082170896-1         3.556+0*
*        1.03280946433+0               0
GRID*               3165               0 4.41802070998-1         3.048+0*
*        9.14993994281-1               0
GRID*               3166               0 4.41802070998-1        3.0734+0*
*        9.14993994281-1               0
GRID*               3167               0 4.41802070998-1        3.0988+0*
*        9.14993994281-1               0
GRID*               3168               0 4.41802070998-1        3.1242+0*
*        9.14993994281-1               0
GRID*               3169               0 4.41802070998-1         3.175+0*
*        9.14993994281-1               0
GRID*               3170               0 4.41802070998-1        3.2258+0*
*        9.14993994281-1               0
GRID*               3171               0 4.41802070998-1        3.2766+0*
*        9.14993994281-1               0
GRID*               3172               0 4.41802070998-1        3.3274+0*
*        9.14993994281-1               0
GRID*               3173               0 6.22082170896-1         3.429+0*
*        1.03280946433+0               0
GRID*               3174               0 6.22082170896-1        3.3782+0*
*        1.03280946433+0               0
GRID*               3175               0 7.29933868022-1        3.3528+0*
*        1.08300785367+0               0
GRID*               3176               0 9.83060909314-1        3.5306+0*
*        1.15360651067+0               0
GRID*               3177               0 9.83060909314-1         3.429+0*
*        1.15360651067+0               0
GRID*               3178               0 1.34015526771+0        3.3274+0*
*        1.15570700786+0               0
GRID*               3179               0 1.34015526771+0         3.302+0*
*        1.15570700786+0               0
GRID*               3180               0 1.34015526771+0        3.2766+0*
*        1.15570700786+0               0
GRID*               3181               0 1.34015526771+0        3.2512+0*
*        1.15570700786+0               0
GRID*               3182               0 1.34015526771+0        3.2258+0*
*        1.15570700786+0               0
GRID*               3183               0 1.06242360022-1        3.2004+0*
*        4.86805616069-1               0
GRID*               3184               0 1.34015526771+0        3.2004+0*
*        1.15570700786+0               0
GRID*               3185               0   2.056305362+0         3.556+0*
*        7.59462064972-1               0
GRID*               3186               0 1.34015526771+0        3.1496+0*
*        1.15570700786+0               0
GRID*               3187               0   2.056305362+0        3.5306+0*
*        7.59462064972-1               0
GRID*               3188               0 1.34015526771+0        3.1242+0*
*        1.15570700786+0               0
GRID*               3189               0   2.056305362+0        3.5052+0*
*        7.59462064972-1               0
GRID*               3190               0 1.34015526771+0        3.0988+0*
*        1.15570700786+0               0
GRID*               3191               0   2.056305362+0        3.4798+0*
*        7.59462064972-1               0
GRID*               3192               0 1.34015526771+0        3.0734+0*
*        1.15570700786+0               0
GRID*               3193               0   2.056305362+0        3.4544+0*
*        7.59462064972-1               0
GRID*               3194               0 1.34015526771+0         3.048+0*
*        1.15570700786+0               0
GRID*               3195               0   2.056305362+0         3.429+0*
*        7.59462064972-1               0
GRID*               3196               0 6.22082170896-1        3.3274+0*
*        1.03280946433+0               0
GRID*               3197               0   2.056305362+0        3.4036+0*
*        7.59462064972-1               0
GRID*               3198               0 9.83060909314-1        3.2766+0*
*        1.15360651067+0               0
GRID*               3199               0   2.056305362+0        3.3782+0*
*        7.59462064972-1               0
GRID*               3200               0 6.22082170896-1        3.5306+0*
*        1.03280946433+0               0
GRID*               3201               0   2.056305362+0        3.3528+0*
*        7.59462064972-1               0
GRID*               3202               0 6.22082170896-1        3.0734+0*
*        1.03280946433+0               0
GRID*               3203               0   2.056305362+0        3.3274+0*
*        7.59462064972-1               0
GRID*               3204               0 9.83060909314-1         3.556+0*
*        1.15360651067+0               0
GRID*               3205               0   2.056305362+0         3.302+0*
*        7.59462064972-1               0
GRID*               3206               0 9.83060909314-1        3.5052+0*
*        1.15360651067+0               0
GRID*               3207               0   2.056305362+0        3.2766+0*
*        7.59462064972-1               0
GRID*               3208               0 9.83060909314-1        3.4544+0*
*        1.15360651067+0               0
GRID*               3209               0   2.056305362+0        3.2512+0*
*        7.59462064972-1               0
GRID*               3210               0 9.83060909314-1        3.4036+0*
*        1.15360651067+0               0
GRID*               3211               0   2.056305362+0        3.2258+0*
*        7.59462064972-1               0
GRID*               3212               0 9.83060909314-1        3.3782+0*
*        1.15360651067+0               0
GRID*               3213               0   2.056305362+0        3.2004+0*
*        7.59462064972-1               0
GRID*               3214               0 4.41802070998-1        3.3782+0*
*        9.14993994281-1               0
GRID*               3215               0   2.056305362+0         3.175+0*
*        7.59462064972-1               0
GRID*               3216               0 1.31648780738+0        3.5306+0*
*        1.15897737739+0               0
GRID*               3217               0   2.056305362+0        3.1496+0*
*        7.59462064972-1               0
GRID*               3218               0 1.31648780738+0        3.4798+0*
*        1.15897737739+0               0
GRID*               3219               0   2.056305362+0        3.1242+0*
*        7.59462064972-1               0
GRID*               3220               0 1.31648780738+0         3.429+0*
*        1.15897737739+0               0
GRID*               3221               0   2.056305362+0        3.0988+0*
*        7.59462064972-1               0
GRID*               3222               0 1.31648780738+0        3.3782+0*
*        1.15897737739+0               0
GRID*               3223               0   2.056305362+0        3.0734+0*
*        7.59462064972-1               0
GRID*               3224               0 1.31648780738+0         3.302+0*
*        1.15897737739+0               0
GRID*               3225               0   2.056305362+0         3.048+0*
*        7.59462064972-1               0
GRID*               3226               0 1.06242360022-1        3.2258+0*
*        4.86805616069-1               0
GRID*               3227               0 1.06242360022-1        3.2512+0*
*        4.86805616069-1               0
GRID*               3228               0 1.06242360022-1        3.2766+0*
*        4.86805616069-1               0
GRID*               3229               0 1.06242360022-1         3.302+0*
*        4.86805616069-1               0
GRID*               3230               0 1.06242360022-1        3.3274+0*
*        4.86805616069-1               0
GRID*               3231               0 1.06242360022-1        3.3528+0*
*        4.86805616069-1               0
GRID*               3232               0 1.06242360022-1        3.3782+0*
*        4.86805616069-1               0
GRID*               3233               0 1.06242360022-1        3.4036+0*
*        4.86805616069-1               0
GRID*               3234               0 1.06242360022-1         3.429+0*
*        4.86805616069-1               0
GRID*               3235               0 1.06242360022-1        3.4544+0*
*        4.86805616069-1               0
GRID*               3236               0 1.06242360022-1        3.4798+0*
*        4.86805616069-1               0
GRID*               3237               0 1.06242360022-1        3.5052+0*
*        4.86805616069-1               0
GRID*               3238               0 1.06242360022-1        3.5306+0*
*        4.86805616069-1               0
GRID*               3239               0 1.06242360022-1         3.556+0*
*        4.86805616069-1               0
GRID*               3240               0 9.83060909314-1        3.3528+0*
*        1.15360651067+0               0
GRID*               3241               0 1.31648780738+0         3.556+0*
*        1.15897737739+0               0
GRID*               3242               0 1.31648780738+0        3.5052+0*
*        1.15897737739+0               0
GRID*               3243               0 1.31648780738+0        3.4544+0*
*        1.15897737739+0               0
GRID*               3244               0 1.31648780738+0        3.4036+0*
*        1.15897737739+0               0
GRID*               3245               0 1.31648780738+0        3.3274+0*
*        1.15897737739+0               0
GRID*               3246               0 1.31648780738+0        3.3528+0*
*        1.15897737739+0               0
GRID*               3247               0 2.04065044695+0         3.556+0*
*        7.77391611603-1               0
GRID*               3248               0 1.31648780738+0        3.2512+0*
*        1.15897737739+0               0
GRID*               3249               0 2.04065044695+0        3.5306+0*
*        7.77391611603-1               0
GRID*               3250               0 1.31648780738+0        3.2004+0*
*        1.15897737739+0               0
GRID*               3251               0 2.04065044695+0        3.5052+0*
*        7.77391611603-1               0
GRID*               3252               0 1.31648780738+0        3.1496+0*
*        1.15897737739+0               0
GRID*               3253               0 2.04065044695+0        3.4798+0*
*        7.77391611603-1               0
GRID*               3254               0 1.16388006372-1         3.048+0*
*        5.08359444943-1               0
GRID*               3255               0 2.04065044695+0        3.4544+0*
*        7.77391611603-1               0
GRID*               3256               0 1.16388006372-1        3.0734+0*
*        5.08359444943-1               0
GRID*               3257               0 2.04065044695+0         3.429+0*
*        7.77391611603-1               0
GRID*               3258               0 1.16388006372-1        3.0988+0*
*        5.08359444943-1               0
GRID*               3259               0 2.04065044695+0        3.4036+0*
*        7.77391611603-1               0
GRID*               3260               0 1.16388006372-1        3.1242+0*
*        5.08359444943-1               0
GRID*               3261               0 2.04065044695+0        3.3782+0*
*        7.77391611603-1               0
GRID*               3262               0 1.16388006372-1        3.1496+0*
*        5.08359444943-1               0
GRID*               3263               0 2.04065044695+0        3.3528+0*
*        7.77391611603-1               0
GRID*               3264               0 1.16388006372-1         3.175+0*
*        5.08359444943-1               0
GRID*               3265               0 2.04065044695+0        3.3274+0*
*        7.77391611603-1               0
GRID*               3266               0 1.16388006372-1        3.2004+0*
*        5.08359444943-1               0
GRID*               3267               0 2.04065044695+0         3.302+0*
*        7.77391611603-1               0
GRID*               3268               0 1.16388006372-1        3.2258+0*
*        5.08359444943-1               0
GRID*               3269               0 2.04065044695+0        3.2766+0*
*        7.77391611603-1               0
GRID*               3270               0 1.16388006372-1        3.2512+0*
*        5.08359444943-1               0
GRID*               3271               0 2.04065044695+0        3.2512+0*
*        7.77391611603-1               0
GRID*               3272               0 1.16388006372-1        3.2766+0*
*        5.08359444943-1               0
GRID*               3273               0 2.04065044695+0        3.2258+0*
*        7.77391611603-1               0
GRID*               3274               0 1.16388006372-1         3.302+0*
*        5.08359444943-1               0
GRID*               3275               0 2.04065044695+0        3.2004+0*
*        7.77391611603-1               0
GRID*               3276               0 1.16388006372-1        3.3274+0*
*        5.08359444943-1               0
GRID*               3277               0 2.04065044695+0         3.175+0*
*        7.77391611603-1               0
GRID*               3278               0 1.16388006372-1        3.3528+0*
*        5.08359444943-1               0
GRID*               3279               0 2.04065044695+0        3.1496+0*
*        7.77391611603-1               0
GRID*               3280               0 1.16388006372-1        3.3782+0*
*        5.08359444943-1               0
GRID*               3281               0 2.04065044695+0        3.1242+0*
*        7.77391611603-1               0
GRID*               3282               0 1.16388006372-1        3.4036+0*
*        5.08359444943-1               0
GRID*               3283               0 2.04065044695+0        3.0988+0*
*        7.77391611603-1               0
GRID*               3284               0 1.16388006372-1         3.429+0*
*        5.08359444943-1               0
GRID*               3285               0 2.04065044695+0        3.0734+0*
*        7.77391611603-1               0
GRID*               3286               0 9.59550395243-1        3.5052+0*
*        1.14958270803+0               0
GRID*               3287               0 2.04065044695+0         3.048+0*
*        7.77391611603-1               0
GRID*               3288               0 1.31648780738+0        3.2766+0*
*        1.15897737739+0               0
GRID*               3289               0 1.31648780738+0        3.2258+0*
*        1.15897737739+0               0
GRID*               3290               0 1.31648780738+0         3.175+0*
*        1.15897737739+0               0
GRID*               3291               0 1.31648780738+0        3.1242+0*
*        1.15897737739+0               0
GRID*               3292               0 9.83060909314-1        3.3274+0*
*        1.15360651067+0               0
GRID*               3293               0 9.83060909314-1         3.302+0*
*        1.15360651067+0               0
GRID*               3294               0 9.83060909314-1        3.2512+0*
*        1.15360651067+0               0
GRID*               3295               0 9.83060909314-1        3.2258+0*
*        1.15360651067+0               0
GRID*               3296               0 9.83060909314-1        3.2004+0*
*        1.15360651067+0               0
GRID*               3297               0 9.83060909314-1         3.175+0*
*        1.15360651067+0               0
GRID*               3298               0 9.83060909314-1        3.1496+0*
*        1.15360651067+0               0
GRID*               3299               0 9.83060909314-1        3.1242+0*
*        1.15360651067+0               0
GRID*               3300               0   8.428108269-1        3.5306+0*
*        1.12211864362+0               0
GRID*               3301               0 9.83060909314-1        3.0734+0*
*        1.15360651067+0               0
GRID*               3302               0  1.8252893891+0        3.0988+0*
*        9.66258190388-1               0
GRID*               3303               0-1.37041106141-1         3.556+0*
*       -2.80505561291-1               0
GRID*               3304               0 7.74477709277-1        3.2258+0*
*        1.09999263128+0               0
GRID*               3305               0 7.52105105513-1        3.4036+0*
*        1.09172208956+0               0
GRID*               3306               0   8.428108269-1         3.556+0*
*        1.12211864362+0               0
GRID*               3307               0 1.16388006372-1        3.4544+0*
*        5.08359444943-1               0
GRID*               3308               0 9.59550395243-1         3.556+0*
*        1.14958270803+0               0
GRID*               3309               0 2.02461987638+0         3.556+0*
*        7.95013259824-1               0
GRID*               3310               0 9.59550395243-1        3.4544+0*
*        1.14958270803+0               0
GRID*               3311               0 2.02461987638+0        3.5306+0*
*        7.95013259824-1               0
GRID*               3312               0 9.59550395243-1        3.4036+0*
*        1.14958270803+0               0
GRID*               3313               0 2.02461987638+0        3.5052+0*
*        7.95013259824-1               0
GRID*               3314               0 9.83060909314-1        3.0988+0*
*        1.15360651067+0               0
GRID*               3315               0 2.02461987638+0        3.4798+0*
*        7.95013259824-1               0
GRID*               3316               0 1.31648780738+0        3.0988+0*
*        1.15897737739+0               0
GRID*               3317               0 2.02461987638+0        3.4544+0*
*        7.95013259824-1               0
GRID*               3318               0 4.60663508125-1        3.1242+0*
*        9.29659947544-1               0
GRID*               3319               0 2.02461987638+0         3.429+0*
*        7.95013259824-1               0
GRID*               3320               0 4.41802070998-1        3.4544+0*
*        9.14993994281-1               0
GRID*               3321               0 2.02461987638+0        3.4036+0*
*        7.95013259824-1               0
GRID*               3322               0 4.41802070998-1         3.556+0*
*        9.14993994281-1               0
GRID*               3323               0 2.02461987638+0        3.3782+0*
*        7.95013259824-1               0
GRID*               3324               0 7.74477709277-1         3.429+0*
*        1.09999263128+0               0
GRID*               3325               0 2.02461987638+0        3.3528+0*
*        7.95013259824-1               0
GRID*               3326               0 9.59550395243-1        3.5306+0*
*        1.14958270803+0               0
GRID*               3327               0 2.02461987638+0        3.3274+0*
*        7.95013259824-1               0
GRID*               3328               0 4.60663508125-1        3.0734+0*
*        9.29659947544-1               0
GRID*               3329               0 2.02461987638+0         3.302+0*
*        7.95013259824-1               0
GRID*               3330               0 4.60663508125-1        3.1496+0*
*        9.29659947544-1               0
GRID*               3331               0 2.02461987638+0        3.2766+0*
*        7.95013259824-1               0
GRID*               3332               0 4.60663508125-1        3.2004+0*
*        9.29659947544-1               0
GRID*               3333               0 2.02461987638+0        3.2512+0*
*        7.95013259824-1               0
GRID*               3334               0 4.60663508125-1        3.2512+0*
*        9.29659947544-1               0
GRID*               3335               0 2.02461987638+0        3.2258+0*
*        7.95013259824-1               0
GRID*               3336               0 4.60663508125-1         3.302+0*
*        9.29659947544-1               0
GRID*               3337               0 2.02461987638+0        3.2004+0*
*        7.95013259824-1               0
GRID*               3338               0   8.428108269-1        3.4036+0*
*        1.12211864362+0               0
GRID*               3339               0 2.02461987638+0         3.175+0*
*        7.95013259824-1               0
GRID*               3340               0 1.31648780738+0         3.048+0*
*        1.15897737739+0               0
GRID*               3341               0 2.02461987638+0        3.1496+0*
*        7.95013259824-1               0
GRID*               3342               0 4.41802070998-1        3.4036+0*
*        9.14993994281-1               0
GRID*               3343               0 2.02461987638+0        3.1242+0*
*        7.95013259824-1               0
GRID*               3344               0 4.41802070998-1        3.4798+0*
*        9.14993994281-1               0
GRID*               3345               0 2.02461987638+0        3.0988+0*
*        7.95013259824-1               0
GRID*               3346               0 4.41802070998-1        3.5052+0*
*        9.14993994281-1               0
GRID*               3347               0 2.02461987638+0        3.0734+0*
*        7.95013259824-1               0
GRID*               3348               0 1.26961870908-1        3.2004+0*
*        5.29684040984-1               0
GRID*               3349               0 2.02461987638+0         3.048+0*
*        7.95013259824-1               0
GRID*               3350               0 1.16388006372-1        3.4798+0*
*        5.08359444943-1               0
GRID*               3351               0 1.16388006372-1        3.5052+0*
*        5.08359444943-1               0
GRID*               3352               0 1.16388006372-1        3.5306+0*
*        5.08359444943-1               0
GRID*               3353               0 1.16388006372-1         3.556+0*
*        5.08359444943-1               0
GRID*               3354               0 1.31648780738+0        3.0734+0*
*        1.15897737739+0               0
GRID*               3355               0 4.41802070998-1         3.429+0*
*        9.14993994281-1               0
GRID*               3356               0 4.41802070998-1        3.5306+0*
*        9.14993994281-1               0
GRID*               3357               0 9.83060909314-1         3.048+0*
*        1.15360651067+0               0
GRID*               3358               0 7.74477709277-1        3.0988+0*
*        1.09999263128+0               0
GRID*               3359               0 9.59550395243-1         3.429+0*
*        1.14958270803+0               0
GRID*               3360               0 4.60663508125-1        3.0988+0*
*        9.29659947544-1               0
GRID*               3361               0 4.60663508125-1         3.175+0*
*        9.29659947544-1               0
GRID*               3362               0 4.60663508125-1        3.2258+0*
*        9.29659947544-1               0
GRID*               3363               0 4.60663508125-1        3.2766+0*
*        9.29659947544-1               0
GRID*               3364               0 1.26961870908-1         3.048+0*
*        5.29684040984-1               0
GRID*               3365               0 1.26961870908-1        3.0734+0*
*        5.29684040984-1               0
GRID*               3366               0 1.26961870908-1        3.0988+0*
*        5.29684040984-1               0
GRID*               3367               0 1.26961870908-1        3.1242+0*
*        5.29684040984-1               0
GRID*               3368               0 1.26961870908-1        3.1496+0*
*        5.29684040984-1               0
GRID*               3369               0   8.428108269-1        3.4798+0*
*        1.12211864362+0               0
GRID*               3370               0 1.26961870908-1         3.175+0*
*        5.29684040984-1               0
GRID*               3371               0 2.00821246497+0         3.556+0*
*         8.1232603287-1               0
GRID*               3372               0 1.26961870908-1        3.2258+0*
*        5.29684040984-1               0
GRID*               3373               0 2.00821246497+0        3.5306+0*
*         8.1232603287-1               0
GRID*               3374               0 1.26961870908-1        3.2512+0*
*        5.29684040984-1               0
GRID*               3375               0 2.00821246497+0        3.5052+0*
*         8.1232603287-1               0
GRID*               3376               0 1.26961870908-1        3.2766+0*
*        5.29684040984-1               0
GRID*               3377               0 2.00821246497+0        3.4798+0*
*         8.1232603287-1               0
GRID*               3378               0 1.26961870908-1         3.302+0*
*        5.29684040984-1               0
GRID*               3379               0 2.00821246497+0        3.4544+0*
*         8.1232603287-1               0
GRID*               3380               0 1.26961870908-1        3.3274+0*
*        5.29684040984-1               0
GRID*               3381               0 2.00821246497+0         3.429+0*
*         8.1232603287-1               0
GRID*               3382               0 1.26961870908-1        3.3528+0*
*        5.29684040984-1               0
GRID*               3383               0 2.00821246497+0        3.4036+0*
*         8.1232603287-1               0
GRID*               3384               0 1.26961870908-1        3.3782+0*
*        5.29684040984-1               0
GRID*               3385               0 2.00821246497+0        3.3782+0*
*         8.1232603287-1               0
GRID*               3386               0 1.26961870908-1        3.4036+0*
*        5.29684040984-1               0
GRID*               3387               0 2.00821246497+0        3.3528+0*
*         8.1232603287-1               0
GRID*               3388               0 1.26961870908-1         3.429+0*
*        5.29684040984-1               0
GRID*               3389               0 2.00821246497+0        3.3274+0*
*         8.1232603287-1               0
GRID*               3390               0 1.26961870908-1        3.4544+0*
*        5.29684040984-1               0
GRID*               3391               0 2.00821246497+0         3.302+0*
*         8.1232603287-1               0
GRID*               3392               0 1.26961870908-1        3.4798+0*
*        5.29684040984-1               0
GRID*               3393               0 2.00821246497+0        3.2766+0*
*         8.1232603287-1               0
GRID*               3394               0 1.26961870908-1        3.5052+0*
*        5.29684040984-1               0
GRID*               3395               0 2.00821246497+0        3.2512+0*
*         8.1232603287-1               0
GRID*               3396               0 1.26961870908-1        3.5306+0*
*        5.29684040984-1               0
GRID*               3397               0 2.00821246497+0        3.2258+0*
*         8.1232603287-1               0
GRID*               3398               0 1.26961870908-1         3.556+0*
*        5.29684040984-1               0
GRID*               3399               0 2.00821246497+0        3.2004+0*
*         8.1232603287-1               0
GRID*               3400               0 4.60663508125-1        3.3274+0*
*        9.29659947544-1               0
GRID*               3401               0 2.00821246497+0         3.175+0*
*         8.1232603287-1               0
GRID*               3402               0 1.29270891797+0         3.302+0*
*        1.16176841621+0               0
GRID*               3403               0 2.00821246497+0        3.1496+0*
*         8.1232603287-1               0
GRID*               3404               0 1.29270891797+0        3.2512+0*
*        1.16176841621+0               0
GRID*               3405               0 2.00821246497+0        3.1242+0*
*         8.1232603287-1               0
GRID*               3406               0 1.29270891797+0        3.2004+0*
*        1.16176841621+0               0
GRID*               3407               0 2.00821246497+0        3.0988+0*
*         8.1232603287-1               0
GRID*               3408               0 1.29270891797+0        3.1496+0*
*        1.16176841621+0               0
GRID*               3409               0 2.00821246497+0        3.0734+0*
*         8.1232603287-1               0
GRID*               3410               0 1.29270891797+0        3.0734+0*
*        1.16176841621+0               0
GRID*               3411               0 2.00821246497+0         3.048+0*
*         8.1232603287-1               0
GRID*               3412               0  1.8252893891+0        3.2004+0*
*        9.66258190388-1               0
GRID*               3413               0 7.52105105513-1         3.175+0*
*        1.09172208956+0               0
GRID*               3414               0   8.428108269-1         3.429+0*
*        1.12211864362+0               0
GRID*               3415               0 9.59550395243-1        3.4798+0*
*        1.14958270803+0               0
GRID*               3416               0 4.60663508125-1         3.048+0*
*        9.29659947544-1               0
GRID*               3417               0 2.12973692773-1        3.4036+0*
*        6.72546750389-1               0
GRID*               3418               0 1.29270891797+0         3.556+0*
*        1.16176841621+0               0
GRID*               3419               0 1.29270891797+0        3.5306+0*
*        1.16176841621+0               0
GRID*               3420               0 1.29270891797+0        3.5052+0*
*        1.16176841621+0               0
GRID*               3421               0 1.29270891797+0        3.4798+0*
*        1.16176841621+0               0
GRID*               3422               0 1.29270891797+0        3.4544+0*
*        1.16176841621+0               0
GRID*               3423               0 1.29270891797+0         3.429+0*
*        1.16176841621+0               0
GRID*               3424               0 1.29270891797+0        3.4036+0*
*        1.16176841621+0               0
GRID*               3425               0 1.29270891797+0        3.3782+0*
*        1.16176841621+0               0
GRID*               3426               0 1.29270891797+0        3.3528+0*
*        1.16176841621+0               0
GRID*               3427               0 1.29270891797+0        3.3274+0*
*        1.16176841621+0               0
GRID*               3428               0 1.29270891797+0        3.2766+0*
*        1.16176841621+0               0
GRID*               3429               0 1.29270891797+0        3.2258+0*
*        1.16176841621+0               0
GRID*               3430               0 1.29270891797+0         3.175+0*
*        1.16176841621+0               0
GRID*               3431               0 1.29270891797+0        3.0988+0*
*        1.16176841621+0               0
GRID*               3432               0 1.29270891797+0        3.1242+0*
*        1.16176841621+0               0
GRID*               3433               0 1.99142668109+0         3.556+0*
*        8.29328428438-1               0
GRID*               3434               0  1.8252893891+0        3.2512+0*
*        9.66258190388-1               0
GRID*               3435               0 1.99142668109+0        3.5306+0*
*        8.29328428438-1               0
GRID*               3436               0 7.52105105513-1        3.2766+0*
*        1.09172208956+0               0
GRID*               3437               0 1.99142668109+0        3.5052+0*
*        8.29328428438-1               0
GRID*               3438               0   8.428108269-1        3.4544+0*
*        1.12211864362+0               0
GRID*               3439               0 1.99142668109+0        3.4798+0*
*        8.29328428438-1               0
GRID*               3440               0   8.428108269-1        3.2004+0*
*        1.12211864362+0               0
GRID*               3441               0 1.99142668109+0        3.4544+0*
*        8.29328428438-1               0
GRID*               3442               0 4.60663508125-1        3.3528+0*
*        9.29659947544-1               0
GRID*               3443               0 1.99142668109+0         3.429+0*
*        8.29328428438-1               0
GRID*               3444               0 4.60663508125-1        3.3782+0*
*        9.29659947544-1               0
GRID*               3445               0 1.99142668109+0        3.4036+0*
*        8.29328428438-1               0
GRID*               3446               0 4.60663508125-1        3.4036+0*
*        9.29659947544-1               0
GRID*               3447               0 1.99142668109+0        3.3782+0*
*        8.29328428438-1               0
GRID*               3448               0 4.60663508125-1         3.429+0*
*        9.29659947544-1               0
GRID*               3449               0 1.99142668109+0        3.3528+0*
*        8.29328428438-1               0
GRID*               3450               0 4.60663508125-1        3.4544+0*
*        9.29659947544-1               0
GRID*               3451               0 1.99142668109+0        3.3274+0*
*        8.29328428438-1               0
GRID*               3452               0 4.60663508125-1        3.4798+0*
*        9.29659947544-1               0
GRID*               3453               0 1.99142668109+0         3.302+0*
*        8.29328428438-1               0
GRID*               3454               0 4.60663508125-1        3.5052+0*
*        9.29659947544-1               0
GRID*               3455               0 1.99142668109+0        3.2766+0*
*        8.29328428438-1               0
GRID*               3456               0 4.60663508125-1        3.5306+0*
*        9.29659947544-1               0
GRID*               3457               0 1.99142668109+0        3.2512+0*
*        8.29328428438-1               0
GRID*               3458               0 4.60663508125-1         3.556+0*
*        9.29659947544-1               0
GRID*               3459               0 1.99142668109+0        3.2258+0*
*        8.29328428438-1               0
GRID*               3460               0 9.59550395243-1        3.3782+0*
*        1.14958270803+0               0
GRID*               3461               0 1.99142668109+0        3.2004+0*
*        8.29328428438-1               0
GRID*               3462               0 7.97052388553-1        3.4544+0*
*        1.10781745404+0               0
GRID*               3463               0 1.99142668109+0         3.175+0*
*        8.29328428438-1               0
GRID*               3464               0 7.97052388553-1        3.3528+0*
*        1.10781745404+0               0
GRID*               3465               0 1.99142668109+0        3.1496+0*
*        8.29328428438-1               0
GRID*               3466               0 1.29270891797+0         3.048+0*
*        1.16176841621+0               0
GRID*               3467               0 1.99142668109+0        3.1242+0*
*        8.29328428438-1               0
GRID*               3468               0-1.37041106141-1        3.5306+0*
*       -2.80505561291-1               0
GRID*               3469               0 1.99142668109+0        3.0988+0*
*        8.29328428438-1               0
GRID*               3470               0 7.29933868022-1         3.429+0*
*        1.08300785367+0               0
GRID*               3471               0 1.99142668109+0        3.0734+0*
*        8.29328428438-1               0
GRID*               3472               0 1.37963194735-1        3.4544+0*
*        5.50779947307-1               0
GRID*               3473               0 1.99142668109+0         3.048+0*
*        8.29328428438-1               0
GRID*               3474               0  1.8252893891+0        3.1496+0*
*        9.66258190388-1               0
GRID*               3475               0 7.52105105513-1         3.048+0*
*        1.09172208956+0               0
GRID*               3476               0 7.07963365749-1        3.0988+0*
*         1.0738513239+0               0
GRID*               3477               0   8.428108269-1         3.302+0*
*        1.12211864362+0               0
GRID*               3478               0 1.37963194735-1         3.048+0*
*        5.50779947307-1               0
GRID*               3479               0 1.37963194735-1        3.0734+0*
*        5.50779947307-1               0
GRID*               3480               0 1.37963194735-1        3.0988+0*
*        5.50779947307-1               0
GRID*               3481               0 1.37963194735-1        3.1242+0*
*        5.50779947307-1               0
GRID*               3482               0 1.37963194735-1        3.1496+0*
*        5.50779947307-1               0
GRID*               3483               0 1.37963194735-1         3.175+0*
*        5.50779947307-1               0
GRID*               3484               0 1.37963194735-1        3.2004+0*
*        5.50779947307-1               0
GRID*               3485               0 1.37963194735-1        3.2258+0*
*        5.50779947307-1               0
GRID*               3486               0 1.37963194735-1        3.2512+0*
*        5.50779947307-1               0
GRID*               3487               0 1.37963194735-1        3.2766+0*
*        5.50779947307-1               0
GRID*               3488               0 1.37963194735-1         3.302+0*
*        5.50779947307-1               0
GRID*               3489               0 1.37963194735-1        3.3274+0*
*        5.50779947307-1               0
GRID*               3490               0 1.37963194735-1        3.3528+0*
*        5.50779947307-1               0
GRID*               3491               0 1.37963194735-1        3.3782+0*
*        5.50779947307-1               0
GRID*               3492               0 1.37963194735-1        3.4036+0*
*        5.50779947307-1               0
GRID*               3493               0 7.74477709277-1        3.2004+0*
*        1.09999263128+0               0
GRID*               3494               0 1.37963194735-1         3.429+0*
*        5.50779947307-1               0
GRID*               3495               0 1.97426069653+0         3.556+0*
*        8.46018379104-1               0
GRID*               3496               0 1.37963194735-1        3.4798+0*
*        5.50779947307-1               0
GRID*               3497               0 1.97426069653+0        3.5306+0*
*        8.46018379104-1               0
GRID*               3498               0 1.37963194735-1        3.5052+0*
*        5.50779947307-1               0
GRID*               3499               0 1.97426069653+0        3.5052+0*
*        8.46018379104-1               0
GRID*               3500               0 1.37963194735-1        3.5306+0*
*        5.50779947307-1               0
GRID*               3501               0 1.97426069653+0        3.4798+0*
*        8.46018379104-1               0
GRID*               3502               0 1.37963194735-1         3.556+0*
*        5.50779947307-1               0
GRID*               3503               0 1.97426069653+0        3.4544+0*
*        8.46018379104-1               0
GRID*               3504               0   8.428108269-1        3.0988+0*
*        1.12211864362+0               0
GRID*               3505               0 1.97426069653+0         3.429+0*
*        8.46018379104-1               0
GRID*               3506               0 7.97052388553-1        3.4036+0*
*        1.10781745404+0               0
GRID*               3507               0 1.97426069653+0        3.4036+0*
*        8.46018379104-1               0
GRID*               3508               0 7.97052388553-1        3.2512+0*
*        1.10781745404+0               0
GRID*               3509               0 1.97426069653+0        3.3782+0*
*        8.46018379104-1               0
GRID*               3510               0 7.97052388553-1        3.2258+0*
*        1.10781745404+0               0
GRID*               3511               0 1.97426069653+0        3.3528+0*
*        8.46018379104-1               0
GRID*               3512               0 6.43252392982-1        3.1496+0*
*        1.04373298829+0               0
GRID*               3513               0 1.97426069653+0        3.3274+0*
*        8.46018379104-1               0
GRID*               3514               0 4.79861111011-1        3.0734+0*
*        9.43966502769-1               0
GRID*               3515               0 1.97426069653+0         3.302+0*
*        8.46018379104-1               0
GRID*               3516               0 4.79861111011-1        3.1242+0*
*        9.43966502769-1               0
GRID*               3517               0 1.97426069653+0        3.2766+0*
*        8.46018379104-1               0
GRID*               3518               0 4.79861111011-1         3.175+0*
*        9.43966502769-1               0
GRID*               3519               0 1.97426069653+0        3.2512+0*
*        8.46018379104-1               0
GRID*               3520               0 4.79861111011-1        3.2258+0*
*        9.43966502769-1               0
GRID*               3521               0 1.97426069653+0        3.2258+0*
*        8.46018379104-1               0
GRID*               3522               0 4.79861111011-1        3.2766+0*
*        9.43966502769-1               0
GRID*               3523               0 1.97426069653+0        3.2004+0*
*        8.46018379104-1               0
GRID*               3524               0 1.49391791745-1         3.048+0*
*        5.71647471357-1               0
GRID*               3525               0 1.97426069653+0         3.175+0*
*        8.46018379104-1               0
GRID*               3526               0 1.49391791745-1        3.0734+0*
*        5.71647471357-1               0
GRID*               3527               0 1.97426069653+0        3.1496+0*
*        8.46018379104-1               0
GRID*               3528               0 1.49391791745-1        3.0988+0*
*        5.71647471357-1               0
GRID*               3529               0 1.97426069653+0        3.1242+0*
*        8.46018379104-1               0
GRID*               3530               0 1.49391791745-1        3.1242+0*
*        5.71647471357-1               0
GRID*               3531               0 1.97426069653+0        3.0988+0*
*        8.46018379104-1               0
GRID*               3532               0 1.49391791745-1        3.1496+0*
*        5.71647471357-1               0
GRID*               3533               0 1.97426069653+0        3.0734+0*
*        8.46018379104-1               0
GRID*               3534               0 1.49391791745-1        3.2004+0*
*        5.71647471357-1               0
GRID*               3535               0 1.97426069653+0         3.048+0*
*        8.46018379104-1               0
GRID*               3536               0   8.428108269-1        3.5052+0*
*        1.12211864362+0               0
GRID*               3537               0   8.428108269-1        3.3528+0*
*        1.12211864362+0               0
GRID*               3538               0   8.428108269-1        3.2512+0*
*        1.12211864362+0               0
GRID*               3539               0   8.428108269-1        3.1496+0*
*        1.12211864362+0               0
GRID*               3540               0 7.97052388553-1         3.556+0*
*        1.10781745404+0               0
GRID*               3541               0 7.97052388553-1        3.4798+0*
*        1.10781745404+0               0
GRID*               3542               0 7.97052388553-1         3.302+0*
*        1.10781745404+0               0
GRID*               3543               0 6.43252392982-1        3.4036+0*
*        1.04373298829+0               0
GRID*               3544               0 6.43252392982-1         3.048+0*
*        1.04373298829+0               0
GRID*               3545               0 4.79861111011-1         3.048+0*
*        9.43966502769-1               0
GRID*               3546               0 4.79861111011-1        3.0988+0*
*        9.43966502769-1               0
GRID*               3547               0 4.79861111011-1        3.1496+0*
*        9.43966502769-1               0
GRID*               3548               0 4.79861111011-1        3.2004+0*
*        9.43966502769-1               0
GRID*               3549               0 4.79861111011-1        3.2512+0*
*        9.43966502769-1               0
GRID*               3550               0 4.79861111011-1         3.302+0*
*        9.43966502769-1               0
GRID*               3551               0 7.97052388553-1        3.5052+0*
*        1.10781745404+0               0
GRID*               3552               0 7.97052388553-1        3.3782+0*
*        1.10781745404+0               0
GRID*               3553               0 1.26881858091+0         3.556+0*
*        1.16407674515+0               0
GRID*               3554               0 1.26881858091+0        3.5306+0*
*        1.16407674515+0               0
GRID*               3555               0 1.26881858091+0        3.4798+0*
*        1.16407674515+0               0
GRID*               3556               0 1.49391791745-1         3.175+0*
*        5.71647471357-1               0
GRID*               3557               0 1.95671243945+0         3.556+0*
*        8.62393215309-1               0
GRID*               3558               0 1.49391791745-1        3.2258+0*
*        5.71647471357-1               0
GRID*               3559               0 1.95671243945+0        3.5306+0*
*        8.62393215309-1               0
GRID*               3560               0 1.49391791745-1        3.2512+0*
*        5.71647471357-1               0
GRID*               3561               0 1.95671243945+0        3.5052+0*
*        8.62393215309-1               0
GRID*               3562               0 1.49391791745-1        3.2766+0*
*        5.71647471357-1               0
GRID*               3563               0 1.95671243945+0        3.4798+0*
*        8.62393215309-1               0
GRID*               3564               0 1.49391791745-1         3.302+0*
*        5.71647471357-1               0
GRID*               3565               0 1.95671243945+0        3.4544+0*
*        8.62393215309-1               0
GRID*               3566               0 1.49391791745-1        3.3274+0*
*        5.71647471357-1               0
GRID*               3567               0 1.95671243945+0         3.429+0*
*        8.62393215309-1               0
GRID*               3568               0 1.49391791745-1        3.3528+0*
*        5.71647471357-1               0
GRID*               3569               0 1.95671243945+0        3.4036+0*
*        8.62393215309-1               0
GRID*               3570               0 1.49391791745-1        3.3782+0*
*        5.71647471357-1               0
GRID*               3571               0 1.95671243945+0        3.3782+0*
*        8.62393215309-1               0
GRID*               3572               0 1.49391791745-1        3.4036+0*
*        5.71647471357-1               0
GRID*               3573               0 1.95671243945+0        3.3528+0*
*        8.62393215309-1               0
GRID*               3574               0 1.49391791745-1         3.429+0*
*        5.71647471357-1               0
GRID*               3575               0 1.95671243945+0        3.3274+0*
*        8.62393215309-1               0
GRID*               3576               0 1.49391791745-1        3.4544+0*
*        5.71647471357-1               0
GRID*               3577               0 1.95671243945+0         3.302+0*
*        8.62393215309-1               0
GRID*               3578               0 1.49391791745-1        3.4798+0*
*        5.71647471357-1               0
GRID*               3579               0 1.95671243945+0        3.2766+0*
*        8.62393215309-1               0
GRID*               3580               0 1.49391791745-1        3.5052+0*
*        5.71647471357-1               0
GRID*               3581               0 1.95671243945+0        3.2512+0*
*        8.62393215309-1               0
GRID*               3582               0 1.49391791745-1        3.5306+0*
*        5.71647471357-1               0
GRID*               3583               0 1.95671243945+0        3.2258+0*
*        8.62393215309-1               0
GRID*               3584               0 1.49391791745-1         3.556+0*
*        5.71647471357-1               0
GRID*               3585               0 1.95671243945+0        3.2004+0*
*        8.62393215309-1               0
GRID*               3586               0 4.79861111011-1        3.3274+0*
*        9.43966502769-1               0
GRID*               3587               0 1.95671243945+0         3.175+0*
*        8.62393215309-1               0
GRID*               3588               0 1.26881858091+0         3.048+0*
*        1.16407674515+0               0
GRID*               3589               0 1.95671243945+0        3.1496+0*
*        8.62393215309-1               0
GRID*               3590               0 7.97052388553-1        3.3274+0*
*        1.10781745404+0               0
GRID*               3591               0 1.95671243945+0        3.1242+0*
*        8.62393215309-1               0
GRID*               3592               0 9.59550395243-1        3.3528+0*
*        1.14958270803+0               0
GRID*               3593               0 1.95671243945+0        3.0988+0*
*        8.62393215309-1               0
GRID*               3594               0 9.59550395243-1        3.2004+0*
*        1.14958270803+0               0
GRID*               3595               0 1.95671243945+0        3.0734+0*
*        8.62393215309-1               0
GRID*               3596               0 1.26881858091+0        3.5052+0*
*        1.16407674515+0               0
GRID*               3597               0 1.95671243945+0         3.048+0*
*        8.62393215309-1               0
GRID*               3598               0 1.26881858091+0        3.4544+0*
*        1.16407674515+0               0
GRID*               3599               0 1.26881858091+0         3.429+0*
*        1.16407674515+0               0
GRID*               3600               0 1.26881858091+0        3.4036+0*
*        1.16407674515+0               0
GRID*               3601               0 1.26881858091+0        3.3782+0*
*        1.16407674515+0               0
GRID*               3602               0 1.26881858091+0        3.3528+0*
*        1.16407674515+0               0
GRID*               3603               0 1.26881858091+0        3.3274+0*
*        1.16407674515+0               0
GRID*               3604               0 1.26881858091+0         3.302+0*
*        1.16407674515+0               0
GRID*               3605               0 1.26881858091+0        3.2766+0*
*        1.16407674515+0               0
GRID*               3606               0 1.26881858091+0        3.2512+0*
*        1.16407674515+0               0
GRID*               3607               0 1.26881858091+0        3.2258+0*
*        1.16407674515+0               0
GRID*               3608               0 1.26881858091+0        3.2004+0*
*        1.16407674515+0               0
GRID*               3609               0 1.26881858091+0         3.175+0*
*        1.16407674515+0               0
GRID*               3610               0 1.26881858091+0        3.1496+0*
*        1.16407674515+0               0
GRID*               3611               0 1.26881858091+0        3.1242+0*
*        1.16407674515+0               0
GRID*               3612               0 1.26881858091+0        3.0988+0*
*        1.16407674515+0               0
GRID*               3613               0 1.26881858091+0        3.0734+0*
*        1.16407674515+0               0
GRID*               3614               0   8.428108269-1        3.3274+0*
*        1.12211864362+0               0
GRID*               3615               0 6.43252392982-1        3.0988+0*
*        1.04373298829+0               0
GRID*               3616               0 9.59550395243-1        3.2512+0*
*        1.14958270803+0               0
GRID*               3617               0 9.59550395243-1         3.302+0*
*        1.14958270803+0               0
GRID*               3618               0 8.65995827702-1        3.3782+0*
*        1.12858773544+0               0
GRID*               3619               0 9.59550395243-1        3.0988+0*
*        1.14958270803+0               0
GRID*               3620               0 1.93877965036+0        3.5306+0*
*        8.78449631058-1               0
GRID*               3621               0 1.24481701619+0        3.5306+0*
*        1.16589836591+0               0
GRID*               3622               0 1.93877965036+0        3.5052+0*
*        8.78449631058-1               0
GRID*               3623               0   8.428108269-1        3.1242+0*
*        1.12211864362+0               0
GRID*               3624               0 1.93877965036+0        3.4798+0*
*        8.78449631058-1               0
GRID*               3625               0 6.43252392982-1        3.1242+0*
*        1.04373298829+0               0
GRID*               3626               0 1.93877965036+0        3.4544+0*
*        8.78449631058-1               0
GRID*               3627               0 6.43252392982-1        3.2258+0*
*        1.04373298829+0               0
GRID*               3628               0 1.93877965036+0         3.429+0*
*        8.78449631058-1               0
GRID*               3629               0 9.59550395243-1         3.048+0*
*        1.14958270803+0               0
GRID*               3630               0 1.93877965036+0        3.4036+0*
*        8.78449631058-1               0
GRID*               3631               0 7.97052388553-1         3.429+0*
*        1.10781745404+0               0
GRID*               3632               0 1.93877965036+0        3.3782+0*
*        8.78449631058-1               0
GRID*               3633               0   8.428108269-1        3.3782+0*
*        1.12211864362+0               0
GRID*               3634               0 1.93877965036+0        3.3528+0*
*        8.78449631058-1               0
GRID*               3635               0   8.428108269-1        3.2766+0*
*        1.12211864362+0               0
GRID*               3636               0 1.93877965036+0        3.3274+0*
*        8.78449631058-1               0
GRID*               3637               0   8.428108269-1         3.175+0*
*        1.12211864362+0               0
GRID*               3638               0 1.93877965036+0         3.302+0*
*        8.78449631058-1               0
GRID*               3639               0 6.43252392982-1        3.2004+0*
*        1.04373298829+0               0
GRID*               3640               0 1.93877965036+0        3.2766+0*
*        8.78449631058-1               0
GRID*               3641               0 9.59550395243-1        3.3274+0*
*        1.14958270803+0               0
GRID*               3642               0 1.93877965036+0        3.2512+0*
*        8.78449631058-1               0
GRID*               3643               0 9.59550395243-1        3.2766+0*
*        1.14958270803+0               0
GRID*               3644               0 1.93877965036+0        3.2258+0*
*        8.78449631058-1               0
GRID*               3645               0 9.59550395243-1        3.2258+0*
*        1.14958270803+0               0
GRID*               3646               0 1.93877965036+0        3.2004+0*
*        8.78449631058-1               0
GRID*               3647               0 9.59550395243-1         3.175+0*
*        1.14958270803+0               0
GRID*               3648               0 1.93877965036+0         3.175+0*
*        8.78449631058-1               0
GRID*               3649               0 9.59550395243-1        3.1496+0*
*        1.14958270803+0               0
GRID*               3650               0 1.93877965036+0        3.1496+0*
*        8.78449631058-1               0
GRID*               3651               0 4.79861111011-1        3.3528+0*
*        9.43966502769-1               0
GRID*               3652               0 1.93877965036+0        3.1242+0*
*        8.78449631058-1               0
GRID*               3653               0 9.59550395243-1        3.0734+0*
*        1.14958270803+0               0
GRID*               3654               0 1.93877965036+0        3.0988+0*
*        8.78449631058-1               0
GRID*               3655               0 1.19679576966+0        3.2004+0*
*        1.16805489608+0               0
GRID*               3656               0 -8.6488831677-2        3.1242+0*
*       -2.32444701131-1               0
GRID*               3657               0-1.37041106141-1        3.0988+0*
*       -2.80505561291-1               0
GRID*               3658               0 -8.6488831677-2        3.0988+0*
*       -2.32444701131-1               0
GRID*               3659               0-1.37041106141-1         3.048+0*
*       -2.80505561291-1               0
GRID*               3660               0 -8.6488831677-2        3.0734+0*
*       -2.32444701131-1               0
GRID*               3661               0 7.07963365749-1        3.3528+0*
*         1.0738513239+0               0
GRID*               3662               0 -8.6488831677-2         3.048+0*
*       -2.32444701131-1               0
GRID*               3663               0  1.7853944767+0         3.302+0*
*        9.92207828896-1               0
GRID*               3664               0  1.7853944767+0        3.3274+0*
*        9.92207828896-1               0
GRID*               3665               0  1.7853944767+0        3.3528+0*
*        9.92207828896-1               0
GRID*               3666               0  1.7853944767+0        3.3782+0*
*        9.92207828896-1               0
GRID*               3667               0  1.7853944767+0        3.4036+0*
*        9.92207828896-1               0
GRID*               3668               0  1.7853944767+0         3.429+0*
*        9.92207828896-1               0
GRID*               3669               0  1.7853944767+0        3.4544+0*
*        9.92207828896-1               0
GRID*               3670               0  1.7853944767+0        3.4798+0*
*        9.92207828896-1               0
GRID*               3671               0  1.7853944767+0        3.5052+0*
*        9.92207828896-1               0
GRID*               3672               0  1.7853944767+0        3.5306+0*
*        9.92207828896-1               0
GRID*               3673               0  1.7853944767+0         3.556+0*
*        9.92207828896-1               0
GRID*               3674               0 2.26990192951-1        3.1242+0*
*        6.92030443833-1               0
GRID*               3675               0 1.19679576966+0        3.2766+0*
*        1.16805489608+0               0
GRID*               3676               0 1.22078301897+0        3.0734+0*
*        1.16722516222+0               0
GRID*               3677               0 7.07963365749-1        3.4036+0*
*         1.0738513239+0               0
GRID*               3678               0 1.19679576966+0        3.4798+0*
*        1.16805489608+0               0
GRID*               3679               0-1.37041106141-1        3.2258+0*
*       -2.80505561291-1               0
GRID*               3680               0-1.37041106141-1        3.1242+0*
*       -2.80505561291-1               0
GRID*               3681               0-1.37041106141-1        3.0734+0*
*       -2.80505561291-1               0
GRID*               3682               0 7.07963365749-1        3.4544+0*
*         1.0738513239+0               0
GRID*               3683               0 7.07963365749-1         3.556+0*
*         1.0738513239+0               0
GRID*               3684               0-1.01978887551-1         3.556+0*
*       -2.49254270415-1               0
GRID*               3685               0 7.07963365749-1        3.2004+0*
*         1.0738513239+0               0
GRID*               3686               0-1.01978887551-1        3.5306+0*
*       -2.49254270415-1               0
GRID*               3687               0-1.37041106141-1         3.175+0*
*       -2.80505561291-1               0
GRID*               3688               0-1.01978887551-1        3.5052+0*
*       -2.49254270415-1               0
GRID*               3689               0 2.26990192951-1        3.0988+0*
*        6.92030443833-1               0
GRID*               3690               0-1.01978887551-1        3.4798+0*
*       -2.49254270415-1               0
GRID*               3691               0 2.26990192951-1        3.0734+0*
*        6.92030443833-1               0
GRID*               3692               0-1.01978887551-1        3.4544+0*
*       -2.49254270415-1               0
GRID*               3693               0 2.26990192951-1         3.048+0*
*        6.92030443833-1               0
GRID*               3694               0 9.59550395243-1        3.1242+0*
*        1.14958270803+0               0
GRID*               3695               0 1.41049147286+0        3.5306+0*
*        1.14304430307+0               0
GRID*               3696               0   8.428108269-1        3.2258+0*
*        1.12211864362+0               0
GRID*               3697               0 6.43252392982-1        3.0734+0*
*        1.04373298829+0               0
GRID*               3698               0 6.43252392982-1         3.175+0*
*        1.04373298829+0               0
GRID*               3699               0 1.61248020964-1         3.048+0*
*        5.92286629195-1               0
GRID*               3700               0 1.61248020964-1        3.0734+0*
*        5.92286629195-1               0
GRID*               3701               0 1.61248020964-1        3.0988+0*
*        5.92286629195-1               0
GRID*               3702               0 1.61248020964-1        3.1242+0*
*        5.92286629195-1               0
GRID*               3703               0 1.61248020964-1        3.1496+0*
*        5.92286629195-1               0
GRID*               3704               0 1.61248020964-1         3.175+0*
*        5.92286629195-1               0
GRID*               3705               0 1.61248020964-1        3.2004+0*
*        5.92286629195-1               0
GRID*               3706               0 1.61248020964-1        3.2258+0*
*        5.92286629195-1               0
GRID*               3707               0 1.61248020964-1        3.2512+0*
*        5.92286629195-1               0
GRID*               3708               0 1.61248020964-1        3.2766+0*
*        5.92286629195-1               0
GRID*               3709               0 1.61248020964-1         3.302+0*
*        5.92286629195-1               0
GRID*               3710               0 1.61248020964-1        3.3274+0*
*        5.92286629195-1               0
GRID*               3711               0 1.61248020964-1        3.3528+0*
*        5.92286629195-1               0
GRID*               3712               0 1.61248020964-1        3.3782+0*
*        5.92286629195-1               0
GRID*               3713               0 1.24481701619+0        3.5052+0*
*        1.16589836591+0               0
GRID*               3714               0 1.61248020964-1        3.4036+0*
*        5.92286629195-1               0
GRID*               3715               0  1.9205199008+0         3.556+0*
*        8.94133219839-1               0
GRID*               3716               0 1.61248020964-1        3.4544+0*
*        5.92286629195-1               0
GRID*               3717               0  1.9205199008+0        3.5306+0*
*        8.94133219839-1               0
GRID*               3718               0 1.61248020964-1        3.4798+0*
*        5.92286629195-1               0
GRID*               3719               0  1.9205199008+0        3.5052+0*
*        8.94133219839-1               0
GRID*               3720               0 1.61248020964-1        3.5052+0*
*        5.92286629195-1               0
GRID*               3721               0  1.9205199008+0        3.4798+0*
*        8.94133219839-1               0
GRID*               3722               0 1.61248020964-1        3.5306+0*
*        5.92286629195-1               0
GRID*               3723               0  1.9205199008+0        3.4544+0*
*        8.94133219839-1               0
GRID*               3724               0 1.61248020964-1         3.556+0*
*        5.92286629195-1               0
GRID*               3725               0  1.9205199008+0         3.429+0*
*        8.94133219839-1               0
GRID*               3726               0 6.43252392982-1        3.2766+0*
*        1.04373298829+0               0
GRID*               3727               0  1.9205199008+0        3.4036+0*
*        8.94133219839-1               0
GRID*               3728               0 1.24481701619+0         3.302+0*
*        1.16589836591+0               0
GRID*               3729               0  1.9205199008+0        3.3782+0*
*        8.94133219839-1               0
GRID*               3730               0 1.24481701619+0        3.2512+0*
*        1.16589836591+0               0
GRID*               3731               0  1.9205199008+0        3.3528+0*
*        8.94133219839-1               0
GRID*               3732               0 1.24481701619+0        3.2004+0*
*        1.16589836591+0               0
GRID*               3733               0  1.9205199008+0        3.3274+0*
*        8.94133219839-1               0
GRID*               3734               0 1.24481701619+0        3.1496+0*
*        1.16589836591+0               0
GRID*               3735               0  1.9205199008+0         3.302+0*
*        8.94133219839-1               0
GRID*               3736               0 1.24481701619+0        3.0988+0*
*        1.16589836591+0               0
GRID*               3737               0  1.9205199008+0        3.2766+0*
*        8.94133219839-1               0
GRID*               3738               0-1.37041106141-1        3.2512+0*
*       -2.80505561291-1               0
GRID*               3739               0  1.9205199008+0        3.2512+0*
*        8.94133219839-1               0
GRID*               3740               0 2.12973692773-1         3.556+0*
*        6.72546750389-1               0
GRID*               3741               0  1.9205199008+0        3.2258+0*
*        8.94133219839-1               0
GRID*               3742               0 1.80546985577+0        3.5306+0*
*        9.79438900018-1               0
GRID*               3743               0  1.9205199008+0        3.2004+0*
*        8.94133219839-1               0
GRID*               3744               0 -1.1881413614-1        3.5306+0*
*       -2.65299481108-1               0
GRID*               3745               0  1.9205199008+0         3.175+0*
*        8.94133219839-1               0
GRID*               3746               0 1.73532755594-1         3.048+0*
*        6.12697091562-1               0
GRID*               3747               0  1.9205199008+0        3.1496+0*
*        8.94133219839-1               0
GRID*               3748               0 1.73532755594-1        3.0734+0*
*        6.12697091562-1               0
GRID*               3749               0  1.9205199008+0        3.1242+0*
*        8.94133219839-1               0
GRID*               3750               0 1.73532755594-1        3.0988+0*
*        6.12697091562-1               0
GRID*               3751               0  1.9205199008+0        3.0988+0*
*        8.94133219839-1               0
GRID*               3752               0 1.73532755594-1        3.1242+0*
*        6.12697091562-1               0
GRID*               3753               0  1.9205199008+0        3.0734+0*
*        8.94133219839-1               0
GRID*               3754               0 9.36087738129-1        3.4036+0*
*        1.14507186368+0               0
GRID*               3755               0  1.9205199008+0         3.048+0*
*        8.94133219839-1               0
GRID*               3756               0 1.24481701619+0        3.4798+0*
*        1.16589836591+0               0
GRID*               3757               0 1.24481701619+0        3.4544+0*
*        1.16589836591+0               0
GRID*               3758               0 1.24481701619+0         3.429+0*
*        1.16589836591+0               0
GRID*               3759               0 1.24481701619+0        3.4036+0*
*        1.16589836591+0               0
GRID*               3760               0 1.24481701619+0        3.3782+0*
*        1.16589836591+0               0
GRID*               3761               0 1.24481701619+0        3.3528+0*
*        1.16589836591+0               0
GRID*               3762               0 1.24481701619+0        3.3274+0*
*        1.16589836591+0               0
GRID*               3763               0 1.24481701619+0        3.2766+0*
*        1.16589836591+0               0
GRID*               3764               0 1.24481701619+0        3.2258+0*
*        1.16589836591+0               0
GRID*               3765               0 1.24481701619+0         3.175+0*
*        1.16589836591+0               0
GRID*               3766               0 1.24481701619+0        3.1242+0*
*        1.16589836591+0               0
GRID*               3767               0 7.97052388553-1        3.1242+0*
*        1.10781745404+0               0
GRID*               3768               0-1.37041106141-1        3.1496+0*
*       -2.80505561291-1               0
GRID*               3769               0 2.12973692773-1        3.5052+0*
*        6.72546750389-1               0
GRID*               3770               0 -1.1881413614-1         3.556+0*
*       -2.65299481108-1               0
GRID*               3771               0 -1.1881413614-1        3.5052+0*
*       -2.65299481108-1               0
GRID*               3772               0 6.43252392982-1        3.3274+0*
*        1.04373298829+0               0
GRID*               3773               0 9.36087738129-1         3.556+0*
*        1.14507186368+0               0
GRID*               3774               0 9.36087738129-1        3.5052+0*
*        1.14507186368+0               0
GRID*               3775               0 1.73532755594-1        3.1496+0*
*        6.12697091562-1               0
GRID*               3776               0 9.36087738129-1        3.4544+0*
*        1.14507186368+0               0
GRID*               3777               0 1.90199464641+0         3.556+0*
*        9.09394004135-1               0
GRID*               3778               0 9.36087738129-1        3.3528+0*
*        1.14507186368+0               0
GRID*               3779               0 1.90199464641+0        3.5306+0*
*        9.09394004135-1               0
GRID*               3780               0 9.36087738129-1         3.302+0*
*        1.14507186368+0               0
GRID*               3781               0 1.90199464641+0        3.5052+0*
*        9.09394004135-1               0
GRID*               3782               0 9.36087738129-1        3.2512+0*
*        1.14507186368+0               0
GRID*               3783               0 1.90199464641+0        3.4798+0*
*        9.09394004135-1               0
GRID*               3784               0 9.36087738129-1        3.2004+0*
*        1.14507186368+0               0
GRID*               3785               0 1.90199464641+0        3.4544+0*
*        9.09394004135-1               0
GRID*               3786               0 9.36087738129-1        3.1496+0*
*        1.14507186368+0               0
GRID*               3787               0 1.90199464641+0         3.429+0*
*        9.09394004135-1               0
GRID*               3788               0 7.07963365749-1        3.1496+0*
*         1.0738513239+0               0
GRID*               3789               0 1.90199464641+0        3.4036+0*
*        9.09394004135-1               0
GRID*               3790               0-1.37041106141-1         3.302+0*
*       -2.80505561291-1               0
GRID*               3791               0 1.90199464641+0        3.3782+0*
*        9.09394004135-1               0
GRID*               3792               0-1.37041106141-1        3.2004+0*
*       -2.80505561291-1               0
GRID*               3793               0 1.90199464641+0        3.3528+0*
*        9.09394004135-1               0
GRID*               3794               0 1.19679576966+0         3.302+0*
*        1.16805489608+0               0
GRID*               3795               0 1.90199464641+0        3.3274+0*
*        9.09394004135-1               0
GRID*               3796               0 2.12973692773-1        3.5306+0*
*        6.72546750389-1               0
GRID*               3797               0 1.90199464641+0         3.302+0*
*        9.09394004135-1               0
GRID*               3798               0 2.12973692773-1        3.4798+0*
*        6.72546750389-1               0
GRID*               3799               0 1.90199464641+0        3.2766+0*
*        9.09394004135-1               0
GRID*               3800               0 2.12973692773-1        3.4544+0*
*        6.72546750389-1               0
GRID*               3801               0 1.90199464641+0        3.2512+0*
*        9.09394004135-1               0
GRID*               3802               0 1.80546985577+0         3.556+0*
*        9.79438900018-1               0
GRID*               3803               0 1.90199464641+0        3.2258+0*
*        9.09394004135-1               0
GRID*               3804               0 7.29933868022-1         3.048+0*
*        1.08300785367+0               0
GRID*               3805               0 1.90199464641+0        3.2004+0*
*        9.09394004135-1               0
GRID*               3806               0 2.12973692773-1        3.3274+0*
*        6.72546750389-1               0
GRID*               3807               0 1.90199464641+0         3.175+0*
*        9.09394004135-1               0
GRID*               3808               0 -1.1881413614-1        3.4798+0*
*       -2.65299481108-1               0
GRID*               3809               0 1.90199464641+0        3.1496+0*
*        9.09394004135-1               0
GRID*               3810               0 2.12973692773-1        3.2258+0*
*        6.72546750389-1               0
GRID*               3811               0 1.90199464641+0        3.1242+0*
*        9.09394004135-1               0
GRID*               3812               0 2.12973692773-1        3.1242+0*
*        6.72546750389-1               0
GRID*               3813               0 1.90199464641+0        3.0988+0*
*        9.09394004135-1               0
GRID*               3814               0 1.19679576966+0        3.3528+0*
*        1.16805489608+0               0
GRID*               3815               0 1.90199464641+0        3.0734+0*
*        9.09394004135-1               0
GRID*               3816               0  1.8252893891+0         3.048+0*
*        9.66258190388-1               0
GRID*               3817               0 1.90199464641+0         3.048+0*
*        9.09394004135-1               0
GRID*               3818               0 1.73532755594-1         3.175+0*
*        6.12697091562-1               0
GRID*               3819               0 1.73532755594-1        3.2004+0*
*        6.12697091562-1               0
GRID*               3820               0 1.73532755594-1        3.2258+0*
*        6.12697091562-1               0
GRID*               3821               0 1.73532755594-1        3.2512+0*
*        6.12697091562-1               0
GRID*               3822               0 1.73532755594-1        3.2766+0*
*        6.12697091562-1               0
GRID*               3823               0 1.73532755594-1         3.302+0*
*        6.12697091562-1               0
GRID*               3824               0 1.73532755594-1        3.3274+0*
*        6.12697091562-1               0
GRID*               3825               0 1.73532755594-1        3.3528+0*
*        6.12697091562-1               0
GRID*               3826               0 1.73532755594-1        3.3782+0*
*        6.12697091562-1               0
GRID*               3827               0 1.73532755594-1        3.4036+0*
*        6.12697091562-1               0
GRID*               3828               0 1.73532755594-1         3.429+0*
*        6.12697091562-1               0
GRID*               3829               0 1.73532755594-1        3.4544+0*
*        6.12697091562-1               0
GRID*               3830               0 1.73532755594-1        3.4798+0*
*        6.12697091562-1               0
GRID*               3831               0 1.73532755594-1        3.5052+0*
*        6.12697091562-1               0
GRID*               3832               0 1.73532755594-1        3.5306+0*
*        6.12697091562-1               0
GRID*               3833               0 1.73532755594-1         3.556+0*
*        6.12697091562-1               0
GRID*               3834               0 2.12973692773-1        3.2766+0*
*        6.72546750389-1               0
GRID*               3835               0 2.12973692773-1         3.175+0*
*        6.72546750389-1               0
GRID*               3836               0 2.12973692773-1        3.0734+0*
*        6.72546750389-1               0
GRID*               3837               0 7.52105105513-1        3.3274+0*
*        1.09172208956+0               0
GRID*               3838               0 1.19679576966+0        3.4544+0*
*        1.16805489608+0               0
GRID*               3839               0 1.88320686999+0         3.556+0*
*        9.24234655603-1               0
GRID*               3840               0 4.79861111011-1        3.4036+0*
*        9.43966502769-1               0
GRID*               3841               0 1.88320686999+0        3.5306+0*
*        9.24234655603-1               0
GRID*               3842               0 4.79861111011-1        3.5052+0*
*        9.43966502769-1               0
GRID*               3843               0 1.88320686999+0        3.5052+0*
*        9.24234655603-1               0
GRID*               3844               0 7.97052388553-1        3.2004+0*
*        1.10781745404+0               0
GRID*               3845               0 1.88320686999+0        3.4798+0*
*        9.24234655603-1               0
GRID*               3846               0 9.36087738129-1        3.3782+0*
*        1.14507186368+0               0
GRID*               3847               0 1.88320686999+0        3.4544+0*
*        9.24234655603-1               0
GRID*               3848               0 9.36087738129-1         3.175+0*
*        1.14507186368+0               0
GRID*               3849               0 1.88320686999+0         3.429+0*
*        9.24234655603-1               0
GRID*               3850               0 1.86247348722-1         3.048+0*
*        6.32878131703-1               0
GRID*               3851               0 1.88320686999+0        3.4036+0*
*        9.24234655603-1               0
GRID*               3852               0 1.86247348722-1        3.0734+0*
*        6.32878131703-1               0
GRID*               3853               0 1.88320686999+0        3.3782+0*
*        9.24234655603-1               0
GRID*               3854               0 1.86247348722-1        3.0988+0*
*        6.32878131703-1               0
GRID*               3855               0 1.88320686999+0        3.3528+0*
*        9.24234655603-1               0
GRID*               3856               0 1.86247348722-1        3.1242+0*
*        6.32878131703-1               0
GRID*               3857               0 1.88320686999+0        3.3274+0*
*        9.24234655603-1               0
GRID*               3858               0 1.86247348722-1        3.1496+0*
*        6.32878131703-1               0
GRID*               3859               0 1.88320686999+0         3.302+0*
*        9.24234655603-1               0
GRID*               3860               0 1.86247348722-1         3.175+0*
*        6.32878131703-1               0
GRID*               3861               0 1.88320686999+0        3.2766+0*
*        9.24234655603-1               0
GRID*               3862               0 1.86247348722-1        3.2004+0*
*        6.32878131703-1               0
GRID*               3863               0 1.88320686999+0        3.2512+0*
*        9.24234655603-1               0
GRID*               3864               0 1.86247348722-1        3.2258+0*
*        6.32878131703-1               0
GRID*               3865               0 1.88320686999+0        3.2258+0*
*        9.24234655603-1               0
GRID*               3866               0 1.86247348722-1        3.2512+0*
*        6.32878131703-1               0
GRID*               3867               0 1.88320686999+0        3.2004+0*
*        9.24234655603-1               0
GRID*               3868               0 1.86247348722-1        3.2766+0*
*        6.32878131703-1               0
GRID*               3869               0 1.88320686999+0         3.175+0*
*        9.24234655603-1               0
GRID*               3870               0 1.86247348722-1         3.302+0*
*        6.32878131703-1               0
GRID*               3871               0 1.88320686999+0        3.1496+0*
*        9.24234655603-1               0
GRID*               3872               0 1.86247348722-1        3.3274+0*
*        6.32878131703-1               0
GRID*               3873               0 1.88320686999+0        3.1242+0*
*        9.24234655603-1               0
GRID*               3874               0 1.86247348722-1        3.3528+0*
*        6.32878131703-1               0
GRID*               3875               0 1.88320686999+0        3.0988+0*
*        9.24234655603-1               0
GRID*               3876               0 1.86247348722-1        3.3782+0*
*        6.32878131703-1               0
GRID*               3877               0 1.88320686999+0        3.0734+0*
*        9.24234655603-1               0
GRID*               3878               0 9.36087738129-1        3.5306+0*
*        1.14507186368+0               0
GRID*               3879               0 1.88320686999+0         3.048+0*
*        9.24234655603-1               0
GRID*               3880               0  1.8252893891+0        3.0734+0*
*        9.66258190388-1               0
GRID*               3881               0 4.79861111011-1        3.4544+0*
*        9.43966502769-1               0
GRID*               3882               0 4.79861111011-1         3.556+0*
*        9.43966502769-1               0
GRID*               3883               0 9.36087738129-1        3.4798+0*
*        1.14507186368+0               0
GRID*               3884               0 9.36087738129-1        3.2766+0*
*        1.14507186368+0               0
GRID*               3885               0 6.43252392982-1        3.3528+0*
*        1.04373298829+0               0
GRID*               3886               0 -1.1881413614-1        3.4544+0*
*       -2.65299481108-1               0
GRID*               3887               0 -1.1881413614-1         3.429+0*
*       -2.65299481108-1               0
GRID*               3888               0 -1.1881413614-1        3.4036+0*
*       -2.65299481108-1               0
GRID*               3889               0 -1.1881413614-1        3.3782+0*
*       -2.65299481108-1               0
GRID*               3890               0 -1.1881413614-1        3.3528+0*
*       -2.65299481108-1               0
GRID*               3891               0 -1.1881413614-1        3.3274+0*
*       -2.65299481108-1               0
GRID*               3892               0 -1.1881413614-1         3.302+0*
*       -2.65299481108-1               0
GRID*               3893               0 -1.1881413614-1        3.2766+0*
*       -2.65299481108-1               0
GRID*               3894               0 -1.1881413614-1        3.2512+0*
*       -2.65299481108-1               0
GRID*               3895               0 4.79861111011-1        3.3782+0*
*        9.43966502769-1               0
GRID*               3896               0 4.79861111011-1         3.429+0*
*        9.43966502769-1               0
GRID*               3897               0 4.79861111011-1        3.4798+0*
*        9.43966502769-1               0
GRID*               3898               0 4.79861111011-1        3.5306+0*
*        9.43966502769-1               0
GRID*               3899               0 1.86247348722-1        3.4036+0*
*        6.32878131703-1               0
GRID*               3900               0 6.43252392982-1         3.302+0*
*        1.04373298829+0               0
GRID*               3901               0 1.86415894782+0         3.556+0*
*        9.38657576825-1               0
GRID*               3902               0 9.36087738129-1         3.429+0*
*        1.14507186368+0               0
GRID*               3903               0 1.86415894782+0        3.5306+0*
*        9.38657576825-1               0
GRID*               3904               0 9.36087738129-1        3.3274+0*
*        1.14507186368+0               0
GRID*               3905               0 1.86415894782+0        3.5052+0*
*        9.38657576825-1               0
GRID*               3906               0 9.36087738129-1        3.2258+0*
*        1.14507186368+0               0
GRID*               3907               0 1.86415894782+0        3.4798+0*
*        9.38657576825-1               0
GRID*               3908               0 4.99396585342-1         3.048+0*
*        9.57910742802-1               0
GRID*               3909               0 1.86415894782+0        3.4544+0*
*        9.38657576825-1               0
GRID*               3910               0 4.99396585342-1        3.0734+0*
*        9.57910742802-1               0
GRID*               3911               0 1.86415894782+0         3.429+0*
*        9.38657576825-1               0
GRID*               3912               0 1.22078301897+0         3.556+0*
*        1.16722516222+0               0
GRID*               3913               0 1.86415894782+0        3.4036+0*
*        9.38657576825-1               0
GRID*               3914               0 4.99396585342-1        3.1496+0*
*        9.57910742802-1               0
GRID*               3915               0 1.86415894782+0        3.3782+0*
*        9.38657576825-1               0
GRID*               3916               0 4.99396585342-1        3.2004+0*
*        9.57910742802-1               0
GRID*               3917               0 1.86415894782+0        3.3528+0*
*        9.38657576825-1               0
GRID*               3918               0 4.99396585342-1        3.2512+0*
*        9.57910742802-1               0
GRID*               3919               0 1.86415894782+0        3.3274+0*
*        9.38657576825-1               0
GRID*               3920               0 4.99396585342-1         3.302+0*
*        9.57910742802-1               0
GRID*               3921               0 1.86415894782+0         3.302+0*
*        9.38657576825-1               0
GRID*               3922               0 4.99396585342-1        3.3528+0*
*        9.57910742802-1               0
GRID*               3923               0 1.86415894782+0        3.2766+0*
*        9.38657576825-1               0
GRID*               3924               0 4.99396585342-1        3.4036+0*
*        9.57910742802-1               0
GRID*               3925               0 1.86415894782+0        3.2512+0*
*        9.38657576825-1               0
GRID*               3926               0 4.99396585342-1        3.4544+0*
*        9.57910742802-1               0
GRID*               3927               0 1.86415894782+0        3.2258+0*
*        9.38657576825-1               0
GRID*               3928               0 4.99396585342-1        3.5052+0*
*        9.57910742802-1               0
GRID*               3929               0 1.86415894782+0        3.2004+0*
*        9.38657576825-1               0
GRID*               3930               0 4.99396585342-1         3.556+0*
*        9.57910742802-1               0
GRID*               3931               0 1.86415894782+0         3.175+0*
*        9.38657576825-1               0
GRID*               3932               0 7.97052388553-1         3.175+0*
*        1.10781745404+0               0
GRID*               3933               0 1.86415894782+0        3.1496+0*
*        9.38657576825-1               0
GRID*               3934               0 4.99396585342-1        3.1242+0*
*        9.57910742802-1               0
GRID*               3935               0 1.86415894782+0        3.1242+0*
*        9.38657576825-1               0
GRID*               3936               0 1.22078301897+0        3.5052+0*
*        1.16722516222+0               0
GRID*               3937               0 1.86415894782+0        3.0988+0*
*        9.38657576825-1               0
GRID*               3938               0 4.99396585342-1         3.175+0*
*        9.57910742802-1               0
GRID*               3939               0 1.86415894782+0        3.0734+0*
*        9.38657576825-1               0
GRID*               3940               0 1.99393595648-1        3.1496+0*
*        6.52828574991-1               0
GRID*               3941               0 1.86415894782+0         3.048+0*
*        9.38657576825-1               0
GRID*               3942               0 1.86247348722-1         3.429+0*
*        6.32878131703-1               0
GRID*               3943               0 1.86247348722-1        3.4544+0*
*        6.32878131703-1               0
GRID*               3944               0 1.86247348722-1        3.4798+0*
*        6.32878131703-1               0
GRID*               3945               0 1.86247348722-1        3.5052+0*
*        6.32878131703-1               0
GRID*               3946               0 1.86247348722-1        3.5306+0*
*        6.32878131703-1               0
PARAM    STR_CID      -2
$--1---><--2---><--3---><--4---><--5---><--6---><--7---><--8---><--9---><--10-->
$$$$$$$$$$$$$$$$$$$$$$$$$$$$$$$$$$$ Material $$$$$$$$$$$$$$$$$$$$$$$$$$$$$$$$$$$
MAT1*                  1 2.27526990675+7 8.42692558054+6           3.5-1*
*                  0.0+0           0.0+0           0.0+0
$--1---><--2---><--3---><--4---><--5---><--6---><--7---><--8---><--9---><--10-->
SPC            1       3       1   0.0+0
SPC            1       3       2   0.0+0
SPC            1       3       3   0.0+0
SPC            1       3       4   0.0+0
SPC            1       3       5   0.0+0
SPC            1       3       6   0.0+0
SPC            1       6       1   0.0+0
SPC            1       6       2   0.0+0
SPC            1       6       3   0.0+0
SPC            1       6       4   0.0+0
SPC            1       6       5   0.0+0
SPC            1       6       6   0.0+0
SPC            1      50       1   0.0+0
SPC            1      50       2   0.0+0
SPC            1      50       3   0.0+0
SPC            1      50       4   0.0+0
SPC            1      50       5   0.0+0
SPC            1      50       6   0.0+0
SPC            1      51       1   0.0+0
SPC            1      51       2   0.0+0
SPC            1      51       3   0.0+0
SPC            1      51       4   0.0+0
SPC            1      51       5   0.0+0
SPC            1      51       6   0.0+0
SPC            1      54       1   0.0+0
SPC            1      54       2   0.0+0
SPC            1      54       3   0.0+0
SPC            1      54       4   0.0+0
SPC            1      54       5   0.0+0
SPC            1      54       6   0.0+0
SPC            1      55       1   0.0+0
SPC            1      55       2   0.0+0
SPC            1      55       3   0.0+0
SPC            1      55       4   0.0+0
SPC            1      55       5   0.0+0
SPC            1      55       6   0.0+0
SPC            1     255       1   0.0+0
SPC            1     255       2   0.0+0
SPC            1     255       3   0.0+0
SPC            1     255       4   0.0+0
SPC            1     255       5   0.0+0
SPC            1     255       6   0.0+0
SPC            1     256       1   0.0+0
SPC            1     256       2   0.0+0
SPC            1     256       3   0.0+0
SPC            1     256       4   0.0+0
SPC            1     256       5   0.0+0
SPC            1     256       6   0.0+0
SPC            1     259       1   0.0+0
SPC            1     259       2   0.0+0
SPC            1     259       3   0.0+0
SPC            1     259       4   0.0+0
SPC            1     259       5   0.0+0
SPC            1     259       6   0.0+0
SPC            1     260       1   0.0+0
SPC            1     260       2   0.0+0
SPC            1     260       3   0.0+0
SPC            1     260       4   0.0+0
SPC            1     260       5   0.0+0
SPC            1     260       6   0.0+0
SPC            1     272       1   0.0+0
SPC            1     272       2   0.0+0
SPC            1     272       3   0.0+0
SPC            1     272       4   0.0+0
SPC            1     272       5   0.0+0
SPC            1     272       6   0.0+0
SPC            1    1102       1   0.0+0
SPC            1    1102       2   0.0+0
SPC            1    1102       3   0.0+0
SPC            1    1102       4   0.0+0
SPC            1    1102       5   0.0+0
SPC            1    1102       6   0.0+0
SPC            1    1104       1   0.0+0
SPC            1    1104       2   0.0+0
SPC            1    1104       3   0.0+0
SPC            1    1104       4   0.0+0
SPC            1    1104       5   0.0+0
SPC            1    1104       6   0.0+0
SPC            1    1106       1   0.0+0
SPC            1    1106       2   0.0+0
SPC            1    1106       3   0.0+0
SPC            1    1106       4   0.0+0
SPC            1    1106       5   0.0+0
SPC            1    1106       6   0.0+0
SPC            1    1108       1   0.0+0
SPC            1    1108       2   0.0+0
SPC            1    1108       3   0.0+0
SPC            1    1108       4   0.0+0
SPC            1    1108       5   0.0+0
SPC            1    1108       6   0.0+0
SPC            1    1110       1   0.0+0
SPC            1    1110       2   0.0+0
SPC            1    1110       3   0.0+0
SPC            1    1110       4   0.0+0
SPC            1    1110       5   0.0+0
SPC            1    1110       6   0.0+0
SPC            1    1140       1   0.0+0
SPC            1    1140       2   0.0+0
SPC            1    1140       3   0.0+0
SPC            1    1140       4   0.0+0
SPC            1    1140       5   0.0+0
SPC            1    1140       6   0.0+0
SPC            1    1163       1   0.0+0
SPC            1    1163       2   0.0+0
SPC            1    1163       3   0.0+0
SPC            1    1163       4   0.0+0
SPC            1    1163       5   0.0+0
SPC            1    1163       6   0.0+0
SPC            1    1164       1   0.0+0
SPC            1    1164       2   0.0+0
SPC            1    1164       3   0.0+0
SPC            1    1164       4   0.0+0
SPC            1    1164       5   0.0+0
SPC            1    1164       6   0.0+0
SPC            1    1165       1   0.0+0
SPC            1    1165       2   0.0+0
SPC            1    1165       3   0.0+0
SPC            1    1165       4   0.0+0
SPC            1    1165       5   0.0+0
SPC            1    1165       6   0.0+0
SPC            1    1166       1   0.0+0
SPC            1    1166       2   0.0+0
SPC            1    1166       3   0.0+0
SPC            1    1166       4   0.0+0
SPC            1    1166       5   0.0+0
SPC            1    1166       6   0.0+0
SPC            1    1167       1   0.0+0
SPC            1    1167       2   0.0+0
SPC            1    1167       3   0.0+0
SPC            1    1167       4   0.0+0
SPC            1    1167       5   0.0+0
SPC            1    1167       6   0.0+0
SPC            1    1168       1   0.0+0
SPC            1    1168       2   0.0+0
SPC            1    1168       3   0.0+0
SPC            1    1168       4   0.0+0
SPC            1    1168       5   0.0+0
SPC            1    1168       6   0.0+0
SPC            1    1169       1   0.0+0
SPC            1    1169       2   0.0+0
SPC            1    1169       3   0.0+0
SPC            1    1169       4   0.0+0
SPC            1    1169       5   0.0+0
SPC            1    1169       6   0.0+0
SPC            1    1170       1   0.0+0
SPC            1    1170       2   0.0+0
SPC            1    1170       3   0.0+0
SPC            1    1170       4   0.0+0
SPC            1    1170       5   0.0+0
SPC            1    1170       6   0.0+0
SPC            1    1171       1   0.0+0
SPC            1    1171       2   0.0+0
SPC            1    1171       3   0.0+0
SPC            1    1171       4   0.0+0
SPC            1    1171       5   0.0+0
SPC            1    1171       6   0.0+0
SPC            1    1173       1   0.0+0
SPC            1    1173       2   0.0+0
SPC            1    1173       3   0.0+0
SPC            1    1173       4   0.0+0
SPC            1    1173       5   0.0+0
SPC            1    1173       6   0.0+0
SPC            1    2467       1   0.0+0
SPC            1    2467       2   0.0+0
SPC            1    2467       3   0.0+0
SPC            1    2467       4   0.0+0
SPC            1    2467       5   0.0+0
SPC            1    2467       6   0.0+0
SPC            1    2469       1   0.0+0
SPC            1    2469       2   0.0+0
SPC            1    2469       3   0.0+0
SPC            1    2469       4   0.0+0
SPC            1    2469       5   0.0+0
SPC            1    2469       6   0.0+0
SPC            1    2471       1   0.0+0
SPC            1    2471       2   0.0+0
SPC            1    2471       3   0.0+0
SPC            1    2471       4   0.0+0
SPC            1    2471       5   0.0+0
SPC            1    2471       6   0.0+0
SPC            1    2473       1   0.0+0
SPC            1    2473       2   0.0+0
SPC            1    2473       3   0.0+0
SPC            1    2473       4   0.0+0
SPC            1    2473       5   0.0+0
SPC            1    2473       6   0.0+0
SPC            1    2475       1   0.0+0
SPC            1    2475       2   0.0+0
SPC            1    2475       3   0.0+0
SPC            1    2475       4   0.0+0
SPC            1    2475       5   0.0+0
SPC            1    2475       6   0.0+0
SPC            1    2477       1   0.0+0
SPC            1    2477       2   0.0+0
SPC            1    2477       3   0.0+0
SPC            1    2477       4   0.0+0
SPC            1    2477       5   0.0+0
SPC            1    2477       6   0.0+0
SPC            1    2479       1   0.0+0
SPC            1    2479       2   0.0+0
SPC            1    2479       3   0.0+0
SPC            1    2479       4   0.0+0
SPC            1    2479       5   0.0+0
SPC            1    2479       6   0.0+0
SPC            1    2582       1   0.0+0
SPC            1    2582       2   0.0+0
SPC            1    2582       3   0.0+0
SPC            1    2582       4   0.0+0
SPC            1    2582       5   0.0+0
SPC            1    2582       6   0.0+0
SPC            1    2583       1   0.0+0
SPC            1    2583       2   0.0+0
SPC            1    2583       3   0.0+0
SPC            1    2583       4   0.0+0
SPC            1    2583       5   0.0+0
SPC            1    2583       6   0.0+0
SPC            1    2586       1   0.0+0
SPC            1    2586       2   0.0+0
SPC            1    2586       3   0.0+0
SPC            1    2586       4   0.0+0
SPC            1    2586       5   0.0+0
SPC            1    2586       6   0.0+0
SPC            1    2587       1   0.0+0
SPC            1    2587       2   0.0+0
SPC            1    2587       3   0.0+0
SPC            1    2587       4   0.0+0
SPC            1    2587       5   0.0+0
SPC            1    2587       6   0.0+0
$--1---><--2---><--3---><--4---><--5---><--6---><--7---><--8---><--9---><--10-->
$$$$$$$$$$$$$$$$$$$$$$$$$$$$$$$$$$$ Default $$$$$$$$$$$$$$$$$$$$$$$$$$$$$$$$$$$$
PSHELL         1       1  5.08-2       1               1           0.0+0
CQUAD4         1       1      40      38      22      24   0.0+0   0.0+0
CQUAD4         2       1      38      36      20      22   0.0+0   0.0+0
CQUAD4         3       1      36      34      18      20   0.0+0   0.0+0
CQUAD4         4       1      34      32      16      18   0.0+0   0.0+0
CQUAD4         5       1      32      30      14      16   0.0+0   0.0+0
CQUAD4         6       1      30      28      12      14   0.0+0   0.0+0
CQUAD4         7       1      28      26      10      12   0.0+0   0.0+0
CQUAD4         8       1      26       4       1      10   0.0+0   0.0+0
CQUAD4         9       1       4       3       6       1   0.0+0   0.0+0
CQUAD4        10       1     110      87      70     112   0.0+0   0.0+0
CQUAD4        11       1     132      85      68     134   0.0+0   0.0+0
CQUAD4        12       1     154      83      66     156   0.0+0   0.0+0
CQUAD4        13       1     176      81      64     178   0.0+0   0.0+0
CQUAD4        14       1     198      79      62     200   0.0+0   0.0+0
CQUAD4        15       1     220      77      60     222   0.0+0   0.0+0
CQUAD4        16       1     242      75      58     244   0.0+0   0.0+0
CQUAD4        17       1     163      73      49     165   0.0+0   0.0+0
CQUAD4        18       1     253      55      54     120   0.0+0   0.0+0
CQUAD4        19       1      88     106     108      98   0.0+0   0.0+0
CQUAD4        20       1      98     108     110     100   0.0+0   0.0+0
CQUAD4        21       1     100     110     112      72   0.0+0   0.0+0
CQUAD4        22       1     106      86     118     108   0.0+0   0.0+0
CQUAD4        23       1     108     118      87     110   0.0+0   0.0+0
CQUAD4        24       1      86     128     130     118   0.0+0   0.0+0
CQUAD4        25       1     118     130     132      87   0.0+0   0.0+0
CQUAD4        26       1      87     132     134      70   0.0+0   0.0+0
CQUAD4        27       1     128      84     140     130   0.0+0   0.0+0
CQUAD4        28       1     130     140      85     132   0.0+0   0.0+0
CQUAD4        29       1      84     150     152     140   0.0+0   0.0+0
CQUAD4        30       1     140     152     154      85   0.0+0   0.0+0
CQUAD4        31       1      85     154     156      68   0.0+0   0.0+0
CQUAD4        32       1     150      82     162     152   0.0+0   0.0+0
CQUAD4        33       1     152     162      83     154   0.0+0   0.0+0
CQUAD4        34       1      82     172     174     162   0.0+0   0.0+0
CQUAD4        35       1     162     174     176      83   0.0+0   0.0+0
CQUAD4        36       1      83     176     178      66   0.0+0   0.0+0
CQUAD4        37       1     172      80     184     174   0.0+0   0.0+0
CQUAD4        38       1     174     184      81     176   0.0+0   0.0+0
CQUAD4        39       1      80     194     196     184   0.0+0   0.0+0
CQUAD4        40       1     184     196     198      81   0.0+0   0.0+0
CQUAD4        41       1      81     198     200      64   0.0+0   0.0+0
CQUAD4        42       1     194      78     206     196   0.0+0   0.0+0
CQUAD4        43       1     196     206      79     198   0.0+0   0.0+0
CQUAD4        44       1      78     216     218     206   0.0+0   0.0+0
CQUAD4        45       1     206     218     220      79   0.0+0   0.0+0
CQUAD4        46       1      79     220     222      62   0.0+0   0.0+0
CQUAD4        47       1     216      76     228     218   0.0+0   0.0+0
CQUAD4        48       1     218     228      77     220   0.0+0   0.0+0
CQUAD4        49       1      76     238     240     228   0.0+0   0.0+0
CQUAD4        50       1     228     240     242      77   0.0+0   0.0+0
CQUAD4        51       1      77     242     244      60   0.0+0   0.0+0
CQUAD4        52       1     238      74     250     240   0.0+0   0.0+0
CQUAD4        53       1     240     250      75     242   0.0+0   0.0+0
CQUAD4        54       1      74     142     144     250   0.0+0   0.0+0
CQUAD4        55       1     250     144     163      75   0.0+0   0.0+0
CQUAD4        56       1      75     163     165      58   0.0+0   0.0+0
CQUAD4        57       1     142      52     188     144   0.0+0   0.0+0
CQUAD4        58       1     144     188      73     163   0.0+0   0.0+0
CQUAD4        59       1      52     232     251     188   0.0+0   0.0+0
CQUAD4        60       1     188     251     253      73   0.0+0   0.0+0
CQUAD4        61       1      73     253     120      49   0.0+0   0.0+0
CQUAD4        62       1     232      51      50     251   0.0+0   0.0+0
CQUAD4        63       1     251      50      55     253   0.0+0   0.0+0
CQUAD4        64       1     542     292     275     544   0.0+0   0.0+0
CQUAD4        65       1     812     290     273     814   0.0+0   0.0+0
CQUAD4        66       1    1082     288     271    1084   0.0+0   0.0+0
CQUAD4        67       1    1352     286     269    1354   0.0+0   0.0+0
CQUAD4        68       1    1622     284     267    1624   0.0+0   0.0+0
CQUAD4        69       1    1892     282     265    1894   0.0+0   0.0+0
CQUAD4        70       1    2162     280     263    2164   0.0+0   0.0+0
CQUAD4*               71               1            2432             278*
*                    254            2434   1.10473798-33           0.0+0
CQUAD4        72       1    2201     260     259    2203   0.0+0   0.0+0
CQUAD4        73       1     293     332     334     303   0.0+0   0.0+0
CQUAD4        74       1     303     334     336     305   0.0+0   0.0+0
CQUAD4        75       1     305     336     338     307   0.0+0   0.0+0
CQUAD4        76       1     307     338     340     309   0.0+0   0.0+0
CQUAD4        77       1     309     340     342     311   0.0+0   0.0+0
CQUAD4        78       1     311     342     344     313   0.0+0   0.0+0
CQUAD4        79       1     313     344     346     315   0.0+0   0.0+0
CQUAD4        80       1     315     346     348     317   0.0+0   0.0+0
CQUAD4        81       1     317     348     350     319   0.0+0   0.0+0
CQUAD4        82       1     319     350     352     277   0.0+0   0.0+0
CQUAD4        83       1     332     364     366     334   0.0+0   0.0+0
CQUAD4        84       1     334     366     368     336   0.0+0   0.0+0
CQUAD4        85       1     336     368     370     338   0.0+0   0.0+0
CQUAD4        86       1     338     370     372     340   0.0+0   0.0+0
CQUAD4        87       1     340     372     374     342   0.0+0   0.0+0
CQUAD4        88       1     342     374     376     344   0.0+0   0.0+0
CQUAD4        89       1     344     376     378     346   0.0+0   0.0+0
CQUAD4        90       1     346     378     380     348   0.0+0   0.0+0
CQUAD4        91       1     348     380     382     350   0.0+0   0.0+0
CQUAD4        92       1     350     382     384     352   0.0+0   0.0+0
CQUAD4*               93               1             364             396*
*                    398             366 7.4695587186-31           0.0+0
CQUAD4        94       1     366     398     400     368   0.0+0   0.0+0
CQUAD4*               95               1             368             400*
*                    402             370 9.2083174664-30           0.0+0
CQUAD4        96       1     370     402     404     372   0.0+0   0.0+0
CQUAD4        97       1     372     404     406     374   0.0+0   0.0+0
CQUAD4*               98               1             374             406*
*                    408             376 7.4695587186-31           0.0+0
CQUAD4        99       1     376     408     410     378   0.0+0   0.0+0
CQUAD4*              100               1             378             410*
*                    412             380 9.2083174664-30           0.0+0
CQUAD4       101       1     380     412     414     382   0.0+0   0.0+0
CQUAD4*              102               1             382             414*
*                    416             384 7.4695587186-31           0.0+0
CQUAD4*              103               1             396             428*
*                    430             398 1.2961326071-29           0.0+0
CQUAD4*              104               1             398             430*
*                    432             400 9.6378741754-30           0.0+0
CQUAD4*              105               1             400             432*
*                    434             402-4.5198400492-29           0.0+0
CQUAD4*              106               1             402             434*
*                    436             404-3.6224888879-31           0.0+0
CQUAD4*              107               1             404             436*
*                    438             406 2.2236951357-29           0.0+0
CQUAD4*              108               1             406             438*
*                    440             408 4.5198400492-29           0.0+0
CQUAD4*              109               1             408             440*
*                    442             410-1.2961326071-29           0.0+0
CQUAD4*              110               1             410             442*
*                    444             412-2.5834535447-29           0.0+0
CQUAD4       111       1     412     444     446     414   0.0+0   0.0+0
CQUAD4*              112               1             414             446*
*                    448             416 1.2961326071-29           0.0+0
CQUAD4       113       1     428     460     462     430   0.0+0   0.0+0
CQUAD4*              114               1             430             462*
*                    464             432-2.2839473792-29           0.0+0
CQUAD4*              115               1             432             464*
*                    466             434 1.9625730343-30           0.0+0
CQUAD4*              116               1             434             466*
*                    468             436-2.2839473792-29           0.0+0
CQUAD4*              117               1             436             468*
*                    470             438 1.9625730343-30           0.0+0
CQUAD4*              118               1             438             470*
*                    472             440-2.4027354621-31           0.0+0
CQUAD4*              119               1             440             472*
*                    474             442-2.0636627212-29           0.0+0
CQUAD4*              120               1             442             474*
*                    476             444 6.0480015437-31           0.0+0
CQUAD4*              121               1             444             476*
*                    478             446 5.2957570031-30           0.0+0
CQUAD4       122       1     446     478     480     448   0.0+0   0.0+0
CQUAD4       123       1     460     492     494     462   0.0+0   0.0+0
CQUAD4       124       1     462     494     496     464   0.0+0   0.0+0
CQUAD4       125       1     464     496     498     466   0.0+0   0.0+0
CQUAD4       126       1     466     498     500     468   0.0+0   0.0+0
CQUAD4       127       1     468     500     502     470   0.0+0   0.0+0
CQUAD4       128       1     470     502     504     472   0.0+0   0.0+0
CQUAD4       129       1     472     504     506     474   0.0+0   0.0+0
CQUAD4*              130               1             474             506*
*                    508             476-1.9534230843-29           0.0+0
CQUAD4*              131               1             476             508*
*                    510             478 5.8405600153-31           0.0+0
CQUAD4       132       1     478     510     512     480   0.0+0   0.0+0
CQUAD4       133       1     492     524     526     494   0.0+0   0.0+0
CQUAD4*              134               1             494             526*
*                    528             496 7.0364486064-30           0.0+0
CQUAD4*              135               1             496             528*
*                    530             498 6.5761368478-30           0.0+0
CQUAD4       136       1     498     530     532     500   0.0+0   0.0+0
CQUAD4       137       1     500     532     534     502   0.0+0   0.0+0
CQUAD4       138       1     502     534     536     504   0.0+0   0.0+0
CQUAD4       139       1     504     536     538     506   0.0+0   0.0+0
CQUAD4       140       1     506     538     540     508   0.0+0   0.0+0
CQUAD4       141       1     508     540     542     510   0.0+0   0.0+0
CQUAD4       142       1     510     542     544     512   0.0+0   0.0+0
CQUAD4       143       1     524     291     557     526   0.0+0   0.0+0
CQUAD4*              144               1             526             557*
*                    559             528 1.3125590718-29           0.0+0
CQUAD4*              145               1             528             559*
*                    561             530-8.9136732219-30           0.0+0
CQUAD4       146       1     530     561     563     532   0.0+0   0.0+0
CQUAD4       147       1     532     563     565     534   0.0+0   0.0+0
CQUAD4       148       1     534     565     567     536   0.0+0   0.0+0
CQUAD4       149       1     536     567     569     538   0.0+0   0.0+0
CQUAD4       150       1     538     569     571     540   0.0+0   0.0+0
CQUAD4       151       1     540     571     292     542   0.0+0   0.0+0
CQUAD4*              152               1             291             602*
*                    604             557 -1.020530915-30           0.0+0
CQUAD4       153       1     557     604     606     559   0.0+0   0.0+0
CQUAD4*              154               1             559             606*
*                    608             561 2.5376691959-29           0.0+0
CQUAD4       155       1     561     608     610     563   0.0+0   0.0+0
CQUAD4       156       1     563     610     612     565   0.0+0   0.0+0
CQUAD4       157       1     565     612     614     567   0.0+0   0.0+0
CQUAD4       158       1     567     614     616     569   0.0+0   0.0+0
CQUAD4       159       1     569     616     618     571   0.0+0   0.0+0
CQUAD4       160       1     571     618     620     292   0.0+0   0.0+0
CQUAD4       161       1     292     620     622     275   0.0+0   0.0+0
CQUAD4       162       1     602     634     636     604   0.0+0   0.0+0
CQUAD4       163       1     604     636     638     606   0.0+0   0.0+0
CQUAD4       164       1     606     638     640     608   0.0+0   0.0+0
CQUAD4*              165               1             608             640*
*                    642             610 4.2935903236-29           0.0+0
CQUAD4*              166               1             610             642*
*                    644             612-7.2154273368-29           0.0+0
CQUAD4       167       1     612     644     646     614   0.0+0   0.0+0
CQUAD4       168       1     614     646     648     616   0.0+0   0.0+0
CQUAD4       169       1     616     648     650     618   0.0+0   0.0+0
CQUAD4*              170               1             618             650*
*                    652             620 4.2935903236-29           0.0+0
CQUAD4*              171               1             620             652*
*                    654             622-7.2154273368-29           0.0+0
CQUAD4*              172               1             634             666*
*                    668             636 8.3557647612-29           0.0+0
CQUAD4       173       1     636     668     670     638   0.0+0   0.0+0
CQUAD4*              174               1             638             670*
*                    672             640-8.9081256032-29           0.0+0
CQUAD4*              175               1             640             672*
*                    674             642-3.8105054771-29           0.0+0
CQUAD4*              176               1             642             674*
*                    676             644-8.9081256032-29           0.0+0
CQUAD4       177       1     644     676     678     646   0.0+0   0.0+0
CQUAD4       178       1     646     678     680     648   0.0+0   0.0+0
CQUAD4       179       1     648     680     682     650   0.0+0   0.0+0
CQUAD4*              180               1             650             682*
*                    684             652-3.8105054771-29           0.0+0
CQUAD4*              181               1             652             684*
*                    686             654-8.9081256032-29           0.0+0
CQUAD4*              182               1             666             698*
*                    700             668-3.7904141152-29           0.0+0
CQUAD4*              183               1             668             700*
*                    702             670 -1.165988189-29           0.0+0
CQUAD4       184       1     670     702     704     672   0.0+0   0.0+0
CQUAD4       185       1     672     704     706     674   0.0+0   0.0+0
CQUAD4       186       1     674     706     708     676   0.0+0   0.0+0
CQUAD4       187       1     676     708     710     678   0.0+0   0.0+0
CQUAD4       188       1     678     710     712     680   0.0+0   0.0+0
CQUAD4       189       1     680     712     714     682   0.0+0   0.0+0
CQUAD4       190       1     682     714     716     684   0.0+0   0.0+0
CQUAD4       191       1     684     716     718     686   0.0+0   0.0+0
CQUAD4*              192               1             698             730*
*                    732             700 1.7143053814-29           0.0+0
CQUAD4*              193               1             700             732*
*                    734             702 8.4266173438-30           0.0+0
CQUAD4       194       1     702     734     736     704   0.0+0   0.0+0
CQUAD4       195       1     704     736     738     706   0.0+0   0.0+0
CQUAD4       196       1     706     738     740     708   0.0+0   0.0+0
CQUAD4       197       1     708     740     742     710   0.0+0   0.0+0
CQUAD4       198       1     710     742     744     712   0.0+0   0.0+0
CQUAD4       199       1     712     744     746     714   0.0+0   0.0+0
CQUAD4       200       1     714     746     748     716   0.0+0   0.0+0
CQUAD4       201       1     716     748     750     718   0.0+0   0.0+0
CQUAD4       202       1     730     762     764     732   0.0+0   0.0+0
CQUAD4       203       1     732     764     766     734   0.0+0   0.0+0
CQUAD4       204       1     734     766     768     736   0.0+0   0.0+0
CQUAD4       205       1     736     768     770     738   0.0+0   0.0+0
CQUAD4       206       1     738     770     772     740   0.0+0   0.0+0
CQUAD4       207       1     740     772     774     742   0.0+0   0.0+0
CQUAD4       208       1     742     774     776     744   0.0+0   0.0+0
CQUAD4       209       1     744     776     778     746   0.0+0   0.0+0
CQUAD4       210       1     746     778     780     748   0.0+0   0.0+0
CQUAD4       211       1     748     780     782     750   0.0+0   0.0+0
CQUAD4       212       1     762     794     796     764   0.0+0   0.0+0
CQUAD4       213       1     764     796     798     766   0.0+0   0.0+0
CQUAD4       214       1     766     798     800     768   0.0+0   0.0+0
CQUAD4       215       1     768     800     802     770   0.0+0   0.0+0
CQUAD4       216       1     770     802     804     772   0.0+0   0.0+0
CQUAD4       217       1     772     804     806     774   0.0+0   0.0+0
CQUAD4       218       1     774     806     808     776   0.0+0   0.0+0
CQUAD4       219       1     776     808     810     778   0.0+0   0.0+0
CQUAD4       220       1     778     810     812     780   0.0+0   0.0+0
CQUAD4       221       1     780     812     814     782   0.0+0   0.0+0
CQUAD4       222       1     794     289     827     796   0.0+0   0.0+0
CQUAD4       223       1     796     827     829     798   0.0+0   0.0+0
CQUAD4       224       1     798     829     831     800   0.0+0   0.0+0
CQUAD4       225       1     800     831     833     802   0.0+0   0.0+0
CQUAD4       226       1     802     833     835     804   0.0+0   0.0+0
CQUAD4       227       1     804     835     837     806   0.0+0   0.0+0
CQUAD4       228       1     806     837     839     808   0.0+0   0.0+0
CQUAD4       229       1     808     839     841     810   0.0+0   0.0+0
CQUAD4       230       1     810     841     290     812   0.0+0   0.0+0
CQUAD4       231       1     289     872     874     827   0.0+0   0.0+0
CQUAD4       232       1     827     874     876     829   0.0+0   0.0+0
CQUAD4       233       1     829     876     878     831   0.0+0   0.0+0
CQUAD4       234       1     831     878     880     833   0.0+0   0.0+0
CQUAD4       235       1     833     880     882     835   0.0+0   0.0+0
CQUAD4       236       1     835     882     884     837   0.0+0   0.0+0
CQUAD4       237       1     837     884     886     839   0.0+0   0.0+0
CQUAD4       238       1     839     886     888     841   0.0+0   0.0+0
CQUAD4       239       1     841     888     890     290   0.0+0   0.0+0
CQUAD4       240       1     290     890     892     273   0.0+0   0.0+0
CQUAD4       241       1     872     904     906     874   0.0+0   0.0+0
CQUAD4       242       1     874     906     908     876   0.0+0   0.0+0
CQUAD4       243       1     876     908     910     878   0.0+0   0.0+0
CQUAD4       244       1     878     910     912     880   0.0+0   0.0+0
CQUAD4       245       1     880     912     914     882   0.0+0   0.0+0
CQUAD4       246       1     882     914     916     884   0.0+0   0.0+0
CQUAD4       247       1     884     916     918     886   0.0+0   0.0+0
CQUAD4       248       1     886     918     920     888   0.0+0   0.0+0
CQUAD4       249       1     888     920     922     890   0.0+0   0.0+0
CQUAD4       250       1     890     922     924     892   0.0+0   0.0+0
CQUAD4       251       1     904     936     938     906   0.0+0   0.0+0
CQUAD4       252       1     906     938     940     908   0.0+0   0.0+0
CQUAD4       253       1     908     940     942     910   0.0+0   0.0+0
CQUAD4       254       1     910     942     944     912   0.0+0   0.0+0
CQUAD4       255       1     912     944     946     914   0.0+0   0.0+0
CQUAD4       256       1     914     946     948     916   0.0+0   0.0+0
CQUAD4       257       1     916     948     950     918   0.0+0   0.0+0
CQUAD4       258       1     918     950     952     920   0.0+0   0.0+0
CQUAD4       259       1     920     952     954     922   0.0+0   0.0+0
CQUAD4       260       1     922     954     956     924   0.0+0   0.0+0
CQUAD4       261       1     936     968     970     938   0.0+0   0.0+0
CQUAD4       262       1     938     970     972     940   0.0+0   0.0+0
CQUAD4       263       1     940     972     974     942   0.0+0   0.0+0
CQUAD4       264       1     942     974     976     944   0.0+0   0.0+0
CQUAD4       265       1     944     976     978     946   0.0+0   0.0+0
CQUAD4       266       1     946     978     980     948   0.0+0   0.0+0
CQUAD4       267       1     948     980     982     950   0.0+0   0.0+0
CQUAD4       268       1     950     982     984     952   0.0+0   0.0+0
CQUAD4       269       1     952     984     986     954   0.0+0   0.0+0
CQUAD4       270       1     954     986     988     956   0.0+0   0.0+0
CQUAD4       271       1     968    1000    1002     970   0.0+0   0.0+0
CQUAD4       272       1     970    1002    1004     972   0.0+0   0.0+0
CQUAD4       273       1     972    1004    1006     974   0.0+0   0.0+0
CQUAD4       274       1     974    1006    1008     976   0.0+0   0.0+0
CQUAD4       275       1     976    1008    1010     978   0.0+0   0.0+0
CQUAD4       276       1     978    1010    1012     980   0.0+0   0.0+0
CQUAD4       277       1     980    1012    1014     982   0.0+0   0.0+0
CQUAD4       278       1     982    1014    1016     984   0.0+0   0.0+0
CQUAD4       279       1     984    1016    1018     986   0.0+0   0.0+0
CQUAD4       280       1     986    1018    1020     988   0.0+0   0.0+0
CQUAD4       281       1    1000    1032    1034    1002   0.0+0   0.0+0
CQUAD4       282       1    1002    1034    1036    1004   0.0+0   0.0+0
CQUAD4       283       1    1004    1036    1038    1006   0.0+0   0.0+0
CQUAD4       284       1    1006    1038    1040    1008   0.0+0   0.0+0
CQUAD4       285       1    1008    1040    1042    1010   0.0+0   0.0+0
CQUAD4       286       1    1010    1042    1044    1012   0.0+0   0.0+0
CQUAD4       287       1    1012    1044    1046    1014   0.0+0   0.0+0
CQUAD4       288       1    1014    1046    1048    1016   0.0+0   0.0+0
CQUAD4       289       1    1016    1048    1050    1018   0.0+0   0.0+0
CQUAD4       290       1    1018    1050    1052    1020   0.0+0   0.0+0
CQUAD4       291       1    1032    1064    1066    1034   0.0+0   0.0+0
CQUAD4       292       1    1034    1066    1068    1036   0.0+0   0.0+0
CQUAD4       293       1    1036    1068    1070    1038   0.0+0   0.0+0
CQUAD4       294       1    1038    1070    1072    1040   0.0+0   0.0+0
CQUAD4       295       1    1040    1072    1074    1042   0.0+0   0.0+0
CQUAD4       296       1    1042    1074    1076    1044   0.0+0   0.0+0
CQUAD4       297       1    1044    1076    1078    1046   0.0+0   0.0+0
CQUAD4       298       1    1046    1078    1080    1048   0.0+0   0.0+0
CQUAD4       299       1    1048    1080    1082    1050   0.0+0   0.0+0
CQUAD4       300       1    1050    1082    1084    1052   0.0+0   0.0+0
CQUAD4       301       1    1064     287    1097    1066   0.0+0   0.0+0
CQUAD4       302       1    1066    1097    1099    1068   0.0+0   0.0+0
CQUAD4       303       1    1068    1099    1101    1070   0.0+0   0.0+0
CQUAD4       304       1    1070    1101    1103    1072   0.0+0   0.0+0
CQUAD4       305       1    1072    1103    1105    1074   0.0+0   0.0+0
CQUAD4       306       1    1074    1105    1107    1076   0.0+0   0.0+0
CQUAD4       307       1    1076    1107    1109    1078   0.0+0   0.0+0
CQUAD4       308       1    1078    1109    1111    1080   0.0+0   0.0+0
CQUAD4       309       1    1080    1111     288    1082   0.0+0   0.0+0
CQUAD4       310       1     287    1142    1144    1097   0.0+0   0.0+0
CQUAD4       311       1    1097    1144    1146    1099   0.0+0   0.0+0
CQUAD4       312       1    1099    1146    1148    1101   0.0+0   0.0+0
CQUAD4       313       1    1101    1148    1150    1103   0.0+0   0.0+0
CQUAD4       314       1    1103    1150    1152    1105   0.0+0   0.0+0
CQUAD4       315       1    1105    1152    1154    1107   0.0+0   0.0+0
CQUAD4       316       1    1107    1154    1156    1109   0.0+0   0.0+0
CQUAD4       317       1    1109    1156    1158    1111   0.0+0   0.0+0
CQUAD4       318       1    1111    1158    1160     288   0.0+0   0.0+0
CQUAD4       319       1     288    1160    1162     271   0.0+0   0.0+0
CQUAD4       320       1    1142    1174    1176    1144   0.0+0   0.0+0
CQUAD4       321       1    1144    1176    1178    1146   0.0+0   0.0+0
CQUAD4       322       1    1146    1178    1180    1148   0.0+0   0.0+0
CQUAD4       323       1    1148    1180    1182    1150   0.0+0   0.0+0
CQUAD4       324       1    1150    1182    1184    1152   0.0+0   0.0+0
CQUAD4       325       1    1152    1184    1186    1154   0.0+0   0.0+0
CQUAD4       326       1    1154    1186    1188    1156   0.0+0   0.0+0
CQUAD4       327       1    1156    1188    1190    1158   0.0+0   0.0+0
CQUAD4       328       1    1158    1190    1192    1160   0.0+0   0.0+0
CQUAD4       329       1    1160    1192    1194    1162   0.0+0   0.0+0
CQUAD4       330       1    1174    1206    1208    1176   0.0+0   0.0+0
CQUAD4       331       1    1176    1208    1210    1178   0.0+0   0.0+0
CQUAD4       332       1    1178    1210    1212    1180   0.0+0   0.0+0
CQUAD4       333       1    1180    1212    1214    1182   0.0+0   0.0+0
CQUAD4       334       1    1182    1214    1216    1184   0.0+0   0.0+0
CQUAD4       335       1    1184    1216    1218    1186   0.0+0   0.0+0
CQUAD4       336       1    1186    1218    1220    1188   0.0+0   0.0+0
CQUAD4       337       1    1188    1220    1222    1190   0.0+0   0.0+0
CQUAD4       338       1    1190    1222    1224    1192   0.0+0   0.0+0
CQUAD4       339       1    1192    1224    1226    1194   0.0+0   0.0+0
CQUAD4       340       1    1206    1238    1240    1208   0.0+0   0.0+0
CQUAD4       341       1    1208    1240    1242    1210   0.0+0   0.0+0
CQUAD4       342       1    1210    1242    1244    1212   0.0+0   0.0+0
CQUAD4       343       1    1212    1244    1246    1214   0.0+0   0.0+0
CQUAD4       344       1    1214    1246    1248    1216   0.0+0   0.0+0
CQUAD4       345       1    1216    1248    1250    1218   0.0+0   0.0+0
CQUAD4       346       1    1218    1250    1252    1220   0.0+0   0.0+0
CQUAD4       347       1    1220    1252    1254    1222   0.0+0   0.0+0
CQUAD4       348       1    1222    1254    1256    1224   0.0+0   0.0+0
CQUAD4       349       1    1224    1256    1258    1226   0.0+0   0.0+0
CQUAD4       350       1    1238    1270    1272    1240   0.0+0   0.0+0
CQUAD4       351       1    1240    1272    1274    1242   0.0+0   0.0+0
CQUAD4       352       1    1242    1274    1276    1244   0.0+0   0.0+0
CQUAD4       353       1    1244    1276    1278    1246   0.0+0   0.0+0
CQUAD4       354       1    1246    1278    1280    1248   0.0+0   0.0+0
CQUAD4       355       1    1248    1280    1282    1250   0.0+0   0.0+0
CQUAD4       356       1    1250    1282    1284    1252   0.0+0   0.0+0
CQUAD4       357       1    1252    1284    1286    1254   0.0+0   0.0+0
CQUAD4       358       1    1254    1286    1288    1256   0.0+0   0.0+0
CQUAD4       359       1    1256    1288    1290    1258   0.0+0   0.0+0
CQUAD4       360       1    1270    1302    1304    1272   0.0+0   0.0+0
CQUAD4       361       1    1272    1304    1306    1274   0.0+0   0.0+0
CQUAD4*              362               1            1274            1306*
*                   1308            1276 2.6164032162-30           0.0+0
CQUAD4*              363               1            1276            1308*
*                   1310            1278 1.9503099819-30           0.0+0
CQUAD4*              364               1            1278            1310*
*                   1312            1280 2.6164032162-30           0.0+0
CQUAD4*              365               1            1280            1312*
*                   1314            1282-5.4154343167-31           0.0+0
CQUAD4*              366               1            1282            1314*
*                   1316            1284 2.6164032162-30           0.0+0
CQUAD4*              367               1            1284            1316*
*                   1318            1286-5.4154343167-31           0.0+0
CQUAD4       368       1    1286    1318    1320    1288   0.0+0   0.0+0
CQUAD4       369       1    1288    1320    1322    1290   0.0+0   0.0+0
CQUAD4       370       1    1302    1334    1336    1304   0.0+0   0.0+0
CQUAD4       371       1    1304    1336    1338    1306   0.0+0   0.0+0
CQUAD4*              372               1            1306            1338*
*                   1340            1308-9.0954455427-31           0.0+0
CQUAD4*              373               1            1308            1340*
*                   1342            1310 1.9153554765-30           0.0+0
CQUAD4*              374               1            1310            1342*
*                   1344            1312-9.0954455427-31           0.0+0
CQUAD4*              375               1            1312            1344*
*                   1346            1314 1.9153554765-30           0.0+0
CQUAD4*              376               1            1314            1346*
*                   1348            1316 -3.734444585-30           0.0+0
CQUAD4*              377               1            1316            1348*
*                   1350            1318 1.9153554765-30           0.0+0
CQUAD4       378       1    1318    1350    1352    1320   0.0+0   0.0+0
CQUAD4       379       1    1320    1352    1354    1322   0.0+0   0.0+0
CQUAD4       380       1    1334     285    1367    1336   0.0+0   0.0+0
CQUAD4       381       1    1336    1367    1369    1338   0.0+0   0.0+0
CQUAD4*              382               1            1338            1369*
*                   1371            1340 3.9873295377-30           0.0+0
CQUAD4*              383               1            1340            1371*
*                   1373            1342 2.8045554684-31           0.0+0
CQUAD4       384       1    1342    1373    1375    1344   0.0+0   0.0+0
CQUAD4*              385               1            1344            1375*
*                   1377            1346 3.9873295377-30           0.0+0
CQUAD4*              386               1            1346            1377*
*                   1379            1348 2.8045554684-31           0.0+0
CQUAD4       387       1    1348    1379    1381    1350   0.0+0   0.0+0
CQUAD4       388       1    1350    1381     286    1352   0.0+0   0.0+0
CQUAD4       389       1     285    1412    1414    1367   0.0+0   0.0+0
CQUAD4       390       1    1367    1414    1416    1369   0.0+0   0.0+0
CQUAD4*              391               1            1369            1416*
*                   1418            1371 5.4645550524-30           0.0+0
CQUAD4*              392               1            1371            1418*
*                   1420            1373-1.2046011609-29           0.0+0
CQUAD4       393       1    1373    1420    1422    1375   0.0+0   0.0+0
CQUAD4*              394               1            1375            1422*
*                   1424            1377 5.4645550524-30           0.0+0
CQUAD4*              395               1            1377            1424*
*                   1426            1379-1.2046011609-29           0.0+0
CQUAD4       396       1    1379    1426    1428    1381   0.0+0   0.0+0
CQUAD4       397       1    1381    1428    1430     286   0.0+0   0.0+0
CQUAD4       398       1     286    1430    1432     269   0.0+0   0.0+0
CQUAD4       399       1    1412    1444    1446    1414   0.0+0   0.0+0
CQUAD4       400       1    1414    1446    1448    1416   0.0+0   0.0+0
CQUAD4       401       1    1416    1448    1450    1418   0.0+0   0.0+0
CQUAD4       402       1    1418    1450    1452    1420   0.0+0   0.0+0
CQUAD4       403       1    1420    1452    1454    1422   0.0+0   0.0+0
CQUAD4       404       1    1422    1454    1456    1424   0.0+0   0.0+0
CQUAD4       405       1    1424    1456    1458    1426   0.0+0   0.0+0
CQUAD4       406       1    1426    1458    1460    1428   0.0+0   0.0+0
CQUAD4       407       1    1428    1460    1462    1430   0.0+0   0.0+0
CQUAD4       408       1    1430    1462    1464    1432   0.0+0   0.0+0
CQUAD4       409       1    1444    1476    1478    1446   0.0+0   0.0+0
CQUAD4       410       1    1446    1478    1480    1448   0.0+0   0.0+0
CQUAD4*              411               1            1448            1480*
*                   1482            1450-1.8280364886-30           0.0+0
CQUAD4*              412               1            1450            1482*
*                   1484            1452-1.2741529652-29           0.0+0
CQUAD4*              413               1            1452            1484*
*                   1486            1454-1.8280364886-30           0.0+0
CQUAD4*              414               1            1454            1486*
*                   1488            1456 9.8576705936-30           0.0+0
CQUAD4       415       1    1456    1488    1490    1458   0.0+0   0.0+0
CQUAD4       416       1    1458    1490    1492    1460   0.0+0   0.0+0
CQUAD4       417       1    1460    1492    1494    1462   0.0+0   0.0+0
CQUAD4       418       1    1462    1494    1496    1464   0.0+0   0.0+0
CQUAD4*              419               1            1476            1508*
*                   1510            1478-1.2542723463-29           0.0+0
CQUAD4*              420               1            1478            1510*
*                   1512            1480-1.2431233398-30           0.0+0
CQUAD4*              421               1            1480            1512*
*                   1514            1482-2.0523091512-29           0.0+0
CQUAD4*              422               1            1482            1514*
*                   1516            1484-2.2599200246-29           0.0+0
CQUAD4*              423               1            1484            1516*
*                   1518            1486 1.2542723463-29           0.0+0
CQUAD4*              424               1            1486            1518*
*                   1520            1488  1.358077783-29           0.0+0
CQUAD4       425       1    1488    1520    1522    1490   0.0+0   0.0+0
CQUAD4       426       1    1490    1522    1524    1492   0.0+0   0.0+0
CQUAD4*              427               1            1492            1524*
*                   1526            1494 7.9803680493-30           0.0+0
CQUAD4*              428               1            1494            1526*
*                   1528            1496-2.2811777068-30           0.0+0
CQUAD4*              429               1            1508            1540*
*                   1542            1510-9.1929457872-30           0.0+0
CQUAD4*              430               1            1510            1542*
*                   1544            1512-9.1929457872-30           0.0+0
CQUAD4       431       1    1512    1544    1546    1514   0.0+0   0.0+0
CQUAD4*              432               1            1514            1546*
*                   1548            1516-4.4295341568-30           0.0+0
CQUAD4       433       1    1516    1548    1550    1518   0.0+0   0.0+0
CQUAD4       434       1    1518    1550    1552    1520   0.0+0   0.0+0
CQUAD4       435       1    1520    1552    1554    1522   0.0+0   0.0+0
CQUAD4       436       1    1522    1554    1556    1524   0.0+0   0.0+0
CQUAD4*              437               1            1524            1556*
*                   1558            1526-9.1929457872-30           0.0+0
CQUAD4*              438               1            1526            1558*
*                   1560            1528-7.0138366697-30           0.0+0
CQUAD4       439       1    1540    1572    1574    1542   0.0+0   0.0+0
CQUAD4       440       1    1542    1574    1576    1544   0.0+0   0.0+0
CQUAD4*              441               1            1544            1576*
*                   1578            1546-4.2220899764-30           0.0+0
CQUAD4*              442               1            1546            1578*
*                   1580            1548 3.7819688472-30           0.0+0
CQUAD4       443       1    1548    1580    1582    1550   0.0+0   0.0+0
CQUAD4       444       1    1550    1582    1584    1552   0.0+0   0.0+0
CQUAD4       445       1    1552    1584    1586    1554   0.0+0   0.0+0
CQUAD4       446       1    1554    1586    1588    1556   0.0+0   0.0+0
CQUAD4       447       1    1556    1588    1590    1558   0.0+0   0.0+0
CQUAD4       448       1    1558    1590    1592    1560   0.0+0   0.0+0
CQUAD4       449       1    1572    1604    1606    1574   0.0+0   0.0+0
CQUAD4       450       1    1574    1606    1608    1576   0.0+0   0.0+0
CQUAD4       451       1    1576    1608    1610    1578   0.0+0   0.0+0
CQUAD4       452       1    1578    1610    1612    1580   0.0+0   0.0+0
CQUAD4       453       1    1580    1612    1614    1582   0.0+0   0.0+0
CQUAD4       454       1    1582    1614    1616    1584   0.0+0   0.0+0
CQUAD4       455       1    1584    1616    1618    1586   0.0+0   0.0+0
CQUAD4       456       1    1586    1618    1620    1588   0.0+0   0.0+0
CQUAD4       457       1    1588    1620    1622    1590   0.0+0   0.0+0
CQUAD4       458       1    1590    1622    1624    1592   0.0+0   0.0+0
CQUAD4       459       1    1604     283    1637    1606   0.0+0   0.0+0
CQUAD4       460       1    1606    1637    1639    1608   0.0+0   0.0+0
CQUAD4       461       1    1608    1639    1641    1610   0.0+0   0.0+0
CQUAD4       462       1    1610    1641    1643    1612   0.0+0   0.0+0
CQUAD4       463       1    1612    1643    1645    1614   0.0+0   0.0+0
CQUAD4       464       1    1614    1645    1647    1616   0.0+0   0.0+0
CQUAD4       465       1    1616    1647    1649    1618   0.0+0   0.0+0
CQUAD4       466       1    1618    1649    1651    1620   0.0+0   0.0+0
CQUAD4       467       1    1620    1651     284    1622   0.0+0   0.0+0
CQUAD4*              468               1             283            1682*
*                   1684            1637-1.9716147583-30           0.0+0
CQUAD4       469       1    1637    1684    1686    1639   0.0+0   0.0+0
CQUAD4*              470               1            1639            1686*
*                   1688            1641 1.1297603802-29           0.0+0
CQUAD4*              471               1            1641            1688*
*                   1690            1643 -3.390079669-29           0.0+0
CQUAD4       472       1    1643    1690    1692    1645   0.0+0   0.0+0
CQUAD4       473       1    1645    1692    1694    1647   0.0+0   0.0+0
CQUAD4*              474               1            1647            1694*
*                   1696            1649 7.3583669271-30           0.0+0
CQUAD4*              475               1            1649            1696*
*                   1698            1651-1.9716147583-30           0.0+0
CQUAD4       476       1    1651    1698    1700     284   0.0+0   0.0+0
CQUAD4*              477               1             284            1700*
*                   1702             267 1.1297603802-29           0.0+0
CQUAD4*              478               1            1682            1714*
*                   1716            1684-8.5300171166-30           0.0+0
CQUAD4*              479               1            1684            1716*
*                   1718            1686 6.4223296013-29           0.0+0
CQUAD4*              480               1            1686            1718*
*                   1720            1688 4.1769510828-30           0.0+0
CQUAD4*              481               1            1688            1720*
*                   1722            1690 -1.490891427-29           0.0+0
CQUAD4*              482               1            1690            1722*
*                   1724            1692 6.8695478666-29           0.0+0
CQUAD4       483       1    1692    1724    1726    1694   0.0+0   0.0+0
CQUAD4*              484               1            1694            1726*
*                   1728            1696-4.8056384657-30           0.0+0
CQUAD4*              485               1            1696            1728*
*                   1730            1698-9.0012830224-30           0.0+0
CQUAD4       486       1    1698    1730    1732    1700   0.0+0   0.0+0
CQUAD4*              487               1            1700            1732*
*                   1734            1702 3.5409967642-30           0.0+0
CQUAD4       488       1    1714    1746    1748    1716   0.0+0   0.0+0
CQUAD4*              489               1            1716            1748*
*                   1750            1718-8.6848602091-30           0.0+0
CQUAD4*              490               1            1718            1750*
*                   1752            1720-3.7192652657-30           0.0+0
CQUAD4*              491               1            1720            1752*
*                   1754            1722 4.8242321523-30           0.0+0
CQUAD4*              492               1            1722            1754*
*                   1756            1724 1.2306964265-29           0.0+0
CQUAD4       493       1    1724    1756    1758    1726   0.0+0   0.0+0
CQUAD4       494       1    1726    1758    1760    1728   0.0+0   0.0+0
CQUAD4*              495               1            1728            1760*
*                   1762            1730-5.0668509158-29           0.0+0
CQUAD4       496       1    1730    1762    1764    1732   0.0+0   0.0+0
CQUAD4*              497               1            1732            1764*
*                   1766            1734 1.2306964265-29           0.0+0
CQUAD4       498       1    1746    1778    1780    1748   0.0+0   0.0+0
CQUAD4       499       1    1748    1780    1782    1750   0.0+0   0.0+0
CQUAD4       500       1    1750    1782    1784    1752   0.0+0   0.0+0
CQUAD4       501       1    1752    1784    1786    1754   0.0+0   0.0+0
CQUAD4       502       1    1754    1786    1788    1756   0.0+0   0.0+0
CQUAD4       503       1    1756    1788    1790    1758   0.0+0   0.0+0
CQUAD4       504       1    1758    1790    1792    1760   0.0+0   0.0+0
CQUAD4       505       1    1760    1792    1794    1762   0.0+0   0.0+0
CQUAD4       506       1    1762    1794    1796    1764   0.0+0   0.0+0
CQUAD4       507       1    1764    1796    1798    1766   0.0+0   0.0+0
CQUAD4       508       1    1778    1810    1812    1780   0.0+0   0.0+0
CQUAD4       509       1    1780    1812    1814    1782   0.0+0   0.0+0
CQUAD4       510       1    1782    1814    1816    1784   0.0+0   0.0+0
CQUAD4       511       1    1784    1816    1818    1786   0.0+0   0.0+0
CQUAD4       512       1    1786    1818    1820    1788   0.0+0   0.0+0
CQUAD4       513       1    1788    1820    1822    1790   0.0+0   0.0+0
CQUAD4       514       1    1790    1822    1824    1792   0.0+0   0.0+0
CQUAD4       515       1    1792    1824    1826    1794   0.0+0   0.0+0
CQUAD4       516       1    1794    1826    1828    1796   0.0+0   0.0+0
CQUAD4       517       1    1796    1828    1830    1798   0.0+0   0.0+0
CQUAD4       518       1    1810    1842    1844    1812   0.0+0   0.0+0
CQUAD4       519       1    1812    1844    1846    1814   0.0+0   0.0+0
CQUAD4       520       1    1814    1846    1848    1816   0.0+0   0.0+0
CQUAD4       521       1    1816    1848    1850    1818   0.0+0   0.0+0
CQUAD4       522       1    1818    1850    1852    1820   0.0+0   0.0+0
CQUAD4       523       1    1820    1852    1854    1822   0.0+0   0.0+0
CQUAD4       524       1    1822    1854    1856    1824   0.0+0   0.0+0
CQUAD4       525       1    1824    1856    1858    1826   0.0+0   0.0+0
CQUAD4       526       1    1826    1858    1860    1828   0.0+0   0.0+0
CQUAD4       527       1    1828    1860    1862    1830   0.0+0   0.0+0
CQUAD4       528       1    1842    1874    1876    1844   0.0+0   0.0+0
CQUAD4       529       1    1844    1876    1878    1846   0.0+0   0.0+0
CQUAD4       530       1    1846    1878    1880    1848   0.0+0   0.0+0
CQUAD4       531       1    1848    1880    1882    1850   0.0+0   0.0+0
CQUAD4       532       1    1850    1882    1884    1852   0.0+0   0.0+0
CQUAD4       533       1    1852    1884    1886    1854   0.0+0   0.0+0
CQUAD4       534       1    1854    1886    1888    1856   0.0+0   0.0+0
CQUAD4       535       1    1856    1888    1890    1858   0.0+0   0.0+0
CQUAD4       536       1    1858    1890    1892    1860   0.0+0   0.0+0
CQUAD4       537       1    1860    1892    1894    1862   0.0+0   0.0+0
CQUAD4       538       1    1874     281    1907    1876   0.0+0   0.0+0
CQUAD4       539       1    1876    1907    1909    1878   0.0+0   0.0+0
CQUAD4       540       1    1878    1909    1911    1880   0.0+0   0.0+0
CQUAD4       541       1    1880    1911    1913    1882   0.0+0   0.0+0
CQUAD4       542       1    1882    1913    1915    1884   0.0+0   0.0+0
CQUAD4       543       1    1884    1915    1917    1886   0.0+0   0.0+0
CQUAD4       544       1    1886    1917    1919    1888   0.0+0   0.0+0
CQUAD4       545       1    1888    1919    1921    1890   0.0+0   0.0+0
CQUAD4       546       1    1890    1921     282    1892   0.0+0   0.0+0
CQUAD4       547       1     281    1952    1954    1907   0.0+0   0.0+0
CQUAD4       548       1    1907    1954    1956    1909   0.0+0   0.0+0
CQUAD4       549       1    1909    1956    1958    1911   0.0+0   0.0+0
CQUAD4       550       1    1911    1958    1960    1913   0.0+0   0.0+0
CQUAD4       551       1    1913    1960    1962    1915   0.0+0   0.0+0
CQUAD4       552       1    1915    1962    1964    1917   0.0+0   0.0+0
CQUAD4       553       1    1917    1964    1966    1919   0.0+0   0.0+0
CQUAD4       554       1    1919    1966    1968    1921   0.0+0   0.0+0
CQUAD4       555       1    1921    1968    1970     282   0.0+0   0.0+0
CQUAD4       556       1     282    1970    1972     265   0.0+0   0.0+0
CQUAD4       557       1    1952    1984    1986    1954   0.0+0   0.0+0
CQUAD4       558       1    1954    1986    1988    1956   0.0+0   0.0+0
CQUAD4       559       1    1956    1988    1990    1958   0.0+0   0.0+0
CQUAD4       560       1    1958    1990    1992    1960   0.0+0   0.0+0
CQUAD4       561       1    1960    1992    1994    1962   0.0+0   0.0+0
CQUAD4       562       1    1962    1994    1996    1964   0.0+0   0.0+0
CQUAD4       563       1    1964    1996    1998    1966   0.0+0   0.0+0
CQUAD4       564       1    1966    1998    2000    1968   0.0+0   0.0+0
CQUAD4       565       1    1968    2000    2002    1970   0.0+0   0.0+0
CQUAD4       566       1    1970    2002    2004    1972   0.0+0   0.0+0
CQUAD4       567       1    1984    2016    2018    1986   0.0+0   0.0+0
CQUAD4       568       1    1986    2018    2020    1988   0.0+0   0.0+0
CQUAD4       569       1    1988    2020    2022    1990   0.0+0   0.0+0
CQUAD4       570       1    1990    2022    2024    1992   0.0+0   0.0+0
CQUAD4       571       1    1992    2024    2026    1994   0.0+0   0.0+0
CQUAD4       572       1    1994    2026    2028    1996   0.0+0   0.0+0
CQUAD4       573       1    1996    2028    2030    1998   0.0+0   0.0+0
CQUAD4       574       1    1998    2030    2032    2000   0.0+0   0.0+0
CQUAD4       575       1    2000    2032    2034    2002   0.0+0   0.0+0
CQUAD4       576       1    2002    2034    2036    2004   0.0+0   0.0+0
CQUAD4       577       1    2016    2048    2050    2018   0.0+0   0.0+0
CQUAD4       578       1    2018    2050    2052    2020   0.0+0   0.0+0
CQUAD4       579       1    2020    2052    2054    2022   0.0+0   0.0+0
CQUAD4       580       1    2022    2054    2056    2024   0.0+0   0.0+0
CQUAD4       581       1    2024    2056    2058    2026   0.0+0   0.0+0
CQUAD4       582       1    2026    2058    2060    2028   0.0+0   0.0+0
CQUAD4       583       1    2028    2060    2062    2030   0.0+0   0.0+0
CQUAD4       584       1    2030    2062    2064    2032   0.0+0   0.0+0
CQUAD4       585       1    2032    2064    2066    2034   0.0+0   0.0+0
CQUAD4       586       1    2034    2066    2068    2036   0.0+0   0.0+0
CQUAD4       587       1    2048    2080    2082    2050   0.0+0   0.0+0
CQUAD4       588       1    2050    2082    2084    2052   0.0+0   0.0+0
CQUAD4       589       1    2052    2084    2086    2054   0.0+0   0.0+0
CQUAD4       590       1    2054    2086    2088    2056   0.0+0   0.0+0
CQUAD4       591       1    2056    2088    2090    2058   0.0+0   0.0+0
CQUAD4       592       1    2058    2090    2092    2060   0.0+0   0.0+0
CQUAD4       593       1    2060    2092    2094    2062   0.0+0   0.0+0
CQUAD4       594       1    2062    2094    2096    2064   0.0+0   0.0+0
CQUAD4       595       1    2064    2096    2098    2066   0.0+0   0.0+0
CQUAD4       596       1    2066    2098    2100    2068   0.0+0   0.0+0
CQUAD4       597       1    2080    2112    2114    2082   0.0+0   0.0+0
CQUAD4       598       1    2082    2114    2116    2084   0.0+0   0.0+0
CQUAD4       599       1    2084    2116    2118    2086   0.0+0   0.0+0
CQUAD4       600       1    2086    2118    2120    2088   0.0+0   0.0+0
CQUAD4       601       1    2088    2120    2122    2090   0.0+0   0.0+0
CQUAD4       602       1    2090    2122    2124    2092   0.0+0   0.0+0
CQUAD4       603       1    2092    2124    2126    2094   0.0+0   0.0+0
CQUAD4       604       1    2094    2126    2128    2096   0.0+0   0.0+0
CQUAD4       605       1    2096    2128    2130    2098   0.0+0   0.0+0
CQUAD4       606       1    2098    2130    2132    2100   0.0+0   0.0+0
CQUAD4       607       1    2112    2144    2146    2114   0.0+0   0.0+0
CQUAD4       608       1    2114    2146    2148    2116   0.0+0   0.0+0
CQUAD4       609       1    2116    2148    2150    2118   0.0+0   0.0+0
CQUAD4       610       1    2118    2150    2152    2120   0.0+0   0.0+0
CQUAD4       611       1    2120    2152    2154    2122   0.0+0   0.0+0
CQUAD4       612       1    2122    2154    2156    2124   0.0+0   0.0+0
CQUAD4       613       1    2124    2156    2158    2126   0.0+0   0.0+0
CQUAD4       614       1    2126    2158    2160    2128   0.0+0   0.0+0
CQUAD4       615       1    2128    2160    2162    2130   0.0+0   0.0+0
CQUAD4       616       1    2130    2162    2164    2132   0.0+0   0.0+0
CQUAD4       617       1    2144     279    2177    2146   0.0+0   0.0+0
CQUAD4       618       1    2146    2177    2179    2148   0.0+0   0.0+0
CQUAD4       619       1    2148    2179    2181    2150   0.0+0   0.0+0
CQUAD4       620       1    2150    2181    2183    2152   0.0+0   0.0+0
CQUAD4       621       1    2152    2183    2185    2154   0.0+0   0.0+0
CQUAD4       622       1    2154    2185    2187    2156   0.0+0   0.0+0
CQUAD4       623       1    2156    2187    2189    2158   0.0+0   0.0+0
CQUAD4       624       1    2158    2189    2191    2160   0.0+0   0.0+0
CQUAD4       625       1    2160    2191     280    2162   0.0+0   0.0+0
CQUAD4       626       1     279    2222    2224    2177   0.0+0   0.0+0
CQUAD4       627       1    2177    2224    2226    2179   0.0+0   0.0+0
CQUAD4       628       1    2179    2226    2228    2181   0.0+0   0.0+0
CQUAD4       629       1    2181    2228    2230    2183   0.0+0   0.0+0
CQUAD4       630       1    2183    2230    2232    2185   0.0+0   0.0+0
CQUAD4       631       1    2185    2232    2234    2187   0.0+0   0.0+0
CQUAD4       632       1    2187    2234    2236    2189   0.0+0   0.0+0
CQUAD4       633       1    2189    2236    2238    2191   0.0+0   0.0+0
CQUAD4       634       1    2191    2238    2240     280   0.0+0   0.0+0
CQUAD4       635       1     280    2240    2242     263   0.0+0   0.0+0
CQUAD4       636       1    2222    2254    2256    2224   0.0+0   0.0+0
CQUAD4       637       1    2224    2256    2258    2226   0.0+0   0.0+0
CQUAD4       638       1    2226    2258    2260    2228   0.0+0   0.0+0
CQUAD4       639       1    2228    2260    2262    2230   0.0+0   0.0+0
CQUAD4       640       1    2230    2262    2264    2232   0.0+0   0.0+0
CQUAD4       641       1    2232    2264    2266    2234   0.0+0   0.0+0
CQUAD4       642       1    2234    2266    2268    2236   0.0+0   0.0+0
CQUAD4       643       1    2236    2268    2270    2238   0.0+0   0.0+0
CQUAD4       644       1    2238    2270    2272    2240   0.0+0   0.0+0
CQUAD4       645       1    2240    2272    2274    2242   0.0+0   0.0+0
CQUAD4       646       1    2254    2286    2288    2256   0.0+0   0.0+0
CQUAD4*              647               1            2256            2288*
*                   2290            2258 7.4372573454-31           0.0+0
CQUAD4*              648               1            2258            2290*
*                   2292            2260-2.0811742962-30           0.0+0
CQUAD4       649       1    2260    2292    2294    2262   0.0+0   0.0+0
CQUAD4       650       1    2262    2294    2296    2264   0.0+0   0.0+0
CQUAD4       651       1    2264    2296    2298    2266   0.0+0   0.0+0
CQUAD4       652       1    2266    2298    2300    2268   0.0+0   0.0+0
CQUAD4       653       1    2268    2300    2302    2270   0.0+0   0.0+0
CQUAD4       654       1    2270    2302    2304    2272   0.0+0   0.0+0
CQUAD4       655       1    2272    2304    2306    2274   0.0+0   0.0+0
CQUAD4       656       1    2286    2318    2320    2288   0.0+0   0.0+0
CQUAD4*              657               1            2288            2320*
*                   2322            2290-9.1544531866-31           0.0+0
CQUAD4*              658               1            2290            2322*
*                   2324            2292 1.7034280618-30           0.0+0
CQUAD4       659       1    2292    2324    2326    2294   0.0+0   0.0+0
CQUAD4       660       1    2294    2326    2328    2296   0.0+0   0.0+0
CQUAD4       661       1    2296    2328    2330    2298   0.0+0   0.0+0
CQUAD4       662       1    2298    2330    2332    2300   0.0+0   0.0+0
CQUAD4       663       1    2300    2332    2334    2302   0.0+0   0.0+0
CQUAD4       664       1    2302    2334    2336    2304   0.0+0   0.0+0
CQUAD4       665       1    2304    2336    2338    2306   0.0+0   0.0+0
CQUAD4*              666               1            2318            2350*
*                   2352            2320  1.121745414-31           0.0+0
CQUAD4*              667               1            2320            2352*
*                   2354            2322-6.4381710523-32           0.0+0
CQUAD4       668       1    2322    2354    2356    2324   0.0+0   0.0+0
CQUAD4*              669               1            2324            2356*
*                   2358            2326  1.121745414-31           0.0+0
CQUAD4*              670               1            2326            2358*
*                   2360            2328-6.4381710523-32           0.0+0
CQUAD4       671       1    2328    2360    2362    2330   0.0+0   0.0+0
CQUAD4       672       1    2330    2362    2364    2332   0.0+0   0.0+0
CQUAD4       673       1    2332    2364    2366    2334   0.0+0   0.0+0
CQUAD4*              674               1            2334            2366*
*                   2368            2336  1.121745414-31           0.0+0
CQUAD4*              675               1            2336            2368*
*                   2370            2338-6.4381710523-32           0.0+0
CQUAD4*              676               1            2350            2382*
*                   2384            2352  1.069436231-31           0.0+0
CQUAD4*              677               1            2352            2384*
*                   2386            2354-1.3549215821-31           0.0+0
CQUAD4*              678               1            2354            2386*
*                   2388            2356 1.0291071292-31           0.0+0
CQUAD4*              679               1            2356            2388*
*                   2390            2358-3.0998262292-32           0.0+0
CQUAD4*              680               1            2358            2390*
*                   2392            2360 1.7655625192-31           0.0+0
CQUAD4*              681               1            2360            2392*
*                   2394            2362 1.0291071292-31           0.0+0
CQUAD4       682       1    2362    2394    2396    2364   0.0+0   0.0+0
CQUAD4       683       1    2364    2396    2398    2366   0.0+0   0.0+0
CQUAD4*              684               1            2366            2398*
*                   2400            2368-5.3747910753-34           0.0+0
CQUAD4*              685               1            2368            2400*
*                   2402            2370-1.3922525764-31           0.0+0
CQUAD4       686       1    2382    2414    2416    2384   0.0+0   0.0+0
CQUAD4*              687               1            2384            2416*
*                   2418            2386-1.3147366508-32           0.0+0
CQUAD4*              688               1            2386            2418*
*                   2420            2388 5.8136223614-33           0.0+0
CQUAD4       689       1    2388    2420    2422    2390   0.0+0   0.0+0
CQUAD4*              690               1            2390            2422*
*                   2424            2392-9.4352386637-34           0.0+0
CQUAD4*              691               1            2392            2424*
*                   2426            2394-2.3013055357-32           0.0+0
CQUAD4*              692               1            2394            2426*
*                   2428            2396-3.2475281324-33           0.0+0
CQUAD4       693       1    2396    2428    2430    2398   0.0+0   0.0+0
CQUAD4*              694               1            2398            2430*
*                   2432            2400-4.5397094802-32           0.0+0
CQUAD4*              695               1            2400            2432*
*                   2434            2402-3.2475281324-33           0.0+0
CQUAD4       696       1    2414     257    2447    2416   0.0+0   0.0+0
CQUAD4*              697               1            2416            2447*
*                   2449            2418 2.7628961213-33           0.0+0
CQUAD4*              698               1            2418            2449*
*                   2451            2420-1.0984309525-33           0.0+0
CQUAD4       699       1    2420    2451    2453    2422   0.0+0   0.0+0
CQUAD4       700       1    2422    2453    2455    2424   0.0+0   0.0+0
CQUAD4       701       1    2424    2455    2457    2426   0.0+0   0.0+0
CQUAD4*              702               1            2426            2457*
*                   2459            2428 8.2832823403-34           0.0+0
CQUAD4*              703               1            2428            2459*
*                   2461            2430-8.2652622617-34           0.0+0
CQUAD4*              704               1            2430            2461*
*                    278            2432-8.2592555688-34           0.0+0
CQUAD4*              705               1             257            2492*
*                   2494            2447 1.2645867006-31           0.0+0
CQUAD4       706       1    2447    2494    2496    2449   0.0+0   0.0+0
CQUAD4       707       1    2449    2496    2498    2451   0.0+0   0.0+0
CQUAD4       708       1    2451    2498    2500    2453   0.0+0   0.0+0
CQUAD4*              709               1            2453            2500*
*                   2502            2455-1.3837570783-31           0.0+0
CQUAD4*              710               1            2455            2502*
*                   2504            2457 1.2645867006-31           0.0+0
CQUAD4       711       1    2457    2504    2506    2459   0.0+0   0.0+0
CQUAD4       712       1    2459    2506    2508    2461   0.0+0   0.0+0
CQUAD4*              713               1            2461            2508*
*                   2510             278-5.0097581865-32           0.0+0
CQUAD4       714       1     278    2510    2512     254   0.0+0   0.0+0
CQUAD4*              715               1            2492            2524*
*                   2526            2494-1.2069893111-31           0.0+0
CQUAD4       716       1    2494    2526    2528    2496   0.0+0   0.0+0
CQUAD4*              717               1            2496            2528*
*                   2530            2498  3.188431411-31           0.0+0
CQUAD4       718       1    2498    2530    2532    2500   0.0+0   0.0+0
CQUAD4*              719               1            2500            2532*
*                   2534            2502-1.2069893111-31           0.0+0
CQUAD4*              720               1            2502            2534*
*                   2536            2504 5.5857320813-32           0.0+0
CQUAD4*              721               1            2504            2536*
*                   2538            2506-9.7046651787-31           0.0+0
CQUAD4       722       1    2506    2538    2540    2508   0.0+0   0.0+0
CQUAD4*              723               1            2508            2540*
*                   2542            2510-1.2069893111-31           0.0+0
CQUAD4       724       1    2510    2542    2544    2512   0.0+0   0.0+0
CQUAD4       725       1    2524    2556    2558    2526   0.0+0   0.0+0
CQUAD4       726       1    2526    2558    2560    2528   0.0+0   0.0+0
CQUAD4*              727               1            2528            2560*
*                   2562            2530-5.0146774588-31           0.0+0
CQUAD4*              728               1            2530            2562*
*                   2564            2532-2.6560690625-30           0.0+0
CQUAD4       729       1    2532    2564    2566    2534   0.0+0   0.0+0
CQUAD4       730       1    2534    2566    2568    2536   0.0+0   0.0+0
CQUAD4       731       1    2536    2568    2570    2538   0.0+0   0.0+0
CQUAD4*              732               1            2538            2570*
*                   2572            2540 3.3514935705-31           0.0+0
CQUAD4       733       1    2540    2572    2574    2542   0.0+0   0.0+0
CQUAD4*              734               1            2542            2574*
*                   2576            2544 3.1600493878-30           0.0+0
CQUAD4       735       1    2556     581     583    2558   0.0+0   0.0+0
CQUAD4       736       1    2558     583     585    2560   0.0+0   0.0+0
CQUAD4       737       1    2560     585     587    2562   0.0+0   0.0+0
CQUAD4*              738               1            2562             587*
*                    589            2564 1.3465796013-31           0.0+0
CQUAD4       739       1    2564     589     842    2566   0.0+0   0.0+0
CQUAD4       740       1    2566     842     844    2568   0.0+0   0.0+0
CQUAD4*              741               1            2568             844*
*                    846            2570 1.1445926611-31           0.0+0
CQUAD4*              742               1            2570             846*
*                    848            2572-2.6969749686-30           0.0+0
CQUAD4       743       1    2572     848     850    2574   0.0+0   0.0+0
CQUAD4*              744               1            2574             850*
*                    852            2576-2.7037078666-30           0.0+0
CQUAD4       745       1     581    1115    1117     583   0.0+0   0.0+0
CQUAD4       746       1     583    1117    1119     585   0.0+0   0.0+0
CQUAD4       747       1     585    1119    1121     587   0.0+0   0.0+0
CQUAD4       748       1     587    1121    1123     589   0.0+0   0.0+0
CQUAD4       749       1     589    1123    1125     842   0.0+0   0.0+0
CQUAD4       750       1     842    1125    1127     844   0.0+0   0.0+0
CQUAD4       751       1     844    1127    1129     846   0.0+0   0.0+0
CQUAD4       752       1     846    1129    1382     848   0.0+0   0.0+0
CQUAD4       753       1     848    1382    1384     850   0.0+0   0.0+0
CQUAD4       754       1     850    1384    1386     852   0.0+0   0.0+0
CQUAD4       755       1    1115    1398    1400    1117   0.0+0   0.0+0
CQUAD4       756       1    1117    1400    1653    1119   0.0+0   0.0+0
CQUAD4       757       1    1119    1653    1655    1121   0.0+0   0.0+0
CQUAD4       758       1    1121    1655    1657    1123   0.0+0   0.0+0
CQUAD4       759       1    1123    1657    1659    1125   0.0+0   0.0+0
CQUAD4       760       1    1125    1659    1661    1127   0.0+0   0.0+0
CQUAD4       761       1    1127    1661    1663    1129   0.0+0   0.0+0
CQUAD4       762       1    1129    1663    1665    1382   0.0+0   0.0+0
CQUAD4       763       1    1382    1665    1667    1384   0.0+0   0.0+0
CQUAD4       764       1    1384    1667    1669    1386   0.0+0   0.0+0
CQUAD4       765       1    1398    1932    1934    1400   0.0+0   0.0+0
CQUAD4       766       1    1400    1934    1936    1653   0.0+0   0.0+0
CQUAD4*              767               1            1653            1936*
*                   1938            1655 1.8012182389-29           0.0+0
CQUAD4*              768               1            1655            1938*
*                   1940            1657-2.1823915305-29           0.0+0
CQUAD4       769       1    1657    1940    2193    1659   0.0+0   0.0+0
CQUAD4       770       1    1659    2193    2195    1661   0.0+0   0.0+0
CQUAD4*              771               1            1661            2195*
*                   2197            1663 4.0611382635-29           0.0+0
CQUAD4*              772               1            1663            2197*
*                   2199            1665-4.4423115551-29           0.0+0
CQUAD4       773       1    1665    2199    2201    1667   0.0+0   0.0+0
CQUAD4       774       1    1667    2201    2203    1669   0.0+0   0.0+0
CQUAD4       775       1    1932     256    2467    1934   0.0+0   0.0+0
CQUAD4       776       1    1934    2467    2469    1936   0.0+0   0.0+0
CQUAD4*              777               1            1936            2469*
*                   2471            1938-9.0826947119-30           0.0+0
CQUAD4*              778               1            1938            2471*
*                   2473            1940-3.1681894958-29           0.0+0
CQUAD4       779       1    1940    2473    2475    2193   0.0+0   0.0+0
CQUAD4       780       1    2193    2475    2477    2195   0.0+0   0.0+0
CQUAD4*              781               1            2195            2477*
*                   2479            2197-1.6512620375-29           0.0+0
CQUAD4*              782               1            2197            2479*
*                    255            2199-3.9111820621-29           0.0+0
CQUAD4       783       1    2199     255     260    2201   0.0+0   0.0+0
CQUAD4       784       1    3595    2619    2602    3597   0.0+0   0.0+0
CQUAD4       785       1    1225    2617    2600    1291   0.0+0   0.0+0
CQUAD4       786       1    3613    2615    2598    3588   0.0+0   0.0+0
CQUAD4       787       1    2163    2613    2596    2143   0.0+0   0.0+0
CQUAD4*              788               1             898            2611*
*                   2594             947 5.5722340399-29           0.0+0
CQUAD4*              789               1             554            2609*
*                   2592             552 1.3519833196-28           0.0+0
CQUAD4       790       1    2778    2607    2590    2776   0.0+0   0.0+0
CQUAD4       791       1    1257    2605    2581    1269   0.0+0   0.0+0
CQUAD4       792       1    2683    2587    2586    2682   0.0+0   0.0+0
CQUAD4       793       1    2620    2689    2691    2630   0.0+0   0.0+0
CQUAD4       794       1    2630    2691    2693    2632   0.0+0   0.0+0
CQUAD4       795       1    2632    2693    2695    2634   0.0+0   0.0+0
CQUAD4       796       1    2634    2695    2697    2636   0.0+0   0.0+0
CQUAD4       797       1    2636    2697    2699    2638   0.0+0   0.0+0
CQUAD4       798       1    2638    2699    2701    2640   0.0+0   0.0+0
CQUAD4       799       1    2640    2701    2703    2642   0.0+0   0.0+0
CQUAD4       800       1    2642    2703    2705    2644   0.0+0   0.0+0
CQUAD4       801       1    2644    2705    2707    2646   0.0+0   0.0+0
CQUAD4       802       1    2646    2707    2709    2648   0.0+0   0.0+0
CQUAD4       803       1    2648    2709    2711    2650   0.0+0   0.0+0
CQUAD4       804       1    2650    2711    2713    2652   0.0+0   0.0+0
CQUAD4       805       1    2652    2713    2715    2654   0.0+0   0.0+0
CQUAD4       806       1    2654    2715    2717    2656   0.0+0   0.0+0
CQUAD4       807       1    2656    2717    2719    2658   0.0+0   0.0+0
CQUAD4       808       1    2658    2719    2721    2660   0.0+0   0.0+0
CQUAD4       809       1    2660    2721    2723    2662   0.0+0   0.0+0
CQUAD4       810       1    2662    2723    2725    2664   0.0+0   0.0+0
CQUAD4       811       1    2664    2725    2727    2666   0.0+0   0.0+0
CQUAD4       812       1    2666    2727    2729    2604   0.0+0   0.0+0
CQUAD4*              813               1            2689            2751*
*                   2753            2691 8.4925468152-29           0.0+0
CQUAD4*              814               1            2691            2753*
*                   2755            2693-2.9971195678-29           0.0+0
CQUAD4*              815               1            2693            2755*
*                   2757            2695 8.4925468152-29           0.0+0
CQUAD4*              816               1            2695            2757*
*                   2759            2697 2.9772733907-30           0.0+0
CQUAD4       817       1    2697    2759    2761    2699   0.0+0   0.0+0
CQUAD4       818       1    2699    2761    2763    2701   0.0+0   0.0+0
CQUAD4*              819               1            2701            2763*
*                   2765            2703 8.4925468152-29           0.0+0
CQUAD4*              820               1            2703            2765*
*                   2767            2705-2.9971195678-29           0.0+0
CQUAD4       821       1    2705    2767    2769    2707   0.0+0   0.0+0
CQUAD4*              822               1            2707            2769*
*                   2771            2709 8.4925468152-29           0.0+0
CQUAD4*              823               1            2709            2771*
*                   2773            2711 2.9772733907-30           0.0+0
CQUAD4       824       1    2711    2773    2775    2713   0.0+0   0.0+0
CQUAD4       825       1    2713    2775    2777    2715   0.0+0   0.0+0
CQUAD4       826       1    2715    2777    2779    2717   0.0+0   0.0+0
CQUAD4*              827               1            2717            2779*
*                   2781            2719-5.4713328324-30           0.0+0
CQUAD4       828       1    2719    2781    2783    2721   0.0+0   0.0+0
CQUAD4*              829               1            2721            2783*
*                   2785            2723 2.9772733907-30           0.0+0
CQUAD4       830       1    2723    2785    2787    2725   0.0+0   0.0+0
CQUAD4*              831               1            2725            2787*
*                   2789            2727-5.4713328324-30           0.0+0
CQUAD4*              832               1            2727            2789*
*                   2791            2729 2.9772733907-30           0.0+0
CQUAD4*              833               1            2751            2813*
*                   2815            2753 5.3959016333-29           0.0+0
CQUAD4*              834               1            2753            2815*
*                   2817            2755 -2.526201795-29           0.0+0
CQUAD4*              835               1            2755            2817*
*                   2819            2757 5.3959016333-29           0.0+0
CQUAD4*              836               1            2757            2819*
*                   2821            2759 1.9936382542-29           0.0+0
CQUAD4       837       1    2759    2821    2823    2761   0.0+0   0.0+0
CQUAD4*              838               1            2761            2823*
*                   2825            2763-5.3959016333-29           0.0+0
CQUAD4*              839               1            2763            2825*
*                   2827            2765-9.0396800984-29           0.0+0
CQUAD4*              840               1            2765            2827*
*                   2829            2767-4.5693734177-29           0.0+0
CQUAD4       841       1    2767    2829    2831    2769   0.0+0   0.0+0
CQUAD4*              842               1            2769            2831*
*                   2833            2771 -2.526201795-29           0.0+0
CQUAD4*              843               1            2771            2833*
*                   2835            2773-1.4086251248-29           0.0+0
CQUAD4       844       1    2773    2835    2837    2775   0.0+0   0.0+0
CQUAD4*              845               1            2775            2837*
*                   2839            2777-1.9936382542-29           0.0+0
CQUAD4       846       1    2777    2839    2841    2779   0.0+0   0.0+0
CQUAD4*              847               1            2779            2841*
*                   2843            2781 5.3959016333-29           0.0+0
CQUAD4       848       1    2781    2843    2845    2783   0.0+0   0.0+0
CQUAD4*              849               1            2783            2845*
*                   2847            2785 9.0396800984-29           0.0+0
CQUAD4*              850               1            2785            2847*
*                   2849            2787-1.9936382542-29           0.0+0
CQUAD4       851       1    2787    2849    2851    2789   0.0+0   0.0+0
CQUAD4*              852               1            2789            2851*
*                   2853            2791-1.4086251248-29           0.0+0
CQUAD4       853       1    2813    2875    2877    2815   0.0+0   0.0+0
CQUAD4       854       1    2815    2877    2879    2817   0.0+0   0.0+0
CQUAD4       855       1    2817    2879    2881    2819   0.0+0   0.0+0
CQUAD4       856       1    2819    2881    2883    2821   0.0+0   0.0+0
CQUAD4       857       1    2821    2883    2885    2823   0.0+0   0.0+0
CQUAD4*              858               1            2823            2885*
*                   2887            2825 1.9096317946-29           0.0+0
CQUAD4*              859               1            2825            2887*
*                   2889            2827 1.9096317946-29           0.0+0
CQUAD4*              860               1            2827            2889*
*                   2891            2829 8.9858408653-30           0.0+0
CQUAD4       861       1    2829    2891    2893    2831   0.0+0   0.0+0
CQUAD4       862       1    2831    2893    2895    2833   0.0+0   0.0+0
CQUAD4       863       1    2833    2895    2897    2835   0.0+0   0.0+0
CQUAD4       864       1    2835    2897    2899    2837   0.0+0   0.0+0
CQUAD4*              865               1            2837            2899*
*                   2901            2839 1.9096317946-29           0.0+0
CQUAD4       866       1    2839    2901    2903    2841   0.0+0   0.0+0
CQUAD4       867       1    2841    2903    2905    2843   0.0+0   0.0+0
CQUAD4       868       1    2843    2905    2907    2845   0.0+0   0.0+0
CQUAD4*              869               1            2845            2907*
*                   2909            2847 1.9096317946-29           0.0+0
CQUAD4*              870               1            2847            2909*
*                   2911            2849 1.9096317946-29           0.0+0
CQUAD4*              871               1            2849            2911*
*                   2913            2851 8.9858408653-30           0.0+0
CQUAD4       872       1    2851    2913    2915    2853   0.0+0   0.0+0
CQUAD4       873       1    2875    2937    2939    2877   0.0+0   0.0+0
CQUAD4       874       1    2877    2939    2941    2879   0.0+0   0.0+0
CQUAD4       875       1    2879    2941    2943    2881   0.0+0   0.0+0
CQUAD4       876       1    2881    2943    2945    2883   0.0+0   0.0+0
CQUAD4       877       1    2883    2945    2947    2885   0.0+0   0.0+0
CQUAD4       878       1    2885    2947    2949    2887   0.0+0   0.0+0
CQUAD4       879       1    2887    2949    2951    2889   0.0+0   0.0+0
CQUAD4       880       1    2889    2951    2953    2891   0.0+0   0.0+0
CQUAD4       881       1    2891    2953    2955    2893   0.0+0   0.0+0
CQUAD4       882       1    2893    2955    2957    2895   0.0+0   0.0+0
CQUAD4       883       1    2895    2957    2959    2897   0.0+0   0.0+0
CQUAD4       884       1    2897    2959    2961    2899   0.0+0   0.0+0
CQUAD4       885       1    2899    2961    2963    2901   0.0+0   0.0+0
CQUAD4       886       1    2901    2963    2965    2903   0.0+0   0.0+0
CQUAD4       887       1    2903    2965    2967    2905   0.0+0   0.0+0
CQUAD4       888       1    2905    2967    2969    2907   0.0+0   0.0+0
CQUAD4       889       1    2907    2969    2971    2909   0.0+0   0.0+0
CQUAD4       890       1    2909    2971    2973    2911   0.0+0   0.0+0
CQUAD4       891       1    2911    2973    2975    2913   0.0+0   0.0+0
CQUAD4       892       1    2913    2975    2977    2915   0.0+0   0.0+0
CQUAD4       893       1    2937    2999    3001    2939   0.0+0   0.0+0
CQUAD4*              894               1            2939            3001*
*                   3003            2941 5.0861630445-30           0.0+0
CQUAD4       895       1    2941    3003    3005    2943   0.0+0   0.0+0
CQUAD4       896       1    2943    3005    3007    2945   0.0+0   0.0+0
CQUAD4       897       1    2945    3007    3009    2947   0.0+0   0.0+0
CQUAD4*              898               1            2947            3009*
*                   3011            2949 5.0284563537-29           0.0+0
CQUAD4       899       1    2949    3011    3013    2951   0.0+0   0.0+0
CQUAD4       900       1    2951    3013    3015    2953   0.0+0   0.0+0
CQUAD4*              901               1            2953            3015*
*                   3017            2955-3.2099571418-29           0.0+0
CQUAD4       902       1    2955    3017    3019    2957   0.0+0   0.0+0
CQUAD4*              903               1            2957            3019*
*                   3021            2959 5.0284563537-29           0.0+0
CQUAD4*              904               1            2959            3021*
*                   3023            2961 5.0861630445-30           0.0+0
CQUAD4*              905               1            2961            3023*
*                   3025            2963 5.0284563537-29           0.0+0
CQUAD4       906       1    2963    3025    3027    2965   0.0+0   0.0+0
CQUAD4*              907               1            2965            3027*
*                   3029            2967 5.0861630445-30           0.0+0
CQUAD4*              908               1            2967            3029*
*                   3031            2969 5.0284563537-29           0.0+0
CQUAD4       909       1    2969    3031    3033    2971   0.0+0   0.0+0
CQUAD4       910       1    2971    3033    3035    2973   0.0+0   0.0+0
CQUAD4       911       1    2973    3035    3037    2975   0.0+0   0.0+0
CQUAD4*              912               1            2975            3037*
*                   3039            2977-3.2099571418-29           0.0+0
CQUAD4       913       1    2999    3061    3063    3001   0.0+0   0.0+0
CQUAD4*              914               1            3001            3063*
*                   3065            3003-1.4041002801-29           0.0+0
CQUAD4       915       1    3003    3065    3067    3005   0.0+0   0.0+0
CQUAD4       916       1    3005    3067    3069    3007   0.0+0   0.0+0
CQUAD4       917       1    3007    3069    3071    3009   0.0+0   0.0+0
CQUAD4*              918               1            3009            3071*
*                   3073            3011 1.0208028666-29           0.0+0
CQUAD4       919       1    3011    3073    3075    3013   0.0+0   0.0+0
CQUAD4       920       1    3013    3075    3077    3015   0.0+0   0.0+0
CQUAD4*              921               1            3015            3077*
*                   3079            3017 7.6355798183-29           0.0+0
CQUAD4       922       1    3017    3079    3081    3019   0.0+0   0.0+0
CQUAD4*              923               1            3019            3081*
*                   3083            3021-9.0396800984-29           0.0+0
CQUAD4*              924               1            3021            3083*
*                   3085            3023 9.0396800984-29           0.0+0
CQUAD4*              925               1            3023            3085*
*                   3087            3025 1.0208028666-29           0.0+0
CQUAD4       926       1    3025    3087    3089    3027   0.0+0   0.0+0
CQUAD4*              927               1            3027            3089*
*                   3091            3029-1.4041002801-29           0.0+0
CQUAD4*              928               1            3029            3091*
*                   3093            3031 1.0208028666-29           0.0+0
CQUAD4       929       1    3031    3093    3095    3033   0.0+0   0.0+0
CQUAD4       930       1    3033    3095    3097    3035   0.0+0   0.0+0
CQUAD4       931       1    3035    3097    3099    3037   0.0+0   0.0+0
CQUAD4*              932               1            3037            3099*
*                   3101            3039 7.6355798183-29           0.0+0
CQUAD4       933       1    3061    3123    3125    3063   0.0+0   0.0+0
CQUAD4       934       1    3063    3125    3127    3065   0.0+0   0.0+0
CQUAD4*              935               1            3065            3127*
*                   3129            3067-1.3357656817-29           0.0+0
CQUAD4*              936               1            3067            3129*
*                   3131            3069-1.3357656817-29           0.0+0
CQUAD4*              937               1            3069            3131*
*                   3133            3071-1.3357656817-29           0.0+0
CQUAD4*              938               1            3071            3133*
*                   3135            3073-1.3357656817-29           0.0+0
CQUAD4       939       1    3073    3135    3137    3075   0.0+0   0.0+0
CQUAD4       940       1    3075    3137    3139    3077   0.0+0   0.0+0
CQUAD4       941       1    3077    3139    3141    3079   0.0+0   0.0+0
CQUAD4       942       1    3079    3141    3143    3081   0.0+0   0.0+0
CQUAD4*              943               1            3081            3143*
*                   3145            3083 1.3357656817-29           0.0+0
CQUAD4*              944               1            3083            3145*
*                   3147            3085 7.3892683274-30           0.0+0
CQUAD4       945       1    3085    3147    3149    3087   0.0+0   0.0+0
CQUAD4       946       1    3087    3149    3151    3089   0.0+0   0.0+0
CQUAD4       947       1    3089    3151    3153    3091   0.0+0   0.0+0
CQUAD4       948       1    3091    3153    3155    3093   0.0+0   0.0+0
CQUAD4       949       1    3093    3155    3157    3095   0.0+0   0.0+0
CQUAD4       950       1    3095    3157    3159    3097   0.0+0   0.0+0
CQUAD4       951       1    3097    3159    3161    3099   0.0+0   0.0+0
CQUAD4       952       1    3099    3161    3163    3101   0.0+0   0.0+0
CQUAD4*              953               1            3123            3185*
*                   3187            3125 2.3227201676-29           0.0+0
CQUAD4       954       1    3125    3187    3189    3127   0.0+0   0.0+0
CQUAD4*              955               1            3127            3189*
*                   3191            3129    -1.505468-28           0.0+0
CQUAD4*              956               1            3129            3191*
*                   3193            3131     1.505468-28           0.0+0
CQUAD4*              957               1            3131            3193*
*                   3195            3133-1.2693866335-29           0.0+0
CQUAD4*              958               1            3133            3195*
*                   3197            3135-9.3151054587-29           0.0+0
CQUAD4       959       1    3135    3197    3199    3137   0.0+0   0.0+0
CQUAD4       960       1    3137    3199    3201    3139   0.0+0   0.0+0
CQUAD4       961       1    3139    3201    3203    3141   0.0+0   0.0+0
CQUAD4       962       1    3141    3203    3205    3143   0.0+0   0.0+0
CQUAD4       963       1    3143    3205    3207    3145   0.0+0   0.0+0
CQUAD4       964       1    3145    3207    3209    3147   0.0+0   0.0+0
CQUAD4       965       1    3147    3209    3211    3149   0.0+0   0.0+0
CQUAD4       966       1    3149    3211    3213    3151   0.0+0   0.0+0
CQUAD4       967       1    3151    3213    3215    3153   0.0+0   0.0+0
CQUAD4       968       1    3153    3215    3217    3155   0.0+0   0.0+0
CQUAD4       969       1    3155    3217    3219    3157   0.0+0   0.0+0
CQUAD4       970       1    3157    3219    3221    3159   0.0+0   0.0+0
CQUAD4       971       1    3159    3221    3223    3161   0.0+0   0.0+0
CQUAD4*              972               1            3161            3223*
*                   3225            3163 2.8339662632-29           0.0+0
CQUAD4*              973               1            3185            3247*
*                   3249            3187 2.1919399884-29           0.0+0
CQUAD4       974       1    3187    3249    3251    3189   0.0+0   0.0+0
CQUAD4       975       1    3189    3251    3253    3191   0.0+0   0.0+0
CQUAD4*              976               1            3191            3253*
*                   3255            3193 4.0016882529-29           0.0+0
CQUAD4*              977               1            3193            3255*
*                   3257            3195-6.7117800376-29           0.0+0
CQUAD4*              978               1            3195            3257*
*                   3259            3197 5.1952454585-29           0.0+0
CQUAD4       979       1    3197    3259    3261    3199   0.0+0   0.0+0
CQUAD4       980       1    3199    3261    3263    3201   0.0+0   0.0+0
CQUAD4*              981               1            3201            3263*
*                   3265            3203-2.1919399884-29           0.0+0
CQUAD4*              982               1            3203            3265*
*                   3267            3205 5.1952454585-29           0.0+0
CQUAD4       983       1    3205    3267    3269    3207   0.0+0   0.0+0
CQUAD4*              984               1            3207            3269*
*                   3271            3209-6.7117800376-29           0.0+0
CQUAD4*              985               1            3209            3271*
*                   3273            3211 5.1952454585-29           0.0+0
CQUAD4*              986               1            3211            3273*
*                   3275            3213-2.1919399884-29           0.0+0
CQUAD4*              987               1            3213            3275*
*                   3277            3215 5.1952454585-29           0.0+0
CQUAD4       988       1    3215    3277    3279    3217   0.0+0   0.0+0
CQUAD4       989       1    3217    3279    3281    3219   0.0+0   0.0+0
CQUAD4*              990               1            3219            3281*
*                   3283            3221-2.1919399884-29           0.0+0
CQUAD4*              991               1            3221            3283*
*                   3285            3223 5.1952454585-29           0.0+0
CQUAD4       992       1    3223    3285    3287    3225   0.0+0   0.0+0
CQUAD4       993       1    3247    3309    3311    3249   0.0+0   0.0+0
CQUAD4       994       1    3249    3311    3313    3251   0.0+0   0.0+0
CQUAD4*              995               1            3251            3313*
*                   3315            3253 2.6932579968-29           0.0+0
CQUAD4       996       1    3253    3315    3317    3255   0.0+0   0.0+0
CQUAD4*              997               1            3255            3317*
*                   3319            3257-5.3958578924-29           0.0+0
CQUAD4*              998               1            3257            3319*
*                   3321            3259 2.6932579968-29           0.0+0
CQUAD4       999       1    3259    3321    3323    3261   0.0+0   0.0+0
CQUAD4      1000       1    3261    3323    3325    3263   0.0+0   0.0+0
CQUAD4*             1001               1            3263            3325*
*                   3327            3265-2.4230837042-30           0.0+0
CQUAD4*             1002               1            3265            3327*
*                   3329            3267 2.6932579968-29           0.0+0
CQUAD4      1003       1    3267    3329    3331    3269   0.0+0   0.0+0
CQUAD4*             1004               1            3269            3331*
*                   3333            3271-5.3958578924-29           0.0+0
CQUAD4*             1005               1            3271            3333*
*                   3335            3273 2.6932579968-29           0.0+0
CQUAD4*             1006               1            3273            3335*
*                   3337            3275-2.4230837042-30           0.0+0
CQUAD4*             1007               1            3275            3337*
*                   3339            3277-5.5916310679-30           0.0+0
CQUAD4      1008       1    3277    3339    3341    3279   0.0+0   0.0+0
CQUAD4      1009       1    3279    3341    3343    3281   0.0+0   0.0+0
CQUAD4*             1010               1            3281            3343*
*                   3345            3283-2.4230837042-30           0.0+0
CQUAD4*             1011               1            3283            3345*
*                   3347            3285-5.5916310679-30           0.0+0
CQUAD4*             1012               1            3285            3347*
*                   3349            3287-2.4230837042-30           0.0+0
CQUAD4      1013       1    3309    3371    3373    3311   0.0+0   0.0+0
CQUAD4      1014       1    3311    3373    3375    3313   0.0+0   0.0+0
CQUAD4      1015       1    3313    3375    3377    3315   0.0+0   0.0+0
CQUAD4      1016       1    3315    3377    3379    3317   0.0+0   0.0+0
CQUAD4      1017       1    3317    3379    3381    3319   0.0+0   0.0+0
CQUAD4*             1018               1            3319            3381*
*                   3383            3321-3.4016465685-29           0.0+0
CQUAD4*             1019               1            3321            3383*
*                   3385            3323 5.1929391117-29           0.0+0
CQUAD4      1020       1    3323    3385    3387    3325   0.0+0   0.0+0
CQUAD4      1021       1    3325    3387    3389    3327   0.0+0   0.0+0
CQUAD4      1022       1    3327    3389    3391    3329   0.0+0   0.0+0
CQUAD4*             1023               1            3329            3391*
*                   3393            3331-3.4016465685-29           0.0+0
CQUAD4*             1024               1            3331            3393*
*                   3395            3333-3.1790993594-29           0.0+0
CQUAD4      1025       1    3333    3395    3397    3335   0.0+0   0.0+0
CQUAD4      1026       1    3335    3397    3399    3337   0.0+0   0.0+0
CQUAD4      1027       1    3337    3399    3401    3339   0.0+0   0.0+0
CQUAD4      1028       1    3339    3401    3403    3341   0.0+0   0.0+0
CQUAD4      1029       1    3341    3403    3405    3343   0.0+0   0.0+0
CQUAD4      1030       1    3343    3405    3407    3345   0.0+0   0.0+0
CQUAD4*             1031               1            3345            3407*
*                   3409            3347 5.1929391116-29           0.0+0
CQUAD4*             1032               1            3347            3409*
*                   3411            3349 5.1929391117-29           0.0+0
CQUAD4      1033       1    3371    3433    3435    3373   0.0+0   0.0+0
CQUAD4      1034       1    3373    3435    3437    3375   0.0+0   0.0+0
CQUAD4*             1035               1            3375            3437*
*                   3439            3377-7.1493898583-29           0.0+0
CQUAD4*             1036               1            3377            3439*
*                   3441            3379-2.7598480226-29           0.0+0
CQUAD4      1037       1    3379    3441    3443    3381   0.0+0   0.0+0
CQUAD4*             1038               1            3381            3443*
*                   3445            3383 7.1493898583-29           0.0+0
CQUAD4*             1039               1            3383            3445*
*                   3447            3385-4.9278158003-30           0.0+0
CQUAD4*             1040               1            3385            3447*
*                   3449            3387 1.8902902401-29           0.0+0
CQUAD4*             1041               1            3387            3449*
*                   3451            3389-7.1493898583-29           0.0+0
CQUAD4*             1042               1            3389            3451*
*                   3453            3391-2.7598480226-29           0.0+0
CQUAD4*             1043               1            3391            3453*
*                   3455            3393 7.1493898583-29           0.0+0
CQUAD4*             1044               1            3393            3455*
*                   3457            3395-1.8902902401-29           0.0+0
CQUAD4      1045       1    3395    3457    3459    3397   0.0+0   0.0+0
CQUAD4      1046       1    3397    3459    3461    3399   0.0+0   0.0+0
CQUAD4      1047       1    3399    3461    3463    3401   0.0+0   0.0+0
CQUAD4      1048       1    3401    3463    3465    3403   0.0+0   0.0+0
CQUAD4      1049       1    3403    3465    3467    3405   0.0+0   0.0+0
CQUAD4      1050       1    3405    3467    3469    3407   0.0+0   0.0+0
CQUAD4*             1051               1            3407            3469*
*                   3471            3409 -1.629693813-29           0.0+0
CQUAD4*             1052               1            3409            3471*
*                   3473            3411 2.7598480226-29           0.0+0
CQUAD4      1053       1    3433    3495    3497    3435   0.0+0   0.0+0
CQUAD4*             1054               1            3435            3497*
*                   3499            3437 2.0150443618-29           0.0+0
CQUAD4      1055       1    3437    3499    3501    3439   0.0+0   0.0+0
CQUAD4*             1056               1            3439            3501*
*                   3503            3441-2.7475313763-29           0.0+0
CQUAD4      1057       1    3441    3503    3505    3443   0.0+0   0.0+0
CQUAD4      1058       1    3443    3505    3507    3445   0.0+0   0.0+0
CQUAD4*             1059               1            3445            3507*
*                   3509            3447-2.7073381095-29           0.0+0
CQUAD4*             1060               1            3447            3509*
*                   3511            3449-2.7073381095-29           0.0+0
CQUAD4*             1061               1            3449            3511*
*                   3513            3451-2.7073381095-29           0.0+0
CQUAD4*             1062               1            3451            3513*
*                   3515            3453-2.7475313763-29           0.0+0
CQUAD4*             1063               1            3453            3515*
*                   3517            3455-2.4267441792-29           0.0+0
CQUAD4      1064       1    3455    3517    3519    3457   0.0+0   0.0+0
CQUAD4*             1065               1            3457            3519*
*                   3521            3459 1.9890271924-29           0.0+0
CQUAD4      1066       1    3459    3521    3523    3461   0.0+0   0.0+0
CQUAD4      1067       1    3461    3523    3525    3463   0.0+0   0.0+0
CQUAD4      1068       1    3463    3525    3527    3465   0.0+0   0.0+0
CQUAD4      1069       1    3465    3527    3529    3467   0.0+0   0.0+0
CQUAD4*             1070               1            3467            3529*
*                   3531            3469-2.4267441792-29           0.0+0
CQUAD4      1071       1    3469    3531    3533    3471   0.0+0   0.0+0
CQUAD4      1072       1    3471    3533    3535    3473   0.0+0   0.0+0
CQUAD4      1073       1    3495    3557    3559    3497   0.0+0   0.0+0
CQUAD4*             1074               1            3497            3559*
*                   3561            3499 5.0110660617-29           0.0+0
CQUAD4*             1075               1            3499            3561*
*                   3563            3501 5.3892051657-30           0.0+0
CQUAD4      1076       1    3501    3563    3565    3503   0.0+0   0.0+0
CQUAD4      1077       1    3503    3565    3567    3505   0.0+0   0.0+0
CQUAD4      1078       1    3505    3567    3569    3507   0.0+0   0.0+0
CQUAD4      1079       1    3507    3569    3571    3509   0.0+0   0.0+0
CQUAD4      1080       1    3509    3571    3573    3511   0.0+0   0.0+0
CQUAD4      1081       1    3511    3573    3575    3513   0.0+0   0.0+0
CQUAD4      1082       1    3513    3575    3577    3515   0.0+0   0.0+0
CQUAD4*             1083               1            3515            3577*
*                   3579            3517 4.9156770533-29           0.0+0
CQUAD4      1084       1    3517    3579    3581    3519   0.0+0   0.0+0
CQUAD4*             1085               1            3519            3581*
*                   3583            3521 5.3892051657-30           0.0+0
CQUAD4      1086       1    3521    3583    3585    3523   0.0+0   0.0+0
CQUAD4      1087       1    3523    3585    3587    3525   0.0+0   0.0+0
CQUAD4      1088       1    3525    3587    3589    3527   0.0+0   0.0+0
CQUAD4      1089       1    3527    3589    3591    3529   0.0+0   0.0+0
CQUAD4*             1090               1            3529            3591*
*                   3593            3531 4.9156770533-29           0.0+0
CQUAD4      1091       1    3531    3593    3595    3533   0.0+0   0.0+0
CQUAD4      1092       1    3533    3595    3597    3535   0.0+0   0.0+0
CQUAD4      1093       1    3557    2618    3620    3559   0.0+0   0.0+0
CQUAD4      1094       1    3559    3620    3622    3561   0.0+0   0.0+0
CQUAD4      1095       1    3561    3622    3624    3563   0.0+0   0.0+0
CQUAD4      1096       1    3563    3624    3626    3565   0.0+0   0.0+0
CQUAD4      1097       1    3565    3626    3628    3567   0.0+0   0.0+0
CQUAD4      1098       1    3567    3628    3630    3569   0.0+0   0.0+0
CQUAD4      1099       1    3569    3630    3632    3571   0.0+0   0.0+0
CQUAD4      1100       1    3571    3632    3634    3573   0.0+0   0.0+0
CQUAD4      1101       1    3573    3634    3636    3575   0.0+0   0.0+0
CQUAD4      1102       1    3575    3636    3638    3577   0.0+0   0.0+0
CQUAD4      1103       1    3577    3638    3640    3579   0.0+0   0.0+0
CQUAD4      1104       1    3579    3640    3642    3581   0.0+0   0.0+0
CQUAD4      1105       1    3581    3642    3644    3583   0.0+0   0.0+0
CQUAD4      1106       1    3583    3644    3646    3585   0.0+0   0.0+0
CQUAD4      1107       1    3585    3646    3648    3587   0.0+0   0.0+0
CQUAD4      1108       1    3587    3648    3650    3589   0.0+0   0.0+0
CQUAD4      1109       1    3589    3650    3652    3591   0.0+0   0.0+0
CQUAD4      1110       1    3591    3652    3654    3593   0.0+0   0.0+0
CQUAD4      1111       1    3593    3654    2619    3595   0.0+0   0.0+0
CQUAD4      1112       1    2618    3715    3717    3620   0.0+0   0.0+0
CQUAD4      1113       1    3620    3717    3719    3622   0.0+0   0.0+0
CQUAD4      1114       1    3622    3719    3721    3624   0.0+0   0.0+0
CQUAD4      1115       1    3624    3721    3723    3626   0.0+0   0.0+0
CQUAD4      1116       1    3626    3723    3725    3628   0.0+0   0.0+0
CQUAD4      1117       1    3628    3725    3727    3630   0.0+0   0.0+0
CQUAD4      1118       1    3630    3727    3729    3632   0.0+0   0.0+0
CQUAD4      1119       1    3632    3729    3731    3634   0.0+0   0.0+0
CQUAD4      1120       1    3634    3731    3733    3636   0.0+0   0.0+0
CQUAD4      1121       1    3636    3733    3735    3638   0.0+0   0.0+0
CQUAD4      1122       1    3638    3735    3737    3640   0.0+0   0.0+0
CQUAD4      1123       1    3640    3737    3739    3642   0.0+0   0.0+0
CQUAD4      1124       1    3642    3739    3741    3644   0.0+0   0.0+0
CQUAD4      1125       1    3644    3741    3743    3646   0.0+0   0.0+0
CQUAD4      1126       1    3646    3743    3745    3648   0.0+0   0.0+0
CQUAD4      1127       1    3648    3745    3747    3650   0.0+0   0.0+0
CQUAD4      1128       1    3650    3747    3749    3652   0.0+0   0.0+0
CQUAD4      1129       1    3652    3749    3751    3654   0.0+0   0.0+0
CQUAD4      1130       1    3654    3751    3753    2619   0.0+0   0.0+0
CQUAD4      1131       1    2619    3753    3755    2602   0.0+0   0.0+0
CQUAD4      1132       1    3715    3777    3779    3717   0.0+0   0.0+0
CQUAD4      1133       1    3717    3779    3781    3719   0.0+0   0.0+0
CQUAD4      1134       1    3719    3781    3783    3721   0.0+0   0.0+0
CQUAD4      1135       1    3721    3783    3785    3723   0.0+0   0.0+0
CQUAD4      1136       1    3723    3785    3787    3725   0.0+0   0.0+0
CQUAD4      1137       1    3725    3787    3789    3727   0.0+0   0.0+0
CQUAD4      1138       1    3727    3789    3791    3729   0.0+0   0.0+0
CQUAD4      1139       1    3729    3791    3793    3731   0.0+0   0.0+0
CQUAD4      1140       1    3731    3793    3795    3733   0.0+0   0.0+0
CQUAD4      1141       1    3733    3795    3797    3735   0.0+0   0.0+0
CQUAD4      1142       1    3735    3797    3799    3737   0.0+0   0.0+0
CQUAD4      1143       1    3737    3799    3801    3739   0.0+0   0.0+0
CQUAD4      1144       1    3739    3801    3803    3741   0.0+0   0.0+0
CQUAD4      1145       1    3741    3803    3805    3743   0.0+0   0.0+0
CQUAD4      1146       1    3743    3805    3807    3745   0.0+0   0.0+0
CQUAD4      1147       1    3745    3807    3809    3747   0.0+0   0.0+0
CQUAD4      1148       1    3747    3809    3811    3749   0.0+0   0.0+0
CQUAD4      1149       1    3749    3811    3813    3751   0.0+0   0.0+0
CQUAD4*             1150               1            3751            3813*
*                   3815            3753 5.5548381692-29           0.0+0
CQUAD4*             1151               1            3753            3815*
*                   3817            3755 1.0391051226-28           0.0+0
CQUAD4      1152       1    3777    3839    3841    3779   0.0+0   0.0+0
CQUAD4      1153       1    3779    3841    3843    3781   0.0+0   0.0+0
CQUAD4      1154       1    3781    3843    3845    3783   0.0+0   0.0+0
CQUAD4      1155       1    3783    3845    3847    3785   0.0+0   0.0+0
CQUAD4      1156       1    3785    3847    3849    3787   0.0+0   0.0+0
CQUAD4      1157       1    3787    3849    3851    3789   0.0+0   0.0+0
CQUAD4      1158       1    3789    3851    3853    3791   0.0+0   0.0+0
CQUAD4      1159       1    3791    3853    3855    3793   0.0+0   0.0+0
CQUAD4      1160       1    3793    3855    3857    3795   0.0+0   0.0+0
CQUAD4      1161       1    3795    3857    3859    3797   0.0+0   0.0+0
CQUAD4      1162       1    3797    3859    3861    3799   0.0+0   0.0+0
CQUAD4      1163       1    3799    3861    3863    3801   0.0+0   0.0+0
CQUAD4      1164       1    3801    3863    3865    3803   0.0+0   0.0+0
CQUAD4      1165       1    3803    3865    3867    3805   0.0+0   0.0+0
CQUAD4      1166       1    3805    3867    3869    3807   0.0+0   0.0+0
CQUAD4      1167       1    3807    3869    3871    3809   0.0+0   0.0+0
CQUAD4      1168       1    3809    3871    3873    3811   0.0+0   0.0+0
CQUAD4      1169       1    3811    3873    3875    3813   0.0+0   0.0+0
CQUAD4*             1170               1            3813            3875*
*                   3877            3815 1.6473214792-30           0.0+0
CQUAD4*             1171               1            3815            3877*
*                   3879            3817 -5.510376868-29           0.0+0
CQUAD4*             1172               1            3839            3901*
*                   3903            3841   -5.6659964-29           0.0+0
CQUAD4      1173       1    3841    3903    3905    3843   0.0+0   0.0+0
CQUAD4*             1174               1            3843            3905*
*                   3907            3845-9.7194979084-29           0.0+0
CQUAD4*             1175               1            3845            3907*
*                   3909            3847   -5.6659964-29           0.0+0
CQUAD4*             1176               1            3847            3909*
*                   3911            3849-9.7194979084-29           0.0+0
CQUAD4      1177       1    3849    3911    3913    3851   0.0+0   0.0+0
CQUAD4*             1178               1            3851            3913*
*                   3915            3853   -5.6659964-29           0.0+0
CQUAD4*             1179               1            3853            3915*
*                   3917            3855-9.7194979084-29           0.0+0
CQUAD4*             1180               1            3855            3917*
*                   3919            3857   -5.6659964-29           0.0+0
CQUAD4*             1181               1            3857            3919*
*                   3921            3859-9.7194979084-29           0.0+0
CQUAD4*             1182               1            3859            3921*
*                   3923            3861   -5.6659964-29           0.0+0
CQUAD4*             1183               1            3861            3923*
*                   3925            3863-9.7194979084-29           0.0+0
CQUAD4      1184       1    3863    3925    3927    3865   0.0+0   0.0+0
CQUAD4      1185       1    3865    3927    3929    3867   0.0+0   0.0+0
CQUAD4      1186       1    3867    3929    3931    3869   0.0+0   0.0+0
CQUAD4*             1187               1            3869            3931*
*                   3933            3871   -5.6659964-29           0.0+0
CQUAD4*             1188               1            3871            3933*
*                   3935            3873-9.7194979084-29           0.0+0
CQUAD4      1189       1    3873    3935    3937    3875   0.0+0   0.0+0
CQUAD4*             1190               1            3875            3937*
*                   3939            3877-5.6659964001-29           0.0+0
CQUAD4*             1191               1            3877            3939*
*                   3941            3879-9.7194979084-29           0.0+0
CQUAD4*             1192               1            3901            1138*
*                   2730            3903 8.6999911973-29           0.0+0
CQUAD4      1193       1    3903    2730    2643    3905   0.0+0   0.0+0
CQUAD4*             1194               1            3905            2643*
*                   1141            3907 7.5199690164-30           0.0+0
CQUAD4*             1195               1            3907            1141*
*                   2732            3909 8.6999911973-29           0.0+0
CQUAD4*             1196               1            3909            2732*
*                   2645            3911-4.3136860489-29           0.0+0
CQUAD4      1197       1    3911    2645    1143    3913   0.0+0   0.0+0
CQUAD4*             1198               1            3913            1143*
*                   2734            3915 8.6999911973-29           0.0+0
CQUAD4*             1199               1            3915            2734*
*                   1145            3917-4.3136860489-29           0.0+0
CQUAD4*             1200               1            3917            1145*
*                   1147            3919 8.6999911973-29           0.0+0
CQUAD4*             1201               1            3919            1147*
*                   2678            3921 7.5199690164-30           0.0+0
CQUAD4*             1202               1            3921            2678*
*                   1149            3923 8.6999911973-29           0.0+0
CQUAD4*             1203               1            3923            1149*
*                   1151            3925-4.3136860489-29           0.0+0
CQUAD4      1204       1    3925    1151    2679    3927   0.0+0   0.0+0
CQUAD4      1205       1    3927    2679    1153    3929   0.0+0   0.0+0
CQUAD4      1206       1    3929    1153    1155    3931   0.0+0   0.0+0
CQUAD4*             1207               1            3931            1155*
*                   2680            3933 8.6999911973-29           0.0+0
CQUAD4*             1208               1            3933            2680*
*                   1157            3935 7.5199690164-30           0.0+0
CQUAD4      1209       1    3935    1157    1159    3937   0.0+0   0.0+0
CQUAD4*             1210               1            3937            1159*
*                   2681            3939-3.3968890108-30           0.0+0
CQUAD4*             1211               1            3939            2681*
*                   1172            3941 7.5199690164-30           0.0+0
CQUAD4      1212       1    1138      35     454    2730   0.0+0   0.0+0
CQUAD4      1213       1    2730     454     345    2643   0.0+0   0.0+0
CQUAD4      1214       1    2643     345     117    1141   0.0+0   0.0+0
CQUAD4      1215       1    1141     117     103    2732   0.0+0   0.0+0
CQUAD4      1216       1    2732     103     399    2645   0.0+0   0.0+0
CQUAD4      1217       1    2645     399     349    1143   0.0+0   0.0+0
CQUAD4      1218       1    1143     349     418    2734   0.0+0   0.0+0
CQUAD4      1219       1    2734     418     362    1145   0.0+0   0.0+0
CQUAD4      1220       1    1145     362     401    1147   0.0+0   0.0+0
CQUAD4      1221       1    1147     401    1449    2678   0.0+0   0.0+0
CQUAD4      1222       1    2678    1449    2808    1149   0.0+0   0.0+0
CQUAD4      1223       1    1149    2808    3434    1151   0.0+0   0.0+0
CQUAD4      1224       1    1151    3434    2958    2679   0.0+0   0.0+0
CQUAD4      1225       1    2679    2958    3412    1153   0.0+0   0.0+0
CQUAD4      1226       1    1153    3412    2964    1155   0.0+0   0.0+0
CQUAD4      1227       1    1155    2964    3474    2680   0.0+0   0.0+0
CQUAD4      1228       1    2680    3474    2918    1157   0.0+0   0.0+0
CQUAD4      1229       1    1157    2918    3302    1159   0.0+0   0.0+0
CQUAD4      1230       1    1159    3302    3880    2681   0.0+0   0.0+0
CQUAD4      1231       1    2681    3880    3816    1172   0.0+0   0.0+0
CQUAD4*             1232               1              35            3802*
*                   3742             454-6.4708265878-29           0.0+0
CQUAD4*             1233               1             454            3742*
*                   1477             345-6.4708265878-29           0.0+0
CQUAD4*             1234               1             345            1477*
*                   1463             117-6.4708265878-29           0.0+0
CQUAD4      1235       1     117    1463    1475     103   0.0+0   0.0+0
CQUAD4      1236       1     103    1475    1429     399   0.0+0   0.0+0
CQUAD4*             1237               1             399            1429*
*                   1349             349-6.4708265878-29           0.0+0
CQUAD4      1238       1     349    1349    1362     418   0.0+0   0.0+0
CQUAD4*             1239               1             418            1362*
*                   1347             362-6.4708265878-29           0.0+0
CQUAD4      1240       1     362    1347    1361     401   0.0+0   0.0+0
CQUAD4      1241       1     401    1361    1345    1449   0.0+0   0.0+0
CQUAD4      1242       1    1449    1345    1360    2808   0.0+0   0.0+0
CQUAD4*             1243               1            2808            1360*
*                   1343            3434-6.4708265878-29           0.0+0
CQUAD4      1244       1    3434    1343    1359    2958   0.0+0   0.0+0
CQUAD4      1245       1    2958    1359     298    3412   0.0+0   0.0+0
CQUAD4*             1246               1            3412             298*
*                   1358            2964-6.4708265878-29           0.0+0
CQUAD4*             1247               1            2964            1358*
*                   1485            3474-6.4708265878-29           0.0+0
CQUAD4      1248       1    3474    1485    1447    2918   0.0+0   0.0+0
CQUAD4      1249       1    2918    1447    1483    3302   0.0+0   0.0+0
CQUAD4*             1250               1            3302            1483*
*                   1466            3880-6.4708265878-29           0.0+0
CQUAD4*             1251               1            3880            1466*
*                   1481            3816-6.4708265878-29           0.0+0
CQUAD4*             1252               1            3802            3673*
*                   3672            3742 8.1848227589-29           0.0+0
CQUAD4      1253       1    3742    3672    3671    1477   0.0+0   0.0+0
CQUAD4      1254       1    1477    3671    3670    1463   0.0+0   0.0+0
CQUAD4      1255       1    1463    3670    3669    1475   0.0+0   0.0+0
CQUAD4      1256       1    1475    3669    3668    1429   0.0+0   0.0+0
CQUAD4*             1257               1            1429            3668*
*                   3667            1349-7.6498366311-29           0.0+0
CQUAD4      1258       1    1349    3667    3666    1362   0.0+0   0.0+0
CQUAD4*             1259               1            1362            3666*
*                   3665            1347 2.2502722654-28           0.0+0
CQUAD4      1260       1    1347    3665    3664    1361   0.0+0   0.0+0
CQUAD4      1261       1    1361    3664    3663    1345   0.0+0   0.0+0
CQUAD4      1262       1    1345    3663     226    1360   0.0+0   0.0+0
CQUAD4*             1263               1            1360             226*
*                    126            1343  5.151303769-29           0.0+0
CQUAD4      1264       1    1343     126     135    1359   0.0+0   0.0+0
CQUAD4      1265       1    1359     135      56     298   0.0+0   0.0+0
CQUAD4*             1266               1             298              56*
*                    102            1358 2.2502722654-28           0.0+0
CQUAD4*             1267               1            1358             102*
*                     97            1485-7.6498366311-29           0.0+0
CQUAD4      1268       1    1485      97      69    1447   0.0+0   0.0+0
CQUAD4      1269       1    1447      69      99    1483   0.0+0   0.0+0
CQUAD4*             1270               1            1483              99*
*                     95            1466 2.2502722654-28           0.0+0
CQUAD4*             1271               1            1466              95*
*                    105            1481-7.6498366311-29           0.0+0
CQUAD4      1272       1    3673     192     227    3672   0.0+0   0.0+0
CQUAD4*             1273               1            3672             227*
*                     93            3671 4.0247354222-29           0.0+0
CQUAD4*             1274               1            3671              93*
*                    237            3670 7.0202252702-28           0.0+0
CQUAD4*             1275               1            3670             237*
*                    195            3669  7.340046034-28           0.0+0
CQUAD4*             1276               1            3669             195*
*                    239            3668-1.2470136123-27           0.0+0
CQUAD4*             1277               1            3668             239*
*                    246            3667  7.340046034-28           0.0+0
CQUAD4      1278       1    3667     246     249    3666   0.0+0   0.0+0
CQUAD4*             1279               1            3666             249*
*                    212            3665-1.2470136123-27           0.0+0
CQUAD4*             1280               1            3665             212*
*                    205            3664  7.340046034-28           0.0+0
CQUAD4*             1281               1            3664             205*
*                    213            3663 1.0830195528-29           0.0+0
CQUAD4*             1282               1            3663             213*
*                    166             226  7.340046034-28           0.0+0
CQUAD4*             1283               1             226             166*
*                    221             126-1.2470136123-27           0.0+0
CQUAD4*             1284               1             126             221*
*                    215             135  7.340046034-28           0.0+0
CQUAD4      1285       1     135     215     214      56   0.0+0   0.0+0
CQUAD4*             1286               1              56             214*
*                     92             102-1.2470136123-27           0.0+0
CQUAD4      1287       1     102      92     230      97   0.0+0   0.0+0
CQUAD4      1288       1      97     230     217      69   0.0+0   0.0+0
CQUAD4      1289       1      69     217     225      99   0.0+0   0.0+0
CQUAD4      1290       1      99     225     252      95   0.0+0   0.0+0
CQUAD4*             1291               1              95             252*
*                    219             105  7.340046034-28           0.0+0
CQUAD4      1292       1     192     302     322     227   0.0+0   0.0+0
CQUAD4      1293       1     227     322     304      93   0.0+0   0.0+0
CQUAD4*             1294               1              93             304*
*                    323             237 4.2624360263-28           0.0+0
CQUAD4*             1295               1             237             323*
*                    306             195-1.1984329953-28           0.0+0
CQUAD4*             1296               1             195             306*
*                    324             239 6.0827257004-28           0.0+0
CQUAD4*             1297               1             239             324*
*                    308             246-1.1984329953-28           0.0+0
CQUAD4      1298       1     246     308     325     249   0.0+0   0.0+0
CQUAD4*             1299               1             249             325*
*                    310             212 6.0827257004-28           0.0+0
CQUAD4*             1300               1             212             310*
*                    326             205-1.1984329953-28           0.0+0
CQUAD4*             1301               1             205             326*
*                    375             213 4.2624360263-28           0.0+0
CQUAD4*             1302               1             213             375*
*                    407             166-1.1984329953-28           0.0+0
CQUAD4*             1303               1             166             407*
*                    409             221 6.0827257004-28           0.0+0
CQUAD4*             1304               1             221             409*
*                    411             215-1.1984329953-28           0.0+0
CQUAD4      1305       1     215     411     413     214   0.0+0   0.0+0
CQUAD4*             1306               1             214             413*
*                    426              92 6.0827257004-28           0.0+0
CQUAD4      1307       1      92     426     449     230   0.0+0   0.0+0
CQUAD4      1308       1     230     449     450     217   0.0+0   0.0+0
CQUAD4      1309       1     217     450     451     225   0.0+0   0.0+0
CQUAD4      1310       1     225     451     452     252   0.0+0   0.0+0
CQUAD4*             1311               1             252             452*
*                    453             219-1.1984329953-28           0.0+0
CQUAD4      1312       1     302     486     471     322   0.0+0   0.0+0
CQUAD4      1313       1     322     471     487     304   0.0+0   0.0+0
CQUAD4      1314       1     304     487     473     323   0.0+0   0.0+0
CQUAD4      1315       1     323     473     488     306   0.0+0   0.0+0
CQUAD4      1316       1     306     488     475     324   0.0+0   0.0+0
CQUAD4      1317       1     324     475     489     308   0.0+0   0.0+0
CQUAD4      1318       1     308     489     477     325   0.0+0   0.0+0
CQUAD4      1319       1     325     477     491     310   0.0+0   0.0+0
CQUAD4      1320       1     310     491     490     326   0.0+0   0.0+0
CQUAD4      1321       1     326     490     479     375   0.0+0   0.0+0
CQUAD4      1322       1     375     479     513     407   0.0+0   0.0+0
CQUAD4      1323       1     407     513     493     409   0.0+0   0.0+0
CQUAD4      1324       1     409     493     514     411   0.0+0   0.0+0
CQUAD4      1325       1     411     514     495     413   0.0+0   0.0+0
CQUAD4      1326       1     413     495     515     426   0.0+0   0.0+0
CQUAD4      1327       1     426     515     497     449   0.0+0   0.0+0
CQUAD4      1328       1     449     497     516     450   0.0+0   0.0+0
CQUAD4      1329       1     450     516     499     451   0.0+0   0.0+0
CQUAD4      1330       1     451     499     517     452   0.0+0   0.0+0
CQUAD4      1331       1     452     517     564     453   0.0+0   0.0+0
CQUAD4      1332       1     486     643     645     471   0.0+0   0.0+0
CQUAD4      1333       1     471     645     647     487   0.0+0   0.0+0
CQUAD4      1334       1     487     647     649     473   0.0+0   0.0+0
CQUAD4      1335       1     473     649     651     488   0.0+0   0.0+0
CQUAD4      1336       1     488     651     664     475   0.0+0   0.0+0
CQUAD4      1337       1     475     664     687     489   0.0+0   0.0+0
CQUAD4      1338       1     489     687     688     477   0.0+0   0.0+0
CQUAD4      1339       1     477     688     689     491   0.0+0   0.0+0
CQUAD4      1340       1     491     689     690     490   0.0+0   0.0+0
CQUAD4      1341       1     490     690     691     479   0.0+0   0.0+0
CQUAD4      1342       1     479     691     692     513   0.0+0   0.0+0
CQUAD4      1343       1     513     692     677     493   0.0+0   0.0+0
CQUAD4      1344       1     493     677     693     514   0.0+0   0.0+0
CQUAD4      1345       1     514     693     679     495   0.0+0   0.0+0
CQUAD4      1346       1     495     679     694     515   0.0+0   0.0+0
CQUAD4      1347       1     515     694     681     497   0.0+0   0.0+0
CQUAD4      1348       1     497     681     695     516   0.0+0   0.0+0
CQUAD4      1349       1     516     695     683     499   0.0+0   0.0+0
CQUAD4      1350       1     499     683     697     517   0.0+0   0.0+0
CQUAD4      1351       1     517     697     696     564   0.0+0   0.0+0
CQUAD4*             1352               1             643             801*
*                    803             645-1.2839567577-28           0.0+0
CQUAD4*             1353               1             645             803*
*                    805             647  1.518815424-28           0.0+0
CQUAD4*             1354               1             647             805*
*                    807             649-1.2839567577-28           0.0+0
CQUAD4*             1355               1             649             807*
*                    809             651-2.0970566152-28           0.0+0
CQUAD4*             1356               1             651             809*
*                    823             664  1.518815424-28           0.0+0
CQUAD4*             1357               1             664             823*
*                    861             687-2.0970566152-28           0.0+0
CQUAD4      1358       1     687     861     862     688   0.0+0   0.0+0
CQUAD4      1359       1     688     862     863     689   0.0+0   0.0+0
CQUAD4      1360       1     689     863     864     690   0.0+0   0.0+0
CQUAD4*             1361               1             690             864*
*                    865             691-1.2839567577-28           0.0+0
CQUAD4      1362       1     691     865     866     692   0.0+0   0.0+0
CQUAD4*             1363               1             692             866*
*                    867             677  1.518815424-28           0.0+0
CQUAD4      1364       1     677     867     868     693   0.0+0   0.0+0
CQUAD4      1365       1     693     868     869     679   0.0+0   0.0+0
CQUAD4      1366       1     679     869     871     694   0.0+0   0.0+0
CQUAD4      1367       1     694     871     816     681   0.0+0   0.0+0
CQUAD4      1368       1     681     816     873     695   0.0+0   0.0+0
CQUAD4*             1369               1             695             873*
*                    875             683-1.2839567577-28           0.0+0
CQUAD4      1370       1     683     875     877     697   0.0+0   0.0+0
CQUAD4*             1371               1             697             877*
*                    897             696-2.0970566152-28           0.0+0
CQUAD4*             1372               1             801             902*
*                    891             803-4.4190729745-28           0.0+0
CQUAD4*             1373               1             803             891*
*                    925             805 -1.731284905-28           0.0+0
CQUAD4*             1374               1             805             925*
*                    905             807-4.4190729745-28           0.0+0
CQUAD4*             1375               1             807             905*
*                    926             809 -2.659368875-28           0.0+0
CQUAD4*             1376               1             809             926*
*                    907             823 -1.731284905-28           0.0+0
CQUAD4*             1377               1             823             907*
*                    927             861 -2.659368875-28           0.0+0
CQUAD4      1378       1     861     927     909     862   0.0+0   0.0+0
CQUAD4      1379       1     862     909     928     863   0.0+0   0.0+0
CQUAD4      1380       1     863     928     975     864   0.0+0   0.0+0
CQUAD4*             1381               1             864             975*
*                   1007             865-4.4190729745-28           0.0+0
CQUAD4      1382       1     865    1007    1009     866   0.0+0   0.0+0
CQUAD4*             1383               1             866            1009*
*                   1011             867 -1.731284905-28           0.0+0
CQUAD4      1384       1     867    1011    1013     868   0.0+0   0.0+0
CQUAD4      1385       1     868    1013    1015     869   0.0+0   0.0+0
CQUAD4      1386       1     869    1015    1017     871   0.0+0   0.0+0
CQUAD4      1387       1     871    1017    1030     816   0.0+0   0.0+0
CQUAD4      1388       1     816    1030    1053     873   0.0+0   0.0+0
CQUAD4*             1389               1             873            1053*
*                   1054             875-4.4190729745-28           0.0+0
CQUAD4      1390       1     875    1054    1055     877   0.0+0   0.0+0
CQUAD4*             1391               1             877            1055*
*                   1056             897 -2.659368875-28           0.0+0
CQUAD4      1392       1     902    1088    1071     891   0.0+0   0.0+0
CQUAD4      1393       1     891    1071    1089     925   0.0+0   0.0+0
CQUAD4      1394       1     925    1089    1073     905   0.0+0   0.0+0
CQUAD4      1395       1     905    1073    1090     926   0.0+0   0.0+0
CQUAD4      1396       1     926    1090    1075     907   0.0+0   0.0+0
CQUAD4      1397       1     907    1075    1091     927   0.0+0   0.0+0
CQUAD4      1398       1     927    1091    1077     909   0.0+0   0.0+0
CQUAD4      1399       1     909    1077    1092     928   0.0+0   0.0+0
CQUAD4      1400       1     928    1092    1079     975   0.0+0   0.0+0
CQUAD4      1401       1     975    1079    1094    1007   0.0+0   0.0+0
CQUAD4      1402       1    1007    1094    1093    1009   0.0+0   0.0+0
CQUAD4      1403       1    1009    1093    1081    1011   0.0+0   0.0+0
CQUAD4      1404       1    1011    1081    1131    1013   0.0+0   0.0+0
CQUAD4      1405       1    1013    1131    1096    1015   0.0+0   0.0+0
CQUAD4      1406       1    1015    1096    1132    1017   0.0+0   0.0+0
CQUAD4      1407       1    1017    1132    1098    1030   0.0+0   0.0+0
CQUAD4      1408       1    1030    1098    1133    1053   0.0+0   0.0+0
CQUAD4      1409       1    1053    1133    1100    1054   0.0+0   0.0+0
CQUAD4      1410       1    1054    1100    1225    1055   0.0+0   0.0+0
CQUAD4      1411       1    1055    1225    1291    1056   0.0+0   0.0+0
CQUAD4      1412       1    1088    2616    1249    1071   0.0+0   0.0+0
CQUAD4      1413       1    1071    1249    1265    1089   0.0+0   0.0+0
CQUAD4      1414       1    1089    1265    1251    1073   0.0+0   0.0+0
CQUAD4      1415       1    1073    1251    1266    1090   0.0+0   0.0+0
CQUAD4      1416       1    1090    1266    1253    1075   0.0+0   0.0+0
CQUAD4      1417       1    1075    1253    1267    1091   0.0+0   0.0+0
CQUAD4      1418       1    1091    1267    1255    1077   0.0+0   0.0+0
CQUAD4      1419       1    1077    1255    1268    1092   0.0+0   0.0+0
CQUAD4      1420       1    1092    1268    1353    1079   0.0+0   0.0+0
CQUAD4      1421       1    1079    1353    1333    1094   0.0+0   0.0+0
CQUAD4      1422       1    1094    1333    1332    1093   0.0+0   0.0+0
CQUAD4      1423       1    1093    1332    1321    1081   0.0+0   0.0+0
CQUAD4      1424       1    1081    1321    1355    1131   0.0+0   0.0+0
CQUAD4      1425       1    1131    1355    1335    1096   0.0+0   0.0+0
CQUAD4      1426       1    1096    1335    1356    1132   0.0+0   0.0+0
CQUAD4      1427       1    1132    1356    1337    1098   0.0+0   0.0+0
CQUAD4      1428       1    1098    1337    1357    1133   0.0+0   0.0+0
CQUAD4      1429       1    1133    1357    1339    1100   0.0+0   0.0+0
CQUAD4      1430       1    1100    1339    2617    1225   0.0+0   0.0+0
CQUAD4      1431       1    2616    1473    1525    1249   0.0+0   0.0+0
CQUAD4      1432       1    1249    1525    1557    1265   0.0+0   0.0+0
CQUAD4      1433       1    1265    1557    1570    1251   0.0+0   0.0+0
CQUAD4      1434       1    1251    1570    1593    1266   0.0+0   0.0+0
CQUAD4      1435       1    1266    1593    1594    1253   0.0+0   0.0+0
CQUAD4      1436       1    1253    1594    1595    1267   0.0+0   0.0+0
CQUAD4      1437       1    1267    1595    1596    1255   0.0+0   0.0+0
CQUAD4      1438       1    1255    1596    1597    1268   0.0+0   0.0+0
CQUAD4      1439       1    1268    1597    1598    1353   0.0+0   0.0+0
CQUAD4      1440       1    1353    1598    1599    1333   0.0+0   0.0+0
CQUAD4      1441       1    1333    1599    1600    1332   0.0+0   0.0+0
CQUAD4      1442       1    1332    1600    1601    1321   0.0+0   0.0+0
CQUAD4      1443       1    1321    1601    1623    1355   0.0+0   0.0+0
CQUAD4      1444       1    1355    1623    1602    1335   0.0+0   0.0+0
CQUAD4      1445       1    1335    1602    1625    1356   0.0+0   0.0+0
CQUAD4      1446       1    1356    1625    1626    1337   0.0+0   0.0+0
CQUAD4      1447       1    1337    1626    1627    1357   0.0+0   0.0+0
CQUAD4      1448       1    1357    1627    1628    1339   0.0+0   0.0+0
CQUAD4      1449       1    1339    1628    1629    2617   0.0+0   0.0+0
CQUAD4      1450       1    2617    1629    1630    2600   0.0+0   0.0+0
CQUAD4      1451       1    1473    1640    1674    1525   0.0+0   0.0+0
CQUAD4      1452       1    1525    1674    1642    1557   0.0+0   0.0+0
CQUAD4      1453       1    1557    1642    1675    1570   0.0+0   0.0+0
CQUAD4      1454       1    1570    1675    1644    1593   0.0+0   0.0+0
CQUAD4      1455       1    1593    1644    1676    1594   0.0+0   0.0+0
CQUAD4      1456       1    1594    1676    1646    1595   0.0+0   0.0+0
CQUAD4      1457       1    1595    1646    1677    1596   0.0+0   0.0+0
CQUAD4      1458       1    1596    1677    1648    1597   0.0+0   0.0+0
CQUAD4      1459       1    1597    1648    1678    1598   0.0+0   0.0+0
CQUAD4      1460       1    1598    1678    1650    1599   0.0+0   0.0+0
CQUAD4      1461       1    1599    1650    1729    1600   0.0+0   0.0+0
CQUAD4      1462       1    1600    1729    1775    1601   0.0+0   0.0+0
CQUAD4      1463       1    1601    1775    1777    1623   0.0+0   0.0+0
CQUAD4      1464       1    1623    1777    1765    1602   0.0+0   0.0+0
CQUAD4      1465       1    1602    1765    1779    1625   0.0+0   0.0+0
CQUAD4      1466       1    1625    1779    1781    1626   0.0+0   0.0+0
CQUAD4      1467       1    1626    1781    1783    1627   0.0+0   0.0+0
CQUAD4      1468       1    1627    1783    1785    1628   0.0+0   0.0+0
CQUAD4      1469       1    1628    1785    1787    1629   0.0+0   0.0+0
CQUAD4      1470       1    1629    1787    1789    1630   0.0+0   0.0+0
CQUAD4      1471       1    1640    1837    1838    1674   0.0+0   0.0+0
CQUAD4      1472       1    1674    1838    1839    1642   0.0+0   0.0+0
CQUAD4      1473       1    1642    1839    1827    1675   0.0+0   0.0+0
CQUAD4      1474       1    1675    1827    1841    1644   0.0+0   0.0+0
CQUAD4      1475       1    1644    1841    1840    1676   0.0+0   0.0+0
CQUAD4      1476       1    1676    1840    1829    1646   0.0+0   0.0+0
CQUAD4      1477       1    1646    1829    1863    1677   0.0+0   0.0+0
CQUAD4      1478       1    1677    1863    1843    1648   0.0+0   0.0+0
CQUAD4      1479       1    1648    1843    1864    1678   0.0+0   0.0+0
CQUAD4      1480       1    1678    1864    1845    1650   0.0+0   0.0+0
CQUAD4      1481       1    1650    1845    1865    1729   0.0+0   0.0+0
CQUAD4      1482       1    1729    1865    1847    1775   0.0+0   0.0+0
CQUAD4      1483       1    1775    1847    1866    1777   0.0+0   0.0+0
CQUAD4      1484       1    1777    1866    1849    1765   0.0+0   0.0+0
CQUAD4      1485       1    1765    1849    1867    1779   0.0+0   0.0+0
CQUAD4      1486       1    1779    1867    1851    1781   0.0+0   0.0+0
CQUAD4      1487       1    1781    1851    1868    1783   0.0+0   0.0+0
CQUAD4      1488       1    1783    1868    1853    1785   0.0+0   0.0+0
CQUAD4      1489       1    1785    1853    1869    1787   0.0+0   0.0+0
CQUAD4      1490       1    1787    1869    1855    1789   0.0+0   0.0+0
CQUAD4      1491       1    1837    2011    2012    1838   0.0+0   0.0+0
CQUAD4      1492       1    1838    2012    2013    1839   0.0+0   0.0+0
CQUAD4      1493       1    1839    2013    2015    1827   0.0+0   0.0+0
CQUAD4      1494       1    1827    2015    2003    1841   0.0+0   0.0+0
CQUAD4      1495       1    1841    2003    2017    1840   0.0+0   0.0+0
CQUAD4      1496       1    1840    2017    2019    1829   0.0+0   0.0+0
CQUAD4      1497       1    1829    2019    2021    1863   0.0+0   0.0+0
CQUAD4      1498       1    1863    2021    2023    1843   0.0+0   0.0+0
CQUAD4      1499       1    1843    2023    2025    1864   0.0+0   0.0+0
CQUAD4      1500       1    1864    2025    2027    1845   0.0+0   0.0+0
CQUAD4      1501       1    1845    2027    2044    1865   0.0+0   0.0+0
CQUAD4      1502       1    1865    2044    2031    1847   0.0+0   0.0+0
CQUAD4      1503       1    1847    2031    2045    1866   0.0+0   0.0+0
CQUAD4      1504       1    1866    2045    2033    1849   0.0+0   0.0+0
CQUAD4      1505       1    1849    2033    2047    1867   0.0+0   0.0+0
CQUAD4      1506       1    1867    2047    2046    1851   0.0+0   0.0+0
CQUAD4      1507       1    1851    2046    2035    1868   0.0+0   0.0+0
CQUAD4      1508       1    1868    2035    2069    1853   0.0+0   0.0+0
CQUAD4      1509       1    1853    2069    2049    1869   0.0+0   0.0+0
CQUAD4      1510       1    1869    2049    2070    1855   0.0+0   0.0+0
CQUAD4      1511       1    2011    2125    2171    2012   0.0+0   0.0+0
CQUAD4      1512       1    2012    2171    2172    2013   0.0+0   0.0+0
CQUAD4      1513       1    2013    2172    2174    2015   0.0+0   0.0+0
CQUAD4      1514       1    2015    2174    2161    2003   0.0+0   0.0+0
CQUAD4      1515       1    2003    2161    2176    2017   0.0+0   0.0+0
CQUAD4      1516       1    2017    2176    2178    2019   0.0+0   0.0+0
CQUAD4      1517       1    2019    2178    2180    2021   0.0+0   0.0+0
CQUAD4      1518       1    2021    2180    2182    2023   0.0+0   0.0+0
CQUAD4      1519       1    2023    2182    2184    2025   0.0+0   0.0+0
CQUAD4      1520       1    2025    2184    2186    2027   0.0+0   0.0+0
CQUAD4      1521       1    2027    2186    2188    2044   0.0+0   0.0+0
CQUAD4      1522       1    2044    2188    2190    2031   0.0+0   0.0+0
CQUAD4      1523       1    2031    2190    2147    2045   0.0+0   0.0+0
CQUAD4      1524       1    2045    2147    2220    2033   0.0+0   0.0+0
CQUAD4      1525       1    2033    2220    2243    2047   0.0+0   0.0+0
CQUAD4      1526       1    2047    2243    2244    2046   0.0+0   0.0+0
CQUAD4      1527       1    2046    2244    2245    2035   0.0+0   0.0+0
CQUAD4      1528       1    2035    2245    2246    2069   0.0+0   0.0+0
CQUAD4      1529       1    2069    2246    2247    2049   0.0+0   0.0+0
CQUAD4      1530       1    2049    2247    2248    2070   0.0+0   0.0+0
CQUAD4      1531       1    2125    2276    2257    2171   0.0+0   0.0+0
CQUAD4      1532       1    2171    2257    2277    2172   0.0+0   0.0+0
CQUAD4      1533       1    2172    2277    2259    2174   0.0+0   0.0+0
CQUAD4      1534       1    2174    2259    2278    2161   0.0+0   0.0+0
CQUAD4      1535       1    2161    2278    2261    2176   0.0+0   0.0+0
CQUAD4      1536       1    2176    2261    2279    2178   0.0+0   0.0+0
CQUAD4      1537       1    2178    2279    2263    2180   0.0+0   0.0+0
CQUAD4      1538       1    2180    2263    2280    2182   0.0+0   0.0+0
CQUAD4      1539       1    2182    2280    2265    2184   0.0+0   0.0+0
CQUAD4      1540       1    2184    2265    2329    2186   0.0+0   0.0+0
CQUAD4      1541       1    2186    2329    2377    2188   0.0+0   0.0+0
CQUAD4      1542       1    2188    2377    2378    2190   0.0+0   0.0+0
CQUAD4      1543       1    2190    2378    2379    2147   0.0+0   0.0+0
CQUAD4      1544       1    2147    2379    2381    2220   0.0+0   0.0+0
CQUAD4      1545       1    2220    2381    2369    2243   0.0+0   0.0+0
CQUAD4      1546       1    2243    2369    2383    2244   0.0+0   0.0+0
CQUAD4      1547       1    2244    2383    2385    2245   0.0+0   0.0+0
CQUAD4      1548       1    2245    2385    2387    2246   0.0+0   0.0+0
CQUAD4      1549       1    2246    2387    2389    2247   0.0+0   0.0+0
CQUAD4      1550       1    2247    2389    2391    2248   0.0+0   0.0+0
CQUAD4      1551       1    2276    2440    2425    2257   0.0+0   0.0+0
CQUAD4      1552       1    2257    2425    2441    2277   0.0+0   0.0+0
CQUAD4      1553       1    2277    2441    2427    2259   0.0+0   0.0+0
CQUAD4      1554       1    2259    2427     294    2278   0.0+0   0.0+0
CQUAD4      1555       1    2278     294    2429    2261   0.0+0   0.0+0
CQUAD4      1556       1    2261    2429    2444    2279   0.0+0   0.0+0
CQUAD4      1557       1    2279    2444    2443    2263   0.0+0   0.0+0
CQUAD4      1558       1    2263    2443    2431    2280   0.0+0   0.0+0
CQUAD4      1559       1    2280    2431    2481    2265   0.0+0   0.0+0
CQUAD4      1560       1    2265    2481    2446    2329   0.0+0   0.0+0
CQUAD4      1561       1    2329    2446    2482    2377   0.0+0   0.0+0
CQUAD4      1562       1    2377    2482    2448    2378   0.0+0   0.0+0
CQUAD4      1563       1    2378    2448    2483    2379   0.0+0   0.0+0
CQUAD4      1564       1    2379    2483    2450    2381   0.0+0   0.0+0
CQUAD4      1565       1    2381    2450    2484    2369   0.0+0   0.0+0
CQUAD4      1566       1    2369    2484    2452    2383   0.0+0   0.0+0
CQUAD4      1567       1    2383    2452    2485    2385   0.0+0   0.0+0
CQUAD4      1568       1    2385    2485    2454    2387   0.0+0   0.0+0
CQUAD4      1569       1    2387    2454    2486    2389   0.0+0   0.0+0
CQUAD4      1570       1    2389    2486     575    2391   0.0+0   0.0+0
CQUAD4      1571       1    2440    2577    2557    2425   0.0+0   0.0+0
CQUAD4      1572       1    2425    2557    2578    2441   0.0+0   0.0+0
CQUAD4      1573       1    2441    2578    2559    2427   0.0+0   0.0+0
CQUAD4      1574       1    2427    2559    2561     294   0.0+0   0.0+0
CQUAD4      1575       1     294    2561     851    2429   0.0+0   0.0+0
CQUAD4      1576       1    2429     851    2563    2444   0.0+0   0.0+0
CQUAD4      1577       1    2444    2563    1118    2443   0.0+0   0.0+0
CQUAD4      1578       1    2443    1118    2565    2431   0.0+0   0.0+0
CQUAD4      1579       1    2431    2565    1122    2481   0.0+0   0.0+0
CQUAD4      1580       1    2481    1122    1392    2446   0.0+0   0.0+0
CQUAD4      1581       1    2446    1392    1126    2482   0.0+0   0.0+0
CQUAD4      1582       1    2482    1126    1393    2448   0.0+0   0.0+0
CQUAD4      1583       1    2448    1393    1128    2483   0.0+0   0.0+0
CQUAD4      1584       1    2483    1128    1394    2450   0.0+0   0.0+0
CQUAD4      1585       1    2450    1394    1130    2484   0.0+0   0.0+0
CQUAD4      1586       1    2484    1130    1395    2452   0.0+0   0.0+0
CQUAD4      1587       1    2452    1395    1383    2485   0.0+0   0.0+0
CQUAD4      1588       1    2485    1383    1397    2454   0.0+0   0.0+0
CQUAD4      1589       1    2454    1397    1396    2486   0.0+0   0.0+0
CQUAD4      1590       1    2486    1396    1385     575   0.0+0   0.0+0
CQUAD4      1591       1    2577    1264    3695    2557   0.0+0   0.0+0
CQUAD4      1592       1    2557    3695    1948    2578   0.0+0   0.0+0
CQUAD4      1593       1    2578    1948     550    2559   0.0+0   0.0+0
CQUAD4      1594       1    2559     550     629    2561   0.0+0   0.0+0
CQUAD4      1595       1    2561     629    2794     851   0.0+0   0.0+0
CQUAD4      1596       1     851    2794    2739    2563   0.0+0   0.0+0
CQUAD4      1597       1    2563    2739    2740    1118   0.0+0   0.0+0
CQUAD4      1598       1    1118    2740    2741    2565   0.0+0   0.0+0
CQUAD4      1599       1    2565    2741    2742    1122   0.0+0   0.0+0
CQUAD4      1600       1    1122    2742    2743    1392   0.0+0   0.0+0
CQUAD4      1601       1    1392    2743    2744    1126   0.0+0   0.0+0
CQUAD4      1602       1    1126    2744    2745    1393   0.0+0   0.0+0
CQUAD4      1603       1    1393    2745    2746    1128   0.0+0   0.0+0
CQUAD4      1604       1    1128    2746    2747    1394   0.0+0   0.0+0
CQUAD4      1605       1    1394    2747    2748    1130   0.0+0   0.0+0
CQUAD4      1606       1    1130    2748    2750    1395   0.0+0   0.0+0
CQUAD4*             1607               1            1395            2750*
*                   2728            1383 5.2074592878-29           0.0+0
CQUAD4*             1608               1            1383            2728*
*                   2752            1397 6.5928977446-30           0.0+0
CQUAD4      1609       1    1397    2752    2754    1396   0.0+0   0.0+0
CQUAD4      1610       1    1396    2754    2795    1385   0.0+0   0.0+0
CQUAD4      1611       1    1264    2768    2801    3695   0.0+0   0.0+0
CQUAD4      1612       1    3695    2801    2770    1948   0.0+0   0.0+0
CQUAD4      1613       1    1948    2770    2802     550   0.0+0   0.0+0
CQUAD4      1614       1     550    2802    2772     629   0.0+0   0.0+0
CQUAD4      1615       1     629    2772    2803    2794   0.0+0   0.0+0
CQUAD4      1616       1    2794    2803    2774    2739   0.0+0   0.0+0
CQUAD4      1617       1    2739    2774    2804    2740   0.0+0   0.0+0
CQUAD4      1618       1    2740    2804    2805    2741   0.0+0   0.0+0
CQUAD4      1619       1    2741    2805    2867    2742   0.0+0   0.0+0
CQUAD4      1620       1    2742    2867    2840    2743   0.0+0   0.0+0
CQUAD4      1621       1    2743    2840    2868    2744   0.0+0   0.0+0
CQUAD4      1622       1    2744    2868    2842    2745   0.0+0   0.0+0
CQUAD4      1623       1    2745    2842    2869    2746   0.0+0   0.0+0
CQUAD4      1624       1    2746    2869    2844    2747   0.0+0   0.0+0
CQUAD4      1625       1    2747    2844    2870    2748   0.0+0   0.0+0
CQUAD4      1626       1    2748    2870    2846    2750   0.0+0   0.0+0
CQUAD4*             1627               1            2750            2846*
*                   2871            2728 4.4351340892-29           0.0+0
CQUAD4*             1628               1            2728            2871*
*                   2848            2752 1.0604120814-28           0.0+0
CQUAD4      1629       1    2752    2848    2872    2754   0.0+0   0.0+0
CQUAD4      1630       1    2754    2872    2850    2795   0.0+0   0.0+0
CQUAD4      1631       1    2768    2966    2982    2801   0.0+0   0.0+0
CQUAD4      1632       1    2801    2982    2970    2770   0.0+0   0.0+0
CQUAD4      1633       1    2770    2970    2983    2802   0.0+0   0.0+0
CQUAD4      1634       1    2802    2983    2974    2772   0.0+0   0.0+0
CQUAD4      1635       1    2772    2974    2997    2803   0.0+0   0.0+0
CQUAD4      1636       1    2803    2997    3040    2774   0.0+0   0.0+0
CQUAD4      1637       1    2774    3040    3041    2804   0.0+0   0.0+0
CQUAD4      1638       1    2804    3041    3042    2805   0.0+0   0.0+0
CQUAD4      1639       1    2805    3042    3043    2867   0.0+0   0.0+0
CQUAD4      1640       1    2867    3043    3044    2840   0.0+0   0.0+0
CQUAD4      1641       1    2840    3044    3045    2868   0.0+0   0.0+0
CQUAD4      1642       1    2868    3045    3046    2842   0.0+0   0.0+0
CQUAD4      1643       1    2842    3046    3047    2869   0.0+0   0.0+0
CQUAD4      1644       1    2869    3047    3048    2844   0.0+0   0.0+0
CQUAD4      1645       1    2844    3048    3049    2870   0.0+0   0.0+0
CQUAD4      1646       1    2870    3049    3050    2846   0.0+0   0.0+0
CQUAD4      1647       1    2846    3050    3051    2871   0.0+0   0.0+0
CQUAD4      1648       1    2871    3051    3052    2848   0.0+0   0.0+0
CQUAD4      1649       1    2848    3052    3053    2872   0.0+0   0.0+0
CQUAD4      1650       1    2872    3053    3054    2850   0.0+0   0.0+0
CQUAD4      1651       1    2966    3059    3038    2982   0.0+0   0.0+0
CQUAD4      1652       1    2982    3038    3096    2970   0.0+0   0.0+0
CQUAD4      1653       1    2970    3096    3062    2983   0.0+0   0.0+0
CQUAD4      1654       1    2983    3062    3103    2974   0.0+0   0.0+0
CQUAD4      1655       1    2974    3103    3064    2997   0.0+0   0.0+0
CQUAD4      1656       1    2997    3064    3104    3040   0.0+0   0.0+0
CQUAD4*             1657               1            3040            3104*
*                   3066            3041-1.6078416429-29           0.0+0
CQUAD4      1658       1    3041    3066    3130    3042   0.0+0   0.0+0
CQUAD4      1659       1    3042    3130    3178    3043   0.0+0   0.0+0
CQUAD4      1660       1    3043    3178    3179    3044   0.0+0   0.0+0
CQUAD4*             1661               1            3044            3179*
*                   3180            3045 6.6425283907-29           0.0+0
CQUAD4      1662       1    3045    3180    3181    3046   0.0+0   0.0+0
CQUAD4      1663       1    3046    3181    3182    3047   0.0+0   0.0+0
CQUAD4      1664       1    3047    3182    3184    3048   0.0+0   0.0+0
CQUAD4      1665       1    3048    3184    3162    3049   0.0+0   0.0+0
CQUAD4*             1666               1            3049            3162*
*                   3186            3050-1.6078416429-29           0.0+0
CQUAD4*             1667               1            3050            3186*
*                   3188            3051 6.6425283907-29           0.0+0
CQUAD4*             1668               1            3051            3188*
*                   3190            3052-1.6078416429-29           0.0+0
CQUAD4*             1669               1            3052            3190*
*                   3192            3053-2.0024966754-29           0.0+0
CQUAD4      1670       1    3053    3192    3194    3054   0.0+0   0.0+0
CQUAD4      1671       1    3059    3241    3216    3038   0.0+0   0.0+0
CQUAD4      1672       1    3038    3216    3242    3096   0.0+0   0.0+0
CQUAD4      1673       1    3096    3242    3218    3062   0.0+0   0.0+0
CQUAD4      1674       1    3062    3218    3243    3103   0.0+0   0.0+0
CQUAD4      1675       1    3103    3243    3220    3064   0.0+0   0.0+0
CQUAD4      1676       1    3064    3220    3244    3104   0.0+0   0.0+0
CQUAD4*             1677               1            3104            3244*
*                   3222            3066 1.9419351136-29           0.0+0
CQUAD4      1678       1    3066    3222    3246    3130   0.0+0   0.0+0
CQUAD4      1679       1    3130    3246    3245    3178   0.0+0   0.0+0
CQUAD4      1680       1    3178    3245    3224    3179   0.0+0   0.0+0
CQUAD4*             1681               1            3179            3224*
*                   3288            3180-6.6205125934-29           0.0+0
CQUAD4      1682       1    3180    3288    3248    3181   0.0+0   0.0+0
CQUAD4      1683       1    3181    3248    3289    3182   0.0+0   0.0+0
CQUAD4      1684       1    3182    3289    3250    3184   0.0+0   0.0+0
CQUAD4      1685       1    3184    3250    3290    3162   0.0+0   0.0+0
CQUAD4*             1686               1            3162            3290*
*                   3252            3186 1.9419351136-29           0.0+0
CQUAD4*             1687               1            3186            3252*
*                   3291            3188-6.6205125934-29           0.0+0
CQUAD4*             1688               1            3188            3291*
*                   3316            3190 1.9419351136-29           0.0+0
CQUAD4*             1689               1            3190            3316*
*                   3354            3192-2.5779049355-29           0.0+0
CQUAD4      1690       1    3192    3354    3340    3194   0.0+0   0.0+0
CQUAD4      1691       1    3241    3418    3419    3216   0.0+0   0.0+0
CQUAD4      1692       1    3216    3419    3420    3242   0.0+0   0.0+0
CQUAD4      1693       1    3242    3420    3421    3218   0.0+0   0.0+0
CQUAD4      1694       1    3218    3421    3422    3243   0.0+0   0.0+0
CQUAD4      1695       1    3243    3422    3423    3220   0.0+0   0.0+0
CQUAD4      1696       1    3220    3423    3424    3244   0.0+0   0.0+0
CQUAD4      1697       1    3244    3424    3425    3222   0.0+0   0.0+0
CQUAD4      1698       1    3222    3425    3426    3246   0.0+0   0.0+0
CQUAD4      1699       1    3246    3426    3427    3245   0.0+0   0.0+0
CQUAD4      1700       1    3245    3427    3402    3224   0.0+0   0.0+0
CQUAD4      1701       1    3224    3402    3428    3288   0.0+0   0.0+0
CQUAD4      1702       1    3288    3428    3404    3248   0.0+0   0.0+0
CQUAD4      1703       1    3248    3404    3429    3289   0.0+0   0.0+0
CQUAD4      1704       1    3289    3429    3406    3250   0.0+0   0.0+0
CQUAD4      1705       1    3250    3406    3430    3290   0.0+0   0.0+0
CQUAD4      1706       1    3290    3430    3408    3252   0.0+0   0.0+0
CQUAD4      1707       1    3252    3408    3432    3291   0.0+0   0.0+0
CQUAD4      1708       1    3291    3432    3431    3316   0.0+0   0.0+0
CQUAD4      1709       1    3316    3431    3410    3354   0.0+0   0.0+0
CQUAD4      1710       1    3354    3410    3466    3340   0.0+0   0.0+0
CQUAD4      1711       1    3418    3553    3554    3419   0.0+0   0.0+0
CQUAD4      1712       1    3419    3554    3596    3420   0.0+0   0.0+0
CQUAD4      1713       1    3420    3596    3555    3421   0.0+0   0.0+0
CQUAD4      1714       1    3421    3555    3598    3422   0.0+0   0.0+0
CQUAD4      1715       1    3422    3598    3599    3423   0.0+0   0.0+0
CQUAD4      1716       1    3423    3599    3600    3424   0.0+0   0.0+0
CQUAD4      1717       1    3424    3600    3601    3425   0.0+0   0.0+0
CQUAD4      1718       1    3425    3601    3602    3426   0.0+0   0.0+0
CQUAD4      1719       1    3426    3602    3603    3427   0.0+0   0.0+0
CQUAD4      1720       1    3427    3603    3604    3402   0.0+0   0.0+0
CQUAD4      1721       1    3402    3604    3605    3428   0.0+0   0.0+0
CQUAD4      1722       1    3428    3605    3606    3404   0.0+0   0.0+0
CQUAD4      1723       1    3404    3606    3607    3429   0.0+0   0.0+0
CQUAD4      1724       1    3429    3607    3608    3406   0.0+0   0.0+0
CQUAD4      1725       1    3406    3608    3609    3430   0.0+0   0.0+0
CQUAD4      1726       1    3430    3609    3610    3408   0.0+0   0.0+0
CQUAD4      1727       1    3408    3610    3611    3432   0.0+0   0.0+0
CQUAD4      1728       1    3432    3611    3612    3431   0.0+0   0.0+0
CQUAD4      1729       1    3431    3612    3613    3410   0.0+0   0.0+0
CQUAD4      1730       1    3410    3613    3588    3466   0.0+0   0.0+0
CQUAD4      1731       1    3553    2614    3621    3554   0.0+0   0.0+0
CQUAD4      1732       1    3554    3621    3713    3596   0.0+0   0.0+0
CQUAD4      1733       1    3596    3713    3756    3555   0.0+0   0.0+0
CQUAD4      1734       1    3555    3756    3757    3598   0.0+0   0.0+0
CQUAD4      1735       1    3598    3757    3758    3599   0.0+0   0.0+0
CQUAD4      1736       1    3599    3758    3759    3600   0.0+0   0.0+0
CQUAD4      1737       1    3600    3759    3760    3601   0.0+0   0.0+0
CQUAD4      1738       1    3601    3760    3761    3602   0.0+0   0.0+0
CQUAD4      1739       1    3602    3761    3762    3603   0.0+0   0.0+0
CQUAD4      1740       1    3603    3762    3728    3604   0.0+0   0.0+0
CQUAD4      1741       1    3604    3728    3763    3605   0.0+0   0.0+0
CQUAD4      1742       1    3605    3763    3730    3606   0.0+0   0.0+0
CQUAD4      1743       1    3606    3730    3764    3607   0.0+0   0.0+0
CQUAD4      1744       1    3607    3764    3732    3608   0.0+0   0.0+0
CQUAD4      1745       1    3608    3732    3765    3609   0.0+0   0.0+0
CQUAD4      1746       1    3609    3765    3734    3610   0.0+0   0.0+0
CQUAD4      1747       1    3610    3734    3766    3611   0.0+0   0.0+0
CQUAD4      1748       1    3611    3766    3736    3612   0.0+0   0.0+0
CQUAD4      1749       1    3612    3736    2615    3613   0.0+0   0.0+0
CQUAD4      1750       1    2614    3912    1195    3621   0.0+0   0.0+0
CQUAD4      1751       1    3621    1195    3936    3713   0.0+0   0.0+0
CQUAD4      1752       1    3713    3936    2585    3756   0.0+0   0.0+0
CQUAD4      1753       1    3756    2585    2641    3757   0.0+0   0.0+0
CQUAD4      1754       1    3757    2641    2655    3758   0.0+0   0.0+0
CQUAD4      1755       1    3758    2655      89    3759   0.0+0   0.0+0
CQUAD4      1756       1    3759      89     133    3760   0.0+0   0.0+0
CQUAD4      1757       1    3760     133    2465    3761   0.0+0   0.0+0
CQUAD4      1758       1    3761    2465    2657    3762   0.0+0   0.0+0
CQUAD4      1759       1    3762    2657      21    3728   0.0+0   0.0+0
CQUAD4      1760       1    3728      21     261    3763   0.0+0   0.0+0
CQUAD4      1761       1    3763     261     210    3730   0.0+0   0.0+0
CQUAD4      1762       1    3730     210     248    3764   0.0+0   0.0+0
CQUAD4      1763       1    3764     248     339    3732   0.0+0   0.0+0
CQUAD4      1764       1    3732     339    1487    3765   0.0+0   0.0+0
CQUAD4      1765       1    3765    1487     186    3734   0.0+0   0.0+0
CQUAD4      1766       1    3734     186     224    3766   0.0+0   0.0+0
CQUAD4      1767       1    3766     224     341    3736   0.0+0   0.0+0
CQUAD4      1768       1    3736     341    3676    2615   0.0+0   0.0+0
CQUAD4      1769       1    2615    3676     209    2598   0.0+0   0.0+0
CQUAD4      1770       1    3912    2673    2623    1195   0.0+0   0.0+0
CQUAD4      1771       1    1195    2623    2942    3936   0.0+0   0.0+0
CQUAD4      1772       1    3936    2942    3678    2585   0.0+0   0.0+0
CQUAD4      1773       1    2585    3678    3838    2641   0.0+0   0.0+0
CQUAD4      1774       1    2641    3838     397    2655   0.0+0   0.0+0
CQUAD4      1775       1    2655     397    2834      89   0.0+0   0.0+0
CQUAD4      1776       1      89    2834     347     133   0.0+0   0.0+0
CQUAD4      1777       1     133     347    3814    2465   0.0+0   0.0+0
CQUAD4      1778       1    2465    3814     455    2657   0.0+0   0.0+0
CQUAD4      1779       1    2657     455    3794      21   0.0+0   0.0+0
CQUAD4      1780       1      21    3794    3675     261   0.0+0   0.0+0
CQUAD4      1781       1     261    3675      45     210   0.0+0   0.0+0
CQUAD4      1782       1     210      45      17     248   0.0+0   0.0+0
CQUAD4      1783       1     248      17    3655     339   0.0+0   0.0+0
CQUAD4      1784       1     339    3655      31    1487   0.0+0   0.0+0
CQUAD4      1785       1    1487      31      43     186   0.0+0   0.0+0
CQUAD4      1786       1     186      43      13     224   0.0+0   0.0+0
CQUAD4      1787       1     224      13      27     341   0.0+0   0.0+0
CQUAD4      1788       1     341      27      41    3676   0.0+0   0.0+0
CQUAD4      1789       1    3676      41       9     209   0.0+0   0.0+0
CQUAD4      1790       1    2673     139    2593    2623   0.0+0   0.0+0
CQUAD4      1791       1    2623    2593     183    2942   0.0+0   0.0+0
CQUAD4      1792       1    2942     183     149    3678   0.0+0   0.0+0
CQUAD4      1793       1    3678     149     125    3838   0.0+0   0.0+0
CQUAD4      1794       1    3838     125      65     397   0.0+0   0.0+0
CQUAD4      1795       1     397      65     111    2834   0.0+0   0.0+0
CQUAD4      1796       1    2834     111     327     347   0.0+0   0.0+0
CQUAD4      1797       1     347     327     193    3814   0.0+0   0.0+0
CQUAD4      1798       1    3814     193     555     455   0.0+0   0.0+0
CQUAD4      1799       1     455     555      61    3794   0.0+0   0.0+0
CQUAD4      1800       1    3794      61     825    3675   0.0+0   0.0+0
CQUAD4      1801       1    3675     825     201      45   0.0+0   0.0+0
CQUAD4      1802       1      45     201     328      17   0.0+0   0.0+0
CQUAD4      1803       1      17     328      91    3655   0.0+0   0.0+0
CQUAD4      1804       1    3655      91    1095      31   0.0+0   0.0+0
CQUAD4      1805       1      31    1095     203      43   0.0+0   0.0+0
CQUAD4      1806       1      43     203     329      13   0.0+0   0.0+0
CQUAD4      1807       1      13     329     202      27   0.0+0   0.0+0
CQUAD4      1808       1      27     202    1365      41   0.0+0   0.0+0
CQUAD4      1809       1      41    1365     521       9   0.0+0   0.0+0
CQUAD4      1810       1     139     625     607    2593   0.0+0   0.0+0
CQUAD4      1811       1    2593     607     626     183   0.0+0   0.0+0
CQUAD4      1812       1     183     626     609     149   0.0+0   0.0+0
CQUAD4      1813       1     149     609     627     125   0.0+0   0.0+0
CQUAD4      1814       1     125     627     675      65   0.0+0   0.0+0
CQUAD4      1815       1      65     675     707     111   0.0+0   0.0+0
CQUAD4      1816       1     111     707     709     327   0.0+0   0.0+0
CQUAD4      1817       1     327     709     711     193   0.0+0   0.0+0
CQUAD4      1818       1     193     711     713     555   0.0+0   0.0+0
CQUAD4      1819       1     555     713     931      61   0.0+0   0.0+0
CQUAD4      1820       1      61     931     883     825   0.0+0   0.0+0
CQUAD4      1821       1     825     883     932     201   0.0+0   0.0+0
CQUAD4      1822       1     201     932     899     328   0.0+0   0.0+0
CQUAD4      1823       1     328     899     933      91   0.0+0   0.0+0
CQUAD4      1824       1      91     933     885    1095   0.0+0   0.0+0
CQUAD4      1825       1    1095     885     935     203   0.0+0   0.0+0
CQUAD4      1826       1     203     935     900     329   0.0+0   0.0+0
CQUAD4      1827       1     329     900     923     202   0.0+0   0.0+0
CQUAD4      1828       1     202     923     887    1365   0.0+0   0.0+0
CQUAD4      1829       1    1365     887     937     521   0.0+0   0.0+0
CQUAD4      1830       1     625     953     996     607   0.0+0   0.0+0
CQUAD4      1831       1     607     996     966     626   0.0+0   0.0+0
CQUAD4      1832       1     626     966     997     609   0.0+0   0.0+0
CQUAD4      1833       1     609     997     989     627   0.0+0   0.0+0
CQUAD4      1834       1     627     989     985     675   0.0+0   0.0+0
CQUAD4      1835       1     675     985     990     707   0.0+0   0.0+0
CQUAD4      1836       1     707     990    1001     709   0.0+0   0.0+0
CQUAD4      1837       1     709    1001     991     711   0.0+0   0.0+0
CQUAD4      1838       1     711     991    1061     713   0.0+0   0.0+0
CQUAD4      1839       1     713    1061     992     931   0.0+0   0.0+0
CQUAD4      1840       1     931     992    1022     883   0.0+0   0.0+0
CQUAD4      1841       1     883    1022     993     932   0.0+0   0.0+0
CQUAD4      1842       1     932     993    1083     899   0.0+0   0.0+0
CQUAD4      1843       1     899    1083     977     933   0.0+0   0.0+0
CQUAD4      1844       1     933     977    1003     885   0.0+0   0.0+0
CQUAD4      1845       1     885    1003     994     935   0.0+0   0.0+0
CQUAD4      1846       1     935     994    1062     900   0.0+0   0.0+0
CQUAD4      1847       1     900    1062     979     923   0.0+0   0.0+0
CQUAD4      1848       1     923     979    1213     887   0.0+0   0.0+0
CQUAD4      1849       1     887    1213    1469     937   0.0+0   0.0+0
CQUAD4      1850       1     953    1533    1472     996   0.0+0   0.0+0
CQUAD4      1851       1     996    1472    1534     966   0.0+0   0.0+0
CQUAD4      1852       1     966    1534    1535     997   0.0+0   0.0+0
CQUAD4      1853       1     997    1535    1491     989   0.0+0   0.0+0
CQUAD4      1854       1     989    1491    1536     985   0.0+0   0.0+0
CQUAD4      1855       1     985    1536    1537     990   0.0+0   0.0+0
CQUAD4      1856       1     990    1537    1539    1001   0.0+0   0.0+0
CQUAD4      1857       1    1001    1539    1538     991   0.0+0   0.0+0
CQUAD4      1858       1     991    1538    1566    1061   0.0+0   0.0+0
CQUAD4      1859       1    1061    1566    1561     992   0.0+0   0.0+0
CQUAD4      1860       1     992    1561    1567    1022   0.0+0   0.0+0
CQUAD4      1861       1    1022    1567    1541     993   0.0+0   0.0+0
CQUAD4      1862       1     993    1541    1633    1083   0.0+0   0.0+0
CQUAD4      1863       1    1083    1633    1562     977   0.0+0   0.0+0
CQUAD4      1864       1     977    1562    1703    1003   0.0+0   0.0+0
CQUAD4      1865       1    1003    1703    1543     994   0.0+0   0.0+0
CQUAD4      1866       1     994    1543    1621    1062   0.0+0   0.0+0
CQUAD4      1867       1    1062    1621    1563     979   0.0+0   0.0+0
CQUAD4      1868       1     979    1563    1704    1213   0.0+0   0.0+0
CQUAD4      1869       1    1213    1704    1545    1469   0.0+0   0.0+0
CQUAD4      1870       1    1533    1877    1879    1472   0.0+0   0.0+0
CQUAD4      1871       1    1472    1879    1881    1534   0.0+0   0.0+0
CQUAD4      1872       1    1534    1881    1883    1535   0.0+0   0.0+0
CQUAD4      1873       1    1535    1883    1885    1491   0.0+0   0.0+0
CQUAD4      1874       1    1491    1885    1887    1536   0.0+0   0.0+0
CQUAD4      1875       1    1536    1887    1889    1537   0.0+0   0.0+0
CQUAD4      1876       1    1537    1889    1903    1539   0.0+0   0.0+0
CQUAD4      1877       1    1539    1903    1941    1538   0.0+0   0.0+0
CQUAD4      1878       1    1538    1941    1947    1566   0.0+0   0.0+0
CQUAD4      1879       1    1566    1947    1943    1561   0.0+0   0.0+0
CQUAD4      1880       1    1561    1943    1920    1567   0.0+0   0.0+0
CQUAD4      1881       1    1567    1920    1945    1541   0.0+0   0.0+0
CQUAD4      1882       1    1541    1945    2010    1633   0.0+0   0.0+0
CQUAD4      1883       1    1633    2010    2091    1562   0.0+0   0.0+0
CQUAD4      1884       1    1562    2091    2051    1703   0.0+0   0.0+0
CQUAD4      1885       1    1703    2051    2093    1543   0.0+0   0.0+0
CQUAD4      1886       1    1543    2093    2071    1621   0.0+0   0.0+0
CQUAD4      1887       1    1621    2071    2095    1563   0.0+0   0.0+0
CQUAD4      1888       1    1563    2095    2053    1704   0.0+0   0.0+0
CQUAD4      1889       1    1704    2053    2097    1545   0.0+0   0.0+0
CQUAD4      1890       1    1877    2076    2134    1879   0.0+0   0.0+0
CQUAD4      1891       1    1879    2134    2077    1881   0.0+0   0.0+0
CQUAD4      1892       1    1881    2077    2057    1883   0.0+0   0.0+0
CQUAD4      1893       1    1883    2057    2079    1885   0.0+0   0.0+0
CQUAD4      1894       1    1885    2079    2135    1887   0.0+0   0.0+0
CQUAD4      1895       1    1887    2135    2067    1889   0.0+0   0.0+0
CQUAD4      1896       1    1889    2067    2074    1903   0.0+0   0.0+0
CQUAD4      1897       1    1903    2074    2168    1941   0.0+0   0.0+0
CQUAD4      1898       1    1941    2168    2373    1947   0.0+0   0.0+0
CQUAD4      1899       1    1947    2373    2399    1943   0.0+0   0.0+0
CQUAD4      1900       1    1943    2399    2355    1920   0.0+0   0.0+0
CQUAD4      1901       1    1920    2355    2413    1945   0.0+0   0.0+0
CQUAD4      1902       1    1945    2413    2374    2010   0.0+0   0.0+0
CQUAD4      1903       1    2010    2374    2401    2091   0.0+0   0.0+0
CQUAD4      1904       1    2091    2401    2357    2051   0.0+0   0.0+0
CQUAD4      1905       1    2051    2357    2415    2093   0.0+0   0.0+0
CQUAD4      1906       1    2093    2415    2375    2071   0.0+0   0.0+0
CQUAD4      1907       1    2071    2375    2417    2095   0.0+0   0.0+0
CQUAD4      1908       1    2095    2417    2359    2053   0.0+0   0.0+0
CQUAD4      1909       1    2053    2359    2419    2097   0.0+0   0.0+0
CQUAD4      1910       1    2076    2548    2497    2134   0.0+0   0.0+0
CQUAD4      1911       1    2134    2497     580    2077   0.0+0   0.0+0
CQUAD4      1912       1    2077     580    2499    2057   0.0+0   0.0+0
CQUAD4      1913       1    2057    2499    2539    2079   0.0+0   0.0+0
CQUAD4      1914       1    2079    2539    2501    2135   0.0+0   0.0+0
CQUAD4      1915       1    2135    2501     853    2067   0.0+0   0.0+0
CQUAD4      1916       1    2067     853    2503    2074   0.0+0   0.0+0
CQUAD4      1917       1    2074    2503    2553    2168   0.0+0   0.0+0
CQUAD4      1918       1    2168    2553    2505    2373   0.0+0   0.0+0
CQUAD4      1919       1    2373    2505     854    2399   0.0+0   0.0+0
CQUAD4      1920       1    2399     854    2507    2355   0.0+0   0.0+0
CQUAD4      1921       1    2355    2507    2541    2413   0.0+0   0.0+0
CQUAD4      1922       1    2413    2541    2509    2374   0.0+0   0.0+0
CQUAD4      1923       1    2374    2509     855    2401   0.0+0   0.0+0
CQUAD4      1924       1    2401     855    2522    2357   0.0+0   0.0+0
CQUAD4      1925       1    2357    2522    2555    2415   0.0+0   0.0+0
CQUAD4      1926       1    2415    2555    2545    2375   0.0+0   0.0+0
CQUAD4      1927       1    2375    2545    2466    2417   0.0+0   0.0+0
CQUAD4      1928       1    2417    2466    2588    2359   0.0+0   0.0+0
CQUAD4      1929       1    2359    2588    1161    2419   0.0+0   0.0+0
CQUAD4      1930       1    2548    2807    2800    2497   0.0+0   0.0+0
CQUAD4      1931       1    2497    2800    2930     580   0.0+0   0.0+0
CQUAD4      1932       1     580    2930    2874    2499   0.0+0   0.0+0
CQUAD4      1933       1    2499    2874    2931    2539   0.0+0   0.0+0
CQUAD4      1934       1    2539    2931    2873    2501   0.0+0   0.0+0
CQUAD4      1935       1    2501    2873    2932     853   0.0+0   0.0+0
CQUAD4      1936       1     853    2932    2852    2503   0.0+0   0.0+0
CQUAD4      1937       1    2503    2852    2933    2553   0.0+0   0.0+0
CQUAD4      1938       1    2553    2933    2916    2505   0.0+0   0.0+0
CQUAD4      1939       1    2505    2916    2836     854   0.0+0   0.0+0
CQUAD4      1940       1     854    2836    2929    2507   0.0+0   0.0+0
CQUAD4      1941       1    2507    2929    2838    2541   0.0+0   0.0+0
CQUAD4      1942       1    2541    2838    2876    2509   0.0+0   0.0+0
CQUAD4      1943       1    2509    2876    2919     855   0.0+0   0.0+0
CQUAD4      1944       1     855    2919    2936    2522   0.0+0   0.0+0
CQUAD4      1945       1    2522    2936    2920    2555   0.0+0   0.0+0
CQUAD4      1946       1    2555    2920    2914    2545   0.0+0   0.0+0
CQUAD4      1947       1    2545    2914    2921    2466   0.0+0   0.0+0
CQUAD4      1948       1    2466    2921    2917    2588   0.0+0   0.0+0
CQUAD4      1949       1    2588    2917    2922    1161   0.0+0   0.0+0
CQUAD4      1950       1    2807    3204    3176    2800   0.0+0   0.0+0
CQUAD4      1951       1    2800    3176    3206    2930   0.0+0   0.0+0
CQUAD4      1952       1    2930    3206    3148    2874   0.0+0   0.0+0
CQUAD4      1953       1    2874    3148    3208    2931   0.0+0   0.0+0
CQUAD4      1954       1    2931    3208    3177    2873   0.0+0   0.0+0
CQUAD4      1955       1    2873    3177    3210    2932   0.0+0   0.0+0
CQUAD4      1956       1    2932    3210    3212    2852   0.0+0   0.0+0
CQUAD4      1957       1    2852    3212    3240    2933   0.0+0   0.0+0
CQUAD4      1958       1    2933    3240    3292    2916   0.0+0   0.0+0
CQUAD4      1959       1    2916    3292    3293    2836   0.0+0   0.0+0
CQUAD4      1960       1    2836    3293    3198    2929   0.0+0   0.0+0
CQUAD4      1961       1    2929    3198    3294    2838   0.0+0   0.0+0
CQUAD4      1962       1    2838    3294    3295    2876   0.0+0   0.0+0
CQUAD4      1963       1    2876    3295    3296    2919   0.0+0   0.0+0
CQUAD4      1964       1    2919    3296    3297    2936   0.0+0   0.0+0
CQUAD4      1965       1    2936    3297    3298    2920   0.0+0   0.0+0
CQUAD4      1966       1    2920    3298    3299    2914   0.0+0   0.0+0
CQUAD4      1967       1    2914    3299    3314    2921   0.0+0   0.0+0
CQUAD4      1968       1    2921    3314    3301    2917   0.0+0   0.0+0
CQUAD4      1969       1    2917    3301    3357    2922   0.0+0   0.0+0
CQUAD4      1970       1    3204    3308    3326    3176   0.0+0   0.0+0
CQUAD4      1971       1    3176    3326    3286    3206   0.0+0   0.0+0
CQUAD4      1972       1    3206    3286    3415    3148   0.0+0   0.0+0
CQUAD4      1973       1    3148    3415    3310    3208   0.0+0   0.0+0
CQUAD4      1974       1    3208    3310    3359    3177   0.0+0   0.0+0
CQUAD4      1975       1    3177    3359    3312    3210   0.0+0   0.0+0
CQUAD4      1976       1    3210    3312    3460    3212   0.0+0   0.0+0
CQUAD4      1977       1    3212    3460    3592    3240   0.0+0   0.0+0
CQUAD4      1978       1    3240    3592    3641    3292   0.0+0   0.0+0
CQUAD4      1979       1    3292    3641    3617    3293   0.0+0   0.0+0
CQUAD4      1980       1    3293    3617    3643    3198   0.0+0   0.0+0
CQUAD4      1981       1    3198    3643    3616    3294   0.0+0   0.0+0
CQUAD4      1982       1    3294    3616    3645    3295   0.0+0   0.0+0
CQUAD4      1983       1    3295    3645    3594    3296   0.0+0   0.0+0
CQUAD4      1984       1    3296    3594    3647    3297   0.0+0   0.0+0
CQUAD4      1985       1    3297    3647    3649    3298   0.0+0   0.0+0
CQUAD4      1986       1    3298    3649    3694    3299   0.0+0   0.0+0
CQUAD4      1987       1    3299    3694    3619    3314   0.0+0   0.0+0
CQUAD4      1988       1    3314    3619    3653    3301   0.0+0   0.0+0
CQUAD4      1989       1    3301    3653    3629    3357   0.0+0   0.0+0
CQUAD4      1990       1    3308    3773    3878    3326   0.0+0   0.0+0
CQUAD4      1991       1    3326    3878    3774    3286   0.0+0   0.0+0
CQUAD4      1992       1    3286    3774    3883    3415   0.0+0   0.0+0
CQUAD4      1993       1    3415    3883    3776    3310   0.0+0   0.0+0
CQUAD4      1994       1    3310    3776    3902    3359   0.0+0   0.0+0
CQUAD4      1995       1    3359    3902    3754    3312   0.0+0   0.0+0
CQUAD4      1996       1    3312    3754    3846    3460   0.0+0   0.0+0
CQUAD4      1997       1    3460    3846    3778    3592   0.0+0   0.0+0
CQUAD4      1998       1    3592    3778    3904    3641   0.0+0   0.0+0
CQUAD4      1999       1    3641    3904    3780    3617   0.0+0   0.0+0
CQUAD4      2000       1    3617    3780    3884    3643   0.0+0   0.0+0
CQUAD4      2001       1    3643    3884    3782    3616   0.0+0   0.0+0
CQUAD4      2002       1    3616    3782    3906    3645   0.0+0   0.0+0
CQUAD4      2003       1    3645    3906    3784    3594   0.0+0   0.0+0
CQUAD4      2004       1    3594    3784    3848    3647   0.0+0   0.0+0
CQUAD4      2005       1    3647    3848    3786    3649   0.0+0   0.0+0
CQUAD4      2006       1    3649    3786    2624    3694   0.0+0   0.0+0
CQUAD4      2007       1    3694    2624    2988    3619   0.0+0   0.0+0
CQUAD4      2008       1    3619    2988    1925    3653   0.0+0   0.0+0
CQUAD4      2009       1    3653    1925     447    3629   0.0+0   0.0+0
CQUAD4      2010       1    3773     519     605    3878   0.0+0   0.0+0
CQUAD4      2011       1    3878     605     769    3774   0.0+0   0.0+0
CQUAD4      2012       1    3774     769     901    3883   0.0+0   0.0+0
CQUAD4      2013       1    3883     901     754    3776   0.0+0   0.0+0
CQUAD4      2014       1    3776     754     939    3902   0.0+0   0.0+0
CQUAD4      2015       1    3902     939     929    3754   0.0+0   0.0+0
CQUAD4      2016       1    3754     929     752    3846   0.0+0   0.0+0
CQUAD4      2017       1    3846     752     767    3778   0.0+0   0.0+0
CQUAD4      2018       1    3778     767     551    3904   0.0+0   0.0+0
CQUAD4      2019       1    3904     551     941    3780   0.0+0   0.0+0
CQUAD4      2020       1    3780     941     635    3884   0.0+0   0.0+0
CQUAD4      2021       1    3884     635     881    3782   0.0+0   0.0+0
CQUAD4      2022       1    3782     881     276    3906   0.0+0   0.0+0
CQUAD4      2023       1    3906     276     943    3784   0.0+0   0.0+0
CQUAD4      2024       1    3784     943     763    3848   0.0+0   0.0+0
CQUAD4      2025       1    3848     763     788    3786   0.0+0   0.0+0
CQUAD4      2026       1    3786     788     715    2624   0.0+0   0.0+0
CQUAD4      2027       1    2624     715     879    2988   0.0+0   0.0+0
CQUAD4      2028       1    2988     879     722    1925   0.0+0   0.0+0
CQUAD4      2029       1    1925     722     930     447   0.0+0   0.0+0
CQUAD4      2030       1     519    1209    1223     605   0.0+0   0.0+0
CQUAD4      2031       1     605    1223    1211     769   0.0+0   0.0+0
CQUAD4*             2032               1             769            1211*
*                   1489             901 2.7091939034-30           0.0+0
CQUAD4*             2033               1             901            1489*
*                   1457             754 2.7091939034-30           0.0+0
CQUAD4      2034       1     754    1457    1245     939   0.0+0   0.0+0
CQUAD4      2035       1     939    1245    1791     929   0.0+0   0.0+0
CQUAD4      2036       1     929    1791    1303     752   0.0+0   0.0+0
CQUAD4      2037       1     752    1303    1793     767   0.0+0   0.0+0
CQUAD4      2038       1     767    1793    1468     551   0.0+0   0.0+0
CQUAD4      2039       1     551    1468    1808     941   0.0+0   0.0+0
CQUAD4*             2040               1             941            1808*
*                   1305             635 2.7091939034-30           0.0+0
CQUAD4*             2041               1             635            1305*
*                   1564             881-4.4673503252-30           0.0+0
CQUAD4*             2042               1             881            1564*
*                   2627             276 2.7091939034-30           0.0+0
CQUAD4*             2043               1             276            2627*
*                   1771             943 2.7091939034-30           0.0+0
CQUAD4      2044       1     943    1771    1307     763   0.0+0   0.0+0
CQUAD4      2045       1     763    1307    1774     788   0.0+0   0.0+0
CQUAD4      2046       1     788    1774    2129     715   0.0+0   0.0+0
CQUAD4      2047       1     715    2129    2029     879   0.0+0   0.0+0
CQUAD4      2048       1     879    2029    2163     722   0.0+0   0.0+0
CQUAD4      2049       1     722    2163    2143     930   0.0+0   0.0+0
CQUAD4*             2050               1            1209            2612*
*                   1965            1223 2.6828702716-30           0.0+0
CQUAD4*             2051               1            1223            1965*
*                   1859            1211 2.6828702716-30           0.0+0
CQUAD4*             2052               1            1211            1859*
*                   2141            1489 8.6167298514-30           0.0+0
CQUAD4*             2053               1            1489            2141*
*                   1967            1457-2.6828702717-30           0.0+0
CQUAD4      2054       1    1457    1967    2133    1245   0.0+0   0.0+0
CQUAD4*             2055               1            1245            2133*
*                   2255            1791 2.6828702716-30           0.0+0
CQUAD4      2056       1    1791    2255    3618    1303   0.0+0   0.0+0
CQUAD4      2057       1    1303    3618    2631    1793   0.0+0   0.0+0
CQUAD4*             2058               1            1793            2631*
*                   2622            1468-1.6407222787-29           0.0+0
CQUAD4      2059       1    1468    2622    2670    1808   0.0+0   0.0+0
CQUAD4      2060       1    1808    2670    2470    1305   0.0+0   0.0+0
CQUAD4*             2061               1            1305            2470*
*                   2633            1564  5.107622664-30           0.0+0
CQUAD4*             2062               1            1564            2633*
*                   2671            2627 1.6407222787-29           0.0+0
CQUAD4      2063       1    2627    2671    2806    1771   0.0+0   0.0+0
CQUAD4      2064       1    1771    2806    2591    1307   0.0+0   0.0+0
CQUAD4      2065       1    1307    2591    2635    1774   0.0+0   0.0+0
CQUAD4      2066       1    1774    2635    2672    2129   0.0+0   0.0+0
CQUAD4      2067       1    2129    2672    2758    2029   0.0+0   0.0+0
CQUAD4      2068       1    2029    2758    2613    2163   0.0+0   0.0+0
CQUAD4*             2069               1            2612            3306*
*                   3300            1965-1.8212151552-29           0.0+0
CQUAD4*             2070               1            1965            3300*
*                   3536            1859-1.8212151552-29           0.0+0
CQUAD4      2071       1    1859    3536    3369    2141   0.0+0   0.0+0
CQUAD4      2072       1    2141    3369    3438    1967   0.0+0   0.0+0
CQUAD4      2073       1    1967    3438    3414    2133   0.0+0   0.0+0
CQUAD4*             2074               1            2133            3414*
*                   3338            2255-1.8212151552-29           0.0+0
CQUAD4      2075       1    2255    3338    3633    3618   0.0+0   0.0+0
CQUAD4      2076       1    3618    3633    3537    2631   0.0+0   0.0+0
CQUAD4*             2077               1            2631            3537*
*                   3614            2622 9.9374740152-30           0.0+0
CQUAD4      2078       1    2622    3614    3477    2670   0.0+0   0.0+0
CQUAD4*             2079               1            2670            3477*
*                   3635            2470-1.8212151552-29           0.0+0
CQUAD4      2080       1    2470    3635    3538    2633   0.0+0   0.0+0
CQUAD4      2081       1    2633    3538    3696    2671   0.0+0   0.0+0
CQUAD4*             2082               1            2671            3696*
*                   3440            2806 9.9374740152-30           0.0+0
CQUAD4      2083       1    2806    3440    3637    2591   0.0+0   0.0+0
CQUAD4      2084       1    2591    3637    3539    2635   0.0+0   0.0+0
CQUAD4      2085       1    2635    3539    3623    2672   0.0+0   0.0+0
CQUAD4      2086       1    2672    3623    3504    2758   0.0+0   0.0+0
CQUAD4      2087       1    2758    3504    1467    2613   0.0+0   0.0+0
CQUAD4      2088       1    2613    1467     383    2596   0.0+0   0.0+0
CQUAD4      2089       1    3306     889     771    3300   0.0+0   0.0+0
CQUAD4      2090       1    3300     771     753    3536   0.0+0   0.0+0
CQUAD4      2091       1    3536     753     995    3369   0.0+0   0.0+0
CQUAD4      2092       1    3369     995    1215    3438   0.0+0   0.0+0
CQUAD4      2093       1    3438    1215    1506    3414   0.0+0   0.0+0
CQUAD4      2094       1    3414    1506    1299    3338   0.0+0   0.0+0
CQUAD4      2095       1    3338    1299    1453    3633   0.0+0   0.0+0
CQUAD4      2096       1    3633    1453    1217    3537   0.0+0   0.0+0
CQUAD4      2097       1    3537    1217    1207    3614   0.0+0   0.0+0
CQUAD4      2098       1    3614    1207    1263    3477   0.0+0   0.0+0
CQUAD4      2099       1    3477    1263    1493    3635   0.0+0   0.0+0
CQUAD4      2100       1    3635    1493    1470    3538   0.0+0   0.0+0
CQUAD4      2101       1    3538    1470    1875    3696   0.0+0   0.0+0
CQUAD4      2102       1    3696    1875    1527    3440   0.0+0   0.0+0
CQUAD4      2103       1    3440    1527    1532    3637   0.0+0   0.0+0
CQUAD4      2104       1    3637    1532    1219    3539   0.0+0   0.0+0
CQUAD4      2105       1    3539    1219    2072    3623   0.0+0   0.0+0
CQUAD4      2106       1    3623    2072    1634    3504   0.0+0   0.0+0
CQUAD4      2107       1    3504    1634    1963    1467   0.0+0   0.0+0
CQUAD4      2108       1    1467    1963    1551     383   0.0+0   0.0+0
CQUAD4*             2109               1             889            3540*
*                   2546             771-8.9969653679-31           0.0+0
CQUAD4      2110       1     771    2546    3551     753   0.0+0   0.0+0
CQUAD4*             2111               1             753            3551*
*                   3541             995-2.0179189018-29           0.0+0
CQUAD4*             2112               1             995            3541*
*                   3462            1215-8.9969653679-31           0.0+0
CQUAD4      2113       1    1215    3462    3631    1506   0.0+0   0.0+0
CQUAD4*             2114               1            1506            3631*
*                   3506            1299-2.0179189018-29           0.0+0
CQUAD4*             2115               1            1299            3506*
*                   3552            1453-8.9969653679-31           0.0+0
CQUAD4*             2116               1            1453            3552*
*                   3464            1217  2.420011228-30           0.0+0
CQUAD4*             2117               1            1217            3464*
*                   3590            1207-8.9969653679-31           0.0+0
CQUAD4*             2118               1            1207            3590*
*                   3542            1263-2.0179189018-29           0.0+0
CQUAD4      2119       1    1263    3542    2603    1493   0.0+0   0.0+0
CQUAD4      2120       1    1493    2603    3508    1470   0.0+0   0.0+0
CQUAD4*             2121               1            1470            3508*
*                   3510            1875-8.9969653679-31           0.0+0
CQUAD4*             2122               1            1875            3510*
*                   3844            1527-2.0179189018-29           0.0+0
CQUAD4*             2123               1            1527            3844*
*                   3932            1532 2.1699503709-29           0.0+0
CQUAD4      2124       1    1532    3932     420    1219   0.0+0   0.0+0
CQUAD4*             2125               1            1219             420*
*                   3767            2072-2.0179189018-29           0.0+0
CQUAD4      2126       1    2072    3767     461    1634   0.0+0   0.0+0
CQUAD4      2127       1    1634     461    2944    1963   0.0+0   0.0+0
CQUAD4      2128       1    1963    2944     403    1551   0.0+0   0.0+0
CQUAD4*             2129               1            3540               2*
*                   2934            2546 4.1994790424-30           0.0+0
CQUAD4      2130       1    2546    2934     337    3551   0.0+0   0.0+0
CQUAD4*             2131               1            3551             337*
*                   2142            3541 6.2715338108-30           0.0+0
CQUAD4*             2132               1            3541            2142*
*                    469            3462 4.1994790424-30           0.0+0
CQUAD4      2133       1    3462     469    3324    3631   0.0+0   0.0+0
CQUAD4*             2134               1            3631            3324*
*                   2796            3506 6.2715338108-30           0.0+0
CQUAD4*             2135               1            3506            2796*
*                   1553            3552 4.1994790424-30           0.0+0
CQUAD4*             2136               1            3552            1553*
*                   2972            3464 2.6798679288-29           0.0+0
CQUAD4*             2137               1            3464            2972*
*                   2131            3590 4.1994790424-30           0.0+0
CQUAD4*             2138               1            3590            2131*
*                   1680            3542 6.2715338108-30           0.0+0
CQUAD4      2139       1    3542    1680     137    2603   0.0+0   0.0+0
CQUAD4      2140       1    2603     137    2940    3508   0.0+0   0.0+0
CQUAD4*             2141               1            3508            2940*
*                   3304            3510 4.1994790424-30           0.0+0
CQUAD4*             2142               1            3510            3304*
*                   3493            3844 6.2715338108-30           0.0+0
CQUAD4*             2143               1            3844            3493*
*                   2127            3932 8.3435885793-30           0.0+0
CQUAD4      2144       1    3932    2127    2737     420   0.0+0   0.0+0
CQUAD4*             2145               1             420            2737*
*                   1769            3767 6.2715338108-30           0.0+0
CQUAD4      2146       1    3767    1769    3358     461   0.0+0   0.0+0
CQUAD4      2147       1     461    3358     405    2944   0.0+0   0.0+0
CQUAD4      2148       1    2944     405    2170     403   0.0+0   0.0+0
CQUAD4      2149       1       2    2393    2948    2934   0.0+0   0.0+0
CQUAD4      2150       1    2934    2948    2990     337   0.0+0   0.0+0
CQUAD4      2151       1     337    2990    2139    2142   0.0+0   0.0+0
CQUAD4      2152       1    2142    2139    2495     469   0.0+0   0.0+0
CQUAD4      2153       1     469    2495    1933    3324   0.0+0   0.0+0
CQUAD4      2154       1    3324    1933    3305    2796   0.0+0   0.0+0
CQUAD4      2155       1    2796    3305    2552    1553   0.0+0   0.0+0
CQUAD4      2156       1    1553    2552    2547    2972   0.0+0   0.0+0
CQUAD4      2157       1    2972    2547    3837    2131   0.0+0   0.0+0
CQUAD4      2158       1    2131    3837    2313    1680   0.0+0   0.0+0
CQUAD4      2159       1    1680    2313    3436     137   0.0+0   0.0+0
CQUAD4      2160       1     137    3436     578    2940   0.0+0   0.0+0
CQUAD4      2161       1    2940     578    2960    3304   0.0+0   0.0+0
CQUAD4      2162       1    3304    2960    2351    3493   0.0+0   0.0+0
CQUAD4      2163       1    3493    2351    3413    2127   0.0+0   0.0+0
CQUAD4      2164       1    2127    3413    2625    2737   0.0+0   0.0+0
CQUAD4      2165       1    2737    2625    2136    1769   0.0+0   0.0+0
CQUAD4      2166       1    1769    2136    2989    3358   0.0+0   0.0+0
CQUAD4      2167       1    3358    2989    2946     405   0.0+0   0.0+0
CQUAD4      2168       1     405    2946    3475    2170   0.0+0   0.0+0
CQUAD4      2169       1    2393    2089    2968    2948   0.0+0   0.0+0
CQUAD4      2170       1    2948    2968       7    2990   0.0+0   0.0+0
CQUAD4*             2171               1            2990               7*
*                   1673            2139 1.9401658371-30           0.0+0
CQUAD4      2172       1    2139    1673     599    2495   0.0+0   0.0+0
CQUAD4*             2173               1            2495             599*
*                   3470            1933 4.7477692706-29           0.0+0
CQUAD4      2174       1    1933    3470    3146    3305   0.0+0   0.0+0
CQUAD4      2175       1    3305    3146    1942    2552   0.0+0   0.0+0
CQUAD4*             2176               1            2552            1942*
*                   3175            2547  2.487849246-29           0.0+0
CQUAD4      2177       1    2547    3175    2138    3837   0.0+0   0.0+0
CQUAD4*             2178               1            3837            2138*
*                   1749            2313  2.487849246-29           0.0+0
CQUAD4      2179       1    2313    1749    2137    3436   0.0+0   0.0+0
CQUAD4*             2180               1            3436            2137*
*                   1978             578  2.487849246-29           0.0+0
CQUAD4*             2181               1             578            1978*
*                   2059            2960  2.487849246-29           0.0+0
CQUAD4*             2182               1            2960            2059*
*                   2110            2351 1.9401658371-30           0.0+0
CQUAD4      2183       1    2351    2110    1770    3413   0.0+0   0.0+0
CQUAD4      2184       1    3413    1770    1671    2625   0.0+0   0.0+0
CQUAD4*             2185               1            2625            1671*
*                   1751            2136  2.487849246-29           0.0+0
CQUAD4*             2186               1            2136            1751*
*                   1753            2989 1.9401658371-30           0.0+0
CQUAD4*             2187               1            2989            1753*
*                   1529            2946 4.7477692706-29           0.0+0
CQUAD4      2188       1    2946    1529    3804    3475   0.0+0   0.0+0
CQUAD4      2189       1    2089    3683     465    2968   0.0+0   0.0+0
CQUAD4      2190       1    2968     465     182       7   0.0+0   0.0+0
CQUAD4*             2191               1               7             182*
*                    417            1673-3.6588603291-30           0.0+0
CQUAD4      2192       1    1673     417    3682     599   0.0+0   0.0+0
CQUAD4*             2193               1             599            3682*
*                     47            3470-5.0868028293-30           0.0+0
CQUAD4      2194       1    3470      47    3677    3146   0.0+0   0.0+0
CQUAD4      2195       1    3146    3677    2925    1942   0.0+0   0.0+0
CQUAD4*             2196               1            1942            2925*
*                   3661            3175 -3.658860329-30           0.0+0
CQUAD4      2197       1    3175    3661     421    2138   0.0+0   0.0+0
CQUAD4*             2198               1            2138             421*
*                    138            1749-5.0868028294-30           0.0+0
CQUAD4      2199       1    1749     138    2445    2137   0.0+0   0.0+0
CQUAD4*             2200               1            2137            2445*
*                   2735            1978 -3.658860329-30           0.0+0
CQUAD4*             2201               1            1978            2735*
*                    343            2059-5.0868028294-30           0.0+0
CQUAD4*             2202               1            2059             343*
*                   3685            2110-3.6588603291-30           0.0+0
CQUAD4      2203       1    2110    3685     456    1770   0.0+0   0.0+0
CQUAD4      2204       1    1770     456    3788    1671   0.0+0   0.0+0
CQUAD4*             2205               1            1671            3788*
*                    463            1751-5.0868028294-30           0.0+0
CQUAD4*             2206               1            1751             463*
*                   3476            1753-3.6588603291-30           0.0+0
CQUAD4*             2207               1            1753            3476*
*                   2597            1529-5.0868028293-30           0.0+0
CQUAD4      2208       1    1529    2597    2668    3804   0.0+0   0.0+0
CQUAD4*             2209               1            3683            2493*
*                   2312             465 2.1364885574-29           0.0+0
CQUAD4      2210       1     465    2312    2153     182   0.0+0   0.0+0
CQUAD4*             2211               1             182            2153*
*                   2311             417 2.1364885574-29           0.0+0
CQUAD4      2212       1     417    2311    2169    3682   0.0+0   0.0+0
CQUAD4      2213       1    3682    2169    2275      47   0.0+0   0.0+0
CQUAD4*             2214               1              47            2275*
*                   2151            3677 2.1364885574-29           0.0+0
CQUAD4      2215       1    3677    2151    1836    2925   0.0+0   0.0+0
CQUAD4*             2216               1            2925            1836*
*                   2310            3661-1.2343146725-30           0.0+0
CQUAD4      2217       1    3661    2310    2149     421   0.0+0   0.0+0
CQUAD4      2218       1     421    2149    1857     138   0.0+0   0.0+0
CQUAD4*             2219               1             138            1857*
*                   2167            2445 2.1364885574-29           0.0+0
CQUAD4*             2220               1            2445            2167*
*                   2055            2735-1.2343146725-30           0.0+0
CQUAD4*             2221               1            2735            2055*
*                    264             343 2.1364885574-29           0.0+0
CQUAD4*             2222               1             343             264*
*                   1944            3685 2.1364885574-29           0.0+0
CQUAD4      2223       1    3685    1944    2166     456   0.0+0   0.0+0
CQUAD4*             2224               1             456            2166*
*                   2140            3788 2.1364885574-29           0.0+0
CQUAD4*             2225               1            3788            2140*
*                   2145             463 2.1364885574-29           0.0+0
CQUAD4      2226       1     463    2145    1825    3476   0.0+0   0.0+0
CQUAD4      2227       1    3476    1825    2165    2597   0.0+0   0.0+0
CQUAD4      2228       1    2597    2165    1979    2668   0.0+0   0.0+0
CQUAD4*             2229               1            2493            1309*
*                   1247            2312 7.2665074053-30           0.0+0
CQUAD4*             2230               1            2312            1247*
*                   1451            2153-4.2871515644-28           0.0+0
CQUAD4*             2231               1            2153            1451*
*                   1471            2311  1.548648739-28           0.0+0
CQUAD4      2232       1    2311    1471    1193    2169   0.0+0   0.0+0
CQUAD4*             2233               1            2169            1193*
*                    705            2275-4.2871515651-28           0.0+0
CQUAD4*             2234               1            2275             705*
*                   1289            2151 7.2665074046-30           0.0+0
CQUAD4      2235       1    2151    1289     751    1836   0.0+0   0.0+0
CQUAD4*             2236               1            1836             751*
*                   1531            2310-3.1729007006-31           0.0+0
CQUAD4      2237       1    2310    1531     773    2149   0.0+0   0.0+0
CQUAD4*             2238               1            2149             773*
*                   1221            1857-4.2871515648-28           0.0+0
CQUAD4*             2239               1            1857            1221*
*                    765            2167 2.5276211267-29           0.0+0
CQUAD4*             2240               1            2167             765*
*                   1455            2055 1.5486487386-28           0.0+0
CQUAD4*             2241               1            2055            1455*
*                    945             264 2.5276211267-29           0.0+0
CQUAD4*             2242               1             264             945*
*                   1301            1944-2.2916490316-29           0.0+0
CQUAD4      2243       1    1944    1301     728    2166   0.0+0   0.0+0
CQUAD4*             2244               1            2166             728*
*                   1530            2140 6.6699484876-28           0.0+0
CQUAD4*             2245               1            2140            1530*
*                    518            2145-5.6179559108-29           0.0+0
CQUAD4      2246       1    2145     518    2595    1825   0.0+0   0.0+0
CQUAD4      2247       1    1825    2595    1136    2165   0.0+0   0.0+0
CQUAD4*             2248               1            2165            1136*
*                   2736            1979-4.2871515648-28           0.0+0
CQUAD4      2249       1    1309     459    2653    1247   0.0+0   0.0+0
CQUAD4*             2250               1            1247            2653*
*                    419            1451 1.1063244461-28           0.0+0
CQUAD4*             2251               1            1451             419*
*                    207            1471-4.5104657785-28           0.0+0
CQUAD4*             2252               1            1471             207*
*                    457            1193 -1.427935549-29           0.0+0
CQUAD4*             2253               1            1193             457*
*                    321             705-1.8908075121-28           0.0+0
CQUAD4      2254       1     705     321    3543    1289   0.0+0   0.0+0
CQUAD4*             2255               1            1289            3543*
*                    335             751-4.1800059052-29           0.0+0
CQUAD4*             2256               1             751             335*
*                   3885            1531-1.4279355491-29           0.0+0
CQUAD4*             2257               1            1531            3885*
*                   3772             773-4.1800059052-29           0.0+0
CQUAD4*             2258               1             773            3772*
*                   3900            1221-4.4324780559-28           0.0+0
CQUAD4*             2259               1            1221            3900*
*                   3726             765-7.1119716937-28           0.0+0
CQUAD4*             2260               1             765            3726*
*                   2599            1455 1.4595192043-28           0.0+0
CQUAD4*             2261               1            1455            2599*
*                   3627             945 1.1063244457-28           0.0+0
CQUAD4      2262       1     945    3627    3639    1301   0.0+0   0.0+0
CQUAD4      2263       1    1301    3639    3698     728   0.0+0   0.0+0
CQUAD4*             2264               1             728            3698*
*                   3512            1530-4.5104657785-28           0.0+0
CQUAD4*             2265               1            1530            3512*
*                   3625             518-7.1119716937-28           0.0+0
CQUAD4*             2266               1             518            3625*
*                   3615            2595 3.3983414405-30           0.0+0
CQUAD4      2267       1    2595    3615    3697    1136   0.0+0   0.0+0
CQUAD4*             2268               1            1136            3697*
*                   3544            2736-4.5104657785-28           0.0+0
CQUAD4      2269       1     459    3164    3200    2653   0.0+0   0.0+0
CQUAD4      2270       1    2653    3200    3121     419   0.0+0   0.0+0
CQUAD4      2271       1     419    3121    3144     207   0.0+0   0.0+0
CQUAD4*             2272               1             207            3144*
*                   3098             457 6.6937192307-29           0.0+0
CQUAD4*             2273               1             457            3098*
*                   3173             321 6.6937192307-29           0.0+0
CQUAD4      2274       1     321    3173    3102    3543   0.0+0   0.0+0
CQUAD4*             2275               1            3543            3102*
*                   3174             335 6.6937192307-29           0.0+0
CQUAD4*             2276               1             335            3174*
*                   3094            3885 6.6937192307-29           0.0+0
CQUAD4*             2277               1            3885            3094*
*                   3196            3772 6.6937192307-29           0.0+0
CQUAD4*             2278               1            3772            3196*
*                   3092            3900-1.1240955574-29           0.0+0
CQUAD4*             2279               1            3900            3092*
*                   3142            3726 6.6937192307-29           0.0+0
CQUAD4*             2280               1            3726            3142*
*                   3068            2599 6.6937192307-29           0.0+0
CQUAD4      2281       1    2599    3068    3060    3627   0.0+0   0.0+0
CQUAD4      2282       1    3627    3060    3090    3639   0.0+0   0.0+0
CQUAD4      2283       1    3639    3090    3026    3698   0.0+0   0.0+0
CQUAD4      2284       1    3698    3026    2952    3512   0.0+0   0.0+0
CQUAD4*             2285               1            3512            2952*
*                   3088            3625 6.6937192307-29           0.0+0
CQUAD4*             2286               1            3625            3088*
*                   2962            3615-1.1240955574-29           0.0+0
CQUAD4      2287       1    3615    2962    3202    3697   0.0+0   0.0+0
CQUAD4      2288       1    3697    3202    3036    3544   0.0+0   0.0+0
CQUAD4      2289       1    3164    2938    2987    3200   0.0+0   0.0+0
CQUAD4      2290       1    3200    2987    2923    3121   0.0+0   0.0+0
CQUAD4      2291       1    3121    2923    2954    3144   0.0+0   0.0+0
CQUAD4      2292       1    3144    2954    2878    3098   0.0+0   0.0+0
CQUAD4      2293       1    3098    2878    2986    3173   0.0+0   0.0+0
CQUAD4      2294       1    3173    2986    2637    3102   0.0+0   0.0+0
CQUAD4      2295       1    3102    2637    2464    3174   0.0+0   0.0+0
CQUAD4      2296       1    3174    2464    1656    3094   0.0+0   0.0+0
CQUAD4      2297       1    3094    1656    2462    3196   0.0+0   0.0+0
CQUAD4      2298       1    3196    2462    1924    3092   0.0+0   0.0+0
CQUAD4      2299       1    3092    1924    2196    3142   0.0+0   0.0+0
CQUAD4      2300       1    3142    2196    1654    3068   0.0+0   0.0+0
CQUAD4      2301       1    3068    1654    2478    3060   0.0+0   0.0+0
CQUAD4      2302       1    3060    2478    1923    3090   0.0+0   0.0+0
CQUAD4      2303       1    3090    1923    2209    3026   0.0+0   0.0+0
CQUAD4      2304       1    3026    2209    1652    2952   0.0+0   0.0+0
CQUAD4      2305       1    2952    1652    2192    3088   0.0+0   0.0+0
CQUAD4      2306       1    3088    2192    1922    2962   0.0+0   0.0+0
CQUAD4      2307       1    2962    1922    2474    3202   0.0+0   0.0+0
CQUAD4      2308       1    3202    2474    1399    3036   0.0+0   0.0+0
CQUAD4      2309       1    2938    2442    2397    2987   0.0+0   0.0+0
CQUAD4      2310       1    2987    2397    2491    2923   0.0+0   0.0+0
CQUAD4      2311       1    2923    2491    2305    2954   0.0+0   0.0+0
CQUAD4      2312       1    2954    2305    2489    2878   0.0+0   0.0+0
CQUAD4      2313       1    2878    2489    2353    2986   0.0+0   0.0+0
CQUAD4      2314       1    2986    2353    2488    2637   0.0+0   0.0+0
CQUAD4      2315       1    2637    2488    2317    2464   0.0+0   0.0+0
CQUAD4      2316       1    2464    2317    2487    1656   0.0+0   0.0+0
CQUAD4      2317       1    1656    2487    2395    2462   0.0+0   0.0+0
CQUAD4      2318       1    2462    2395    2371    1924   0.0+0   0.0+0
CQUAD4      2319       1    1924    2371    2315    2196   0.0+0   0.0+0
CQUAD4      2320       1    2196    2315    2423    1654   0.0+0   0.0+0
CQUAD4      2321       1    1654    2423    2372    2478   0.0+0   0.0+0
CQUAD4      2322       1    2478    2372    2376    1923   0.0+0   0.0+0
CQUAD4      2323       1    1923    2376    2314    2209   0.0+0   0.0+0
CQUAD4      2324       1    2209    2314    2073    1652   0.0+0   0.0+0
CQUAD4      2325       1    1652    2073    1961    2192   0.0+0   0.0+0
CQUAD4      2326       1    2192    1961    1861    1922   0.0+0   0.0+0
CQUAD4      2327       1    1922    1861    1949    2474   0.0+0   0.0+0
CQUAD4      2328       1    2474    1949    1873    1399   0.0+0   0.0+0
CQUAD4      2329       1    2442    1768    1759    2397   0.0+0   0.0+0
CQUAD4      2330       1    2397    1759    1747    2491   0.0+0   0.0+0
CQUAD4      2331       1    2491    1747    1835    2305   0.0+0   0.0+0
CQUAD4      2332       1    2305    1835    1767    2489   0.0+0   0.0+0
CQUAD4      2333       1    2489    1767    1795    2353   0.0+0   0.0+0
CQUAD4      2334       1    2353    1795    1773    2488   0.0+0   0.0+0
CQUAD4      2335       1    2488    1773    1834    2317   0.0+0   0.0+0
CQUAD4      2336       1    2317    1834    1733    2487   0.0+0   0.0+0
CQUAD4      2337       1    2487    1733    1757    2395   0.0+0   0.0+0
CQUAD4      2338       1    2395    1757    1549    2371   0.0+0   0.0+0
CQUAD4      2339       1    2371    1549    1833    2315   0.0+0   0.0+0
CQUAD4      2340       1    2315    1833    1706    2423   0.0+0   0.0+0
CQUAD4      2341       1    2423    1706    1772    2372   0.0+0   0.0+0
CQUAD4      2342       1    2372    1772    1565    2376   0.0+0   0.0+0
CQUAD4      2343       1    2376    1565    1832    2314   0.0+0   0.0+0
CQUAD4      2344       1    2314    1832    1636    2073   0.0+0   0.0+0
CQUAD4      2345       1    2073    1636    1755    1961   0.0+0   0.0+0
CQUAD4      2346       1    1961    1755    1547    1861   0.0+0   0.0+0
CQUAD4      2347       1    1861    1547    1831    1949   0.0+0   0.0+0
CQUAD4      2348       1    1949    1831    1705    1873   0.0+0   0.0+0
CQUAD4      2349       1    1768    1205    1203    1759   0.0+0   0.0+0
CQUAD4      2350       1    1759    1203    1202    1747   0.0+0   0.0+0
CQUAD4      2351       1    1747    1202    1201    1835   0.0+0   0.0+0
CQUAD4      2352       1    1835    1201    1200    1767   0.0+0   0.0+0
CQUAD4      2353       1    1767    1200    1199    1795   0.0+0   0.0+0
CQUAD4      2354       1    1795    1199    1198    1773   0.0+0   0.0+0
CQUAD4      2355       1    1773    1198    1197    1834   0.0+0   0.0+0
CQUAD4      2356       1    1834    1197    2589    1733   0.0+0   0.0+0
CQUAD4      2357       1    1733    2589    1060    1757   0.0+0   0.0+0
CQUAD4      2358       1    1757    1060    2621    1549   0.0+0   0.0+0
CQUAD4      2359       1    1549    2621    1021    1833   0.0+0   0.0+0
CQUAD4      2360       1    1833    1021     983    1706   0.0+0   0.0+0
CQUAD4      2361       1    1706     983    1059    1772   0.0+0   0.0+0
CQUAD4      2362       1    1772    1059     981    1565   0.0+0   0.0+0
CQUAD4      2363       1    1565     981     787    1832   0.0+0   0.0+0
CQUAD4      2364       1    1832     787     987    1636   0.0+0   0.0+0
CQUAD4      2365       1    1636     987     951    1755   0.0+0   0.0+0
CQUAD4      2366       1    1755     951     949    1547   0.0+0   0.0+0
CQUAD4*             2367               1            1547             949*
*                    898            1831 3.1117811352-29           0.0+0
CQUAD4*             2368               1            1831             898*
*                    947            1705 3.1117811352-29           0.0+0
CQUAD4      2369       1    1205    2610     621    1203   0.0+0   0.0+0
CQUAD4      2370       1    1203     621     549    1202   0.0+0   0.0+0
CQUAD4      2371       1    1202     549     570    1201   0.0+0   0.0+0
CQUAD4      2372       1    1201     570     548    1200   0.0+0   0.0+0
CQUAD4      2373       1    1200     548     520    1199   0.0+0   0.0+0
CQUAD4      2374       1    1199     520     633    1198   0.0+0   0.0+0
CQUAD4      2375       1    1198     633     547    1197   0.0+0   0.0+0
CQUAD4      2376       1    1197     547     624    2589   0.0+0   0.0+0
CQUAD4      2377       1    2589     624     598    1060   0.0+0   0.0+0
CQUAD4      2378       1    1060     598     603    2621   0.0+0   0.0+0
CQUAD4      2379       1    2621     603     546    1021   0.0+0   0.0+0
CQUAD4      2380       1    1021     546     623     983   0.0+0   0.0+0
CQUAD4      2381       1     983     623     631    1059   0.0+0   0.0+0
CQUAD4      2382       1    1059     631     562     981   0.0+0   0.0+0
CQUAD4      2383       1     981     562     545     787   0.0+0   0.0+0
CQUAD4      2384       1     787     545     301     987   0.0+0   0.0+0
CQUAD4      2385       1     987     301     568     951   0.0+0   0.0+0
CQUAD4      2386       1     951     568     600     949   0.0+0   0.0+0
CQUAD4*             2387               1             949             600*
*                   2611             898-5.5139650502-31           0.0+0
CQUAD4      2388       1    2610    3930    2663     621   0.0+0   0.0+0
CQUAD4      2389       1     621    2663    3928     549   0.0+0   0.0+0
CQUAD4      2390       1     549    3928    2639     570   0.0+0   0.0+0
CQUAD4      2391       1     570    2639    3926     548   0.0+0   0.0+0
CQUAD4      2392       1     548    3926    1135     520   0.0+0   0.0+0
CQUAD4      2393       1     520    1135    3924     633   0.0+0   0.0+0
CQUAD4      2394       1     633    3924    2661     547   0.0+0   0.0+0
CQUAD4      2395       1     547    2661    3922     624   0.0+0   0.0+0
CQUAD4      2396       1     624    3922    1196     598   0.0+0   0.0+0
CQUAD4      2397       1     598    1196    3920     603   0.0+0   0.0+0
CQUAD4      2398       1     603    3920    1134     546   0.0+0   0.0+0
CQUAD4      2399       1     546    1134    3918     623   0.0+0   0.0+0
CQUAD4      2400       1     623    3918    2659     631   0.0+0   0.0+0
CQUAD4      2401       1     631    2659    3916     562   0.0+0   0.0+0
CQUAD4      2402       1     562    3916    3938     545   0.0+0   0.0+0
CQUAD4      2403       1     545    3938    3914     301   0.0+0   0.0+0
CQUAD4      2404       1     301    3914    3934     568   0.0+0   0.0+0
CQUAD4      2405       1     568    3934    2626     600   0.0+0   0.0+0
CQUAD4      2406       1     600    2626    3910    2611   0.0+0   0.0+0
CQUAD4      2407       1    2611    3910    3908    2594   0.0+0   0.0+0
CQUAD4      2408       1    3930    3882    3898    2663   0.0+0   0.0+0
CQUAD4*             2409               1            2663            3898*
*                   3842            3928-7.7494878243-29           0.0+0
CQUAD4*             2410               1            3928            3842*
*                   3897            2639  2.175802044-29           0.0+0
CQUAD4*             2411               1            2639            3897*
*                   3881            3926-6.8638780544-29           0.0+0
CQUAD4      2412       1    3926    3881    3896    1135   0.0+0   0.0+0
CQUAD4*             2413               1            1135            3896*
*                   3840            3924  2.175802044-29           0.0+0
CQUAD4      2414       1    3924    3840    3895    2661   0.0+0   0.0+0
CQUAD4*             2415               1            2661            3895*
*                   3651            3922-7.7494878243-29           0.0+0
CQUAD4      2416       1    3922    3651    3586    1196   0.0+0   0.0+0
CQUAD4*             2417               1            1196            3586*
*                   3550            3920  2.175802044-29           0.0+0
CQUAD4*             2418               1            3920            3550*
*                   3522            1134-6.8638780544-29           0.0+0
CQUAD4      2419       1    1134    3522    3549    3918   0.0+0   0.0+0
CQUAD4      2420       1    3918    3549    3520    2659   0.0+0   0.0+0
CQUAD4*             2421               1            2659            3520*
*                   3548            3916  2.175802044-29           0.0+0
CQUAD4      2422       1    3916    3548    3518    3938   0.0+0   0.0+0
CQUAD4*             2423               1            3938            3518*
*                   3547            3914-6.8638780544-29           0.0+0
CQUAD4      2424       1    3914    3547    3516    3934   0.0+0   0.0+0
CQUAD4      2425       1    3934    3516    3546    2626   0.0+0   0.0+0
CQUAD4*             2426               1            2626            3546*
*                   3514            3910-3.2296477751-29           0.0+0
CQUAD4      2427       1    3910    3514    3545    3908   0.0+0   0.0+0
CQUAD4      2428       1    3882    3458    3456    3898   0.0+0   0.0+0
CQUAD4*             2429               1            3898            3456*
*                   3454            3842-8.8549165931-29           0.0+0
CQUAD4*             2430               1            3842            3454*
*                   3452            3897 1.5952022254-29           0.0+0
CQUAD4*             2431               1            3897            3452*
*                   3450            3881-4.3350765439-29           0.0+0
CQUAD4      2432       1    3881    3450    3448    3896   0.0+0   0.0+0
CQUAD4*             2433               1            3896            3448*
*                   3446            3840 1.5952022254-29           0.0+0
CQUAD4      2434       1    3840    3446    3444    3895   0.0+0   0.0+0
CQUAD4*             2435               1            3895            3444*
*                   3442            3651-8.8549165931-29           0.0+0
CQUAD4*             2436               1            3651            3442*
*                   3400            3586-1.5952022254-29           0.0+0
CQUAD4*             2437               1            3586            3400*
*                   3336            3550 1.5547006645-29           0.0+0
CQUAD4*             2438               1            3550            3336*
*                   3363            3522-4.3350765439-29           0.0+0
CQUAD4      2439       1    3522    3363    3334    3549   0.0+0   0.0+0
CQUAD4      2440       1    3549    3334    3362    3520   0.0+0   0.0+0
CQUAD4*             2441               1            3520            3362*
*                   3332            3548 1.5952022254-29           0.0+0
CQUAD4      2442       1    3548    3332    3361    3518   0.0+0   0.0+0
CQUAD4*             2443               1            3518            3361*
*                   3330            3547-4.3350765439-29           0.0+0
CQUAD4      2444       1    3547    3330    3318    3516   0.0+0   0.0+0
CQUAD4      2445       1    3516    3318    3360    3546   0.0+0   0.0+0
CQUAD4*             2446               1            3546            3360*
*                   3328            3514-2.9246378237-29           0.0+0
CQUAD4      2447       1    3514    3328    3416    3545   0.0+0   0.0+0
CQUAD4*             2448               1            3458            3322*
*                   3356            3456 1.1693058944-30           0.0+0
CQUAD4*             2449               1            3456            3356*
*                   3346            3454-1.6051947162-30           0.0+0
CQUAD4*             2450               1            3454            3346*
*                   3344            3452 5.6096757075-30           0.0+0
CQUAD4*             2451               1            3452            3344*
*                   3320            3450 3.8096427305-29           0.0+0
CQUAD4*             2452               1            3450            3320*
*                   3355            3448-2.8647568893-30           0.0+0
CQUAD4      2453       1    3448    3355    3342    3446   0.0+0   0.0+0
CQUAD4      2454       1    3446    3342    3214    3444   0.0+0   0.0+0
CQUAD4*             2455               1            3444            3214*
*                   3140            3442 -5.230037368-29           0.0+0
CQUAD4*             2456               1            3442            3140*
*                   3172            3400 4.5129489089-30           0.0+0
CQUAD4*             2457               1            3400            3172*
*                   3138            3336-1.0312740345-29           0.0+0
CQUAD4      2458       1    3336    3138    3171    3363   0.0+0   0.0+0
CQUAD4      2459       1    3363    3171    3136    3334   0.0+0   0.0+0
CQUAD4      2460       1    3334    3136    3170    3362   0.0+0   0.0+0
CQUAD4      2461       1    3362    3170    3134    3332   0.0+0   0.0+0
CQUAD4      2462       1    3332    3134    3169    3361   0.0+0   0.0+0
CQUAD4*             2463               1            3361            3169*
*                   3132            3330 3.8096427305-29           0.0+0
CQUAD4*             2464               1            3330            3132*
*                   3168            3318 5.6096757075-30           0.0+0
CQUAD4*             2465               1            3318            3168*
*                   3167            3360 3.8096427305-29           0.0+0
CQUAD4*             2466               1            3360            3167*
*                   3166            3328-2.8647568893-30           0.0+0
CQUAD4      2467       1    3328    3166    3165    3416   0.0+0   0.0+0
CQUAD4*             2468               1            3322            3086*
*                   3058            3356-4.8018565601-29           0.0+0
CQUAD4*             2469               1            3356            3058*
*                   3084            3346 2.0328033846-29           0.0+0
CQUAD4*             2470               1            3346            3084*
*                   3034            3344 6.5667499316-29           0.0+0
CQUAD4*             2471               1            3344            3034*
*                   3082            3320 1.2126481932-28           0.0+0
CQUAD4*             2472               1            3320            3082*
*                   3057            3355-2.4729301668-29           0.0+0
CQUAD4      2473       1    3355    3057    3080    3342   0.0+0   0.0+0
CQUAD4      2474       1    3342    3080    3032    3214   0.0+0   0.0+0
CQUAD4*             2475               1            3214            3032*
*                   3078            3140  2.393540533-29           0.0+0
CQUAD4      2476       1    3140    3078    3056    3172   0.0+0   0.0+0
CQUAD4*             2477               1            3172            3056*
*                   3076            3138 6.5667499316-29           0.0+0
CQUAD4      2478       1    3138    3076    3030    3171   0.0+0   0.0+0
CQUAD4      2479       1    3171    3030    3074    3136   0.0+0   0.0+0
CQUAD4      2480       1    3136    3074    3055    3170   0.0+0   0.0+0
CQUAD4      2481       1    3170    3055    3072    3134   0.0+0   0.0+0
CQUAD4      2482       1    3134    3072    3028    3169   0.0+0   0.0+0
CQUAD4*             2483               1            3169            3028*
*                   3070            3132 1.2126481932-28           0.0+0
CQUAD4*             2484               1            3132            3070*
*                   2981            3168 6.5667499316-29           0.0+0
CQUAD4*             2485               1            3168            2981*
*                   2928            3167 1.2126481932-28           0.0+0
CQUAD4*             2486               1            3167            2928*
*                   2927            3166-2.4729301668-29           0.0+0
CQUAD4      2487       1    3166    2927    2926    3165   0.0+0   0.0+0
CQUAD4      2488       1    3086    2832    2830    3058   0.0+0   0.0+0
CQUAD4      2489       1    3058    2830    2828    3084   0.0+0   0.0+0
CQUAD4      2490       1    3084    2828    2826    3034   0.0+0   0.0+0
CQUAD4      2491       1    3034    2826    2824    3082   0.0+0   0.0+0
CQUAD4      2492       1    3082    2824    2822    3057   0.0+0   0.0+0
CQUAD4      2493       1    3057    2822    2756    3080   0.0+0   0.0+0
CQUAD4      2494       1    3080    2756    2820    3032   0.0+0   0.0+0
CQUAD4      2495       1    3032    2820    2818    3078   0.0+0   0.0+0
CQUAD4      2496       1    3078    2818    2766    3056   0.0+0   0.0+0
CQUAD4      2497       1    3056    2766    2816    3076   0.0+0   0.0+0
CQUAD4      2498       1    3076    2816    2799    3030   0.0+0   0.0+0
CQUAD4      2499       1    3030    2799    2814    3074   0.0+0   0.0+0
CQUAD4      2500       1    3074    2814    2764    3055   0.0+0   0.0+0
CQUAD4      2501       1    3055    2764    2798    3072   0.0+0   0.0+0
CQUAD4      2502       1    3072    2798    2790    3028   0.0+0   0.0+0
CQUAD4      2503       1    3028    2790    2812    3070   0.0+0   0.0+0
CQUAD4      2504       1    3070    2812    2762    2981   0.0+0   0.0+0
CQUAD4      2505       1    2981    2762    2810    2928   0.0+0   0.0+0
CQUAD4      2506       1    2928    2810    2797    2927   0.0+0   0.0+0
CQUAD4      2507       1    2927    2797    2809    2926   0.0+0   0.0+0
CQUAD4      2508       1    2832    1930    2202    2830   0.0+0   0.0+0
CQUAD4      2509       1    2830    2202    1929    2828   0.0+0   0.0+0
CQUAD4      2510       1    2828    1929    1928    2826   0.0+0   0.0+0
CQUAD4      2511       1    2826    1928    1927    2824   0.0+0   0.0+0
CQUAD4      2512       1    2824    1927    1926    2822   0.0+0   0.0+0
CQUAD4      2513       1    2822    1926    1124    2756   0.0+0   0.0+0
CQUAD4      2514       1    2756    1124     574    2820   0.0+0   0.0+0
CQUAD4      2515       1    2820     574    1120    2818   0.0+0   0.0+0
CQUAD4      2516       1    2818    1120     573    2766   0.0+0   0.0+0
CQUAD4      2517       1    2766     573    1116    2816   0.0+0   0.0+0
CQUAD4      2518       1    2816    1116     572    2799   0.0+0   0.0+0
CQUAD4      2519       1    2799     572    1114    2814   0.0+0   0.0+0
CQUAD4      2520       1    2814    1114    1112    2764   0.0+0   0.0+0
CQUAD4      2521       1    2764    1112     860    2798   0.0+0   0.0+0
CQUAD4      2522       1    2798     860     859    2790   0.0+0   0.0+0
CQUAD4      2523       1    2790     859    2549    2812   0.0+0   0.0+0
CQUAD4      2524       1    2812    2549     858    2762   0.0+0   0.0+0
CQUAD4      2525       1    2762     858     857    2810   0.0+0   0.0+0
CQUAD4      2526       1    2810     857    2554    2797   0.0+0   0.0+0
CQUAD4      2527       1    2797    2554     856    2809   0.0+0   0.0+0
CQUAD4      2528       1    1930    2537     577    2202   0.0+0   0.0+0
CQUAD4      2529       1    2202     577    2551    1929   0.0+0   0.0+0
CQUAD4      2530       1    1929    2551     576    1928   0.0+0   0.0+0
CQUAD4      2531       1    1928     576    2550    1927   0.0+0   0.0+0
CQUAD4      2532       1    1927    2550    2535    1926   0.0+0   0.0+0
CQUAD4      2533       1    1926    2535    2421    1124   0.0+0   0.0+0
CQUAD4      2534       1    1124    2421    2337     574   0.0+0   0.0+0
CQUAD4      2535       1     574    2337    2348    1120   0.0+0   0.0+0
CQUAD4      2536       1    1120    2348    2349     573   0.0+0   0.0+0
CQUAD4      2537       1     573    2349    2335    1116   0.0+0   0.0+0
CQUAD4      2538       1    1116    2335    2347     572   0.0+0   0.0+0
CQUAD4      2539       1     572    2347    2333    1114   0.0+0   0.0+0
CQUAD4      2540       1    1114    2333    2346    1112   0.0+0   0.0+0
CQUAD4      2541       1    1112    2346    2331     860   0.0+0   0.0+0
CQUAD4      2542       1     860    2331    2345     859   0.0+0   0.0+0
CQUAD4      2543       1     859    2345    2327    2549   0.0+0   0.0+0
CQUAD4      2544       1    2549    2327    2325     858   0.0+0   0.0+0
CQUAD4      2545       1     858    2325    2323     857   0.0+0   0.0+0
CQUAD4      2546       1     857    2323    2321    2554   0.0+0   0.0+0
CQUAD4      2547       1    2554    2321    2319     856   0.0+0   0.0+0
CQUAD4      2548       1    2537    2241    2309     577   0.0+0   0.0+0
CQUAD4      2549       1     577    2309    2252    2551   0.0+0   0.0+0
CQUAD4      2550       1    2551    2252    2308     576   0.0+0   0.0+0
CQUAD4      2551       1     576    2308    2253    2550   0.0+0   0.0+0
CQUAD4      2552       1    2550    2253    2307    2535   0.0+0   0.0+0
CQUAD4      2553       1    2535    2307    2239    2421   0.0+0   0.0+0
CQUAD4      2554       1    2421    2239    2284    2337   0.0+0   0.0+0
CQUAD4      2555       1    2337    2284    2251    2348   0.0+0   0.0+0
CQUAD4      2556       1    2348    2251    2271    2349   0.0+0   0.0+0
CQUAD4      2557       1    2349    2271    2237    2335   0.0+0   0.0+0
CQUAD4      2558       1    2335    2237    2269    2347   0.0+0   0.0+0
CQUAD4      2559       1    2347    2269    2250    2333   0.0+0   0.0+0
CQUAD4      2560       1    2333    2250    2267    2346   0.0+0   0.0+0
CQUAD4      2561       1    2346    2267    2249    2331   0.0+0   0.0+0
CQUAD4      2562       1    2331    2249    2235    2345   0.0+0   0.0+0
CQUAD4      2563       1    2345    2235    2075    2327   0.0+0   0.0+0
CQUAD4      2564       1    2327    2075    2087    2325   0.0+0   0.0+0
CQUAD4      2565       1    2325    2087    2085    2323   0.0+0   0.0+0
CQUAD4      2566       1    2323    2085    2083    2321   0.0+0   0.0+0
CQUAD4      2567       1    2321    2083    2081    2319   0.0+0   0.0+0
CQUAD4      2568       1    2241    1977    1959    2309   0.0+0   0.0+0
CQUAD4      2569       1    2309    1959    1976    2252   0.0+0   0.0+0
CQUAD4      2570       1    2252    1976    1957    2308   0.0+0   0.0+0
CQUAD4      2571       1    2308    1957    1975    2253   0.0+0   0.0+0
CQUAD4      2572       1    2253    1975    1946    2307   0.0+0   0.0+0
CQUAD4      2573       1    2307    1946    1955    2239   0.0+0   0.0+0
CQUAD4      2574       1    2239    1955    1974    2284   0.0+0   0.0+0
CQUAD4      2575       1    2284    1974    2009    2251   0.0+0   0.0+0
CQUAD4      2576       1    2251    2009    1953    2271   0.0+0   0.0+0
CQUAD4      2577       1    2271    1953    2008    2237   0.0+0   0.0+0
CQUAD4      2578       1    2237    2008    1973    2269   0.0+0   0.0+0
CQUAD4      2579       1    2269    1973    2007    2250   0.0+0   0.0+0
CQUAD4      2580       1    2250    2007     296    2267   0.0+0   0.0+0
CQUAD4      2581       1    2267     296    2006    2249   0.0+0   0.0+0
CQUAD4      2582       1    2249    2006    1950    2235   0.0+0   0.0+0
CQUAD4      2583       1    2235    1950    2005    2075   0.0+0   0.0+0
CQUAD4      2584       1    2075    2005    1951    2087   0.0+0   0.0+0
CQUAD4      2585       1    2087    1951    1982    2085   0.0+0   0.0+0
CQUAD4      2586       1    2085    1982     266    2083   0.0+0   0.0+0
CQUAD4      2587       1    2083     266    1969    2081   0.0+0   0.0+0
CQUAD4*             2588               1            1977            1744*
*                   1745            1959-6.6371255863-30           0.0+0
CQUAD4*             2589               1            1959            1745*
*                   1731            1976-6.6371255865-30           0.0+0
CQUAD4*             2590               1            1976            1731*
*                   1743            1957-6.6371255863-30           0.0+0
CQUAD4*             2591               1            1957            1743*
*                   1727            1975-6.6371255863-30           0.0+0
CQUAD4      2592       1    1975    1727    1725    1946   0.0+0   0.0+0
CQUAD4*             2593               1            1946            1725*
*                   1723            1955-6.6371255863-30           0.0+0
CQUAD4      2594       1    1955    1723    1721    1974   0.0+0   0.0+0
CQUAD4*             2595               1            1974            1721*
*                   1719            2009-6.6371255865-30           0.0+0
CQUAD4*             2596               1            2009            1719*
*                   1717            1953-6.6371255863-30           0.0+0
CQUAD4*             2597               1            1953            1717*
*                   1715            2008-6.6371255863-30           0.0+0
CQUAD4      2598       1    2008    1715    1701    1973   0.0+0   0.0+0
CQUAD4      2599       1    1973    1701    1713    2007   0.0+0   0.0+0
CQUAD4      2600       1    2007    1713    1711     296   0.0+0   0.0+0
CQUAD4      2601       1     296    1711    1710    2006   0.0+0   0.0+0
CQUAD4      2602       1    2006    1710    1568    1950   0.0+0   0.0+0
CQUAD4*             2603               1            1950            1568*
*                   1709            2005-6.6371255863-30           0.0+0
CQUAD4      2604       1    2005    1709    1708    1951   0.0+0   0.0+0
CQUAD4      2605       1    1951    1708    1638    1982   0.0+0   0.0+0
CQUAD4*             2606               1            1982            1638*
*                   1707             266-6.6371255865-30           0.0+0
CQUAD4      2607       1     266    1707    1672    1969   0.0+0   0.0+0
CQUAD4*             2608               1            1744            1632*
*                   1619            1745 4.6225397473-29           0.0+0
CQUAD4*             2609               1            1745            1619*
*                    268            1731 1.0269969813-30           0.0+0
CQUAD4*             2610               1            1731             268*
*                   1631            1743 4.6225397473-29           0.0+0
CQUAD4*             2611               1            1743            1631*
*                   1555            1727 3.6793524669-30           0.0+0
CQUAD4      2612       1    1727    1555    1459    1725   0.0+0   0.0+0
CQUAD4*             2613               1            1725            1459*
*                   2601            1723 4.6225397473-29           0.0+0
CQUAD4      2614       1    1723    2601    1408    1721   0.0+0   0.0+0
CQUAD4*             2615               1            1721            1408*
*                   1407            1719 1.0269969813-30           0.0+0
CQUAD4*             2616               1            1719            1407*
*                   1406            1717 4.6225397473-29           0.0+0
CQUAD4*             2617               1            1717            1406*
*                   1405            1715 3.6793524669-30           0.0+0
CQUAD4      2618       1    1715    1405    1404    1701   0.0+0   0.0+0
CQUAD4      2619       1    1701    1404    1403    1713   0.0+0   0.0+0
CQUAD4      2620       1    1713    1403    1402    1711   0.0+0   0.0+0
CQUAD4      2621       1    1711    1402    1401    1710   0.0+0   0.0+0
CQUAD4      2622       1    1710    1401    1363    1568   0.0+0   0.0+0
CQUAD4*             2623               1            1568            1363*
*                   1319            1709 4.6225397473-29           0.0+0
CQUAD4      2624       1    1709    1319    1317    1708   0.0+0   0.0+0
CQUAD4      2625       1    1708    1317    1315    1638   0.0+0   0.0+0
CQUAD4*             2626               1            1638            1315*
*                   1313            1707 1.0269969813-30           0.0+0
CQUAD4      2627       1    1707    1313    1311    1672   0.0+0   0.0+0
CQUAD4*             2628               1            1632            1298*
*                   1262            1619-7.8151378154-29           0.0+0
CQUAD4*             2629               1            1619            1262*
*                   1297             268 6.1161763749-29           0.0+0
CQUAD4*             2630               1             268            1297*
*                   1243            1631-7.8151378154-29           0.0+0
CQUAD4*             2631               1            1631            1243*
*                   1296            1555-6.6997556874-29           0.0+0
CQUAD4*             2632               1            1555            1296*
*                   1261            1459 1.5963363257-29           0.0+0
CQUAD4*             2633               1            1459            1261*
*                   1295            2601-6.6997556874-29           0.0+0
CQUAD4*             2634               1            2601            1295*
*                   1241            1408-7.8151378154-29           0.0+0
CQUAD4*             2635               1            1408            1241*
*                   1294            1407 6.1161763749-29           0.0+0
CQUAD4      2636       1    1407    1294    1260    1406   0.0+0   0.0+0
CQUAD4      2637       1    1406    1260    1293    1405   0.0+0   0.0+0
CQUAD4*             2638               1            1405            1293*
*                   1239            1404-7.8151378154-29           0.0+0
CQUAD4      2639       1    1404    1239    1292    1403   0.0+0   0.0+0
CQUAD4*             2640               1            1403            1292*
*                   1259            1402-6.6997556874-29           0.0+0
CQUAD4      2641       1    1402    1259    1087    1401   0.0+0   0.0+0
CQUAD4*             2642               1            1401            1087*
*                   1236            1363 1.5963363257-29           0.0+0
CQUAD4      2643       1    1363    1236    1069    1319   0.0+0   0.0+0
CQUAD4*             2644               1            1319            1069*
*                   1086            1317-6.6997556874-29           0.0+0
CQUAD4      2645       1    1317    1086    1005    1315   0.0+0   0.0+0
CQUAD4      2646       1    1315    1005    1085    1313   0.0+0   0.0+0
CQUAD4      2647       1    1313    1085    1023    1311   0.0+0   0.0+0
CQUAD4*             2648               1            1298            1058*
*                    998            1262-2.8787788371-29           0.0+0
CQUAD4*             2649               1            1262             998*
*                   1057            1297 1.1897611203-29           0.0+0
CQUAD4*             2650               1            1297            1057*
*                    999            1243-2.8787788371-29           0.0+0
CQUAD4*             2651               1            1243             999*
*                    903            1296 1.6410612121-29           0.0+0
CQUAD4*             2652               1            1296             903*
*                    799            1261 6.6122013531-29           0.0+0
CQUAD4*             2653               1            1261             799*
*                    817            1295 1.6410612121-29           0.0+0
CQUAD4*             2654               1            1295             817*
*                    797            1241-2.8787788371-29           0.0+0
CQUAD4*             2655               1            1241             797*
*                    300            1294 1.1897611203-29           0.0+0
CQUAD4      2656       1    1294     300     795    1260   0.0+0   0.0+0
CQUAD4      2657       1    1260     795     815    1293   0.0+0   0.0+0
CQUAD4*             2658               1            1293             815*
*                    781            1239-2.8787788371-29           0.0+0
CQUAD4      2659       1    1239     781     792    1292   0.0+0   0.0+0
CQUAD4*             2660               1            1292             792*
*                    793            1259 1.6410612121-29           0.0+0
CQUAD4      2661       1    1259     793     813    1087   0.0+0   0.0+0
CQUAD4*             2662               1            1087             813*
*                    779            1236 6.6122013531-29           0.0+0
CQUAD4      2663       1    1236     779     791    1069   0.0+0   0.0+0
CQUAD4*             2664               1            1069             791*
*                    777            1086 1.6410612121-29           0.0+0
CQUAD4      2665       1    1086     777     790    1005   0.0+0   0.0+0
CQUAD4      2666       1    1005     790     775    1085   0.0+0   0.0+0
CQUAD4      2667       1    1085     775     789    1023   0.0+0   0.0+0
CQUAD4      2668       1    1058     703     749     998   0.0+0   0.0+0
CQUAD4      2669       1     998     749     721    1057   0.0+0   0.0+0
CQUAD4      2670       1    1057     721     761     999   0.0+0   0.0+0
CQUAD4*             2671               1             999             761*
*                    701             903 1.3513711272-29           0.0+0
CQUAD4      2672       1     903     701     759     799   0.0+0   0.0+0
CQUAD4*             2673               1             799             759*
*                    720             817 1.3513711272-29           0.0+0
CQUAD4*             2674               1             817             720*
*                    758             797 1.3513711272-29           0.0+0
CQUAD4*             2675               1             797             758*
*                    699             300-2.8520959147-29           0.0+0
CQUAD4*             2676               1             300             699*
*                    757             795 1.3513711272-29           0.0+0
CQUAD4*             2677               1             795             757*
*                    719             815 1.3513711272-29           0.0+0
CQUAD4      2678       1     815     719     756     781   0.0+0   0.0+0
CQUAD4      2679       1     781     756     685     792   0.0+0   0.0+0
CQUAD4      2680       1     792     685     755     793   0.0+0   0.0+0
CQUAD4      2681       1     793     755     641     813   0.0+0   0.0+0
CQUAD4*             2682               1             813             641*
*                    560             779 5.5548381691-29           0.0+0
CQUAD4*             2683               1             779             560*
*                    558             791 1.3513711272-29           0.0+0
CQUAD4*             2684               1             791             558*
*                    556             777 1.3513711272-29           0.0+0
CQUAD4*             2685               1             777             556*
*                    541             790 1.3513711272-29           0.0+0
CQUAD4*             2686               1             790             541*
*                    554             775 5.5548381691-29           0.0+0
CQUAD4*             2687               1             775             554*
*                    552             789 1.3513711272-29           0.0+0
CQUAD4      2688       1     703    2608     566     749   0.0+0   0.0+0
CQUAD4      2689       1     749     566     628     721   0.0+0   0.0+0
CQUAD4      2690       1     721     628     596     761   0.0+0   0.0+0
CQUAD4*             2691               1             761             596*
*                    467             701 -5.361953815-29           0.0+0
CQUAD4      2692       1     701     467     394     759   0.0+0   0.0+0
CQUAD4*             2693               1             759             394*
*                    395             720 1.3519833196-28           0.0+0
CQUAD4*             2694               1             720             395*
*                    381             758 -5.361953815-29           0.0+0
CQUAD4*             2695               1             758             381*
*                    393             699-4.5595270011-29           0.0+0
CQUAD4*             2696               1             699             393*
*                    379             757 -5.361953815-29           0.0+0
CQUAD4*             2697               1             757             379*
*                    392             719 1.3519833196-28           0.0+0
CQUAD4      2698       1     719     392     377     756   0.0+0   0.0+0
CQUAD4      2699       1     756     377     391     685   0.0+0   0.0+0
CQUAD4      2700       1     685     391     390     755   0.0+0   0.0+0
CQUAD4      2701       1     755     390     389     641   0.0+0   0.0+0
CQUAD4*             2702               1             641             389*
*                    388             560-2.0457539865-29           0.0+0
CQUAD4*             2703               1             560             388*
*                    387             558 1.3519833196-28           0.0+0
CQUAD4*             2704               1             558             387*
*                    386             556 -5.361953815-29           0.0+0
CQUAD4*             2705               1             556             386*
*                    385             541 1.3519833196-28           0.0+0
CQUAD4*             2706               1             541             385*
*                   2609             554-2.0457539865-29           0.0+0
CQUAD4      2707       1    2608     175     124     566   0.0+0   0.0+0
CQUAD4      2708       1     566     124     181     628   0.0+0   0.0+0
CQUAD4      2709       1     628     181     109     596   0.0+0   0.0+0
CQUAD4      2710       1     596     109     179     467   0.0+0   0.0+0
CQUAD4      2711       1     467     179     114     394   0.0+0   0.0+0
CQUAD4      2712       1     394     114     170     395   0.0+0   0.0+0
CQUAD4      2713       1     395     170     115     381   0.0+0   0.0+0
CQUAD4      2714       1     381     115     177     393   0.0+0   0.0+0
CQUAD4      2715       1     393     177     107     379   0.0+0   0.0+0
CQUAD4      2716       1     379     107     169     392   0.0+0   0.0+0
CQUAD4      2717       1     392     169     113     377   0.0+0   0.0+0
CQUAD4      2718       1     377     113     168     391   0.0+0   0.0+0
CQUAD4*             2719               1             391             168*
*                    101             390-2.6460141289-29           0.0+0
CQUAD4*             2720               1             390             101*
*                    158             389 3.3838712177-29           0.0+0
CQUAD4      2721       1     389     158     104     388   0.0+0   0.0+0
CQUAD4      2722       1     388     104     151     387   0.0+0   0.0+0
CQUAD4      2723       1     387     151    3674     386   0.0+0   0.0+0
CQUAD4      2724       1     386    3674    3689     385   0.0+0   0.0+0
CQUAD4      2725       1     385    3689    3691    2609   0.0+0   0.0+0
CQUAD4      2726       1    2609    3691    3693    2592   0.0+0   0.0+0
CQUAD4      2727       1     175    3740    3796     124   0.0+0   0.0+0
CQUAD4      2728       1     124    3796    3769     181   0.0+0   0.0+0
CQUAD4      2729       1     181    3769    3798     109   0.0+0   0.0+0
CQUAD4      2730       1     109    3798    3800     179   0.0+0   0.0+0
CQUAD4      2731       1     179    3800    1479     114   0.0+0   0.0+0
CQUAD4      2732       1     114    1479    3417     170   0.0+0   0.0+0
CQUAD4      2733       1     170    3417    2738     115   0.0+0   0.0+0
CQUAD4      2734       1     115    2738    2760     177   0.0+0   0.0+0
CQUAD4      2735       1     177    2760    3806     107   0.0+0   0.0+0
CQUAD4      2736       1     107    3806    2984     169   0.0+0   0.0+0
CQUAD4      2737       1     169    2984    3834     113   0.0+0   0.0+0
CQUAD4      2738       1     113    3834    2956     168   0.0+0   0.0+0
CQUAD4*             2739               1             168            2956*
*                   3810             101  1.584023226-29           0.0+0
CQUAD4*             2740               1             101            3810*
*                   1237             158 2.4413510482-29           0.0+0
CQUAD4      2741       1     158    1237    3835     104   0.0+0   0.0+0
CQUAD4      2742       1     104    3835    2950     151   0.0+0   0.0+0
CQUAD4      2743       1     151    2950    3812    3674   0.0+0   0.0+0
CQUAD4      2744       1    3674    3812    2985    3689   0.0+0   0.0+0
CQUAD4      2745       1    3689    2985    3836    3691   0.0+0   0.0+0
CQUAD4      2746       1    3691    3836    2924    3693   0.0+0   0.0+0
CQUAD4      2747       1    3740    2175    2651    3796   0.0+0   0.0+0
CQUAD4*             2748               1            3796            2651*
*                    333            3769-1.4941559482-29           0.0+0
CQUAD4*             2749               1            3769             333*
*                   1905            3798-6.0393021963-29           0.0+0
CQUAD4      2750       1    3798    1905    2649    3800   0.0+0   0.0+0
CQUAD4      2751       1    3800    2649     320    1479   0.0+0   0.0+0
CQUAD4      2752       1    1479     320    1635    3417   0.0+0   0.0+0
CQUAD4      2753       1    3417    1635    2647    2738   0.0+0   0.0+0
CQUAD4*             2754               1            2738            2647*
*                    331            2760-9.1191668972-30           0.0+0
CQUAD4*             2755               1            2760             331*
*                   2677            3806 3.6079233595-29           0.0+0
CQUAD4      2756       1    3806    2677    2733    2984   0.0+0   0.0+0
CQUAD4*             2757               1            2984            2733*
*                    299            3834 6.3899006332-31           0.0+0
CQUAD4      2758       1    3834     299    2676    2956   0.0+0   0.0+0
CQUAD4*             2759               1            2956            2676*
*                   2731            3810 3.6079233595-29           0.0+0
CQUAD4      2760       1    3810    2731    1139    1237   0.0+0   0.0+0
CQUAD4      2761       1    1237    1139    2675    3835   0.0+0   0.0+0
CQUAD4      2762       1    3835    2675    3940    2950   0.0+0   0.0+0
CQUAD4      2763       1    2950    3940    2687    3812   0.0+0   0.0+0
CQUAD4      2764       1    3812    2687    1137    2985   0.0+0   0.0+0
CQUAD4      2765       1    2985    1137    2674    3836   0.0+0   0.0+0
CQUAD4      2766       1    3836    2674    2665    2924   0.0+0   0.0+0
CQUAD4      2767       1    2175    1175    3946    2651   0.0+0   0.0+0
CQUAD4*             2768               1            2651            3946*
*                   3945             333-1.6871160849-29           0.0+0
CQUAD4*             2769               1             333            3945*
*                   3944            1905-1.4956641397-29           0.0+0
CQUAD4      2770       1    1905    3944    3943    2649   0.0+0   0.0+0
CQUAD4      2771       1    2649    3943    3942     320   0.0+0   0.0+0
CQUAD4      2772       1     320    3942    3899    1635   0.0+0   0.0+0
CQUAD4      2773       1    1635    3899    3876    2647   0.0+0   0.0+0
CQUAD4*             2774               1            2647            3876*
*                   3874             331-2.0022925894-29           0.0+0
CQUAD4*             2775               1             331            3874*
*                   3872            2677-9.2021669636-30           0.0+0
CQUAD4      2776       1    2677    3872    3870    2733   0.0+0   0.0+0
CQUAD4*             2777               1            2733            3870*
*                   3868             299-9.2021669636-30           0.0+0
CQUAD4      2778       1     299    3868    3866    2676   0.0+0   0.0+0
CQUAD4*             2779               1            2676            3866*
*                   3864            2731-9.2021669636-30           0.0+0
CQUAD4      2780       1    2731    3864    3862    1139   0.0+0   0.0+0
CQUAD4      2781       1    1139    3862    3860    2675   0.0+0   0.0+0
CQUAD4      2782       1    2675    3860    3858    3940   0.0+0   0.0+0
CQUAD4      2783       1    3940    3858    3856    2687   0.0+0   0.0+0
CQUAD4      2784       1    2687    3856    3854    1137   0.0+0   0.0+0
CQUAD4      2785       1    1137    3854    3852    2674   0.0+0   0.0+0
CQUAD4      2786       1    2674    3852    3850    2665   0.0+0   0.0+0
CQUAD4      2787       1    1175    3833    3832    3946   0.0+0   0.0+0
CQUAD4      2788       1    3946    3832    3831    3945   0.0+0   0.0+0
CQUAD4      2789       1    3945    3831    3830    3944   0.0+0   0.0+0
CQUAD4      2790       1    3944    3830    3829    3943   0.0+0   0.0+0
CQUAD4      2791       1    3943    3829    3828    3942   0.0+0   0.0+0
CQUAD4      2792       1    3942    3828    3827    3899   0.0+0   0.0+0
CQUAD4      2793       1    3899    3827    3826    3876   0.0+0   0.0+0
CQUAD4      2794       1    3876    3826    3825    3874   0.0+0   0.0+0
CQUAD4      2795       1    3874    3825    3824    3872   0.0+0   0.0+0
CQUAD4      2796       1    3872    3824    3823    3870   0.0+0   0.0+0
CQUAD4      2797       1    3870    3823    3822    3868   0.0+0   0.0+0
CQUAD4      2798       1    3868    3822    3821    3866   0.0+0   0.0+0
CQUAD4      2799       1    3866    3821    3820    3864   0.0+0   0.0+0
CQUAD4      2800       1    3864    3820    3819    3862   0.0+0   0.0+0
CQUAD4      2801       1    3862    3819    3818    3860   0.0+0   0.0+0
CQUAD4      2802       1    3860    3818    3775    3858   0.0+0   0.0+0
CQUAD4      2803       1    3858    3775    3752    3856   0.0+0   0.0+0
CQUAD4      2804       1    3856    3752    3750    3854   0.0+0   0.0+0
CQUAD4      2805       1    3854    3750    3748    3852   0.0+0   0.0+0
CQUAD4      2806       1    3852    3748    3746    3850   0.0+0   0.0+0
CQUAD4      2807       1    3833    3724    3722    3832   0.0+0   0.0+0
CQUAD4      2808       1    3832    3722    3720    3831   0.0+0   0.0+0
CQUAD4      2809       1    3831    3720    3718    3830   0.0+0   0.0+0
CQUAD4      2810       1    3830    3718    3716    3829   0.0+0   0.0+0
CQUAD4      2811       1    3829    3716    2628    3828   0.0+0   0.0+0
CQUAD4      2812       1    3828    2628    3714    3827   0.0+0   0.0+0
CQUAD4      2813       1    3827    3714    3712    3826   0.0+0   0.0+0
CQUAD4      2814       1    3826    3712    3711    3825   0.0+0   0.0+0
CQUAD4      2815       1    3825    3711    3710    3824   0.0+0   0.0+0
CQUAD4      2816       1    3824    3710    3709    3823   0.0+0   0.0+0
CQUAD4      2817       1    3823    3709    3708    3822   0.0+0   0.0+0
CQUAD4      2818       1    3822    3708    3707    3821   0.0+0   0.0+0
CQUAD4      2819       1    3821    3707    3706    3820   0.0+0   0.0+0
CQUAD4      2820       1    3820    3706    3705    3819   0.0+0   0.0+0
CQUAD4      2821       1    3819    3705    3704    3818   0.0+0   0.0+0
CQUAD4      2822       1    3818    3704    3703    3775   0.0+0   0.0+0
CQUAD4      2823       1    3775    3703    3702    3752   0.0+0   0.0+0
CQUAD4      2824       1    3752    3702    3701    3750   0.0+0   0.0+0
CQUAD4      2825       1    3750    3701    3700    3748   0.0+0   0.0+0
CQUAD4      2826       1    3748    3700    3699    3746   0.0+0   0.0+0
CQUAD4      2827       1    3724    3584    3582    3722   0.0+0   0.0+0
CQUAD4      2828       1    3722    3582    3580    3720   0.0+0   0.0+0
CQUAD4      2829       1    3720    3580    3578    3718   0.0+0   0.0+0
CQUAD4      2830       1    3718    3578    3576    3716   0.0+0   0.0+0
CQUAD4      2831       1    3716    3576    3574    2628   0.0+0   0.0+0
CQUAD4      2832       1    2628    3574    3572    3714   0.0+0   0.0+0
CQUAD4      2833       1    3714    3572    3570    3712   0.0+0   0.0+0
CQUAD4      2834       1    3712    3570    3568    3711   0.0+0   0.0+0
CQUAD4      2835       1    3711    3568    3566    3710   0.0+0   0.0+0
CQUAD4      2836       1    3710    3566    3564    3709   0.0+0   0.0+0
CQUAD4      2837       1    3709    3564    3562    3708   0.0+0   0.0+0
CQUAD4      2838       1    3708    3562    3560    3707   0.0+0   0.0+0
CQUAD4      2839       1    3707    3560    3558    3706   0.0+0   0.0+0
CQUAD4      2840       1    3706    3558    3534    3705   0.0+0   0.0+0
CQUAD4      2841       1    3705    3534    3556    3704   0.0+0   0.0+0
CQUAD4      2842       1    3704    3556    3532    3703   0.0+0   0.0+0
CQUAD4      2843       1    3703    3532    3530    3702   0.0+0   0.0+0
CQUAD4      2844       1    3702    3530    3528    3701   0.0+0   0.0+0
CQUAD4      2845       1    3701    3528    3526    3700   0.0+0   0.0+0
CQUAD4      2846       1    3700    3526    3524    3699   0.0+0   0.0+0
CQUAD4      2847       1    3584    3502    3500    3582   0.0+0   0.0+0
CQUAD4      2848       1    3582    3500    3498    3580   0.0+0   0.0+0
CQUAD4      2849       1    3580    3498    3496    3578   0.0+0   0.0+0
CQUAD4      2850       1    3578    3496    3472    3576   0.0+0   0.0+0
CQUAD4      2851       1    3576    3472    3494    3574   0.0+0   0.0+0
CQUAD4      2852       1    3574    3494    3492    3572   0.0+0   0.0+0
CQUAD4      2853       1    3572    3492    3491    3570   0.0+0   0.0+0
CQUAD4      2854       1    3570    3491    3490    3568   0.0+0   0.0+0
CQUAD4      2855       1    3568    3490    3489    3566   0.0+0   0.0+0
CQUAD4      2856       1    3566    3489    3488    3564   0.0+0   0.0+0
CQUAD4      2857       1    3564    3488    3487    3562   0.0+0   0.0+0
CQUAD4      2858       1    3562    3487    3486    3560   0.0+0   0.0+0
CQUAD4      2859       1    3560    3486    3485    3558   0.0+0   0.0+0
CQUAD4      2860       1    3558    3485    3484    3534   0.0+0   0.0+0
CQUAD4      2861       1    3534    3484    3483    3556   0.0+0   0.0+0
CQUAD4      2862       1    3556    3483    3482    3532   0.0+0   0.0+0
CQUAD4      2863       1    3532    3482    3481    3530   0.0+0   0.0+0
CQUAD4      2864       1    3530    3481    3480    3528   0.0+0   0.0+0
CQUAD4      2865       1    3528    3480    3479    3526   0.0+0   0.0+0
CQUAD4      2866       1    3526    3479    3478    3524   0.0+0   0.0+0
CQUAD4      2867       1    3502    3398    3396    3500   0.0+0   0.0+0
CQUAD4      2868       1    3500    3396    3394    3498   0.0+0   0.0+0
CQUAD4      2869       1    3498    3394    3392    3496   0.0+0   0.0+0
CQUAD4      2870       1    3496    3392    3390    3472   0.0+0   0.0+0
CQUAD4      2871       1    3472    3390    3388    3494   0.0+0   0.0+0
CQUAD4      2872       1    3494    3388    3386    3492   0.0+0   0.0+0
CQUAD4      2873       1    3492    3386    3384    3491   0.0+0   0.0+0
CQUAD4      2874       1    3491    3384    3382    3490   0.0+0   0.0+0
CQUAD4      2875       1    3490    3382    3380    3489   0.0+0   0.0+0
CQUAD4      2876       1    3489    3380    3378    3488   0.0+0   0.0+0
CQUAD4      2877       1    3488    3378    3376    3487   0.0+0   0.0+0
CQUAD4      2878       1    3487    3376    3374    3486   0.0+0   0.0+0
CQUAD4      2879       1    3486    3374    3372    3485   0.0+0   0.0+0
CQUAD4      2880       1    3485    3372    3348    3484   0.0+0   0.0+0
CQUAD4      2881       1    3484    3348    3370    3483   0.0+0   0.0+0
CQUAD4      2882       1    3483    3370    3368    3482   0.0+0   0.0+0
CQUAD4      2883       1    3482    3368    3367    3481   0.0+0   0.0+0
CQUAD4      2884       1    3481    3367    3366    3480   0.0+0   0.0+0
CQUAD4      2885       1    3480    3366    3365    3479   0.0+0   0.0+0
CQUAD4      2886       1    3479    3365    3364    3478   0.0+0   0.0+0
CQUAD4      2887       1    3398    3353    3352    3396   0.0+0   0.0+0
CQUAD4      2888       1    3396    3352    3351    3394   0.0+0   0.0+0
CQUAD4      2889       1    3394    3351    3350    3392   0.0+0   0.0+0
CQUAD4      2890       1    3392    3350    3307    3390   0.0+0   0.0+0
CQUAD4      2891       1    3390    3307    3284    3388   0.0+0   0.0+0
CQUAD4      2892       1    3388    3284    3282    3386   0.0+0   0.0+0
CQUAD4      2893       1    3386    3282    3280    3384   0.0+0   0.0+0
CQUAD4      2894       1    3384    3280    3278    3382   0.0+0   0.0+0
CQUAD4      2895       1    3382    3278    3276    3380   0.0+0   0.0+0
CQUAD4      2896       1    3380    3276    3274    3378   0.0+0   0.0+0
CQUAD4      2897       1    3378    3274    3272    3376   0.0+0   0.0+0
CQUAD4      2898       1    3376    3272    3270    3374   0.0+0   0.0+0
CQUAD4      2899       1    3374    3270    3268    3372   0.0+0   0.0+0
CQUAD4      2900       1    3372    3268    3266    3348   0.0+0   0.0+0
CQUAD4      2901       1    3348    3266    3264    3370   0.0+0   0.0+0
CQUAD4      2902       1    3370    3264    3262    3368   0.0+0   0.0+0
CQUAD4      2903       1    3368    3262    3260    3367   0.0+0   0.0+0
CQUAD4      2904       1    3367    3260    3258    3366   0.0+0   0.0+0
CQUAD4      2905       1    3366    3258    3256    3365   0.0+0   0.0+0
CQUAD4      2906       1    3365    3256    3254    3364   0.0+0   0.0+0
CQUAD4      2907       1    3353    3239    3238    3352   0.0+0   0.0+0
CQUAD4      2908       1    3352    3238    3237    3351   0.0+0   0.0+0
CQUAD4      2909       1    3351    3237    3236    3350   0.0+0   0.0+0
CQUAD4      2910       1    3350    3236    3235    3307   0.0+0   0.0+0
CQUAD4      2911       1    3307    3235    3234    3284   0.0+0   0.0+0
CQUAD4      2912       1    3284    3234    3233    3282   0.0+0   0.0+0
CQUAD4      2913       1    3282    3233    3232    3280   0.0+0   0.0+0
CQUAD4      2914       1    3280    3232    3231    3278   0.0+0   0.0+0
CQUAD4      2915       1    3278    3231    3230    3276   0.0+0   0.0+0
CQUAD4      2916       1    3276    3230    3229    3274   0.0+0   0.0+0
CQUAD4      2917       1    3274    3229    3228    3272   0.0+0   0.0+0
CQUAD4      2918       1    3272    3228    3227    3270   0.0+0   0.0+0
CQUAD4      2919       1    3270    3227    3226    3268   0.0+0   0.0+0
CQUAD4      2920       1    3268    3226    3183    3266   0.0+0   0.0+0
CQUAD4      2921       1    3266    3183    3160    3264   0.0+0   0.0+0
CQUAD4      2922       1    3264    3160    3158    3262   0.0+0   0.0+0
CQUAD4      2923       1    3262    3158    3156    3260   0.0+0   0.0+0
CQUAD4      2924       1    3260    3156    3154    3258   0.0+0   0.0+0
CQUAD4      2925       1    3258    3154    3152    3256   0.0+0   0.0+0
CQUAD4      2926       1    3256    3152    3150    3254   0.0+0   0.0+0
CQUAD4*             2927               1            3239            3128*
*                   3126            3238-1.5176874166-29           0.0+0
CQUAD4*             2928               1            3238            3126*
*                   3124            3237 8.0043137762-30           0.0+0
CQUAD4*             2929               1            3237            3124*
*                   3100            3236-1.5176874166-29           0.0+0
CQUAD4*             2930               1            3236            3100*
*                   3122            3235-7.4955788304-30           0.0+0
CQUAD4*             2931               1            3235            3122*
*                   3120            3234 3.2021257111-30           0.0+0
CQUAD4      2932       1    3234    3120    3119    3233   0.0+0   0.0+0
CQUAD4      2933       1    3233    3119    3118    3232   0.0+0   0.0+0
CQUAD4      2934       1    3232    3118    3117    3231   0.0+0   0.0+0
CQUAD4*             2935               1            3231            3117*
*                   3116            3230-7.9712625538-30           0.0+0
CQUAD4*             2936               1            3230            3116*
*                   3115            3229 4.0106411959-30           0.0+0
CQUAD4*             2937               1            3229            3115*
*                   3114            3228 -1.459488647-29           0.0+0
CQUAD4*             2938               1            3228            3114*
*                   3113            3227-3.2952863468-30           0.0+0
CQUAD4      2939       1    3227    3113    3112    3226   0.0+0   0.0+0
CQUAD4      2940       1    3226    3112    3111    3183   0.0+0   0.0+0
CQUAD4      2941       1    3183    3111    3110    3160   0.0+0   0.0+0
CQUAD4*             2942               1            3160            3110*
*                   3109            3158 -1.459488647-29           0.0+0
CQUAD4*             2943               1            3158            3109*
*                   3108            3156-1.5176874166-29           0.0+0
CQUAD4*             2944               1            3156            3108*
*                   3107            3154 -1.459488647-29           0.0+0
CQUAD4*             2945               1            3154            3107*
*                   3106            3152-3.2952863468-30           0.0+0
CQUAD4*             2946               1            3152            3106*
*                   3105            3150 -1.459488647-29           0.0+0
CQUAD4*             2947               1            3128            3024*
*                   3022            3126-6.2055094107-30           0.0+0
CQUAD4*             2948               1            3126            3022*
*                   3020            3124  -6.90967256-30           0.0+0
CQUAD4*             2949               1            3124            3020*
*                   3018            3100-6.2055094107-30           0.0+0
CQUAD4*             2950               1            3100            3018*
*                   3016            3122 3.9936753556-29           0.0+0
CQUAD4*             2951               1            3122            3016*
*                   3014            3120 1.1572032919-29           0.0+0
CQUAD4      2952       1    3120    3014    3012    3119   0.0+0   0.0+0
CQUAD4      2953       1    3119    3012    3010    3118   0.0+0   0.0+0
CQUAD4*             2954               1            3118            3010*
*                   3008            3117-2.7768041617-29           0.0+0
CQUAD4*             2955               1            3117            3008*
*                   3006            3116  2.500876369-30           0.0+0
CQUAD4*             2956               1            3116            3006*
*                   3004            3115-7.1772679669-31           0.0+0
CQUAD4*             2957               1            3115            3004*
*                   3002            3114-1.7505109534-29           0.0+0
CQUAD4*             2958               1            3114            3002*
*                   3000            3113 8.6278126005-31           0.0+0
CQUAD4*             2959               1            3113            3000*
*                   2976            3112-5.0916944844-30           0.0+0
CQUAD4      2960       1    3112    2976    2998    3111   0.0+0   0.0+0
CQUAD4      2961       1    3111    2998    2996    3110   0.0+0   0.0+0
CQUAD4*             2962               1            3110            2996*
*                   2995            3109-1.7505109534-29           0.0+0
CQUAD4*             2963               1            3109            2995*
*                   2994            3108-6.2055094107-30           0.0+0
CQUAD4*             2964               1            3108            2994*
*                   2993            3107-1.7505109534-29           0.0+0
CQUAD4*             2965               1            3107            2993*
*                   2992            3106  6.502417011-30           0.0+0
CQUAD4*             2966               1            3106            2992*
*                   2991            3105-1.7505109534-29           0.0+0
CQUAD4      2967       1    3024    2980    2979    3022   0.0+0   0.0+0
CQUAD4      2968       1    3022    2979    2978    3020   0.0+0   0.0+0
CQUAD4      2969       1    3020    2978    2935    3018   0.0+0   0.0+0
CQUAD4*             2970               1            3018            2935*
*                   2912            3016 6.3515227823-30           0.0+0
CQUAD4*             2971               1            3016            2912*
*                   2910            3014-4.9687162442-30           0.0+0
CQUAD4      2972       1    3014    2910    2908    3012   0.0+0   0.0+0
CQUAD4      2973       1    3012    2908    2906    3010   0.0+0   0.0+0
CQUAD4*             2974               1            3010            2906*
*                   2904            3008 8.4927092397-30           0.0+0
CQUAD4*             2975               1            3008            2904*
*                   2902            3006 8.5339870468-30           0.0+0
CQUAD4      2976       1    3006    2902    2900    3004   0.0+0   0.0+0
CQUAD4*             2977               1            3004            2900*
*                   2898            3002 6.3515227823-30           0.0+0
CQUAD4*             2978               1            3002            2898*
*                   2896            3000  2.012982237-30           0.0+0
CQUAD4*             2979               1            3000            2896*
*                   2894            2976 3.5652708026-30           0.0+0
CQUAD4      2980       1    2976    2894    2892    2998   0.0+0   0.0+0
CQUAD4      2981       1    2998    2892    2890    2996   0.0+0   0.0+0
CQUAD4      2982       1    2996    2890    2888    2995   0.0+0   0.0+0
CQUAD4      2983       1    2995    2888    2886    2994   0.0+0   0.0+0
CQUAD4      2984       1    2994    2886    2884    2993   0.0+0   0.0+0
CQUAD4      2985       1    2993    2884    2882    2992   0.0+0   0.0+0
CQUAD4      2986       1    2992    2882    2880    2991   0.0+0   0.0+0
CQUAD4      2987       1    2980    2866    2865    2979   0.0+0   0.0+0
CQUAD4      2988       1    2979    2865    2864    2978   0.0+0   0.0+0
CQUAD4      2989       1    2978    2864    2863    2935   0.0+0   0.0+0
CQUAD4*             2990               1            2935            2863*
*                   2862            2912 2.9444978994-30           0.0+0
CQUAD4*             2991               1            2912            2862*
*                   2861            2910-2.6280078146-30           0.0+0
CQUAD4      2992       1    2910    2861    2860    2908   0.0+0   0.0+0
CQUAD4      2993       1    2908    2860    2859    2906   0.0+0   0.0+0
CQUAD4*             2994               1            2906            2859*
*                   2858            2904-3.0217922469-30           0.0+0
CQUAD4*             2995               1            2904            2858*
*                   2857            2902-3.0990865943-30           0.0+0
CQUAD4*             2996               1            2902            2857*
*                   2856            2900-2.9444978994-30           0.0+0
CQUAD4*             2997               1            2900            2856*
*                   2855            2898 1.1082147341-29           0.0+0
CQUAD4*             2998               1            2898            2855*
*                   2854            2896  2.306317385-31           0.0+0
CQUAD4*             2999               1            2896            2854*
*                   2811            2894-1.1383483949-29           0.0+0
CQUAD4*             3000               1            2894            2811*
*                   2788            2892-3.0990865943-30           0.0+0
CQUAD4      3001       1    2892    2788    2786    2890   0.0+0   0.0+0
CQUAD4      3002       1    2890    2786    2784    2888   0.0+0   0.0+0
CQUAD4      3003       1    2888    2784    2782    2886   0.0+0   0.0+0
CQUAD4      3004       1    2886    2782    2780    2884   0.0+0   0.0+0
CQUAD4      3005       1    2884    2780    2778    2882   0.0+0   0.0+0
CQUAD4      3006       1    2882    2778    2776    2880   0.0+0   0.0+0
CQUAD4      3007       1    2866    2606    2793    2865   0.0+0   0.0+0
CQUAD4      3008       1    2865    2793    2792    2864   0.0+0   0.0+0
CQUAD4      3009       1    2864    2792    2749    2863   0.0+0   0.0+0
CQUAD4      3010       1    2863    2749    2726    2862   0.0+0   0.0+0
CQUAD4      3011       1    2862    2726    2724    2861   0.0+0   0.0+0
CQUAD4      3012       1    2861    2724    2722    2860   0.0+0   0.0+0
CQUAD4      3013       1    2860    2722    2720    2859   0.0+0   0.0+0
CQUAD4*             3014               1            2859            2720*
*                   2718            2858 3.6408254686-30           0.0+0
CQUAD4*             3015               1            2858            2718*
*                   2716            2857-2.0698526108-30           0.0+0
CQUAD4*             3016               1            2857            2716*
*                   2714            2856 3.5190694327-30           0.0+0
CQUAD4      3017       1    2856    2714    2712    2855   0.0+0   0.0+0
CQUAD4*             3018               1            2855            2712*
*                   2710            2854-2.1307306288-30           0.0+0
CQUAD4*             3019               1            2854            2710*
*                   2708            2811 3.5190694327-30           0.0+0
CQUAD4*             3020               1            2811            2708*
*                   2706            2788-2.0698526108-30           0.0+0
CQUAD4      3021       1    2788    2706    2704    2786   0.0+0   0.0+0
CQUAD4      3022       1    2786    2704    2702    2784   0.0+0   0.0+0
CQUAD4      3023       1    2784    2702    2700    2782   0.0+0   0.0+0
CQUAD4      3024       1    2782    2700    2698    2780   0.0+0   0.0+0
CQUAD4      3025       1    2780    2698    2607    2778   0.0+0   0.0+0
CQUAD4      3026       1    2606     258    2463    2793   0.0+0   0.0+0
CQUAD4      3027       1    2793    2463    2198    2792   0.0+0   0.0+0
CQUAD4      3028       1    2792    2198    2480    2749   0.0+0   0.0+0
CQUAD4      3029       1    2749    2480    2210    2726   0.0+0   0.0+0
CQUAD4      3030       1    2726    2210    2194    2724   0.0+0   0.0+0
CQUAD4      3031       1    2724    2194    2476    2722   0.0+0   0.0+0
CQUAD4      3032       1    2722    2476    2208    2720   0.0+0   0.0+0
CQUAD4      3033       1    2720    2208    1939    2718   0.0+0   0.0+0
CQUAD4      3034       1    2718    1939    2472    2716   0.0+0   0.0+0
CQUAD4      3035       1    2716    2472    2206    2714   0.0+0   0.0+0
CQUAD4      3036       1    2714    2206    1935    2712   0.0+0   0.0+0
CQUAD4      3037       1    2712    1935    2468    2710   0.0+0   0.0+0
CQUAD4      3038       1    2710    2468    2204    2708   0.0+0   0.0+0
CQUAD4      3039       1    2708    2204    1668    2706   0.0+0   0.0+0
CQUAD4      3040       1    2706    1668    1931    2704   0.0+0   0.0+0
CQUAD4      3041       1    2704    1931    1666    2702   0.0+0   0.0+0
CQUAD4      3042       1    2702    1666    1664    2700   0.0+0   0.0+0
CQUAD4      3043       1    2700    1664    1662    2698   0.0+0   0.0+0
CQUAD4      3044       1    2698    1662    1660    2607   0.0+0   0.0+0
CQUAD4      3045       1    2607    1660    1658    2590   0.0+0   0.0+0
CQUAD4      3046       1     258    1391    1390    2463   0.0+0   0.0+0
CQUAD4      3047       1    2463    1390    1389    2198   0.0+0   0.0+0
CQUAD4      3048       1    2198    1389    1388    2480   0.0+0   0.0+0
CQUAD4      3049       1    2480    1388    1387    2210   0.0+0   0.0+0
CQUAD4      3050       1    2210    1387    1113    2194   0.0+0   0.0+0
CQUAD4      3051       1    2194    1113     849    2476   0.0+0   0.0+0
CQUAD4      3052       1    2476     849     847    2208   0.0+0   0.0+0
CQUAD4      3053       1    2208     847     845    1939   0.0+0   0.0+0
CQUAD4      3054       1    1939     845     843    2472   0.0+0   0.0+0
CQUAD4      3055       1    2472     843     590    2206   0.0+0   0.0+0
CQUAD4      3056       1    2206     590     588    1935   0.0+0   0.0+0
CQUAD4      3057       1    1935     588     586    2468   0.0+0   0.0+0
CQUAD4      3058       1    2468     586     584    2204   0.0+0   0.0+0
CQUAD4      3059       1    2204     584     582    1668   0.0+0   0.0+0
CQUAD4      3060       1    1668     582     579    1931   0.0+0   0.0+0
CQUAD4      3061       1    1931     579    2575    1666   0.0+0   0.0+0
CQUAD4      3062       1    1666    2575    2573    1664   0.0+0   0.0+0
CQUAD4      3063       1    1664    2573    2571    1662   0.0+0   0.0+0
CQUAD4      3064       1    1662    2571    2569    1660   0.0+0   0.0+0
CQUAD4      3065       1    1660    2569    2567    1658   0.0+0   0.0+0
CQUAD4      3066       1    1391    2533    2531    1390   0.0+0   0.0+0
CQUAD4      3067       1    1390    2531    2529    1389   0.0+0   0.0+0
CQUAD4      3068       1    1389    2529    2527    1388   0.0+0   0.0+0
CQUAD4*             3069               1            1388            2527*
*                   2525            1387 1.5552873703-29           0.0+0
CQUAD4*             3070               1            1387            2525*
*                   2511            1113 4.2532735803-30           0.0+0
CQUAD4      3071       1    1113    2511    2523     849   0.0+0   0.0+0
CQUAD4      3072       1     849    2523    2521     847   0.0+0   0.0+0
CQUAD4      3073       1     847    2521    2520     845   0.0+0   0.0+0
CQUAD4*             3074               1             845            2520*
*                   2519             843 4.2532735803-30           0.0+0
CQUAD4*             3075               1             843            2519*
*                   2518             590-8.6882528723-30           0.0+0
CQUAD4      3076       1     590    2518    2517     588   0.0+0   0.0+0
CQUAD4      3077       1     588    2517    2516     586   0.0+0   0.0+0
CQUAD4      3078       1     586    2516    2515     584   0.0+0   0.0+0
CQUAD4      3079       1     584    2515    2514     582   0.0+0   0.0+0
CQUAD4      3080       1     582    2514    2513     579   0.0+0   0.0+0
CQUAD4      3081       1     579    2513    2490    2575   0.0+0   0.0+0
CQUAD4      3082       1    2575    2490     262    2573   0.0+0   0.0+0
CQUAD4      3083       1    2573     262    2460    2571   0.0+0   0.0+0
CQUAD4      3084       1    2571    2460    2458    2569   0.0+0   0.0+0
CQUAD4      3085       1    2569    2458    2456    2567   0.0+0   0.0+0
CQUAD4      3086       1    2533    2439    2438    2531   0.0+0   0.0+0
CQUAD4      3087       1    2531    2438    2437    2529   0.0+0   0.0+0
CQUAD4      3088       1    2529    2437    2436    2527   0.0+0   0.0+0
CQUAD4*             3089               1            2527            2436*
*                   2435            2525-7.1044010119-30           0.0+0
CQUAD4*             3090               1            2525            2435*
*                   2412            2511-7.8729393686-32           0.0+0
CQUAD4      3091       1    2511    2412    2433    2523   0.0+0   0.0+0
CQUAD4      3092       1    2523    2433    2411    2521   0.0+0   0.0+0
CQUAD4      3093       1    2521    2411    2410    2520   0.0+0   0.0+0
CQUAD4*             3094               1            2520            2410*
*                   2409            2519-4.3526578985-30           0.0+0
CQUAD4*             3095               1            2519            2409*
*                   2408            2518 -5.269905603-30           0.0+0
CQUAD4      3096       1    2518    2408    2407    2517   0.0+0   0.0+0
CQUAD4      3097       1    2517    2407    2406    2516   0.0+0   0.0+0
CQUAD4      3098       1    2516    2406    2405    2515   0.0+0   0.0+0
CQUAD4      3099       1    2515    2405    2404    2514   0.0+0   0.0+0
CQUAD4      3100       1    2514    2404    2403    2513   0.0+0   0.0+0
CQUAD4      3101       1    2513    2403    2380    2490   0.0+0   0.0+0
CQUAD4      3102       1    2490    2380    2367     262   0.0+0   0.0+0
CQUAD4      3103       1     262    2367    2365    2460   0.0+0   0.0+0
CQUAD4      3104       1    2460    2365    2363    2458   0.0+0   0.0+0
CQUAD4      3105       1    2458    2363    2361    2456   0.0+0   0.0+0
CQUAD4      3106       1    2439    2344    2343    2438   0.0+0   0.0+0
CQUAD4      3107       1    2438    2343    2342    2437   0.0+0   0.0+0
CQUAD4      3108       1    2437    2342    2341    2436   0.0+0   0.0+0
CQUAD4      3109       1    2436    2341    2340    2435   0.0+0   0.0+0
CQUAD4      3110       1    2435    2340    2339    2412   0.0+0   0.0+0
CQUAD4      3111       1    2412    2339    2316    2433   0.0+0   0.0+0
CQUAD4      3112       1    2433    2316    2303    2411   0.0+0   0.0+0
CQUAD4      3113       1    2411    2303    2301    2410   0.0+0   0.0+0
CQUAD4      3114       1    2410    2301    2299    2409   0.0+0   0.0+0
CQUAD4      3115       1    2409    2299    2297    2408   0.0+0   0.0+0
CQUAD4      3116       1    2408    2297    2295    2407   0.0+0   0.0+0
CQUAD4      3117       1    2407    2295    2293    2406   0.0+0   0.0+0
CQUAD4      3118       1    2406    2293    2291    2405   0.0+0   0.0+0
CQUAD4      3119       1    2405    2291    2289    2404   0.0+0   0.0+0
CQUAD4      3120       1    2404    2289    2287    2403   0.0+0   0.0+0
CQUAD4      3121       1    2403    2287    2273    2380   0.0+0   0.0+0
CQUAD4      3122       1    2380    2273    2285    2367   0.0+0   0.0+0
CQUAD4      3123       1    2367    2285    2283    2365   0.0+0   0.0+0
CQUAD4      3124       1    2365    2283    2282    2363   0.0+0   0.0+0
CQUAD4      3125       1    2363    2282    2281    2361   0.0+0   0.0+0
CQUAD4      3126       1    2344    2233    2231    2343   0.0+0   0.0+0
CQUAD4      3127       1    2343    2231    2229    2342   0.0+0   0.0+0
CQUAD4      3128       1    2342    2229    2227    2341   0.0+0   0.0+0
CQUAD4      3129       1    2341    2227    2225    2340   0.0+0   0.0+0
CQUAD4      3130       1    2340    2225    2223    2339   0.0+0   0.0+0
CQUAD4      3131       1    2339    2223     295    2316   0.0+0   0.0+0
CQUAD4      3132       1    2316     295    2221    2303   0.0+0   0.0+0
CQUAD4      3133       1    2303    2221    2219    2301   0.0+0   0.0+0
CQUAD4      3134       1    2301    2219    2218    2299   0.0+0   0.0+0
CQUAD4      3135       1    2299    2218    2217    2297   0.0+0   0.0+0
CQUAD4      3136       1    2297    2217    2216    2295   0.0+0   0.0+0
CQUAD4      3137       1    2295    2216    2215    2293   0.0+0   0.0+0
CQUAD4      3138       1    2293    2215    2214    2291   0.0+0   0.0+0
CQUAD4      3139       1    2291    2214    2213    2289   0.0+0   0.0+0
CQUAD4      3140       1    2289    2213    2212    2287   0.0+0   0.0+0
CQUAD4      3141       1    2287    2212    2211    2273   0.0+0   0.0+0
CQUAD4      3142       1    2273    2211    2173    2285   0.0+0   0.0+0
CQUAD4      3143       1    2285    2173    2159    2283   0.0+0   0.0+0
CQUAD4      3144       1    2283    2159    2157    2282   0.0+0   0.0+0
CQUAD4      3145       1    2282    2157    2155    2281   0.0+0   0.0+0
CQUAD4      3146       1    2233    2123    2121    2231   0.0+0   0.0+0
CQUAD4      3147       1    2231    2121    2119    2229   0.0+0   0.0+0
CQUAD4      3148       1    2229    2119    2117    2227   0.0+0   0.0+0
CQUAD4      3149       1    2227    2117    2115    2225   0.0+0   0.0+0
CQUAD4      3150       1    2225    2115    2113    2223   0.0+0   0.0+0
CQUAD4      3151       1    2223    2113    2099     295   0.0+0   0.0+0
CQUAD4      3152       1     295    2099    2111    2221   0.0+0   0.0+0
CQUAD4      3153       1    2221    2111    2109    2219   0.0+0   0.0+0
CQUAD4      3154       1    2219    2109    2108    2218   0.0+0   0.0+0
CQUAD4      3155       1    2218    2108    2107    2217   0.0+0   0.0+0
CQUAD4      3156       1    2217    2107    2106    2216   0.0+0   0.0+0
CQUAD4      3157       1    2216    2106    2105    2215   0.0+0   0.0+0
CQUAD4      3158       1    2215    2105    2104    2214   0.0+0   0.0+0
CQUAD4      3159       1    2214    2104    2103    2213   0.0+0   0.0+0
CQUAD4      3160       1    2213    2103    2102    2212   0.0+0   0.0+0
CQUAD4      3161       1    2212    2102    2101    2211   0.0+0   0.0+0
CQUAD4      3162       1    2211    2101    2078    2173   0.0+0   0.0+0
CQUAD4      3163       1    2173    2078    2065    2159   0.0+0   0.0+0
CQUAD4      3164       1    2159    2065    2063    2157   0.0+0   0.0+0
CQUAD4      3165       1    2157    2063    2061    2155   0.0+0   0.0+0
CQUAD4      3166       1    2123    2043    2042    2121   0.0+0   0.0+0
CQUAD4      3167       1    2121    2042    2041    2119   0.0+0   0.0+0
CQUAD4      3168       1    2119    2041    2040    2117   0.0+0   0.0+0
CQUAD4      3169       1    2117    2040    2039    2115   0.0+0   0.0+0
CQUAD4      3170       1    2115    2039    2038    2113   0.0+0   0.0+0
CQUAD4      3171       1    2113    2038    2037    2099   0.0+0   0.0+0
CQUAD4      3172       1    2099    2037    2014    2111   0.0+0   0.0+0
CQUAD4      3173       1    2111    2014    2001    2109   0.0+0   0.0+0
CQUAD4      3174       1    2109    2001    1999    2108   0.0+0   0.0+0
CQUAD4      3175       1    2108    1999    1997    2107   0.0+0   0.0+0
CQUAD4      3176       1    2107    1997    1995    2106   0.0+0   0.0+0
CQUAD4      3177       1    2106    1995    1993    2105   0.0+0   0.0+0
CQUAD4      3178       1    2105    1993    1991    2104   0.0+0   0.0+0
CQUAD4      3179       1    2104    1991    1989    2103   0.0+0   0.0+0
CQUAD4      3180       1    2103    1989    1987    2102   0.0+0   0.0+0
CQUAD4      3181       1    2102    1987    1985    2101   0.0+0   0.0+0
CQUAD4      3182       1    2101    1985    1971    2078   0.0+0   0.0+0
CQUAD4      3183       1    2078    1971    1983    2065   0.0+0   0.0+0
CQUAD4      3184       1    2065    1983    1981    2063   0.0+0   0.0+0
CQUAD4      3185       1    2063    1981    1980    2061   0.0+0   0.0+0
CQUAD4      3186       1    2043    1918    1916    2042   0.0+0   0.0+0
CQUAD4      3187       1    2042    1916    1914    2041   0.0+0   0.0+0
CQUAD4      3188       1    2041    1914    1912    2040   0.0+0   0.0+0
CQUAD4      3189       1    2040    1912    1910    2039   0.0+0   0.0+0
CQUAD4      3190       1    2039    1910    1908    2038   0.0+0   0.0+0
CQUAD4      3191       1    2038    1908    1906    2037   0.0+0   0.0+0
CQUAD4      3192       1    2037    1906    1891    2014   0.0+0   0.0+0
CQUAD4      3193       1    2014    1891    1904    2001   0.0+0   0.0+0
CQUAD4      3194       1    2001    1904    1902    1999   0.0+0   0.0+0
CQUAD4      3195       1    1999    1902    1901    1997   0.0+0   0.0+0
CQUAD4      3196       1    1997    1901    1900    1995   0.0+0   0.0+0
CQUAD4      3197       1    1995    1900    1899    1993   0.0+0   0.0+0
CQUAD4      3198       1    1993    1899    1898    1991   0.0+0   0.0+0
CQUAD4      3199       1    1991    1898    1897    1989   0.0+0   0.0+0
CQUAD4      3200       1    1989    1897    1896    1987   0.0+0   0.0+0
CQUAD4      3201       1    1987    1896    1895    1985   0.0+0   0.0+0
CQUAD4      3202       1    1985    1895    1872    1971   0.0+0   0.0+0
CQUAD4      3203       1    1971    1872    1893    1983   0.0+0   0.0+0
CQUAD4      3204       1    1983    1893    1871    1981   0.0+0   0.0+0
CQUAD4      3205       1    1981    1871    1870    1980   0.0+0   0.0+0
CQUAD4      3206       1    1918    1823    1821    1916   0.0+0   0.0+0
CQUAD4      3207       1    1916    1821    1819    1914   0.0+0   0.0+0
CQUAD4*             3208               1            1914            1819*
*                   1817            1912-1.6643637118-31           0.0+0
CQUAD4      3209       1    1912    1817    1815    1910   0.0+0   0.0+0
CQUAD4*             3210               1            1910            1815*
*                   1813            1908 2.8254416917-31           0.0+0
CQUAD4      3211       1    1908    1813    1811    1906   0.0+0   0.0+0
CQUAD4*             3212               1            1906            1811*
*                   1797            1891-1.6643637118-31           0.0+0
CQUAD4*             3213               1            1891            1797*
*                   1809            1904 2.8254416917-31           0.0+0
CQUAD4      3214       1    1904    1809    1807    1902   0.0+0   0.0+0
CQUAD4      3215       1    1902    1807    1806    1901   0.0+0   0.0+0
CQUAD4*             3216               1            1901            1806*
*                   1805            1900-1.6643637118-31           0.0+0
CQUAD4      3217       1    1900    1805    1804    1899   0.0+0   0.0+0
CQUAD4*             3218               1            1899            1804*
*                   1803            1898 2.0239761474-32           0.0+0
CQUAD4      3219       1    1898    1803    1802    1897   0.0+0   0.0+0
CQUAD4      3220       1    1897    1802    1801    1896   0.0+0   0.0+0
CQUAD4*             3221               1            1896            1801*
*                   1800            1895-1.6643637118-31           0.0+0
CQUAD4      3222       1    1895    1800    1799    1872   0.0+0   0.0+0
CQUAD4*             3223               1            1872            1799*
*                   1776            1893 2.0239761474-32           0.0+0
CQUAD4      3224       1    1893    1776    1763    1871   0.0+0   0.0+0
CQUAD4      3225       1    1871    1763    1761    1870   0.0+0   0.0+0
CQUAD4      3226       1    1823    1742    1741    1821   0.0+0   0.0+0
CQUAD4      3227       1    1821    1741    1740    1819   0.0+0   0.0+0
CQUAD4*             3228               1            1819            1740*
*                   1739            1817-6.1422956365-32           0.0+0
CQUAD4      3229       1    1817    1739    1738    1815   0.0+0   0.0+0
CQUAD4*             3230               1            1815            1738*
*                   1737            1813-1.3827114708-32           0.0+0
CQUAD4      3231       1    1813    1737    1736    1811   0.0+0   0.0+0
CQUAD4*             3232               1            1811            1736*
*                   1735            1797-6.1422956365-32           0.0+0
CQUAD4*             3233               1            1797            1735*
*                   1712            1809-1.3827114708-32           0.0+0
CQUAD4      3234       1    1809    1712    1699    1807   0.0+0   0.0+0
CQUAD4      3235       1    1807    1699    1697    1806   0.0+0   0.0+0
CQUAD4*             3236               1            1806            1697*
*                   1695            1805-6.1422956365-32           0.0+0
CQUAD4      3237       1    1805    1695    1693    1804   0.0+0   0.0+0
CQUAD4*             3238               1            1804            1693*
*                   1691            1803-1.3827114708-32           0.0+0
CQUAD4      3239       1    1803    1691    1689    1802   0.0+0   0.0+0
CQUAD4      3240       1    1802    1689    1687    1801   0.0+0   0.0+0
CQUAD4*             3241               1            1801            1687*
*                   1685            1800-6.1422956365-32           0.0+0
CQUAD4      3242       1    1800    1685    1683    1799   0.0+0   0.0+0
CQUAD4*             3243               1            1799            1683*
*                    297            1776-1.3827114708-32           0.0+0
CQUAD4      3244       1    1776     297    1681    1763   0.0+0   0.0+0
CQUAD4      3245       1    1763    1681    1679    1761   0.0+0   0.0+0
CQUAD4      3246       1    1742    1617    1615    1741   0.0+0   0.0+0
CQUAD4      3247       1    1741    1615    1613    1740   0.0+0   0.0+0
CQUAD4      3248       1    1740    1613    1611    1739   0.0+0   0.0+0
CQUAD4*             3249               1            1739            1611*
*                   1609            1738-1.2655251441-31           0.0+0
CQUAD4*             3250               1            1738            1609*
*                   1607            1737  8.426552453-32           0.0+0
CQUAD4      3251       1    1737    1607    1605    1736   0.0+0   0.0+0
CQUAD4*             3252               1            1736            1605*
*                   1591            1735-1.2655251441-31           0.0+0
CQUAD4*             3253               1            1735            1591*
*                   1603            1712  8.426552453-32           0.0+0
CQUAD4      3254       1    1712    1603    1589    1699   0.0+0   0.0+0
CQUAD4      3255       1    1699    1589    1587    1697   0.0+0   0.0+0
CQUAD4      3256       1    1697    1587    1585    1695   0.0+0   0.0+0
CQUAD4      3257       1    1695    1585    1583    1693   0.0+0   0.0+0
CQUAD4      3258       1    1693    1583    1581    1691   0.0+0   0.0+0
CQUAD4      3259       1    1691    1581    1579    1689   0.0+0   0.0+0
CQUAD4      3260       1    1689    1579    1577    1687   0.0+0   0.0+0
CQUAD4      3261       1    1687    1577    1575    1685   0.0+0   0.0+0
CQUAD4      3262       1    1685    1575    1573    1683   0.0+0   0.0+0
CQUAD4      3263       1    1683    1573    1559     297   0.0+0   0.0+0
CQUAD4      3264       1     297    1559    1571    1681   0.0+0   0.0+0
CQUAD4      3265       1    1681    1571    1569    1679   0.0+0   0.0+0
CQUAD4      3266       1    1617    1523    1521    1615   0.0+0   0.0+0
CQUAD4      3267       1    1615    1521    1519    1613   0.0+0   0.0+0
CQUAD4      3268       1    1613    1519    1517    1611   0.0+0   0.0+0
CQUAD4*             3269               1            1611            1517*
*                   1515            1609-1.1262754169-31           0.0+0
CQUAD4*             3270               1            1609            1515*
*                   1513            1607 1.2178887483-32           0.0+0
CQUAD4      3271       1    1607    1513    1511    1605   0.0+0   0.0+0
CQUAD4*             3272               1            1605            1511*
*                   1509            1591-1.1262754169-31           0.0+0
CQUAD4*             3273               1            1591            1509*
*                   1495            1603 1.2178887483-32           0.0+0
CQUAD4      3274       1    1603    1495    1507    1589   0.0+0   0.0+0
CQUAD4      3275       1    1589    1507    1505    1587   0.0+0   0.0+0
CQUAD4      3276       1    1587    1505    1504    1585   0.0+0   0.0+0
CQUAD4      3277       1    1585    1504    1503    1583   0.0+0   0.0+0
CQUAD4      3278       1    1583    1503    1502    1581   0.0+0   0.0+0
CQUAD4      3279       1    1581    1502    1501    1579   0.0+0   0.0+0
CQUAD4      3280       1    1579    1501    1500    1577   0.0+0   0.0+0
CQUAD4      3281       1    1577    1500    1499    1575   0.0+0   0.0+0
CQUAD4      3282       1    1575    1499    1498    1573   0.0+0   0.0+0
CQUAD4      3283       1    1573    1498    1497    1559   0.0+0   0.0+0
CQUAD4      3284       1    1559    1497    1474    1571   0.0+0   0.0+0
CQUAD4      3285       1    1571    1474    1461    1569   0.0+0   0.0+0
CQUAD4      3286       1    1523    1441    1440    1521   0.0+0   0.0+0
CQUAD4      3287       1    1521    1440    1439    1519   0.0+0   0.0+0
CQUAD4*             3288               1            1519            1439*
*                   1438            1517-1.8119116357-33           0.0+0
CQUAD4      3289       1    1517    1438    1437    1515   0.0+0   0.0+0
CQUAD4*             3290               1            1515            1437*
*                   1436            1513 4.7525133095-33           0.0+0
CQUAD4      3291       1    1513    1436    1435    1511   0.0+0   0.0+0
CQUAD4      3292       1    1511    1435    1434    1509   0.0+0   0.0+0
CQUAD4      3293       1    1509    1434    1433    1495   0.0+0   0.0+0
CQUAD4*             3294               1            1495            1433*
*                   1410            1507-1.8119116357-33           0.0+0
CQUAD4*             3295               1            1507            1410*
*                    270            1505-1.0752593236-32           0.0+0
CQUAD4*             3296               1            1505             270*
*                   1380            1504 4.5106511585-33           0.0+0
CQUAD4*             3297               1            1504            1380*
*                   1378            1503-2.1343945037-33           0.0+0
CQUAD4      3298       1    1503    1378    1376    1502   0.0+0   0.0+0
CQUAD4*             3299               1            1502            1376*
*                   1374            1501 4.5106511585-33           0.0+0
CQUAD4*             3300               1            1501            1374*
*                   1372            1500-2.1343945037-33           0.0+0
CQUAD4      3301       1    1500    1372    1370    1499   0.0+0   0.0+0
CQUAD4*             3302               1            1499            1370*
*                   1368            1498 4.5106511585-33           0.0+0
CQUAD4*             3303               1            1498            1368*
*                   1366            1497 4.7525133095-33           0.0+0
CQUAD4*             3304               1            1497            1366*
*                   1351            1474-1.7317018181-32           0.0+0
CQUAD4*             3305               1            1474            1351*
*                   1364            1461-3.2620572933-33           0.0+0
CQUAD4      3306       1    1441    1331    1330    1440   0.0+0   0.0+0
CQUAD4*             3307               1            1440            1330*
*                   1329            1439-2.1837870146-33           0.0+0
CQUAD4*             3308               1            1439            1329*
*                   1328            1438-1.2205942542-33           0.0+0
CQUAD4      3309       1    1438    1328    1327    1437   0.0+0   0.0+0
CQUAD4*             3310               1            1437            1327*
*                   1326            1436-3.3979462314-33           0.0+0
CQUAD4      3311       1    1436    1326    1325    1435   0.0+0   0.0+0
CQUAD4      3312       1    1435    1325    1324    1434   0.0+0   0.0+0
CQUAD4*             3313               1            1434            1324*
*                   1323            1433-2.1837870146-33           0.0+0
CQUAD4*             3314               1            1433            1323*
*                   1300            1410-7.7220448158-35           0.0+0
CQUAD4*             3315               1            1410            1300*
*                   1287             270-1.2205942542-33           0.0+0
CQUAD4*             3316               1             270            1287*
*                   1285            1380 3.2949856339-33           0.0+0
CQUAD4*             3317               1            1380            1285*
*                   1283            1378-8.8123685065-33           0.0+0
CQUAD4*             3318               1            1378            1283*
*                   1281            1376  3.333595858-33           0.0+0
CQUAD4*             3319               1            1376            1281*
*                   1279            1374 3.2949856339-33           0.0+0
CQUAD4*             3320               1            1374            1279*
*                   1277            1372-2.2223972387-33           0.0+0
CQUAD4*             3321               1            1372            1277*
*                   1275            1370-3.2949856339-33           0.0+0
CQUAD4*             3322               1            1370            1275*
*                   1273            1368 5.4980777605-33           0.0+0
CQUAD4*             3323               1            1368            1273*
*                   1271            1366-5.0743967165-33           0.0+0
CQUAD4*             3324               1            1366            1271*
*                   1257            1351-1.1124856268-32           0.0+0
CQUAD4*             3325               1            1351            1257*
*                   1269            1364 -3.333595858-33           0.0+0
CQUAD4      3326       1    1331    2584    1235    1330   0.0+0   0.0+0
CQUAD4*             3327               1            1330            1235*
*                   1234            1329 3.1534332165-34           0.0+0
CQUAD4      3328       1    1329    1234    1233    1328   0.0+0   0.0+0
CQUAD4      3329       1    1328    1233    1232    1327   0.0+0   0.0+0
CQUAD4*             3330               1            1327            1232*
*                   1231            1326-5.1555362407-34           0.0+0
CQUAD4      3331       1    1326    1231    1230    1325   0.0+0   0.0+0
CQUAD4      3332       1    1325    1230    1229    1324   0.0+0   0.0+0
CQUAD4*             3333               1            1324            1229*
*                   1228            1323 3.1534332165-34           0.0+0
CQUAD4*             3334               1            1323            1228*
*                   1227            1300 3.1534332165-34           0.0+0
CQUAD4      3335       1    1300    1227    1204    1287   0.0+0   0.0+0
CQUAD4      3336       1    1287    1204    1191    1285   0.0+0   0.0+0
CQUAD4*             3337               1            1285            1191*
*                   1189            1283 3.1534332165-34           0.0+0
CQUAD4*             3338               1            1283            1189*
*                   1187            1281 3.1534332165-34           0.0+0
CQUAD4      3339       1    1281    1187    1185    1279   0.0+0   0.0+0
CQUAD4      3340       1    1279    1185    1183    1277   0.0+0   0.0+0
CQUAD4*             3341               1            1277            1183*
*                   1181            1275-5.1555362407-34           0.0+0
CQUAD4      3342       1    1275    1181    1179    1273   0.0+0   0.0+0
CQUAD4      3343       1    1273    1179    1177    1271   0.0+0   0.0+0
CQUAD4*             3344               1            1271            1177*
*                   2605            1257-5.1555362407-34           0.0+0
CQUAD4*             3345               1            2584            1067*
*                   1065            1235-2.2777183809-33           0.0+0
CQUAD4*             3346               1            1235            1065*
*                   1051            1234 6.5095528851-33           0.0+0
CQUAD4      3347       1    1234    1051    1063    1233   0.0+0   0.0+0
CQUAD4*             3348               1            1233            1063*
*                   1049            1232 5.8236580137-33           0.0+0
CQUAD4      3349       1    1232    1049    1047    1231   0.0+0   0.0+0
CQUAD4      3350       1    1231    1047    1045    1230   0.0+0   0.0+0
CQUAD4*             3351               1            1230            1045*
*                   1043            1229-2.2777183809-33           0.0+0
CQUAD4*             3352               1            1229            1043*
*                   1041            1228 1.5313757059-33           0.0+0
CQUAD4*             3353               1            1228            1041*
*                   1039            1227-2.2777183809-33           0.0+0
CQUAD4      3354       1    1227    1039    1037    1204   0.0+0   0.0+0
CQUAD4*             3355               1            1204            1037*
*                   1035            1191 9.9217001252-34           0.0+0
CQUAD4*             3356               1            1191            1035*
*                   1033            1189 5.8236580137-33           0.0+0
CQUAD4*             3357               1            1189            1033*
*                   1019            1187-2.2777183809-33           0.0+0
CQUAD4*             3358               1            1187            1019*
*                   1031            1185 9.9217001252-34           0.0+0
CQUAD4*             3359               1            1185            1031*
*                   1029            1183 5.8236580137-33           0.0+0
CQUAD4*             3360               1            1183            1029*
*                   1028            1181 5.8236580137-33           0.0+0
CQUAD4*             3361               1            1181            1028*
*                   1027            1179-5.2111077314-33           0.0+0
CQUAD4      3362       1    1179    1027    1026    1177   0.0+0   0.0+0
CQUAD4*             3363               1            1177            1026*
*                   1025            2605-2.2777183809-33           0.0+0
CQUAD4*             3364               1            2605            1025*
*                   1024            2581 1.5313757059-33           0.0+0
CQUAD4*             3365               1            1067             973*
*                    971            1065-9.4101049896-32           0.0+0
CQUAD4*             3366               1            1065             971*
*                    969            1051-8.7870351106-32           0.0+0
CQUAD4      3367       1    1051     969     955    1063   0.0+0   0.0+0
CQUAD4*             3368               1            1063             955*
*                    967            1049-4.1343997608-33           0.0+0
CQUAD4      3369       1    1049     967     965    1047   0.0+0   0.0+0
CQUAD4      3370       1    1047     965     964    1045   0.0+0   0.0+0
CQUAD4*             3371               1            1045             964*
*                    963            1043 4.0703429563-32           0.0+0
CQUAD4*             3372               1            1043             963*
*                    962            1041-4.7574696398-32           0.0+0
CQUAD4*             3373               1            1041             962*
*                    961            1039 4.0703429563-32           0.0+0
CQUAD4*             3374               1            1039             961*
*                    960            1037-1.1762502313-32           0.0+0
CQUAD4*             3375               1            1037             960*
*                    959            1035 1.8290360515-31           0.0+0
CQUAD4*             3376               1            1035             959*
*                    958            1033-4.1343997608-33           0.0+0
CQUAD4*             3377               1            1033             958*
*                    957            1019 4.0703429563-32           0.0+0
CQUAD4*             3378               1            1019             957*
*                    934            1031 1.3800731969-32           0.0+0
CQUAD4*             3379               1            1031             934*
*                    921            1029-4.1343997608-33           0.0+0
CQUAD4*             3380               1            1029             921*
*                    919            1028-2.0671998804-33           0.0+0
CQUAD4*             3381               1            1028             919*
*                    917            1027-2.0671998804-33           0.0+0
CQUAD4      3382       1    1027     917     915    1026   0.0+0   0.0+0
CQUAD4*             3383               1            1026             915*
*                    913            1025 1.0132176437-32           0.0+0
CQUAD4*             3384               1            1025             913*
*                    911            1024-3.4006886544-32           0.0+0
CQUAD4*             3385               1             973             896*
*                    895             971-4.2367403839-31           0.0+0
CQUAD4*             3386               1             971             895*
*                    894             969-7.4291121551-32           0.0+0
CQUAD4*             3387               1             969             894*
*                    893             955-2.9296501483-31           0.0+0
CQUAD4*             3388               1             955             893*
*                    870             967-4.8925717351-31           0.0+0
CQUAD4*             3389               1             967             870*
*                    274             965-3.0135553245-31           0.0+0
CQUAD4      3390       1     965     274     840     964   0.0+0   0.0+0
CQUAD4      3391       1     964     840     838     963   0.0+0   0.0+0
CQUAD4      3392       1     963     838     836     962   0.0+0   0.0+0
CQUAD4*             3393               1             962             836*
*                    834             961-7.6310436894-32           0.0+0
CQUAD4*             3394               1             961             834*
*                    832             960 8.7655826033-32           0.0+0
CQUAD4*             3395               1             960             832*
*                    830             959 2.5115641715-31           0.0+0
CQUAD4*             3396               1             959             830*
*                    828             958 4.9923082262-31           0.0+0
CQUAD4*             3397               1             958             828*
*                    826             957 4.9923082262-31           0.0+0
CQUAD4      3398       1     957     826     811     934   0.0+0   0.0+0
CQUAD4      3399       1     934     811     824     921   0.0+0   0.0+0
CQUAD4*             3400               1             921             824*
*                    822             919-4.8925717351-31           0.0+0
CQUAD4*             3401               1             919             822*
*                    821             917 5.1756971397-32           0.0+0
CQUAD4      3402       1     917     821     820     915   0.0+0   0.0+0
CQUAD4      3403       1     915     820     819     913   0.0+0   0.0+0
CQUAD4      3404       1     913     819     818     911   0.0+0   0.0+0
CQUAD4      3405       1     896     786     785     895   0.0+0   0.0+0
CQUAD4*             3406               1             895             785*
*                    784             894-2.8824937478-30           0.0+0
CQUAD4*             3407               1             894             784*
*                    783             893 6.2536096023-31           0.0+0
CQUAD4*             3408               1             893             783*
*                    760             870-8.5001713815-31           0.0+0
CQUAD4*             3409               1             870             760*
*                    747             274-8.5001713816-31           0.0+0
CQUAD4      3410       1     274     747     745     840   0.0+0   0.0+0
CQUAD4      3411       1     840     745     743     838   0.0+0   0.0+0
CQUAD4      3412       1     838     743     741     836   0.0+0   0.0+0
CQUAD4*             3413               1             836             741*
*                    739             834 2.3428418885-31           0.0+0
CQUAD4*             3414               1             834             739*
*                    737             832-8.0864047463-32           0.0+0
CQUAD4*             3415               1             832             737*
*                    735             830-1.7879516006-30           0.0+0
CQUAD4*             3416               1             830             735*
*                    733             828-3.1919160292-31           0.0+0
CQUAD4*             3417               1             828             733*
*                    731             826-4.3910059369-31           0.0+0
CQUAD4      3418       1     826     731     717     811   0.0+0   0.0+0
CQUAD4      3419       1     811     717     729     824   0.0+0   0.0+0
CQUAD4*             3420               1             824             729*
*                    727             822-8.5001713815-31           0.0+0
CQUAD4*             3421               1             822             727*
*                    726             821 2.4647596759-30           0.0+0
CQUAD4      3422       1     821     726     725     820   0.0+0   0.0+0
CQUAD4      3423       1     820     725     724     819   0.0+0   0.0+0
CQUAD4*             3424               1             819             724*
*                    723             818-1.5481336191-30           0.0+0
CQUAD4      3425       1     786     673     671     785   0.0+0   0.0+0
CQUAD4*             3426               1             785             671*
*                    669             784-7.8084083393-30           0.0+0
CQUAD4      3427       1     784     669     667     783   0.0+0   0.0+0
CQUAD4*             3428               1             783             667*
*                    653             760  -2.52234364-30           0.0+0
CQUAD4*             3429               1             760             653*
*                    665             747-7.8084083393-30           0.0+0
CQUAD4      3430       1     747     665     663     745   0.0+0   0.0+0
CQUAD4      3431       1     745     663     662     743   0.0+0   0.0+0
CQUAD4      3432       1     743     662     661     741   0.0+0   0.0+0
CQUAD4*             3433               1             741             661*
*                    660             739  -2.52234364-30           0.0+0
CQUAD4      3434       1     739     660     659     737   0.0+0   0.0+0
CQUAD4*             3435               1             737             659*
*                    658             735 3.4911917837-30           0.0+0
CQUAD4      3436       1     735     658     657     733   0.0+0   0.0+0
CQUAD4      3437       1     733     657     656     731   0.0+0   0.0+0
CQUAD4      3438       1     731     656     655     717   0.0+0   0.0+0
CQUAD4      3439       1     717     655     632     729   0.0+0   0.0+0
CQUAD4*             3440               1             729             632*
*                    619             727  -2.52234364-30           0.0+0
CQUAD4*             3441               1             727             619*
*                    617             726 3.4911917837-30           0.0+0
CQUAD4      3442       1     726     617     615     725   0.0+0   0.0+0
CQUAD4      3443       1     725     615     613     724   0.0+0   0.0+0
CQUAD4*             3444               1             724             613*
*                    611             723  -2.52234364-30           0.0+0
CQUAD4      3445       1     673     595     594     671   0.0+0   0.0+0
CQUAD4      3446       1     671     594     593     669   0.0+0   0.0+0
CQUAD4      3447       1     669     593     592     667   0.0+0   0.0+0
CQUAD4      3448       1     667     592     591     653   0.0+0   0.0+0
CQUAD4      3449       1     653     591     553     665   0.0+0   0.0+0
CQUAD4      3450       1     665     553     539     663   0.0+0   0.0+0
CQUAD4      3451       1     663     539     537     662   0.0+0   0.0+0
CQUAD4      3452       1     662     537     535     661   0.0+0   0.0+0
CQUAD4      3453       1     661     535     533     660   0.0+0   0.0+0
CQUAD4      3454       1     660     533     531     659   0.0+0   0.0+0
CQUAD4      3455       1     659     531     529     658   0.0+0   0.0+0
CQUAD4      3456       1     658     529     527     657   0.0+0   0.0+0
CQUAD4      3457       1     657     527     525     656   0.0+0   0.0+0
CQUAD4      3458       1     656     525     511     655   0.0+0   0.0+0
CQUAD4      3459       1     655     511     523     632   0.0+0   0.0+0
CQUAD4      3460       1     632     523     509     619   0.0+0   0.0+0
CQUAD4      3461       1     619     509     507     617   0.0+0   0.0+0
CQUAD4      3462       1     617     507     505     615   0.0+0   0.0+0
CQUAD4      3463       1     615     505     503     613   0.0+0   0.0+0
CQUAD4      3464       1     613     503     501     611   0.0+0   0.0+0
CQUAD4      3465       1     595     485     484     594   0.0+0   0.0+0
CQUAD4      3466       1     594     484     483     593   0.0+0   0.0+0
CQUAD4      3467       1     593     483     482     592   0.0+0   0.0+0
CQUAD4      3468       1     592     482     481     591   0.0+0   0.0+0
CQUAD4      3469       1     591     481     458     553   0.0+0   0.0+0
CQUAD4      3470       1     553     458     445     539   0.0+0   0.0+0
CQUAD4      3471       1     539     445     443     537   0.0+0   0.0+0
CQUAD4      3472       1     537     443     441     535   0.0+0   0.0+0
CQUAD4      3473       1     535     441     439     533   0.0+0   0.0+0
CQUAD4      3474       1     533     439     437     531   0.0+0   0.0+0
CQUAD4      3475       1     531     437     435     529   0.0+0   0.0+0
CQUAD4      3476       1     529     435     433     527   0.0+0   0.0+0
CQUAD4      3477       1     527     433     431     525   0.0+0   0.0+0
CQUAD4      3478       1     525     431     429     511   0.0+0   0.0+0
CQUAD4      3479       1     511     429     415     523   0.0+0   0.0+0
CQUAD4      3480       1     523     415     427     509   0.0+0   0.0+0
CQUAD4      3481       1     509     427     425     507   0.0+0   0.0+0
CQUAD4      3482       1     507     425     424     505   0.0+0   0.0+0
CQUAD4      3483       1     505     424     423     503   0.0+0   0.0+0
CQUAD4      3484       1     503     423     422     501   0.0+0   0.0+0
CQUAD4      3485       1     485     373     371     484   0.0+0   0.0+0
CQUAD4      3486       1     484     371     369     483   0.0+0   0.0+0
CQUAD4      3487       1     483     369     367     482   0.0+0   0.0+0
CQUAD4      3488       1     482     367     365     481   0.0+0   0.0+0
CQUAD4      3489       1     481     365     351     458   0.0+0   0.0+0
CQUAD4      3490       1     458     351     363     445   0.0+0   0.0+0
CQUAD4      3491       1     445     363     361     443   0.0+0   0.0+0
CQUAD4      3492       1     443     361     360     441   0.0+0   0.0+0
CQUAD4      3493       1     441     360     359     439   0.0+0   0.0+0
CQUAD4      3494       1     439     359     358     437   0.0+0   0.0+0
CQUAD4      3495       1     437     358     357     435   0.0+0   0.0+0
CQUAD4      3496       1     435     357     356     433   0.0+0   0.0+0
CQUAD4      3497       1     433     356     355     431   0.0+0   0.0+0
CQUAD4      3498       1     431     355     354     429   0.0+0   0.0+0
CQUAD4      3499       1     429     354     353     415   0.0+0   0.0+0
CQUAD4      3500       1     415     353     330     427   0.0+0   0.0+0
CQUAD4      3501       1     427     330     318     425   0.0+0   0.0+0
CQUAD4      3502       1     425     318     316     424   0.0+0   0.0+0
CQUAD4      3503       1     424     316     314     423   0.0+0   0.0+0
CQUAD4      3504       1     423     314     312     422   0.0+0   0.0+0
CQUAD4      3505       1     373      53     208     371   0.0+0   0.0+0
CQUAD4      3506       1     371     208     189     369   0.0+0   0.0+0
CQUAD4      3507       1     369     189     233     367   0.0+0   0.0+0
CQUAD4      3508       1     367     233     119     365   0.0+0   0.0+0
CQUAD4      3509       1     365     119     231     351   0.0+0   0.0+0
CQUAD4*             3510               1             351             231*
*                    229             363 6.4714170561-30           0.0+0
CQUAD4*             3511               1             363             229*
*                    211             361 1.7432046055-30           0.0+0
CQUAD4      3512       1     361     211     167     360   0.0+0   0.0+0
CQUAD4      3513       1     360     167     143     359   0.0+0   0.0+0
CQUAD4      3514       1     359     143      90     358   0.0+0   0.0+0
CQUAD4      3515       1     358      90     141     357   0.0+0   0.0+0
CQUAD4*             3516               1             357             141*
*                     59             356 6.0106232507-30           0.0+0
CQUAD4*             3517               1             356              59*
*                    121             355 1.7432046055-30           0.0+0
CQUAD4      3518       1     355     121     241     354   0.0+0   0.0+0
CQUAD4      3519       1     354     241     247     353   0.0+0   0.0+0
CQUAD4      3520       1     353     247     245     330   0.0+0   0.0+0
CQUAD4      3521       1     330     245     236     318   0.0+0   0.0+0
CQUAD4      3522       1     318     236     243     316   0.0+0   0.0+0
CQUAD4      3523       1     316     243     235     314   0.0+0   0.0+0
CQUAD4      3524       1     314     235     234     312   0.0+0   0.0+0
CQUAD4      3525       1      53     199     191     208   0.0+0   0.0+0
CQUAD4      3526       1     208     191     190     189   0.0+0   0.0+0
CQUAD4*             3527               1             189             190*
*                    180             233-1.0608242151-30           0.0+0
CQUAD4*             3528               1             233             180*
*                    173             119 4.5595085071-30           0.0+0
CQUAD4      3529       1     119     173      94     231   0.0+0   0.0+0
CQUAD4*             3530               1             231              94*
*                    171             229 9.3050328213-31           0.0+0
CQUAD4*             3531               1             229             171*
*                     67             211-4.9553935594-31           0.0+0
CQUAD4      3532       1     211      67     161     167   0.0+0   0.0+0
CQUAD4      3533       1     167     161     153     143   0.0+0   0.0+0
CQUAD4      3534       1     143     153     159      90   0.0+0   0.0+0
CQUAD4      3535       1      90     159     157     141   0.0+0   0.0+0
CQUAD4*             3536               1             141             157*
*                    148              59 1.0804060767-29           0.0+0
CQUAD4*             3537               1              59             148*
*                    155             121-4.9553935594-31           0.0+0
CQUAD4      3538       1     121     155     147     241   0.0+0   0.0+0
CQUAD4      3539       1     241     147     146     247   0.0+0   0.0+0
CQUAD4      3540       1     247     146     136     245   0.0+0   0.0+0
CQUAD4      3541       1     245     136     129     236   0.0+0   0.0+0
CQUAD4      3542       1     236     129      96     243   0.0+0   0.0+0
CQUAD4      3543       1     243      96     127     235   0.0+0   0.0+0
CQUAD4      3544       1     235     127      71     234   0.0+0   0.0+0
CQUAD4      3545       1     199     204     160     191   0.0+0   0.0+0
CQUAD4      3546       1     191     160     116     190   0.0+0   0.0+0
CQUAD4*             3547               1             190             116*
*                      5             180 2.0801118948-30           0.0+0
CQUAD4*             3548               1             180               5*
*                      8             173 1.2997434532-29           0.0+0
CQUAD4      3549       1     173       8      25      94   0.0+0   0.0+0
CQUAD4      3550       1      94      25      11     171   0.0+0   0.0+0
CQUAD4      3551       1     171      11      42      67   0.0+0   0.0+0
CQUAD4      3552       1      67      42      29     161   0.0+0   0.0+0
CQUAD4      3553       1     161      29      15     153   0.0+0   0.0+0
CQUAD4      3554       1     153      15      44     159   0.0+0   0.0+0
CQUAD4      3555       1     159      44      33     157   0.0+0   0.0+0
CQUAD4      3556       1     157      33      19     148   0.0+0   0.0+0
CQUAD4      3557       1     148      19      46     155   0.0+0   0.0+0
CQUAD4      3558       1     155      46      37     147   0.0+0   0.0+0
CQUAD4      3559       1     147      37      23     146   0.0+0   0.0+0
CQUAD4      3560       1     146      23      48     136   0.0+0   0.0+0
CQUAD4      3561       1     136      48    3656     129   0.0+0   0.0+0
CQUAD4      3562       1     129    3656    3658      96   0.0+0   0.0+0
CQUAD4      3563       1      96    3658    3660     127   0.0+0   0.0+0
CQUAD4      3564       1     127    3660    3662      71   0.0+0   0.0+0
CQUAD4      3565       1     204    3684    3686     160   0.0+0   0.0+0
CQUAD4      3566       1     160    3686    3688     116   0.0+0   0.0+0
CQUAD4      3567       1     116    3688    3690       5   0.0+0   0.0+0
CQUAD4      3568       1       5    3690    3692       8   0.0+0   0.0+0
CQUAD4      3569       1       8    3692    1409      25   0.0+0   0.0+0
CQUAD4      3570       1      25    1409    1411      11   0.0+0   0.0+0
CQUAD4      3571       1      11    1411    1341      42   0.0+0   0.0+0
CQUAD4      3572       1      42    1341    1413      29   0.0+0   0.0+0
CQUAD4      3573       1      29    1413    1415      15   0.0+0   0.0+0
CQUAD4      3574       1      15    1415    1417      44   0.0+0   0.0+0
CQUAD4      3575       1      44    1417    1419      33   0.0+0   0.0+0
CQUAD4      3576       1      33    1419    1421      19   0.0+0   0.0+0
CQUAD4      3577       1      19    1421    1423      46   0.0+0   0.0+0
CQUAD4      3578       1      46    1423    1425      37   0.0+0   0.0+0
CQUAD4      3579       1      37    1425    1427      23   0.0+0   0.0+0
CQUAD4      3580       1      23    1427    1443      48   0.0+0   0.0+0
CQUAD4      3581       1      48    1443    1442    3656   0.0+0   0.0+0
CQUAD4      3582       1    3656    1442    1431    3658   0.0+0   0.0+0
CQUAD4      3583       1    3658    1431    1465    3660   0.0+0   0.0+0
CQUAD4      3584       1    3660    1465    1445    3662   0.0+0   0.0+0
CQUAD4      3585       1    3684    3770    3744    3686   0.0+0   0.0+0
CQUAD4      3586       1    3686    3744    3771    3688   0.0+0   0.0+0
CQUAD4      3587       1    3688    3771    3808    3690   0.0+0   0.0+0
CQUAD4      3588       1    3690    3808    3886    3692   0.0+0   0.0+0
CQUAD4      3589       1    3692    3886    3887    1409   0.0+0   0.0+0
CQUAD4      3590       1    1409    3887    3888    1411   0.0+0   0.0+0
CQUAD4      3591       1    1411    3888    3889    1341   0.0+0   0.0+0
CQUAD4      3592       1    1341    3889    3890    1413   0.0+0   0.0+0
CQUAD4      3593       1    1413    3890    3891    1415   0.0+0   0.0+0
CQUAD4      3594       1    1415    3891    3892    1417   0.0+0   0.0+0
CQUAD4      3595       1    1417    3892    3893    1419   0.0+0   0.0+0
CQUAD4      3596       1    1419    3893    3894    1421   0.0+0   0.0+0
CQUAD4      3597       1    1421    3894    2543    1423   0.0+0   0.0+0
CQUAD4      3598       1    1423    2543    2200    1425   0.0+0   0.0+0
CQUAD4      3599       1    1425    2200    1937    1427   0.0+0   0.0+0
CQUAD4      3600       1    1427    1937    2629    1443   0.0+0   0.0+0
CQUAD4      3601       1    1443    2629    1670    1442   0.0+0   0.0+0
CQUAD4      3602       1    1442    1670    2205    1431   0.0+0   0.0+0
CQUAD4      3603       1    1431    2205    2207    1465   0.0+0   0.0+0
CQUAD4      3604       1    1465    2207    2669    1445   0.0+0   0.0+0
CQUAD4      3605       1    3770    3303    3468    3744   0.0+0   0.0+0
CQUAD4*             3606               1            3744            3468*
*                    522            3771-3.4103646879-29           0.0+0
CQUAD4*             3607               1            3771             522*
*                    639            3808-2.8941258154-29           0.0+0
CQUAD4      3608       1    3808     639     630    3886   0.0+0   0.0+0
CQUAD4      3609       1    3886     630     601    3887   0.0+0   0.0+0
CQUAD4      3610       1    3887     601     543    3888   0.0+0   0.0+0
CQUAD4      3611       1    3888     543     637    3889   0.0+0   0.0+0
CQUAD4*             3612               1            3889             637*
*                    597            3890-3.4103646879-29           0.0+0
CQUAD4*             3613               1            3890             597*
*                    131            3891-2.8941258154-29           0.0+0
CQUAD4      3614       1    3891     131    3790    3892   0.0+0   0.0+0
CQUAD4*             3615               1            3892            3790*
*                     39            3893 1.1094753613-29           0.0+0
CQUAD4*             3616               1            3893              39*
*                   3738            3894-2.8941258154-29           0.0+0
CQUAD4      3617       1    3894    3738    3679    2543   0.0+0   0.0+0
CQUAD4      3618       1    2543    3679    3792    2200   0.0+0   0.0+0
CQUAD4      3619       1    2200    3792    3687    1937   0.0+0   0.0+0
CQUAD4      3620       1    1937    3687    3768    2629   0.0+0   0.0+0
CQUAD4*             3621               1            2629            3768*
*                   3680            1670 1.1094753613-29           0.0+0
CQUAD4*             3622               1            1670            3680*
*                   3657            2205-2.8941258154-29           0.0+0
CQUAD4      3623       1    2205    3657    3681    2207   0.0+0   0.0+0
CQUAD4      3624       1    2207    3681    3659    2669   0.0+0   0.0+0
CQUAD4      3625       1    3303     223      57    3468   0.0+0   0.0+0
CQUAD4*             3626               1            3468              57*
*                    187             522 2.4199231465-29           0.0+0
CQUAD4*             3627               1             522             187*
*                    145             639-2.9442188618-29           0.0+0
CQUAD4      3628       1     639     145     185     630   0.0+0   0.0+0
CQUAD4      3629       1     630     185      63     601   0.0+0   0.0+0
CQUAD4      3630       1     601      63     123     543   0.0+0   0.0+0
CQUAD4      3631       1     543     123     164     637   0.0+0   0.0+0
CQUAD4*             3632               1             637             164*
*                    122             597 2.4199231465-29           0.0+0
CQUAD4*             3633               1             597             122*
*                    197             131-2.9442188618-29           0.0+0
CQUAD4      3634       1     131     197    2696    3790   0.0+0   0.0+0
CQUAD4*             3635               1            3790            2696*
*                   2694              39-4.1131298461-30           0.0+0
CQUAD4*             3636               1              39            2694*
*                   2692            3738-1.2556149437-29           0.0+0
CQUAD4      3637       1    3738    2692    2690    3679   0.0+0   0.0+0
CQUAD4      3638       1    3679    2690    2667    3792   0.0+0   0.0+0
CQUAD4      3639       1    3792    2667    2688    3687   0.0+0   0.0+0
CQUAD4      3640       1    3687    2688    2686    3768   0.0+0   0.0+0
CQUAD4*             3641               1            3768            2686*
*                   2685            3680-4.1131298461-30           0.0+0
CQUAD4*             3642               1            3680            2685*
*                   2684            3657-2.9442188618-29           0.0+0
CQUAD4      3643       1    3657    2684    2683    3681   0.0+0   0.0+0
CQUAD4      3644       1    3681    2683    2682    3659   0.0+0   0.0+0
CQUAD4      3645       1     223    2583    1173      57   0.0+0   0.0+0
CQUAD4      3646       1      57    1173    1171     187   0.0+0   0.0+0
CQUAD4      3647       1     187    1171    1170     145   0.0+0   0.0+0
CQUAD4      3648       1     145    1170    1169     185   0.0+0   0.0+0
CQUAD4      3649       1     185    1169    1168      63   0.0+0   0.0+0
CQUAD4      3650       1      63    1168    1167     123   0.0+0   0.0+0
CQUAD4      3651       1     123    1167    1166     164   0.0+0   0.0+0
CQUAD4      3652       1     164    1166    1165     122   0.0+0   0.0+0
CQUAD4      3653       1     122    1165    1164     197   0.0+0   0.0+0
CQUAD4      3654       1     197    1164    1163    2696   0.0+0   0.0+0
CQUAD4      3655       1    2696    1163    1140    2694   0.0+0   0.0+0
CQUAD4      3656       1    2694    1140     272    2692   0.0+0   0.0+0
CQUAD4      3657       1    2692     272    1110    2690   0.0+0   0.0+0
CQUAD4      3658       1    2690    1110    1108    2667   0.0+0   0.0+0
CQUAD4      3659       1    2667    1108    1106    2688   0.0+0   0.0+0
CQUAD4      3660       1    2688    1106    1104    2686   0.0+0   0.0+0
CQUAD4      3661       1    2686    1104    1102    2685   0.0+0   0.0+0
CQUAD4      3662       1    2685    1102    2582    2684   0.0+0   0.0+0
CQUAD4      3663       1    2684    2582    2587    2683   0.0+0   0.0+0
$--1---><--2---><--3---><--4---><--5---><--6---><--7---><--8---><--9---><--10-->
$$$$$$$$$$$$$$$$$$$$$$$$$$$$$$$$$$$$ force $$$$$$$$$$$$$$$$$$$$$$$$$$$$$$$$$$$$$
FORCE*                 2              40               0           1.0+0*
*                  0.0+0 2.22411080763+0           0.0+0
FORCE*                 2              24               0           1.0+0*
*                  0.0+0 2.22411080763+0           0.0+0
FORCE*                 2              88               0           1.0+0*
*                  0.0+0  7.4137026921-1           0.0+0
FORCE*                 2              98               0           1.0+0*
*                  0.0+0 1.48274053842+0           0.0+0
FORCE*                 2             100               0           1.0+0*
*                  0.0+0 1.48274053842+0           0.0+0
FORCE*                 2              72               0           1.0+0*
*                  0.0+0  7.4137026921-1           0.0+0
FORCE*                 2             293               0           1.0+0*
*                  0.0+0 2.22411080763-1           0.0+0
FORCE*                 2             303               0           1.0+0*
*                  0.0+0 4.44822161526-1           0.0+0
FORCE*                 2             305               0           1.0+0*
*                  0.0+0 4.44822161526-1           0.0+0
FORCE*                 2             307               0           1.0+0*
*                  0.0+0 4.44822161526-1           0.0+0
FORCE*                 2             309               0           1.0+0*
*                  0.0+0 4.44822161526-1           0.0+0
FORCE*                 2             311               0           1.0+0*
*                  0.0+0 4.44822161526-1           0.0+0
FORCE*                 2             313               0           1.0+0*
*                  0.0+0 4.44822161526-1           0.0+0
FORCE*                 2             315               0           1.0+0*
*                  0.0+0 4.44822161526-1           0.0+0
FORCE*                 2             317               0           1.0+0*
*                  0.0+0 4.44822161526-1           0.0+0
FORCE*                 2             319               0           1.0+0*
*                  0.0+0 4.44822161526-1           0.0+0
FORCE*                 2             277               0           1.0+0*
*                  0.0+0 2.22411080763-1           0.0+0
FORCE*                 2            2620               0           1.0+0*
*                  0.0+0 1.11205540382-1           0.0+0
FORCE*                 2            2630               0           1.0+0*
*                  0.0+0 2.22411080763-1           0.0+0
FORCE*                 2            2632               0           1.0+0*
*                  0.0+0 2.22411080763-1           0.0+0
FORCE*                 2            2634               0           1.0+0*
*                  0.0+0 2.22411080763-1           0.0+0
FORCE*                 2            2636               0           1.0+0*
*                  0.0+0 2.22411080763-1           0.0+0
FORCE*                 2            2638               0           1.0+0*
*                  0.0+0 2.22411080763-1           0.0+0
FORCE*                 2            2640               0           1.0+0*
*                  0.0+0 2.22411080763-1           0.0+0
FORCE*                 2            2642               0           1.0+0*
*                  0.0+0 2.22411080763-1           0.0+0
FORCE*                 2            2644               0           1.0+0*
*                  0.0+0 2.22411080763-1           0.0+0
FORCE*                 2            2646               0           1.0+0*
*                  0.0+0 2.22411080763-1           0.0+0
FORCE*                 2            2648               0           1.0+0*
*                  0.0+0 2.22411080763-1           0.0+0
FORCE*                 2            2650               0           1.0+0*
*                  0.0+0 2.22411080763-1           0.0+0
FORCE*                 2            2652               0           1.0+0*
*                  0.0+0 2.22411080763-1           0.0+0
FORCE*                 2            2654               0           1.0+0*
*                  0.0+0 2.22411080763-1           0.0+0
FORCE*                 2            2656               0           1.0+0*
*                  0.0+0 2.22411080763-1           0.0+0
FORCE*                 2            2658               0           1.0+0*
*                  0.0+0 2.22411080763-1           0.0+0
FORCE*                 2            2660               0           1.0+0*
*                  0.0+0 2.22411080763-1           0.0+0
FORCE*                 2            2662               0           1.0+0*
*                  0.0+0 2.22411080763-1           0.0+0
FORCE*                 2            2664               0           1.0+0*
*                  0.0+0 2.22411080763-1           0.0+0
FORCE*                 2            2666               0           1.0+0*
*                  0.0+0 2.22411080763-1           0.0+0
FORCE*                 2            2604               0           1.0+0*
*                  0.0+0 1.11205540382-1           0.0+0
$--1---><--2---><--3---><--4---><--5---><--6---><--7---><--8---><--9---><--10-->
LOAD           1   1.0+0   1.0+0       2
PARAM,QUAD4TYP,MITC4+

$ small
SNORM,1,0,-14.00000,0.00000,0.00000
SNORM,3,0,-7.00000,0.00000,12.12436
SNORM,4,0,-14.00000,0.00000,0.00000
SNORM,5,0,-10.59493,0.00000,9.15137
SNORM,6,0,-7.00000,0.00000,12.12436
SNORM,8,0,-10.59493,0.00000,9.15137
SNORM,11,0,-10.59493,0.00000,9.15137
SNORM,15,0,-10.59493,0.00000,9.15137
SNORM,19,0,-10.59493,0.00000,9.15137
SNORM,23,0,-10.59493,0.00000,9.15137
SNORM,25,0,-10.59493,0.00000,9.15137
SNORM,29,0,-10.59493,0.00000,9.15137
SNORM,33,0,-10.59493,0.00000,9.15137
SNORM,37,0,-10.59493,0.00000,9.15137
SNORM,39,0,-8.60468,0.00000,11.04353
SNORM,42,0,-10.59493,0.00000,9.15137
SNORM,44,0,-10.59493,0.00000,9.15137
SNORM,46,0,-10.59493,0.00000,9.15137
SNORM,48,0,-10.59493,0.00000,9.15137
SNORM,49,0,-14.00000,0.00000,0.00000
SNORM,50,0,-7.00000,0.00000,12.12436
SNORM,51,0,-7.00000,0.00000,12.12436
SNORM,52,0,-14.00000,0.00000,0.00000
SNORM,53,0,-11.66309,0.00000,7.74419
SNORM,54,0,-7.00000,0.00000,12.12436
SNORM,55,0,-7.00000,0.00000,12.12436
SNORM,57,0,-7.83083,0.00000,11.60509
SNORM,59,0,-11.66309,0.00000,7.74419
SNORM,63,0,-7.83083,0.00000,11.60509
SNORM,67,0,-11.15370,0.00000,8.46138
SNORM,71,0,-11.15370,0.00000,8.46138
SNORM,73,0,-14.00000,0.00000,0.00000
SNORM,90,0,-11.66309,0.00000,7.74419
SNORM,94,0,-11.15370,0.00000,8.46138
SNORM,96,0,-11.15370,0.00000,8.46138
SNORM,116,0,-10.59493,0.00000,9.15137
SNORM,119,0,-11.66309,0.00000,7.74419
SNORM,120,0,-12.12436,0.00000,7.00000
SNORM,121,0,-11.66309,0.00000,7.74419
SNORM,122,0,-7.83083,0.00000,11.60509
SNORM,123,0,-7.83083,0.00000,11.60509
SNORM,127,0,-11.15370,0.00000,8.46138
SNORM,129,0,-11.15370,0.00000,8.46138
SNORM,131,0,-8.60468,0.00000,11.04353
SNORM,136,0,-11.15370,0.00000,8.46138
SNORM,141,0,-11.66309,0.00000,7.74419
SNORM,143,0,-11.66309,0.00000,7.74419
SNORM,145,0,-7.83083,0.00000,11.60509
SNORM,146,0,-11.15370,0.00000,8.46138
SNORM,147,0,-11.15370,0.00000,8.46138
SNORM,148,0,-11.15370,0.00000,8.46138
SNORM,153,0,-11.15370,0.00000,8.46138
SNORM,155,0,-11.15370,0.00000,8.46138
SNORM,157,0,-11.15370,0.00000,8.46138
SNORM,159,0,-11.15370,0.00000,8.46138
SNORM,160,0,-10.59493,0.00000,9.15137
SNORM,161,0,-11.15370,0.00000,8.46138
SNORM,164,0,-7.83083,0.00000,11.60509
SNORM,167,0,-11.66309,0.00000,7.74419
SNORM,171,0,-11.15370,0.00000,8.46138
SNORM,173,0,-11.15370,0.00000,8.46138
SNORM,180,0,-11.15370,0.00000,8.46138
SNORM,185,0,-7.83083,0.00000,11.60509
SNORM,187,0,-7.83083,0.00000,11.60509
SNORM,188,0,-14.00000,0.00000,0.00000
SNORM,189,0,-11.66309,0.00000,7.74419
SNORM,190,0,-11.15370,0.00000,8.46138
SNORM,191,0,-11.15370,0.00000,8.46138
SNORM,197,0,-7.83083,0.00000,11.60509
SNORM,199,0,-11.15370,0.00000,8.46138
SNORM,204,0,-10.59493,0.00000,9.15137
SNORM,208,0,-11.66309,0.00000,7.74419
SNORM,211,0,-11.66309,0.00000,7.74419
SNORM,223,0,-7.83083,0.00000,11.60509
SNORM,229,0,-11.66309,0.00000,7.74419
SNORM,231,0,-11.66309,0.00000,7.74419
SNORM,232,0,-12.12436,0.00000,7.00000
SNORM,233,0,-11.66309,0.00000,7.74419
SNORM,234,0,-11.66309,0.00000,7.74419
SNORM,235,0,-11.66309,0.00000,7.74419
SNORM,236,0,-11.66309,0.00000,7.74419
SNORM,241,0,-11.66309,0.00000,7.74419
SNORM,243,0,-11.66309,0.00000,7.74419
SNORM,245,0,-11.66309,0.00000,7.74419
SNORM,247,0,-11.66309,0.00000,7.74419
SNORM,251,0,-12.12436,0.00000,7.00000
SNORM,253,0,-12.12436,0.00000,7.00000
SNORM,254,0,-14.00000,0.00000,0.00000
SNORM,255,0,-7.00000,0.00000,12.12436
SNORM,256,0,-7.00000,0.00000,12.12436
SNORM,257,0,-14.00000,0.00000,0.00000
SNORM,259,0,-7.00000,0.00000,12.12436
SNORM,260,0,-7.00000,0.00000,12.12436
SNORM,272,0,-7.00000,0.00000,12.12436
SNORM,274,0,-13.70665,0.00000,2.85090
SNORM,278,0,-14.00000,0.00000,0.00000
SNORM,312,0,-12.12436,0.00000,7.00000
SNORM,314,0,-12.12436,0.00000,7.00000
SNORM,316,0,-12.12436,0.00000,7.00000
SNORM,318,0,-12.12436,0.00000,7.00000
SNORM,330,0,-12.12436,0.00000,7.00000
SNORM,351,0,-12.12436,0.00000,7.00000
SNORM,353,0,-12.12436,0.00000,7.00000
SNORM,354,0,-12.12436,0.00000,7.00000
SNORM,355,0,-12.12436,0.00000,7.00000
SNORM,356,0,-12.12436,0.00000,7.00000
SNORM,357,0,-12.12436,0.00000,7.00000
SNORM,358,0,-12.12436,0.00000,7.00000
SNORM,359,0,-12.12436,0.00000,7.00000
SNORM,360,0,-12.12436,0.00000,7.00000
SNORM,361,0,-12.12436,0.00000,7.00000
SNORM,363,0,-12.12436,0.00000,7.00000
SNORM,365,0,-12.12436,0.00000,7.00000
SNORM,367,0,-12.12436,0.00000,7.00000
SNORM,369,0,-12.12436,0.00000,7.00000
SNORM,371,0,-12.12436,0.00000,7.00000
SNORM,373,0,-12.12436,0.00000,7.00000
SNORM,415,0,-12.53821,0.00000,6.22843
SNORM,422,0,-12.53821,0.00000,6.22843
SNORM,423,0,-12.53821,0.00000,6.22843
SNORM,424,0,-12.53821,0.00000,6.22843
SNORM,425,0,-12.53821,0.00000,6.22843
SNORM,427,0,-12.53821,0.00000,6.22843
SNORM,429,0,-12.53821,0.00000,6.22843
SNORM,431,0,-12.53821,0.00000,6.22843
SNORM,433,0,-12.53821,0.00000,6.22843
SNORM,435,0,-12.53821,0.00000,6.22843
SNORM,437,0,-12.53821,0.00000,6.22843
SNORM,439,0,-12.53821,0.00000,6.22843
SNORM,441,0,-12.53821,0.00000,6.22843
SNORM,443,0,-12.53821,0.00000,6.22843
SNORM,445,0,-12.53821,0.00000,6.22843
SNORM,458,0,-12.53821,0.00000,6.22843
SNORM,481,0,-12.53821,0.00000,6.22843
SNORM,482,0,-12.53821,0.00000,6.22843
SNORM,483,0,-12.53821,0.00000,6.22843
SNORM,484,0,-12.53821,0.00000,6.22843
SNORM,485,0,-12.53821,0.00000,6.22843
SNORM,501,0,-12.90462,0.00000,5.42870
SNORM,503,0,-12.90462,0.00000,5.42870
SNORM,505,0,-12.90462,0.00000,5.42870
SNORM,507,0,-12.90462,0.00000,5.42870
SNORM,509,0,-12.90462,0.00000,5.42870
SNORM,511,0,-12.90462,0.00000,5.42870
SNORM,522,0,-8.60468,0.00000,11.04353
SNORM,523,0,-12.90462,0.00000,5.42870
SNORM,525,0,-12.90462,0.00000,5.42870
SNORM,527,0,-12.90462,0.00000,5.42870
SNORM,529,0,-12.90462,0.00000,5.42870
SNORM,531,0,-12.90462,0.00000,5.42870
SNORM,533,0,-12.90462,0.00000,5.42870
SNORM,535,0,-12.90462,0.00000,5.42870
SNORM,537,0,-12.90462,0.00000,5.42870
SNORM,539,0,-12.90462,0.00000,5.42870
SNORM,543,0,-8.60468,0.00000,11.04353
SNORM,553,0,-12.90462,0.00000,5.42870
SNORM,581,0,-12.12436,0.00000,7.00000
SNORM,583,0,-12.12436,0.00000,7.00000
SNORM,585,0,-12.12436,0.00000,7.00000
SNORM,587,0,-12.12436,0.00000,7.00000
SNORM,589,0,-12.12436,0.00000,7.00000
SNORM,591,0,-12.90462,0.00000,5.42870
SNORM,592,0,-12.90462,0.00000,5.42870
SNORM,593,0,-12.90462,0.00000,5.42870
SNORM,594,0,-12.90462,0.00000,5.42870
SNORM,595,0,-12.90462,0.00000,5.42870
SNORM,597,0,-8.60468,0.00000,11.04353
SNORM,601,0,-8.60468,0.00000,11.04353
SNORM,611,0,-13.22278,0.00000,4.59979
SNORM,613,0,-13.22278,0.00000,4.59979
SNORM,615,0,-13.22278,0.00000,4.59979
SNORM,617,0,-13.22278,0.00000,4.59979
SNORM,619,0,-13.22278,0.00000,4.59979
SNORM,630,0,-8.60468,0.00000,11.04353
SNORM,632,0,-13.22278,0.00000,4.59979
SNORM,637,0,-8.60468,0.00000,11.04353
SNORM,639,0,-8.60468,0.00000,11.04353
SNORM,653,0,-13.22278,0.00000,4.59979
SNORM,655,0,-13.22278,0.00000,4.59979
SNORM,656,0,-13.22278,0.00000,4.59979
SNORM,657,0,-13.22278,0.00000,4.59979
SNORM,658,0,-13.22278,0.00000,4.59979
SNORM,659,0,-13.22278,0.00000,4.59979
SNORM,660,0,-13.22278,0.00000,4.59979
SNORM,661,0,-13.22278,0.00000,4.59979
SNORM,662,0,-13.22278,0.00000,4.59979
SNORM,663,0,-13.22278,0.00000,4.59979
SNORM,665,0,-13.22278,0.00000,4.59979
SNORM,667,0,-13.22278,0.00000,4.59979
SNORM,669,0,-13.22278,0.00000,4.59979
SNORM,671,0,-13.22278,0.00000,4.59979
SNORM,673,0,-13.22278,0.00000,4.59979
SNORM,717,0,-13.49099,0.00000,3.74076
SNORM,723,0,-13.49099,0.00000,3.74076
SNORM,724,0,-13.49099,0.00000,3.74076
SNORM,725,0,-13.49099,0.00000,3.74076
SNORM,726,0,-13.49099,0.00000,3.74076
SNORM,727,0,-13.49099,0.00000,3.74076
SNORM,729,0,-13.49099,0.00000,3.74076
SNORM,731,0,-13.49099,0.00000,3.74076
SNORM,733,0,-13.49099,0.00000,3.74076
SNORM,735,0,-13.49099,0.00000,3.74076
SNORM,737,0,-13.49099,0.00000,3.74076
SNORM,739,0,-13.49099,0.00000,3.74076
SNORM,741,0,-13.49099,0.00000,3.74076
SNORM,743,0,-13.49099,0.00000,3.74076
SNORM,745,0,-13.49099,0.00000,3.74076
SNORM,747,0,-13.49099,0.00000,3.74076
SNORM,760,0,-13.49099,0.00000,3.74076
SNORM,783,0,-13.49099,0.00000,3.74076
SNORM,784,0,-13.49099,0.00000,3.74076
SNORM,785,0,-13.49099,0.00000,3.74076
SNORM,786,0,-13.49099,0.00000,3.74076
SNORM,811,0,-13.70665,0.00000,2.85090
SNORM,818,0,-13.70665,0.00000,2.85090
SNORM,819,0,-13.70665,0.00000,2.85090
SNORM,820,0,-13.70665,0.00000,2.85090
SNORM,821,0,-13.70665,0.00000,2.85090
SNORM,822,0,-13.70665,0.00000,2.85090
SNORM,824,0,-13.70665,0.00000,2.85090
SNORM,826,0,-13.70665,0.00000,2.85090
SNORM,828,0,-13.70665,0.00000,2.85090
SNORM,830,0,-13.70665,0.00000,2.85090
SNORM,832,0,-13.70665,0.00000,2.85090
SNORM,834,0,-13.70665,0.00000,2.85090
SNORM,836,0,-13.70665,0.00000,2.85090
SNORM,838,0,-13.70665,0.00000,2.85090
SNORM,840,0,-13.70665,0.00000,2.85090
SNORM,842,0,-12.12436,0.00000,7.00000
SNORM,844,0,-12.12436,0.00000,7.00000
SNORM,846,0,-12.12436,0.00000,7.00000
SNORM,848,0,-12.12436,0.00000,7.00000
SNORM,850,0,-12.12436,0.00000,7.00000
SNORM,852,0,-12.12436,0.00000,7.00000
SNORM,870,0,-13.70665,0.00000,2.85090
SNORM,893,0,-13.70665,0.00000,2.85090
SNORM,894,0,-13.70665,0.00000,2.85090
SNORM,895,0,-13.70665,0.00000,2.85090
SNORM,896,0,-13.70665,0.00000,2.85090
SNORM,911,0,-13.86631,0.00000,1.93011
SNORM,913,0,-13.86631,0.00000,1.93011
SNORM,915,0,-13.86631,0.00000,1.93011
SNORM,917,0,-13.86631,0.00000,1.93011
SNORM,919,0,-13.86631,0.00000,1.93011
SNORM,921,0,-13.86631,0.00000,1.93011
SNORM,934,0,-13.86631,0.00000,1.93011
SNORM,955,0,-13.86631,0.00000,1.93011
SNORM,957,0,-13.86631,0.00000,1.93011
SNORM,958,0,-13.86631,0.00000,1.93011
SNORM,959,0,-13.86631,0.00000,1.93011
SNORM,960,0,-13.86631,0.00000,1.93011
SNORM,961,0,-13.86631,0.00000,1.93011
SNORM,962,0,-13.86631,0.00000,1.93011
SNORM,963,0,-13.86631,0.00000,1.93011
SNORM,964,0,-13.86631,0.00000,1.93011
SNORM,965,0,-13.86631,0.00000,1.93011
SNORM,967,0,-13.86631,0.00000,1.93011
SNORM,969,0,-13.86631,0.00000,1.93011
SNORM,971,0,-13.86631,0.00000,1.93011
SNORM,973,0,-13.86631,0.00000,1.93011
SNORM,1019,0,-13.96572,0.00000,0.97915
SNORM,1024,0,-13.96572,0.00000,0.97915
SNORM,1025,0,-13.96572,0.00000,0.97915
SNORM,1026,0,-13.96572,0.00000,0.97915
SNORM,1027,0,-13.96572,0.00000,0.97915
SNORM,1028,0,-13.96572,0.00000,0.97915
SNORM,1029,0,-13.96572,0.00000,0.97915
SNORM,1031,0,-13.96572,0.00000,0.97915
SNORM,1033,0,-13.96572,0.00000,0.97915
SNORM,1035,0,-13.96572,0.00000,0.97915
SNORM,1037,0,-13.96572,0.00000,0.97915
SNORM,1039,0,-13.96572,0.00000,0.97915
SNORM,1041,0,-13.96572,0.00000,0.97915
SNORM,1043,0,-13.96572,0.00000,0.97915
SNORM,1045,0,-13.96572,0.00000,0.97915
SNORM,1047,0,-13.96572,0.00000,0.97915
SNORM,1049,0,-13.96572,0.00000,0.97915
SNORM,1051,0,-13.96572,0.00000,0.97915
SNORM,1063,0,-13.96572,0.00000,0.97915
SNORM,1065,0,-13.96572,0.00000,0.97915
SNORM,1067,0,-13.96572,0.00000,0.97915
SNORM,1102,0,-7.00000,0.00000,12.12436
SNORM,1104,0,-7.00000,0.00000,12.12436
SNORM,1106,0,-7.00000,0.00000,12.12436
SNORM,1108,0,-7.00000,0.00000,12.12436
SNORM,1110,0,-7.00000,0.00000,12.12436
SNORM,1115,0,-11.15370,0.00000,8.46138
SNORM,1117,0,-11.15370,0.00000,8.46138
SNORM,1119,0,-11.15370,0.00000,8.46138
SNORM,1121,0,-11.15370,0.00000,8.46138
SNORM,1123,0,-11.15370,0.00000,8.46138
SNORM,1125,0,-11.15370,0.00000,8.46138
SNORM,1127,0,-11.15370,0.00000,8.46138
SNORM,1129,0,-11.15370,0.00000,8.46138
SNORM,1140,0,-7.00000,0.00000,12.12436
SNORM,1163,0,-7.00000,0.00000,12.12436
SNORM,1164,0,-7.00000,0.00000,12.12436
SNORM,1165,0,-7.00000,0.00000,12.12436
SNORM,1166,0,-7.00000,0.00000,12.12436
SNORM,1167,0,-7.00000,0.00000,12.12436
SNORM,1168,0,-7.00000,0.00000,12.12436
SNORM,1169,0,-7.00000,0.00000,12.12436
SNORM,1170,0,-7.00000,0.00000,12.12436
SNORM,1171,0,-7.00000,0.00000,12.12436
SNORM,1173,0,-7.00000,0.00000,12.12436
SNORM,1177,0,-14.00000,0.00000,0.00000
SNORM,1179,0,-14.00000,0.00000,0.00000
SNORM,1181,0,-14.00000,0.00000,0.00000
SNORM,1183,0,-14.00000,0.00000,0.00000
SNORM,1185,0,-14.00000,0.00000,0.00000
SNORM,1187,0,-14.00000,0.00000,0.00000
SNORM,1189,0,-14.00000,0.00000,0.00000
SNORM,1191,0,-14.00000,0.00000,0.00000
SNORM,1204,0,-14.00000,0.00000,0.00000
SNORM,1227,0,-14.00000,0.00000,0.00000
SNORM,1228,0,-14.00000,0.00000,0.00000
SNORM,1229,0,-14.00000,0.00000,0.00000
SNORM,1230,0,-14.00000,0.00000,0.00000
SNORM,1231,0,-14.00000,0.00000,0.00000
SNORM,1232,0,-14.00000,0.00000,0.00000
SNORM,1233,0,-14.00000,0.00000,0.00000
SNORM,1234,0,-14.00000,0.00000,0.00000
SNORM,1235,0,-14.00000,0.00000,0.00000
SNORM,1341,0,-9.98508,0.00000,9.81316
SNORM,1382,0,-11.15370,0.00000,8.46138
SNORM,1384,0,-11.15370,0.00000,8.46138
SNORM,1386,0,-11.15370,0.00000,8.46138
SNORM,1398,0,-9.98508,0.00000,9.81316
SNORM,1400,0,-9.98508,0.00000,9.81316
SNORM,1409,0,-9.98508,0.00000,9.81316
SNORM,1411,0,-9.98508,0.00000,9.81316
SNORM,1413,0,-9.98508,0.00000,9.81316
SNORM,1415,0,-9.98508,0.00000,9.81316
SNORM,1417,0,-9.98508,0.00000,9.81316
SNORM,1419,0,-9.98508,0.00000,9.81316
SNORM,1421,0,-9.98508,0.00000,9.81316
SNORM,1423,0,-9.98508,0.00000,9.81316
SNORM,1425,0,-9.98508,0.00000,9.81316
SNORM,1427,0,-9.98508,0.00000,9.81316
SNORM,1431,0,-9.98508,0.00000,9.81316
SNORM,1442,0,-9.98508,0.00000,9.81316
SNORM,1443,0,-9.98508,0.00000,9.81316
SNORM,1445,0,-9.98508,0.00000,9.81316
SNORM,1465,0,-9.98508,0.00000,9.81316
SNORM,1653,0,-9.98508,0.00000,9.81316
SNORM,1655,0,-9.98508,0.00000,9.81316
SNORM,1657,0,-9.98508,0.00000,9.81316
SNORM,1659,0,-9.98508,0.00000,9.81316
SNORM,1661,0,-9.98508,0.00000,9.81316
SNORM,1663,0,-9.98508,0.00000,9.81316
SNORM,1665,0,-9.98508,0.00000,9.81316
SNORM,1667,0,-9.98508,0.00000,9.81316
SNORM,1669,0,-9.98508,0.00000,9.81316
SNORM,1670,0,-9.32228,0.00000,10.44486
SNORM,1932,0,-8.60468,0.00000,11.04353
SNORM,1934,0,-8.60468,0.00000,11.04353
SNORM,1936,0,-8.60468,0.00000,11.04353
SNORM,1937,0,-9.32228,0.00000,10.44486
SNORM,1938,0,-8.60468,0.00000,11.04353
SNORM,1940,0,-8.60468,0.00000,11.04353
SNORM,2193,0,-8.60468,0.00000,11.04353
SNORM,2195,0,-8.60468,0.00000,11.04353
SNORM,2197,0,-8.60468,0.00000,11.04353
SNORM,2199,0,-8.60468,0.00000,11.04353
SNORM,2200,0,-9.32228,0.00000,10.44486
SNORM,2201,0,-8.60468,0.00000,11.04353
SNORM,2203,0,-8.60468,0.00000,11.04353
SNORM,2205,0,-9.32228,0.00000,10.44486
SNORM,2207,0,-9.32228,0.00000,10.44486
SNORM,2447,0,-14.00000,0.00000,0.00000
SNORM,2449,0,-14.00000,0.00000,0.00000
SNORM,2451,0,-14.00000,0.00000,0.00000
SNORM,2453,0,-14.00000,0.00000,0.00000
SNORM,2455,0,-14.00000,0.00000,0.00000
SNORM,2457,0,-14.00000,0.00000,0.00000
SNORM,2459,0,-14.00000,0.00000,0.00000
SNORM,2461,0,-14.00000,0.00000,0.00000
SNORM,2467,0,-7.00000,0.00000,12.12436
SNORM,2469,0,-7.00000,0.00000,12.12436
SNORM,2471,0,-7.00000,0.00000,12.12436
SNORM,2473,0,-7.00000,0.00000,12.12436
SNORM,2475,0,-7.00000,0.00000,12.12436
SNORM,2477,0,-7.00000,0.00000,12.12436
SNORM,2479,0,-7.00000,0.00000,12.12436
SNORM,2492,0,-13.86631,0.00000,1.93011
SNORM,2494,0,-13.86631,0.00000,1.93011
SNORM,2496,0,-13.86631,0.00000,1.93011
SNORM,2498,0,-13.86631,0.00000,1.93011
SNORM,2500,0,-13.86631,0.00000,1.93011
SNORM,2502,0,-13.86631,0.00000,1.93011
SNORM,2504,0,-13.86631,0.00000,1.93011
SNORM,2506,0,-13.86631,0.00000,1.93011
SNORM,2508,0,-13.86631,0.00000,1.93011
SNORM,2510,0,-13.86631,0.00000,1.93011
SNORM,2512,0,-13.86631,0.00000,1.93011
SNORM,2524,0,-13.49099,0.00000,3.74076
SNORM,2526,0,-13.49099,0.00000,3.74076
SNORM,2528,0,-13.49099,0.00000,3.74076
SNORM,2530,0,-13.49099,0.00000,3.74076
SNORM,2532,0,-13.49099,0.00000,3.74076
SNORM,2534,0,-13.49099,0.00000,3.74076
SNORM,2536,0,-13.49099,0.00000,3.74076
SNORM,2538,0,-13.49099,0.00000,3.74076
SNORM,2540,0,-13.49099,0.00000,3.74076
SNORM,2542,0,-13.49099,0.00000,3.74076
SNORM,2543,0,-9.32228,0.00000,10.44486
SNORM,2544,0,-13.49099,0.00000,3.74076
SNORM,2556,0,-12.90462,0.00000,5.42870
SNORM,2558,0,-12.90462,0.00000,5.42870
SNORM,2560,0,-12.90462,0.00000,5.42870
SNORM,2562,0,-12.90462,0.00000,5.42870
SNORM,2564,0,-12.90462,0.00000,5.42870
SNORM,2566,0,-12.90462,0.00000,5.42870
SNORM,2568,0,-12.90462,0.00000,5.42870
SNORM,2570,0,-12.90462,0.00000,5.42870
SNORM,2572,0,-12.90462,0.00000,5.42870
SNORM,2574,0,-12.90462,0.00000,5.42870
SNORM,2576,0,-12.90462,0.00000,5.42870
SNORM,2581,0,-14.00000,0.00000,0.00000
SNORM,2582,0,-7.00000,0.00000,12.12436
SNORM,2583,0,-7.00000,0.00000,12.12436
SNORM,2584,0,-14.00000,0.00000,0.00000
SNORM,2586,0,-7.00000,0.00000,12.12436
SNORM,2587,0,-7.00000,0.00000,12.12436
SNORM,2605,0,-14.00000,0.00000,0.00000
SNORM,2629,0,-9.32228,0.00000,10.44486
SNORM,2667,0,-7.83083,0.00000,11.60509
SNORM,2669,0,-9.32228,0.00000,10.44486
SNORM,2682,0,-7.83083,0.00000,11.60509
SNORM,2683,0,-7.83083,0.00000,11.60509
SNORM,2684,0,-7.83083,0.00000,11.60509
SNORM,2685,0,-7.83083,0.00000,11.60509
SNORM,2686,0,-7.83083,0.00000,11.60509
SNORM,2688,0,-7.83083,0.00000,11.60509
SNORM,2690,0,-7.83083,0.00000,11.60509
SNORM,2692,0,-7.83083,0.00000,11.60509
SNORM,2694,0,-7.83083,0.00000,11.60509
SNORM,2696,0,-7.83083,0.00000,11.60509
SNORM,3303,0,-8.60468,0.00000,11.04353
SNORM,3468,0,-8.60468,0.00000,11.04353
SNORM,3656,0,-10.59493,0.00000,9.15137
SNORM,3657,0,-8.60468,0.00000,11.04353
SNORM,3658,0,-10.59493,0.00000,9.15137
SNORM,3659,0,-8.60468,0.00000,11.04353
SNORM,3660,0,-10.59493,0.00000,9.15137
SNORM,3662,0,-10.59493,0.00000,9.15137
SNORM,3679,0,-8.60468,0.00000,11.04353
SNORM,3680,0,-8.60468,0.00000,11.04353
SNORM,3681,0,-8.60468,0.00000,11.04353
SNORM,3684,0,-9.98508,0.00000,9.81316
SNORM,3686,0,-9.98508,0.00000,9.81316
SNORM,3687,0,-8.60468,0.00000,11.04353
SNORM,3688,0,-9.98508,0.00000,9.81316
SNORM,3690,0,-9.98508,0.00000,9.81316
SNORM,3692,0,-9.98508,0.00000,9.81316
SNORM,3738,0,-8.60468,0.00000,11.04353
SNORM,3744,0,-9.32228,0.00000,10.44486
SNORM,3768,0,-8.60468,0.00000,11.04353
SNORM,3770,0,-9.32228,0.00000,10.44486
SNORM,3771,0,-9.32228,0.00000,10.44486
SNORM,3790,0,-8.60468,0.00000,11.04353
SNORM,3792,0,-8.60468,0.00000,11.04353
SNORM,3808,0,-9.32228,0.00000,10.44486
SNORM,3886,0,-9.32228,0.00000,10.44486
SNORM,3887,0,-9.32228,0.00000,10.44486
SNORM,3888,0,-9.32228,0.00000,10.44486
SNORM,3889,0,-9.32228,0.00000,10.44486
SNORM,3890,0,-9.32228,0.00000,10.44486
SNORM,3891,0,-9.32228,0.00000,10.44486
SNORM,3892,0,-9.32228,0.00000,10.44486
SNORM,3893,0,-9.32228,0.00000,10.44486
SNORM,3894,0,-9.32228,0.00000,10.44486


$ big
SNORM,2,0,-15.50875,0.00000,43.30680
SNORM,7,0,-17.26245,0.00000,42.63810
SNORM,9,0,1.11794,0.00000,45.98641
SNORM,10,0,-43.55879,0.00000,14.78622
SNORM,12,0,-36.49425,0.00000,28.00303
SNORM,13,0,1.11794,0.00000,45.98641
SNORM,14,0,-25.55623,0.00000,38.24760
SNORM,16,0,-11.90568,0.00000,44.43259
SNORM,17,0,1.11794,0.00000,45.98641
SNORM,18,0,3.00854,0.00000,45.90151
SNORM,20,0,17.60344,0.00000,42.49846
SNORM,21,0,2.06232,0.00000,45.95375
SNORM,22,0,30.32991,0.00000,34.58463
SNORM,24,0,39.83717,0.00000,23.00000
SNORM,26,0,-43.55879,0.00000,14.78622
SNORM,27,0,1.11794,0.00000,45.98641
SNORM,28,0,-36.49425,0.00000,28.00303
SNORM,30,0,-25.55623,0.00000,38.24760
SNORM,31,0,1.11794,0.00000,45.98641
SNORM,32,0,-11.90568,0.00000,44.43259
SNORM,34,0,3.00854,0.00000,45.90151
SNORM,35,0,25.86179,0.00000,38.04166
SNORM,36,0,17.60344,0.00000,42.49846
SNORM,38,0,30.32991,0.00000,34.58463
SNORM,40,0,39.83717,0.00000,23.00000
SNORM,41,0,1.11794,0.00000,45.98641
SNORM,43,0,1.11794,0.00000,45.98641
SNORM,45,0,1.11794,0.00000,45.98641
SNORM,47,0,-18.12743,0.00000,42.27761
SNORM,56,0,24.29112,0.00000,39.06330
SNORM,58,0,-43.55879,0.00000,14.78622
SNORM,60,0,-36.49425,0.00000,28.00303
SNORM,61,0,0.17543,0.00000,45.99967
SNORM,62,0,-25.55623,0.00000,38.24760
SNORM,64,0,-11.90568,0.00000,44.43259
SNORM,65,0,0.17543,0.00000,45.99967
SNORM,66,0,3.00854,0.00000,45.90151
SNORM,68,0,17.60344,0.00000,42.49846
SNORM,69,0,24.29112,0.00000,39.06330
SNORM,70,0,30.32991,0.00000,34.58463
SNORM,72,0,39.83717,0.00000,23.00000
SNORM,74,0,-43.55879,0.00000,14.78622
SNORM,75,0,-43.55879,0.00000,14.78622
SNORM,76,0,-36.49425,0.00000,28.00303
SNORM,77,0,-36.49425,0.00000,28.00303
SNORM,78,0,-25.55623,0.00000,38.24760
SNORM,79,0,-25.55623,0.00000,38.24760
SNORM,80,0,-11.90568,0.00000,44.43259
SNORM,81,0,-11.90568,0.00000,44.43259
SNORM,82,0,3.00854,0.00000,45.90151
SNORM,83,0,3.00854,0.00000,45.90151
SNORM,84,0,17.60344,0.00000,42.49846
SNORM,85,0,17.60344,0.00000,42.49846
SNORM,86,0,30.32991,0.00000,34.58463
SNORM,87,0,30.32991,0.00000,34.58463
SNORM,88,0,39.83717,0.00000,23.00000
SNORM,89,0,2.06232,0.00000,45.95375
SNORM,91,0,0.17543,0.00000,45.99967
SNORM,92,0,23.49068,0.00000,39.54982
SNORM,93,0,23.49068,0.00000,39.54982
SNORM,95,0,24.29112,0.00000,39.06330
SNORM,97,0,24.29112,0.00000,39.06330
SNORM,98,0,39.83717,0.00000,23.00000
SNORM,99,0,24.29112,0.00000,39.06330
SNORM,100,0,39.83717,0.00000,23.00000
SNORM,101,0,-37.06338,0.00000,27.24529
SNORM,102,0,24.29112,0.00000,39.06330
SNORM,103,0,25.86179,0.00000,38.04166
SNORM,104,0,-37.06338,0.00000,27.24529
SNORM,105,0,24.29112,0.00000,39.06330
SNORM,106,0,35.55848,0.00000,29.18209
SNORM,107,0,-37.06338,0.00000,27.24529
SNORM,108,0,35.55848,0.00000,29.18209
SNORM,109,0,-37.06338,0.00000,27.24529
SNORM,110,0,35.55848,0.00000,29.18209
SNORM,111,0,0.17543,0.00000,45.99967
SNORM,112,0,35.55848,0.00000,29.18209
SNORM,113,0,-37.06338,0.00000,27.24529
SNORM,114,0,-37.06338,0.00000,27.24529
SNORM,115,0,-37.06338,0.00000,27.24529
SNORM,117,0,25.86179,0.00000,38.04166
SNORM,118,0,30.32991,0.00000,34.58463
SNORM,124,0,-37.06338,0.00000,27.24529
SNORM,125,0,0.17543,0.00000,45.99967
SNORM,126,0,24.29112,0.00000,39.06330
SNORM,128,0,24.29112,0.00000,39.06330
SNORM,130,0,24.29112,0.00000,39.06330
SNORM,132,0,24.29112,0.00000,39.06330
SNORM,133,0,2.06232,0.00000,45.95375
SNORM,134,0,24.29112,0.00000,39.06330
SNORM,135,0,24.29112,0.00000,39.06330
SNORM,137,0,-15.50875,0.00000,43.30680
SNORM,138,0,-18.12743,0.00000,42.27761
SNORM,139,0,0.17543,0.00000,45.99967
SNORM,140,0,17.60344,0.00000,42.49846
SNORM,142,0,-45.38559,0.00000,7.49319
SNORM,144,0,-45.38559,0.00000,7.49319
SNORM,149,0,0.17543,0.00000,45.99967
SNORM,150,0,10.44551,0.00000,44.79834
SNORM,151,0,-37.06338,0.00000,27.24529
SNORM,152,0,10.44551,0.00000,44.79834
SNORM,154,0,10.44551,0.00000,44.79834
SNORM,156,0,10.44551,0.00000,44.79834
SNORM,158,0,-37.06338,0.00000,27.24529
SNORM,162,0,3.00854,0.00000,45.90151
SNORM,163,0,-45.38559,0.00000,7.49319
SNORM,165,0,-45.38559,0.00000,7.49319
SNORM,166,0,23.49068,0.00000,39.54982
SNORM,168,0,-37.06338,0.00000,27.24529
SNORM,169,0,-37.06338,0.00000,27.24529
SNORM,170,0,-37.06338,0.00000,27.24529
SNORM,172,0,-4.50879,0.00000,45.77850
SNORM,174,0,-4.50879,0.00000,45.77850
SNORM,175,0,-37.06338,0.00000,27.24529
SNORM,176,0,-4.50879,0.00000,45.77850
SNORM,177,0,-37.06338,0.00000,27.24529
SNORM,178,0,-4.50879,0.00000,45.77850
SNORM,179,0,-37.06338,0.00000,27.24529
SNORM,181,0,-37.06338,0.00000,27.24529
SNORM,182,0,-18.12743,0.00000,42.27761
SNORM,183,0,0.17543,0.00000,45.99967
SNORM,184,0,-11.90568,0.00000,44.43259
SNORM,186,0,2.06232,0.00000,45.95375
SNORM,192,0,23.49068,0.00000,39.54982
SNORM,193,0,0.17543,0.00000,45.99967
SNORM,194,0,-18.98452,0.00000,41.89974
SNORM,195,0,23.49068,0.00000,39.54982
SNORM,196,0,-18.98452,0.00000,41.89974
SNORM,198,0,-18.98452,0.00000,41.89974
SNORM,200,0,-18.98452,0.00000,41.89974
SNORM,201,0,0.17543,0.00000,45.99967
SNORM,202,0,0.17543,0.00000,45.99967
SNORM,203,0,0.17543,0.00000,45.99967
SNORM,205,0,23.49068,0.00000,39.54982
SNORM,206,0,-25.55623,0.00000,38.24760
SNORM,207,0,-20.67510,0.00000,41.09185
SNORM,209,0,2.06232,0.00000,45.95375
SNORM,210,0,2.06232,0.00000,45.95375
SNORM,212,0,23.49068,0.00000,39.54982
SNORM,213,0,23.49068,0.00000,39.54982
SNORM,214,0,23.49068,0.00000,39.54982
SNORM,215,0,23.49068,0.00000,39.54982
SNORM,216,0,-31.44525,0.00000,33.57375
SNORM,217,0,23.49068,0.00000,39.54982
SNORM,218,0,-31.44525,0.00000,33.57375
SNORM,219,0,23.49068,0.00000,39.54982
SNORM,220,0,-31.44525,0.00000,33.57375
SNORM,221,0,23.49068,0.00000,39.54982
SNORM,222,0,-31.44525,0.00000,33.57375
SNORM,224,0,2.06232,0.00000,45.95375
SNORM,225,0,23.49068,0.00000,39.54982
SNORM,226,0,24.29112,0.00000,39.06330
SNORM,227,0,23.49068,0.00000,39.54982
SNORM,228,0,-36.49425,0.00000,28.00303
SNORM,230,0,23.49068,0.00000,39.54982
SNORM,237,0,23.49068,0.00000,39.54982
SNORM,238,0,-40.56838,0.00000,21.68425
SNORM,239,0,23.49068,0.00000,39.54982
SNORM,240,0,-40.56838,0.00000,21.68425
SNORM,242,0,-40.56838,0.00000,21.68425
SNORM,244,0,-40.56838,0.00000,21.68425
SNORM,246,0,23.49068,0.00000,39.54982
SNORM,248,0,2.06232,0.00000,45.95375
SNORM,249,0,23.49068,0.00000,39.54982
SNORM,250,0,-43.55879,0.00000,14.78622
SNORM,252,0,23.49068,0.00000,39.54982
SNORM,258,0,-43.85414,0.00000,13.88576
SNORM,261,0,2.06232,0.00000,45.95375
SNORM,262,0,-44.38686,0.00000,12.07505
SNORM,263,0,-43.55879,0.00000,14.78622
SNORM,264,0,-18.98452,0.00000,41.89974
SNORM,265,0,-36.49425,0.00000,28.00303
SNORM,266,0,-32.78642,0.00000,32.26532
SNORM,267,0,-25.55623,0.00000,38.24760
SNORM,268,0,-34.07532,0.00000,30.90101
SNORM,269,0,-11.90568,0.00000,44.43259
SNORM,270,0,-45.96107,0.00000,1.89211
SNORM,271,0,3.00854,0.00000,45.90151
SNORM,273,0,17.60344,0.00000,42.49846
SNORM,275,0,30.32991,0.00000,34.58463
SNORM,276,0,-10.06797,0.00000,44.88470
SNORM,277,0,39.83717,0.00000,23.00000
SNORM,279,0,-43.55879,0.00000,14.78622
SNORM,280,0,-43.55879,0.00000,14.78622
SNORM,281,0,-36.49425,0.00000,28.00303
SNORM,282,0,-36.49425,0.00000,28.00303
SNORM,283,0,-25.55623,0.00000,38.24760
SNORM,284,0,-25.55623,0.00000,38.24760
SNORM,285,0,-11.90568,0.00000,44.43259
SNORM,286,0,-11.90568,0.00000,44.43259
SNORM,287,0,3.00854,0.00000,45.90151
SNORM,288,0,3.00854,0.00000,45.90151
SNORM,289,0,17.60344,0.00000,42.49846
SNORM,290,0,17.60344,0.00000,42.49846
SNORM,291,0,30.32991,0.00000,34.58463
SNORM,292,0,30.32991,0.00000,34.58463
SNORM,293,0,39.83717,0.00000,23.00000
SNORM,294,0,11.35552,0.00000,44.57636
SNORM,295,0,-45.04279,0.00000,9.33526
SNORM,296,0,-32.78642,0.00000,32.26532
SNORM,297,0,-45.75857,0.00000,4.70675
SNORM,298,0,25.08149,0.00000,38.56059
SNORM,299,0,-38.14986,0.00000,25.70191
SNORM,300,0,-35.31153,0.00000,29.48043
SNORM,301,0,-25.55623,0.00000,38.24760
SNORM,302,0,22.68015,0.00000,40.02013
SNORM,303,0,39.83717,0.00000,23.00000
SNORM,304,0,22.68015,0.00000,40.02013
SNORM,305,0,39.83717,0.00000,23.00000
SNORM,306,0,22.68015,0.00000,40.02013
SNORM,307,0,39.83717,0.00000,23.00000
SNORM,308,0,22.68015,0.00000,40.02013
SNORM,309,0,39.83717,0.00000,23.00000
SNORM,310,0,22.68015,0.00000,40.02013
SNORM,311,0,39.83717,0.00000,23.00000
SNORM,313,0,39.83717,0.00000,23.00000
SNORM,315,0,39.83717,0.00000,23.00000
SNORM,317,0,39.83717,0.00000,23.00000
SNORM,319,0,39.83717,0.00000,23.00000
SNORM,320,0,-38.14986,0.00000,25.70191
SNORM,321,0,-20.67510,0.00000,41.09185
SNORM,322,0,22.68015,0.00000,40.02013
SNORM,323,0,22.68015,0.00000,40.02013
SNORM,324,0,22.68015,0.00000,40.02013
SNORM,325,0,22.68015,0.00000,40.02013
SNORM,326,0,22.68015,0.00000,40.02013
SNORM,327,0,0.17543,0.00000,45.99967
SNORM,328,0,0.17543,0.00000,45.99967
SNORM,329,0,0.17543,0.00000,45.99967
SNORM,331,0,-38.14986,0.00000,25.70191
SNORM,332,0,38.85740,0.00000,24.61915
SNORM,333,0,-38.14986,0.00000,25.70191
SNORM,334,0,38.85740,0.00000,24.61915
SNORM,335,0,-20.67510,0.00000,41.09185
SNORM,336,0,38.85740,0.00000,24.61915
SNORM,337,0,-15.50875,0.00000,43.30680
SNORM,338,0,38.85740,0.00000,24.61915
SNORM,339,0,2.06232,0.00000,45.95375
SNORM,340,0,38.85740,0.00000,24.61915
SNORM,341,0,2.06232,0.00000,45.95375
SNORM,342,0,38.85740,0.00000,24.61915
SNORM,343,0,-18.12743,0.00000,42.27761
SNORM,344,0,38.85740,0.00000,24.61915
SNORM,345,0,25.86179,0.00000,38.04166
SNORM,346,0,38.85740,0.00000,24.61915
SNORM,347,0,1.11794,0.00000,45.98641
SNORM,348,0,38.85740,0.00000,24.61915
SNORM,349,0,25.86179,0.00000,38.04166
SNORM,350,0,38.85740,0.00000,24.61915
SNORM,352,0,38.85740,0.00000,24.61915
SNORM,362,0,25.86179,0.00000,38.04166
SNORM,364,0,37.81719,0.00000,26.18893
SNORM,366,0,37.81719,0.00000,26.18893
SNORM,368,0,37.81719,0.00000,26.18893
SNORM,370,0,37.81719,0.00000,26.18893
SNORM,372,0,37.81719,0.00000,26.18893
SNORM,374,0,37.81719,0.00000,26.18893
SNORM,375,0,22.68015,0.00000,40.02013
SNORM,376,0,37.81719,0.00000,26.18893
SNORM,377,0,-36.49425,0.00000,28.00303
SNORM,378,0,37.81719,0.00000,26.18893
SNORM,379,0,-36.49425,0.00000,28.00303
SNORM,380,0,37.81719,0.00000,26.18893
SNORM,381,0,-36.49425,0.00000,28.00303
SNORM,382,0,37.81719,0.00000,26.18893
SNORM,383,0,-12.81847,0.00000,44.17790
SNORM,384,0,37.81719,0.00000,26.18893
SNORM,385,0,-36.49425,0.00000,28.00303
SNORM,386,0,-36.49425,0.00000,28.00303
SNORM,387,0,-36.49425,0.00000,28.00303
SNORM,388,0,-36.49425,0.00000,28.00303
SNORM,389,0,-36.49425,0.00000,28.00303
SNORM,390,0,-36.49425,0.00000,28.00303
SNORM,391,0,-36.49425,0.00000,28.00303
SNORM,392,0,-36.49425,0.00000,28.00303
SNORM,393,0,-36.49425,0.00000,28.00303
SNORM,394,0,-36.49425,0.00000,28.00303
SNORM,395,0,-36.49425,0.00000,28.00303
SNORM,396,0,36.71740,0.00000,27.70980
SNORM,397,0,1.11794,0.00000,45.98641
SNORM,398,0,36.71740,0.00000,27.70980
SNORM,399,0,25.86179,0.00000,38.04166
SNORM,400,0,36.71740,0.00000,27.70980
SNORM,401,0,25.86179,0.00000,38.04166
SNORM,402,0,36.71740,0.00000,27.70980
SNORM,403,0,-14.61998,0.00000,43.61486
SNORM,404,0,36.71740,0.00000,27.70980
SNORM,405,0,-15.50875,0.00000,43.30680
SNORM,406,0,36.71740,0.00000,27.70980
SNORM,407,0,22.68015,0.00000,40.02013
SNORM,408,0,36.71740,0.00000,27.70980
SNORM,409,0,22.68015,0.00000,40.02013
SNORM,410,0,36.71740,0.00000,27.70980
SNORM,411,0,22.68015,0.00000,40.02013
SNORM,412,0,36.71740,0.00000,27.70980
SNORM,413,0,22.68015,0.00000,40.02013
SNORM,414,0,36.71740,0.00000,27.70980
SNORM,416,0,36.71740,0.00000,27.70980
SNORM,417,0,-18.12743,0.00000,42.27761
SNORM,418,0,25.86179,0.00000,38.04166
SNORM,419,0,-20.67510,0.00000,41.09185
SNORM,420,0,-14.61998,0.00000,43.61486
SNORM,421,0,-18.12743,0.00000,42.27761
SNORM,426,0,22.68015,0.00000,40.02013
SNORM,428,0,35.55848,0.00000,29.18209
SNORM,430,0,35.55848,0.00000,29.18209
SNORM,432,0,35.55848,0.00000,29.18209
SNORM,434,0,35.55848,0.00000,29.18209
SNORM,436,0,35.55848,0.00000,29.18209
SNORM,438,0,35.55848,0.00000,29.18209
SNORM,440,0,35.55848,0.00000,29.18209
SNORM,442,0,35.55848,0.00000,29.18209
SNORM,444,0,35.55848,0.00000,29.18209
SNORM,446,0,35.55848,0.00000,29.18209
SNORM,447,0,-9.14615,0.00000,45.08157
SNORM,448,0,35.55848,0.00000,29.18209
SNORM,449,0,22.68015,0.00000,40.02013
SNORM,450,0,22.68015,0.00000,40.02013
SNORM,451,0,22.68015,0.00000,40.02013
SNORM,452,0,22.68015,0.00000,40.02013
SNORM,453,0,22.68015,0.00000,40.02013
SNORM,454,0,25.86179,0.00000,38.04166
SNORM,455,0,1.11794,0.00000,45.98641
SNORM,456,0,-18.12743,0.00000,42.27761
SNORM,457,0,-20.67510,0.00000,41.09185
SNORM,459,0,-20.67510,0.00000,41.09185
SNORM,460,0,34.34057,0.00000,30.60597
SNORM,461,0,-14.61998,0.00000,43.61486
SNORM,462,0,34.34057,0.00000,30.60597
SNORM,463,0,-18.12743,0.00000,42.27761
SNORM,464,0,34.34057,0.00000,30.60597
SNORM,465,0,-18.12743,0.00000,42.27761
SNORM,466,0,34.34057,0.00000,30.60597
SNORM,467,0,-36.49425,0.00000,28.00303
SNORM,468,0,34.34057,0.00000,30.60597
SNORM,469,0,-15.50875,0.00000,43.30680
SNORM,470,0,34.34057,0.00000,30.60597
SNORM,471,0,21.85952,0.00000,40.47421
SNORM,472,0,34.34057,0.00000,30.60597
SNORM,473,0,21.85952,0.00000,40.47421
SNORM,474,0,34.34057,0.00000,30.60597
SNORM,475,0,21.85952,0.00000,40.47421
SNORM,476,0,34.34057,0.00000,30.60597
SNORM,477,0,21.85952,0.00000,40.47421
SNORM,478,0,34.34057,0.00000,30.60597
SNORM,479,0,21.85952,0.00000,40.47421
SNORM,480,0,34.34057,0.00000,30.60597
SNORM,486,0,21.85952,0.00000,40.47421
SNORM,487,0,21.85952,0.00000,40.47421
SNORM,488,0,21.85952,0.00000,40.47421
SNORM,489,0,21.85952,0.00000,40.47421
SNORM,490,0,21.85952,0.00000,40.47421
SNORM,491,0,21.85952,0.00000,40.47421
SNORM,492,0,33.06348,0.00000,31.98134
SNORM,493,0,21.85952,0.00000,40.47421
SNORM,494,0,33.06348,0.00000,31.98134
SNORM,495,0,21.85952,0.00000,40.47421
SNORM,496,0,33.06348,0.00000,31.98134
SNORM,497,0,21.85952,0.00000,40.47421
SNORM,498,0,33.06348,0.00000,31.98134
SNORM,499,0,21.85952,0.00000,40.47421
SNORM,500,0,33.06348,0.00000,31.98134
SNORM,502,0,33.06348,0.00000,31.98134
SNORM,504,0,33.06348,0.00000,31.98134
SNORM,506,0,33.06348,0.00000,31.98134
SNORM,508,0,33.06348,0.00000,31.98134
SNORM,510,0,33.06348,0.00000,31.98134
SNORM,512,0,33.06348,0.00000,31.98134
SNORM,513,0,21.85952,0.00000,40.47421
SNORM,514,0,21.85952,0.00000,40.47421
SNORM,515,0,21.85952,0.00000,40.47421
SNORM,516,0,21.85952,0.00000,40.47421
SNORM,517,0,21.85952,0.00000,40.47421
SNORM,518,0,-19.83375,0.00000,41.50449
SNORM,519,0,-10.06797,0.00000,44.88470
SNORM,520,0,-25.55623,0.00000,38.24760
SNORM,521,0,0.17543,0.00000,45.99967
SNORM,524,0,31.72680,0.00000,33.30781
SNORM,526,0,31.72680,0.00000,33.30781
SNORM,528,0,31.72680,0.00000,33.30781
SNORM,530,0,31.72680,0.00000,33.30781
SNORM,532,0,31.72680,0.00000,33.30781
SNORM,534,0,31.72680,0.00000,33.30781
SNORM,536,0,31.72680,0.00000,33.30781
SNORM,538,0,31.72680,0.00000,33.30781
SNORM,540,0,31.72680,0.00000,33.30781
SNORM,541,0,-35.90964,0.00000,28.74887
SNORM,542,0,31.72680,0.00000,33.30781
SNORM,544,0,31.72680,0.00000,33.30781
SNORM,545,0,-25.55623,0.00000,38.24760
SNORM,546,0,-25.55623,0.00000,38.24760
SNORM,547,0,-25.55623,0.00000,38.24760
SNORM,548,0,-25.55623,0.00000,38.24760
SNORM,549,0,-25.55623,0.00000,38.24760
SNORM,550,0,9.53116,0.00000,45.00174
SNORM,551,0,-10.06797,0.00000,44.88470
SNORM,552,0,-35.90964,0.00000,28.74887
SNORM,554,0,-35.90964,0.00000,28.74887
SNORM,555,0,0.17543,0.00000,45.99967
SNORM,556,0,-35.90964,0.00000,28.74887
SNORM,557,0,30.32991,0.00000,34.58463
SNORM,558,0,-35.90964,0.00000,28.74887
SNORM,559,0,30.32991,0.00000,34.58463
SNORM,560,0,-35.90964,0.00000,28.74887
SNORM,561,0,30.32991,0.00000,34.58463
SNORM,562,0,-25.55623,0.00000,38.24760
SNORM,563,0,30.32991,0.00000,34.58463
SNORM,564,0,21.85952,0.00000,40.47421
SNORM,565,0,30.32991,0.00000,34.58463
SNORM,566,0,-36.49425,0.00000,28.00303
SNORM,567,0,30.32991,0.00000,34.58463
SNORM,568,0,-25.55623,0.00000,38.24760
SNORM,569,0,30.32991,0.00000,34.58463
SNORM,570,0,-25.55623,0.00000,38.24760
SNORM,571,0,30.32991,0.00000,34.58463
SNORM,572,0,-30.75510,0.00000,34.20707
SNORM,573,0,-30.75510,0.00000,34.20707
SNORM,574,0,-30.75510,0.00000,34.20707
SNORM,575,0,11.35552,0.00000,44.57636
SNORM,576,0,-31.44525,0.00000,33.57375
SNORM,577,0,-31.44525,0.00000,33.57375
SNORM,578,0,-16.38956,0.00000,42.98118
SNORM,579,0,-44.13012,0.00000,12.98201
SNORM,580,0,-5.43999,0.00000,45.67720
SNORM,582,0,-44.13012,0.00000,12.98201
SNORM,584,0,-44.13012,0.00000,12.98201
SNORM,586,0,-44.13012,0.00000,12.98201
SNORM,588,0,-44.13012,0.00000,12.98201
SNORM,590,0,-44.13012,0.00000,12.98201
SNORM,596,0,-36.49425,0.00000,28.00303
SNORM,598,0,-25.55623,0.00000,38.24760
SNORM,599,0,-17.26245,0.00000,42.63810
SNORM,600,0,-25.55623,0.00000,38.24760
SNORM,602,0,28.88168,0.00000,35.80291
SNORM,603,0,-25.55623,0.00000,38.24760
SNORM,604,0,28.88168,0.00000,35.80291
SNORM,605,0,-10.06797,0.00000,44.88470
SNORM,606,0,28.88168,0.00000,35.80291
SNORM,607,0,-0.76519,0.00000,45.99364
SNORM,608,0,28.88168,0.00000,35.80291
SNORM,609,0,-0.76519,0.00000,45.99364
SNORM,610,0,28.88168,0.00000,35.80291
SNORM,612,0,28.88168,0.00000,35.80291
SNORM,614,0,28.88168,0.00000,35.80291
SNORM,616,0,28.88168,0.00000,35.80291
SNORM,618,0,28.88168,0.00000,35.80291
SNORM,620,0,28.88168,0.00000,35.80291
SNORM,621,0,-25.55623,0.00000,38.24760
SNORM,622,0,28.88168,0.00000,35.80291
SNORM,623,0,-25.55623,0.00000,38.24760
SNORM,624,0,-25.55623,0.00000,38.24760
SNORM,625,0,-0.76519,0.00000,45.99364
SNORM,626,0,-0.76519,0.00000,45.99364
SNORM,627,0,-0.76519,0.00000,45.99364
SNORM,628,0,-36.49425,0.00000,28.00303
SNORM,629,0,9.53116,0.00000,45.00174
SNORM,631,0,-25.55623,0.00000,38.24760
SNORM,633,0,-25.55623,0.00000,38.24760
SNORM,634,0,27.39208,0.00000,36.95502
SNORM,635,0,-10.06797,0.00000,44.88470
SNORM,636,0,27.39208,0.00000,36.95502
SNORM,638,0,27.39208,0.00000,36.95502
SNORM,640,0,27.39208,0.00000,36.95502
SNORM,641,0,-35.90964,0.00000,28.74887
SNORM,642,0,27.39208,0.00000,36.95502
SNORM,643,0,21.02874,0.00000,40.91200
SNORM,644,0,27.39208,0.00000,36.95502
SNORM,645,0,21.02874,0.00000,40.91200
SNORM,646,0,27.39208,0.00000,36.95502
SNORM,647,0,21.02874,0.00000,40.91200
SNORM,648,0,27.39208,0.00000,36.95502
SNORM,649,0,21.02874,0.00000,40.91200
SNORM,650,0,27.39208,0.00000,36.95502
SNORM,651,0,21.02874,0.00000,40.91200
SNORM,652,0,27.39208,0.00000,36.95502
SNORM,654,0,27.39208,0.00000,36.95502
SNORM,664,0,21.02874,0.00000,40.91200
SNORM,666,0,25.86179,0.00000,38.04166
SNORM,668,0,25.86179,0.00000,38.04166
SNORM,670,0,25.86179,0.00000,38.04166
SNORM,672,0,25.86179,0.00000,38.04166
SNORM,674,0,25.86179,0.00000,38.04166
SNORM,675,0,-0.76519,0.00000,45.99364
SNORM,676,0,25.86179,0.00000,38.04166
SNORM,677,0,21.02874,0.00000,40.91200
SNORM,678,0,25.86179,0.00000,38.04166
SNORM,679,0,21.02874,0.00000,40.91200
SNORM,680,0,25.86179,0.00000,38.04166
SNORM,681,0,21.02874,0.00000,40.91200
SNORM,682,0,25.86179,0.00000,38.04166
SNORM,683,0,21.02874,0.00000,40.91200
SNORM,684,0,25.86179,0.00000,38.04166
SNORM,685,0,-35.90964,0.00000,28.74887
SNORM,686,0,25.86179,0.00000,38.04166
SNORM,687,0,21.02874,0.00000,40.91200
SNORM,688,0,21.02874,0.00000,40.91200
SNORM,689,0,21.02874,0.00000,40.91200
SNORM,690,0,21.02874,0.00000,40.91200
SNORM,691,0,21.02874,0.00000,40.91200
SNORM,692,0,21.02874,0.00000,40.91200
SNORM,693,0,21.02874,0.00000,40.91200
SNORM,694,0,21.02874,0.00000,40.91200
SNORM,695,0,21.02874,0.00000,40.91200
SNORM,696,0,21.02874,0.00000,40.91200
SNORM,697,0,21.02874,0.00000,40.91200
SNORM,698,0,24.29112,0.00000,39.06330
SNORM,699,0,-35.90964,0.00000,28.74887
SNORM,700,0,24.29112,0.00000,39.06330
SNORM,701,0,-35.90964,0.00000,28.74887
SNORM,702,0,24.29112,0.00000,39.06330
SNORM,703,0,-35.90964,0.00000,28.74887
SNORM,704,0,24.29112,0.00000,39.06330
SNORM,705,0,-19.83375,0.00000,41.50449
SNORM,706,0,24.29112,0.00000,39.06330
SNORM,707,0,-0.76519,0.00000,45.99364
SNORM,708,0,24.29112,0.00000,39.06330
SNORM,709,0,-0.76519,0.00000,45.99364
SNORM,710,0,24.29112,0.00000,39.06330
SNORM,711,0,-0.76519,0.00000,45.99364
SNORM,712,0,24.29112,0.00000,39.06330
SNORM,713,0,-0.76519,0.00000,45.99364
SNORM,714,0,24.29112,0.00000,39.06330
SNORM,715,0,-10.06797,0.00000,44.88470
SNORM,716,0,24.29112,0.00000,39.06330
SNORM,718,0,24.29112,0.00000,39.06330
SNORM,719,0,-35.90964,0.00000,28.74887
SNORM,720,0,-35.90964,0.00000,28.74887
SNORM,721,0,-35.90964,0.00000,28.74887
SNORM,722,0,-10.06797,0.00000,44.88470
SNORM,728,0,-19.83375,0.00000,41.50449
SNORM,730,0,22.68015,0.00000,40.02013
SNORM,732,0,22.68015,0.00000,40.02013
SNORM,734,0,22.68015,0.00000,40.02013
SNORM,736,0,22.68015,0.00000,40.02013
SNORM,738,0,22.68015,0.00000,40.02013
SNORM,740,0,22.68015,0.00000,40.02013
SNORM,742,0,22.68015,0.00000,40.02013
SNORM,744,0,22.68015,0.00000,40.02013
SNORM,746,0,22.68015,0.00000,40.02013
SNORM,748,0,22.68015,0.00000,40.02013
SNORM,749,0,-35.90964,0.00000,28.74887
SNORM,750,0,22.68015,0.00000,40.02013
SNORM,751,0,-19.83375,0.00000,41.50449
SNORM,752,0,-10.06797,0.00000,44.88470
SNORM,753,0,-13.72323,0.00000,43.90527
SNORM,754,0,-10.06797,0.00000,44.88470
SNORM,755,0,-35.90964,0.00000,28.74887
SNORM,756,0,-35.90964,0.00000,28.74887
SNORM,757,0,-35.90964,0.00000,28.74887
SNORM,758,0,-35.90964,0.00000,28.74887
SNORM,759,0,-35.90964,0.00000,28.74887
SNORM,761,0,-35.90964,0.00000,28.74887
SNORM,762,0,21.02874,0.00000,40.91200
SNORM,763,0,-10.06797,0.00000,44.88470
SNORM,764,0,21.02874,0.00000,40.91200
SNORM,765,0,-19.83375,0.00000,41.50449
SNORM,766,0,21.02874,0.00000,40.91200
SNORM,767,0,-10.06797,0.00000,44.88470
SNORM,768,0,21.02874,0.00000,40.91200
SNORM,769,0,-10.06797,0.00000,44.88470
SNORM,770,0,21.02874,0.00000,40.91200
SNORM,771,0,-13.72323,0.00000,43.90527
SNORM,772,0,21.02874,0.00000,40.91200
SNORM,773,0,-19.83375,0.00000,41.50449
SNORM,774,0,21.02874,0.00000,40.91200
SNORM,775,0,-35.31153,0.00000,29.48043
SNORM,776,0,21.02874,0.00000,40.91200
SNORM,777,0,-35.31153,0.00000,29.48043
SNORM,778,0,21.02874,0.00000,40.91200
SNORM,779,0,-35.31153,0.00000,29.48043
SNORM,780,0,21.02874,0.00000,40.91200
SNORM,781,0,-35.31153,0.00000,29.48043
SNORM,782,0,21.02874,0.00000,40.91200
SNORM,787,0,-24.76290,0.00000,38.76595
SNORM,788,0,-10.06797,0.00000,44.88470
SNORM,789,0,-35.31153,0.00000,29.48043
SNORM,790,0,-35.31153,0.00000,29.48043
SNORM,791,0,-35.31153,0.00000,29.48043
SNORM,792,0,-35.31153,0.00000,29.48043
SNORM,793,0,-35.31153,0.00000,29.48043
SNORM,794,0,19.33662,0.00000,41.73841
SNORM,795,0,-35.31153,0.00000,29.48043
SNORM,796,0,19.33662,0.00000,41.73841
SNORM,797,0,-35.31153,0.00000,29.48043
SNORM,798,0,19.33662,0.00000,41.73841
SNORM,799,0,-35.31153,0.00000,29.48043
SNORM,800,0,19.33662,0.00000,41.73841
SNORM,801,0,20.18779,0.00000,41.33344
SNORM,802,0,19.33662,0.00000,41.73841
SNORM,803,0,20.18779,0.00000,41.33344
SNORM,804,0,19.33662,0.00000,41.73841
SNORM,805,0,20.18779,0.00000,41.33344
SNORM,806,0,19.33662,0.00000,41.73841
SNORM,807,0,20.18779,0.00000,41.33344
SNORM,808,0,19.33662,0.00000,41.73841
SNORM,809,0,20.18779,0.00000,41.33344
SNORM,810,0,19.33662,0.00000,41.73841
SNORM,812,0,19.33662,0.00000,41.73841
SNORM,813,0,-35.31153,0.00000,29.48043
SNORM,814,0,19.33662,0.00000,41.73841
SNORM,815,0,-35.31153,0.00000,29.48043
SNORM,816,0,20.18779,0.00000,41.33344
SNORM,817,0,-35.31153,0.00000,29.48043
SNORM,823,0,20.18779,0.00000,41.33344
SNORM,825,0,0.17543,0.00000,45.99967
SNORM,827,0,17.60344,0.00000,42.49846
SNORM,829,0,17.60344,0.00000,42.49846
SNORM,831,0,17.60344,0.00000,42.49846
SNORM,833,0,17.60344,0.00000,42.49846
SNORM,835,0,17.60344,0.00000,42.49846
SNORM,837,0,17.60344,0.00000,42.49846
SNORM,839,0,17.60344,0.00000,42.49846
SNORM,841,0,17.60344,0.00000,42.49846
SNORM,843,0,-44.13012,0.00000,12.98201
SNORM,845,0,-44.13012,0.00000,12.98201
SNORM,847,0,-44.13012,0.00000,12.98201
SNORM,849,0,-44.13012,0.00000,12.98201
SNORM,851,0,10.44551,0.00000,44.79834
SNORM,853,0,-5.43999,0.00000,45.67720
SNORM,854,0,-5.43999,0.00000,45.67720
SNORM,855,0,-5.43999,0.00000,45.67720
SNORM,856,0,-30.75510,0.00000,34.20707
SNORM,857,0,-30.75510,0.00000,34.20707
SNORM,858,0,-30.75510,0.00000,34.20707
SNORM,859,0,-30.75510,0.00000,34.20707
SNORM,860,0,-30.75510,0.00000,34.20707
SNORM,861,0,20.18779,0.00000,41.33344
SNORM,862,0,20.18779,0.00000,41.33344
SNORM,863,0,20.18779,0.00000,41.33344
SNORM,864,0,20.18779,0.00000,41.33344
SNORM,865,0,20.18779,0.00000,41.33344
SNORM,866,0,20.18779,0.00000,41.33344
SNORM,867,0,20.18779,0.00000,41.33344
SNORM,868,0,20.18779,0.00000,41.33344
SNORM,869,0,20.18779,0.00000,41.33344
SNORM,871,0,20.18779,0.00000,41.33344
SNORM,872,0,15.84046,0.00000,43.18657
SNORM,873,0,20.18779,0.00000,41.33344
SNORM,874,0,15.84046,0.00000,43.18657
SNORM,875,0,20.18779,0.00000,41.33344
SNORM,876,0,15.84046,0.00000,43.18657
SNORM,877,0,20.18779,0.00000,41.33344
SNORM,878,0,15.84046,0.00000,43.18657
SNORM,879,0,-10.06797,0.00000,44.88470
SNORM,880,0,15.84046,0.00000,43.18657
SNORM,881,0,-10.06797,0.00000,44.88470
SNORM,882,0,15.84046,0.00000,43.18657
SNORM,883,0,-0.76519,0.00000,45.99364
SNORM,884,0,15.84046,0.00000,43.18657
SNORM,885,0,-0.76519,0.00000,45.99364
SNORM,886,0,15.84046,0.00000,43.18657
SNORM,887,0,-0.76519,0.00000,45.99364
SNORM,888,0,15.84046,0.00000,43.18657
SNORM,889,0,-13.72323,0.00000,43.90527
SNORM,890,0,15.84046,0.00000,43.18657
SNORM,891,0,19.33662,0.00000,41.73841
SNORM,892,0,15.84046,0.00000,43.18657
SNORM,897,0,20.18779,0.00000,41.33344
SNORM,898,0,-24.76290,0.00000,38.76595
SNORM,899,0,-0.76519,0.00000,45.99364
SNORM,900,0,-0.76519,0.00000,45.99364
SNORM,901,0,-10.06797,0.00000,44.88470
SNORM,902,0,19.33662,0.00000,41.73841
SNORM,903,0,-35.31153,0.00000,29.48043
SNORM,904,0,14.05959,0.00000,43.79872
SNORM,905,0,19.33662,0.00000,41.73841
SNORM,906,0,14.05959,0.00000,43.79872
SNORM,907,0,19.33662,0.00000,41.73841
SNORM,908,0,14.05959,0.00000,43.79872
SNORM,909,0,19.33662,0.00000,41.73841
SNORM,910,0,14.05959,0.00000,43.79872
SNORM,912,0,14.05959,0.00000,43.79872
SNORM,914,0,14.05959,0.00000,43.79872
SNORM,916,0,14.05959,0.00000,43.79872
SNORM,918,0,14.05959,0.00000,43.79872
SNORM,920,0,14.05959,0.00000,43.79872
SNORM,922,0,14.05959,0.00000,43.79872
SNORM,923,0,-0.76519,0.00000,45.99364
SNORM,924,0,14.05959,0.00000,43.79872
SNORM,925,0,19.33662,0.00000,41.73841
SNORM,926,0,19.33662,0.00000,41.73841
SNORM,927,0,19.33662,0.00000,41.73841
SNORM,928,0,19.33662,0.00000,41.73841
SNORM,929,0,-10.06797,0.00000,44.88470
SNORM,930,0,-10.06797,0.00000,44.88470
SNORM,931,0,-0.76519,0.00000,45.99364
SNORM,932,0,-0.76519,0.00000,45.99364
SNORM,933,0,-0.76519,0.00000,45.99364
SNORM,935,0,-0.76519,0.00000,45.99364
SNORM,936,0,12.26121,0.00000,44.33579
SNORM,937,0,-0.76519,0.00000,45.99364
SNORM,938,0,12.26121,0.00000,44.33579
SNORM,939,0,-10.06797,0.00000,44.88470
SNORM,940,0,12.26121,0.00000,44.33579
SNORM,941,0,-10.06797,0.00000,44.88470
SNORM,942,0,12.26121,0.00000,44.33579
SNORM,943,0,-10.06797,0.00000,44.88470
SNORM,944,0,12.26121,0.00000,44.33579
SNORM,945,0,-19.83375,0.00000,41.50449
SNORM,946,0,12.26121,0.00000,44.33579
SNORM,947,0,-24.76290,0.00000,38.76595
SNORM,948,0,12.26121,0.00000,44.33579
SNORM,949,0,-24.76290,0.00000,38.76595
SNORM,950,0,12.26121,0.00000,44.33579
SNORM,951,0,-24.76290,0.00000,38.76595
SNORM,952,0,12.26121,0.00000,44.33579
SNORM,953,0,-1.70392,0.00000,45.96843
SNORM,954,0,12.26121,0.00000,44.33579
SNORM,956,0,12.26121,0.00000,44.33579
SNORM,966,0,-1.70392,0.00000,45.96843
SNORM,968,0,10.44551,0.00000,44.79834
SNORM,970,0,10.44551,0.00000,44.79834
SNORM,972,0,10.44551,0.00000,44.79834
SNORM,974,0,10.44551,0.00000,44.79834
SNORM,975,0,19.33662,0.00000,41.73841
SNORM,976,0,10.44551,0.00000,44.79834
SNORM,977,0,-1.70392,0.00000,45.96843
SNORM,978,0,10.44551,0.00000,44.79834
SNORM,979,0,-1.70392,0.00000,45.96843
SNORM,980,0,10.44551,0.00000,44.79834
SNORM,981,0,-24.76290,0.00000,38.76595
SNORM,982,0,10.44551,0.00000,44.79834
SNORM,983,0,-24.76290,0.00000,38.76595
SNORM,984,0,10.44551,0.00000,44.79834
SNORM,985,0,-1.70392,0.00000,45.96843
SNORM,986,0,10.44551,0.00000,44.79834
SNORM,987,0,-24.76290,0.00000,38.76595
SNORM,988,0,10.44551,0.00000,44.79834
SNORM,989,0,-1.70392,0.00000,45.96843
SNORM,990,0,-1.70392,0.00000,45.96843
SNORM,991,0,-1.70392,0.00000,45.96843
SNORM,992,0,-1.70392,0.00000,45.96843
SNORM,993,0,-1.70392,0.00000,45.96843
SNORM,994,0,-1.70392,0.00000,45.96843
SNORM,995,0,-13.72323,0.00000,43.90527
SNORM,996,0,-1.70392,0.00000,45.96843
SNORM,997,0,-1.70392,0.00000,45.96843
SNORM,998,0,-35.31153,0.00000,29.48043
SNORM,999,0,-35.31153,0.00000,29.48043
SNORM,1000,0,8.61247,0.00000,45.18656
SNORM,1001,0,-1.70392,0.00000,45.96843
SNORM,1002,0,8.61247,0.00000,45.18656
SNORM,1003,0,-1.70392,0.00000,45.96843
SNORM,1004,0,8.61247,0.00000,45.18656
SNORM,1005,0,-34.70005,0.00000,30.19779
SNORM,1006,0,8.61247,0.00000,45.18656
SNORM,1007,0,19.33662,0.00000,41.73841
SNORM,1008,0,8.61247,0.00000,45.18656
SNORM,1009,0,19.33662,0.00000,41.73841
SNORM,1010,0,8.61247,0.00000,45.18656
SNORM,1011,0,19.33662,0.00000,41.73841
SNORM,1012,0,8.61247,0.00000,45.18656
SNORM,1013,0,19.33662,0.00000,41.73841
SNORM,1014,0,8.61247,0.00000,45.18656
SNORM,1015,0,19.33662,0.00000,41.73841
SNORM,1016,0,8.61247,0.00000,45.18656
SNORM,1017,0,19.33662,0.00000,41.73841
SNORM,1018,0,8.61247,0.00000,45.18656
SNORM,1020,0,8.61247,0.00000,45.18656
SNORM,1021,0,-24.76290,0.00000,38.76595
SNORM,1022,0,-1.70392,0.00000,45.96843
SNORM,1023,0,-34.70005,0.00000,30.19779
SNORM,1030,0,19.33662,0.00000,41.73841
SNORM,1032,0,6.76202,0.00000,45.50028
SNORM,1034,0,6.76202,0.00000,45.50028
SNORM,1036,0,6.76202,0.00000,45.50028
SNORM,1038,0,6.76202,0.00000,45.50028
SNORM,1040,0,6.76202,0.00000,45.50028
SNORM,1042,0,6.76202,0.00000,45.50028
SNORM,1044,0,6.76202,0.00000,45.50028
SNORM,1046,0,6.76202,0.00000,45.50028
SNORM,1048,0,6.76202,0.00000,45.50028
SNORM,1050,0,6.76202,0.00000,45.50028
SNORM,1052,0,6.76202,0.00000,45.50028
SNORM,1053,0,19.33662,0.00000,41.73841
SNORM,1054,0,19.33662,0.00000,41.73841
SNORM,1055,0,19.33662,0.00000,41.73841
SNORM,1056,0,19.33662,0.00000,41.73841
SNORM,1057,0,-35.31153,0.00000,29.48043
SNORM,1058,0,-35.31153,0.00000,29.48043
SNORM,1059,0,-24.76290,0.00000,38.76595
SNORM,1060,0,-24.76290,0.00000,38.76595
SNORM,1061,0,-1.70392,0.00000,45.96843
SNORM,1062,0,-1.70392,0.00000,45.96843
SNORM,1064,0,4.89405,0.00000,45.73891
SNORM,1066,0,4.89405,0.00000,45.73891
SNORM,1068,0,4.89405,0.00000,45.73891
SNORM,1069,0,-34.70005,0.00000,30.19779
SNORM,1070,0,4.89405,0.00000,45.73891
SNORM,1071,0,18.47518,0.00000,42.12681
SNORM,1072,0,4.89405,0.00000,45.73891
SNORM,1073,0,18.47518,0.00000,42.12681
SNORM,1074,0,4.89405,0.00000,45.73891
SNORM,1075,0,18.47518,0.00000,42.12681
SNORM,1076,0,4.89405,0.00000,45.73891
SNORM,1077,0,18.47518,0.00000,42.12681
SNORM,1078,0,4.89405,0.00000,45.73891
SNORM,1079,0,18.47518,0.00000,42.12681
SNORM,1080,0,4.89405,0.00000,45.73891
SNORM,1081,0,18.47518,0.00000,42.12681
SNORM,1082,0,4.89405,0.00000,45.73891
SNORM,1083,0,-1.70392,0.00000,45.96843
SNORM,1084,0,4.89405,0.00000,45.73891
SNORM,1085,0,-34.70005,0.00000,30.19779
SNORM,1086,0,-34.70005,0.00000,30.19779
SNORM,1087,0,-34.70005,0.00000,30.19779
SNORM,1088,0,18.47518,0.00000,42.12681
SNORM,1089,0,18.47518,0.00000,42.12681
SNORM,1090,0,18.47518,0.00000,42.12681
SNORM,1091,0,18.47518,0.00000,42.12681
SNORM,1092,0,18.47518,0.00000,42.12681
SNORM,1093,0,18.47518,0.00000,42.12681
SNORM,1094,0,18.47518,0.00000,42.12681
SNORM,1095,0,0.17543,0.00000,45.99967
SNORM,1096,0,18.47518,0.00000,42.12681
SNORM,1097,0,3.00854,0.00000,45.90151
SNORM,1098,0,18.47518,0.00000,42.12681
SNORM,1099,0,3.00854,0.00000,45.90151
SNORM,1100,0,18.47518,0.00000,42.12681
SNORM,1101,0,3.00854,0.00000,45.90151
SNORM,1103,0,3.00854,0.00000,45.90151
SNORM,1105,0,3.00854,0.00000,45.90151
SNORM,1107,0,3.00854,0.00000,45.90151
SNORM,1109,0,3.00854,0.00000,45.90151
SNORM,1111,0,3.00854,0.00000,45.90151
SNORM,1112,0,-30.75510,0.00000,34.20707
SNORM,1113,0,-44.13012,0.00000,12.98201
SNORM,1114,0,-30.75510,0.00000,34.20707
SNORM,1116,0,-30.75510,0.00000,34.20707
SNORM,1118,0,10.44551,0.00000,44.79834
SNORM,1120,0,-30.75510,0.00000,34.20707
SNORM,1122,0,10.44551,0.00000,44.79834
SNORM,1124,0,-30.75510,0.00000,34.20707
SNORM,1126,0,10.44551,0.00000,44.79834
SNORM,1128,0,10.44551,0.00000,44.79834
SNORM,1130,0,10.44551,0.00000,44.79834
SNORM,1131,0,18.47518,0.00000,42.12681
SNORM,1132,0,18.47518,0.00000,42.12681
SNORM,1133,0,18.47518,0.00000,42.12681
SNORM,1134,0,-26.33872,0.00000,37.71302
SNORM,1135,0,-26.33872,0.00000,37.71302
SNORM,1136,0,-19.83375,0.00000,41.50449
SNORM,1137,0,-38.14986,0.00000,25.70191
SNORM,1138,0,26.63200,0.00000,37.50649
SNORM,1139,0,-38.14986,0.00000,25.70191
SNORM,1141,0,26.63200,0.00000,37.50649
SNORM,1142,0,1.11794,0.00000,45.98641
SNORM,1143,0,26.63200,0.00000,37.50649
SNORM,1144,0,1.11794,0.00000,45.98641
SNORM,1145,0,26.63200,0.00000,37.50649
SNORM,1146,0,1.11794,0.00000,45.98641
SNORM,1147,0,26.63200,0.00000,37.50649
SNORM,1148,0,1.11794,0.00000,45.98641
SNORM,1149,0,26.63200,0.00000,37.50649
SNORM,1150,0,1.11794,0.00000,45.98641
SNORM,1151,0,26.63200,0.00000,37.50649
SNORM,1152,0,1.11794,0.00000,45.98641
SNORM,1153,0,26.63200,0.00000,37.50649
SNORM,1154,0,1.11794,0.00000,45.98641
SNORM,1155,0,26.63200,0.00000,37.50649
SNORM,1156,0,1.11794,0.00000,45.98641
SNORM,1157,0,26.63200,0.00000,37.50649
SNORM,1158,0,1.11794,0.00000,45.98641
SNORM,1159,0,26.63200,0.00000,37.50649
SNORM,1160,0,1.11794,0.00000,45.98641
SNORM,1161,0,-5.43999,0.00000,45.67720
SNORM,1162,0,1.11794,0.00000,45.98641
SNORM,1172,0,26.63200,0.00000,37.50649
SNORM,1174,0,-0.76519,0.00000,45.99364
SNORM,1175,0,-38.66743,0.00000,24.91646
SNORM,1176,0,-0.76519,0.00000,45.99364
SNORM,1178,0,-0.76519,0.00000,45.99364
SNORM,1180,0,-0.76519,0.00000,45.99364
SNORM,1182,0,-0.76519,0.00000,45.99364
SNORM,1184,0,-0.76519,0.00000,45.99364
SNORM,1186,0,-0.76519,0.00000,45.99364
SNORM,1188,0,-0.76519,0.00000,45.99364
SNORM,1190,0,-0.76519,0.00000,45.99364
SNORM,1192,0,-0.76519,0.00000,45.99364
SNORM,1193,0,-19.83375,0.00000,41.50449
SNORM,1194,0,-0.76519,0.00000,45.99364
SNORM,1195,0,2.06232,0.00000,45.95375
SNORM,1196,0,-26.33872,0.00000,37.71302
SNORM,1197,0,-24.76290,0.00000,38.76595
SNORM,1198,0,-24.76290,0.00000,38.76595
SNORM,1199,0,-24.76290,0.00000,38.76595
SNORM,1200,0,-24.76290,0.00000,38.76595
SNORM,1201,0,-24.76290,0.00000,38.76595
SNORM,1202,0,-24.76290,0.00000,38.76595
SNORM,1203,0,-24.76290,0.00000,38.76595
SNORM,1205,0,-24.76290,0.00000,38.76595
SNORM,1206,0,-2.64076,0.00000,45.92414
SNORM,1207,0,-13.72323,0.00000,43.90527
SNORM,1208,0,-2.64076,0.00000,45.92414
SNORM,1209,0,-10.98783,0.00000,44.66842
SNORM,1210,0,-2.64076,0.00000,45.92414
SNORM,1211,0,-10.98783,0.00000,44.66842
SNORM,1212,0,-2.64076,0.00000,45.92414
SNORM,1213,0,-1.70392,0.00000,45.96843
SNORM,1214,0,-2.64076,0.00000,45.92414
SNORM,1215,0,-13.72323,0.00000,43.90527
SNORM,1216,0,-2.64076,0.00000,45.92414
SNORM,1217,0,-13.72323,0.00000,43.90527
SNORM,1218,0,-2.64076,0.00000,45.92414
SNORM,1219,0,-13.72323,0.00000,43.90527
SNORM,1220,0,-2.64076,0.00000,45.92414
SNORM,1221,0,-19.83375,0.00000,41.50449
SNORM,1222,0,-2.64076,0.00000,45.92414
SNORM,1223,0,-10.98783,0.00000,44.66842
SNORM,1224,0,-2.64076,0.00000,45.92414
SNORM,1225,0,18.47518,0.00000,42.12681
SNORM,1226,0,-2.64076,0.00000,45.92414
SNORM,1236,0,-34.70005,0.00000,30.19779
SNORM,1237,0,-37.61521,0.00000,26.47822
SNORM,1238,0,-4.50879,0.00000,45.77850
SNORM,1239,0,-34.70005,0.00000,30.19779
SNORM,1240,0,-4.50879,0.00000,45.77850
SNORM,1241,0,-34.70005,0.00000,30.19779
SNORM,1242,0,-4.50879,0.00000,45.77850
SNORM,1243,0,-34.70005,0.00000,30.19779
SNORM,1244,0,-4.50879,0.00000,45.77850
SNORM,1245,0,-10.98783,0.00000,44.66842
SNORM,1246,0,-4.50879,0.00000,45.77850
SNORM,1247,0,-19.83375,0.00000,41.50449
SNORM,1248,0,-4.50879,0.00000,45.77850
SNORM,1249,0,17.60344,0.00000,42.49846
SNORM,1250,0,-4.50879,0.00000,45.77850
SNORM,1251,0,17.60344,0.00000,42.49846
SNORM,1252,0,-4.50879,0.00000,45.77850
SNORM,1253,0,17.60344,0.00000,42.49846
SNORM,1254,0,-4.50879,0.00000,45.77850
SNORM,1255,0,17.60344,0.00000,42.49846
SNORM,1256,0,-4.50879,0.00000,45.77850
SNORM,1257,0,-45.99024,0.00000,0.94761
SNORM,1258,0,-4.50879,0.00000,45.77850
SNORM,1259,0,-34.70005,0.00000,30.19779
SNORM,1260,0,-34.70005,0.00000,30.19779
SNORM,1261,0,-34.70005,0.00000,30.19779
SNORM,1262,0,-34.70005,0.00000,30.19779
SNORM,1263,0,-13.72323,0.00000,43.90527
SNORM,1264,0,9.53116,0.00000,45.00174
SNORM,1265,0,17.60344,0.00000,42.49846
SNORM,1266,0,17.60344,0.00000,42.49846
SNORM,1267,0,17.60344,0.00000,42.49846
SNORM,1268,0,17.60344,0.00000,42.49846
SNORM,1269,0,-45.99024,0.00000,0.94761
SNORM,1270,0,-6.36934,0.00000,45.55690
SNORM,1271,0,-45.99024,0.00000,0.94761
SNORM,1272,0,-6.36934,0.00000,45.55690
SNORM,1273,0,-45.99024,0.00000,0.94761
SNORM,1274,0,-6.36934,0.00000,45.55690
SNORM,1275,0,-45.99024,0.00000,0.94761
SNORM,1276,0,-6.36934,0.00000,45.55690
SNORM,1277,0,-45.99024,0.00000,0.94761
SNORM,1278,0,-6.36934,0.00000,45.55690
SNORM,1279,0,-45.99024,0.00000,0.94761
SNORM,1280,0,-6.36934,0.00000,45.55690
SNORM,1281,0,-45.99024,0.00000,0.94761
SNORM,1282,0,-6.36934,0.00000,45.55690
SNORM,1283,0,-45.99024,0.00000,0.94761
SNORM,1284,0,-6.36934,0.00000,45.55690
SNORM,1285,0,-45.99024,0.00000,0.94761
SNORM,1286,0,-6.36934,0.00000,45.55690
SNORM,1287,0,-45.99024,0.00000,0.94761
SNORM,1288,0,-6.36934,0.00000,45.55690
SNORM,1289,0,-19.83375,0.00000,41.50449
SNORM,1290,0,-6.36934,0.00000,45.55690
SNORM,1291,0,18.47518,0.00000,42.12681
SNORM,1292,0,-34.70005,0.00000,30.19779
SNORM,1293,0,-34.70005,0.00000,30.19779
SNORM,1294,0,-34.70005,0.00000,30.19779
SNORM,1295,0,-34.70005,0.00000,30.19779
SNORM,1296,0,-34.70005,0.00000,30.19779
SNORM,1297,0,-34.70005,0.00000,30.19779
SNORM,1298,0,-34.70005,0.00000,30.19779
SNORM,1299,0,-13.72323,0.00000,43.90527
SNORM,1300,0,-45.99024,0.00000,0.94761
SNORM,1301,0,-19.83375,0.00000,41.50449
SNORM,1302,0,-8.22243,0.00000,45.25916
SNORM,1303,0,-10.98783,0.00000,44.66842
SNORM,1304,0,-8.22243,0.00000,45.25916
SNORM,1305,0,-10.98783,0.00000,44.66842
SNORM,1306,0,-8.22243,0.00000,45.25916
SNORM,1307,0,-10.98783,0.00000,44.66842
SNORM,1308,0,-8.22243,0.00000,45.25916
SNORM,1309,0,-19.83375,0.00000,41.50449
SNORM,1310,0,-8.22243,0.00000,45.25916
SNORM,1311,0,-34.07532,0.00000,30.90101
SNORM,1312,0,-8.22243,0.00000,45.25916
SNORM,1313,0,-34.07532,0.00000,30.90101
SNORM,1314,0,-8.22243,0.00000,45.25916
SNORM,1315,0,-34.07532,0.00000,30.90101
SNORM,1316,0,-8.22243,0.00000,45.25916
SNORM,1317,0,-34.07532,0.00000,30.90101
SNORM,1318,0,-8.22243,0.00000,45.25916
SNORM,1319,0,-34.07532,0.00000,30.90101
SNORM,1320,0,-8.22243,0.00000,45.25916
SNORM,1321,0,17.60344,0.00000,42.49846
SNORM,1322,0,-8.22243,0.00000,45.25916
SNORM,1323,0,-45.99024,0.00000,0.94761
SNORM,1324,0,-45.99024,0.00000,0.94761
SNORM,1325,0,-45.99024,0.00000,0.94761
SNORM,1326,0,-45.99024,0.00000,0.94761
SNORM,1327,0,-45.99024,0.00000,0.94761
SNORM,1328,0,-45.99024,0.00000,0.94761
SNORM,1329,0,-45.99024,0.00000,0.94761
SNORM,1330,0,-45.99024,0.00000,0.94761
SNORM,1331,0,-45.99024,0.00000,0.94761
SNORM,1332,0,17.60344,0.00000,42.49846
SNORM,1333,0,17.60344,0.00000,42.49846
SNORM,1334,0,-10.06797,0.00000,44.88470
SNORM,1335,0,17.60344,0.00000,42.49846
SNORM,1336,0,-10.06797,0.00000,44.88470
SNORM,1337,0,17.60344,0.00000,42.49846
SNORM,1338,0,-10.06797,0.00000,44.88470
SNORM,1339,0,17.60344,0.00000,42.49846
SNORM,1340,0,-10.06797,0.00000,44.88470
SNORM,1342,0,-10.06797,0.00000,44.88470
SNORM,1343,0,25.08149,0.00000,38.56059
SNORM,1344,0,-10.06797,0.00000,44.88470
SNORM,1345,0,25.08149,0.00000,38.56059
SNORM,1346,0,-10.06797,0.00000,44.88470
SNORM,1347,0,25.08149,0.00000,38.56059
SNORM,1348,0,-10.06797,0.00000,44.88470
SNORM,1349,0,25.08149,0.00000,38.56059
SNORM,1350,0,-10.06797,0.00000,44.88470
SNORM,1351,0,-45.96107,0.00000,1.89211
SNORM,1352,0,-10.06797,0.00000,44.88470
SNORM,1353,0,17.60344,0.00000,42.49846
SNORM,1354,0,-10.06797,0.00000,44.88470
SNORM,1355,0,17.60344,0.00000,42.49846
SNORM,1356,0,17.60344,0.00000,42.49846
SNORM,1357,0,17.60344,0.00000,42.49846
SNORM,1358,0,25.08149,0.00000,38.56059
SNORM,1359,0,25.08149,0.00000,38.56059
SNORM,1360,0,25.08149,0.00000,38.56059
SNORM,1361,0,25.08149,0.00000,38.56059
SNORM,1362,0,25.08149,0.00000,38.56059
SNORM,1363,0,-34.07532,0.00000,30.90101
SNORM,1364,0,-45.96107,0.00000,1.89211
SNORM,1365,0,0.17543,0.00000,45.99967
SNORM,1366,0,-45.96107,0.00000,1.89211
SNORM,1367,0,-11.90568,0.00000,44.43259
SNORM,1368,0,-45.96107,0.00000,1.89211
SNORM,1369,0,-11.90568,0.00000,44.43259
SNORM,1370,0,-45.96107,0.00000,1.89211
SNORM,1371,0,-11.90568,0.00000,44.43259
SNORM,1372,0,-45.96107,0.00000,1.89211
SNORM,1373,0,-11.90568,0.00000,44.43259
SNORM,1374,0,-45.96107,0.00000,1.89211
SNORM,1375,0,-11.90568,0.00000,44.43259
SNORM,1376,0,-45.96107,0.00000,1.89211
SNORM,1377,0,-11.90568,0.00000,44.43259
SNORM,1378,0,-45.96107,0.00000,1.89211
SNORM,1379,0,-11.90568,0.00000,44.43259
SNORM,1380,0,-45.96107,0.00000,1.89211
SNORM,1381,0,-11.90568,0.00000,44.43259
SNORM,1383,0,10.44551,0.00000,44.79834
SNORM,1385,0,10.44551,0.00000,44.79834
SNORM,1387,0,-44.13012,0.00000,12.98201
SNORM,1388,0,-44.13012,0.00000,12.98201
SNORM,1389,0,-44.13012,0.00000,12.98201
SNORM,1390,0,-44.13012,0.00000,12.98201
SNORM,1391,0,-44.13012,0.00000,12.98201
SNORM,1392,0,10.44551,0.00000,44.79834
SNORM,1393,0,10.44551,0.00000,44.79834
SNORM,1394,0,10.44551,0.00000,44.79834
SNORM,1395,0,10.44551,0.00000,44.79834
SNORM,1396,0,10.44551,0.00000,44.79834
SNORM,1397,0,10.44551,0.00000,44.79834
SNORM,1399,0,-22.33414,0.00000,40.21425
SNORM,1401,0,-34.07532,0.00000,30.90101
SNORM,1402,0,-34.07532,0.00000,30.90101
SNORM,1403,0,-34.07532,0.00000,30.90101
SNORM,1404,0,-34.07532,0.00000,30.90101
SNORM,1405,0,-34.07532,0.00000,30.90101
SNORM,1406,0,-34.07532,0.00000,30.90101
SNORM,1407,0,-34.07532,0.00000,30.90101
SNORM,1408,0,-34.07532,0.00000,30.90101
SNORM,1410,0,-45.96107,0.00000,1.89211
SNORM,1412,0,-13.72323,0.00000,43.90527
SNORM,1414,0,-13.72323,0.00000,43.90527
SNORM,1416,0,-13.72323,0.00000,43.90527
SNORM,1418,0,-13.72323,0.00000,43.90527
SNORM,1420,0,-13.72323,0.00000,43.90527
SNORM,1422,0,-13.72323,0.00000,43.90527
SNORM,1424,0,-13.72323,0.00000,43.90527
SNORM,1426,0,-13.72323,0.00000,43.90527
SNORM,1428,0,-13.72323,0.00000,43.90527
SNORM,1429,0,25.08149,0.00000,38.56059
SNORM,1430,0,-13.72323,0.00000,43.90527
SNORM,1432,0,-13.72323,0.00000,43.90527
SNORM,1433,0,-45.96107,0.00000,1.89211
SNORM,1434,0,-45.96107,0.00000,1.89211
SNORM,1435,0,-45.96107,0.00000,1.89211
SNORM,1436,0,-45.96107,0.00000,1.89211
SNORM,1437,0,-45.96107,0.00000,1.89211
SNORM,1438,0,-45.96107,0.00000,1.89211
SNORM,1439,0,-45.96107,0.00000,1.89211
SNORM,1440,0,-45.96107,0.00000,1.89211
SNORM,1441,0,-45.96107,0.00000,1.89211
SNORM,1444,0,-15.50875,0.00000,43.30680
SNORM,1446,0,-15.50875,0.00000,43.30680
SNORM,1447,0,25.08149,0.00000,38.56059
SNORM,1448,0,-15.50875,0.00000,43.30680
SNORM,1449,0,25.86179,0.00000,38.04166
SNORM,1450,0,-15.50875,0.00000,43.30680
SNORM,1451,0,-19.83375,0.00000,41.50449
SNORM,1452,0,-15.50875,0.00000,43.30680
SNORM,1453,0,-13.72323,0.00000,43.90527
SNORM,1454,0,-15.50875,0.00000,43.30680
SNORM,1455,0,-19.83375,0.00000,41.50449
SNORM,1456,0,-15.50875,0.00000,43.30680
SNORM,1457,0,-10.98783,0.00000,44.66842
SNORM,1458,0,-15.50875,0.00000,43.30680
SNORM,1459,0,-34.07532,0.00000,30.90101
SNORM,1460,0,-15.50875,0.00000,43.30680
SNORM,1461,0,-45.91265,0.00000,2.83346
SNORM,1462,0,-15.50875,0.00000,43.30680
SNORM,1463,0,25.08149,0.00000,38.56059
SNORM,1464,0,-15.50875,0.00000,43.30680
SNORM,1466,0,25.08149,0.00000,38.56059
SNORM,1467,0,-12.81847,0.00000,44.17790
SNORM,1468,0,-10.98783,0.00000,44.66842
SNORM,1469,0,-1.70392,0.00000,45.96843
SNORM,1470,0,-13.72323,0.00000,43.90527
SNORM,1471,0,-19.83375,0.00000,41.50449
SNORM,1472,0,-2.64076,0.00000,45.92414
SNORM,1473,0,16.72422,0.00000,42.85207
SNORM,1474,0,-45.91265,0.00000,2.83346
SNORM,1475,0,25.08149,0.00000,38.56059
SNORM,1476,0,-17.26245,0.00000,42.63810
SNORM,1477,0,25.08149,0.00000,38.56059
SNORM,1478,0,-17.26245,0.00000,42.63810
SNORM,1479,0,-37.61521,0.00000,26.47822
SNORM,1480,0,-17.26245,0.00000,42.63810
SNORM,1481,0,25.08149,0.00000,38.56059
SNORM,1482,0,-17.26245,0.00000,42.63810
SNORM,1483,0,25.08149,0.00000,38.56059
SNORM,1484,0,-17.26245,0.00000,42.63810
SNORM,1485,0,25.08149,0.00000,38.56059
SNORM,1486,0,-17.26245,0.00000,42.63810
SNORM,1487,0,2.06232,0.00000,45.95375
SNORM,1488,0,-17.26245,0.00000,42.63810
SNORM,1489,0,-10.98783,0.00000,44.66842
SNORM,1490,0,-17.26245,0.00000,42.63810
SNORM,1491,0,-2.64076,0.00000,45.92414
SNORM,1492,0,-17.26245,0.00000,42.63810
SNORM,1493,0,-13.72323,0.00000,43.90527
SNORM,1494,0,-17.26245,0.00000,42.63810
SNORM,1495,0,-45.91265,0.00000,2.83346
SNORM,1496,0,-17.26245,0.00000,42.63810
SNORM,1497,0,-45.91265,0.00000,2.83346
SNORM,1498,0,-45.91265,0.00000,2.83346
SNORM,1499,0,-45.91265,0.00000,2.83346
SNORM,1500,0,-45.91265,0.00000,2.83346
SNORM,1501,0,-45.91265,0.00000,2.83346
SNORM,1502,0,-45.91265,0.00000,2.83346
SNORM,1503,0,-45.91265,0.00000,2.83346
SNORM,1504,0,-45.91265,0.00000,2.83346
SNORM,1505,0,-45.91265,0.00000,2.83346
SNORM,1506,0,-13.72323,0.00000,43.90527
SNORM,1507,0,-45.91265,0.00000,2.83346
SNORM,1508,0,-18.98452,0.00000,41.89974
SNORM,1509,0,-45.91265,0.00000,2.83346
SNORM,1510,0,-18.98452,0.00000,41.89974
SNORM,1511,0,-45.91265,0.00000,2.83346
SNORM,1512,0,-18.98452,0.00000,41.89974
SNORM,1513,0,-45.91265,0.00000,2.83346
SNORM,1514,0,-18.98452,0.00000,41.89974
SNORM,1515,0,-45.91265,0.00000,2.83346
SNORM,1516,0,-18.98452,0.00000,41.89974
SNORM,1517,0,-45.91265,0.00000,2.83346
SNORM,1518,0,-18.98452,0.00000,41.89974
SNORM,1519,0,-45.91265,0.00000,2.83346
SNORM,1520,0,-18.98452,0.00000,41.89974
SNORM,1521,0,-45.91265,0.00000,2.83346
SNORM,1522,0,-18.98452,0.00000,41.89974
SNORM,1523,0,-45.91265,0.00000,2.83346
SNORM,1524,0,-18.98452,0.00000,41.89974
SNORM,1525,0,16.72422,0.00000,42.85207
SNORM,1526,0,-18.98452,0.00000,41.89974
SNORM,1527,0,-13.72323,0.00000,43.90527
SNORM,1528,0,-18.98452,0.00000,41.89974
SNORM,1529,0,-17.26245,0.00000,42.63810
SNORM,1530,0,-19.83375,0.00000,41.50449
SNORM,1531,0,-19.83375,0.00000,41.50449
SNORM,1532,0,-13.72323,0.00000,43.90527
SNORM,1533,0,-2.64076,0.00000,45.92414
SNORM,1534,0,-2.64076,0.00000,45.92414
SNORM,1535,0,-2.64076,0.00000,45.92414
SNORM,1536,0,-2.64076,0.00000,45.92414
SNORM,1537,0,-2.64076,0.00000,45.92414
SNORM,1538,0,-2.64076,0.00000,45.92414
SNORM,1539,0,-2.64076,0.00000,45.92414
SNORM,1540,0,-20.67510,0.00000,41.09185
SNORM,1541,0,-2.64076,0.00000,45.92414
SNORM,1542,0,-20.67510,0.00000,41.09185
SNORM,1543,0,-2.64076,0.00000,45.92414
SNORM,1544,0,-20.67510,0.00000,41.09185
SNORM,1545,0,-2.64076,0.00000,45.92414
SNORM,1546,0,-20.67510,0.00000,41.09185
SNORM,1547,0,-23.96137,0.00000,39.26643
SNORM,1548,0,-20.67510,0.00000,41.09185
SNORM,1549,0,-23.96137,0.00000,39.26643
SNORM,1550,0,-20.67510,0.00000,41.09185
SNORM,1551,0,-13.72323,0.00000,43.90527
SNORM,1552,0,-20.67510,0.00000,41.09185
SNORM,1553,0,-15.50875,0.00000,43.30680
SNORM,1554,0,-20.67510,0.00000,41.09185
SNORM,1555,0,-34.07532,0.00000,30.90101
SNORM,1556,0,-20.67510,0.00000,41.09185
SNORM,1557,0,16.72422,0.00000,42.85207
SNORM,1558,0,-20.67510,0.00000,41.09185
SNORM,1559,0,-45.84511,0.00000,3.77168
SNORM,1560,0,-20.67510,0.00000,41.09185
SNORM,1561,0,-2.64076,0.00000,45.92414
SNORM,1562,0,-2.64076,0.00000,45.92414
SNORM,1563,0,-2.64076,0.00000,45.92414
SNORM,1564,0,-10.98783,0.00000,44.66842
SNORM,1565,0,-23.96137,0.00000,39.26643
SNORM,1566,0,-2.64076,0.00000,45.92414
SNORM,1567,0,-2.64076,0.00000,45.92414
SNORM,1568,0,-33.43742,0.00000,31.59017
SNORM,1569,0,-45.84511,0.00000,3.77168
SNORM,1570,0,16.72422,0.00000,42.85207
SNORM,1571,0,-45.84511,0.00000,3.77168
SNORM,1572,0,-22.33414,0.00000,40.21425
SNORM,1573,0,-45.84511,0.00000,3.77168
SNORM,1574,0,-22.33414,0.00000,40.21425
SNORM,1575,0,-45.84511,0.00000,3.77168
SNORM,1576,0,-22.33414,0.00000,40.21425
SNORM,1577,0,-45.84511,0.00000,3.77168
SNORM,1578,0,-22.33414,0.00000,40.21425
SNORM,1579,0,-45.84511,0.00000,3.77168
SNORM,1580,0,-22.33414,0.00000,40.21425
SNORM,1581,0,-45.84511,0.00000,3.77168
SNORM,1582,0,-22.33414,0.00000,40.21425
SNORM,1583,0,-45.84511,0.00000,3.77168
SNORM,1584,0,-22.33414,0.00000,40.21425
SNORM,1585,0,-45.84511,0.00000,3.77168
SNORM,1586,0,-22.33414,0.00000,40.21425
SNORM,1587,0,-45.84511,0.00000,3.77168
SNORM,1588,0,-22.33414,0.00000,40.21425
SNORM,1589,0,-45.84511,0.00000,3.77168
SNORM,1590,0,-22.33414,0.00000,40.21425
SNORM,1591,0,-45.84511,0.00000,3.77168
SNORM,1592,0,-22.33414,0.00000,40.21425
SNORM,1593,0,16.72422,0.00000,42.85207
SNORM,1594,0,16.72422,0.00000,42.85207
SNORM,1595,0,16.72422,0.00000,42.85207
SNORM,1596,0,16.72422,0.00000,42.85207
SNORM,1597,0,16.72422,0.00000,42.85207
SNORM,1598,0,16.72422,0.00000,42.85207
SNORM,1599,0,16.72422,0.00000,42.85207
SNORM,1600,0,16.72422,0.00000,42.85207
SNORM,1601,0,16.72422,0.00000,42.85207
SNORM,1602,0,16.72422,0.00000,42.85207
SNORM,1603,0,-45.84511,0.00000,3.77168
SNORM,1604,0,-23.96137,0.00000,39.26643
SNORM,1605,0,-45.84511,0.00000,3.77168
SNORM,1606,0,-23.96137,0.00000,39.26643
SNORM,1607,0,-45.84511,0.00000,3.77168
SNORM,1608,0,-23.96137,0.00000,39.26643
SNORM,1609,0,-45.84511,0.00000,3.77168
SNORM,1610,0,-23.96137,0.00000,39.26643
SNORM,1611,0,-45.84511,0.00000,3.77168
SNORM,1612,0,-23.96137,0.00000,39.26643
SNORM,1613,0,-45.84511,0.00000,3.77168
SNORM,1614,0,-23.96137,0.00000,39.26643
SNORM,1615,0,-45.84511,0.00000,3.77168
SNORM,1616,0,-23.96137,0.00000,39.26643
SNORM,1617,0,-45.84511,0.00000,3.77168
SNORM,1618,0,-23.96137,0.00000,39.26643
SNORM,1619,0,-34.07532,0.00000,30.90101
SNORM,1620,0,-23.96137,0.00000,39.26643
SNORM,1621,0,-2.64076,0.00000,45.92414
SNORM,1622,0,-23.96137,0.00000,39.26643
SNORM,1623,0,16.72422,0.00000,42.85207
SNORM,1624,0,-23.96137,0.00000,39.26643
SNORM,1625,0,16.72422,0.00000,42.85207
SNORM,1626,0,16.72422,0.00000,42.85207
SNORM,1627,0,16.72422,0.00000,42.85207
SNORM,1628,0,16.72422,0.00000,42.85207
SNORM,1629,0,16.72422,0.00000,42.85207
SNORM,1630,0,16.72422,0.00000,42.85207
SNORM,1631,0,-34.07532,0.00000,30.90101
SNORM,1632,0,-34.07532,0.00000,30.90101
SNORM,1633,0,-2.64076,0.00000,45.92414
SNORM,1634,0,-13.72323,0.00000,43.90527
SNORM,1635,0,-38.14986,0.00000,25.70191
SNORM,1636,0,-23.96137,0.00000,39.26643
SNORM,1637,0,-25.55623,0.00000,38.24760
SNORM,1638,0,-33.43742,0.00000,31.59017
SNORM,1639,0,-25.55623,0.00000,38.24760
SNORM,1640,0,15.84046,0.00000,43.18657
SNORM,1641,0,-25.55623,0.00000,38.24760
SNORM,1642,0,15.84046,0.00000,43.18657
SNORM,1643,0,-25.55623,0.00000,38.24760
SNORM,1644,0,15.84046,0.00000,43.18657
SNORM,1645,0,-25.55623,0.00000,38.24760
SNORM,1646,0,15.84046,0.00000,43.18657
SNORM,1647,0,-25.55623,0.00000,38.24760
SNORM,1648,0,15.84046,0.00000,43.18657
SNORM,1649,0,-25.55623,0.00000,38.24760
SNORM,1650,0,15.84046,0.00000,43.18657
SNORM,1651,0,-25.55623,0.00000,38.24760
SNORM,1652,0,-22.33414,0.00000,40.21425
SNORM,1654,0,-22.33414,0.00000,40.21425
SNORM,1656,0,-22.33414,0.00000,40.21425
SNORM,1658,0,-43.85414,0.00000,13.88576
SNORM,1660,0,-43.85414,0.00000,13.88576
SNORM,1662,0,-43.85414,0.00000,13.88576
SNORM,1664,0,-43.85414,0.00000,13.88576
SNORM,1666,0,-43.85414,0.00000,13.88576
SNORM,1668,0,-43.85414,0.00000,13.88576
SNORM,1671,0,-17.26245,0.00000,42.63810
SNORM,1672,0,-33.43742,0.00000,31.59017
SNORM,1673,0,-17.26245,0.00000,42.63810
SNORM,1674,0,15.84046,0.00000,43.18657
SNORM,1675,0,15.84046,0.00000,43.18657
SNORM,1676,0,15.84046,0.00000,43.18657
SNORM,1677,0,15.84046,0.00000,43.18657
SNORM,1678,0,15.84046,0.00000,43.18657
SNORM,1679,0,-45.75857,0.00000,4.70675
SNORM,1680,0,-15.50875,0.00000,43.30680
SNORM,1681,0,-45.75857,0.00000,4.70675
SNORM,1682,0,-27.10783,0.00000,37.16404
SNORM,1683,0,-45.75857,0.00000,4.70675
SNORM,1684,0,-27.10783,0.00000,37.16404
SNORM,1685,0,-45.75857,0.00000,4.70675
SNORM,1686,0,-27.10783,0.00000,37.16404
SNORM,1687,0,-45.75857,0.00000,4.70675
SNORM,1688,0,-27.10783,0.00000,37.16404
SNORM,1689,0,-45.75857,0.00000,4.70675
SNORM,1690,0,-27.10783,0.00000,37.16404
SNORM,1691,0,-45.75857,0.00000,4.70675
SNORM,1692,0,-27.10783,0.00000,37.16404
SNORM,1693,0,-45.75857,0.00000,4.70675
SNORM,1694,0,-27.10783,0.00000,37.16404
SNORM,1695,0,-45.75857,0.00000,4.70675
SNORM,1696,0,-27.10783,0.00000,37.16404
SNORM,1697,0,-45.75857,0.00000,4.70675
SNORM,1698,0,-27.10783,0.00000,37.16404
SNORM,1699,0,-45.75857,0.00000,4.70675
SNORM,1700,0,-27.10783,0.00000,37.16404
SNORM,1701,0,-33.43742,0.00000,31.59017
SNORM,1702,0,-27.10783,0.00000,37.16404
SNORM,1703,0,-2.64076,0.00000,45.92414
SNORM,1704,0,-2.64076,0.00000,45.92414
SNORM,1705,0,-23.96137,0.00000,39.26643
SNORM,1706,0,-23.96137,0.00000,39.26643
SNORM,1707,0,-33.43742,0.00000,31.59017
SNORM,1708,0,-33.43742,0.00000,31.59017
SNORM,1709,0,-33.43742,0.00000,31.59017
SNORM,1710,0,-33.43742,0.00000,31.59017
SNORM,1711,0,-33.43742,0.00000,31.59017
SNORM,1712,0,-45.75857,0.00000,4.70675
SNORM,1713,0,-33.43742,0.00000,31.59017
SNORM,1714,0,-28.60622,0.00000,36.02339
SNORM,1715,0,-33.43742,0.00000,31.59017
SNORM,1716,0,-28.60622,0.00000,36.02339
SNORM,1717,0,-33.43742,0.00000,31.59017
SNORM,1718,0,-28.60622,0.00000,36.02339
SNORM,1719,0,-33.43742,0.00000,31.59017
SNORM,1720,0,-28.60622,0.00000,36.02339
SNORM,1721,0,-33.43742,0.00000,31.59017
SNORM,1722,0,-28.60622,0.00000,36.02339
SNORM,1723,0,-33.43742,0.00000,31.59017
SNORM,1724,0,-28.60622,0.00000,36.02339
SNORM,1725,0,-33.43742,0.00000,31.59017
SNORM,1726,0,-28.60622,0.00000,36.02339
SNORM,1727,0,-33.43742,0.00000,31.59017
SNORM,1728,0,-28.60622,0.00000,36.02339
SNORM,1729,0,15.84046,0.00000,43.18657
SNORM,1730,0,-28.60622,0.00000,36.02339
SNORM,1731,0,-33.43742,0.00000,31.59017
SNORM,1732,0,-28.60622,0.00000,36.02339
SNORM,1733,0,-23.96137,0.00000,39.26643
SNORM,1734,0,-28.60622,0.00000,36.02339
SNORM,1735,0,-45.75857,0.00000,4.70675
SNORM,1736,0,-45.75857,0.00000,4.70675
SNORM,1737,0,-45.75857,0.00000,4.70675
SNORM,1738,0,-45.75857,0.00000,4.70675
SNORM,1739,0,-45.75857,0.00000,4.70675
SNORM,1740,0,-45.75857,0.00000,4.70675
SNORM,1741,0,-45.75857,0.00000,4.70675
SNORM,1742,0,-45.75857,0.00000,4.70675
SNORM,1743,0,-33.43742,0.00000,31.59017
SNORM,1744,0,-33.43742,0.00000,31.59017
SNORM,1745,0,-33.43742,0.00000,31.59017
SNORM,1746,0,-30.05190,0.00000,34.82647
SNORM,1747,0,-23.96137,0.00000,39.26643
SNORM,1748,0,-30.05190,0.00000,34.82647
SNORM,1749,0,-17.26245,0.00000,42.63810
SNORM,1750,0,-30.05190,0.00000,34.82647
SNORM,1751,0,-17.26245,0.00000,42.63810
SNORM,1752,0,-30.05190,0.00000,34.82647
SNORM,1753,0,-17.26245,0.00000,42.63810
SNORM,1754,0,-30.05190,0.00000,34.82647
SNORM,1755,0,-23.96137,0.00000,39.26643
SNORM,1756,0,-30.05190,0.00000,34.82647
SNORM,1757,0,-23.96137,0.00000,39.26643
SNORM,1758,0,-30.05190,0.00000,34.82647
SNORM,1759,0,-23.96137,0.00000,39.26643
SNORM,1760,0,-30.05190,0.00000,34.82647
SNORM,1761,0,-45.65310,0.00000,5.63869
SNORM,1762,0,-30.05190,0.00000,34.82647
SNORM,1763,0,-45.65310,0.00000,5.63869
SNORM,1764,0,-30.05190,0.00000,34.82647
SNORM,1765,0,15.84046,0.00000,43.18657
SNORM,1766,0,-30.05190,0.00000,34.82647
SNORM,1767,0,-23.96137,0.00000,39.26643
SNORM,1768,0,-23.96137,0.00000,39.26643
SNORM,1769,0,-15.50875,0.00000,43.30680
SNORM,1770,0,-17.26245,0.00000,42.63810
SNORM,1771,0,-10.98783,0.00000,44.66842
SNORM,1772,0,-23.96137,0.00000,39.26643
SNORM,1773,0,-23.96137,0.00000,39.26643
SNORM,1774,0,-10.98783,0.00000,44.66842
SNORM,1775,0,15.84046,0.00000,43.18657
SNORM,1776,0,-45.65310,0.00000,5.63869
SNORM,1777,0,15.84046,0.00000,43.18657
SNORM,1778,0,-31.44525,0.00000,33.57375
SNORM,1779,0,15.84046,0.00000,43.18657
SNORM,1780,0,-31.44525,0.00000,33.57375
SNORM,1781,0,15.84046,0.00000,43.18657
SNORM,1782,0,-31.44525,0.00000,33.57375
SNORM,1783,0,15.84046,0.00000,43.18657
SNORM,1784,0,-31.44525,0.00000,33.57375
SNORM,1785,0,15.84046,0.00000,43.18657
SNORM,1786,0,-31.44525,0.00000,33.57375
SNORM,1787,0,15.84046,0.00000,43.18657
SNORM,1788,0,-31.44525,0.00000,33.57375
SNORM,1789,0,15.84046,0.00000,43.18657
SNORM,1790,0,-31.44525,0.00000,33.57375
SNORM,1791,0,-10.98783,0.00000,44.66842
SNORM,1792,0,-31.44525,0.00000,33.57375
SNORM,1793,0,-10.98783,0.00000,44.66842
SNORM,1794,0,-31.44525,0.00000,33.57375
SNORM,1795,0,-23.96137,0.00000,39.26643
SNORM,1796,0,-31.44525,0.00000,33.57375
SNORM,1797,0,-45.65310,0.00000,5.63869
SNORM,1798,0,-31.44525,0.00000,33.57375
SNORM,1799,0,-45.65310,0.00000,5.63869
SNORM,1800,0,-45.65310,0.00000,5.63869
SNORM,1801,0,-45.65310,0.00000,5.63869
SNORM,1802,0,-45.65310,0.00000,5.63869
SNORM,1803,0,-45.65310,0.00000,5.63869
SNORM,1804,0,-45.65310,0.00000,5.63869
SNORM,1805,0,-45.65310,0.00000,5.63869
SNORM,1806,0,-45.65310,0.00000,5.63869
SNORM,1807,0,-45.65310,0.00000,5.63869
SNORM,1808,0,-10.98783,0.00000,44.66842
SNORM,1809,0,-45.65310,0.00000,5.63869
SNORM,1810,0,-32.78642,0.00000,32.26532
SNORM,1811,0,-45.65310,0.00000,5.63869
SNORM,1812,0,-32.78642,0.00000,32.26532
SNORM,1813,0,-45.65310,0.00000,5.63869
SNORM,1814,0,-32.78642,0.00000,32.26532
SNORM,1815,0,-45.65310,0.00000,5.63869
SNORM,1816,0,-32.78642,0.00000,32.26532
SNORM,1817,0,-45.65310,0.00000,5.63869
SNORM,1818,0,-32.78642,0.00000,32.26532
SNORM,1819,0,-45.65310,0.00000,5.63869
SNORM,1820,0,-32.78642,0.00000,32.26532
SNORM,1821,0,-45.65310,0.00000,5.63869
SNORM,1822,0,-32.78642,0.00000,32.26532
SNORM,1823,0,-45.65310,0.00000,5.63869
SNORM,1824,0,-32.78642,0.00000,32.26532
SNORM,1825,0,-18.98452,0.00000,41.89974
SNORM,1826,0,-32.78642,0.00000,32.26532
SNORM,1827,0,14.95223,0.00000,43.50208
SNORM,1828,0,-32.78642,0.00000,32.26532
SNORM,1829,0,14.95223,0.00000,43.50208
SNORM,1830,0,-32.78642,0.00000,32.26532
SNORM,1831,0,-23.96137,0.00000,39.26643
SNORM,1832,0,-23.96137,0.00000,39.26643
SNORM,1833,0,-23.96137,0.00000,39.26643
SNORM,1834,0,-23.96137,0.00000,39.26643
SNORM,1835,0,-23.96137,0.00000,39.26643
SNORM,1836,0,-18.98452,0.00000,41.89974
SNORM,1837,0,14.95223,0.00000,43.50208
SNORM,1838,0,14.95223,0.00000,43.50208
SNORM,1839,0,14.95223,0.00000,43.50208
SNORM,1840,0,14.95223,0.00000,43.50208
SNORM,1841,0,14.95223,0.00000,43.50208
SNORM,1842,0,-34.07532,0.00000,30.90101
SNORM,1843,0,14.95223,0.00000,43.50208
SNORM,1844,0,-34.07532,0.00000,30.90101
SNORM,1845,0,14.95223,0.00000,43.50208
SNORM,1846,0,-34.07532,0.00000,30.90101
SNORM,1847,0,14.95223,0.00000,43.50208
SNORM,1848,0,-34.07532,0.00000,30.90101
SNORM,1849,0,14.95223,0.00000,43.50208
SNORM,1850,0,-34.07532,0.00000,30.90101
SNORM,1851,0,14.95223,0.00000,43.50208
SNORM,1852,0,-34.07532,0.00000,30.90101
SNORM,1853,0,14.95223,0.00000,43.50208
SNORM,1854,0,-34.07532,0.00000,30.90101
SNORM,1855,0,14.95223,0.00000,43.50208
SNORM,1856,0,-34.07532,0.00000,30.90101
SNORM,1857,0,-18.98452,0.00000,41.89974
SNORM,1858,0,-34.07532,0.00000,30.90101
SNORM,1859,0,-11.90568,0.00000,44.43259
SNORM,1860,0,-34.07532,0.00000,30.90101
SNORM,1861,0,-23.15176,0.00000,39.74916
SNORM,1862,0,-34.07532,0.00000,30.90101
SNORM,1863,0,14.95223,0.00000,43.50208
SNORM,1864,0,14.95223,0.00000,43.50208
SNORM,1865,0,14.95223,0.00000,43.50208
SNORM,1866,0,14.95223,0.00000,43.50208
SNORM,1867,0,14.95223,0.00000,43.50208
SNORM,1868,0,14.95223,0.00000,43.50208
SNORM,1869,0,14.95223,0.00000,43.50208
SNORM,1870,0,-45.52876,0.00000,6.56750
SNORM,1871,0,-45.52876,0.00000,6.56750
SNORM,1872,0,-45.52876,0.00000,6.56750
SNORM,1873,0,-23.15176,0.00000,39.74916
SNORM,1874,0,-35.31153,0.00000,29.48043
SNORM,1875,0,-13.72323,0.00000,43.90527
SNORM,1876,0,-35.31153,0.00000,29.48043
SNORM,1877,0,-3.57571,0.00000,45.86081
SNORM,1878,0,-35.31153,0.00000,29.48043
SNORM,1879,0,-3.57571,0.00000,45.86081
SNORM,1880,0,-35.31153,0.00000,29.48043
SNORM,1881,0,-3.57571,0.00000,45.86081
SNORM,1882,0,-35.31153,0.00000,29.48043
SNORM,1883,0,-3.57571,0.00000,45.86081
SNORM,1884,0,-35.31153,0.00000,29.48043
SNORM,1885,0,-3.57571,0.00000,45.86081
SNORM,1886,0,-35.31153,0.00000,29.48043
SNORM,1887,0,-3.57571,0.00000,45.86081
SNORM,1888,0,-35.31153,0.00000,29.48043
SNORM,1889,0,-3.57571,0.00000,45.86081
SNORM,1890,0,-35.31153,0.00000,29.48043
SNORM,1891,0,-45.52876,0.00000,6.56750
SNORM,1892,0,-35.31153,0.00000,29.48043
SNORM,1893,0,-45.52876,0.00000,6.56750
SNORM,1894,0,-35.31153,0.00000,29.48043
SNORM,1895,0,-45.52876,0.00000,6.56750
SNORM,1896,0,-45.52876,0.00000,6.56750
SNORM,1897,0,-45.52876,0.00000,6.56750
SNORM,1898,0,-45.52876,0.00000,6.56750
SNORM,1899,0,-45.52876,0.00000,6.56750
SNORM,1900,0,-45.52876,0.00000,6.56750
SNORM,1901,0,-45.52876,0.00000,6.56750
SNORM,1902,0,-45.52876,0.00000,6.56750
SNORM,1903,0,-3.57571,0.00000,45.86081
SNORM,1904,0,-45.52876,0.00000,6.56750
SNORM,1905,0,-38.14986,0.00000,25.70191
SNORM,1906,0,-45.52876,0.00000,6.56750
SNORM,1907,0,-36.49425,0.00000,28.00303
SNORM,1908,0,-45.52876,0.00000,6.56750
SNORM,1909,0,-36.49425,0.00000,28.00303
SNORM,1910,0,-45.52876,0.00000,6.56750
SNORM,1911,0,-36.49425,0.00000,28.00303
SNORM,1912,0,-45.52876,0.00000,6.56750
SNORM,1913,0,-36.49425,0.00000,28.00303
SNORM,1914,0,-45.52876,0.00000,6.56750
SNORM,1915,0,-36.49425,0.00000,28.00303
SNORM,1916,0,-45.52876,0.00000,6.56750
SNORM,1917,0,-36.49425,0.00000,28.00303
SNORM,1918,0,-45.52876,0.00000,6.56750
SNORM,1919,0,-36.49425,0.00000,28.00303
SNORM,1920,0,-3.57571,0.00000,45.86081
SNORM,1921,0,-36.49425,0.00000,28.00303
SNORM,1922,0,-22.33414,0.00000,40.21425
SNORM,1923,0,-22.33414,0.00000,40.21425
SNORM,1924,0,-22.33414,0.00000,40.21425
SNORM,1925,0,-9.14615,0.00000,45.08157
SNORM,1926,0,-30.75510,0.00000,34.20707
SNORM,1927,0,-30.75510,0.00000,34.20707
SNORM,1928,0,-30.75510,0.00000,34.20707
SNORM,1929,0,-30.75510,0.00000,34.20707
SNORM,1930,0,-30.75510,0.00000,34.20707
SNORM,1931,0,-43.85414,0.00000,13.88576
SNORM,1933,0,-16.38956,0.00000,42.98118
SNORM,1935,0,-43.85414,0.00000,13.88576
SNORM,1939,0,-43.85414,0.00000,13.88576
SNORM,1941,0,-3.57571,0.00000,45.86081
SNORM,1942,0,-17.26245,0.00000,42.63810
SNORM,1943,0,-3.57571,0.00000,45.86081
SNORM,1944,0,-18.98452,0.00000,41.89974
SNORM,1945,0,-3.57571,0.00000,45.86081
SNORM,1946,0,-32.78642,0.00000,32.26532
SNORM,1947,0,-3.57571,0.00000,45.86081
SNORM,1948,0,9.53116,0.00000,45.00174
SNORM,1949,0,-23.15176,0.00000,39.74916
SNORM,1950,0,-32.78642,0.00000,32.26532
SNORM,1951,0,-32.78642,0.00000,32.26532
SNORM,1952,0,-37.61521,0.00000,26.47822
SNORM,1953,0,-32.78642,0.00000,32.26532
SNORM,1954,0,-37.61521,0.00000,26.47822
SNORM,1955,0,-32.78642,0.00000,32.26532
SNORM,1956,0,-37.61521,0.00000,26.47822
SNORM,1957,0,-32.78642,0.00000,32.26532
SNORM,1958,0,-37.61521,0.00000,26.47822
SNORM,1959,0,-32.78642,0.00000,32.26532
SNORM,1960,0,-37.61521,0.00000,26.47822
SNORM,1961,0,-23.15176,0.00000,39.74916
SNORM,1962,0,-37.61521,0.00000,26.47822
SNORM,1963,0,-13.72323,0.00000,43.90527
SNORM,1964,0,-37.61521,0.00000,26.47822
SNORM,1965,0,-11.90568,0.00000,44.43259
SNORM,1966,0,-37.61521,0.00000,26.47822
SNORM,1967,0,-11.90568,0.00000,44.43259
SNORM,1968,0,-37.61521,0.00000,26.47822
SNORM,1969,0,-32.78642,0.00000,32.26532
SNORM,1970,0,-37.61521,0.00000,26.47822
SNORM,1971,0,-45.38559,0.00000,7.49319
SNORM,1972,0,-37.61521,0.00000,26.47822
SNORM,1973,0,-32.78642,0.00000,32.26532
SNORM,1974,0,-32.78642,0.00000,32.26532
SNORM,1975,0,-32.78642,0.00000,32.26532
SNORM,1976,0,-32.78642,0.00000,32.26532
SNORM,1977,0,-32.78642,0.00000,32.26532
SNORM,1978,0,-17.26245,0.00000,42.63810
SNORM,1979,0,-18.98452,0.00000,41.89974
SNORM,1980,0,-45.38559,0.00000,7.49319
SNORM,1981,0,-45.38559,0.00000,7.49319
SNORM,1982,0,-32.78642,0.00000,32.26532
SNORM,1983,0,-45.38559,0.00000,7.49319
SNORM,1984,0,-38.66743,0.00000,24.91646
SNORM,1985,0,-45.38559,0.00000,7.49319
SNORM,1986,0,-38.66743,0.00000,24.91646
SNORM,1987,0,-45.38559,0.00000,7.49319
SNORM,1988,0,-38.66743,0.00000,24.91646
SNORM,1989,0,-45.38559,0.00000,7.49319
SNORM,1990,0,-38.66743,0.00000,24.91646
SNORM,1991,0,-45.38559,0.00000,7.49319
SNORM,1992,0,-38.66743,0.00000,24.91646
SNORM,1993,0,-45.38559,0.00000,7.49319
SNORM,1994,0,-38.66743,0.00000,24.91646
SNORM,1995,0,-45.38559,0.00000,7.49319
SNORM,1996,0,-38.66743,0.00000,24.91646
SNORM,1997,0,-45.38559,0.00000,7.49319
SNORM,1998,0,-38.66743,0.00000,24.91646
SNORM,1999,0,-45.38559,0.00000,7.49319
SNORM,2000,0,-38.66743,0.00000,24.91646
SNORM,2001,0,-45.38559,0.00000,7.49319
SNORM,2002,0,-38.66743,0.00000,24.91646
SNORM,2003,0,14.05959,0.00000,43.79872
SNORM,2004,0,-38.66743,0.00000,24.91646
SNORM,2005,0,-32.78642,0.00000,32.26532
SNORM,2006,0,-32.78642,0.00000,32.26532
SNORM,2007,0,-32.78642,0.00000,32.26532
SNORM,2008,0,-32.78642,0.00000,32.26532
SNORM,2009,0,-32.78642,0.00000,32.26532
SNORM,2010,0,-3.57571,0.00000,45.86081
SNORM,2011,0,14.05959,0.00000,43.79872
SNORM,2012,0,14.05959,0.00000,43.79872
SNORM,2013,0,14.05959,0.00000,43.79872
SNORM,2014,0,-45.38559,0.00000,7.49319
SNORM,2015,0,14.05959,0.00000,43.79872
SNORM,2016,0,-39.65165,0.00000,23.31837
SNORM,2017,0,14.05959,0.00000,43.79872
SNORM,2018,0,-39.65165,0.00000,23.31837
SNORM,2019,0,14.05959,0.00000,43.79872
SNORM,2020,0,-39.65165,0.00000,23.31837
SNORM,2021,0,14.05959,0.00000,43.79872
SNORM,2022,0,-39.65165,0.00000,23.31837
SNORM,2023,0,14.05959,0.00000,43.79872
SNORM,2024,0,-39.65165,0.00000,23.31837
SNORM,2025,0,14.05959,0.00000,43.79872
SNORM,2026,0,-39.65165,0.00000,23.31837
SNORM,2027,0,14.05959,0.00000,43.79872
SNORM,2028,0,-39.65165,0.00000,23.31837
SNORM,2029,0,-10.98783,0.00000,44.66842
SNORM,2030,0,-39.65165,0.00000,23.31837
SNORM,2031,0,14.05959,0.00000,43.79872
SNORM,2032,0,-39.65165,0.00000,23.31837
SNORM,2033,0,14.05959,0.00000,43.79872
SNORM,2034,0,-39.65165,0.00000,23.31837
SNORM,2035,0,14.05959,0.00000,43.79872
SNORM,2036,0,-39.65165,0.00000,23.31837
SNORM,2037,0,-45.38559,0.00000,7.49319
SNORM,2038,0,-45.38559,0.00000,7.49319
SNORM,2039,0,-45.38559,0.00000,7.49319
SNORM,2040,0,-45.38559,0.00000,7.49319
SNORM,2041,0,-45.38559,0.00000,7.49319
SNORM,2042,0,-45.38559,0.00000,7.49319
SNORM,2043,0,-45.38559,0.00000,7.49319
SNORM,2044,0,14.05959,0.00000,43.79872
SNORM,2045,0,14.05959,0.00000,43.79872
SNORM,2046,0,14.05959,0.00000,43.79872
SNORM,2047,0,14.05959,0.00000,43.79872
SNORM,2048,0,-40.56838,0.00000,21.68425
SNORM,2049,0,14.05959,0.00000,43.79872
SNORM,2050,0,-40.56838,0.00000,21.68425
SNORM,2051,0,-3.57571,0.00000,45.86081
SNORM,2052,0,-40.56838,0.00000,21.68425
SNORM,2053,0,-3.57571,0.00000,45.86081
SNORM,2054,0,-40.56838,0.00000,21.68425
SNORM,2055,0,-18.98452,0.00000,41.89974
SNORM,2056,0,-40.56838,0.00000,21.68425
SNORM,2057,0,-4.50879,0.00000,45.77850
SNORM,2058,0,-40.56838,0.00000,21.68425
SNORM,2059,0,-17.26245,0.00000,42.63810
SNORM,2060,0,-40.56838,0.00000,21.68425
SNORM,2061,0,-45.22361,0.00000,8.41578
SNORM,2062,0,-40.56838,0.00000,21.68425
SNORM,2063,0,-45.22361,0.00000,8.41578
SNORM,2064,0,-40.56838,0.00000,21.68425
SNORM,2065,0,-45.22361,0.00000,8.41578
SNORM,2066,0,-40.56838,0.00000,21.68425
SNORM,2067,0,-4.50879,0.00000,45.77850
SNORM,2068,0,-40.56838,0.00000,21.68425
SNORM,2069,0,14.05959,0.00000,43.79872
SNORM,2070,0,14.05959,0.00000,43.79872
SNORM,2071,0,-3.57571,0.00000,45.86081
SNORM,2072,0,-13.72323,0.00000,43.90527
SNORM,2073,0,-23.15176,0.00000,39.74916
SNORM,2074,0,-4.50879,0.00000,45.77850
SNORM,2075,0,-32.12235,0.00000,32.92650
SNORM,2076,0,-4.50879,0.00000,45.77850
SNORM,2077,0,-4.50879,0.00000,45.77850
SNORM,2078,0,-45.22361,0.00000,8.41578
SNORM,2079,0,-4.50879,0.00000,45.77850
SNORM,2080,0,-41.41780,0.00000,20.01415
SNORM,2081,0,-32.12235,0.00000,32.92650
SNORM,2082,0,-41.41780,0.00000,20.01415
SNORM,2083,0,-32.12235,0.00000,32.92650
SNORM,2084,0,-41.41780,0.00000,20.01415
SNORM,2085,0,-32.12235,0.00000,32.92650
SNORM,2086,0,-41.41780,0.00000,20.01415
SNORM,2087,0,-32.12235,0.00000,32.92650
SNORM,2088,0,-41.41780,0.00000,20.01415
SNORM,2089,0,-17.26245,0.00000,42.63810
SNORM,2090,0,-41.41780,0.00000,20.01415
SNORM,2091,0,-3.57571,0.00000,45.86081
SNORM,2092,0,-41.41780,0.00000,20.01415
SNORM,2093,0,-3.57571,0.00000,45.86081
SNORM,2094,0,-41.41780,0.00000,20.01415
SNORM,2095,0,-3.57571,0.00000,45.86081
SNORM,2096,0,-41.41780,0.00000,20.01415
SNORM,2097,0,-3.57571,0.00000,45.86081
SNORM,2098,0,-41.41780,0.00000,20.01415
SNORM,2099,0,-45.22361,0.00000,8.41578
SNORM,2100,0,-41.41780,0.00000,20.01415
SNORM,2101,0,-45.22361,0.00000,8.41578
SNORM,2102,0,-45.22361,0.00000,8.41578
SNORM,2103,0,-45.22361,0.00000,8.41578
SNORM,2104,0,-45.22361,0.00000,8.41578
SNORM,2105,0,-45.22361,0.00000,8.41578
SNORM,2106,0,-45.22361,0.00000,8.41578
SNORM,2107,0,-45.22361,0.00000,8.41578
SNORM,2108,0,-45.22361,0.00000,8.41578
SNORM,2109,0,-45.22361,0.00000,8.41578
SNORM,2110,0,-17.26245,0.00000,42.63810
SNORM,2111,0,-45.22361,0.00000,8.41578
SNORM,2112,0,-42.19975,0.00000,18.30795
SNORM,2113,0,-45.22361,0.00000,8.41578
SNORM,2114,0,-42.19975,0.00000,18.30795
SNORM,2115,0,-45.22361,0.00000,8.41578
SNORM,2116,0,-42.19975,0.00000,18.30795
SNORM,2117,0,-45.22361,0.00000,8.41578
SNORM,2118,0,-42.19975,0.00000,18.30795
SNORM,2119,0,-45.22361,0.00000,8.41578
SNORM,2120,0,-42.19975,0.00000,18.30795
SNORM,2121,0,-45.22361,0.00000,8.41578
SNORM,2122,0,-42.19975,0.00000,18.30795
SNORM,2123,0,-45.22361,0.00000,8.41578
SNORM,2124,0,-42.19975,0.00000,18.30795
SNORM,2125,0,13.16257,0.00000,44.07660
SNORM,2126,0,-42.19975,0.00000,18.30795
SNORM,2127,0,-15.50875,0.00000,43.30680
SNORM,2128,0,-42.19975,0.00000,18.30795
SNORM,2129,0,-10.98783,0.00000,44.66842
SNORM,2130,0,-42.19975,0.00000,18.30795
SNORM,2131,0,-15.50875,0.00000,43.30680
SNORM,2132,0,-42.19975,0.00000,18.30795
SNORM,2133,0,-11.90568,0.00000,44.43259
SNORM,2134,0,-4.50879,0.00000,45.77850
SNORM,2135,0,-4.50879,0.00000,45.77850
SNORM,2136,0,-16.38956,0.00000,42.98118
SNORM,2137,0,-17.26245,0.00000,42.63810
SNORM,2138,0,-17.26245,0.00000,42.63810
SNORM,2139,0,-16.38956,0.00000,42.98118
SNORM,2140,0,-18.98452,0.00000,41.89974
SNORM,2141,0,-11.90568,0.00000,44.43259
SNORM,2142,0,-15.50875,0.00000,43.30680
SNORM,2143,0,-10.98783,0.00000,44.66842
SNORM,2144,0,-42.91372,0.00000,16.56539
SNORM,2145,0,-18.98452,0.00000,41.89974
SNORM,2146,0,-42.91372,0.00000,16.56539
SNORM,2147,0,13.16257,0.00000,44.07660
SNORM,2148,0,-42.91372,0.00000,16.56539
SNORM,2149,0,-18.98452,0.00000,41.89974
SNORM,2150,0,-42.91372,0.00000,16.56539
SNORM,2151,0,-18.98452,0.00000,41.89974
SNORM,2152,0,-42.91372,0.00000,16.56539
SNORM,2153,0,-18.98452,0.00000,41.89974
SNORM,2154,0,-42.91372,0.00000,16.56539
SNORM,2155,0,-45.04279,0.00000,9.33526
SNORM,2156,0,-42.91372,0.00000,16.56539
SNORM,2157,0,-45.04279,0.00000,9.33526
SNORM,2158,0,-42.91372,0.00000,16.56539
SNORM,2159,0,-45.04279,0.00000,9.33526
SNORM,2160,0,-42.91372,0.00000,16.56539
SNORM,2161,0,13.16257,0.00000,44.07660
SNORM,2162,0,-42.91372,0.00000,16.56539
SNORM,2163,0,-10.98783,0.00000,44.66842
SNORM,2164,0,-42.91372,0.00000,16.56539
SNORM,2165,0,-18.98452,0.00000,41.89974
SNORM,2166,0,-18.98452,0.00000,41.89974
SNORM,2167,0,-18.98452,0.00000,41.89974
SNORM,2168,0,-4.50879,0.00000,45.77850
SNORM,2169,0,-18.98452,0.00000,41.89974
SNORM,2170,0,-15.50875,0.00000,43.30680
SNORM,2171,0,13.16257,0.00000,44.07660
SNORM,2172,0,13.16257,0.00000,44.07660
SNORM,2173,0,-45.04279,0.00000,9.33526
SNORM,2174,0,13.16257,0.00000,44.07660
SNORM,2175,0,-38.14986,0.00000,25.70191
SNORM,2176,0,13.16257,0.00000,44.07660
SNORM,2177,0,-43.55879,0.00000,14.78622
SNORM,2178,0,13.16257,0.00000,44.07660
SNORM,2179,0,-43.55879,0.00000,14.78622
SNORM,2180,0,13.16257,0.00000,44.07660
SNORM,2181,0,-43.55879,0.00000,14.78622
SNORM,2182,0,13.16257,0.00000,44.07660
SNORM,2183,0,-43.55879,0.00000,14.78622
SNORM,2184,0,13.16257,0.00000,44.07660
SNORM,2185,0,-43.55879,0.00000,14.78622
SNORM,2186,0,13.16257,0.00000,44.07660
SNORM,2187,0,-43.55879,0.00000,14.78622
SNORM,2188,0,13.16257,0.00000,44.07660
SNORM,2189,0,-43.55879,0.00000,14.78622
SNORM,2190,0,13.16257,0.00000,44.07660
SNORM,2191,0,-43.55879,0.00000,14.78622
SNORM,2192,0,-22.33414,0.00000,40.21425
SNORM,2194,0,-43.85414,0.00000,13.88576
SNORM,2196,0,-22.33414,0.00000,40.21425
SNORM,2198,0,-43.85414,0.00000,13.88576
SNORM,2202,0,-30.75510,0.00000,34.20707
SNORM,2204,0,-43.85414,0.00000,13.88576
SNORM,2206,0,-43.85414,0.00000,13.88576
SNORM,2208,0,-43.85414,0.00000,13.88576
SNORM,2209,0,-22.33414,0.00000,40.21425
SNORM,2210,0,-43.85414,0.00000,13.88576
SNORM,2211,0,-45.04279,0.00000,9.33526
SNORM,2212,0,-45.04279,0.00000,9.33526
SNORM,2213,0,-45.04279,0.00000,9.33526
SNORM,2214,0,-45.04279,0.00000,9.33526
SNORM,2215,0,-45.04279,0.00000,9.33526
SNORM,2216,0,-45.04279,0.00000,9.33526
SNORM,2217,0,-45.04279,0.00000,9.33526
SNORM,2218,0,-45.04279,0.00000,9.33526
SNORM,2219,0,-45.04279,0.00000,9.33526
SNORM,2220,0,13.16257,0.00000,44.07660
SNORM,2221,0,-45.04279,0.00000,9.33526
SNORM,2222,0,-44.13012,0.00000,12.98201
SNORM,2223,0,-45.04279,0.00000,9.33526
SNORM,2224,0,-44.13012,0.00000,12.98201
SNORM,2225,0,-45.04279,0.00000,9.33526
SNORM,2226,0,-44.13012,0.00000,12.98201
SNORM,2227,0,-45.04279,0.00000,9.33526
SNORM,2228,0,-44.13012,0.00000,12.98201
SNORM,2229,0,-45.04279,0.00000,9.33526
SNORM,2230,0,-44.13012,0.00000,12.98201
SNORM,2231,0,-45.04279,0.00000,9.33526
SNORM,2232,0,-44.13012,0.00000,12.98201
SNORM,2233,0,-45.04279,0.00000,9.33526
SNORM,2234,0,-44.13012,0.00000,12.98201
SNORM,2235,0,-32.12235,0.00000,32.92650
SNORM,2236,0,-44.13012,0.00000,12.98201
SNORM,2237,0,-32.12235,0.00000,32.92650
SNORM,2238,0,-44.13012,0.00000,12.98201
SNORM,2239,0,-32.12235,0.00000,32.92650
SNORM,2240,0,-44.13012,0.00000,12.98201
SNORM,2241,0,-32.12235,0.00000,32.92650
SNORM,2242,0,-44.13012,0.00000,12.98201
SNORM,2243,0,13.16257,0.00000,44.07660
SNORM,2244,0,13.16257,0.00000,44.07660
SNORM,2245,0,13.16257,0.00000,44.07660
SNORM,2246,0,13.16257,0.00000,44.07660
SNORM,2247,0,13.16257,0.00000,44.07660
SNORM,2248,0,13.16257,0.00000,44.07660
SNORM,2249,0,-32.12235,0.00000,32.92650
SNORM,2250,0,-32.12235,0.00000,32.92650
SNORM,2251,0,-32.12235,0.00000,32.92650
SNORM,2252,0,-32.12235,0.00000,32.92650
SNORM,2253,0,-32.12235,0.00000,32.92650
SNORM,2254,0,-44.62449,0.00000,11.16491
SNORM,2255,0,-11.90568,0.00000,44.43259
SNORM,2256,0,-44.62449,0.00000,11.16491
SNORM,2257,0,12.26121,0.00000,44.33579
SNORM,2258,0,-44.62449,0.00000,11.16491
SNORM,2259,0,12.26121,0.00000,44.33579
SNORM,2260,0,-44.62449,0.00000,11.16491
SNORM,2261,0,12.26121,0.00000,44.33579
SNORM,2262,0,-44.62449,0.00000,11.16491
SNORM,2263,0,12.26121,0.00000,44.33579
SNORM,2264,0,-44.62449,0.00000,11.16491
SNORM,2265,0,12.26121,0.00000,44.33579
SNORM,2266,0,-44.62449,0.00000,11.16491
SNORM,2267,0,-32.12235,0.00000,32.92650
SNORM,2268,0,-44.62449,0.00000,11.16491
SNORM,2269,0,-32.12235,0.00000,32.92650
SNORM,2270,0,-44.62449,0.00000,11.16491
SNORM,2271,0,-32.12235,0.00000,32.92650
SNORM,2272,0,-44.62449,0.00000,11.16491
SNORM,2273,0,-44.84310,0.00000,10.25164
SNORM,2274,0,-44.62449,0.00000,11.16491
SNORM,2275,0,-18.98452,0.00000,41.89974
SNORM,2276,0,12.26121,0.00000,44.33579
SNORM,2277,0,12.26121,0.00000,44.33579
SNORM,2278,0,12.26121,0.00000,44.33579
SNORM,2279,0,12.26121,0.00000,44.33579
SNORM,2280,0,12.26121,0.00000,44.33579
SNORM,2281,0,-44.84310,0.00000,10.25164
SNORM,2282,0,-44.84310,0.00000,10.25164
SNORM,2283,0,-44.84310,0.00000,10.25164
SNORM,2284,0,-32.12235,0.00000,32.92650
SNORM,2285,0,-44.84310,0.00000,10.25164
SNORM,2286,0,-45.04279,0.00000,9.33526
SNORM,2287,0,-44.84310,0.00000,10.25164
SNORM,2288,0,-45.04279,0.00000,9.33526
SNORM,2289,0,-44.84310,0.00000,10.25164
SNORM,2290,0,-45.04279,0.00000,9.33526
SNORM,2291,0,-44.84310,0.00000,10.25164
SNORM,2292,0,-45.04279,0.00000,9.33526
SNORM,2293,0,-44.84310,0.00000,10.25164
SNORM,2294,0,-45.04279,0.00000,9.33526
SNORM,2295,0,-44.84310,0.00000,10.25164
SNORM,2296,0,-45.04279,0.00000,9.33526
SNORM,2297,0,-44.84310,0.00000,10.25164
SNORM,2298,0,-45.04279,0.00000,9.33526
SNORM,2299,0,-44.84310,0.00000,10.25164
SNORM,2300,0,-45.04279,0.00000,9.33526
SNORM,2301,0,-44.84310,0.00000,10.25164
SNORM,2302,0,-45.04279,0.00000,9.33526
SNORM,2303,0,-44.84310,0.00000,10.25164
SNORM,2304,0,-45.04279,0.00000,9.33526
SNORM,2305,0,-23.15176,0.00000,39.74916
SNORM,2306,0,-45.04279,0.00000,9.33526
SNORM,2307,0,-32.12235,0.00000,32.92650
SNORM,2308,0,-32.12235,0.00000,32.92650
SNORM,2309,0,-32.12235,0.00000,32.92650
SNORM,2310,0,-18.98452,0.00000,41.89974
SNORM,2311,0,-18.98452,0.00000,41.89974
SNORM,2312,0,-18.98452,0.00000,41.89974
SNORM,2313,0,-16.38956,0.00000,42.98118
SNORM,2314,0,-23.15176,0.00000,39.74916
SNORM,2315,0,-23.15176,0.00000,39.74916
SNORM,2316,0,-44.84310,0.00000,10.25164
SNORM,2317,0,-23.15176,0.00000,39.74916
SNORM,2318,0,-45.38559,0.00000,7.49319
SNORM,2319,0,-31.44525,0.00000,33.57375
SNORM,2320,0,-45.38559,0.00000,7.49319
SNORM,2321,0,-31.44525,0.00000,33.57375
SNORM,2322,0,-45.38559,0.00000,7.49319
SNORM,2323,0,-31.44525,0.00000,33.57375
SNORM,2324,0,-45.38559,0.00000,7.49319
SNORM,2325,0,-31.44525,0.00000,33.57375
SNORM,2326,0,-45.38559,0.00000,7.49319
SNORM,2327,0,-31.44525,0.00000,33.57375
SNORM,2328,0,-45.38559,0.00000,7.49319
SNORM,2329,0,12.26121,0.00000,44.33579
SNORM,2330,0,-45.38559,0.00000,7.49319
SNORM,2331,0,-31.44525,0.00000,33.57375
SNORM,2332,0,-45.38559,0.00000,7.49319
SNORM,2333,0,-31.44525,0.00000,33.57375
SNORM,2334,0,-45.38559,0.00000,7.49319
SNORM,2335,0,-31.44525,0.00000,33.57375
SNORM,2336,0,-45.38559,0.00000,7.49319
SNORM,2337,0,-31.44525,0.00000,33.57375
SNORM,2338,0,-45.38559,0.00000,7.49319
SNORM,2339,0,-44.84310,0.00000,10.25164
SNORM,2340,0,-44.84310,0.00000,10.25164
SNORM,2341,0,-44.84310,0.00000,10.25164
SNORM,2342,0,-44.84310,0.00000,10.25164
SNORM,2343,0,-44.84310,0.00000,10.25164
SNORM,2344,0,-44.84310,0.00000,10.25164
SNORM,2345,0,-31.44525,0.00000,33.57375
SNORM,2346,0,-31.44525,0.00000,33.57375
SNORM,2347,0,-31.44525,0.00000,33.57375
SNORM,2348,0,-31.44525,0.00000,33.57375
SNORM,2349,0,-31.44525,0.00000,33.57375
SNORM,2350,0,-45.65310,0.00000,5.63869
SNORM,2351,0,-16.38956,0.00000,42.98118
SNORM,2352,0,-45.65310,0.00000,5.63869
SNORM,2353,0,-23.15176,0.00000,39.74916
SNORM,2354,0,-45.65310,0.00000,5.63869
SNORM,2355,0,-4.50879,0.00000,45.77850
SNORM,2356,0,-45.65310,0.00000,5.63869
SNORM,2357,0,-4.50879,0.00000,45.77850
SNORM,2358,0,-45.65310,0.00000,5.63869
SNORM,2359,0,-4.50879,0.00000,45.77850
SNORM,2360,0,-45.65310,0.00000,5.63869
SNORM,2361,0,-44.62449,0.00000,11.16491
SNORM,2362,0,-45.65310,0.00000,5.63869
SNORM,2363,0,-44.62449,0.00000,11.16491
SNORM,2364,0,-45.65310,0.00000,5.63869
SNORM,2365,0,-44.62449,0.00000,11.16491
SNORM,2366,0,-45.65310,0.00000,5.63869
SNORM,2367,0,-44.62449,0.00000,11.16491
SNORM,2368,0,-45.65310,0.00000,5.63869
SNORM,2369,0,12.26121,0.00000,44.33579
SNORM,2370,0,-45.65310,0.00000,5.63869
SNORM,2371,0,-23.15176,0.00000,39.74916
SNORM,2372,0,-23.15176,0.00000,39.74916
SNORM,2373,0,-4.50879,0.00000,45.77850
SNORM,2374,0,-4.50879,0.00000,45.77850
SNORM,2375,0,-4.50879,0.00000,45.77850
SNORM,2376,0,-23.15176,0.00000,39.74916
SNORM,2377,0,12.26121,0.00000,44.33579
SNORM,2378,0,12.26121,0.00000,44.33579
SNORM,2379,0,12.26121,0.00000,44.33579
SNORM,2380,0,-44.62449,0.00000,11.16491
SNORM,2381,0,12.26121,0.00000,44.33579
SNORM,2382,0,-45.84511,0.00000,3.77168
SNORM,2383,0,12.26121,0.00000,44.33579
SNORM,2384,0,-45.84511,0.00000,3.77168
SNORM,2385,0,12.26121,0.00000,44.33579
SNORM,2386,0,-45.84511,0.00000,3.77168
SNORM,2387,0,12.26121,0.00000,44.33579
SNORM,2388,0,-45.84511,0.00000,3.77168
SNORM,2389,0,12.26121,0.00000,44.33579
SNORM,2390,0,-45.84511,0.00000,3.77168
SNORM,2391,0,12.26121,0.00000,44.33579
SNORM,2392,0,-45.84511,0.00000,3.77168
SNORM,2393,0,-16.38956,0.00000,42.98118
SNORM,2394,0,-45.84511,0.00000,3.77168
SNORM,2395,0,-23.15176,0.00000,39.74916
SNORM,2396,0,-45.84511,0.00000,3.77168
SNORM,2397,0,-23.15176,0.00000,39.74916
SNORM,2398,0,-45.84511,0.00000,3.77168
SNORM,2399,0,-4.50879,0.00000,45.77850
SNORM,2400,0,-45.84511,0.00000,3.77168
SNORM,2401,0,-4.50879,0.00000,45.77850
SNORM,2402,0,-45.84511,0.00000,3.77168
SNORM,2403,0,-44.62449,0.00000,11.16491
SNORM,2404,0,-44.62449,0.00000,11.16491
SNORM,2405,0,-44.62449,0.00000,11.16491
SNORM,2406,0,-44.62449,0.00000,11.16491
SNORM,2407,0,-44.62449,0.00000,11.16491
SNORM,2408,0,-44.62449,0.00000,11.16491
SNORM,2409,0,-44.62449,0.00000,11.16491
SNORM,2410,0,-44.62449,0.00000,11.16491
SNORM,2411,0,-44.62449,0.00000,11.16491
SNORM,2412,0,-44.62449,0.00000,11.16491
SNORM,2413,0,-4.50879,0.00000,45.77850
SNORM,2414,0,-45.96107,0.00000,1.89211
SNORM,2415,0,-4.50879,0.00000,45.77850
SNORM,2416,0,-45.96107,0.00000,1.89211
SNORM,2417,0,-4.50879,0.00000,45.77850
SNORM,2418,0,-45.96107,0.00000,1.89211
SNORM,2419,0,-4.50879,0.00000,45.77850
SNORM,2420,0,-45.96107,0.00000,1.89211
SNORM,2421,0,-31.44525,0.00000,33.57375
SNORM,2422,0,-45.96107,0.00000,1.89211
SNORM,2423,0,-23.15176,0.00000,39.74916
SNORM,2424,0,-45.96107,0.00000,1.89211
SNORM,2425,0,11.35552,0.00000,44.57636
SNORM,2426,0,-45.96107,0.00000,1.89211
SNORM,2427,0,11.35552,0.00000,44.57636
SNORM,2428,0,-45.96107,0.00000,1.89211
SNORM,2429,0,11.35552,0.00000,44.57636
SNORM,2430,0,-45.96107,0.00000,1.89211
SNORM,2431,0,11.35552,0.00000,44.57636
SNORM,2432,0,-45.96107,0.00000,1.89211
SNORM,2433,0,-44.62449,0.00000,11.16491
SNORM,2434,0,-45.96107,0.00000,1.89211
SNORM,2435,0,-44.62449,0.00000,11.16491
SNORM,2436,0,-44.62449,0.00000,11.16491
SNORM,2437,0,-44.62449,0.00000,11.16491
SNORM,2438,0,-44.62449,0.00000,11.16491
SNORM,2439,0,-44.62449,0.00000,11.16491
SNORM,2440,0,11.35552,0.00000,44.57636
SNORM,2441,0,11.35552,0.00000,44.57636
SNORM,2442,0,-23.15176,0.00000,39.74916
SNORM,2443,0,11.35552,0.00000,44.57636
SNORM,2444,0,11.35552,0.00000,44.57636
SNORM,2445,0,-18.12743,0.00000,42.27761
SNORM,2446,0,11.35552,0.00000,44.57636
SNORM,2448,0,11.35552,0.00000,44.57636
SNORM,2450,0,11.35552,0.00000,44.57636
SNORM,2452,0,11.35552,0.00000,44.57636
SNORM,2454,0,11.35552,0.00000,44.57636
SNORM,2456,0,-44.38686,0.00000,12.07505
SNORM,2458,0,-44.38686,0.00000,12.07505
SNORM,2460,0,-44.38686,0.00000,12.07505
SNORM,2462,0,-22.33414,0.00000,40.21425
SNORM,2463,0,-43.85414,0.00000,13.88576
SNORM,2464,0,-22.33414,0.00000,40.21425
SNORM,2465,0,2.06232,0.00000,45.95375
SNORM,2466,0,-5.43999,0.00000,45.67720
SNORM,2468,0,-43.85414,0.00000,13.88576
SNORM,2470,0,-11.90568,0.00000,44.43259
SNORM,2472,0,-43.85414,0.00000,13.88576
SNORM,2474,0,-22.33414,0.00000,40.21425
SNORM,2476,0,-43.85414,0.00000,13.88576
SNORM,2478,0,-22.33414,0.00000,40.21425
SNORM,2480,0,-43.85414,0.00000,13.88576
SNORM,2481,0,11.35552,0.00000,44.57636
SNORM,2482,0,11.35552,0.00000,44.57636
SNORM,2483,0,11.35552,0.00000,44.57636
SNORM,2484,0,11.35552,0.00000,44.57636
SNORM,2485,0,11.35552,0.00000,44.57636
SNORM,2486,0,11.35552,0.00000,44.57636
SNORM,2487,0,-23.15176,0.00000,39.74916
SNORM,2488,0,-23.15176,0.00000,39.74916
SNORM,2489,0,-23.15176,0.00000,39.74916
SNORM,2490,0,-44.38686,0.00000,12.07505
SNORM,2491,0,-23.15176,0.00000,39.74916
SNORM,2493,0,-18.98452,0.00000,41.89974
SNORM,2495,0,-16.38956,0.00000,42.98118
SNORM,2497,0,-5.43999,0.00000,45.67720
SNORM,2499,0,-5.43999,0.00000,45.67720
SNORM,2501,0,-5.43999,0.00000,45.67720
SNORM,2503,0,-5.43999,0.00000,45.67720
SNORM,2505,0,-5.43999,0.00000,45.67720
SNORM,2507,0,-5.43999,0.00000,45.67720
SNORM,2509,0,-5.43999,0.00000,45.67720
SNORM,2511,0,-44.38686,0.00000,12.07505
SNORM,2513,0,-44.38686,0.00000,12.07505
SNORM,2514,0,-44.38686,0.00000,12.07505
SNORM,2515,0,-44.38686,0.00000,12.07505
SNORM,2516,0,-44.38686,0.00000,12.07505
SNORM,2517,0,-44.38686,0.00000,12.07505
SNORM,2518,0,-44.38686,0.00000,12.07505
SNORM,2519,0,-44.38686,0.00000,12.07505
SNORM,2520,0,-44.38686,0.00000,12.07505
SNORM,2521,0,-44.38686,0.00000,12.07505
SNORM,2522,0,-5.43999,0.00000,45.67720
SNORM,2523,0,-44.38686,0.00000,12.07505
SNORM,2525,0,-44.38686,0.00000,12.07505
SNORM,2527,0,-44.38686,0.00000,12.07505
SNORM,2529,0,-44.38686,0.00000,12.07505
SNORM,2531,0,-44.38686,0.00000,12.07505
SNORM,2533,0,-44.38686,0.00000,12.07505
SNORM,2535,0,-31.44525,0.00000,33.57375
SNORM,2537,0,-31.44525,0.00000,33.57375
SNORM,2539,0,-5.43999,0.00000,45.67720
SNORM,2541,0,-5.43999,0.00000,45.67720
SNORM,2545,0,-5.43999,0.00000,45.67720
SNORM,2546,0,-14.61998,0.00000,43.61486
SNORM,2547,0,-16.38956,0.00000,42.98118
SNORM,2548,0,-5.43999,0.00000,45.67720
SNORM,2549,0,-30.75510,0.00000,34.20707
SNORM,2550,0,-31.44525,0.00000,33.57375
SNORM,2551,0,-31.44525,0.00000,33.57375
SNORM,2552,0,-16.38956,0.00000,42.98118
SNORM,2553,0,-5.43999,0.00000,45.67720
SNORM,2554,0,-30.75510,0.00000,34.20707
SNORM,2555,0,-5.43999,0.00000,45.67720
SNORM,2557,0,10.44551,0.00000,44.79834
SNORM,2559,0,10.44551,0.00000,44.79834
SNORM,2561,0,10.44551,0.00000,44.79834
SNORM,2563,0,10.44551,0.00000,44.79834
SNORM,2565,0,10.44551,0.00000,44.79834
SNORM,2567,0,-44.13012,0.00000,12.98201
SNORM,2569,0,-44.13012,0.00000,12.98201
SNORM,2571,0,-44.13012,0.00000,12.98201
SNORM,2573,0,-44.13012,0.00000,12.98201
SNORM,2575,0,-44.13012,0.00000,12.98201
SNORM,2577,0,10.44551,0.00000,44.79834
SNORM,2578,0,10.44551,0.00000,44.79834
SNORM,2585,0,2.06232,0.00000,45.95375
SNORM,2588,0,-5.43999,0.00000,45.67720
SNORM,2589,0,-24.76290,0.00000,38.76595
SNORM,2590,0,-43.55879,0.00000,14.78622
SNORM,2591,0,-11.90568,0.00000,44.43259
SNORM,2592,0,-36.49425,0.00000,28.00303
SNORM,2593,0,0.17543,0.00000,45.99967
SNORM,2594,0,-25.55623,0.00000,38.24760
SNORM,2595,0,-19.83375,0.00000,41.50449
SNORM,2596,0,-11.90568,0.00000,44.43259
SNORM,2597,0,-18.12743,0.00000,42.27761
SNORM,2598,0,3.00854,0.00000,45.90151
SNORM,2599,0,-20.67510,0.00000,41.09185
SNORM,2600,0,17.60344,0.00000,42.49846
SNORM,2601,0,-34.07532,0.00000,30.90101
SNORM,2602,0,30.32991,0.00000,34.58463
SNORM,2603,0,-14.61998,0.00000,43.61486
SNORM,2604,0,39.83717,0.00000,23.00000
SNORM,2606,0,-43.55879,0.00000,14.78622
SNORM,2607,0,-43.55879,0.00000,14.78622
SNORM,2608,0,-36.49425,0.00000,28.00303
SNORM,2609,0,-36.49425,0.00000,28.00303
SNORM,2610,0,-25.55623,0.00000,38.24760
SNORM,2611,0,-25.55623,0.00000,38.24760
SNORM,2612,0,-11.90568,0.00000,44.43259
SNORM,2613,0,-11.90568,0.00000,44.43259
SNORM,2614,0,3.00854,0.00000,45.90151
SNORM,2615,0,3.00854,0.00000,45.90151
SNORM,2616,0,17.60344,0.00000,42.49846
SNORM,2617,0,17.60344,0.00000,42.49846
SNORM,2618,0,30.32991,0.00000,34.58463
SNORM,2619,0,30.32991,0.00000,34.58463
SNORM,2620,0,39.83717,0.00000,23.00000
SNORM,2621,0,-24.76290,0.00000,38.76595
SNORM,2622,0,-11.90568,0.00000,44.43259
SNORM,2623,0,1.11794,0.00000,45.98641
SNORM,2624,0,-9.14615,0.00000,45.08157
SNORM,2625,0,-16.38956,0.00000,42.98118
SNORM,2626,0,-26.33872,0.00000,37.71302
SNORM,2627,0,-10.98783,0.00000,44.66842
SNORM,2628,0,-39.65165,0.00000,23.31837
SNORM,2630,0,39.83717,0.00000,23.00000
SNORM,2631,0,-11.90568,0.00000,44.43259
SNORM,2632,0,39.83717,0.00000,23.00000
SNORM,2633,0,-11.90568,0.00000,44.43259
SNORM,2634,0,39.83717,0.00000,23.00000
SNORM,2635,0,-11.90568,0.00000,44.43259
SNORM,2636,0,39.83717,0.00000,23.00000
SNORM,2637,0,-22.33414,0.00000,40.21425
SNORM,2638,0,39.83717,0.00000,23.00000
SNORM,2639,0,-26.33872,0.00000,37.71302
SNORM,2640,0,39.83717,0.00000,23.00000
SNORM,2641,0,2.06232,0.00000,45.95375
SNORM,2642,0,39.83717,0.00000,23.00000
SNORM,2643,0,26.63200,0.00000,37.50649
SNORM,2644,0,39.83717,0.00000,23.00000
SNORM,2645,0,26.63200,0.00000,37.50649
SNORM,2646,0,39.83717,0.00000,23.00000
SNORM,2647,0,-38.14986,0.00000,25.70191
SNORM,2648,0,39.83717,0.00000,23.00000
SNORM,2649,0,-38.14986,0.00000,25.70191
SNORM,2650,0,39.83717,0.00000,23.00000
SNORM,2651,0,-38.14986,0.00000,25.70191
SNORM,2652,0,39.83717,0.00000,23.00000
SNORM,2653,0,-20.67510,0.00000,41.09185
SNORM,2654,0,39.83717,0.00000,23.00000
SNORM,2655,0,2.06232,0.00000,45.95375
SNORM,2656,0,39.83717,0.00000,23.00000
SNORM,2657,0,2.06232,0.00000,45.95375
SNORM,2658,0,39.83717,0.00000,23.00000
SNORM,2659,0,-26.33872,0.00000,37.71302
SNORM,2660,0,39.83717,0.00000,23.00000
SNORM,2661,0,-26.33872,0.00000,37.71302
SNORM,2662,0,39.83717,0.00000,23.00000
SNORM,2663,0,-26.33872,0.00000,37.71302
SNORM,2664,0,39.83717,0.00000,23.00000
SNORM,2665,0,-38.14986,0.00000,25.70191
SNORM,2666,0,39.83717,0.00000,23.00000
SNORM,2668,0,-18.12743,0.00000,42.27761
SNORM,2670,0,-11.90568,0.00000,44.43259
SNORM,2671,0,-11.90568,0.00000,44.43259
SNORM,2672,0,-11.90568,0.00000,44.43259
SNORM,2673,0,1.11794,0.00000,45.98641
SNORM,2674,0,-38.14986,0.00000,25.70191
SNORM,2675,0,-38.14986,0.00000,25.70191
SNORM,2676,0,-38.14986,0.00000,25.70191
SNORM,2677,0,-38.14986,0.00000,25.70191
SNORM,2678,0,26.63200,0.00000,37.50649
SNORM,2679,0,26.63200,0.00000,37.50649
SNORM,2680,0,26.63200,0.00000,37.50649
SNORM,2681,0,26.63200,0.00000,37.50649
SNORM,2687,0,-38.14986,0.00000,25.70191
SNORM,2689,0,39.35491,0.00000,23.81577
SNORM,2691,0,39.35491,0.00000,23.81577
SNORM,2693,0,39.35491,0.00000,23.81577
SNORM,2695,0,39.35491,0.00000,23.81577
SNORM,2697,0,39.35491,0.00000,23.81577
SNORM,2698,0,-43.55879,0.00000,14.78622
SNORM,2699,0,39.35491,0.00000,23.81577
SNORM,2700,0,-43.55879,0.00000,14.78622
SNORM,2701,0,39.35491,0.00000,23.81577
SNORM,2702,0,-43.55879,0.00000,14.78622
SNORM,2703,0,39.35491,0.00000,23.81577
SNORM,2704,0,-43.55879,0.00000,14.78622
SNORM,2705,0,39.35491,0.00000,23.81577
SNORM,2706,0,-43.55879,0.00000,14.78622
SNORM,2707,0,39.35491,0.00000,23.81577
SNORM,2708,0,-43.55879,0.00000,14.78622
SNORM,2709,0,39.35491,0.00000,23.81577
SNORM,2710,0,-43.55879,0.00000,14.78622
SNORM,2711,0,39.35491,0.00000,23.81577
SNORM,2712,0,-43.55879,0.00000,14.78622
SNORM,2713,0,39.35491,0.00000,23.81577
SNORM,2714,0,-43.55879,0.00000,14.78622
SNORM,2715,0,39.35491,0.00000,23.81577
SNORM,2716,0,-43.55879,0.00000,14.78622
SNORM,2717,0,39.35491,0.00000,23.81577
SNORM,2718,0,-43.55879,0.00000,14.78622
SNORM,2719,0,39.35491,0.00000,23.81577
SNORM,2720,0,-43.55879,0.00000,14.78622
SNORM,2721,0,39.35491,0.00000,23.81577
SNORM,2722,0,-43.55879,0.00000,14.78622
SNORM,2723,0,39.35491,0.00000,23.81577
SNORM,2724,0,-43.55879,0.00000,14.78622
SNORM,2725,0,39.35491,0.00000,23.81577
SNORM,2726,0,-43.55879,0.00000,14.78622
SNORM,2727,0,39.35491,0.00000,23.81577
SNORM,2728,0,9.53116,0.00000,45.00174
SNORM,2729,0,39.35491,0.00000,23.81577
SNORM,2730,0,26.63200,0.00000,37.50649
SNORM,2731,0,-38.14986,0.00000,25.70191
SNORM,2732,0,26.63200,0.00000,37.50649
SNORM,2733,0,-38.14986,0.00000,25.70191
SNORM,2734,0,26.63200,0.00000,37.50649
SNORM,2735,0,-18.12743,0.00000,42.27761
SNORM,2736,0,-19.83375,0.00000,41.50449
SNORM,2737,0,-15.50875,0.00000,43.30680
SNORM,2738,0,-37.61521,0.00000,26.47822
SNORM,2739,0,9.53116,0.00000,45.00174
SNORM,2740,0,9.53116,0.00000,45.00174
SNORM,2741,0,9.53116,0.00000,45.00174
SNORM,2742,0,9.53116,0.00000,45.00174
SNORM,2743,0,9.53116,0.00000,45.00174
SNORM,2744,0,9.53116,0.00000,45.00174
SNORM,2745,0,9.53116,0.00000,45.00174
SNORM,2746,0,9.53116,0.00000,45.00174
SNORM,2747,0,9.53116,0.00000,45.00174
SNORM,2748,0,9.53116,0.00000,45.00174
SNORM,2749,0,-43.55879,0.00000,14.78622
SNORM,2750,0,9.53116,0.00000,45.00174
SNORM,2751,0,38.85740,0.00000,24.61915
SNORM,2752,0,9.53116,0.00000,45.00174
SNORM,2753,0,38.85740,0.00000,24.61915
SNORM,2754,0,9.53116,0.00000,45.00174
SNORM,2755,0,38.85740,0.00000,24.61915
SNORM,2756,0,-30.05190,0.00000,34.82647
SNORM,2757,0,38.85740,0.00000,24.61915
SNORM,2758,0,-11.90568,0.00000,44.43259
SNORM,2759,0,38.85740,0.00000,24.61915
SNORM,2760,0,-37.61521,0.00000,26.47822
SNORM,2761,0,38.85740,0.00000,24.61915
SNORM,2762,0,-30.05190,0.00000,34.82647
SNORM,2763,0,38.85740,0.00000,24.61915
SNORM,2764,0,-30.05190,0.00000,34.82647
SNORM,2765,0,38.85740,0.00000,24.61915
SNORM,2766,0,-30.05190,0.00000,34.82647
SNORM,2767,0,38.85740,0.00000,24.61915
SNORM,2768,0,8.61247,0.00000,45.18656
SNORM,2769,0,38.85740,0.00000,24.61915
SNORM,2770,0,8.61247,0.00000,45.18656
SNORM,2771,0,38.85740,0.00000,24.61915
SNORM,2772,0,8.61247,0.00000,45.18656
SNORM,2773,0,38.85740,0.00000,24.61915
SNORM,2774,0,8.61247,0.00000,45.18656
SNORM,2775,0,38.85740,0.00000,24.61915
SNORM,2776,0,-43.24494,0.00000,15.68040
SNORM,2777,0,38.85740,0.00000,24.61915
SNORM,2778,0,-43.24494,0.00000,15.68040
SNORM,2779,0,38.85740,0.00000,24.61915
SNORM,2780,0,-43.24494,0.00000,15.68040
SNORM,2781,0,38.85740,0.00000,24.61915
SNORM,2782,0,-43.24494,0.00000,15.68040
SNORM,2783,0,38.85740,0.00000,24.61915
SNORM,2784,0,-43.24494,0.00000,15.68040
SNORM,2785,0,38.85740,0.00000,24.61915
SNORM,2786,0,-43.24494,0.00000,15.68040
SNORM,2787,0,38.85740,0.00000,24.61915
SNORM,2788,0,-43.24494,0.00000,15.68040
SNORM,2789,0,38.85740,0.00000,24.61915
SNORM,2790,0,-30.05190,0.00000,34.82647
SNORM,2791,0,38.85740,0.00000,24.61915
SNORM,2792,0,-43.55879,0.00000,14.78622
SNORM,2793,0,-43.55879,0.00000,14.78622
SNORM,2794,0,9.53116,0.00000,45.00174
SNORM,2795,0,9.53116,0.00000,45.00174
SNORM,2796,0,-15.50875,0.00000,43.30680
SNORM,2797,0,-30.05190,0.00000,34.82647
SNORM,2798,0,-30.05190,0.00000,34.82647
SNORM,2799,0,-30.05190,0.00000,34.82647
SNORM,2800,0,-6.36934,0.00000,45.55690
SNORM,2801,0,8.61247,0.00000,45.18656
SNORM,2802,0,8.61247,0.00000,45.18656
SNORM,2803,0,8.61247,0.00000,45.18656
SNORM,2804,0,8.61247,0.00000,45.18656
SNORM,2805,0,8.61247,0.00000,45.18656
SNORM,2806,0,-11.90568,0.00000,44.43259
SNORM,2807,0,-6.36934,0.00000,45.55690
SNORM,2808,0,25.86179,0.00000,38.04166
SNORM,2809,0,-30.05190,0.00000,34.82647
SNORM,2810,0,-30.05190,0.00000,34.82647
SNORM,2811,0,-43.24494,0.00000,15.68040
SNORM,2812,0,-30.05190,0.00000,34.82647
SNORM,2813,0,38.34479,0.00000,25.41018
SNORM,2814,0,-30.05190,0.00000,34.82647
SNORM,2815,0,38.34479,0.00000,25.41018
SNORM,2816,0,-30.05190,0.00000,34.82647
SNORM,2817,0,38.34479,0.00000,25.41018
SNORM,2818,0,-30.05190,0.00000,34.82647
SNORM,2819,0,38.34479,0.00000,25.41018
SNORM,2820,0,-30.05190,0.00000,34.82647
SNORM,2821,0,38.34479,0.00000,25.41018
SNORM,2822,0,-30.05190,0.00000,34.82647
SNORM,2823,0,38.34479,0.00000,25.41018
SNORM,2824,0,-30.05190,0.00000,34.82647
SNORM,2825,0,38.34479,0.00000,25.41018
SNORM,2826,0,-30.05190,0.00000,34.82647
SNORM,2827,0,38.34479,0.00000,25.41018
SNORM,2828,0,-30.05190,0.00000,34.82647
SNORM,2829,0,38.34479,0.00000,25.41018
SNORM,2830,0,-30.05190,0.00000,34.82647
SNORM,2831,0,38.34479,0.00000,25.41018
SNORM,2832,0,-30.05190,0.00000,34.82647
SNORM,2833,0,38.34479,0.00000,25.41018
SNORM,2834,0,1.11794,0.00000,45.98641
SNORM,2835,0,38.34479,0.00000,25.41018
SNORM,2836,0,-6.36934,0.00000,45.55690
SNORM,2837,0,38.34479,0.00000,25.41018
SNORM,2838,0,-6.36934,0.00000,45.55690
SNORM,2839,0,38.34479,0.00000,25.41018
SNORM,2840,0,8.61247,0.00000,45.18656
SNORM,2841,0,38.34479,0.00000,25.41018
SNORM,2842,0,8.61247,0.00000,45.18656
SNORM,2843,0,38.34479,0.00000,25.41018
SNORM,2844,0,8.61247,0.00000,45.18656
SNORM,2845,0,38.34479,0.00000,25.41018
SNORM,2846,0,8.61247,0.00000,45.18656
SNORM,2847,0,38.34479,0.00000,25.41018
SNORM,2848,0,8.61247,0.00000,45.18656
SNORM,2849,0,38.34479,0.00000,25.41018
SNORM,2850,0,8.61247,0.00000,45.18656
SNORM,2851,0,38.34479,0.00000,25.41018
SNORM,2852,0,-6.36934,0.00000,45.55690
SNORM,2853,0,38.34479,0.00000,25.41018
SNORM,2854,0,-43.24494,0.00000,15.68040
SNORM,2855,0,-43.24494,0.00000,15.68040
SNORM,2856,0,-43.24494,0.00000,15.68040
SNORM,2857,0,-43.24494,0.00000,15.68040
SNORM,2858,0,-43.24494,0.00000,15.68040
SNORM,2859,0,-43.24494,0.00000,15.68040
SNORM,2860,0,-43.24494,0.00000,15.68040
SNORM,2861,0,-43.24494,0.00000,15.68040
SNORM,2862,0,-43.24494,0.00000,15.68040
SNORM,2863,0,-43.24494,0.00000,15.68040
SNORM,2864,0,-43.24494,0.00000,15.68040
SNORM,2865,0,-43.24494,0.00000,15.68040
SNORM,2866,0,-43.24494,0.00000,15.68040
SNORM,2867,0,8.61247,0.00000,45.18656
SNORM,2868,0,8.61247,0.00000,45.18656
SNORM,2869,0,8.61247,0.00000,45.18656
SNORM,2870,0,8.61247,0.00000,45.18656
SNORM,2871,0,8.61247,0.00000,45.18656
SNORM,2872,0,8.61247,0.00000,45.18656
SNORM,2873,0,-6.36934,0.00000,45.55690
SNORM,2874,0,-6.36934,0.00000,45.55690
SNORM,2875,0,37.81719,0.00000,26.18893
SNORM,2876,0,-6.36934,0.00000,45.55690
SNORM,2877,0,37.81719,0.00000,26.18893
SNORM,2878,0,-22.33414,0.00000,40.21425
SNORM,2879,0,37.81719,0.00000,26.18893
SNORM,2880,0,-42.91372,0.00000,16.56539
SNORM,2881,0,37.81719,0.00000,26.18893
SNORM,2882,0,-42.91372,0.00000,16.56539
SNORM,2883,0,37.81719,0.00000,26.18893
SNORM,2884,0,-42.91372,0.00000,16.56539
SNORM,2885,0,37.81719,0.00000,26.18893
SNORM,2886,0,-42.91372,0.00000,16.56539
SNORM,2887,0,37.81719,0.00000,26.18893
SNORM,2888,0,-42.91372,0.00000,16.56539
SNORM,2889,0,37.81719,0.00000,26.18893
SNORM,2890,0,-42.91372,0.00000,16.56539
SNORM,2891,0,37.81719,0.00000,26.18893
SNORM,2892,0,-42.91372,0.00000,16.56539
SNORM,2893,0,37.81719,0.00000,26.18893
SNORM,2894,0,-42.91372,0.00000,16.56539
SNORM,2895,0,37.81719,0.00000,26.18893
SNORM,2896,0,-42.91372,0.00000,16.56539
SNORM,2897,0,37.81719,0.00000,26.18893
SNORM,2898,0,-42.91372,0.00000,16.56539
SNORM,2899,0,37.81719,0.00000,26.18893
SNORM,2900,0,-42.91372,0.00000,16.56539
SNORM,2901,0,37.81719,0.00000,26.18893
SNORM,2902,0,-42.91372,0.00000,16.56539
SNORM,2903,0,37.81719,0.00000,26.18893
SNORM,2904,0,-42.91372,0.00000,16.56539
SNORM,2905,0,37.81719,0.00000,26.18893
SNORM,2906,0,-42.91372,0.00000,16.56539
SNORM,2907,0,37.81719,0.00000,26.18893
SNORM,2908,0,-42.91372,0.00000,16.56539
SNORM,2909,0,37.81719,0.00000,26.18893
SNORM,2910,0,-42.91372,0.00000,16.56539
SNORM,2911,0,37.81719,0.00000,26.18893
SNORM,2912,0,-42.91372,0.00000,16.56539
SNORM,2913,0,37.81719,0.00000,26.18893
SNORM,2914,0,-6.36934,0.00000,45.55690
SNORM,2915,0,37.81719,0.00000,26.18893
SNORM,2916,0,-6.36934,0.00000,45.55690
SNORM,2917,0,-6.36934,0.00000,45.55690
SNORM,2918,0,25.86179,0.00000,38.04166
SNORM,2919,0,-6.36934,0.00000,45.55690
SNORM,2920,0,-6.36934,0.00000,45.55690
SNORM,2921,0,-6.36934,0.00000,45.55690
SNORM,2922,0,-6.36934,0.00000,45.55690
SNORM,2923,0,-22.33414,0.00000,40.21425
SNORM,2924,0,-37.61521,0.00000,26.47822
SNORM,2925,0,-18.12743,0.00000,42.27761
SNORM,2926,0,-29.33562,0.00000,35.43193
SNORM,2927,0,-29.33562,0.00000,35.43193
SNORM,2928,0,-29.33562,0.00000,35.43193
SNORM,2929,0,-6.36934,0.00000,45.55690
SNORM,2930,0,-6.36934,0.00000,45.55690
SNORM,2931,0,-6.36934,0.00000,45.55690
SNORM,2932,0,-6.36934,0.00000,45.55690
SNORM,2933,0,-6.36934,0.00000,45.55690
SNORM,2934,0,-15.50875,0.00000,43.30680
SNORM,2935,0,-42.91372,0.00000,16.56539
SNORM,2936,0,-6.36934,0.00000,45.55690
SNORM,2937,0,37.27471,0.00000,26.95545
SNORM,2938,0,-22.33414,0.00000,40.21425
SNORM,2939,0,37.27471,0.00000,26.95545
SNORM,2940,0,-15.50875,0.00000,43.30680
SNORM,2941,0,37.27471,0.00000,26.95545
SNORM,2942,0,1.11794,0.00000,45.98641
SNORM,2943,0,37.27471,0.00000,26.95545
SNORM,2944,0,-14.61998,0.00000,43.61486
SNORM,2945,0,37.27471,0.00000,26.95545
SNORM,2946,0,-16.38956,0.00000,42.98118
SNORM,2947,0,37.27471,0.00000,26.95545
SNORM,2948,0,-16.38956,0.00000,42.98118
SNORM,2949,0,37.27471,0.00000,26.95545
SNORM,2950,0,-37.61521,0.00000,26.47822
SNORM,2951,0,37.27471,0.00000,26.95545
SNORM,2952,0,-21.50858,0.00000,40.66179
SNORM,2953,0,37.27471,0.00000,26.95545
SNORM,2954,0,-22.33414,0.00000,40.21425
SNORM,2955,0,37.27471,0.00000,26.95545
SNORM,2956,0,-37.61521,0.00000,26.47822
SNORM,2957,0,37.27471,0.00000,26.95545
SNORM,2958,0,25.86179,0.00000,38.04166
SNORM,2959,0,37.27471,0.00000,26.95545
SNORM,2960,0,-16.38956,0.00000,42.98118
SNORM,2961,0,37.27471,0.00000,26.95545
SNORM,2962,0,-21.50858,0.00000,40.66179
SNORM,2963,0,37.27471,0.00000,26.95545
SNORM,2964,0,25.86179,0.00000,38.04166
SNORM,2965,0,37.27471,0.00000,26.95545
SNORM,2966,0,7.68943,0.00000,45.35276
SNORM,2967,0,37.27471,0.00000,26.95545
SNORM,2968,0,-17.26245,0.00000,42.63810
SNORM,2969,0,37.27471,0.00000,26.95545
SNORM,2970,0,7.68943,0.00000,45.35276
SNORM,2971,0,37.27471,0.00000,26.95545
SNORM,2972,0,-15.50875,0.00000,43.30680
SNORM,2973,0,37.27471,0.00000,26.95545
SNORM,2974,0,7.68943,0.00000,45.35276
SNORM,2975,0,37.27471,0.00000,26.95545
SNORM,2976,0,-42.56528,0.00000,17.44123
SNORM,2977,0,37.27471,0.00000,26.95545
SNORM,2978,0,-42.91372,0.00000,16.56539
SNORM,2979,0,-42.91372,0.00000,16.56539
SNORM,2980,0,-42.91372,0.00000,16.56539
SNORM,2981,0,-29.33562,0.00000,35.43193
SNORM,2982,0,7.68943,0.00000,45.35276
SNORM,2983,0,7.68943,0.00000,45.35276
SNORM,2984,0,-37.61521,0.00000,26.47822
SNORM,2985,0,-37.61521,0.00000,26.47822
SNORM,2986,0,-22.33414,0.00000,40.21425
SNORM,2987,0,-22.33414,0.00000,40.21425
SNORM,2988,0,-9.14615,0.00000,45.08157
SNORM,2989,0,-16.38956,0.00000,42.98118
SNORM,2990,0,-16.38956,0.00000,42.98118
SNORM,2991,0,-42.56528,0.00000,17.44123
SNORM,2992,0,-42.56528,0.00000,17.44123
SNORM,2993,0,-42.56528,0.00000,17.44123
SNORM,2994,0,-42.56528,0.00000,17.44123
SNORM,2995,0,-42.56528,0.00000,17.44123
SNORM,2996,0,-42.56528,0.00000,17.44123
SNORM,2997,0,7.68943,0.00000,45.35276
SNORM,2998,0,-42.56528,0.00000,17.44123
SNORM,2999,0,36.71740,0.00000,27.70980
SNORM,3000,0,-42.56528,0.00000,17.44123
SNORM,3001,0,36.71740,0.00000,27.70980
SNORM,3002,0,-42.56528,0.00000,17.44123
SNORM,3003,0,36.71740,0.00000,27.70980
SNORM,3004,0,-42.56528,0.00000,17.44123
SNORM,3005,0,36.71740,0.00000,27.70980
SNORM,3006,0,-42.56528,0.00000,17.44123
SNORM,3007,0,36.71740,0.00000,27.70980
SNORM,3008,0,-42.56528,0.00000,17.44123
SNORM,3009,0,36.71740,0.00000,27.70980
SNORM,3010,0,-42.56528,0.00000,17.44123
SNORM,3011,0,36.71740,0.00000,27.70980
SNORM,3012,0,-42.56528,0.00000,17.44123
SNORM,3013,0,36.71740,0.00000,27.70980
SNORM,3014,0,-42.56528,0.00000,17.44123
SNORM,3015,0,36.71740,0.00000,27.70980
SNORM,3016,0,-42.56528,0.00000,17.44123
SNORM,3017,0,36.71740,0.00000,27.70980
SNORM,3018,0,-42.56528,0.00000,17.44123
SNORM,3019,0,36.71740,0.00000,27.70980
SNORM,3020,0,-42.56528,0.00000,17.44123
SNORM,3021,0,36.71740,0.00000,27.70980
SNORM,3022,0,-42.56528,0.00000,17.44123
SNORM,3023,0,36.71740,0.00000,27.70980
SNORM,3024,0,-42.56528,0.00000,17.44123
SNORM,3025,0,36.71740,0.00000,27.70980
SNORM,3026,0,-21.50858,0.00000,40.66179
SNORM,3027,0,36.71740,0.00000,27.70980
SNORM,3028,0,-29.33562,0.00000,35.43193
SNORM,3029,0,36.71740,0.00000,27.70980
SNORM,3030,0,-29.33562,0.00000,35.43193
SNORM,3031,0,36.71740,0.00000,27.70980
SNORM,3032,0,-29.33562,0.00000,35.43193
SNORM,3033,0,36.71740,0.00000,27.70980
SNORM,3034,0,-29.33562,0.00000,35.43193
SNORM,3035,0,36.71740,0.00000,27.70980
SNORM,3036,0,-21.50858,0.00000,40.66179
SNORM,3037,0,36.71740,0.00000,27.70980
SNORM,3038,0,6.76202,0.00000,45.50028
SNORM,3039,0,36.71740,0.00000,27.70980
SNORM,3040,0,7.68943,0.00000,45.35276
SNORM,3041,0,7.68943,0.00000,45.35276
SNORM,3042,0,7.68943,0.00000,45.35276
SNORM,3043,0,7.68943,0.00000,45.35276
SNORM,3044,0,7.68943,0.00000,45.35276
SNORM,3045,0,7.68943,0.00000,45.35276
SNORM,3046,0,7.68943,0.00000,45.35276
SNORM,3047,0,7.68943,0.00000,45.35276
SNORM,3048,0,7.68943,0.00000,45.35276
SNORM,3049,0,7.68943,0.00000,45.35276
SNORM,3050,0,7.68943,0.00000,45.35276
SNORM,3051,0,7.68943,0.00000,45.35276
SNORM,3052,0,7.68943,0.00000,45.35276
SNORM,3053,0,7.68943,0.00000,45.35276
SNORM,3054,0,7.68943,0.00000,45.35276
SNORM,3055,0,-29.33562,0.00000,35.43193
SNORM,3056,0,-29.33562,0.00000,35.43193
SNORM,3057,0,-29.33562,0.00000,35.43193
SNORM,3058,0,-29.33562,0.00000,35.43193
SNORM,3059,0,6.76202,0.00000,45.50028
SNORM,3060,0,-21.50858,0.00000,40.66179
SNORM,3061,0,36.14531,0.00000,28.45200
SNORM,3062,0,6.76202,0.00000,45.50028
SNORM,3063,0,36.14531,0.00000,28.45200
SNORM,3064,0,6.76202,0.00000,45.50028
SNORM,3065,0,36.14531,0.00000,28.45200
SNORM,3066,0,6.76202,0.00000,45.50028
SNORM,3067,0,36.14531,0.00000,28.45200
SNORM,3068,0,-21.50858,0.00000,40.66179
SNORM,3069,0,36.14531,0.00000,28.45200
SNORM,3070,0,-29.33562,0.00000,35.43193
SNORM,3071,0,36.14531,0.00000,28.45200
SNORM,3072,0,-29.33562,0.00000,35.43193
SNORM,3073,0,36.14531,0.00000,28.45200
SNORM,3074,0,-29.33562,0.00000,35.43193
SNORM,3075,0,36.14531,0.00000,28.45200
SNORM,3076,0,-29.33562,0.00000,35.43193
SNORM,3077,0,36.14531,0.00000,28.45200
SNORM,3078,0,-29.33562,0.00000,35.43193
SNORM,3079,0,36.14531,0.00000,28.45200
SNORM,3080,0,-29.33562,0.00000,35.43193
SNORM,3081,0,36.14531,0.00000,28.45200
SNORM,3082,0,-29.33562,0.00000,35.43193
SNORM,3083,0,36.14531,0.00000,28.45200
SNORM,3084,0,-29.33562,0.00000,35.43193
SNORM,3085,0,36.14531,0.00000,28.45200
SNORM,3086,0,-29.33562,0.00000,35.43193
SNORM,3087,0,36.14531,0.00000,28.45200
SNORM,3088,0,-21.50858,0.00000,40.66179
SNORM,3089,0,36.14531,0.00000,28.45200
SNORM,3090,0,-21.50858,0.00000,40.66179
SNORM,3091,0,36.14531,0.00000,28.45200
SNORM,3092,0,-21.50858,0.00000,40.66179
SNORM,3093,0,36.14531,0.00000,28.45200
SNORM,3094,0,-21.50858,0.00000,40.66179
SNORM,3095,0,36.14531,0.00000,28.45200
SNORM,3096,0,6.76202,0.00000,45.50028
SNORM,3097,0,36.14531,0.00000,28.45200
SNORM,3098,0,-21.50858,0.00000,40.66179
SNORM,3099,0,36.14531,0.00000,28.45200
SNORM,3100,0,-42.19975,0.00000,18.30795
SNORM,3101,0,36.14531,0.00000,28.45200
SNORM,3102,0,-21.50858,0.00000,40.66179
SNORM,3103,0,6.76202,0.00000,45.50028
SNORM,3104,0,6.76202,0.00000,45.50028
SNORM,3105,0,-42.19975,0.00000,18.30795
SNORM,3106,0,-42.19975,0.00000,18.30795
SNORM,3107,0,-42.19975,0.00000,18.30795
SNORM,3108,0,-42.19975,0.00000,18.30795
SNORM,3109,0,-42.19975,0.00000,18.30795
SNORM,3110,0,-42.19975,0.00000,18.30795
SNORM,3111,0,-42.19975,0.00000,18.30795
SNORM,3112,0,-42.19975,0.00000,18.30795
SNORM,3113,0,-42.19975,0.00000,18.30795
SNORM,3114,0,-42.19975,0.00000,18.30795
SNORM,3115,0,-42.19975,0.00000,18.30795
SNORM,3116,0,-42.19975,0.00000,18.30795
SNORM,3117,0,-42.19975,0.00000,18.30795
SNORM,3118,0,-42.19975,0.00000,18.30795
SNORM,3119,0,-42.19975,0.00000,18.30795
SNORM,3120,0,-42.19975,0.00000,18.30795
SNORM,3121,0,-21.50858,0.00000,40.66179
SNORM,3122,0,-42.19975,0.00000,18.30795
SNORM,3123,0,35.55848,0.00000,29.18209
SNORM,3124,0,-42.19975,0.00000,18.30795
SNORM,3125,0,35.55848,0.00000,29.18209
SNORM,3126,0,-42.19975,0.00000,18.30795
SNORM,3127,0,35.55848,0.00000,29.18209
SNORM,3128,0,-42.19975,0.00000,18.30795
SNORM,3129,0,35.55848,0.00000,29.18209
SNORM,3130,0,6.76202,0.00000,45.50028
SNORM,3131,0,35.55848,0.00000,29.18209
SNORM,3132,0,-28.60622,0.00000,36.02339
SNORM,3133,0,35.55848,0.00000,29.18209
SNORM,3134,0,-28.60622,0.00000,36.02339
SNORM,3135,0,35.55848,0.00000,29.18209
SNORM,3136,0,-28.60622,0.00000,36.02339
SNORM,3137,0,35.55848,0.00000,29.18209
SNORM,3138,0,-28.60622,0.00000,36.02339
SNORM,3139,0,35.55848,0.00000,29.18209
SNORM,3140,0,-28.60622,0.00000,36.02339
SNORM,3141,0,35.55848,0.00000,29.18209
SNORM,3142,0,-21.50858,0.00000,40.66179
SNORM,3143,0,35.55848,0.00000,29.18209
SNORM,3144,0,-21.50858,0.00000,40.66179
SNORM,3145,0,35.55848,0.00000,29.18209
SNORM,3146,0,-17.26245,0.00000,42.63810
SNORM,3147,0,35.55848,0.00000,29.18209
SNORM,3148,0,-7.29681,0.00000,45.41758
SNORM,3149,0,35.55848,0.00000,29.18209
SNORM,3150,0,-41.81723,0.00000,19.16558
SNORM,3151,0,35.55848,0.00000,29.18209
SNORM,3152,0,-41.81723,0.00000,19.16558
SNORM,3153,0,35.55848,0.00000,29.18209
SNORM,3154,0,-41.81723,0.00000,19.16558
SNORM,3155,0,35.55848,0.00000,29.18209
SNORM,3156,0,-41.81723,0.00000,19.16558
SNORM,3157,0,35.55848,0.00000,29.18209
SNORM,3158,0,-41.81723,0.00000,19.16558
SNORM,3159,0,35.55848,0.00000,29.18209
SNORM,3160,0,-41.81723,0.00000,19.16558
SNORM,3161,0,35.55848,0.00000,29.18209
SNORM,3162,0,6.76202,0.00000,45.50028
SNORM,3163,0,35.55848,0.00000,29.18209
SNORM,3164,0,-21.50858,0.00000,40.66179
SNORM,3165,0,-28.60622,0.00000,36.02339
SNORM,3166,0,-28.60622,0.00000,36.02339
SNORM,3167,0,-28.60622,0.00000,36.02339
SNORM,3168,0,-28.60622,0.00000,36.02339
SNORM,3169,0,-28.60622,0.00000,36.02339
SNORM,3170,0,-28.60622,0.00000,36.02339
SNORM,3171,0,-28.60622,0.00000,36.02339
SNORM,3172,0,-28.60622,0.00000,36.02339
SNORM,3173,0,-21.50858,0.00000,40.66179
SNORM,3174,0,-21.50858,0.00000,40.66179
SNORM,3175,0,-17.26245,0.00000,42.63810
SNORM,3176,0,-7.29681,0.00000,45.41758
SNORM,3177,0,-7.29681,0.00000,45.41758
SNORM,3178,0,6.76202,0.00000,45.50028
SNORM,3179,0,6.76202,0.00000,45.50028
SNORM,3180,0,6.76202,0.00000,45.50028
SNORM,3181,0,6.76202,0.00000,45.50028
SNORM,3182,0,6.76202,0.00000,45.50028
SNORM,3183,0,-41.81723,0.00000,19.16558
SNORM,3184,0,6.76202,0.00000,45.50028
SNORM,3185,0,34.95690,0.00000,29.90008
SNORM,3186,0,6.76202,0.00000,45.50028
SNORM,3187,0,34.95690,0.00000,29.90008
SNORM,3188,0,6.76202,0.00000,45.50028
SNORM,3189,0,34.95690,0.00000,29.90008
SNORM,3190,0,6.76202,0.00000,45.50028
SNORM,3191,0,34.95690,0.00000,29.90008
SNORM,3192,0,6.76202,0.00000,45.50028
SNORM,3193,0,34.95690,0.00000,29.90008
SNORM,3194,0,6.76202,0.00000,45.50028
SNORM,3195,0,34.95690,0.00000,29.90008
SNORM,3196,0,-21.50858,0.00000,40.66179
SNORM,3197,0,34.95690,0.00000,29.90008
SNORM,3198,0,-7.29681,0.00000,45.41758
SNORM,3199,0,34.95690,0.00000,29.90008
SNORM,3200,0,-21.50858,0.00000,40.66179
SNORM,3201,0,34.95690,0.00000,29.90008
SNORM,3202,0,-21.50858,0.00000,40.66179
SNORM,3203,0,34.95690,0.00000,29.90008
SNORM,3204,0,-7.29681,0.00000,45.41758
SNORM,3205,0,34.95690,0.00000,29.90008
SNORM,3206,0,-7.29681,0.00000,45.41758
SNORM,3207,0,34.95690,0.00000,29.90008
SNORM,3208,0,-7.29681,0.00000,45.41758
SNORM,3209,0,34.95690,0.00000,29.90008
SNORM,3210,0,-7.29681,0.00000,45.41758
SNORM,3211,0,34.95690,0.00000,29.90008
SNORM,3212,0,-7.29681,0.00000,45.41758
SNORM,3213,0,34.95690,0.00000,29.90008
SNORM,3214,0,-28.60622,0.00000,36.02339
SNORM,3215,0,34.95690,0.00000,29.90008
SNORM,3216,0,5.83023,0.00000,45.62903
SNORM,3217,0,34.95690,0.00000,29.90008
SNORM,3218,0,5.83023,0.00000,45.62903
SNORM,3219,0,34.95690,0.00000,29.90008
SNORM,3220,0,5.83023,0.00000,45.62903
SNORM,3221,0,34.95690,0.00000,29.90008
SNORM,3222,0,5.83023,0.00000,45.62903
SNORM,3223,0,34.95690,0.00000,29.90008
SNORM,3224,0,5.83023,0.00000,45.62903
SNORM,3225,0,34.95690,0.00000,29.90008
SNORM,3226,0,-41.81723,0.00000,19.16558
SNORM,3227,0,-41.81723,0.00000,19.16558
SNORM,3228,0,-41.81723,0.00000,19.16558
SNORM,3229,0,-41.81723,0.00000,19.16558
SNORM,3230,0,-41.81723,0.00000,19.16558
SNORM,3231,0,-41.81723,0.00000,19.16558
SNORM,3232,0,-41.81723,0.00000,19.16558
SNORM,3233,0,-41.81723,0.00000,19.16558
SNORM,3234,0,-41.81723,0.00000,19.16558
SNORM,3235,0,-41.81723,0.00000,19.16558
SNORM,3236,0,-41.81723,0.00000,19.16558
SNORM,3237,0,-41.81723,0.00000,19.16558
SNORM,3238,0,-41.81723,0.00000,19.16558
SNORM,3239,0,-41.81723,0.00000,19.16558
SNORM,3240,0,-7.29681,0.00000,45.41758
SNORM,3241,0,5.83023,0.00000,45.62903
SNORM,3242,0,5.83023,0.00000,45.62903
SNORM,3243,0,5.83023,0.00000,45.62903
SNORM,3244,0,5.83023,0.00000,45.62903
SNORM,3245,0,5.83023,0.00000,45.62903
SNORM,3246,0,5.83023,0.00000,45.62903
SNORM,3247,0,34.34057,0.00000,30.60597
SNORM,3248,0,5.83023,0.00000,45.62903
SNORM,3249,0,34.34057,0.00000,30.60597
SNORM,3250,0,5.83023,0.00000,45.62903
SNORM,3251,0,34.34057,0.00000,30.60597
SNORM,3252,0,5.83023,0.00000,45.62903
SNORM,3253,0,34.34057,0.00000,30.60597
SNORM,3254,0,-41.41780,0.00000,20.01415
SNORM,3255,0,34.34057,0.00000,30.60597
SNORM,3256,0,-41.41780,0.00000,20.01415
SNORM,3257,0,34.34057,0.00000,30.60597
SNORM,3258,0,-41.41780,0.00000,20.01415
SNORM,3259,0,34.34057,0.00000,30.60597
SNORM,3260,0,-41.41780,0.00000,20.01415
SNORM,3261,0,34.34057,0.00000,30.60597
SNORM,3262,0,-41.41780,0.00000,20.01415
SNORM,3263,0,34.34057,0.00000,30.60597
SNORM,3264,0,-41.41780,0.00000,20.01415
SNORM,3265,0,34.34057,0.00000,30.60597
SNORM,3266,0,-41.41780,0.00000,20.01415
SNORM,3267,0,34.34057,0.00000,30.60597
SNORM,3268,0,-41.41780,0.00000,20.01415
SNORM,3269,0,34.34057,0.00000,30.60597
SNORM,3270,0,-41.41780,0.00000,20.01415
SNORM,3271,0,34.34057,0.00000,30.60597
SNORM,3272,0,-41.41780,0.00000,20.01415
SNORM,3273,0,34.34057,0.00000,30.60597
SNORM,3274,0,-41.41780,0.00000,20.01415
SNORM,3275,0,34.34057,0.00000,30.60597
SNORM,3276,0,-41.41780,0.00000,20.01415
SNORM,3277,0,34.34057,0.00000,30.60597
SNORM,3278,0,-41.41780,0.00000,20.01415
SNORM,3279,0,34.34057,0.00000,30.60597
SNORM,3280,0,-41.41780,0.00000,20.01415
SNORM,3281,0,34.34057,0.00000,30.60597
SNORM,3282,0,-41.41780,0.00000,20.01415
SNORM,3283,0,34.34057,0.00000,30.60597
SNORM,3284,0,-41.41780,0.00000,20.01415
SNORM,3285,0,34.34057,0.00000,30.60597
SNORM,3286,0,-8.22243,0.00000,45.25916
SNORM,3287,0,34.34057,0.00000,30.60597
SNORM,3288,0,5.83023,0.00000,45.62903
SNORM,3289,0,5.83023,0.00000,45.62903
SNORM,3290,0,5.83023,0.00000,45.62903
SNORM,3291,0,5.83023,0.00000,45.62903
SNORM,3292,0,-7.29681,0.00000,45.41758
SNORM,3293,0,-7.29681,0.00000,45.41758
SNORM,3294,0,-7.29681,0.00000,45.41758
SNORM,3295,0,-7.29681,0.00000,45.41758
SNORM,3296,0,-7.29681,0.00000,45.41758
SNORM,3297,0,-7.29681,0.00000,45.41758
SNORM,3298,0,-7.29681,0.00000,45.41758
SNORM,3299,0,-7.29681,0.00000,45.41758
SNORM,3300,0,-12.81847,0.00000,44.17790
SNORM,3301,0,-7.29681,0.00000,45.41758
SNORM,3302,0,25.86179,0.00000,38.04166
SNORM,3304,0,-15.50875,0.00000,43.30680
SNORM,3305,0,-16.38956,0.00000,42.98118
SNORM,3306,0,-12.81847,0.00000,44.17790
SNORM,3307,0,-41.41780,0.00000,20.01415
SNORM,3308,0,-8.22243,0.00000,45.25916
SNORM,3309,0,33.70944,0.00000,31.29973
SNORM,3310,0,-8.22243,0.00000,45.25916
SNORM,3311,0,33.70944,0.00000,31.29973
SNORM,3312,0,-8.22243,0.00000,45.25916
SNORM,3313,0,33.70944,0.00000,31.29973
SNORM,3314,0,-7.29681,0.00000,45.41758
SNORM,3315,0,33.70944,0.00000,31.29973
SNORM,3316,0,5.83023,0.00000,45.62903
SNORM,3317,0,33.70944,0.00000,31.29973
SNORM,3318,0,-27.86364,0.00000,36.60079
SNORM,3319,0,33.70944,0.00000,31.29973
SNORM,3320,0,-28.60622,0.00000,36.02339
SNORM,3321,0,33.70944,0.00000,31.29973
SNORM,3322,0,-28.60622,0.00000,36.02339
SNORM,3323,0,33.70944,0.00000,31.29973
SNORM,3324,0,-15.50875,0.00000,43.30680
SNORM,3325,0,33.70944,0.00000,31.29973
SNORM,3326,0,-8.22243,0.00000,45.25916
SNORM,3327,0,33.70944,0.00000,31.29973
SNORM,3328,0,-27.86364,0.00000,36.60079
SNORM,3329,0,33.70944,0.00000,31.29973
SNORM,3330,0,-27.86364,0.00000,36.60079
SNORM,3331,0,33.70944,0.00000,31.29973
SNORM,3332,0,-27.86364,0.00000,36.60079
SNORM,3333,0,33.70944,0.00000,31.29973
SNORM,3334,0,-27.86364,0.00000,36.60079
SNORM,3335,0,33.70944,0.00000,31.29973
SNORM,3336,0,-27.86364,0.00000,36.60079
SNORM,3337,0,33.70944,0.00000,31.29973
SNORM,3338,0,-12.81847,0.00000,44.17790
SNORM,3339,0,33.70944,0.00000,31.29973
SNORM,3340,0,5.83023,0.00000,45.62903
SNORM,3341,0,33.70944,0.00000,31.29973
SNORM,3342,0,-28.60622,0.00000,36.02339
SNORM,3343,0,33.70944,0.00000,31.29973
SNORM,3344,0,-28.60622,0.00000,36.02339
SNORM,3345,0,33.70944,0.00000,31.29973
SNORM,3346,0,-28.60622,0.00000,36.02339
SNORM,3347,0,33.70944,0.00000,31.29973
SNORM,3348,0,-41.00150,0.00000,20.85370
SNORM,3349,0,33.70944,0.00000,31.29973
SNORM,3350,0,-41.41780,0.00000,20.01415
SNORM,3351,0,-41.41780,0.00000,20.01415
SNORM,3352,0,-41.41780,0.00000,20.01415
SNORM,3353,0,-41.41780,0.00000,20.01415
SNORM,3354,0,5.83023,0.00000,45.62903
SNORM,3355,0,-28.60622,0.00000,36.02339
SNORM,3356,0,-28.60622,0.00000,36.02339
SNORM,3357,0,-7.29681,0.00000,45.41758
SNORM,3358,0,-15.50875,0.00000,43.30680
SNORM,3359,0,-8.22243,0.00000,45.25916
SNORM,3360,0,-27.86364,0.00000,36.60079
SNORM,3361,0,-27.86364,0.00000,36.60079
SNORM,3362,0,-27.86364,0.00000,36.60079
SNORM,3363,0,-27.86364,0.00000,36.60079
SNORM,3364,0,-41.00150,0.00000,20.85370
SNORM,3365,0,-41.00150,0.00000,20.85370
SNORM,3366,0,-41.00150,0.00000,20.85370
SNORM,3367,0,-41.00150,0.00000,20.85370
SNORM,3368,0,-41.00150,0.00000,20.85370
SNORM,3369,0,-12.81847,0.00000,44.17790
SNORM,3370,0,-41.00150,0.00000,20.85370
SNORM,3371,0,33.06348,0.00000,31.98134
SNORM,3372,0,-41.00150,0.00000,20.85370
SNORM,3373,0,33.06348,0.00000,31.98134
SNORM,3374,0,-41.00150,0.00000,20.85370
SNORM,3375,0,33.06348,0.00000,31.98134
SNORM,3376,0,-41.00150,0.00000,20.85370
SNORM,3377,0,33.06348,0.00000,31.98134
SNORM,3378,0,-41.00150,0.00000,20.85370
SNORM,3379,0,33.06348,0.00000,31.98134
SNORM,3380,0,-41.00150,0.00000,20.85370
SNORM,3381,0,33.06348,0.00000,31.98134
SNORM,3382,0,-41.00150,0.00000,20.85370
SNORM,3383,0,33.06348,0.00000,31.98134
SNORM,3384,0,-41.00150,0.00000,20.85370
SNORM,3385,0,33.06348,0.00000,31.98134
SNORM,3386,0,-41.00150,0.00000,20.85370
SNORM,3387,0,33.06348,0.00000,31.98134
SNORM,3388,0,-41.00150,0.00000,20.85370
SNORM,3389,0,33.06348,0.00000,31.98134
SNORM,3390,0,-41.00150,0.00000,20.85370
SNORM,3391,0,33.06348,0.00000,31.98134
SNORM,3392,0,-41.00150,0.00000,20.85370
SNORM,3393,0,33.06348,0.00000,31.98134
SNORM,3394,0,-41.00150,0.00000,20.85370
SNORM,3395,0,33.06348,0.00000,31.98134
SNORM,3396,0,-41.00150,0.00000,20.85370
SNORM,3397,0,33.06348,0.00000,31.98134
SNORM,3398,0,-41.00150,0.00000,20.85370
SNORM,3399,0,33.06348,0.00000,31.98134
SNORM,3400,0,-27.86364,0.00000,36.60079
SNORM,3401,0,33.06348,0.00000,31.98134
SNORM,3402,0,4.89405,0.00000,45.73891
SNORM,3403,0,33.06348,0.00000,31.98134
SNORM,3404,0,4.89405,0.00000,45.73891
SNORM,3405,0,33.06348,0.00000,31.98134
SNORM,3406,0,4.89405,0.00000,45.73891
SNORM,3407,0,33.06348,0.00000,31.98134
SNORM,3408,0,4.89405,0.00000,45.73891
SNORM,3409,0,33.06348,0.00000,31.98134
SNORM,3410,0,4.89405,0.00000,45.73891
SNORM,3411,0,33.06348,0.00000,31.98134
SNORM,3412,0,25.86179,0.00000,38.04166
SNORM,3413,0,-16.38956,0.00000,42.98118
SNORM,3414,0,-12.81847,0.00000,44.17790
SNORM,3415,0,-8.22243,0.00000,45.25916
SNORM,3416,0,-27.86364,0.00000,36.60079
SNORM,3417,0,-37.61521,0.00000,26.47822
SNORM,3418,0,4.89405,0.00000,45.73891
SNORM,3419,0,4.89405,0.00000,45.73891
SNORM,3420,0,4.89405,0.00000,45.73891
SNORM,3421,0,4.89405,0.00000,45.73891
SNORM,3422,0,4.89405,0.00000,45.73891
SNORM,3423,0,4.89405,0.00000,45.73891
SNORM,3424,0,4.89405,0.00000,45.73891
SNORM,3425,0,4.89405,0.00000,45.73891
SNORM,3426,0,4.89405,0.00000,45.73891
SNORM,3427,0,4.89405,0.00000,45.73891
SNORM,3428,0,4.89405,0.00000,45.73891
SNORM,3429,0,4.89405,0.00000,45.73891
SNORM,3430,0,4.89405,0.00000,45.73891
SNORM,3431,0,4.89405,0.00000,45.73891
SNORM,3432,0,4.89405,0.00000,45.73891
SNORM,3433,0,32.40263,0.00000,32.65073
SNORM,3434,0,25.86179,0.00000,38.04166
SNORM,3435,0,32.40263,0.00000,32.65073
SNORM,3436,0,-16.38956,0.00000,42.98118
SNORM,3437,0,32.40263,0.00000,32.65073
SNORM,3438,0,-12.81847,0.00000,44.17790
SNORM,3439,0,32.40263,0.00000,32.65073
SNORM,3440,0,-12.81847,0.00000,44.17790
SNORM,3441,0,32.40263,0.00000,32.65073
SNORM,3442,0,-27.86364,0.00000,36.60079
SNORM,3443,0,32.40263,0.00000,32.65073
SNORM,3444,0,-27.86364,0.00000,36.60079
SNORM,3445,0,32.40263,0.00000,32.65073
SNORM,3446,0,-27.86364,0.00000,36.60079
SNORM,3447,0,32.40263,0.00000,32.65073
SNORM,3448,0,-27.86364,0.00000,36.60079
SNORM,3449,0,32.40263,0.00000,32.65073
SNORM,3450,0,-27.86364,0.00000,36.60079
SNORM,3451,0,32.40263,0.00000,32.65073
SNORM,3452,0,-27.86364,0.00000,36.60079
SNORM,3453,0,32.40263,0.00000,32.65073
SNORM,3454,0,-27.86364,0.00000,36.60079
SNORM,3455,0,32.40263,0.00000,32.65073
SNORM,3456,0,-27.86364,0.00000,36.60079
SNORM,3457,0,32.40263,0.00000,32.65073
SNORM,3458,0,-27.86364,0.00000,36.60079
SNORM,3459,0,32.40263,0.00000,32.65073
SNORM,3460,0,-8.22243,0.00000,45.25916
SNORM,3461,0,32.40263,0.00000,32.65073
SNORM,3462,0,-14.61998,0.00000,43.61486
SNORM,3463,0,32.40263,0.00000,32.65073
SNORM,3464,0,-14.61998,0.00000,43.61486
SNORM,3465,0,32.40263,0.00000,32.65073
SNORM,3466,0,4.89405,0.00000,45.73891
SNORM,3467,0,32.40263,0.00000,32.65073
SNORM,3469,0,32.40263,0.00000,32.65073
SNORM,3470,0,-17.26245,0.00000,42.63810
SNORM,3471,0,32.40263,0.00000,32.65073
SNORM,3472,0,-40.56838,0.00000,21.68425
SNORM,3473,0,32.40263,0.00000,32.65073
SNORM,3474,0,25.86179,0.00000,38.04166
SNORM,3475,0,-16.38956,0.00000,42.98118
SNORM,3476,0,-18.12743,0.00000,42.27761
SNORM,3477,0,-12.81847,0.00000,44.17790
SNORM,3478,0,-40.56838,0.00000,21.68425
SNORM,3479,0,-40.56838,0.00000,21.68425
SNORM,3480,0,-40.56838,0.00000,21.68425
SNORM,3481,0,-40.56838,0.00000,21.68425
SNORM,3482,0,-40.56838,0.00000,21.68425
SNORM,3483,0,-40.56838,0.00000,21.68425
SNORM,3484,0,-40.56838,0.00000,21.68425
SNORM,3485,0,-40.56838,0.00000,21.68425
SNORM,3486,0,-40.56838,0.00000,21.68425
SNORM,3487,0,-40.56838,0.00000,21.68425
SNORM,3488,0,-40.56838,0.00000,21.68425
SNORM,3489,0,-40.56838,0.00000,21.68425
SNORM,3490,0,-40.56838,0.00000,21.68425
SNORM,3491,0,-40.56838,0.00000,21.68425
SNORM,3492,0,-40.56838,0.00000,21.68425
SNORM,3493,0,-15.50875,0.00000,43.30680
SNORM,3494,0,-40.56838,0.00000,21.68425
SNORM,3495,0,31.72680,0.00000,33.30781
SNORM,3496,0,-40.56838,0.00000,21.68425
SNORM,3497,0,31.72680,0.00000,33.30781
SNORM,3498,0,-40.56838,0.00000,21.68425
SNORM,3499,0,31.72680,0.00000,33.30781
SNORM,3500,0,-40.56838,0.00000,21.68425
SNORM,3501,0,31.72680,0.00000,33.30781
SNORM,3502,0,-40.56838,0.00000,21.68425
SNORM,3503,0,31.72680,0.00000,33.30781
SNORM,3504,0,-12.81847,0.00000,44.17790
SNORM,3505,0,31.72680,0.00000,33.30781
SNORM,3506,0,-14.61998,0.00000,43.61486
SNORM,3507,0,31.72680,0.00000,33.30781
SNORM,3508,0,-14.61998,0.00000,43.61486
SNORM,3509,0,31.72680,0.00000,33.30781
SNORM,3510,0,-14.61998,0.00000,43.61486
SNORM,3511,0,31.72680,0.00000,33.30781
SNORM,3512,0,-20.67510,0.00000,41.09185
SNORM,3513,0,31.72680,0.00000,33.30781
SNORM,3514,0,-27.10783,0.00000,37.16404
SNORM,3515,0,31.72680,0.00000,33.30781
SNORM,3516,0,-27.10783,0.00000,37.16404
SNORM,3517,0,31.72680,0.00000,33.30781
SNORM,3518,0,-27.10783,0.00000,37.16404
SNORM,3519,0,31.72680,0.00000,33.30781
SNORM,3520,0,-27.10783,0.00000,37.16404
SNORM,3521,0,31.72680,0.00000,33.30781
SNORM,3522,0,-27.10783,0.00000,37.16404
SNORM,3523,0,31.72680,0.00000,33.30781
SNORM,3524,0,-40.11843,0.00000,22.50581
SNORM,3525,0,31.72680,0.00000,33.30781
SNORM,3526,0,-40.11843,0.00000,22.50581
SNORM,3527,0,31.72680,0.00000,33.30781
SNORM,3528,0,-40.11843,0.00000,22.50581
SNORM,3529,0,31.72680,0.00000,33.30781
SNORM,3530,0,-40.11843,0.00000,22.50581
SNORM,3531,0,31.72680,0.00000,33.30781
SNORM,3532,0,-40.11843,0.00000,22.50581
SNORM,3533,0,31.72680,0.00000,33.30781
SNORM,3534,0,-40.11843,0.00000,22.50581
SNORM,3535,0,31.72680,0.00000,33.30781
SNORM,3536,0,-12.81847,0.00000,44.17790
SNORM,3537,0,-12.81847,0.00000,44.17790
SNORM,3538,0,-12.81847,0.00000,44.17790
SNORM,3539,0,-12.81847,0.00000,44.17790
SNORM,3540,0,-14.61998,0.00000,43.61486
SNORM,3541,0,-14.61998,0.00000,43.61486
SNORM,3542,0,-14.61998,0.00000,43.61486
SNORM,3543,0,-20.67510,0.00000,41.09185
SNORM,3544,0,-20.67510,0.00000,41.09185
SNORM,3545,0,-27.10783,0.00000,37.16404
SNORM,3546,0,-27.10783,0.00000,37.16404
SNORM,3547,0,-27.10783,0.00000,37.16404
SNORM,3548,0,-27.10783,0.00000,37.16404
SNORM,3549,0,-27.10783,0.00000,37.16404
SNORM,3550,0,-27.10783,0.00000,37.16404
SNORM,3551,0,-14.61998,0.00000,43.61486
SNORM,3552,0,-14.61998,0.00000,43.61486
SNORM,3553,0,3.95349,0.00000,45.82979
SNORM,3554,0,3.95349,0.00000,45.82979
SNORM,3555,0,3.95349,0.00000,45.82979
SNORM,3556,0,-40.11843,0.00000,22.50581
SNORM,3557,0,31.03592,0.00000,33.95249
SNORM,3558,0,-40.11843,0.00000,22.50581
SNORM,3559,0,31.03592,0.00000,33.95249
SNORM,3560,0,-40.11843,0.00000,22.50581
SNORM,3561,0,31.03592,0.00000,33.95249
SNORM,3562,0,-40.11843,0.00000,22.50581
SNORM,3563,0,31.03592,0.00000,33.95249
SNORM,3564,0,-40.11843,0.00000,22.50581
SNORM,3565,0,31.03592,0.00000,33.95249
SNORM,3566,0,-40.11843,0.00000,22.50581
SNORM,3567,0,31.03592,0.00000,33.95249
SNORM,3568,0,-40.11843,0.00000,22.50581
SNORM,3569,0,31.03592,0.00000,33.95249
SNORM,3570,0,-40.11843,0.00000,22.50581
SNORM,3571,0,31.03592,0.00000,33.95249
SNORM,3572,0,-40.11843,0.00000,22.50581
SNORM,3573,0,31.03592,0.00000,33.95249
SNORM,3574,0,-40.11843,0.00000,22.50581
SNORM,3575,0,31.03592,0.00000,33.95249
SNORM,3576,0,-40.11843,0.00000,22.50581
SNORM,3577,0,31.03592,0.00000,33.95249
SNORM,3578,0,-40.11843,0.00000,22.50581
SNORM,3579,0,31.03592,0.00000,33.95249
SNORM,3580,0,-40.11843,0.00000,22.50581
SNORM,3581,0,31.03592,0.00000,33.95249
SNORM,3582,0,-40.11843,0.00000,22.50581
SNORM,3583,0,31.03592,0.00000,33.95249
SNORM,3584,0,-40.11843,0.00000,22.50581
SNORM,3585,0,31.03592,0.00000,33.95249
SNORM,3586,0,-27.10783,0.00000,37.16404
SNORM,3587,0,31.03592,0.00000,33.95249
SNORM,3588,0,3.95349,0.00000,45.82979
SNORM,3589,0,31.03592,0.00000,33.95249
SNORM,3590,0,-14.61998,0.00000,43.61486
SNORM,3591,0,31.03592,0.00000,33.95249
SNORM,3592,0,-8.22243,0.00000,45.25916
SNORM,3593,0,31.03592,0.00000,33.95249
SNORM,3594,0,-8.22243,0.00000,45.25916
SNORM,3595,0,31.03592,0.00000,33.95249
SNORM,3596,0,3.95349,0.00000,45.82979
SNORM,3597,0,31.03592,0.00000,33.95249
SNORM,3598,0,3.95349,0.00000,45.82979
SNORM,3599,0,3.95349,0.00000,45.82979
SNORM,3600,0,3.95349,0.00000,45.82979
SNORM,3601,0,3.95349,0.00000,45.82979
SNORM,3602,0,3.95349,0.00000,45.82979
SNORM,3603,0,3.95349,0.00000,45.82979
SNORM,3604,0,3.95349,0.00000,45.82979
SNORM,3605,0,3.95349,0.00000,45.82979
SNORM,3606,0,3.95349,0.00000,45.82979
SNORM,3607,0,3.95349,0.00000,45.82979
SNORM,3608,0,3.95349,0.00000,45.82979
SNORM,3609,0,3.95349,0.00000,45.82979
SNORM,3610,0,3.95349,0.00000,45.82979
SNORM,3611,0,3.95349,0.00000,45.82979
SNORM,3612,0,3.95349,0.00000,45.82979
SNORM,3613,0,3.95349,0.00000,45.82979
SNORM,3614,0,-12.81847,0.00000,44.17790
SNORM,3615,0,-20.67510,0.00000,41.09185
SNORM,3616,0,-8.22243,0.00000,45.25916
SNORM,3617,0,-8.22243,0.00000,45.25916
SNORM,3618,0,-11.90568,0.00000,44.43259
SNORM,3619,0,-8.22243,0.00000,45.25916
SNORM,3620,0,30.32991,0.00000,34.58463
SNORM,3621,0,3.00854,0.00000,45.90151
SNORM,3622,0,30.32991,0.00000,34.58463
SNORM,3623,0,-12.81847,0.00000,44.17790
SNORM,3624,0,30.32991,0.00000,34.58463
SNORM,3625,0,-20.67510,0.00000,41.09185
SNORM,3626,0,30.32991,0.00000,34.58463
SNORM,3627,0,-20.67510,0.00000,41.09185
SNORM,3628,0,30.32991,0.00000,34.58463
SNORM,3629,0,-8.22243,0.00000,45.25916
SNORM,3630,0,30.32991,0.00000,34.58463
SNORM,3631,0,-14.61998,0.00000,43.61486
SNORM,3632,0,30.32991,0.00000,34.58463
SNORM,3633,0,-12.81847,0.00000,44.17790
SNORM,3634,0,30.32991,0.00000,34.58463
SNORM,3635,0,-12.81847,0.00000,44.17790
SNORM,3636,0,30.32991,0.00000,34.58463
SNORM,3637,0,-12.81847,0.00000,44.17790
SNORM,3638,0,30.32991,0.00000,34.58463
SNORM,3639,0,-20.67510,0.00000,41.09185
SNORM,3640,0,30.32991,0.00000,34.58463
SNORM,3641,0,-8.22243,0.00000,45.25916
SNORM,3642,0,30.32991,0.00000,34.58463
SNORM,3643,0,-8.22243,0.00000,45.25916
SNORM,3644,0,30.32991,0.00000,34.58463
SNORM,3645,0,-8.22243,0.00000,45.25916
SNORM,3646,0,30.32991,0.00000,34.58463
SNORM,3647,0,-8.22243,0.00000,45.25916
SNORM,3648,0,30.32991,0.00000,34.58463
SNORM,3649,0,-8.22243,0.00000,45.25916
SNORM,3650,0,30.32991,0.00000,34.58463
SNORM,3651,0,-27.10783,0.00000,37.16404
SNORM,3652,0,30.32991,0.00000,34.58463
SNORM,3653,0,-8.22243,0.00000,45.25916
SNORM,3654,0,30.32991,0.00000,34.58463
SNORM,3655,0,1.11794,0.00000,45.98641
SNORM,3661,0,-18.12743,0.00000,42.27761
SNORM,3663,0,24.29112,0.00000,39.06330
SNORM,3664,0,24.29112,0.00000,39.06330
SNORM,3665,0,24.29112,0.00000,39.06330
SNORM,3666,0,24.29112,0.00000,39.06330
SNORM,3667,0,24.29112,0.00000,39.06330
SNORM,3668,0,24.29112,0.00000,39.06330
SNORM,3669,0,24.29112,0.00000,39.06330
SNORM,3670,0,24.29112,0.00000,39.06330
SNORM,3671,0,24.29112,0.00000,39.06330
SNORM,3672,0,24.29112,0.00000,39.06330
SNORM,3673,0,24.29112,0.00000,39.06330
SNORM,3674,0,-37.06338,0.00000,27.24529
SNORM,3675,0,1.11794,0.00000,45.98641
SNORM,3676,0,2.06232,0.00000,45.95375
SNORM,3677,0,-18.12743,0.00000,42.27761
SNORM,3678,0,1.11794,0.00000,45.98641
SNORM,3682,0,-18.12743,0.00000,42.27761
SNORM,3683,0,-18.12743,0.00000,42.27761
SNORM,3685,0,-18.12743,0.00000,42.27761
SNORM,3689,0,-37.06338,0.00000,27.24529
SNORM,3691,0,-37.06338,0.00000,27.24529
SNORM,3693,0,-37.06338,0.00000,27.24529
SNORM,3694,0,-8.22243,0.00000,45.25916
SNORM,3695,0,9.53116,0.00000,45.00174
SNORM,3696,0,-12.81847,0.00000,44.17790
SNORM,3697,0,-20.67510,0.00000,41.09185
SNORM,3698,0,-20.67510,0.00000,41.09185
SNORM,3699,0,-39.65165,0.00000,23.31837
SNORM,3700,0,-39.65165,0.00000,23.31837
SNORM,3701,0,-39.65165,0.00000,23.31837
SNORM,3702,0,-39.65165,0.00000,23.31837
SNORM,3703,0,-39.65165,0.00000,23.31837
SNORM,3704,0,-39.65165,0.00000,23.31837
SNORM,3705,0,-39.65165,0.00000,23.31837
SNORM,3706,0,-39.65165,0.00000,23.31837
SNORM,3707,0,-39.65165,0.00000,23.31837
SNORM,3708,0,-39.65165,0.00000,23.31837
SNORM,3709,0,-39.65165,0.00000,23.31837
SNORM,3710,0,-39.65165,0.00000,23.31837
SNORM,3711,0,-39.65165,0.00000,23.31837
SNORM,3712,0,-39.65165,0.00000,23.31837
SNORM,3713,0,3.00854,0.00000,45.90151
SNORM,3714,0,-39.65165,0.00000,23.31837
SNORM,3715,0,29.61102,0.00000,35.20210
SNORM,3716,0,-39.65165,0.00000,23.31837
SNORM,3717,0,29.61102,0.00000,35.20210
SNORM,3718,0,-39.65165,0.00000,23.31837
SNORM,3719,0,29.61102,0.00000,35.20210
SNORM,3720,0,-39.65165,0.00000,23.31837
SNORM,3721,0,29.61102,0.00000,35.20210
SNORM,3722,0,-39.65165,0.00000,23.31837
SNORM,3723,0,29.61102,0.00000,35.20210
SNORM,3724,0,-39.65165,0.00000,23.31837
SNORM,3725,0,29.61102,0.00000,35.20210
SNORM,3726,0,-20.67510,0.00000,41.09185
SNORM,3727,0,29.61102,0.00000,35.20210
SNORM,3728,0,3.00854,0.00000,45.90151
SNORM,3729,0,29.61102,0.00000,35.20210
SNORM,3730,0,3.00854,0.00000,45.90151
SNORM,3731,0,29.61102,0.00000,35.20210
SNORM,3732,0,3.00854,0.00000,45.90151
SNORM,3733,0,29.61102,0.00000,35.20210
SNORM,3734,0,3.00854,0.00000,45.90151
SNORM,3735,0,29.61102,0.00000,35.20210
SNORM,3736,0,3.00854,0.00000,45.90151
SNORM,3737,0,29.61102,0.00000,35.20210
SNORM,3739,0,29.61102,0.00000,35.20210
SNORM,3740,0,-37.61521,0.00000,26.47822
SNORM,3741,0,29.61102,0.00000,35.20210
SNORM,3742,0,25.08149,0.00000,38.56059
SNORM,3743,0,29.61102,0.00000,35.20210
SNORM,3745,0,29.61102,0.00000,35.20210
SNORM,3746,0,-39.16800,0.00000,24.12193
SNORM,3747,0,29.61102,0.00000,35.20210
SNORM,3748,0,-39.16800,0.00000,24.12193
SNORM,3749,0,29.61102,0.00000,35.20210
SNORM,3750,0,-39.16800,0.00000,24.12193
SNORM,3751,0,29.61102,0.00000,35.20210
SNORM,3752,0,-39.16800,0.00000,24.12193
SNORM,3753,0,29.61102,0.00000,35.20210
SNORM,3754,0,-9.14615,0.00000,45.08157
SNORM,3755,0,29.61102,0.00000,35.20210
SNORM,3756,0,3.00854,0.00000,45.90151
SNORM,3757,0,3.00854,0.00000,45.90151
SNORM,3758,0,3.00854,0.00000,45.90151
SNORM,3759,0,3.00854,0.00000,45.90151
SNORM,3760,0,3.00854,0.00000,45.90151
SNORM,3761,0,3.00854,0.00000,45.90151
SNORM,3762,0,3.00854,0.00000,45.90151
SNORM,3763,0,3.00854,0.00000,45.90151
SNORM,3764,0,3.00854,0.00000,45.90151
SNORM,3765,0,3.00854,0.00000,45.90151
SNORM,3766,0,3.00854,0.00000,45.90151
SNORM,3767,0,-14.61998,0.00000,43.61486
SNORM,3769,0,-37.61521,0.00000,26.47822
SNORM,3772,0,-20.67510,0.00000,41.09185
SNORM,3773,0,-9.14615,0.00000,45.08157
SNORM,3774,0,-9.14615,0.00000,45.08157
SNORM,3775,0,-39.16800,0.00000,24.12193
SNORM,3776,0,-9.14615,0.00000,45.08157
SNORM,3777,0,28.88168,0.00000,35.80291
SNORM,3778,0,-9.14615,0.00000,45.08157
SNORM,3779,0,28.88168,0.00000,35.80291
SNORM,3780,0,-9.14615,0.00000,45.08157
SNORM,3781,0,28.88168,0.00000,35.80291
SNORM,3782,0,-9.14615,0.00000,45.08157
SNORM,3783,0,28.88168,0.00000,35.80291
SNORM,3784,0,-9.14615,0.00000,45.08157
SNORM,3785,0,28.88168,0.00000,35.80291
SNORM,3786,0,-9.14615,0.00000,45.08157
SNORM,3787,0,28.88168,0.00000,35.80291
SNORM,3788,0,-18.12743,0.00000,42.27761
SNORM,3789,0,28.88168,0.00000,35.80291
SNORM,3791,0,28.88168,0.00000,35.80291
SNORM,3793,0,28.88168,0.00000,35.80291
SNORM,3794,0,1.11794,0.00000,45.98641
SNORM,3795,0,28.88168,0.00000,35.80291
SNORM,3796,0,-37.61521,0.00000,26.47822
SNORM,3797,0,28.88168,0.00000,35.80291
SNORM,3798,0,-37.61521,0.00000,26.47822
SNORM,3799,0,28.88168,0.00000,35.80291
SNORM,3800,0,-37.61521,0.00000,26.47822
SNORM,3801,0,28.88168,0.00000,35.80291
SNORM,3802,0,25.08149,0.00000,38.56059
SNORM,3803,0,28.88168,0.00000,35.80291
SNORM,3804,0,-17.26245,0.00000,42.63810
SNORM,3805,0,28.88168,0.00000,35.80291
SNORM,3806,0,-37.61521,0.00000,26.47822
SNORM,3807,0,28.88168,0.00000,35.80291
SNORM,3809,0,28.88168,0.00000,35.80291
SNORM,3810,0,-37.61521,0.00000,26.47822
SNORM,3811,0,28.88168,0.00000,35.80291
SNORM,3812,0,-37.61521,0.00000,26.47822
SNORM,3813,0,28.88168,0.00000,35.80291
SNORM,3814,0,1.11794,0.00000,45.98641
SNORM,3815,0,28.88168,0.00000,35.80291
SNORM,3816,0,25.86179,0.00000,38.04166
SNORM,3817,0,28.88168,0.00000,35.80291
SNORM,3818,0,-39.16800,0.00000,24.12193
SNORM,3819,0,-39.16800,0.00000,24.12193
SNORM,3820,0,-39.16800,0.00000,24.12193
SNORM,3821,0,-39.16800,0.00000,24.12193
SNORM,3822,0,-39.16800,0.00000,24.12193
SNORM,3823,0,-39.16800,0.00000,24.12193
SNORM,3824,0,-39.16800,0.00000,24.12193
SNORM,3825,0,-39.16800,0.00000,24.12193
SNORM,3826,0,-39.16800,0.00000,24.12193
SNORM,3827,0,-39.16800,0.00000,24.12193
SNORM,3828,0,-39.16800,0.00000,24.12193
SNORM,3829,0,-39.16800,0.00000,24.12193
SNORM,3830,0,-39.16800,0.00000,24.12193
SNORM,3831,0,-39.16800,0.00000,24.12193
SNORM,3832,0,-39.16800,0.00000,24.12193
SNORM,3833,0,-39.16800,0.00000,24.12193
SNORM,3834,0,-37.61521,0.00000,26.47822
SNORM,3835,0,-37.61521,0.00000,26.47822
SNORM,3836,0,-37.61521,0.00000,26.47822
SNORM,3837,0,-16.38956,0.00000,42.98118
SNORM,3838,0,1.11794,0.00000,45.98641
SNORM,3839,0,28.14200,0.00000,36.38719
SNORM,3840,0,-27.10783,0.00000,37.16404
SNORM,3841,0,28.14200,0.00000,36.38719
SNORM,3842,0,-27.10783,0.00000,37.16404
SNORM,3843,0,28.14200,0.00000,36.38719
SNORM,3844,0,-14.61998,0.00000,43.61486
SNORM,3845,0,28.14200,0.00000,36.38719
SNORM,3846,0,-9.14615,0.00000,45.08157
SNORM,3847,0,28.14200,0.00000,36.38719
SNORM,3848,0,-9.14615,0.00000,45.08157
SNORM,3849,0,28.14200,0.00000,36.38719
SNORM,3850,0,-38.66743,0.00000,24.91646
SNORM,3851,0,28.14200,0.00000,36.38719
SNORM,3852,0,-38.66743,0.00000,24.91646
SNORM,3853,0,28.14200,0.00000,36.38719
SNORM,3854,0,-38.66743,0.00000,24.91646
SNORM,3855,0,28.14200,0.00000,36.38719
SNORM,3856,0,-38.66743,0.00000,24.91646
SNORM,3857,0,28.14200,0.00000,36.38719
SNORM,3858,0,-38.66743,0.00000,24.91646
SNORM,3859,0,28.14200,0.00000,36.38719
SNORM,3860,0,-38.66743,0.00000,24.91646
SNORM,3861,0,28.14200,0.00000,36.38719
SNORM,3862,0,-38.66743,0.00000,24.91646
SNORM,3863,0,28.14200,0.00000,36.38719
SNORM,3864,0,-38.66743,0.00000,24.91646
SNORM,3865,0,28.14200,0.00000,36.38719
SNORM,3866,0,-38.66743,0.00000,24.91646
SNORM,3867,0,28.14200,0.00000,36.38719
SNORM,3868,0,-38.66743,0.00000,24.91646
SNORM,3869,0,28.14200,0.00000,36.38719
SNORM,3870,0,-38.66743,0.00000,24.91646
SNORM,3871,0,28.14200,0.00000,36.38719
SNORM,3872,0,-38.66743,0.00000,24.91646
SNORM,3873,0,28.14200,0.00000,36.38719
SNORM,3874,0,-38.66743,0.00000,24.91646
SNORM,3875,0,28.14200,0.00000,36.38719
SNORM,3876,0,-38.66743,0.00000,24.91646
SNORM,3877,0,28.14200,0.00000,36.38719
SNORM,3878,0,-9.14615,0.00000,45.08157
SNORM,3879,0,28.14200,0.00000,36.38719
SNORM,3880,0,25.86179,0.00000,38.04166
SNORM,3881,0,-27.10783,0.00000,37.16404
SNORM,3882,0,-27.10783,0.00000,37.16404
SNORM,3883,0,-9.14615,0.00000,45.08157
SNORM,3884,0,-9.14615,0.00000,45.08157
SNORM,3885,0,-20.67510,0.00000,41.09185
SNORM,3895,0,-27.10783,0.00000,37.16404
SNORM,3896,0,-27.10783,0.00000,37.16404
SNORM,3897,0,-27.10783,0.00000,37.16404
SNORM,3898,0,-27.10783,0.00000,37.16404
SNORM,3899,0,-38.66743,0.00000,24.91646
SNORM,3900,0,-20.67510,0.00000,41.09185
SNORM,3901,0,27.39208,0.00000,36.95502
SNORM,3902,0,-9.14615,0.00000,45.08157
SNORM,3903,0,27.39208,0.00000,36.95502
SNORM,3904,0,-9.14615,0.00000,45.08157
SNORM,3905,0,27.39208,0.00000,36.95502
SNORM,3906,0,-9.14615,0.00000,45.08157
SNORM,3907,0,27.39208,0.00000,36.95502
SNORM,3908,0,-26.33872,0.00000,37.71302
SNORM,3909,0,27.39208,0.00000,36.95502
SNORM,3910,0,-26.33872,0.00000,37.71302
SNORM,3911,0,27.39208,0.00000,36.95502
SNORM,3912,0,2.06232,0.00000,45.95375
SNORM,3913,0,27.39208,0.00000,36.95502
SNORM,3914,0,-26.33872,0.00000,37.71302
SNORM,3915,0,27.39208,0.00000,36.95502
SNORM,3916,0,-26.33872,0.00000,37.71302
SNORM,3917,0,27.39208,0.00000,36.95502
SNORM,3918,0,-26.33872,0.00000,37.71302
SNORM,3919,0,27.39208,0.00000,36.95502
SNORM,3920,0,-26.33872,0.00000,37.71302
SNORM,3921,0,27.39208,0.00000,36.95502
SNORM,3922,0,-26.33872,0.00000,37.71302
SNORM,3923,0,27.39208,0.00000,36.95502
SNORM,3924,0,-26.33872,0.00000,37.71302
SNORM,3925,0,27.39208,0.00000,36.95502
SNORM,3926,0,-26.33872,0.00000,37.71302
SNORM,3927,0,27.39208,0.00000,36.95502
SNORM,3928,0,-26.33872,0.00000,37.71302
SNORM,3929,0,27.39208,0.00000,36.95502
SNORM,3930,0,-26.33872,0.00000,37.71302
SNORM,3931,0,27.39208,0.00000,36.95502
SNORM,3932,0,-14.61998,0.00000,43.61486
SNORM,3933,0,27.39208,0.00000,36.95502
SNORM,3934,0,-26.33872,0.00000,37.71302
SNORM,3935,0,27.39208,0.00000,36.95502
SNORM,3936,0,2.06232,0.00000,45.95375
SNORM,3937,0,27.39208,0.00000,36.95502
SNORM,3938,0,-26.33872,0.00000,37.71302
SNORM,3939,0,27.39208,0.00000,36.95502
SNORM,3940,0,-38.14986,0.00000,25.70191
SNORM,3941,0,27.39208,0.00000,36.95502
SNORM,3942,0,-38.66743,0.00000,24.91646
SNORM,3943,0,-38.66743,0.00000,24.91646
SNORM,3944,0,-38.66743,0.00000,24.91646
SNORM,3945,0,-38.66743,0.00000,24.91646
SNORM,3946,0,-38.66743,0.00000,24.91646

ENDDATA 
